original_url,wayback_url,timestamp,type
http://www.press.sk/cd/o,"https://web.archive.org/web/20130622044122/http://www.press.sk/cd/o,a,30,120/"""",""""20130622044122",20130622044122,LISTING
http://www.press.sk:80/cd/o,"https://web.archive.org/web/20160916125816/http://www.press.sk:80/cd/o,a,30,120/"""",""""20160916125816",20160916125816,LISTING
http://www.press.sk:80/cd/o,"https://web.archive.org/web/20161018020030/http://www.press.sk:80/cd/o,a,30,120/"""",""""20161018020030",20161018020030,LISTING
http://www.press.sk:80/cd/o,"https://web.archive.org/web/20161118002636/http://www.press.sk:80/cd/o,a,30,120/"""",""""20161118002636",20161118002636,LISTING
http://www.press.sk:80/cd/o,"https://web.archive.org/web/20160916125841/http://www.press.sk:80/cd/o,a,30,120/"""",""""20160916125841",20160916125841,LISTING
http://www.press.sk:80/cd/o,"https://web.archive.org/web/20161018015530/http://www.press.sk:80/cd/o,a,30,120/"""",""""20161018015530",20161018015530,LISTING
http://www.press.sk:80/cd/o,"https://web.archive.org/web/20161118005836/http://www.press.sk:80/cd/o,a,30,120/"""",""""20161118005836",20161118005836,LISTING
http://www.press.sk/cd/o,"https://web.archive.org/web/20130622045823/http://www.press.sk/cd/o,a,30,120/"""",""""20130622045823",20130622045823,LISTING
http://www.press.sk:80/cd/o,"https://web.archive.org/web/20160916125846/http://www.press.sk:80/cd/o,a,30,120/"""",""""20160916125846",20160916125846,LISTING
http://www.press.sk:80/cd/o,"https://web.archive.org/web/20161018020044/http://www.press.sk:80/cd/o,a,30,120/"""",""""20161018020044",20161018020044,LISTING
http://www.press.sk:80/cd/o,"https://web.archive.org/web/20161118003212/http://www.press.sk:80/cd/o,a,30,120/"""",""""20161118003212",20161118003212,LISTING
http://www.press.sk/cd/o,"https://web.archive.org/web/20130622044456/http://www.press.sk/cd/o,a,30,120/"""",""""20130622044456",20130622044456,LISTING
http://www.press.sk:80/cd/o,"https://web.archive.org/web/20160916125909/http://www.press.sk:80/cd/o,a,30,120/"""",""""20160916125909",20160916125909,LISTING
http://www.press.sk:80/cd/o,"https://web.archive.org/web/20161018015915/http://www.press.sk:80/cd/o,a,30,120/"""",""""20161018015915",20161018015915,LISTING
http://www.press.sk:80/cd/o,"https://web.archive.org/web/20161118000946/http://www.press.sk:80/cd/o,a,30,120/"""",""""20161118000946",20161118000946,LISTING
http://www.press.sk/cd/o,"https://web.archive.org/web/20130622041611/http://www.press.sk/cd/o,a,30,120/"""",""""20130622041611",20130622041611,LISTING
http://www.press.sk:80/cd/o,"https://web.archive.org/web/20160916125942/http://www.press.sk:80/cd/o,a,30,120/"""",""""20160916125942",20160916125942,LISTING
http://www.press.sk:80/cd/o,"https://web.archive.org/web/20161018015640/http://www.press.sk:80/cd/o,a,30,120/"""",""""20161018015640",20161018015640,LISTING
http://www.press.sk:80/cd/o,"https://web.archive.org/web/20161118002710/http://www.press.sk:80/cd/o,a,30,120/"""",""""20161118002710",20161118002710,LISTING
http://www.press.sk:80/cd/rozpravky-pre-najmensich/,"https://web.archive.org/web/20090617073349/http://www.press.sk:80/cd/rozpravky-pre-najmensich/"""",""""20090617073349",20090617073349,LISTING
http://www.press.sk:80/cd/rozpravky-pre-najmensich/,"https://web.archive.org/web/20101219232142/http://www.press.sk:80/cd/rozpravky-pre-najmensich/"""",""""20101219232142",20101219232142,LISTING
http://www.press.sk:80/cd/rozpravky-z-dalekych-krajin/,"https://web.archive.org/web/20101219233207/http://www.press.sk:80/cd/rozpravky-z-dalekych-krajin/"""",""""20101219233207",20101219233207,LISTING
http://www.press.sk:80/cd/slovenske-ludove-rozpravky/,"https://web.archive.org/web/20101219232147/http://www.press.sk:80/cd/slovenske-ludove-rozpravky/"""",""""20101219232147",20101219232147,LISTING
http://www.press.sk:80/chovatelstvo-124/,"https://web.archive.org/web/20081217032224/http://www.press.sk:80/chovatelstvo-124/"""",""""20081217032224",20081217032224,LISTING
http://www.press.sk:80/chovatelstvo-124/,"https://web.archive.org/web/20090116094707/http://www.press.sk:80/chovatelstvo-124/"""",""""20090116094707",20090116094707,LISTING
http://www.press.sk:80/chovatelstvo-124,"https://web.archive.org/web/20090213083447/http://www.press.sk:80/chovatelstvo-124"""",""""20090213083447",20090213083447,LISTING
http://www.press.sk:80/chovatelstvo-124/,"https://web.archive.org/web/20090216041941/http://www.press.sk:80/chovatelstvo-124/"""",""""20090216041941",20090216041941,LISTING
http://www.press.sk:80/chovatelstvo-124,"https://web.archive.org/web/20090316031214/http://www.press.sk:80/chovatelstvo-124"""",""""20090316031214",20090316031214,LISTING
http://www.press.sk:80/chovatelstvo-124/,"https://web.archive.org/web/20090318161404/http://www.press.sk:80/chovatelstvo-124/"""",""""20090318161404",20090318161404,LISTING
http://www.press.sk:80/chovatelstvo-124,"https://web.archive.org/web/20090415193426/http://www.press.sk:80/chovatelstvo-124"""",""""20090415193426",20090415193426,LISTING
http://www.press.sk:80/chovatelstvo-124/,"https://web.archive.org/web/20090418133916/http://www.press.sk:80/chovatelstvo-124/"""",""""20090418133916",20090418133916,LISTING
http://www.press.sk:80/chovatelstvo-124/,"https://web.archive.org/web/20090520034916/http://www.press.sk:80/chovatelstvo-124/"""",""""20090520034916",20090520034916,LISTING
http://www.press.sk:80/chovatelstvo-124,"https://web.archive.org/web/20090520060840/http://www.press.sk:80/chovatelstvo-124"""",""""20090520060840",20090520060840,LISTING
http://www.press.sk:80/chovatelstvo-124,"https://web.archive.org/web/20100106121540/http://www.press.sk:80/chovatelstvo-124"""",""""20100106121540",20100106121540,LISTING
http://www.press.sk:80/chovatelstvo-124/,"https://web.archive.org/web/20100127112205/http://www.press.sk:80/chovatelstvo-124/"""",""""20100127112205",20100127112205,LISTING
http://www.press.sk:80/chovatelstvo-124,"https://web.archive.org/web/20101012142853/http://www.press.sk:80/chovatelstvo-124"""",""""20101012142853",20101012142853,LISTING
http://www.press.sk:80/chovatelstvo-124,"https://web.archive.org/web/20101112101603/http://www.press.sk:80/chovatelstvo-124"""",""""20101112101603",20101112101603,LISTING
http://www.press.sk:80/chovatelstvo-124/,"https://web.archive.org/web/20101218010906/http://www.press.sk:80/chovatelstvo-124/"""",""""20101218010906",20101218010906,LISTING
http://www.press.sk:80/chovatelstvo-124,"https://web.archive.org/web/20101229231621/http://www.press.sk:80/chovatelstvo-124"""",""""20101229231621",20101229231621,LISTING
http://www.press.sk:80/chovatelstvo-124,"https://web.archive.org/web/20110130161009/http://www.press.sk:80/chovatelstvo-124"""",""""20110130161009",20110130161009,LISTING
http://www.press.sk:80/chovatelstvo-124/,"https://web.archive.org/web/20110217043252/http://www.press.sk:80/chovatelstvo-124/"""",""""20110217043252",20110217043252,LISTING
http://www.press.sk:80/chovatelstvo-124,"https://web.archive.org/web/20110321081057/http://www.press.sk:80/chovatelstvo-124"""",""""20110321081057",20110321081057,LISTING
http://www.press.sk:80/chovatelstvo-124/,"https://web.archive.org/web/20110419095956/http://www.press.sk:80/chovatelstvo-124/"""",""""20110419095956",20110419095956,LISTING
http://www.press.sk:80/chovatelstvo-124,"https://web.archive.org/web/20110423225457/http://www.press.sk:80/chovatelstvo-124"""",""""20110423225457",20110423225457,LISTING
http://www.press.sk:80/chovatelstvo-124/,"https://web.archive.org/web/20110621034940/http://www.press.sk:80/chovatelstvo-124/"""",""""20110621034940",20110621034940,LISTING
http://www.press.sk:80/chovatelstvo-124/,"https://web.archive.org/web/20110821124808/http://www.press.sk:80/chovatelstvo-124/"""",""""20110821124808",20110821124808,LISTING
http://www.press.sk:80/chovatelstvo-124/,"https://web.archive.org/web/20111021013940/http://www.press.sk:80/chovatelstvo-124/"""",""""20111021013940",20111021013940,LISTING
http://www.press.sk:80/chovatelstvo-124/,"https://web.archive.org/web/20111220121047/http://www.press.sk:80/chovatelstvo-124/"""",""""20111220121047",20111220121047,LISTING
http://www.press.sk:80/chovatelstvo-124/,"https://web.archive.org/web/20120219025131/http://www.press.sk:80/chovatelstvo-124/"""",""""20120219025131",20120219025131,LISTING
http://www.press.sk:80/chovatelstvo-124/,"https://web.archive.org/web/20120419141958/http://www.press.sk:80/chovatelstvo-124/"""",""""20120419141958",20120419141958,LISTING
http://www.press.sk:80/chovatelstvo-124/,"https://web.archive.org/web/20120626074402/http://www.press.sk:80/chovatelstvo-124/"""",""""20120626074402",20120626074402,LISTING
http://www.press.sk:80/chovatelstvo-124/,"https://web.archive.org/web/20120826184759/http://www.press.sk:80/chovatelstvo-124/"""",""""20120826184759",20120826184759,LISTING
http://www.press.sk:80/chovatelstvo-124/,"https://web.archive.org/web/20121026215116/http://www.press.sk:80/chovatelstvo-124/"""",""""20121026215116",20121026215116,LISTING
http://www.press.sk/chovatelstvo-124/,"https://web.archive.org/web/20130425024302/http://www.press.sk/chovatelstvo-124/"""",""""20130425024302",20130425024302,LISTING
http://www.press.sk:80/chovatelstvo-124/,"https://web.archive.org/web/20130711075842/http://www.press.sk:80/chovatelstvo-124/"""",""""20130711075842",20130711075842,LISTING
http://www.press.sk:80/chovatelstvo-124/,"https://web.archive.org/web/20130910093053/http://www.press.sk:80/chovatelstvo-124/"""",""""20130910093053",20130910093053,LISTING
http://www.press.sk:80/chovatelstvo-124/,"https://web.archive.org/web/20140103025316/http://www.press.sk:80/chovatelstvo-124/"""",""""20140103025316",20140103025316,LISTING
http://www.press.sk:80/chovatelstvo-124,"https://web.archive.org/web/20140503204510/http://www.press.sk:80/chovatelstvo-124"""",""""20140503204510",20140503204510,LISTING
http://www.press.sk:80/chovatelstvo-124/,"https://web.archive.org/web/20140506005941/http://www.press.sk:80/chovatelstvo-124/"""",""""20140506005941",20140506005941,LISTING
http://www.press.sk:80/chovatelstvo-124,"https://web.archive.org/web/20140705052909/http://www.press.sk:80/chovatelstvo-124"""",""""20140705052909",20140705052909,LISTING
http://www.press.sk:80/chovatelstvo-124/,"https://web.archive.org/web/20140705230220/http://www.press.sk:80/chovatelstvo-124/"""",""""20140705230220",20140705230220,LISTING
http://www.press.sk:80/chovatelstvo-124,"https://web.archive.org/web/20140828024422/http://www.press.sk:80/chovatelstvo-124"""",""""20140828024422",20140828024422,LISTING
http://www.press.sk:80/chovatelstvo-124/,"https://web.archive.org/web/20140906053850/http://www.press.sk:80/chovatelstvo-124/"""",""""20140906053850",20140906053850,LISTING
http://www.press.sk:80/chovatelstvo-124/,"https://web.archive.org/web/20141014090437/http://www.press.sk:80/chovatelstvo-124/"""",""""20141014090437",20141014090437,LISTING
http://www.press.sk:80/chovatelstvo-124/,"https://web.archive.org/web/20141214113234/http://www.press.sk:80/chovatelstvo-124/"""",""""20141214113234",20141214113234,LISTING
http://www.press.sk:80/chovatelstvo-124/,"https://web.archive.org/web/20150313163105/http://www.press.sk:80/chovatelstvo-124/"""",""""20150313163105",20150313163105,LISTING
http://www.press.sk:80/chovatelstvo-124/,"https://web.archive.org/web/20150626222817/http://www.press.sk:80/chovatelstvo-124/"""",""""20150626222817",20150626222817,LISTING
http://www.press.sk:80/chovatelstvo-124/,"https://web.archive.org/web/20150826042418/http://www.press.sk:80/chovatelstvo-124/"""",""""20150826042418",20150826042418,LISTING
http://www.press.sk:80/chovatelstvo-124/,"https://web.archive.org/web/20151113003631/http://www.press.sk:80/chovatelstvo-124/"""",""""20151113003631",20151113003631,LISTING
http://www.press.sk:80/chovatelstvo-124/,"https://web.archive.org/web/20160112120502/http://www.press.sk:80/chovatelstvo-124/"""",""""20160112120502",20160112120502,LISTING
http://www.press.sk:80/chovatelstvo-124/,"https://web.archive.org/web/20160313065146/http://www.press.sk:80/chovatelstvo-124/"""",""""20160313065146",20160313065146,LISTING
http://www.press.sk/chovatelstvo-124/,"https://web.archive.org/web/20160407004329/http://www.press.sk/chovatelstvo-124/"""",""""20160407004329",20160407004329,LISTING
http://www.press.sk:80/chovatelstvo-124/,"https://web.archive.org/web/20160524164115/http://www.press.sk:80/chovatelstvo-124/"""",""""20160524164115",20160524164115,LISTING
http://www.press.sk:80/chovatelstvo-124/,"https://web.archive.org/web/20160724164202/http://www.press.sk:80/chovatelstvo-124/"""",""""20160724164202",20160724164202,LISTING
http://www.press.sk:80/chovatelstvo-124/,"https://web.archive.org/web/20160924072909/http://www.press.sk:80/chovatelstvo-124/"""",""""20160924072909",20160924072909,LISTING
http://www.press.sk:80/chovatelstvo-124,"https://web.archive.org/web/20161012174942/http://www.press.sk:80/chovatelstvo-124"""",""""20161012174942",20161012174942,LISTING
http://www.press.sk:80/chovatelstvo-124,"https://web.archive.org/web/20161113173527/http://www.press.sk:80/chovatelstvo-124"""",""""20161113173527",20161113173527,LISTING
http://www.press.sk:80/chovatelstvo-124/,"https://web.archive.org/web/20161226003957/http://www.press.sk:80/chovatelstvo-124/"""",""""20161226003957",20161226003957,LISTING
http://www.press.sk:80/chovatelstvo-124/o,"https://web.archive.org/web/20161014152614/http://www.press.sk:80/chovatelstvo-124/o,a,30,0/"""",""""20161014152614",20161014152614,LISTING
http://www.press.sk:80/chovatelstvo/n,"https://web.archive.org/web/20090420020619/http://www.press.sk:80/chovatelstvo/n,a,150,150/"""",""""20090420020619",20090420020619,LISTING
http://www.press.sk:80/chovatelstvo/o,"https://web.archive.org/web/20110912105256/http://www.press.sk:80/chovatelstvo/o,a,30,120/"""",""""20110912105256",20110912105256,LISTING
http://www.press.sk:80/chovatelstvo/o,"https://web.archive.org/web/20120205004837/http://www.press.sk:80/chovatelstvo/o,a,30,120/"""",""""20120205004837",20120205004837,LISTING
http://www.press.sk:80/chovatelstvo/o,"https://web.archive.org/web/20120306153754/http://www.press.sk:80/chovatelstvo/o,a,30,120/"""",""""20120306153754",20120306153754,LISTING
http://www.press.sk:80/chovatelstvo/o,"https://web.archive.org/web/20120419185109/http://www.press.sk:80/chovatelstvo/o,a,30,120/"""",""""20120419185109",20120419185109,LISTING
http://www.press.sk:80/chovatelstvo/o,"https://web.archive.org/web/20120827021406/http://www.press.sk:80/chovatelstvo/o,a,30,120/"""",""""20120827021406",20120827021406,LISTING
http://www.press.sk:80/chovatelstvo/o,"https://web.archive.org/web/20121031165441/http://www.press.sk:80/chovatelstvo/o,a,30,120/"""",""""20121031165441",20121031165441,LISTING
http://www.press.sk:80/chovatelstvo/o,"https://web.archive.org/web/20121230155313/http://www.press.sk:80/chovatelstvo/o,a,30,120/"""",""""20121230155313",20121230155313,LISTING
http://www.press.sk:80/chovatelstvo/o,"https://web.archive.org/web/20130330203754/http://www.press.sk:80/chovatelstvo/o,a,30,120/"""",""""20130330203754",20130330203754,LISTING
http://www.press.sk:80/chovatelstvo/o,"https://web.archive.org/web/20130528132115/http://www.press.sk:80/chovatelstvo/o,a,30,120/"""",""""20130528132115",20130528132115,LISTING
http://www.press.sk/chovatelstvo/o,"https://web.archive.org/web/20130623023123/http://www.press.sk/chovatelstvo/o,a,30,120/"""",""""20130623023123",20130623023123,LISTING
http://www.press.sk/chovatelstvo/o,"https://web.archive.org/web/20130623044826/http://www.press.sk/chovatelstvo/o,a,30,120/"""",""""20130623044826",20130623044826,LISTING
http://www.press.sk:80/chovatelstvo/o,"https://web.archive.org/web/20110912071923/http://www.press.sk:80/chovatelstvo/o,a,30,120/"""",""""20110912071923",20110912071923,LISTING
http://www.press.sk:80/chovatelstvo/o,"https://web.archive.org/web/20120205004843/http://www.press.sk:80/chovatelstvo/o,a,30,120/"""",""""20120205004843",20120205004843,LISTING
http://www.press.sk:80/chovatelstvo/o,"https://web.archive.org/web/20120306151856/http://www.press.sk:80/chovatelstvo/o,a,30,120/"""",""""20120306151856",20120306151856,LISTING
http://www.press.sk:80/chovatelstvo/o,"https://web.archive.org/web/20120418142823/http://www.press.sk:80/chovatelstvo/o,a,30,120/"""",""""20120418142823",20120418142823,LISTING
http://www.press.sk:80/chovatelstvo/o,"https://web.archive.org/web/20120829093142/http://www.press.sk:80/chovatelstvo/o,a,30,120/"""",""""20120829093142",20120829093142,LISTING
http://www.press.sk:80/chovatelstvo/o,"https://web.archive.org/web/20121031234040/http://www.press.sk:80/chovatelstvo/o,a,30,120/"""",""""20121031234040",20121031234040,LISTING
http://www.press.sk:80/chovatelstvo/o,"https://web.archive.org/web/20130102003316/http://www.press.sk:80/chovatelstvo/o,a,30,120/"""",""""20130102003316",20130102003316,LISTING
http://www.press.sk:80/chovatelstvo/o,"https://web.archive.org/web/20130601050044/http://www.press.sk:80/chovatelstvo/o,a,30,120/"""",""""20130601050044",20130601050044,LISTING
http://www.press.sk/chovatelstvo/o,"https://web.archive.org/web/20130622231231/http://www.press.sk/chovatelstvo/o,a,30,120/"""",""""20130622231231",20130622231231,LISTING
http://www.press.sk:80/chovatelstvo/o,"https://web.archive.org/web/20110912150411/http://www.press.sk:80/chovatelstvo/o,a,30,120/"""",""""20110912150411",20110912150411,LISTING
http://www.press.sk:80/chovatelstvo/o,"https://web.archive.org/web/20120205004848/http://www.press.sk:80/chovatelstvo/o,a,30,120/"""",""""20120205004848",20120205004848,LISTING
http://www.press.sk:80/chovatelstvo/o,"https://web.archive.org/web/20120306155232/http://www.press.sk:80/chovatelstvo/o,a,30,120/"""",""""20120306155232",20120306155232,LISTING
http://www.press.sk:80/chovatelstvo/o,"https://web.archive.org/web/20120419153032/http://www.press.sk:80/chovatelstvo/o,a,30,120/"""",""""20120419153032",20120419153032,LISTING
http://www.press.sk:80/chovatelstvo/o,"https://web.archive.org/web/20120629164720/http://www.press.sk:80/chovatelstvo/o,a,30,120/"""",""""20120629164720",20120629164720,LISTING
http://www.press.sk:80/chovatelstvo/o,"https://web.archive.org/web/20120826101710/http://www.press.sk:80/chovatelstvo/o,a,30,120/"""",""""20120826101710",20120826101710,LISTING
http://www.press.sk:80/chovatelstvo/o,"https://web.archive.org/web/20121104223326/http://www.press.sk:80/chovatelstvo/o,a,30,120/"""",""""20121104223326",20121104223326,LISTING
http://www.press.sk:80/chovatelstvo/o,"https://web.archive.org/web/20130103113748/http://www.press.sk:80/chovatelstvo/o,a,30,120/"""",""""20130103113748",20130103113748,LISTING
http://www.press.sk:80/chovatelstvo/o,"https://web.archive.org/web/20130530195417/http://www.press.sk:80/chovatelstvo/o,a,30,120/"""",""""20130530195417",20130530195417,LISTING
http://www.press.sk/chovatelstvo/o,"https://web.archive.org/web/20130622235106/http://www.press.sk/chovatelstvo/o,a,30,120/"""",""""20130622235106",20130622235106,LISTING
http://www.press.sk:80/chovatelstvo/o,"https://web.archive.org/web/20110912074800/http://www.press.sk:80/chovatelstvo/o,a,30,120/"""",""""20110912074800",20110912074800,LISTING
http://www.press.sk:80/chovatelstvo/o,"https://web.archive.org/web/20120205004853/http://www.press.sk:80/chovatelstvo/o,a,30,120/"""",""""20120205004853",20120205004853,LISTING
http://www.press.sk:80/chovatelstvo/o,"https://web.archive.org/web/20120306164616/http://www.press.sk:80/chovatelstvo/o,a,30,120/"""",""""20120306164616",20120306164616,LISTING
http://www.press.sk:80/chovatelstvo/o,"https://web.archive.org/web/20120419170744/http://www.press.sk:80/chovatelstvo/o,a,30,120/"""",""""20120419170744",20120419170744,LISTING
http://www.press.sk:80/chovatelstvo/o,"https://web.archive.org/web/20120626211639/http://www.press.sk:80/chovatelstvo/o,a,30,120/"""",""""20120626211639",20120626211639,LISTING
http://www.press.sk:80/chovatelstvo/o,"https://web.archive.org/web/20120828022411/http://www.press.sk:80/chovatelstvo/o,a,30,120/"""",""""20120828022411",20120828022411,LISTING
http://www.press.sk:80/chovatelstvo/o,"https://web.archive.org/web/20121104151039/http://www.press.sk:80/chovatelstvo/o,a,30,120/"""",""""20121104151039",20121104151039,LISTING
http://www.press.sk:80/chovatelstvo/o,"https://web.archive.org/web/20121228025118/http://www.press.sk:80/chovatelstvo/o,a,30,120/"""",""""20121228025118",20121228025118,LISTING
http://www.press.sk:80/chovatelstvo/o,"https://web.archive.org/web/20130529144602/http://www.press.sk:80/chovatelstvo/o,a,30,120/"""",""""20130529144602",20130529144602,LISTING
http://www.press.sk/chovatelstvo/o,"https://web.archive.org/web/20130623010714/http://www.press.sk/chovatelstvo/o,a,30,120/"""",""""20130623010714",20130623010714,LISTING
http://www.press.sk:80/cinove-figurky/n,"https://web.archive.org/web/20100927074631/http://www.press.sk:80/cinove-figurky/n,a,30,120/"""",""""20100927074631",20100927074631,LISTING
http://www.press.sk:80/cinove-figurky/n,"https://web.archive.org/web/20100927080437/http://www.press.sk:80/cinove-figurky/n,a,30,120/"""",""""20100927080437",20100927080437,LISTING
http://www.press.sk:80/cinove-figurky/n,"https://web.archive.org/web/20100925121052/http://www.press.sk:80/cinove-figurky/n,a,30,120/"""",""""20100925121052",20100925121052,LISTING
http://www.press.sk:80/cinove-figurky/n,"https://web.archive.org/web/20091109022240/http://www.press.sk:80/cinove-figurky/n,a,30,120/"""",""""20091109022240",20091109022240,LISTING
http://www.press.sk:80/cinove-figurky/n,"https://web.archive.org/web/20100126030541/http://www.press.sk:80/cinove-figurky/n,a,30,120/"""",""""20100126030541",20100126030541,LISTING
http://www.press.sk:80/cinove-figurky/n,"https://web.archive.org/web/20100925121058/http://www.press.sk:80/cinove-figurky/n,a,30,120/"""",""""20100925121058",20100925121058,LISTING
http://www.press.sk:80/cinove-figurky/n,"https://web.archive.org/web/20100927081625/http://www.press.sk:80/cinove-figurky/n,a,30,120/"""",""""20100927081625",20100927081625,LISTING
http://www.press.sk:80/cinove-figurky/n,"https://web.archive.org/web/20100927084430/http://www.press.sk:80/cinove-figurky/n,a,30,120/"""",""""20100927084430",20100927084430,LISTING
http://www.press.sk:80/de-agostini/tajemstvi-lidskeho-tela-c.01/,"https://web.archive.org/web/20120212101625/http://www.press.sk:80/de-agostini/tajemstvi-lidskeho-tela-c.01/"""",""""20120212101625",20120212101625,LISTING
http://www.press.sk/de-agostini/tajemstvi-lidskeho-tela-c.01/,"https://web.archive.org/web/20130510180018/http://www.press.sk/de-agostini/tajemstvi-lidskeho-tela-c.01/"""",""""20130510180018",20130510180018,LISTING
http://www.press.sk:80/de-agostini/tajemstvi-lidskeho-tela-c.01/,"https://web.archive.org/web/20150311124700/http://www.press.sk:80/de-agostini/tajemstvi-lidskeho-tela-c.01/"""",""""20150311124700",20150311124700,LISTING
http://www.press.sk/de-agostini/tajemstvi-lidskeho-tela-c.01/,"https://web.archive.org/web/20160802163025/http://www.press.sk/de-agostini/tajemstvi-lidskeho-tela-c.01/"""",""""20160802163025",20160802163025,LISTING
http://www.press.sk:80/de-agostini/vesela-farma-kolekcia/,"https://web.archive.org/web/20120822213831/http://www.press.sk:80/de-agostini/vesela-farma-kolekcia/"""",""""20120822213831",20120822213831,LISTING
http://www.press.sk:80/de-agostini/vesela-farma-kolekcia/,"https://web.archive.org/web/20120824020536/http://www.press.sk:80/de-agostini/vesela-farma-kolekcia/"""",""""20120824020536",20120824020536,LISTING
http://www.press.sk:80/de-agostini/vesela-farma-kolekcia/,"https://web.archive.org/web/20120825135620/http://www.press.sk:80/de-agostini/vesela-farma-kolekcia/"""",""""20120825135620",20120825135620,LISTING
http://www.press.sk:80/de-agostini/vesela-farma-kolekcia/,"https://web.archive.org/web/20121022082753/http://www.press.sk:80/de-agostini/vesela-farma-kolekcia/"""",""""20121022082753",20121022082753,LISTING
http://www.press.sk:80/de-agostini/vesela-farma-kolekcia/,"https://web.archive.org/web/20121031100024/http://www.press.sk:80/de-agostini/vesela-farma-kolekcia/"""",""""20121031100024",20121031100024,LISTING
http://www.press.sk/de-agostini/vesela-farma-kolekcia/,"https://web.archive.org/web/20130621041927/http://www.press.sk/de-agostini/vesela-farma-kolekcia/"""",""""20130621041927",20130621041927,LISTING
http://www.press.sk:80/de-agostini/vesela-farma-kolekcia/,"https://web.archive.org/web/20150311124727/http://www.press.sk:80/de-agostini/vesela-farma-kolekcia/"""",""""20150311124727",20150311124727,LISTING
http://www.press.sk/detska-literatura/o,"https://web.archive.org/web/20130622160822/http://www.press.sk/detska-literatura/o,a,30,120/"""",""""20130622160822",20130622160822,LISTING
http://www.press.sk:80/detska-literatura/o,"https://web.archive.org/web/20140810165657/http://www.press.sk:80/detska-literatura/o,a,30,120/"""",""""20140810165657",20140810165657,LISTING
http://www.press.sk/detska-literatura/o,"https://web.archive.org/web/20130622154801/http://www.press.sk/detska-literatura/o,a,30,120/"""",""""20130622154801",20130622154801,LISTING
http://www.press.sk/detska-literatura/o,"https://web.archive.org/web/20130622155730/http://www.press.sk/detska-literatura/o,a,30,120/"""",""""20130622155730",20130622155730,LISTING
http://www.press.sk/detska-literatura/o,"https://web.archive.org/web/20130622143115/http://www.press.sk/detska-literatura/o,a,30,120/"""",""""20130622143115",20130622143115,LISTING
http://www.press.sk:80/detska-literatura/o,"https://web.archive.org/web/20140810065605/http://www.press.sk:80/detska-literatura/o,a,30,120/"""",""""20140810065605",20140810065605,LISTING
http://www.press.sk:80/detska-literatura/o,"https://web.archive.org/web/20140810094608/http://www.press.sk:80/detska-literatura/o,a,30,120/"""",""""20140810094608",20140810094608,LISTING
http://www.press.sk:80/detska-literatura/o,"https://web.archive.org/web/20140810065610/http://www.press.sk:80/detska-literatura/o,a,30,120/"""",""""20140810065610",20140810065610,LISTING
http://www.press.sk/detska-literatura/o,"https://web.archive.org/web/20130622144029/http://www.press.sk/detska-literatura/o,a,30,120/"""",""""20130622144029",20130622144029,LISTING
http://www.press.sk:80/detska-literatura/o,"https://web.archive.org/web/20140810165702/http://www.press.sk:80/detska-literatura/o,a,30,120/"""",""""20140810165702",20140810165702,LISTING
http://www.press.sk/detska-literatura/o,"https://web.archive.org/web/20130622142757/http://www.press.sk/detska-literatura/o,a,30,120/"""",""""20130622142757",20130622142757,LISTING
http://www.press.sk:80/detska-literatura/o,"https://web.archive.org/web/20140810094643/http://www.press.sk:80/detska-literatura/o,a,30,120/"""",""""20140810094643",20140810094643,LISTING
http://www.press.sk:80/dvd/n,"https://web.archive.org/web/20100827181231/http://www.press.sk:80/dvd/n,a,20,300/"""",""""20100827181231",20100827181231,LISTING
http://www.press.sk:80/dvd/n,"https://web.archive.org/web/20100929175038/http://www.press.sk:80/dvd/n,a,20,300/"""",""""20100929175038",20100929175038,LISTING
http://www.press.sk:80/dvd/n,"https://web.archive.org/web/20100826082728/http://www.press.sk:80/dvd/n,a,20,320/"""",""""20100826082728",20100826082728,LISTING
http://www.press.sk:80/dvd/n,"https://web.archive.org/web/20100926113210/http://www.press.sk:80/dvd/n,a,20,320/"""",""""20100926113210",20100926113210,LISTING
http://www.press.sk/dvd/o,"https://web.archive.org/web/20130621063639/http://www.press.sk/dvd/o,a,30,120/"""",""""20130621063639",20130621063639,LISTING
http://www.press.sk/dvd/o,"https://web.archive.org/web/20110907020800/http://www.press.sk/dvd/o,a,30,120/"""",""""20110907020800",20110907020800,LISTING
http://www.press.sk:80/dvd/o,"https://web.archive.org/web/20110913085625/http://www.press.sk:80/dvd/o,a,30,120/"""",""""20110913085625",20110913085625,LISTING
http://www.press.sk/dvd/o,"https://web.archive.org/web/20130621063845/http://www.press.sk/dvd/o,a,30,120/"""",""""20130621063845",20130621063845,LISTING
http://www.press.sk:80/dvd/o,"https://web.archive.org/web/20110913101447/http://www.press.sk:80/dvd/o,a,30,120/"""",""""20110913101447",20110913101447,LISTING
http://www.press.sk/dvd/o,"https://web.archive.org/web/20130621060830/http://www.press.sk/dvd/o,a,30,120/"""",""""20130621060830",20130621060830,LISTING
http://www.press.sk:80/dvd/o,"https://web.archive.org/web/20150228113051/http://www.press.sk:80/dvd/o,a,30,120/"""",""""20150228113051",20150228113051,LISTING
http://www.press.sk/dvd/o,"https://web.archive.org/web/20110821094746/http://www.press.sk/dvd/o,a,30,120/"""",""""20110821094746",20110821094746,LISTING
http://www.press.sk:80/dvd/o,"https://web.archive.org/web/20110912033808/http://www.press.sk:80/dvd/o,a,30,120/"""",""""20110912033808",20110912033808,LISTING
http://www.press.sk/dvd/o,"https://web.archive.org/web/20130621055937/http://www.press.sk/dvd/o,a,30,120/"""",""""20130621055937",20130621055937,LISTING
http://www.press.sk:80/dvd/o,"https://web.archive.org/web/20111003050436/http://www.press.sk:80/dvd/o,a,30,120/"""",""""20111003050436",20111003050436,LISTING
http://www.press.sk:80/dvd/o,"https://web.archive.org/web/20111003021734/http://www.press.sk:80/dvd/o,a,30,120/"""",""""20111003021734",20111003021734,LISTING
http://www.press.sk:80/dvd/o,"https://web.archive.org/web/20110911214628/http://www.press.sk:80/dvd/o,a,30,120/"""",""""20110911214628",20110911214628,LISTING
http://www.press.sk:80/dvd/o,"https://web.archive.org/web/20110913094050/http://www.press.sk:80/dvd/o,a,30,120/"""",""""20110913094050",20110913094050,LISTING
http://www.press.sk/dvd/o,"https://web.archive.org/web/20130621061847/http://www.press.sk/dvd/o,a,30,120/"""",""""20130621061847",20130621061847,LISTING
http://www.press.sk:80/dvd/o,"https://web.archive.org/web/20110912094647/http://www.press.sk:80/dvd/o,a,30,120/"""",""""20110912094647",20110912094647,LISTING
http://www.press.sk:80/dvd/o,"https://web.archive.org/web/20150228113056/http://www.press.sk:80/dvd/o,a,30,120/"""",""""20150228113056",20150228113056,LISTING
http://www.press.sk/dvd/o,"https://web.archive.org/web/20130621072429/http://www.press.sk/dvd/o,a,30,120/"""",""""20130621072429",20130621072429,LISTING
http://www.press.sk/e-casopisy/modelar-extra-c.18/,"https://web.archive.org/web/20130621063602/http://www.press.sk/e-casopisy/modelar-extra-c.18/"""",""""20130621063602",20130621063602,LISTING
http://www.press.sk:80/e-casopisy/modelar-extra-c.18/,"https://web.archive.org/web/20130726165204/http://www.press.sk:80/e-casopisy/modelar-extra-c.18/"""",""""20130726165204",20130726165204,LISTING
http://www.press.sk:80/e-casopisy/modelar-extra-c.18/,"https://web.archive.org/web/20150701113712/http://www.press.sk:80/e-casopisy/modelar-extra-c.18/"""",""""20150701113712",20150701113712,LISTING
http://www.press.sk/e-predplatne/modelar-extra-c.18/,"https://web.archive.org/web/20130510212741/http://www.press.sk/e-predplatne/modelar-extra-c.18/"""",""""20130510212741",20130510212741,LISTING
http://www.press.sk:80/e-predplatne/modelar-extra-c.18/,"https://web.archive.org/web/20150713062243/http://www.press.sk:80/e-predplatne/modelar-extra-c.18/"""",""""20150713062243",20150713062243,LISTING
http://www.press.sk/e-predplatne/modelar-extra-c.18/,"https://web.archive.org/web/20160802132146/http://www.press.sk/e-predplatne/modelar-extra-c.18/"""",""""20160802132146",20160802132146,LISTING
http://www.press.sk/e-predplatne/modelar-extra-c.18/,"https://web.archive.org/web/20170613112431/http://www.press.sk/e-predplatne/modelar-extra-c.18/"""",""""20170613112431",20170613112431,LISTING
http://www.press.sk/ekonomia-pravo/o,"https://web.archive.org/web/20130622061008/http://www.press.sk/ekonomia-pravo/o,a,30,120/"""",""""20130622061008",20130622061008,LISTING
http://www.press.sk/ekonomia-pravo/o,"https://web.archive.org/web/20130622062641/http://www.press.sk/ekonomia-pravo/o,a,30,120/"""",""""20130622062641",20130622062641,LISTING
http://www.press.sk/ekonomia-pravo/o,"https://web.archive.org/web/20130622075030/http://www.press.sk/ekonomia-pravo/o,a,30,120/"""",""""20130622075030",20130622075030,LISTING
http://www.press.sk/ekonomia-pravo/o,"https://web.archive.org/web/20130622062927/http://www.press.sk/ekonomia-pravo/o,a,30,120/"""",""""20130622062927",20130622062927,LISTING
http://www.press.sk/ekonomia-pravo/o,"https://web.archive.org/web/20130622063256/http://www.press.sk/ekonomia-pravo/o,a,30,120/"""",""""20130622063256",20130622063256,LISTING
http://www.press.sk/ekonomia-pravo/o,"https://web.archive.org/web/20130622055940/http://www.press.sk/ekonomia-pravo/o,a,30,120/"""",""""20130622055940",20130622055940,LISTING
http://www.press.sk:80/film-video/o,"https://web.archive.org/web/20160815180351/http://www.press.sk:80/film-video/o,a,30,120/"""",""""20160815180351",20160815180351,LISTING
http://www.press.sk:80/1.-a-2.svetova-vojna/,"https://web.archive.org/web/20091115135359/http://www.press.sk:80/1.-a-2.svetova-vojna/"""",""""20091115135359",20091115135359,LISTING
http://www.press.sk:80/?page=shop.flypage&product_id=3404&category_id=&option=com_phpshop,"https://web.archive.org/web/20080519211038/http://www.press.sk:80/?page=shop.flypage&product_id=3404&category_id=&option=com_phpshop"""",""""20080519211038",20080519211038,LISTING
http://www.press.sk:80/?page=shop.flypage&product_id=3405&category_id=&option=com_phpshop,"https://web.archive.org/web/20080519211043/http://www.press.sk:80/?page=shop.flypage&product_id=3405&category_id=&option=com_phpshop"""",""""20080519211043",20080519211043,LISTING
http://www.press.sk:80/?page=shop.flypage&product_id=3406&category_id=&option=com_phpshop,"https://web.archive.org/web/20080519211048/http://www.press.sk:80/?page=shop.flypage&product_id=3406&category_id=&option=com_phpshop"""",""""20080519211048",20080519211048,LISTING
http://www.press.sk:80/?page=shop.flypage&product_id=3407&category_id=&option=com_phpshop,"https://web.archive.org/web/20080519211053/http://www.press.sk:80/?page=shop.flypage&product_id=3407&category_id=&option=com_phpshop"""",""""20080519211053",20080519211053,LISTING
http://www.press.sk:80/?page=shop.flypage&product_id=3408&category_id=&option=com_phpshop,"https://web.archive.org/web/20080519211058/http://www.press.sk:80/?page=shop.flypage&product_id=3408&category_id=&option=com_phpshop"""",""""20080519211058",20080519211058,LISTING
http://www.press.sk:80/?page=shop.flypage&product_id=3409&category_id=&option=com_phpshop,"https://web.archive.org/web/20080519211103/http://www.press.sk:80/?page=shop.flypage&product_id=3409&category_id=&option=com_phpshop"""",""""20080519211103",20080519211103,LISTING
http://www.press.sk:80/?page=shop.flypage&product_id=3410&category_id=&option=com_phpshop,"https://web.archive.org/web/20080517173316/http://www.press.sk:80/?page=shop.flypage&product_id=3410&category_id=&option=com_phpshop"""",""""20080517173316",20080517173316,LISTING
http://www.press.sk:80/?page=shop.flypage&product_id=3411&category_id=&option=com_phpshop,"https://web.archive.org/web/20080518005644/http://www.press.sk:80/?page=shop.flypage&product_id=3411&category_id=&option=com_phpshop"""",""""20080518005644",20080518005644,LISTING
http://www.press.sk:80/?page=shop.flypage&product_id=3412&category_id=&option=com_phpshop,"https://web.archive.org/web/20080519211108/http://www.press.sk:80/?page=shop.flypage&product_id=3412&category_id=&option=com_phpshop"""",""""20080519211108",20080519211108,LISTING
http://www.press.sk:80/?page=shop.flypage&product_id=3413&category_id=&option=com_phpshop,"https://web.archive.org/web/20080517173321/http://www.press.sk:80/?page=shop.flypage&product_id=3413&category_id=&option=com_phpshop"""",""""20080517173321",20080517173321,LISTING
http://www.press.sk:80/?page=shop.flypage&product_id=3414&category_id=&option=com_phpshop,"https://web.archive.org/web/20080519202604/http://www.press.sk:80/?page=shop.flypage&product_id=3414&category_id=&option=com_phpshop"""",""""20080519202604",20080519202604,LISTING
http://www.press.sk:80/?page=shop.flypage&product_id=3415&category_id=&option=com_phpshop,"https://web.archive.org/web/20080518005649/http://www.press.sk:80/?page=shop.flypage&product_id=3415&category_id=&option=com_phpshop"""",""""20080518005649",20080518005649,LISTING
http://www.press.sk:80/?page=shop.flypage&product_id=3460&category_id=&option=com_phpshop,"https://web.archive.org/web/20080517173326/http://www.press.sk:80/?page=shop.flypage&product_id=3460&category_id=&option=com_phpshop"""",""""20080517173326",20080517173326,LISTING
http://www.press.sk:80/?page=shop.flypage&product_id=3461&category_id=&option=com_phpshop,"https://web.archive.org/web/20080517173332/http://www.press.sk:80/?page=shop.flypage&product_id=3461&category_id=&option=com_phpshop"""",""""20080517173332",20080517173332,LISTING
http://www.press.sk:80/?page=shop.flypage&product_id=3462&category_id=&option=com_phpshop,"https://web.archive.org/web/20080519202607/http://www.press.sk:80/?page=shop.flypage&product_id=3462&category_id=&option=com_phpshop"""",""""20080519202607",20080519202607,LISTING
http://www.press.sk:80/?page=shop.flypage&product_id=3463&category_id=&option=com_phpshop,"https://web.archive.org/web/20080518005654/http://www.press.sk:80/?page=shop.flypage&product_id=3463&category_id=&option=com_phpshop"""",""""20080518005654",20080518005654,LISTING
http://www.press.sk:80/?page=shop.flypage&product_id=3464&category_id=&option=com_phpshop,"https://web.archive.org/web/20080519202611/http://www.press.sk:80/?page=shop.flypage&product_id=3464&category_id=&option=com_phpshop"""",""""20080519202611",20080519202611,LISTING
http://www.press.sk:80/?page=shop.flypage&product_id=3465&category_id=&option=com_phpshop,"https://web.archive.org/web/20080519202616/http://www.press.sk:80/?page=shop.flypage&product_id=3465&category_id=&option=com_phpshop"""",""""20080519202616",20080519202616,LISTING
http://www.press.sk:80/?page=shop.flypage&product_id=3466&category_id=&option=com_phpshop,"https://web.archive.org/web/20080518005659/http://www.press.sk:80/?page=shop.flypage&product_id=3466&category_id=&option=com_phpshop"""",""""20080518005659",20080518005659,LISTING
http://www.press.sk:80/?page=shop.flypage&product_id=3467&category_id=&option=com_phpshop,"https://web.archive.org/web/20080518005704/http://www.press.sk:80/?page=shop.flypage&product_id=3467&category_id=&option=com_phpshop"""",""""20080518005704",20080518005704,LISTING
http://www.press.sk:80/?page=shop.flypage&product_id=3468&category_id=&option=com_phpshop,"https://web.archive.org/web/20080517173336/http://www.press.sk:80/?page=shop.flypage&product_id=3468&category_id=&option=com_phpshop"""",""""20080517173336",20080517173336,LISTING
http://www.press.sk:80/?page=shop.flypage&product_id=3469&category_id=&option=com_phpshop,"https://web.archive.org/web/20080517174802/http://www.press.sk:80/?page=shop.flypage&product_id=3469&category_id=&option=com_phpshop"""",""""20080517174802",20080517174802,LISTING
http://www.press.sk:80/?page=shop.flypage&product_id=3470&category_id=&option=com_phpshop,"https://web.archive.org/web/20080518005709/http://www.press.sk:80/?page=shop.flypage&product_id=3470&category_id=&option=com_phpshop"""",""""20080518005709",20080518005709,LISTING
http://www.press.sk:80/?page=shop.flypage&product_id=3471&category_id=&option=com_phpshop,"https://web.archive.org/web/20080518005716/http://www.press.sk:80/?page=shop.flypage&product_id=3471&category_id=&option=com_phpshop"""",""""20080518005716",20080518005716,LISTING
http://www.press.sk:80/?page=shop.flypage&product_id=3472&category_id=&option=com_phpshop,"https://web.archive.org/web/20080517174809/http://www.press.sk:80/?page=shop.flypage&product_id=3472&category_id=&option=com_phpshop"""",""""20080517174809",20080517174809,LISTING
http://www.press.sk:80/?page=shop.flypage&product_id=3473&category_id=&option=com_phpshop,"https://web.archive.org/web/20080519211113/http://www.press.sk:80/?page=shop.flypage&product_id=3473&category_id=&option=com_phpshop"""",""""20080519211113",20080519211113,LISTING
http://www.press.sk:80/?page=shop.flypage&product_id=3474&category_id=&option=com_phpshop,"https://web.archive.org/web/20080519211119/http://www.press.sk:80/?page=shop.flypage&product_id=3474&category_id=&option=com_phpshop"""",""""20080519211119",20080519211119,LISTING
http://www.press.sk:80/?page=shop.flypage&product_id=3475&category_id=&option=com_phpshop,"https://web.archive.org/web/20080517174813/http://www.press.sk:80/?page=shop.flypage&product_id=3475&category_id=&option=com_phpshop"""",""""20080517174813",20080517174813,LISTING
http://www.press.sk:80/?page=shop.flypage&product_id=3476&category_id=&option=com_phpshop,"https://web.archive.org/web/20080517174819/http://www.press.sk:80/?page=shop.flypage&product_id=3476&category_id=&option=com_phpshop"""",""""20080517174819",20080517174819,LISTING
http://www.press.sk:80/?page=shop.flypage&product_id=3477&category_id=&option=com_phpshop,"https://web.archive.org/web/20080519211124/http://www.press.sk:80/?page=shop.flypage&product_id=3477&category_id=&option=com_phpshop"""",""""20080519211124",20080519211124,LISTING
http://www.press.sk:80/?page=shop.flypage&product_id=3478&category_id=&option=com_phpshop,"https://web.archive.org/web/20080518005721/http://www.press.sk:80/?page=shop.flypage&product_id=3478&category_id=&option=com_phpshop"""",""""20080518005721",20080518005721,LISTING
http://www.press.sk:80/?page=shop.flypage&product_id=3479&category_id=&option=com_phpshop,"https://web.archive.org/web/20080518005726/http://www.press.sk:80/?page=shop.flypage&product_id=3479&category_id=&option=com_phpshop"""",""""20080518005726",20080518005726,LISTING
http://www.press.sk:80/?page=shop.flypage&product_id=3480&category_id=&option=com_phpshop,"https://web.archive.org/web/20080519202623/http://www.press.sk:80/?page=shop.flypage&product_id=3480&category_id=&option=com_phpshop"""",""""20080519202623",20080519202623,LISTING
http://www.press.sk:80/?page=shop.flypage&product_id=3481&category_id=&option=com_phpshop,"https://web.archive.org/web/20080519211129/http://www.press.sk:80/?page=shop.flypage&product_id=3481&category_id=&option=com_phpshop"""",""""20080519211129",20080519211129,LISTING
http://www.press.sk:80/?page=shop.flypage&product_id=3482&category_id=&option=com_phpshop,"https://web.archive.org/web/20080519202627/http://www.press.sk:80/?page=shop.flypage&product_id=3482&category_id=&option=com_phpshop"""",""""20080519202627",20080519202627,LISTING
http://www.press.sk:80/?page=shop.flypage&product_id=3483&category_id=&option=com_phpshop,"https://web.archive.org/web/20080519231613/http://www.press.sk:80/?page=shop.flypage&product_id=3483&category_id=&option=com_phpshop"""",""""20080519231613",20080519231613,LISTING
http://www.press.sk:80/?page=shop.flypage&product_id=3484&category_id=&option=com_phpshop,"https://web.archive.org/web/20080519202702/http://www.press.sk:80/?page=shop.flypage&product_id=3484&category_id=&option=com_phpshop"""",""""20080519202702",20080519202702,LISTING
http://www.press.sk:80/?page=shop.flypage&product_id=3485&category_id=&option=com_phpshop,"https://web.archive.org/web/20080518005731/http://www.press.sk:80/?page=shop.flypage&product_id=3485&category_id=&option=com_phpshop"""",""""20080518005731",20080518005731,LISTING
http://www.press.sk:80/?page=shop.flypage&product_id=3486&category_id=&option=com_phpshop,"https://web.archive.org/web/20080519202707/http://www.press.sk:80/?page=shop.flypage&product_id=3486&category_id=&option=com_phpshop"""",""""20080519202707",20080519202707,LISTING
http://www.press.sk:80/?page=shop.flypage&product_id=3487&category_id=&option=com_phpshop,"https://web.archive.org/web/20080517174823/http://www.press.sk:80/?page=shop.flypage&product_id=3487&category_id=&option=com_phpshop"""",""""20080517174823",20080517174823,LISTING
http://www.press.sk:80/?page=shop.flypage&product_id=3488&category_id=&option=com_phpshop,"https://web.archive.org/web/20080518005736/http://www.press.sk:80/?page=shop.flypage&product_id=3488&category_id=&option=com_phpshop"""",""""20080518005736",20080518005736,LISTING
http://www.press.sk:80/?page=shop.flypage&product_id=3489&category_id=&option=com_phpshop,"https://web.archive.org/web/20080519202729/http://www.press.sk:80/?page=shop.flypage&product_id=3489&category_id=&option=com_phpshop"""",""""20080519202729",20080519202729,LISTING
http://www.press.sk:80/?page=shop.flypage&product_id=3490&category_id=&option=com_phpshop,"https://web.archive.org/web/20080519211134/http://www.press.sk:80/?page=shop.flypage&product_id=3490&category_id=&option=com_phpshop"""",""""20080519211134",20080519211134,LISTING
http://www.press.sk:80/?page=shop.flypage&product_id=3491&category_id=&option=com_phpshop,"https://web.archive.org/web/20080519202743/http://www.press.sk:80/?page=shop.flypage&product_id=3491&category_id=&option=com_phpshop"""",""""20080519202743",20080519202743,LISTING
http://www.press.sk:80/?page=shop.flypage&product_id=3492&category_id=&option=com_phpshop,"https://web.archive.org/web/20080518005746/http://www.press.sk:80/?page=shop.flypage&product_id=3492&category_id=&option=com_phpshop"""",""""20080518005746",20080518005746,LISTING
http://www.press.sk:80/?page=shop.flypage&product_id=3493&category_id=&option=com_phpshop,"https://web.archive.org/web/20080517174828/http://www.press.sk:80/?page=shop.flypage&product_id=3493&category_id=&option=com_phpshop"""",""""20080517174828",20080517174828,LISTING
http://www.press.sk:80/?page=shop.flypage&product_id=3494&category_id=&option=com_phpshop,"https://web.archive.org/web/20080519202752/http://www.press.sk:80/?page=shop.flypage&product_id=3494&category_id=&option=com_phpshop"""",""""20080519202752",20080519202752,LISTING
http://www.press.sk:80/?page=shop.flypage&product_id=3495&category_id=&option=com_phpshop,"https://web.archive.org/web/20080518005753/http://www.press.sk:80/?page=shop.flypage&product_id=3495&category_id=&option=com_phpshop"""",""""20080518005753",20080518005753,LISTING
http://www.press.sk:80/?page=shop.flypage&product_id=3496&category_id=&option=com_phpshop,"https://web.archive.org/web/20080518005758/http://www.press.sk:80/?page=shop.flypage&product_id=3496&category_id=&option=com_phpshop"""",""""20080518005758",20080518005758,LISTING
http://www.press.sk:80/?page=shop.flypage&product_id=3497&category_id=&option=com_phpshop,"https://web.archive.org/web/20080517174833/http://www.press.sk:80/?page=shop.flypage&product_id=3497&category_id=&option=com_phpshop"""",""""20080517174833",20080517174833,LISTING
http://www.press.sk:80/?page=shop.flypage&product_id=3498&category_id=&option=com_phpshop,"https://web.archive.org/web/20080519202803/http://www.press.sk:80/?page=shop.flypage&product_id=3498&category_id=&option=com_phpshop"""",""""20080519202803",20080519202803,LISTING
http://www.press.sk:80/?page=shop.flypage&product_id=3499&category_id=&option=com_phpshop,"https://web.archive.org/web/20080519202809/http://www.press.sk:80/?page=shop.flypage&product_id=3499&category_id=&option=com_phpshop"""",""""20080519202809",20080519202809,LISTING
http://www.press.sk:80/?page=shop.flypage&product_id=3500&category_id=&option=com_phpshop,"https://web.archive.org/web/20080517174838/http://www.press.sk:80/?page=shop.flypage&product_id=3500&category_id=&option=com_phpshop"""",""""20080517174838",20080517174838,LISTING
http://www.press.sk:80/?page=shop.flypage&product_id=3501&category_id=&option=com_phpshop,"https://web.archive.org/web/20080518005803/http://www.press.sk:80/?page=shop.flypage&product_id=3501&category_id=&option=com_phpshop"""",""""20080518005803",20080518005803,LISTING
http://www.press.sk:80/?page=shop.flypage&product_id=3502&category_id=&option=com_phpshop,"https://web.archive.org/web/20080519211139/http://www.press.sk:80/?page=shop.flypage&product_id=3502&category_id=&option=com_phpshop"""",""""20080519211139",20080519211139,LISTING
http://www.press.sk:80/?page=shop.flypage&product_id=3503&category_id=&option=com_phpshop,"https://web.archive.org/web/20080517174844/http://www.press.sk:80/?page=shop.flypage&product_id=3503&category_id=&option=com_phpshop"""",""""20080517174844",20080517174844,LISTING
http://www.press.sk:80/?page=shop.flypage&product_id=3504&category_id=&option=com_phpshop,"https://web.archive.org/web/20080518005808/http://www.press.sk:80/?page=shop.flypage&product_id=3504&category_id=&option=com_phpshop"""",""""20080518005808",20080518005808,LISTING
http://www.press.sk:80/?page=shop.flypage&product_id=3505&category_id=&option=com_phpshop,"https://web.archive.org/web/20080519202811/http://www.press.sk:80/?page=shop.flypage&product_id=3505&category_id=&option=com_phpshop"""",""""20080519202811",20080519202811,LISTING
http://www.press.sk:80/?page=shop.flypage&product_id=3506&category_id=&option=com_phpshop,"https://web.archive.org/web/20080517174848/http://www.press.sk:80/?page=shop.flypage&product_id=3506&category_id=&option=com_phpshop"""",""""20080517174848",20080517174848,LISTING
http://www.press.sk:80/?page=shop.flypage&product_id=3557&category_id=&option=com_phpshop,"https://web.archive.org/web/20080518005813/http://www.press.sk:80/?page=shop.flypage&product_id=3557&category_id=&option=com_phpshop"""",""""20080518005813",20080518005813,LISTING
http://www.press.sk:80/?page=shop.flypage&product_id=3566&category_id=&option=com_phpshop,"https://web.archive.org/web/20080519202816/http://www.press.sk:80/?page=shop.flypage&product_id=3566&category_id=&option=com_phpshop"""",""""20080519202816",20080519202816,LISTING
http://www.press.sk:80/?page=shop.flypage&product_id=3567&category_id=&option=com_phpshop,"https://web.archive.org/web/20080519211144/http://www.press.sk:80/?page=shop.flypage&product_id=3567&category_id=&option=com_phpshop"""",""""20080519211144",20080519211144,LISTING
http://www.press.sk:80/?page=shop.flypage&product_id=3722&category_id=&option=com_phpshop,"https://web.archive.org/web/20080519202822/http://www.press.sk:80/?page=shop.flypage&product_id=3722&category_id=&option=com_phpshop"""",""""20080519202822",20080519202822,LISTING
http://www.press.sk:80/?page=shop.flypage&product_id=3723&category_id=&option=com_phpshop,"https://web.archive.org/web/20080519202842/http://www.press.sk:80/?page=shop.flypage&product_id=3723&category_id=&option=com_phpshop"""",""""20080519202842",20080519202842,LISTING
http://www.press.sk:80/?page=shop.flypage&product_id=3724&category_id=&option=com_phpshop,"https://web.archive.org/web/20080517174859/http://www.press.sk:80/?page=shop.flypage&product_id=3724&category_id=&option=com_phpshop"""",""""20080517174859",20080517174859,LISTING
http://www.press.sk:80/?page=shop.flypage&product_id=3725&category_id=&option=com_phpshop,"https://web.archive.org/web/20080519202849/http://www.press.sk:80/?page=shop.flypage&product_id=3725&category_id=&option=com_phpshop"""",""""20080519202849",20080519202849,LISTING
http://www.press.sk:80/?page=shop.flypage&product_id=3778&category_id=&option=com_phpshop,"https://web.archive.org/web/20080517174906/http://www.press.sk:80/?page=shop.flypage&product_id=3778&category_id=&option=com_phpshop"""",""""20080517174906",20080517174906,LISTING
http://www.press.sk:80/?page=shop.flypage&product_id=3779&category_id=&option=com_phpshop,"https://web.archive.org/web/20080517174911/http://www.press.sk:80/?page=shop.flypage&product_id=3779&category_id=&option=com_phpshop"""",""""20080517174911",20080517174911,LISTING
http://www.press.sk:80/?page=shop.flypage&product_id=3780&category_id=&option=com_phpshop,"https://web.archive.org/web/20080517174916/http://www.press.sk:80/?page=shop.flypage&product_id=3780&category_id=&option=com_phpshop"""",""""20080517174916",20080517174916,LISTING
http://www.press.sk:80/?page=shop.flypage&product_id=3781&category_id=&option=com_phpshop,"https://web.archive.org/web/20080517174921/http://www.press.sk:80/?page=shop.flypage&product_id=3781&category_id=&option=com_phpshop"""",""""20080517174921",20080517174921,LISTING
http://www.press.sk:80/?page=shop.flypage&product_id=3782&category_id=&option=com_phpshop,"https://web.archive.org/web/20080518005818/http://www.press.sk:80/?page=shop.flypage&product_id=3782&category_id=&option=com_phpshop"""",""""20080518005818",20080518005818,LISTING
http://www.press.sk:80/?page=shop.flypage&product_id=3783&category_id=&option=com_phpshop,"https://web.archive.org/web/20080518005823/http://www.press.sk:80/?page=shop.flypage&product_id=3783&category_id=&option=com_phpshop"""",""""20080518005823",20080518005823,LISTING
http://www.press.sk:80/?page=shop.flypage&product_id=3784&category_id=&option=com_phpshop,"https://web.archive.org/web/20080518005837/http://www.press.sk:80/?page=shop.flypage&product_id=3784&category_id=&option=com_phpshop"""",""""20080518005837",20080518005837,LISTING
http://www.press.sk:80/?page=shop.flypage&product_id=3785&category_id=&option=com_phpshop,"https://web.archive.org/web/20080519202853/http://www.press.sk:80/?page=shop.flypage&product_id=3785&category_id=&option=com_phpshop"""",""""20080519202853",20080519202853,LISTING
http://www.press.sk:80/?page=shop.flypage&product_id=3893&category_id=&option=com_phpshop,"https://web.archive.org/web/20080531024940/http://www.press.sk:80/?page=shop.flypage&product_id=3893&category_id=&option=com_phpshop"""",""""20080531024940",20080531024940,LISTING
http://www.press.sk:80/?page=shop.flypage&product_id=3894&category_id=&option=com_phpshop,"https://web.archive.org/web/20080531024944/http://www.press.sk:80/?page=shop.flypage&product_id=3894&category_id=&option=com_phpshop"""",""""20080531024944",20080531024944,LISTING
http://www.press.sk:80/?page=shop.flypage&product_id=3895&category_id=&option=com_phpshop,"https://web.archive.org/web/20080501174420/http://www.press.sk:80/?page=shop.flypage&product_id=3895&category_id=&option=com_phpshop"""",""""20080501174420",20080501174420,LISTING
http://www.press.sk:80/?page=shop.flypage&product_id=3896&category_id=&option=com_phpshop,"https://web.archive.org/web/20080501174427/http://www.press.sk:80/?page=shop.flypage&product_id=3896&category_id=&option=com_phpshop"""",""""20080501174427",20080501174427,LISTING
http://www.press.sk:80/?page=shop.flypage&product_id=3897&category_id=&option=com_phpshop,"https://web.archive.org/web/20080501174431/http://www.press.sk:80/?page=shop.flypage&product_id=3897&category_id=&option=com_phpshop"""",""""20080501174431",20080501174431,LISTING
http://www.press.sk:80/?page=shop.flypage&product_id=3915&category_id=&option=com_phpshop,"https://web.archive.org/web/20080531024951/http://www.press.sk:80/?page=shop.flypage&product_id=3915&category_id=&option=com_phpshop"""",""""20080531024951",20080531024951,LISTING
http://www.press.sk:80/?page=shop.flypage&product_id=3916&category_id=&option=com_phpshop,"https://web.archive.org/web/20080531025000/http://www.press.sk:80/?page=shop.flypage&product_id=3916&category_id=&option=com_phpshop"""",""""20080531025000",20080531025000,LISTING
http://www.press.sk:80/?page=shop.flypage&product_id=3917&category_id=&option=com_phpshop,"https://web.archive.org/web/20080501174438/http://www.press.sk:80/?page=shop.flypage&product_id=3917&category_id=&option=com_phpshop"""",""""20080501174438",20080501174438,LISTING
http://www.press.sk:80/?page=shop.flypage&product_id=3918&category_id=&option=com_phpshop,"https://web.archive.org/web/20080501174441/http://www.press.sk:80/?page=shop.flypage&product_id=3918&category_id=&option=com_phpshop"""",""""20080501174441",20080501174441,LISTING
http://www.press.sk:80/?page=shop.flypage&product_id=3920&category_id=&option=com_phpshop,"https://web.archive.org/web/20080501174446/http://www.press.sk:80/?page=shop.flypage&product_id=3920&category_id=&option=com_phpshop"""",""""20080501174446",20080501174446,LISTING
http://www.press.sk:80/?page=shop.flypage&product_id=3951&category_id=&option=com_phpshop,"https://web.archive.org/web/20080531025005/http://www.press.sk:80/?page=shop.flypage&product_id=3951&category_id=&option=com_phpshop"""",""""20080531025005",20080531025005,LISTING
http://www.press.sk:80/?page=shop.flypage&product_id=3952&category_id=&option=com_phpshop,"https://web.archive.org/web/20080531025011/http://www.press.sk:80/?page=shop.flypage&product_id=3952&category_id=&option=com_phpshop"""",""""20080531025011",20080531025011,LISTING
http://www.press.sk:80/?page=shop.flypage&product_id=3953&category_id=&option=com_phpshop,"https://web.archive.org/web/20080531025025/http://www.press.sk:80/?page=shop.flypage&product_id=3953&category_id=&option=com_phpshop"""",""""20080531025025",20080531025025,LISTING
http://www.press.sk:80/?page=shop.flypage&product_id=3966&category_id=&option=com_phpshop,"https://web.archive.org/web/20080531025029/http://www.press.sk:80/?page=shop.flypage&product_id=3966&category_id=&option=com_phpshop"""",""""20080531025029",20080531025029,LISTING
http://www.press.sk:80/?page=shop.flypage&product_id=3967&category_id=&option=com_phpshop,"https://web.archive.org/web/20080531025035/http://www.press.sk:80/?page=shop.flypage&product_id=3967&category_id=&option=com_phpshop"""",""""20080531025035",20080531025035,LISTING
http://www.press.sk:80/?page=shop.flypage&product_id=3968&category_id=&option=com_phpshop,"https://web.archive.org/web/20080531025040/http://www.press.sk:80/?page=shop.flypage&product_id=3968&category_id=&option=com_phpshop"""",""""20080531025040",20080531025040,LISTING
http://www.press.sk:80/?page=shop.flypage&product_id=3969&category_id=&option=com_phpshop,"https://web.archive.org/web/20080531025049/http://www.press.sk:80/?page=shop.flypage&product_id=3969&category_id=&option=com_phpshop"""",""""20080531025049",20080531025049,LISTING
http://www.press.sk:80/?page=shop.flypage&product_id=3970&category_id=&option=com_phpshop,"https://web.archive.org/web/20080531025052/http://www.press.sk:80/?page=shop.flypage&product_id=3970&category_id=&option=com_phpshop"""",""""20080531025052",20080531025052,LISTING
http://www.press.sk:80/?page=shop.flypage&product_id=3971&category_id=&option=com_phpshop,"https://web.archive.org/web/20080531025112/http://www.press.sk:80/?page=shop.flypage&product_id=3971&category_id=&option=com_phpshop"""",""""20080531025112",20080531025112,LISTING
http://www.press.sk:80/?page=shop.flypage&product_id=3973&category_id=&option=com_phpshop,"https://web.archive.org/web/20080531025117/http://www.press.sk:80/?page=shop.flypage&product_id=3973&category_id=&option=com_phpshop"""",""""20080531025117",20080531025117,LISTING
http://www.press.sk:80/?page=shop.flypage&product_id=85&category_id=&option=com_phpshop,"https://web.archive.org/web/20071027122217/http://www.press.sk:80/?page=shop.flypage&product_id=85&category_id=&option=com_phpshop"""",""""20071027122217",20071027122217,LISTING
http://press.sk:80/?page=shop.flypage&product_id=3347&category_id=1&option=com_phpshop,"https://web.archive.org/web/20071011082243/http://press.sk:80/?page=shop.flypage&product_id=3347&category_id=1&option=com_phpshop"""",""""20071011082243",20071011082243,LISTING
http://www.press.sk:80/?page=shop.flypage&product_id=3347&category_id=1&option=com_phpshop,"https://web.archive.org/web/20071210203255/http://www.press.sk:80/?page=shop.flypage&product_id=3347&category_id=1&option=com_phpshop"""",""""20071210203255",20071210203255,LISTING
http://www.press.sk:80/?page=shop.flypage&product_id=3347&category_id=1&option=com_phpshop,"https://web.archive.org/web/20080209060220/http://www.press.sk:80/?page=shop.flypage&product_id=3347&category_id=1&option=com_phpshop"""",""""20080209060220",20080209060220,LISTING
http://www.press.sk:80/?page=shop.flypage&product_id=3347&category_id=1&option=com_phpshop,"https://web.archive.org/web/20080409140557/http://www.press.sk:80/?page=shop.flypage&product_id=3347&category_id=1&option=com_phpshop"""",""""20080409140557",20080409140557,LISTING
http://www.press.sk:80/?page=shop.flypage&product_id=3347&category_id=1&option=com_phpshop,"https://web.archive.org/web/20080609001703/http://www.press.sk:80/?page=shop.flypage&product_id=3347&category_id=1&option=com_phpshop"""",""""20080609001703",20080609001703,LISTING
http://press.sk:80/?page=shop.flypage&product_id=3354&category_id=1&option=com_phpshop,"https://web.archive.org/web/20071011082250/http://press.sk:80/?page=shop.flypage&product_id=3354&category_id=1&option=com_phpshop"""",""""20071011082250",20071011082250,LISTING
http://www.press.sk:80/?page=shop.flypage&product_id=3354&category_id=1&option=com_phpshop,"https://web.archive.org/web/20071210203319/http://www.press.sk:80/?page=shop.flypage&product_id=3354&category_id=1&option=com_phpshop"""",""""20071210203319",20071210203319,LISTING
http://www.press.sk:80/?page=shop.flypage&product_id=3354&category_id=1&option=com_phpshop,"https://web.archive.org/web/20080209060226/http://www.press.sk:80/?page=shop.flypage&product_id=3354&category_id=1&option=com_phpshop"""",""""20080209060226",20080209060226,LISTING
http://www.press.sk:80/?page=shop.flypage&product_id=3354&category_id=1&option=com_phpshop,"https://web.archive.org/web/20080409140600/http://www.press.sk:80/?page=shop.flypage&product_id=3354&category_id=1&option=com_phpshop"""",""""20080409140600",20080409140600,LISTING
http://www.press.sk:80/?page=shop.flypage&product_id=3354&category_id=1&option=com_phpshop,"https://web.archive.org/web/20080609001708/http://www.press.sk:80/?page=shop.flypage&product_id=3354&category_id=1&option=com_phpshop"""",""""20080609001708",20080609001708,LISTING
http://www.press.sk:80/?page=shop.flypage&product_id=3372&category_id=1&option=com_phpshop,"https://web.archive.org/web/20071211032947/http://www.press.sk:80/?page=shop.flypage&product_id=3372&category_id=1&option=com_phpshop"""",""""20071211032947",20071211032947,LISTING
http://www.press.sk:80/?page=shop.flypage&product_id=3372&category_id=1&option=com_phpshop,"https://web.archive.org/web/20080209131622/http://www.press.sk:80/?page=shop.flypage&product_id=3372&category_id=1&option=com_phpshop"""",""""20080209131622",20080209131622,LISTING
http://www.press.sk:80/?page=shop.flypage&product_id=3372&category_id=1&option=com_phpshop,"https://web.archive.org/web/20080409205039/http://www.press.sk:80/?page=shop.flypage&product_id=3372&category_id=1&option=com_phpshop"""",""""20080409205039",20080409205039,LISTING
http://www.press.sk:80/?page=shop.flypage&product_id=3372&category_id=1&option=com_phpshop,"https://web.archive.org/web/20080609001713/http://www.press.sk:80/?page=shop.flypage&product_id=3372&category_id=1&option=com_phpshop"""",""""20080609001713",20080609001713,LISTING
http://www.press.sk:80/?page=shop.flypage&product_id=3373&category_id=1&option=com_phpshop,"https://web.archive.org/web/20071211032952/http://www.press.sk:80/?page=shop.flypage&product_id=3373&category_id=1&option=com_phpshop"""",""""20071211032952",20071211032952,LISTING
http://www.press.sk:80/?page=shop.flypage&product_id=3373&category_id=1&option=com_phpshop,"https://web.archive.org/web/20080209131631/http://www.press.sk:80/?page=shop.flypage&product_id=3373&category_id=1&option=com_phpshop"""",""""20080209131631",20080209131631,LISTING
http://www.press.sk:80/?page=shop.flypage&product_id=3373&category_id=1&option=com_phpshop,"https://web.archive.org/web/20080409205148/http://www.press.sk:80/?page=shop.flypage&product_id=3373&category_id=1&option=com_phpshop"""",""""20080409205148",20080409205148,LISTING
http://www.press.sk:80/?page=shop.flypage&product_id=3373&category_id=1&option=com_phpshop,"https://web.archive.org/web/20080609001719/http://www.press.sk:80/?page=shop.flypage&product_id=3373&category_id=1&option=com_phpshop"""",""""20080609001719",20080609001719,LISTING
http://press.sk:80/?page=shop.flypage&product_id=3374&category_id=1&option=com_phpshop,"https://web.archive.org/web/20071011085904/http://press.sk:80/?page=shop.flypage&product_id=3374&category_id=1&option=com_phpshop"""",""""20071011085904",20071011085904,LISTING
http://www.press.sk:80/?page=shop.flypage&product_id=3374&category_id=1&option=com_phpshop,"https://web.archive.org/web/20071211032957/http://www.press.sk:80/?page=shop.flypage&product_id=3374&category_id=1&option=com_phpshop"""",""""20071211032957",20071211032957,LISTING
http://www.press.sk:80/?page=shop.flypage&product_id=3374&category_id=1&option=com_phpshop,"https://web.archive.org/web/20080209131632/http://www.press.sk:80/?page=shop.flypage&product_id=3374&category_id=1&option=com_phpshop"""",""""20080209131632",20080209131632,LISTING
http://www.press.sk:80/?page=shop.flypage&product_id=3374&category_id=1&option=com_phpshop,"https://web.archive.org/web/20080409205152/http://www.press.sk:80/?page=shop.flypage&product_id=3374&category_id=1&option=com_phpshop"""",""""20080409205152",20080409205152,LISTING
http://www.press.sk:80/?page=shop.flypage&product_id=3374&category_id=1&option=com_phpshop,"https://web.archive.org/web/20080609001723/http://www.press.sk:80/?page=shop.flypage&product_id=3374&category_id=1&option=com_phpshop"""",""""20080609001723",20080609001723,LISTING
http://www.press.sk:80/?page=shop.flypage&product_id=3386&category_id=1&option=com_phpshop,"https://web.archive.org/web/20071211033002/http://www.press.sk:80/?page=shop.flypage&product_id=3386&category_id=1&option=com_phpshop"""",""""20071211033002",20071211033002,LISTING
http://www.press.sk:80/?page=shop.flypage&product_id=3386&category_id=1&option=com_phpshop,"https://web.archive.org/web/20080209131638/http://www.press.sk:80/?page=shop.flypage&product_id=3386&category_id=1&option=com_phpshop"""",""""20080209131638",20080209131638,LISTING
http://www.press.sk:80/?page=shop.flypage&product_id=3386&category_id=1&option=com_phpshop,"https://web.archive.org/web/20080409205158/http://www.press.sk:80/?page=shop.flypage&product_id=3386&category_id=1&option=com_phpshop"""",""""20080409205158",20080409205158,LISTING
http://www.press.sk:80/?page=shop.flypage&product_id=3386&category_id=1&option=com_phpshop,"https://web.archive.org/web/20080609001729/http://www.press.sk:80/?page=shop.flypage&product_id=3386&category_id=1&option=com_phpshop"""",""""20080609001729",20080609001729,LISTING
http://press.sk:80/?page=shop.flypage&product_id=3426&category_id=1&option=com_phpshop,"https://web.archive.org/web/20071011080431/http://press.sk:80/?page=shop.flypage&product_id=3426&category_id=1&option=com_phpshop"""",""""20071011080431",20071011080431,LISTING
http://www.press.sk:80/?page=shop.flypage&product_id=3426&category_id=1&option=com_phpshop,"https://web.archive.org/web/20071210203327/http://www.press.sk:80/?page=shop.flypage&product_id=3426&category_id=1&option=com_phpshop"""",""""20071210203327",20071210203327,LISTING
http://www.press.sk:80/?page=shop.flypage&product_id=3426&category_id=1&option=com_phpshop,"https://web.archive.org/web/20080209060231/http://www.press.sk:80/?page=shop.flypage&product_id=3426&category_id=1&option=com_phpshop"""",""""20080209060231",20080209060231,LISTING
http://www.press.sk:80/?page=shop.flypage&product_id=3426&category_id=1&option=com_phpshop,"https://web.archive.org/web/20080409140606/http://www.press.sk:80/?page=shop.flypage&product_id=3426&category_id=1&option=com_phpshop"""",""""20080409140606",20080409140606,LISTING
http://www.press.sk:80/?page=shop.flypage&product_id=3426&category_id=1&option=com_phpshop,"https://web.archive.org/web/20080609001734/http://www.press.sk:80/?page=shop.flypage&product_id=3426&category_id=1&option=com_phpshop"""",""""20080609001734",20080609001734,LISTING
http://www.press.sk:80/?page=shop.flypage&product_id=1052&category_id=108&option=com_phpshop,"https://web.archive.org/web/20071124004348/http://www.press.sk:80/?page=shop.flypage&product_id=1052&category_id=108&option=com_phpshop"""",""""20071124004348",20071124004348,LISTING
http://www.press.sk:80/?page=shop.flypage&product_id=1056&category_id=108&option=com_phpshop,"https://web.archive.org/web/20071124004352/http://www.press.sk:80/?page=shop.flypage&product_id=1056&category_id=108&option=com_phpshop"""",""""20071124004352",20071124004352,LISTING
http://www.press.sk:80/?page=shop.flypage&product_id=1106&category_id=108&option=com_phpshop,"https://web.archive.org/web/20071124004358/http://www.press.sk:80/?page=shop.flypage&product_id=1106&category_id=108&option=com_phpshop"""",""""20071124004358",20071124004358,LISTING
http://www.press.sk:80/?page=shop.flypage&product_id=1389&category_id=108&option=com_phpshop,"https://web.archive.org/web/20071124004403/http://www.press.sk:80/?page=shop.flypage&product_id=1389&category_id=108&option=com_phpshop"""",""""20071124004403",20071124004403,LISTING
http://www.press.sk:80/?page=shop.flypage&product_id=1557&category_id=108&option=com_phpshop,"https://web.archive.org/web/20071124004408/http://www.press.sk:80/?page=shop.flypage&product_id=1557&category_id=108&option=com_phpshop"""",""""20071124004408",20071124004408,LISTING
http://www.press.sk:80/?page=shop.flypage&product_id=1582&category_id=108&option=com_phpshop,"https://web.archive.org/web/20071124004413/http://www.press.sk:80/?page=shop.flypage&product_id=1582&category_id=108&option=com_phpshop"""",""""20071124004413",20071124004413,LISTING
http://www.press.sk:80/?page=shop.flypage&product_id=1608&category_id=108&option=com_phpshop,"https://web.archive.org/web/20071124004418/http://www.press.sk:80/?page=shop.flypage&product_id=1608&category_id=108&option=com_phpshop"""",""""20071124004418",20071124004418,LISTING
http://www.press.sk:80/?page=shop.flypage&product_id=1729&category_id=108&option=com_phpshop,"https://web.archive.org/web/20071124004424/http://www.press.sk:80/?page=shop.flypage&product_id=1729&category_id=108&option=com_phpshop"""",""""20071124004424",20071124004424,LISTING
http://www.press.sk:80/?page=shop.flypage&product_id=1886&category_id=108&option=com_phpshop,"https://web.archive.org/web/20071124004428/http://www.press.sk:80/?page=shop.flypage&product_id=1886&category_id=108&option=com_phpshop"""",""""20071124004428",20071124004428,LISTING
http://www.press.sk:80/?page=shop.flypage&product_id=1924&category_id=108&option=com_phpshop,"https://web.archive.org/web/20071124004433/http://www.press.sk:80/?page=shop.flypage&product_id=1924&category_id=108&option=com_phpshop"""",""""20071124004433",20071124004433,LISTING
http://www.press.sk:80/?page=shop.flypage&product_id=2550&category_id=108&option=com_phpshop,"https://web.archive.org/web/20071124004439/http://www.press.sk:80/?page=shop.flypage&product_id=2550&category_id=108&option=com_phpshop"""",""""20071124004439",20071124004439,LISTING
http://www.press.sk:80/?page=shop.flypage&product_id=2861&category_id=108&option=com_phpshop,"https://web.archive.org/web/20071124004444/http://www.press.sk:80/?page=shop.flypage&product_id=2861&category_id=108&option=com_phpshop"""",""""20071124004444",20071124004444,LISTING
http://www.press.sk:80/?page=shop.flypage&product_id=2872&category_id=108&option=com_phpshop,"https://web.archive.org/web/20071124004449/http://www.press.sk:80/?page=shop.flypage&product_id=2872&category_id=108&option=com_phpshop"""",""""20071124004449",20071124004449,LISTING
http://www.press.sk:80/?page=shop.flypage&product_id=3093&category_id=108&option=com_phpshop,"https://web.archive.org/web/20071124004454/http://www.press.sk:80/?page=shop.flypage&product_id=3093&category_id=108&option=com_phpshop"""",""""20071124004454",20071124004454,LISTING
http://www.press.sk:80/?page=shop.flypage&product_id=3152&category_id=108&option=com_phpshop,"https://web.archive.org/web/20071124004459/http://www.press.sk:80/?page=shop.flypage&product_id=3152&category_id=108&option=com_phpshop"""",""""20071124004459",20071124004459,LISTING
http://www.press.sk:80/?page=shop.flypage&product_id=3211&category_id=108&option=com_phpshop,"https://web.archive.org/web/20071124004504/http://www.press.sk:80/?page=shop.flypage&product_id=3211&category_id=108&option=com_phpshop"""",""""20071124004504",20071124004504,LISTING
http://www.press.sk:80/?page=shop.flypage&product_id=3420&category_id=108&option=com_phpshop,"https://web.archive.org/web/20071124004509/http://www.press.sk:80/?page=shop.flypage&product_id=3420&category_id=108&option=com_phpshop"""",""""20071124004509",20071124004509,LISTING
http://www.press.sk:80/?page=shop.flypage&product_id=3443&category_id=108&option=com_phpshop,"https://web.archive.org/web/20071124004514/http://www.press.sk:80/?page=shop.flypage&product_id=3443&category_id=108&option=com_phpshop"""",""""20071124004514",20071124004514,LISTING
http://www.press.sk:80/?page=shop.flypage&product_id=3523&category_id=108&option=com_phpshop,"https://web.archive.org/web/20071124004519/http://www.press.sk:80/?page=shop.flypage&product_id=3523&category_id=108&option=com_phpshop"""",""""20071124004519",20071124004519,LISTING
http://www.press.sk:80/?page=shop.flypage&product_id=888&category_id=108&option=com_phpshop,"https://web.archive.org/web/20071124004525/http://www.press.sk:80/?page=shop.flypage&product_id=888&category_id=108&option=com_phpshop"""",""""20071124004525",20071124004525,LISTING
http://www.press.sk:80/?page=shop.flypage&product_id=2333&category_id=113&option=com_phpshop,"https://web.archive.org/web/20071028143119/http://www.press.sk:80/?page=shop.flypage&product_id=2333&category_id=113&option=com_phpshop"""",""""20071028143119",20071028143119,LISTING
http://www.press.sk:80/?page=shop.flypage&product_id=2333&category_id=113&option=com_phpshop,"https://web.archive.org/web/20080501153656/http://www.press.sk:80/?page=shop.flypage&product_id=2333&category_id=113&option=com_phpshop"""",""""20080501153656",20080501153656,LISTING
http://www.press.sk:80/?page=shop.flypage&product_id=2334&category_id=113&option=com_phpshop,"https://web.archive.org/web/20071028143124/http://www.press.sk:80/?page=shop.flypage&product_id=2334&category_id=113&option=com_phpshop"""",""""20071028143124",20071028143124,LISTING
http://www.press.sk:80/?page=shop.flypage&product_id=2334&category_id=113&option=com_phpshop,"https://web.archive.org/web/20080501153701/http://www.press.sk:80/?page=shop.flypage&product_id=2334&category_id=113&option=com_phpshop"""",""""20080501153701",20080501153701,LISTING
http://www.press.sk:80/?page=shop.flypage&product_id=3767&category_id=113&option=com_phpshop,"https://web.archive.org/web/20080501153707/http://www.press.sk:80/?page=shop.flypage&product_id=3767&category_id=113&option=com_phpshop"""",""""20080501153707",20080501153707,LISTING
http://www.press.sk:80/?page=shop.flypage&product_id=3887&category_id=113&option=com_phpshop,"https://web.archive.org/web/20080501153711/http://www.press.sk:80/?page=shop.flypage&product_id=3887&category_id=113&option=com_phpshop"""",""""20080501153711",20080501153711,LISTING
http://www.press.sk:80/?page=shop.flypage&product_id=3888&category_id=113&option=com_phpshop,"https://web.archive.org/web/20080501153716/http://www.press.sk:80/?page=shop.flypage&product_id=3888&category_id=113&option=com_phpshop"""",""""20080501153716",20080501153716,LISTING
http://www.press.sk:80/?page=shop.flypage&product_id=3889&category_id=113&option=com_phpshop,"https://web.archive.org/web/20080501153721/http://www.press.sk:80/?page=shop.flypage&product_id=3889&category_id=113&option=com_phpshop"""",""""20080501153721",20080501153721,LISTING
http://www.press.sk:80/?page=shop.flypage&product_id=3890&category_id=113&option=com_phpshop,"https://web.archive.org/web/20080501153729/http://www.press.sk:80/?page=shop.flypage&product_id=3890&category_id=113&option=com_phpshop"""",""""20080501153729",20080501153729,LISTING
http://www.press.sk:80/?page=shop.flypage&product_id=3892&category_id=113&option=com_phpshop,"https://web.archive.org/web/20080501153732/http://www.press.sk:80/?page=shop.flypage&product_id=3892&category_id=113&option=com_phpshop"""",""""20080501153732",20080501153732,LISTING
http://www.press.sk:80/?page=shop.flypage&product_id=3893&category_id=113&option=com_phpshop,"https://web.archive.org/web/20080501153737/http://www.press.sk:80/?page=shop.flypage&product_id=3893&category_id=113&option=com_phpshop"""",""""20080501153737",20080501153737,LISTING
http://www.press.sk:80/?page=shop.flypage&product_id=3894&category_id=113&option=com_phpshop,"https://web.archive.org/web/20080501153741/http://www.press.sk:80/?page=shop.flypage&product_id=3894&category_id=113&option=com_phpshop"""",""""20080501153741",20080501153741,LISTING
http://www.press.sk:80/?page=shop.flypage&product_id=3914&category_id=113&option=com_phpshop,"https://web.archive.org/web/20080501153747/http://www.press.sk:80/?page=shop.flypage&product_id=3914&category_id=113&option=com_phpshop"""",""""20080501153747",20080501153747,LISTING
http://www.press.sk:80/?page=shop.flypage&product_id=3915&category_id=113&option=com_phpshop,"https://web.archive.org/web/20080501153752/http://www.press.sk:80/?page=shop.flypage&product_id=3915&category_id=113&option=com_phpshop"""",""""20080501153752",20080501153752,LISTING
http://www.press.sk:80/?page=shop.flypage&product_id=3916&category_id=113&option=com_phpshop,"https://web.archive.org/web/20080501153757/http://www.press.sk:80/?page=shop.flypage&product_id=3916&category_id=113&option=com_phpshop"""",""""20080501153757",20080501153757,LISTING
http://www.press.sk:80/?page=shop.flypage&product_id=3951&category_id=113&option=com_phpshop,"https://web.archive.org/web/20080501153802/http://www.press.sk:80/?page=shop.flypage&product_id=3951&category_id=113&option=com_phpshop"""",""""20080501153802",20080501153802,LISTING
http://www.press.sk:80/?page=shop.flypage&product_id=3952&category_id=113&option=com_phpshop,"https://web.archive.org/web/20080501153807/http://www.press.sk:80/?page=shop.flypage&product_id=3952&category_id=113&option=com_phpshop"""",""""20080501153807",20080501153807,LISTING
http://www.press.sk:80/?page=shop.flypage&product_id=3953&category_id=113&option=com_phpshop,"https://web.archive.org/web/20080501153812/http://www.press.sk:80/?page=shop.flypage&product_id=3953&category_id=113&option=com_phpshop"""",""""20080501153812",20080501153812,LISTING
http://www.press.sk:80/?page=shop.flypage&product_id=3954&category_id=113&option=com_phpshop,"https://web.archive.org/web/20080501153817/http://www.press.sk:80/?page=shop.flypage&product_id=3954&category_id=113&option=com_phpshop"""",""""20080501153817",20080501153817,LISTING
http://www.press.sk:80/?page=shop.flypage&product_id=3971&category_id=113&option=com_phpshop,"https://web.archive.org/web/20080614052558/http://www.press.sk:80/?page=shop.flypage&product_id=3971&category_id=113&option=com_phpshop"""",""""20080614052558",20080614052558,LISTING
http://www.press.sk:80/?page=shop.flypage&product_id=3972&category_id=113&option=com_phpshop,"https://web.archive.org/web/20080614052600/http://www.press.sk:80/?page=shop.flypage&product_id=3972&category_id=113&option=com_phpshop"""",""""20080614052600",20080614052600,LISTING
http://www.press.sk:80/?page=shop.flypage&product_id=3973&category_id=113&option=com_phpshop,"https://web.archive.org/web/20080614052606/http://www.press.sk:80/?page=shop.flypage&product_id=3973&category_id=113&option=com_phpshop"""",""""20080614052606",20080614052606,LISTING
http://www.press.sk:80/?page=shop.flypage&product_id=956&category_id=113&option=com_phpshop,"https://web.archive.org/web/20071028143129/http://www.press.sk:80/?page=shop.flypage&product_id=956&category_id=113&option=com_phpshop"""",""""20071028143129",20071028143129,LISTING
http://www.press.sk:80/?page=shop.flypage&product_id=2705&category_id=116&option=com_phpshop,"https://web.archive.org/web/20070830062332/http://www.press.sk:80/?page=shop.flypage&product_id=2705&category_id=116&option=com_phpshop"""",""""20070830062332",20070830062332,LISTING
http://www.press.sk:80/?page=shop.flypage&product_id=2706&category_id=116&option=com_phpshop,"https://web.archive.org/web/20070830014338/http://www.press.sk:80/?page=shop.flypage&product_id=2706&category_id=116&option=com_phpshop"""",""""20070830014338",20070830014338,LISTING
http://www.press.sk:80/?page=shop.flypage&product_id=2707&category_id=116&option=com_phpshop,"https://web.archive.org/web/20070830062129/http://www.press.sk:80/?page=shop.flypage&product_id=2707&category_id=116&option=com_phpshop"""",""""20070830062129",20070830062129,LISTING
http://www.press.sk:80/?page=shop.browse&offset=20&category_id=122&keyword=&manufacturer_id=&option=com_phpshop,"https://web.archive.org/web/20071226103130/http://www.press.sk:80/?page=shop.browse&offset=20&category_id=122&keyword=&manufacturer_id=&option=com_phpshop"""",""""20071226103130",20071226103130,LISTING
http://www.press.sk:80/?page=shop.flypage&product_id=3410&category_id=122&option=com_phpshop,"https://web.archive.org/web/20071226052056/http://www.press.sk:80/?page=shop.flypage&product_id=3410&category_id=122&option=com_phpshop"""",""""20071226052056",20071226052056,LISTING
http://www.press.sk:80/?page=shop.flypage&product_id=3413&category_id=122&option=com_phpshop,"https://web.archive.org/web/20071226052102/http://www.press.sk:80/?page=shop.flypage&product_id=3413&category_id=122&option=com_phpshop"""",""""20071226052102",20071226052102,LISTING
http://www.press.sk:80/?page=shop.flypage&product_id=3416&category_id=122&option=com_phpshop,"https://web.archive.org/web/20071226052106/http://www.press.sk:80/?page=shop.flypage&product_id=3416&category_id=122&option=com_phpshop"""",""""20071226052106",20071226052106,LISTING
http://www.press.sk:80/?page=shop.flypage&product_id=3460&category_id=122&option=com_phpshop,"https://web.archive.org/web/20071226052111/http://www.press.sk:80/?page=shop.flypage&product_id=3460&category_id=122&option=com_phpshop"""",""""20071226052111",20071226052111,LISTING
http://www.press.sk:80/?page=shop.flypage&product_id=3461&category_id=122&option=com_phpshop,"https://web.archive.org/web/20071226052116/http://www.press.sk:80/?page=shop.flypage&product_id=3461&category_id=122&option=com_phpshop"""",""""20071226052116",20071226052116,LISTING
http://www.press.sk:80/?page=shop.flypage&product_id=3468&category_id=122&option=com_phpshop,"https://web.archive.org/web/20071226052121/http://www.press.sk:80/?page=shop.flypage&product_id=3468&category_id=122&option=com_phpshop"""",""""20071226052121",20071226052121,LISTING
http://www.press.sk:80/?page=shop.flypage&product_id=3469&category_id=122&option=com_phpshop,"https://web.archive.org/web/20071226052126/http://www.press.sk:80/?page=shop.flypage&product_id=3469&category_id=122&option=com_phpshop"""",""""20071226052126",20071226052126,LISTING
http://www.press.sk:80/?page=shop.flypage&product_id=3471&category_id=122&option=com_phpshop,"https://web.archive.org/web/20071226052131/http://www.press.sk:80/?page=shop.flypage&product_id=3471&category_id=122&option=com_phpshop"""",""""20071226052131",20071226052131,LISTING
http://www.press.sk:80/?page=shop.flypage&product_id=3472&category_id=122&option=com_phpshop,"https://web.archive.org/web/20071226052140/http://www.press.sk:80/?page=shop.flypage&product_id=3472&category_id=122&option=com_phpshop"""",""""20071226052140",20071226052140,LISTING
http://www.press.sk:80/?page=shop.flypage&product_id=3475&category_id=122&option=com_phpshop,"https://web.archive.org/web/20071226052145/http://www.press.sk:80/?page=shop.flypage&product_id=3475&category_id=122&option=com_phpshop"""",""""20071226052145",20071226052145,LISTING
http://www.press.sk:80/?page=shop.flypage&product_id=3476&category_id=122&option=com_phpshop,"https://web.archive.org/web/20071226052150/http://www.press.sk:80/?page=shop.flypage&product_id=3476&category_id=122&option=com_phpshop"""",""""20071226052150",20071226052150,LISTING
http://www.press.sk:80/?page=shop.flypage&product_id=3487&category_id=122&option=com_phpshop,"https://web.archive.org/web/20071226052155/http://www.press.sk:80/?page=shop.flypage&product_id=3487&category_id=122&option=com_phpshop"""",""""20071226052155",20071226052155,LISTING
http://www.press.sk:80/?page=shop.flypage&product_id=3488&category_id=122&option=com_phpshop,"https://web.archive.org/web/20071226052200/http://www.press.sk:80/?page=shop.flypage&product_id=3488&category_id=122&option=com_phpshop"""",""""20071226052200",20071226052200,LISTING
http://www.press.sk:80/?page=shop.flypage&product_id=3493&category_id=122&option=com_phpshop,"https://web.archive.org/web/20071226052205/http://www.press.sk:80/?page=shop.flypage&product_id=3493&category_id=122&option=com_phpshop"""",""""20071226052205",20071226052205,LISTING
http://www.press.sk:80/?page=shop.flypage&product_id=3497&category_id=122&option=com_phpshop,"https://web.archive.org/web/20071226052210/http://www.press.sk:80/?page=shop.flypage&product_id=3497&category_id=122&option=com_phpshop"""",""""20071226052210",20071226052210,LISTING
http://www.press.sk:80/?page=shop.flypage&product_id=3500&category_id=122&option=com_phpshop,"https://web.archive.org/web/20071226052215/http://www.press.sk:80/?page=shop.flypage&product_id=3500&category_id=122&option=com_phpshop"""",""""20071226052215",20071226052215,LISTING
http://www.press.sk:80/?page=shop.flypage&product_id=3503&category_id=122&option=com_phpshop,"https://web.archive.org/web/20071226052220/http://www.press.sk:80/?page=shop.flypage&product_id=3503&category_id=122&option=com_phpshop"""",""""20071226052220",20071226052220,LISTING
http://www.press.sk:80/?page=shop.flypage&product_id=3506&category_id=122&option=com_phpshop,"https://web.archive.org/web/20071226052225/http://www.press.sk:80/?page=shop.flypage&product_id=3506&category_id=122&option=com_phpshop"""",""""20071226052225",20071226052225,LISTING
http://www.press.sk:80/?page=shop.flypage&product_id=3682&category_id=122&option=com_phpshop,"https://web.archive.org/web/20071226052242/http://www.press.sk:80/?page=shop.flypage&product_id=3682&category_id=122&option=com_phpshop"""",""""20071226052242",20071226052242,LISTING
http://www.press.sk:80/?page=shop.flypage&product_id=3724&category_id=122&option=com_phpshop,"https://web.archive.org/web/20071226052256/http://www.press.sk:80/?page=shop.flypage&product_id=3724&category_id=122&option=com_phpshop"""",""""20071226052256",20071226052256,LISTING
http://www.press.sk:80/?page=shop.flypage&product_id=2331&category_id=35&option=com_phpshop,"https://web.archive.org/web/20071225044035/http://www.press.sk:80/?page=shop.flypage&product_id=2331&category_id=35&option=com_phpshop"""",""""20071225044035",20071225044035,LISTING
http://www.press.sk:80/?page=shop.flypage&product_id=3355&category_id=35&option=com_phpshop,"https://web.archive.org/web/20070830014304/http://www.press.sk:80/?page=shop.flypage&product_id=3355&category_id=35&option=com_phpshop"""",""""20070830014304",20070830014304,LISTING
http://www.press.sk:80/?page=shop.flypage&product_id=3355&category_id=35&option=com_phpshop,"https://web.archive.org/web/20071225044039/http://www.press.sk:80/?page=shop.flypage&product_id=3355&category_id=35&option=com_phpshop"""",""""20071225044039",20071225044039,LISTING
http://www.press.sk:80/?page=shop.flypage&product_id=3356&category_id=35&option=com_phpshop,"https://web.archive.org/web/20071225044044/http://www.press.sk:80/?page=shop.flypage&product_id=3356&category_id=35&option=com_phpshop"""",""""20071225044044",20071225044044,LISTING
http://www.press.sk:80/?page=shop.flypage&product_id=3357&category_id=35&option=com_phpshop,"https://web.archive.org/web/20071225044051/http://www.press.sk:80/?page=shop.flypage&product_id=3357&category_id=35&option=com_phpshop"""",""""20071225044051",20071225044051,LISTING
http://www.press.sk:80/?page=shop.flypage&product_id=3401&category_id=35&option=com_phpshop,"https://web.archive.org/web/20070830062429/http://www.press.sk:80/?page=shop.flypage&product_id=3401&category_id=35&option=com_phpshop"""",""""20070830062429",20070830062429,LISTING
http://www.press.sk:80/?page=shop.flypage&product_id=3401&category_id=35&option=com_phpshop,"https://web.archive.org/web/20071225044056/http://www.press.sk:80/?page=shop.flypage&product_id=3401&category_id=35&option=com_phpshop"""",""""20071225044056",20071225044056,LISTING
http://www.press.sk:80/?page=shop.flypage&product_id=3758&category_id=35&option=com_phpshop,"https://web.archive.org/web/20071225044101/http://www.press.sk:80/?page=shop.flypage&product_id=3758&category_id=35&option=com_phpshop"""",""""20071225044101",20071225044101,LISTING
http://www.press.sk:80/?page=shop.browse&offset=20&category_id=51&keyword=&manufacturer_id=&option=com_phpshop,"https://web.archive.org/web/20080111165125/http://www.press.sk:80/?page=shop.browse&offset=20&category_id=51&keyword=&manufacturer_id=&option=com_phpshop"""",""""20080111165125",20080111165125,LISTING
http://www.press.sk:80/?page=shop.browse&offset=20&category_id=51&keyword=&manufacturer_id=&option=com_phpshop,"https://web.archive.org/web/20080602113211/http://www.press.sk:80/?page=shop.browse&offset=20&category_id=51&keyword=&manufacturer_id=&option=com_phpshop"""",""""20080602113211",20080602113211,LISTING
http://press.sk:80/?page=shop.flypage&product_id=2759&category_id=51&option=com_phpshop,"https://web.archive.org/web/20071011090032/http://press.sk:80/?page=shop.flypage&product_id=2759&category_id=51&option=com_phpshop"""",""""20071011090032",20071011090032,LISTING
http://www.press.sk:80/?page=shop.flypage&product_id=2759&category_id=51&option=com_phpshop,"https://web.archive.org/web/20080111131741/http://www.press.sk:80/?page=shop.flypage&product_id=2759&category_id=51&option=com_phpshop"""",""""20080111131741",20080111131741,LISTING
http://www.press.sk:80/?page=shop.flypage&product_id=2759&category_id=51&option=com_phpshop,"https://web.archive.org/web/20080602111604/http://www.press.sk:80/?page=shop.flypage&product_id=2759&category_id=51&option=com_phpshop"""",""""20080602111604",20080602111604,LISTING
http://press.sk:80/?page=shop.flypage&product_id=2761&category_id=51&option=com_phpshop,"https://web.archive.org/web/20071011080426/http://press.sk:80/?page=shop.flypage&product_id=2761&category_id=51&option=com_phpshop"""",""""20071011080426",20071011080426,LISTING
http://www.press.sk:80/?page=shop.flypage&product_id=2761&category_id=51&option=com_phpshop,"https://web.archive.org/web/20080111131745/http://www.press.sk:80/?page=shop.flypage&product_id=2761&category_id=51&option=com_phpshop"""",""""20080111131745",20080111131745,LISTING
http://www.press.sk:80/?page=shop.flypage&product_id=2761&category_id=51&option=com_phpshop,"https://web.archive.org/web/20080602111607/http://www.press.sk:80/?page=shop.flypage&product_id=2761&category_id=51&option=com_phpshop"""",""""20080602111607",20080602111607,LISTING
http://www.press.sk:80/?page=shop.flypage&product_id=2763&category_id=51&option=com_phpshop,"https://web.archive.org/web/20080111131753/http://www.press.sk:80/?page=shop.flypage&product_id=2763&category_id=51&option=com_phpshop"""",""""20080111131753",20080111131753,LISTING
http://www.press.sk:80/?page=shop.flypage&product_id=2763&category_id=51&option=com_phpshop,"https://web.archive.org/web/20080602111617/http://www.press.sk:80/?page=shop.flypage&product_id=2763&category_id=51&option=com_phpshop"""",""""20080602111617",20080602111617,LISTING
http://press.sk:80/?page=shop.flypage&product_id=2764&category_id=51&option=com_phpshop,"https://web.archive.org/web/20071011083652/http://press.sk:80/?page=shop.flypage&product_id=2764&category_id=51&option=com_phpshop"""",""""20071011083652",20071011083652,LISTING
http://www.press.sk:80/?page=shop.flypage&product_id=2764&category_id=51&option=com_phpshop,"https://web.archive.org/web/20080111131800/http://www.press.sk:80/?page=shop.flypage&product_id=2764&category_id=51&option=com_phpshop"""",""""20080111131800",20080111131800,LISTING
http://www.press.sk:80/?page=shop.flypage&product_id=2764&category_id=51&option=com_phpshop,"https://web.archive.org/web/20080602111620/http://www.press.sk:80/?page=shop.flypage&product_id=2764&category_id=51&option=com_phpshop"""",""""20080602111620",20080602111620,LISTING
http://press.sk:80/?page=shop.flypage&product_id=2777&category_id=51&option=com_phpshop,"https://web.archive.org/web/20071011085507/http://press.sk:80/?page=shop.flypage&product_id=2777&category_id=51&option=com_phpshop"""",""""20071011085507",20071011085507,LISTING
http://www.press.sk:80/?page=shop.flypage&product_id=2777&category_id=51&option=com_phpshop,"https://web.archive.org/web/20080111131806/http://www.press.sk:80/?page=shop.flypage&product_id=2777&category_id=51&option=com_phpshop"""",""""20080111131806",20080111131806,LISTING
http://www.press.sk:80/?page=shop.flypage&product_id=2777&category_id=51&option=com_phpshop,"https://web.archive.org/web/20080602111623/http://www.press.sk:80/?page=shop.flypage&product_id=2777&category_id=51&option=com_phpshop"""",""""20080602111623",20080602111623,LISTING
http://press.sk:80/?page=shop.flypage&product_id=2778&category_id=51&option=com_phpshop,"https://web.archive.org/web/20071011084621/http://press.sk:80/?page=shop.flypage&product_id=2778&category_id=51&option=com_phpshop"""",""""20071011084621",20071011084621,LISTING
http://www.press.sk:80/?page=shop.flypage&product_id=3200&category_id=51&option=com_phpshop,"https://web.archive.org/web/20080111131808/http://www.press.sk:80/?page=shop.flypage&product_id=3200&category_id=51&option=com_phpshop"""",""""20080111131808",20080111131808,LISTING
http://www.press.sk:80/?page=shop.flypage&product_id=3200&category_id=51&option=com_phpshop,"https://web.archive.org/web/20080602111629/http://www.press.sk:80/?page=shop.flypage&product_id=3200&category_id=51&option=com_phpshop"""",""""20080602111629",20080602111629,LISTING
http://press.sk:80/?page=shop.flypage&product_id=3236&category_id=51&option=com_phpshop,"https://web.archive.org/web/20071011085859/http://press.sk:80/?page=shop.flypage&product_id=3236&category_id=51&option=com_phpshop"""",""""20071011085859",20071011085859,LISTING
http://www.press.sk:80/?page=shop.flypage&product_id=3236&category_id=51&option=com_phpshop,"https://web.archive.org/web/20080111131815/http://www.press.sk:80/?page=shop.flypage&product_id=3236&category_id=51&option=com_phpshop"""",""""20080111131815",20080111131815,LISTING
http://www.press.sk:80/?page=shop.flypage&product_id=3236&category_id=51&option=com_phpshop,"https://web.archive.org/web/20080602111635/http://www.press.sk:80/?page=shop.flypage&product_id=3236&category_id=51&option=com_phpshop"""",""""20080602111635",20080602111635,LISTING
http://press.sk:80/?page=shop.flypage&product_id=3335&category_id=51&option=com_phpshop,"https://web.archive.org/web/20071011085513/http://press.sk:80/?page=shop.flypage&product_id=3335&category_id=51&option=com_phpshop"""",""""20071011085513",20071011085513,LISTING
http://www.press.sk:80/?page=shop.flypage&product_id=3335&category_id=51&option=com_phpshop,"https://web.archive.org/web/20080111131820/http://www.press.sk:80/?page=shop.flypage&product_id=3335&category_id=51&option=com_phpshop"""",""""20080111131820",20080111131820,LISTING
http://www.press.sk:80/?page=shop.flypage&product_id=3335&category_id=51&option=com_phpshop,"https://web.archive.org/web/20080602111640/http://www.press.sk:80/?page=shop.flypage&product_id=3335&category_id=51&option=com_phpshop"""",""""20080602111640",20080602111640,LISTING
http://press.sk:80/?page=shop.flypage&product_id=3341&category_id=51&option=com_phpshop,"https://web.archive.org/web/20071011081642/http://press.sk:80/?page=shop.flypage&product_id=3341&category_id=51&option=com_phpshop"""",""""20071011081642",20071011081642,LISTING
http://www.press.sk:80/?page=shop.flypage&product_id=3341&category_id=51&option=com_phpshop,"https://web.archive.org/web/20080111131823/http://www.press.sk:80/?page=shop.flypage&product_id=3341&category_id=51&option=com_phpshop"""",""""20080111131823",20080111131823,LISTING
http://www.press.sk:80/?page=shop.flypage&product_id=3341&category_id=51&option=com_phpshop,"https://web.archive.org/web/20080602111647/http://www.press.sk:80/?page=shop.flypage&product_id=3341&category_id=51&option=com_phpshop"""",""""20080602111647",20080602111647,LISTING
http://press.sk:80/?page=shop.flypage&product_id=3404&category_id=51&option=com_phpshop,"https://web.archive.org/web/20071011084625/http://press.sk:80/?page=shop.flypage&product_id=3404&category_id=51&option=com_phpshop"""",""""20071011084625",20071011084625,LISTING
http://www.press.sk:80/?page=shop.flypage&product_id=3404&category_id=51&option=com_phpshop,"https://web.archive.org/web/20080111131829/http://www.press.sk:80/?page=shop.flypage&product_id=3404&category_id=51&option=com_phpshop"""",""""20080111131829",20080111131829,LISTING
http://www.press.sk:80/?page=shop.flypage&product_id=3404&category_id=51&option=com_phpshop,"https://web.archive.org/web/20080602111650/http://www.press.sk:80/?page=shop.flypage&product_id=3404&category_id=51&option=com_phpshop"""",""""20080602111650",20080602111650,LISTING
http://press.sk:80/?page=shop.flypage&product_id=3405&category_id=51&option=com_phpshop,"https://web.archive.org/web/20071011083659/http://press.sk:80/?page=shop.flypage&product_id=3405&category_id=51&option=com_phpshop"""",""""20071011083659",20071011083659,LISTING
http://www.press.sk:80/?page=shop.flypage&product_id=3405&category_id=51&option=com_phpshop,"https://web.archive.org/web/20080111131834/http://www.press.sk:80/?page=shop.flypage&product_id=3405&category_id=51&option=com_phpshop"""",""""20080111131834",20080111131834,LISTING
http://www.press.sk:80/?page=shop.flypage&product_id=3405&category_id=51&option=com_phpshop,"https://web.archive.org/web/20080602111656/http://www.press.sk:80/?page=shop.flypage&product_id=3405&category_id=51&option=com_phpshop"""",""""20080602111656",20080602111656,LISTING
http://press.sk:80/?page=shop.flypage&product_id=3406&category_id=51&option=com_phpshop,"https://web.archive.org/web/20071011081029/http://press.sk:80/?page=shop.flypage&product_id=3406&category_id=51&option=com_phpshop"""",""""20071011081029",20071011081029,LISTING
http://www.press.sk:80/?page=shop.flypage&product_id=3406&category_id=51&option=com_phpshop,"https://web.archive.org/web/20080111132043/http://www.press.sk:80/?page=shop.flypage&product_id=3406&category_id=51&option=com_phpshop"""",""""20080111132043",20080111132043,LISTING
http://www.press.sk:80/?page=shop.flypage&product_id=3406&category_id=51&option=com_phpshop,"https://web.archive.org/web/20080602111700/http://www.press.sk:80/?page=shop.flypage&product_id=3406&category_id=51&option=com_phpshop"""",""""20080602111700",20080602111700,LISTING
http://press.sk:80/?page=shop.flypage&product_id=3412&category_id=51&option=com_phpshop,"https://web.archive.org/web/20071011090037/http://press.sk:80/?page=shop.flypage&product_id=3412&category_id=51&option=com_phpshop"""",""""20071011090037",20071011090037,LISTING
http://www.press.sk:80/?page=shop.flypage&product_id=3412&category_id=51&option=com_phpshop,"https://web.archive.org/web/20080111132048/http://www.press.sk:80/?page=shop.flypage&product_id=3412&category_id=51&option=com_phpshop"""",""""20080111132048",20080111132048,LISTING
http://www.press.sk:80/?page=shop.flypage&product_id=3412&category_id=51&option=com_phpshop,"https://web.archive.org/web/20080602111707/http://www.press.sk:80/?page=shop.flypage&product_id=3412&category_id=51&option=com_phpshop"""",""""20080602111707",20080602111707,LISTING
http://press.sk:80/?page=shop.flypage&product_id=3413&category_id=51&option=com_phpshop,"https://web.archive.org/web/20071011083052/http://press.sk:80/?page=shop.flypage&product_id=3413&category_id=51&option=com_phpshop"""",""""20071011083052",20071011083052,LISTING
http://www.press.sk:80/?page=shop.flypage&product_id=3413&category_id=51&option=com_phpshop,"https://web.archive.org/web/20080111132053/http://www.press.sk:80/?page=shop.flypage&product_id=3413&category_id=51&option=com_phpshop"""",""""20080111132053",20080111132053,LISTING
http://www.press.sk:80/?page=shop.flypage&product_id=3413&category_id=51&option=com_phpshop,"https://web.archive.org/web/20080602111713/http://www.press.sk:80/?page=shop.flypage&product_id=3413&category_id=51&option=com_phpshop"""",""""20080602111713",20080602111713,LISTING
http://press.sk:80/?page=shop.flypage&product_id=3414&category_id=51&option=com_phpshop,"https://web.archive.org/web/20071011083205/http://press.sk:80/?page=shop.flypage&product_id=3414&category_id=51&option=com_phpshop"""",""""20071011083205",20071011083205,LISTING
http://www.press.sk:80/?page=shop.flypage&product_id=3414&category_id=51&option=com_phpshop,"https://web.archive.org/web/20080111132058/http://www.press.sk:80/?page=shop.flypage&product_id=3414&category_id=51&option=com_phpshop"""",""""20080111132058",20080111132058,LISTING
http://www.press.sk:80/?page=shop.flypage&product_id=3414&category_id=51&option=com_phpshop,"https://web.archive.org/web/20080602111718/http://www.press.sk:80/?page=shop.flypage&product_id=3414&category_id=51&option=com_phpshop"""",""""20080602111718",20080602111718,LISTING
http://www.press.sk:80/?page=shop.flypage&product_id=3415&category_id=51&option=com_phpshop,"https://web.archive.org/web/20080111132103/http://www.press.sk:80/?page=shop.flypage&product_id=3415&category_id=51&option=com_phpshop"""",""""20080111132103",20080111132103,LISTING
http://www.press.sk:80/?page=shop.flypage&product_id=3415&category_id=51&option=com_phpshop,"https://web.archive.org/web/20080602111723/http://www.press.sk:80/?page=shop.flypage&product_id=3415&category_id=51&option=com_phpshop"""",""""20080602111723",20080602111723,LISTING
http://press.sk:80/?page=shop.flypage&product_id=3416&category_id=51&option=com_phpshop,"https://web.archive.org/web/20071011084633/http://press.sk:80/?page=shop.flypage&product_id=3416&category_id=51&option=com_phpshop"""",""""20071011084633",20071011084633,LISTING
http://www.press.sk:80/?page=shop.flypage&product_id=3416&category_id=51&option=com_phpshop,"https://web.archive.org/web/20080111132129/http://www.press.sk:80/?page=shop.flypage&product_id=3416&category_id=51&option=com_phpshop"""",""""20080111132129",20080111132129,LISTING
http://press.sk:80/?page=shop.flypage&product_id=3436&category_id=51&option=com_phpshop,"https://web.archive.org/web/20071011083059/http://press.sk:80/?page=shop.flypage&product_id=3436&category_id=51&option=com_phpshop"""",""""20071011083059",20071011083059,LISTING
http://www.press.sk:80/?page=shop.flypage&product_id=3557&category_id=51&option=com_phpshop,"https://web.archive.org/web/20080111132134/http://www.press.sk:80/?page=shop.flypage&product_id=3557&category_id=51&option=com_phpshop"""",""""20080111132134",20080111132134,LISTING
http://www.press.sk:80/?page=shop.flypage&product_id=3557&category_id=51&option=com_phpshop,"https://web.archive.org/web/20080602111727/http://www.press.sk:80/?page=shop.flypage&product_id=3557&category_id=51&option=com_phpshop"""",""""20080602111727",20080602111727,LISTING
http://www.press.sk:80/?page=shop.flypage&product_id=3567&category_id=51&option=com_phpshop,"https://web.archive.org/web/20080111132152/http://www.press.sk:80/?page=shop.flypage&product_id=3567&category_id=51&option=com_phpshop"""",""""20080111132152",20080111132152,LISTING
http://www.press.sk:80/?page=shop.flypage&product_id=3567&category_id=51&option=com_phpshop,"https://web.archive.org/web/20080602111733/http://www.press.sk:80/?page=shop.flypage&product_id=3567&category_id=51&option=com_phpshop"""",""""20080602111733",20080602111733,LISTING
http://www.press.sk:80/?page=shop.flypage&product_id=3609&category_id=51&option=com_phpshop,"https://web.archive.org/web/20080111132158/http://www.press.sk:80/?page=shop.flypage&product_id=3609&category_id=51&option=com_phpshop"""",""""20080111132158",20080111132158,LISTING
http://www.press.sk:80/?page=shop.flypage&product_id=3609&category_id=51&option=com_phpshop,"https://web.archive.org/web/20080602111738/http://www.press.sk:80/?page=shop.flypage&product_id=3609&category_id=51&option=com_phpshop"""",""""20080602111738",20080602111738,LISTING
http://www.press.sk:80/?page=shop.flypage&product_id=3868&category_id=51&option=com_phpshop,"https://web.archive.org/web/20080602111747/http://www.press.sk:80/?page=shop.flypage&product_id=3868&category_id=51&option=com_phpshop"""",""""20080602111747",20080602111747,LISTING
http://www.press.sk:80/?page=shop.browse&offset=20&category_id=6&keyword=&manufacturer_id=&option=com_phpshop,"https://web.archive.org/web/20080602060349/http://www.press.sk:80/?page=shop.browse&offset=20&category_id=6&keyword=&manufacturer_id=&option=com_phpshop"""",""""20080602060349",20080602060349,LISTING
http://www.press.sk:80/?page=shop.flypage&product_id=1481&category_id=6&option=com_phpshop,"https://web.archive.org/web/20080602054707/http://www.press.sk:80/?page=shop.flypage&product_id=1481&category_id=6&option=com_phpshop"""",""""20080602054707",20080602054707,LISTING
http://www.press.sk:80/?page=shop.flypage&product_id=2000&category_id=6&option=com_phpshop,"https://web.archive.org/web/20080602054712/http://www.press.sk:80/?page=shop.flypage&product_id=2000&category_id=6&option=com_phpshop"""",""""20080602054712",20080602054712,LISTING
http://www.press.sk:80/?page=shop.flypage&product_id=223&category_id=6&option=com_phpshop,"https://web.archive.org/web/20080602054717/http://www.press.sk:80/?page=shop.flypage&product_id=223&category_id=6&option=com_phpshop"""",""""20080602054717",20080602054717,LISTING
http://www.press.sk:80/?page=shop.flypage&product_id=224&category_id=6&option=com_phpshop,"https://web.archive.org/web/20080602054722/http://www.press.sk:80/?page=shop.flypage&product_id=224&category_id=6&option=com_phpshop"""",""""20080602054722",20080602054722,LISTING
http://www.press.sk:80/?page=shop.flypage&product_id=2418&category_id=6&option=com_phpshop,"https://web.archive.org/web/20080602054727/http://www.press.sk:80/?page=shop.flypage&product_id=2418&category_id=6&option=com_phpshop"""",""""20080602054727",20080602054727,LISTING
http://www.press.sk:80/?page=shop.flypage&product_id=2771&category_id=6&option=com_phpshop,"https://web.archive.org/web/20080602054732/http://www.press.sk:80/?page=shop.flypage&product_id=2771&category_id=6&option=com_phpshop"""",""""20080602054732",20080602054732,LISTING
http://www.press.sk:80/?page=shop.flypage&product_id=2943&category_id=6&option=com_phpshop,"https://web.archive.org/web/20080602054738/http://www.press.sk:80/?page=shop.flypage&product_id=2943&category_id=6&option=com_phpshop"""",""""20080602054738",20080602054738,LISTING
http://www.press.sk:80/?page=shop.flypage&product_id=3603&category_id=6&option=com_phpshop,"https://web.archive.org/web/20080602054744/http://www.press.sk:80/?page=shop.flypage&product_id=3603&category_id=6&option=com_phpshop"""",""""20080602054744",20080602054744,LISTING
http://www.press.sk:80/?page=shop.flypage&product_id=3604&category_id=6&option=com_phpshop,"https://web.archive.org/web/20080602054749/http://www.press.sk:80/?page=shop.flypage&product_id=3604&category_id=6&option=com_phpshop"""",""""20080602054749",20080602054749,LISTING
http://www.press.sk:80/?page=shop.flypage&product_id=3606&category_id=6&option=com_phpshop,"https://web.archive.org/web/20080602054754/http://www.press.sk:80/?page=shop.flypage&product_id=3606&category_id=6&option=com_phpshop"""",""""20080602054754",20080602054754,LISTING
http://www.press.sk:80/?page=shop.flypage&product_id=3607&category_id=6&option=com_phpshop,"https://web.archive.org/web/20080602054759/http://www.press.sk:80/?page=shop.flypage&product_id=3607&category_id=6&option=com_phpshop"""",""""20080602054759",20080602054759,LISTING
http://www.press.sk:80/?page=shop.flypage&product_id=3608&category_id=6&option=com_phpshop,"https://web.archive.org/web/20080602054804/http://www.press.sk:80/?page=shop.flypage&product_id=3608&category_id=6&option=com_phpshop"""",""""20080602054804",20080602054804,LISTING
http://www.press.sk:80/?page=shop.flypage&product_id=3610&category_id=6&option=com_phpshop,"https://web.archive.org/web/20080602054809/http://www.press.sk:80/?page=shop.flypage&product_id=3610&category_id=6&option=com_phpshop"""",""""20080602054809",20080602054809,LISTING
http://www.press.sk:80/?page=shop.flypage&product_id=3611&category_id=6&option=com_phpshop,"https://web.archive.org/web/20080602054815/http://www.press.sk:80/?page=shop.flypage&product_id=3611&category_id=6&option=com_phpshop"""",""""20080602054815",20080602054815,LISTING
http://www.press.sk:80/?page=shop.flypage&product_id=3614&category_id=6&option=com_phpshop,"https://web.archive.org/web/20080602054820/http://www.press.sk:80/?page=shop.flypage&product_id=3614&category_id=6&option=com_phpshop"""",""""20080602054820",20080602054820,LISTING
http://www.press.sk:80/?page=shop.flypage&product_id=3615&category_id=6&option=com_phpshop,"https://web.archive.org/web/20080602054826/http://www.press.sk:80/?page=shop.flypage&product_id=3615&category_id=6&option=com_phpshop"""",""""20080602054826",20080602054826,LISTING
http://www.press.sk:80/?page=shop.flypage&product_id=3616&category_id=6&option=com_phpshop,"https://web.archive.org/web/20080602054831/http://www.press.sk:80/?page=shop.flypage&product_id=3616&category_id=6&option=com_phpshop"""",""""20080602054831",20080602054831,LISTING
http://www.press.sk:80/?page=shop.flypage&product_id=3618&category_id=6&option=com_phpshop,"https://web.archive.org/web/20080602054836/http://www.press.sk:80/?page=shop.flypage&product_id=3618&category_id=6&option=com_phpshop"""",""""20080602054836",20080602054836,LISTING
http://www.press.sk:80/?page=shop.flypage&product_id=948&category_id=6&option=com_phpshop,"https://web.archive.org/web/20080602054841/http://www.press.sk:80/?page=shop.flypage&product_id=948&category_id=6&option=com_phpshop"""",""""20080602054841",20080602054841,LISTING
http://www.press.sk:80/?page=shop.flypage&product_id=957&category_id=6&option=com_phpshop,"https://web.archive.org/web/20080602054847/http://www.press.sk:80/?page=shop.flypage&product_id=957&category_id=6&option=com_phpshop"""",""""20080602054847",20080602054847,LISTING
http://www.press.sk:80/?page=shop.browse&offset=20&category_id=67&keyword=&manufacturer_id=&option=com_phpshop,"https://web.archive.org/web/20071213020703/http://www.press.sk:80/?page=shop.browse&offset=20&category_id=67&keyword=&manufacturer_id=&option=com_phpshop"""",""""20071213020703",20071213020703,LISTING
http://www.press.sk:80/?page=shop.flypage&product_id=1500&category_id=67&option=com_phpshop,"https://web.archive.org/web/20071212194819/http://www.press.sk:80/?page=shop.flypage&product_id=1500&category_id=67&option=com_phpshop"""",""""20071212194819",20071212194819,LISTING
http://www.press.sk:80/?page=shop.flypage&product_id=1501&category_id=67&option=com_phpshop,"https://web.archive.org/web/20071212194828/http://www.press.sk:80/?page=shop.flypage&product_id=1501&category_id=67&option=com_phpshop"""",""""20071212194828",20071212194828,LISTING
http://www.press.sk:80/?page=shop.flypage&product_id=1525&category_id=67&option=com_phpshop,"https://web.archive.org/web/20071212194831/http://www.press.sk:80/?page=shop.flypage&product_id=1525&category_id=67&option=com_phpshop"""",""""20071212194831",20071212194831,LISTING
http://www.press.sk:80/?page=shop.flypage&product_id=1526&category_id=67&option=com_phpshop,"https://web.archive.org/web/20071212194837/http://www.press.sk:80/?page=shop.flypage&product_id=1526&category_id=67&option=com_phpshop"""",""""20071212194837",20071212194837,LISTING
http://www.press.sk:80/?page=shop.flypage&product_id=2022&category_id=67&option=com_phpshop,"https://web.archive.org/web/20071212194841/http://www.press.sk:80/?page=shop.flypage&product_id=2022&category_id=67&option=com_phpshop"""",""""20071212194841",20071212194841,LISTING
http://www.press.sk:80/?page=shop.flypage&product_id=2196&category_id=67&option=com_phpshop,"https://web.archive.org/web/20071212194846/http://www.press.sk:80/?page=shop.flypage&product_id=2196&category_id=67&option=com_phpshop"""",""""20071212194846",20071212194846,LISTING
http://www.press.sk:80/?page=shop.flypage&product_id=2285&category_id=67&option=com_phpshop,"https://web.archive.org/web/20071212194851/http://www.press.sk:80/?page=shop.flypage&product_id=2285&category_id=67&option=com_phpshop"""",""""20071212194851",20071212194851,LISTING
http://www.press.sk:80/?page=shop.flypage&product_id=2379&category_id=67&option=com_phpshop,"https://web.archive.org/web/20071212194855/http://www.press.sk:80/?page=shop.flypage&product_id=2379&category_id=67&option=com_phpshop"""",""""20071212194855",20071212194855,LISTING
http://www.press.sk:80/?page=shop.flypage&product_id=2572&category_id=67&option=com_phpshop,"https://web.archive.org/web/20071212194901/http://www.press.sk:80/?page=shop.flypage&product_id=2572&category_id=67&option=com_phpshop"""",""""20071212194901",20071212194901,LISTING
http://www.press.sk:80/?page=shop.flypage&product_id=2948&category_id=67&option=com_phpshop,"https://web.archive.org/web/20071212194906/http://www.press.sk:80/?page=shop.flypage&product_id=2948&category_id=67&option=com_phpshop"""",""""20071212194906",20071212194906,LISTING
http://www.press.sk:80/?page=shop.flypage&product_id=3065&category_id=67&option=com_phpshop,"https://web.archive.org/web/20071212194911/http://www.press.sk:80/?page=shop.flypage&product_id=3065&category_id=67&option=com_phpshop"""",""""20071212194911",20071212194911,LISTING
http://www.press.sk:80/?page=shop.flypage&product_id=3261&category_id=67&option=com_phpshop,"https://web.archive.org/web/20071212194915/http://www.press.sk:80/?page=shop.flypage&product_id=3261&category_id=67&option=com_phpshop"""",""""20071212194915",20071212194915,LISTING
http://www.press.sk:80/?page=shop.flypage&product_id=3362&category_id=67&option=com_phpshop,"https://web.archive.org/web/20071212194920/http://www.press.sk:80/?page=shop.flypage&product_id=3362&category_id=67&option=com_phpshop"""",""""20071212194920",20071212194920,LISTING
http://www.press.sk:80/?page=shop.flypage&product_id=3678&category_id=67&option=com_phpshop,"https://web.archive.org/web/20071212194928/http://www.press.sk:80/?page=shop.flypage&product_id=3678&category_id=67&option=com_phpshop"""",""""20071212194928",20071212194928,LISTING
http://www.press.sk:80/?page=shop.flypage&product_id=3683&category_id=67&option=com_phpshop,"https://web.archive.org/web/20071212194932/http://www.press.sk:80/?page=shop.flypage&product_id=3683&category_id=67&option=com_phpshop"""",""""20071212194932",20071212194932,LISTING
http://www.press.sk:80/?page=shop.flypage&product_id=410&category_id=67&option=com_phpshop,"https://web.archive.org/web/20071212194935/http://www.press.sk:80/?page=shop.flypage&product_id=410&category_id=67&option=com_phpshop"""",""""20071212194935",20071212194935,LISTING
http://www.press.sk:80/?page=shop.flypage&product_id=500&category_id=67&option=com_phpshop,"https://web.archive.org/web/20071212194940/http://www.press.sk:80/?page=shop.flypage&product_id=500&category_id=67&option=com_phpshop"""",""""20071212194940",20071212194940,LISTING
http://www.press.sk:80/?page=shop.flypage&product_id=730&category_id=67&option=com_phpshop,"https://web.archive.org/web/20071212194945/http://www.press.sk:80/?page=shop.flypage&product_id=730&category_id=67&option=com_phpshop"""",""""20071212194945",20071212194945,LISTING
http://www.press.sk:80/?page=shop.flypage&product_id=731&category_id=67&option=com_phpshop,"https://web.archive.org/web/20071212194950/http://www.press.sk:80/?page=shop.flypage&product_id=731&category_id=67&option=com_phpshop"""",""""20071212194950",20071212194950,LISTING
http://www.press.sk:80/?page=shop.flypage&product_id=789&category_id=67&option=com_phpshop,"https://web.archive.org/web/20071212194956/http://www.press.sk:80/?page=shop.flypage&product_id=789&category_id=67&option=com_phpshop"""",""""20071212194956",20071212194956,LISTING
http://www.press.sk:80/?page=shop.browse&category_id=9&keyword=&offset=0&manufacturer_id=&option=com_phpshop,"https://web.archive.org/web/20080214054756/http://www.press.sk:80/?page=shop.browse&category_id=9&keyword=&offset=0&manufacturer_id=&option=com_phpshop"""",""""20080214054756",20080214054756,LISTING
http://www.press.sk:80/?page=shop.browse&category_id=9&keyword=&offset=0&manufacturer_id=&option=com_phpshop,"https://web.archive.org/web/20080420091252/http://www.press.sk:80/?page=shop.browse&category_id=9&keyword=&offset=0&manufacturer_id=&option=com_phpshop"""",""""20080420091252",20080420091252,LISTING
http://www.press.sk:80/?page=shop.browse&offset=20&category_id=9&keyword=&manufacturer_id=&option=com_phpshop,"https://web.archive.org/web/20071105212139/http://www.press.sk:80/?page=shop.browse&offset=20&category_id=9&keyword=&manufacturer_id=&option=com_phpshop"""",""""20071105212139",20071105212139,LISTING
http://www.press.sk:80/?page=shop.browse&offset=40&category_id=9&keyword=&manufacturer_id=&option=com_phpshop,"https://web.archive.org/web/20080214054802/http://www.press.sk:80/?page=shop.browse&offset=40&category_id=9&keyword=&manufacturer_id=&option=com_phpshop"""",""""20080214054802",20080214054802,LISTING
http://www.press.sk:80/?page=shop.browse&offset=40&category_id=9&keyword=&manufacturer_id=&option=com_phpshop,"https://web.archive.org/web/20080420092732/http://www.press.sk:80/?page=shop.browse&offset=40&category_id=9&keyword=&manufacturer_id=&option=com_phpshop"""",""""20080420092732",20080420092732,LISTING
http://www.press.sk:80/?page=shop.flypage&product_id=1173&category_id=9&option=com_phpshop,"https://web.archive.org/web/20071105164933/http://www.press.sk:80/?page=shop.flypage&product_id=1173&category_id=9&option=com_phpshop"""",""""20071105164933",20071105164933,LISTING
http://www.press.sk:80/?page=shop.flypage&product_id=1174&category_id=9&option=com_phpshop,"https://web.archive.org/web/20080214025838/http://www.press.sk:80/?page=shop.flypage&product_id=1174&category_id=9&option=com_phpshop"""",""""20080214025838",20080214025838,LISTING
http://www.press.sk:80/?page=shop.flypage&product_id=1174&category_id=9&option=com_phpshop,"https://web.archive.org/web/20080419143832/http://www.press.sk:80/?page=shop.flypage&product_id=1174&category_id=9&option=com_phpshop"""",""""20080419143832",20080419143832,LISTING
http://www.press.sk:80/?page=shop.flypage&product_id=12&category_id=9&option=com_phpshop,"https://web.archive.org/web/20071105164937/http://www.press.sk:80/?page=shop.flypage&product_id=12&category_id=9&option=com_phpshop"""",""""20071105164937",20071105164937,LISTING
http://www.press.sk:80/?page=shop.flypage&product_id=13&category_id=9&option=com_phpshop,"https://web.archive.org/web/20071105164942/http://www.press.sk:80/?page=shop.flypage&product_id=13&category_id=9&option=com_phpshop"""",""""20071105164942",20071105164942,LISTING
http://www.press.sk:80/?page=shop.flypage&product_id=1472&category_id=9&option=com_phpshop,"https://web.archive.org/web/20080214025844/http://www.press.sk:80/?page=shop.flypage&product_id=1472&category_id=9&option=com_phpshop"""",""""20080214025844",20080214025844,LISTING
http://www.press.sk:80/?page=shop.flypage&product_id=1712&category_id=9&option=com_phpshop,"https://web.archive.org/web/20080214025849/http://www.press.sk:80/?page=shop.flypage&product_id=1712&category_id=9&option=com_phpshop"""",""""20080214025849",20080214025849,LISTING
http://www.press.sk:80/?page=shop.flypage&product_id=1712&category_id=9&option=com_phpshop,"https://web.archive.org/web/20080419082427/http://www.press.sk:80/?page=shop.flypage&product_id=1712&category_id=9&option=com_phpshop"""",""""20080419082427",20080419082427,LISTING
http://www.press.sk:80/?page=shop.flypage&product_id=1715&category_id=9&option=com_phpshop,"https://web.archive.org/web/20080214025854/http://www.press.sk:80/?page=shop.flypage&product_id=1715&category_id=9&option=com_phpshop"""",""""20080214025854",20080214025854,LISTING
http://www.press.sk:80/?page=shop.flypage&product_id=1715&category_id=9&option=com_phpshop,"https://web.archive.org/web/20080419131053/http://www.press.sk:80/?page=shop.flypage&product_id=1715&category_id=9&option=com_phpshop"""",""""20080419131053",20080419131053,LISTING
http://www.press.sk:80/?page=shop.flypage&product_id=191&category_id=9&option=com_phpshop,"https://web.archive.org/web/20080214025859/http://www.press.sk:80/?page=shop.flypage&product_id=191&category_id=9&option=com_phpshop"""",""""20080214025859",20080214025859,LISTING
http://www.press.sk:80/?page=shop.flypage&product_id=191&category_id=9&option=com_phpshop,"https://web.archive.org/web/20080419120854/http://www.press.sk:80/?page=shop.flypage&product_id=191&category_id=9&option=com_phpshop"""",""""20080419120854",20080419120854,LISTING
http://www.press.sk:80/?page=shop.flypage&product_id=20&category_id=9&option=com_phpshop,"https://web.archive.org/web/20071105164947/http://www.press.sk:80/?page=shop.flypage&product_id=20&category_id=9&option=com_phpshop"""",""""20071105164947",20071105164947,LISTING
http://www.press.sk:80/?page=shop.flypage&product_id=21&category_id=9&option=com_phpshop,"https://web.archive.org/web/20071105164952/http://www.press.sk:80/?page=shop.flypage&product_id=21&category_id=9&option=com_phpshop"""",""""20071105164952",20071105164952,LISTING
http://www.press.sk:80/?page=shop.flypage&product_id=237&category_id=9&option=com_phpshop,"https://web.archive.org/web/20071105164957/http://www.press.sk:80/?page=shop.flypage&product_id=237&category_id=9&option=com_phpshop"""",""""20071105164957",20071105164957,LISTING
http://www.press.sk:80/?page=shop.flypage&product_id=2412&category_id=9&option=com_phpshop,"https://web.archive.org/web/20080214025904/http://www.press.sk:80/?page=shop.flypage&product_id=2412&category_id=9&option=com_phpshop"""",""""20080214025904",20080214025904,LISTING
http://www.press.sk:80/?page=shop.flypage&product_id=2412&category_id=9&option=com_phpshop,"https://web.archive.org/web/20080419114135/http://www.press.sk:80/?page=shop.flypage&product_id=2412&category_id=9&option=com_phpshop"""",""""20080419114135",20080419114135,LISTING
http://www.press.sk:80/?page=shop.flypage&product_id=2416&category_id=9&option=com_phpshop,"https://web.archive.org/web/20071105165002/http://www.press.sk:80/?page=shop.flypage&product_id=2416&category_id=9&option=com_phpshop"""",""""20071105165002",20071105165002,LISTING
http://www.press.sk:80/?page=shop.flypage&product_id=2445&category_id=9&option=com_phpshop,"https://web.archive.org/web/20080214025910/http://www.press.sk:80/?page=shop.flypage&product_id=2445&category_id=9&option=com_phpshop"""",""""20080214025910",20080214025910,LISTING
http://www.press.sk:80/?page=shop.flypage&product_id=2445&category_id=9&option=com_phpshop,"https://web.archive.org/web/20080419115512/http://www.press.sk:80/?page=shop.flypage&product_id=2445&category_id=9&option=com_phpshop"""",""""20080419115512",20080419115512,LISTING
http://www.press.sk:80/?page=shop.flypage&product_id=2603&category_id=9&option=com_phpshop,"https://web.archive.org/web/20071105165008/http://www.press.sk:80/?page=shop.flypage&product_id=2603&category_id=9&option=com_phpshop"""",""""20071105165008",20071105165008,LISTING
http://www.press.sk:80/?page=shop.flypage&product_id=2657&category_id=9&option=com_phpshop,"https://web.archive.org/web/20080214025915/http://www.press.sk:80/?page=shop.flypage&product_id=2657&category_id=9&option=com_phpshop"""",""""20080214025915",20080214025915,LISTING
http://www.press.sk:80/?page=shop.flypage&product_id=2657&category_id=9&option=com_phpshop,"https://web.archive.org/web/20080419142910/http://www.press.sk:80/?page=shop.flypage&product_id=2657&category_id=9&option=com_phpshop"""",""""20080419142910",20080419142910,LISTING
http://www.press.sk:80/?page=shop.flypage&product_id=2658&category_id=9&option=com_phpshop,"https://web.archive.org/web/20071105165013/http://www.press.sk:80/?page=shop.flypage&product_id=2658&category_id=9&option=com_phpshop"""",""""20071105165013",20071105165013,LISTING
http://www.press.sk:80/?page=shop.flypage&product_id=2659&category_id=9&option=com_phpshop,"https://web.archive.org/web/20071105165017/http://www.press.sk:80/?page=shop.flypage&product_id=2659&category_id=9&option=com_phpshop"""",""""20071105165017",20071105165017,LISTING
http://www.press.sk:80/?page=shop.flypage&product_id=2697&category_id=9&option=com_phpshop,"https://web.archive.org/web/20071105165023/http://www.press.sk:80/?page=shop.flypage&product_id=2697&category_id=9&option=com_phpshop"""",""""20071105165023",20071105165023,LISTING
http://www.press.sk:80/?page=shop.flypage&product_id=2698&category_id=9&option=com_phpshop,"https://web.archive.org/web/20071105165027/http://www.press.sk:80/?page=shop.flypage&product_id=2698&category_id=9&option=com_phpshop"""",""""20071105165027",20071105165027,LISTING
http://www.press.sk:80/?page=shop.flypage&product_id=2708&category_id=9&option=com_phpshop,"https://web.archive.org/web/20080214025920/http://www.press.sk:80/?page=shop.flypage&product_id=2708&category_id=9&option=com_phpshop"""",""""20080214025920",20080214025920,LISTING
http://www.press.sk:80/?page=shop.flypage&product_id=2708&category_id=9&option=com_phpshop,"https://web.archive.org/web/20080419120905/http://www.press.sk:80/?page=shop.flypage&product_id=2708&category_id=9&option=com_phpshop"""",""""20080419120905",20080419120905,LISTING
http://www.press.sk:80/?page=shop.flypage&product_id=2714&category_id=9&option=com_phpshop,"https://web.archive.org/web/20071105165033/http://www.press.sk:80/?page=shop.flypage&product_id=2714&category_id=9&option=com_phpshop"""",""""20071105165033",20071105165033,LISTING
http://www.press.sk:80/?page=shop.flypage&product_id=2818&category_id=9&option=com_phpshop,"https://web.archive.org/web/20071105165038/http://www.press.sk:80/?page=shop.flypage&product_id=2818&category_id=9&option=com_phpshop"""",""""20071105165038",20071105165038,LISTING
http://www.press.sk:80/?page=shop.flypage&product_id=2830&category_id=9&option=com_phpshop,"https://web.archive.org/web/20071105165043/http://www.press.sk:80/?page=shop.flypage&product_id=2830&category_id=9&option=com_phpshop"""",""""20071105165043",20071105165043,LISTING
http://www.press.sk:80/?page=shop.flypage&product_id=29&category_id=9&option=com_phpshop,"https://web.archive.org/web/20080214025925/http://www.press.sk:80/?page=shop.flypage&product_id=29&category_id=9&option=com_phpshop"""",""""20080214025925",20080214025925,LISTING
http://www.press.sk:80/?page=shop.flypage&product_id=29&category_id=9&option=com_phpshop,"https://web.archive.org/web/20080419143838/http://www.press.sk:80/?page=shop.flypage&product_id=29&category_id=9&option=com_phpshop"""",""""20080419143838",20080419143838,LISTING
http://www.press.sk:80/?page=shop.flypage&product_id=30&category_id=9&option=com_phpshop,"https://web.archive.org/web/20080214025930/http://www.press.sk:80/?page=shop.flypage&product_id=30&category_id=9&option=com_phpshop"""",""""20080214025930",20080214025930,LISTING
http://www.press.sk:80/?page=shop.flypage&product_id=30&category_id=9&option=com_phpshop,"https://web.archive.org/web/20080419131058/http://www.press.sk:80/?page=shop.flypage&product_id=30&category_id=9&option=com_phpshop"""",""""20080419131058",20080419131058,LISTING
http://www.press.sk:80/?page=shop.flypage&product_id=3123&category_id=9&option=com_phpshop,"https://web.archive.org/web/20080214025935/http://www.press.sk:80/?page=shop.flypage&product_id=3123&category_id=9&option=com_phpshop"""",""""20080214025935",20080214025935,LISTING
http://www.press.sk:80/?page=shop.flypage&product_id=3123&category_id=9&option=com_phpshop,"https://web.archive.org/web/20080419131103/http://www.press.sk:80/?page=shop.flypage&product_id=3123&category_id=9&option=com_phpshop"""",""""20080419131103",20080419131103,LISTING
http://www.press.sk:80/?page=shop.flypage&product_id=3124&category_id=9&option=com_phpshop,"https://web.archive.org/web/20080214025940/http://www.press.sk:80/?page=shop.flypage&product_id=3124&category_id=9&option=com_phpshop"""",""""20080214025940",20080214025940,LISTING
http://www.press.sk:80/?page=shop.flypage&product_id=3124&category_id=9&option=com_phpshop,"https://web.archive.org/web/20080419115124/http://www.press.sk:80/?page=shop.flypage&product_id=3124&category_id=9&option=com_phpshop"""",""""20080419115124",20080419115124,LISTING
http://www.press.sk:80/?page=shop.flypage&product_id=3161&category_id=9&option=com_phpshop,"https://web.archive.org/web/20071105165048/http://www.press.sk:80/?page=shop.flypage&product_id=3161&category_id=9&option=com_phpshop"""",""""20071105165048",20071105165048,LISTING
http://www.press.sk:80/?page=shop.flypage&product_id=3172&category_id=9&option=com_phpshop,"https://web.archive.org/web/20071105165053/http://www.press.sk:80/?page=shop.flypage&product_id=3172&category_id=9&option=com_phpshop"""",""""20071105165053",20071105165053,LISTING
http://www.press.sk:80/?page=shop.flypage&product_id=3543&category_id=9&option=com_phpshop,"https://web.archive.org/web/20071105165059/http://www.press.sk:80/?page=shop.flypage&product_id=3543&category_id=9&option=com_phpshop"""",""""20071105165059",20071105165059,LISTING
http://www.press.sk:80/?page=shop.flypage&product_id=3681&category_id=9&option=com_phpshop,"https://web.archive.org/web/20080214025945/http://www.press.sk:80/?page=shop.flypage&product_id=3681&category_id=9&option=com_phpshop"""",""""20080214025945",20080214025945,LISTING
http://www.press.sk:80/?page=shop.flypage&product_id=3681&category_id=9&option=com_phpshop,"https://web.archive.org/web/20080419142916/http://www.press.sk:80/?page=shop.flypage&product_id=3681&category_id=9&option=com_phpshop"""",""""20080419142916",20080419142916,LISTING
http://www.press.sk:80/?page=shop.flypage&product_id=43&category_id=9&option=com_phpshop,"https://web.archive.org/web/20080214025950/http://www.press.sk:80/?page=shop.flypage&product_id=43&category_id=9&option=com_phpshop"""",""""20080214025950",20080214025950,LISTING
http://www.press.sk:80/?page=shop.flypage&product_id=43&category_id=9&option=com_phpshop,"https://web.archive.org/web/20080419131108/http://www.press.sk:80/?page=shop.flypage&product_id=43&category_id=9&option=com_phpshop"""",""""20080419131108",20080419131108,LISTING
http://www.press.sk:80/?page=shop.flypage&product_id=445&category_id=9&option=com_phpshop,"https://web.archive.org/web/20071105165104/http://www.press.sk:80/?page=shop.flypage&product_id=445&category_id=9&option=com_phpshop"""",""""20071105165104",20071105165104,LISTING
http://www.press.sk:80/?page=shop.flypage&product_id=445&category_id=9&option=com_phpshop,"https://web.archive.org/web/20080214025956/http://www.press.sk:80/?page=shop.flypage&product_id=445&category_id=9&option=com_phpshop"""",""""20080214025956",20080214025956,LISTING
http://www.press.sk:80/?page=shop.flypage&product_id=445&category_id=9&option=com_phpshop,"https://web.archive.org/web/20080419131114/http://www.press.sk:80/?page=shop.flypage&product_id=445&category_id=9&option=com_phpshop"""",""""20080419131114",20080419131114,LISTING
http://www.press.sk:80/?page=shop.flypage&product_id=47&category_id=9&option=com_phpshop,"https://web.archive.org/web/20080214030002/http://www.press.sk:80/?page=shop.flypage&product_id=47&category_id=9&option=com_phpshop"""",""""20080214030002",20080214030002,LISTING
http://www.press.sk:80/?page=shop.flypage&product_id=47&category_id=9&option=com_phpshop,"https://web.archive.org/web/20080419120112/http://www.press.sk:80/?page=shop.flypage&product_id=47&category_id=9&option=com_phpshop"""",""""20080419120112",20080419120112,LISTING
http://www.press.sk:80/?page=shop.flypage&product_id=54&category_id=9&option=com_phpshop,"https://web.archive.org/web/20071105165109/http://www.press.sk:80/?page=shop.flypage&product_id=54&category_id=9&option=com_phpshop"""",""""20071105165109",20071105165109,LISTING
http://www.press.sk:80/?page=shop.flypage&product_id=59&category_id=9&option=com_phpshop,"https://web.archive.org/web/20080214030007/http://www.press.sk:80/?page=shop.flypage&product_id=59&category_id=9&option=com_phpshop"""",""""20080214030007",20080214030007,LISTING
http://www.press.sk:80/?page=shop.flypage&product_id=59&category_id=9&option=com_phpshop,"https://web.archive.org/web/20080419082432/http://www.press.sk:80/?page=shop.flypage&product_id=59&category_id=9&option=com_phpshop"""",""""20080419082432",20080419082432,LISTING
http://www.press.sk:80/?page=shop.flypage&product_id=742&category_id=9&option=com_phpshop,"https://web.archive.org/web/20080214030012/http://www.press.sk:80/?page=shop.flypage&product_id=742&category_id=9&option=com_phpshop"""",""""20080214030012",20080214030012,LISTING
http://www.press.sk:80/?page=shop.flypage&product_id=742&category_id=9&option=com_phpshop,"https://web.archive.org/web/20080419114140/http://www.press.sk:80/?page=shop.flypage&product_id=742&category_id=9&option=com_phpshop"""",""""20080419114140",20080419114140,LISTING
http://www.press.sk:80/?page=shop.flypage&product_id=889&category_id=9&option=com_phpshop,"https://web.archive.org/web/20080214030017/http://www.press.sk:80/?page=shop.flypage&product_id=889&category_id=9&option=com_phpshop"""",""""20080214030017",20080214030017,LISTING
http://www.press.sk:80/?page=shop.flypage&product_id=889&category_id=9&option=com_phpshop,"https://web.archive.org/web/20080419131118/http://www.press.sk:80/?page=shop.flypage&product_id=889&category_id=9&option=com_phpshop"""",""""20080419131118",20080419131118,LISTING
http://www.press.sk:80/article_info.php?cArticlePath=7_8&articles_id=6,"https://web.archive.org/web/20040611205057/http://www.press.sk:80/article_info.php?cArticlePath=7_8&articles_id=6"""",""""20040611205057",20040611205057,LISTING
