original_url;wayback_url;timestamp;type;products_found;;;
http://www.press.sk:80/audio/;https://web.archive.org/web/20170114194545/http://www.press.sk:80/audio/;2,02E+13;skip;0;;;
http://www.press.sk:80/audio/;https://web.archive.org/web/20170316055517/http://www.press.sk:80/audio/;2,02E+13;skip;0;;;
http://www.press.sk:80/audio/;https://web.archive.org/web/20170516121551/http://www.press.sk:80/audio/;2,02E+13;skip;0;;;
http://www.press.sk/audio/;https://web.archive.org/web/20170606072341/http://www.press.sk/audio/;2,02E+13;skip;0;;;
http://www.press.sk/bajky-a-povesti/;https://web.archive.org/web/20170615001328/http://www.press.sk/bajky-a-povesti/;2,02E+13;skip;0;;;
http://www.press.sk:80/bitva-o-berlin/;https://web.archive.org/web/20161213191922/http://www.press.sk:80/bitva-o-berlin/;2,02E+13;skip;0;;;
http://www.press.sk:80/bitva-o-berlin/;https://web.archive.org/web/20170213100336/http://www.press.sk:80/bitva-o-berlin/;2,02E+13;skip;0;;;
http://www.press.sk:80/bitva-o-berlin;https://web.archive.org/web/20170330210805/http://www.press.sk:80/bitva-o-berlin;2,02E+13;skip;0;;;
http://www.press.sk:80/bitva-o-berlin/;https://web.archive.org/web/20170415031652/http://www.press.sk:80/bitva-o-berlin/;2,02E+13;skip;0;;;
http://www.press.sk:80/bitva-o-berlin;https://web.archive.org/web/20170511084617/http://www.press.sk:80/bitva-o-berlin;2,02E+13;skip;0;;;
http://www.press.sk/bitva-o-berlin/;https://web.archive.org/web/20170610221929/http://www.press.sk/bitva-o-berlin/;2,02E+13;skip;0;;;
http://www.press.sk:80/bojova-vozidla;https://web.archive.org/web/20120225042323/http://www.press.sk:80/bojova-vozidla;2,01E+13;skip;0;;;
http://www.press.sk:80/bojova-vozidla/;https://web.archive.org/web/20120226165227/http://www.press.sk:80/bojova-vozidla/;2,01E+13;skip;0;;;
http://www.press.sk:80/bojova-vozidla;https://web.archive.org/web/20120420194452/http://www.press.sk:80/bojova-vozidla;2,01E+13;skip;0;;;
http://www.press.sk:80/bojova-vozidla/;https://web.archive.org/web/20120427140729/http://www.press.sk:80/bojova-vozidla/;2,01E+13;skip;0;;;
http://www.press.sk:80/bojova-vozidla;https://web.archive.org/web/20120621042837/http://www.press.sk:80/bojova-vozidla;2,01E+13;skip;0;;;
http://www.press.sk:80/bojova-vozidla/;https://web.archive.org/web/20120627055543/http://www.press.sk:80/bojova-vozidla/;2,01E+13;skip;0;;;
http://www.press.sk:80/bojova-vozidla;https://web.archive.org/web/20120818175445/http://www.press.sk:80/bojova-vozidla;2,01E+13;skip;0;;;
http://www.press.sk:80/bojova-vozidla/;https://web.archive.org/web/20120828152048/http://www.press.sk:80/bojova-vozidla/;2,01E+13;skip;0;;;
http://www.press.sk:80/bojova-vozidla;https://web.archive.org/web/20121028115839/http://www.press.sk:80/bojova-vozidla;2,01E+13;skip;0;;;
http://www.press.sk:80/bojova-vozidla;https://web.archive.org/web/20121230191921/http://www.press.sk:80/bojova-vozidla;2,01E+13;skip;0;;;
http://www.press.sk:80/bojova-vozidla;https://web.archive.org/web/20130308164018/http://www.press.sk:80/bojova-vozidla;2,01E+13;skip;0;;;
http://www.press.sk/bojova-vozidla/;https://web.archive.org/web/20130510195031/http://www.press.sk/bojova-vozidla/;2,01E+13;skip;0;;;
http://www.press.sk:80/bojova-vozidla;https://web.archive.org/web/20130527141129/http://www.press.sk:80/bojova-vozidla;2,01E+13;skip;0;;;
http://www.press.sk:80/bojova-vozidla/;https://web.archive.org/web/20140127033133/http://www.press.sk:80/bojova-vozidla/;2,01E+13;skip;0;;;
http://www.press.sk:80/bojova-vozidla;https://web.archive.org/web/20140803004201/http://www.press.sk:80/bojova-vozidla;2,01E+13;skip;0;;;
http://www.press.sk:80/bojova-vozidla/;https://web.archive.org/web/20140804120658/http://www.press.sk:80/bojova-vozidla/;2,01E+13;skip;0;;;
http://www.press.sk:80/bojova-vozidla;https://web.archive.org/web/20140915001525/http://www.press.sk:80/bojova-vozidla;2,01E+13;skip;0;;;
http://www.press.sk:80/bojova-vozidla/;https://web.archive.org/web/20141013083635/http://www.press.sk:80/bojova-vozidla/;2,01E+13;skip;0;;;
http://www.press.sk:80/bojova-vozidla/;https://web.archive.org/web/20150310140142/http://www.press.sk:80/bojova-vozidla/;2,02E+13;skip;0;;;
http://www.press.sk:80/bojova-vozidla/;https://web.archive.org/web/20151113193137/http://www.press.sk:80/bojova-vozidla/;2,02E+13;skip;0;;;
http://www.press.sk:80/bojova-vozidla/;https://web.archive.org/web/20160518062408/http://www.press.sk:80/bojova-vozidla/;2,02E+13;skip;0;;;
http://www.press.sk/bojova-vozidla/;https://web.archive.org/web/20160802164136/http://www.press.sk/bojova-vozidla/;2,02E+13;skip;0;;;
http://www.press.sk:80/bojova-vozidla/;https://web.archive.org/web/20161231054510/http://www.press.sk:80/bojova-vozidla/;2,02E+13;skip;0;;;
http://www.press.sk:80/bojove-umenia-a-sebaobrana/;https://web.archive.org/web/20081211050014/http://www.press.sk:80/bojove-umenia-a-sebaobrana/;2,01E+13;skip;0;;;
http://www.press.sk:80/bojove-umenia-a-sebaobrana/;https://web.archive.org/web/20081229155024/http://www.press.sk:80/bojove-umenia-a-sebaobrana/;2,01E+13;skip;0;;;
http://www.press.sk:80/bojove-umenia-a-sebaobrana/;https://web.archive.org/web/20090423070138/http://www.press.sk:80/bojove-umenia-a-sebaobrana/;2,01E+13;skip;0;;;
http://www.press.sk:80/bojove-umenia-a-sebaobrana/;https://web.archive.org/web/20090624143010/http://www.press.sk:80/bojove-umenia-a-sebaobrana/;2,01E+13;skip;0;;;
http://www.press.sk:80/bojove-umenia-a-sebaobrana/;https://web.archive.org/web/20091224201116/http://www.press.sk:80/bojove-umenia-a-sebaobrana/;2,01E+13;skip;0;;;
http://www.press.sk:80/bojove-umenia-a-sebaobrana/;https://web.archive.org/web/20110310183923/http://www.press.sk:80/bojove-umenia-a-sebaobrana/;2,01E+13;skip;0;;;
http://www.press.sk/bojove-umenia-a-sebaobrana/;https://web.archive.org/web/20110919022316/http://www.press.sk/bojove-umenia-a-sebaobrana/;2,01E+13;skip;0;;;
http://www.press.sk/bojove-umenia-a-sebaobrana/;https://web.archive.org/web/20130511023556/http://www.press.sk/bojove-umenia-a-sebaobrana/;2,01E+13;skip;0;;;
http://www.press.sk:80/bojove-umenia-a-sebaobrana/;https://web.archive.org/web/20131004160058/http://www.press.sk:80/bojove-umenia-a-sebaobrana/;2,01E+13;skip;0;;;
http://www.press.sk:80/bojove-umenia-a-sebaobrana/;https://web.archive.org/web/20140826171912/http://www.press.sk:80/bojove-umenia-a-sebaobrana/;2,01E+13;skip;0;;;
http://www.press.sk:80/bojove-umenia-a-sebaobrana/;https://web.archive.org/web/20160715114329/http://www.press.sk:80/bojove-umenia-a-sebaobrana/;2,02E+13;skip;0;;;
http://www.press.sk:80/bojove-umenia-a-sebaobrana/;https://web.archive.org/web/20160716132708/http://www.press.sk:80/bojove-umenia-a-sebaobrana/;2,02E+13;skip;0;;;
http://www.press.sk/bojove-umenia-a-sebaobrana/;https://web.archive.org/web/20160802134114/http://www.press.sk/bojove-umenia-a-sebaobrana/;2,02E+13;skip;0;;;
http://www.press.sk/bojove-umenia-a-sebaobrana/;https://web.archive.org/web/20170406085258/http://www.press.sk/bojove-umenia-a-sebaobrana/;2,02E+13;skip;0;;;
http://www.press.sk/bumik/;https://web.archive.org/web/20160407125139/http://www.press.sk/bumik/;2,02E+13;skip;0;;;
http://www.press.sk:80/bumik/;https://web.archive.org/web/20160508104643/http://www.press.sk:80/bumik/;2,02E+13;skip;0;;;
http://www.press.sk/bumik/;https://web.archive.org/web/20170406082601/http://www.press.sk/bumik/;2,02E+13;skip;0;;;
http://www.press.sk:80/byt-dom/;https://web.archive.org/web/20090214220100/http://www.press.sk:80/byt-dom/;2,01E+13;skip;0;;;
http://www.press.sk:80/byt-dom/;https://web.archive.org/web/20090420212756/http://www.press.sk:80/byt-dom/;2,01E+13;skip;0;;;
http://www.press.sk:80/byt-dom/;https://web.archive.org/web/20090911102826/http://www.press.sk:80/byt-dom/;2,01E+13;skip;0;;;
http://www.press.sk:80/byt-dom/;https://web.archive.org/web/20091204005407/http://www.press.sk:80/byt-dom/;2,01E+13;skip;0;;;
http://www.press.sk:80/byt-dom/;https://web.archive.org/web/20100307123426/http://www.press.sk:80/byt-dom/;2,01E+13;skip;0;;;
http://www.press.sk:80/byt-dom/;https://web.archive.org/web/20100507082327/http://www.press.sk:80/byt-dom/;2,01E+13;skip;0;;;
http://www.press.sk:80/byt-dom/;https://web.archive.org/web/20100905155319/http://www.press.sk:80/byt-dom/;2,01E+13;skip;0;;;
http://www.press.sk:80/byt-dom/;https://web.archive.org/web/20101221035903/http://www.press.sk:80/byt-dom/;2,01E+13;skip;0;;;
http://www.press.sk:80/byt-dom/;https://web.archive.org/web/20101222064224/http://www.press.sk:80/byt-dom/;2,01E+13;skip;0;;;
http://www.press.sk:80/byt-dom/;https://web.archive.org/web/20110326094936/http://www.press.sk:80/byt-dom/;2,01E+13;skip;0;;;
http://www.press.sk:80/byt-dom/;https://web.archive.org/web/20110526001235/http://www.press.sk:80/byt-dom/;2,01E+13;skip;0;;;
http://www.press.sk:80/byt-dom/;https://web.archive.org/web/20110727181727/http://www.press.sk:80/byt-dom/;2,01E+13;skip;0;;;
http://www.press.sk/byt-dom/;https://web.archive.org/web/20130511015454/http://www.press.sk/byt-dom/;2,01E+13;skip;0;;;
http://www.press.sk:80/byt-dom/;https://web.archive.org/web/20130713042130/http://www.press.sk:80/byt-dom/;2,01E+13;skip;0;;;
http://www.press.sk:80/byt-dom/;https://web.archive.org/web/20131108093227/http://www.press.sk:80/byt-dom/;2,01E+13;skip;0;;;
http://www.press.sk:80/byt-dom/;https://web.archive.org/web/20140912190302/http://www.press.sk:80/byt-dom/;2,01E+13;skip;0;;;
http://www.press.sk:80/byt-dom/;https://web.archive.org/web/20141015012322/http://www.press.sk:80/byt-dom/;2,01E+13;skip;0;;;
http://www.press.sk:80/byt-dom/;https://web.archive.org/web/20151103125344/http://www.press.sk:80/byt-dom/;2,02E+13;skip;0;;;
http://www.press.sk/byt-dom/;https://web.archive.org/web/20160802133333/http://www.press.sk/byt-dom/;2,02E+13;skip;0;;;
http://www.press.sk:80/byt-dom;https://web.archive.org/web/20160903072330/http://www.press.sk:80/byt-dom;2,02E+13;skip;0;;;
http://www.press.sk:80/byt-dom;https://web.archive.org/web/20161005003921/http://www.press.sk:80/byt-dom;2,02E+13;skip;0;;;
http://www.press.sk:80/byt-dom;https://web.archive.org/web/20161105145602/http://www.press.sk:80/byt-dom;2,02E+13;skip;0;;;
http://www.press.sk/byt-dom/;https://web.archive.org/web/20170406042214/http://www.press.sk/byt-dom/;2,02E+13;skip;0;;;
http://www.press.sk:80/byt-dom/;https://web.archive.org/web/20170429170013/http://www.press.sk:80/byt-dom/;2,02E+13;skip;0;;;
http://www.press.sk:80/byvanie-stavebnictvo/;https://web.archive.org/web/20081217032219/http://www.press.sk:80/byvanie-stavebnictvo/;2,01E+13;skip;0;;;
http://www.press.sk:80/byvanie-stavebnictvo/;https://web.archive.org/web/20090116094703/http://www.press.sk:80/byvanie-stavebnictvo/;2,01E+13;skip;0;;;
http://www.press.sk:80/byvanie-stavebnictvo;https://web.archive.org/web/20090127045315/http://www.press.sk:80/byvanie-stavebnictvo;2,01E+13;skip;0;;;
http://www.press.sk:80/byvanie-stavebnictvo/;https://web.archive.org/web/20090216042408/http://www.press.sk:80/byvanie-stavebnictvo/;2,01E+13;skip;0;;;
http://www.press.sk:80/byvanie-stavebnictvo;https://web.archive.org/web/20090227112248/http://www.press.sk:80/byvanie-stavebnictvo;2,01E+13;skip;0;;;
http://www.press.sk:80/byvanie-stavebnictvo/;https://web.archive.org/web/20090318163628/http://www.press.sk:80/byvanie-stavebnictvo/;2,01E+13;skip;0;;;
http://www.press.sk:80/byvanie-stavebnictvo;https://web.archive.org/web/20090330024917/http://www.press.sk:80/byvanie-stavebnictvo;2,01E+13;skip;0;;;
http://www.press.sk:80/byvanie-stavebnictvo/;https://web.archive.org/web/20090418133849/http://www.press.sk:80/byvanie-stavebnictvo/;2,01E+13;skip;0;;;
http://www.press.sk:80/byvanie-stavebnictvo/;https://web.archive.org/web/20090520065833/http://www.press.sk:80/byvanie-stavebnictvo/;2,01E+13;skip;0;;;
http://www.press.sk:80/byvanie-stavebnictvo/;https://web.archive.org/web/20091221050549/http://www.press.sk:80/byvanie-stavebnictvo/;2,01E+13;skip;0;;;
http://www.press.sk:80/byvanie-stavebnictvo;https://web.archive.org/web/20100119091018/http://www.press.sk:80/byvanie-stavebnictvo;2,01E+13;skip;0;;;
http://www.press.sk:80/byvanie-stavebnictvo/;https://web.archive.org/web/20100125073457/http://www.press.sk:80/byvanie-stavebnictvo/;2,01E+13;skip;0;;;
http://www.press.sk:80/byvanie-stavebnictvo;https://web.archive.org/web/20101012142517/http://www.press.sk:80/byvanie-stavebnictvo;2,01E+13;skip;0;;;
http://www.press.sk:80/byvanie-stavebnictvo;https://web.archive.org/web/20101112105503/http://www.press.sk:80/byvanie-stavebnictvo;2,01E+13;skip;0;;;
http://www.press.sk:80/byvanie-stavebnictvo;https://web.archive.org/web/20101216071618/http://www.press.sk:80/byvanie-stavebnictvo;2,01E+13;skip;0;;;
http://www.press.sk:80/byvanie-stavebnictvo/;https://web.archive.org/web/20101218003332/http://www.press.sk:80/byvanie-stavebnictvo/;2,01E+13;skip;0;;;
http://www.press.sk:80/byvanie-stavebnictvo/;https://web.archive.org/web/20110217043247/http://www.press.sk:80/byvanie-stavebnictvo/;2,01E+13;skip;0;;;
http://www.press.sk:80/byvanie-stavebnictvo;https://web.archive.org/web/20110418115503/http://www.press.sk:80/byvanie-stavebnictvo;2,01E+13;skip;0;;;
http://www.press.sk:80/byvanie-stavebnictvo/;https://web.archive.org/web/20110419093945/http://www.press.sk:80/byvanie-stavebnictvo/;2,01E+13;skip;0;;;
http://www.press.sk:80/byvanie-stavebnictvo;https://web.archive.org/web/20110520151909/http://www.press.sk:80/byvanie-stavebnictvo;2,01E+13;skip;0;;;
http://www.press.sk:80/byvanie-stavebnictvo/;https://web.archive.org/web/20110619031545/http://www.press.sk:80/byvanie-stavebnictvo/;2,01E+13;skip;0;;;
http://www.press.sk:80/byvanie-stavebnictvo;https://web.archive.org/web/20110622180941/http://www.press.sk:80/byvanie-stavebnictvo;2,01E+13;skip;0;;;
http://www.press.sk:80/byvanie-stavebnictvo/;https://web.archive.org/web/20110819021954/http://www.press.sk:80/byvanie-stavebnictvo/;2,01E+13;skip;0;;;
http://www.press.sk:80/byvanie-stavebnictvo;https://web.archive.org/web/20110831011307/http://www.press.sk:80/byvanie-stavebnictvo;2,01E+13;skip;0;;;
http://www.press.sk:80/byvanie-stavebnictvo;https://web.archive.org/web/20110913063505/http://www.press.sk:80/byvanie-stavebnictvo;2,01E+13;skip;0;;;
http://www.press.sk:80/byvanie-stavebnictvo/;https://web.archive.org/web/20111019173346/http://www.press.sk:80/byvanie-stavebnictvo/;2,01E+13;skip;0;;;
http://www.press.sk:80/byvanie-stavebnictvo/;https://web.archive.org/web/20111219110935/http://www.press.sk:80/byvanie-stavebnictvo/;2,01E+13;skip;0;;;
http://www.press.sk:80/byvanie-stavebnictvo/;https://web.archive.org/web/20120218044438/http://www.press.sk:80/byvanie-stavebnictvo/;2,01E+13;skip;0;;;
http://www.press.sk:80/byvanie-stavebnictvo/;https://web.archive.org/web/20120419091507/http://www.press.sk:80/byvanie-stavebnictvo/;2,01E+13;skip;0;;;
http://www.press.sk:80/byvanie-stavebnictvo/;https://web.archive.org/web/20120626060927/http://www.press.sk:80/byvanie-stavebnictvo/;2,01E+13;skip;0;;;
http://www.press.sk:80/byvanie-stavebnictvo/;https://web.archive.org/web/20120826183435/http://www.press.sk:80/byvanie-stavebnictvo/;2,01E+13;skip;0;;;
http://www.press.sk:80/byvanie-stavebnictvo/;https://web.archive.org/web/20121026214544/http://www.press.sk:80/byvanie-stavebnictvo/;2,01E+13;skip;0;;;
http://www.press.sk/byvanie-stavebnictvo/;https://web.archive.org/web/20130425085010/http://www.press.sk/byvanie-stavebnictvo/;2,01E+13;skip;0;;;
http://www.press.sk:80/byvanie-stavebnictvo/;https://web.archive.org/web/20130711075445/http://www.press.sk:80/byvanie-stavebnictvo/;2,01E+13;skip;0;;;
http://www.press.sk:80/byvanie-stavebnictvo/;https://web.archive.org/web/20130910093314/http://www.press.sk:80/byvanie-stavebnictvo/;2,01E+13;skip;0;;;
http://www.press.sk:80/byvanie-stavebnictvo/;https://web.archive.org/web/20140103024943/http://www.press.sk:80/byvanie-stavebnictvo/;2,01E+13;skip;0;;;
http://www.press.sk:80/byvanie-stavebnictvo/;https://web.archive.org/web/20140506005931/http://www.press.sk:80/byvanie-stavebnictvo/;2,01E+13;skip;0;;;
http://www.press.sk:80/byvanie-stavebnictvo/;https://web.archive.org/web/20140705230210/http://www.press.sk:80/byvanie-stavebnictvo/;2,01E+13;skip;0;;;
http://www.press.sk:80/byvanie-stavebnictvo/;https://web.archive.org/web/20140905052519/http://www.press.sk:80/byvanie-stavebnictvo/;2,01E+13;skip;0;;;
http://www.press.sk:80/byvanie-stavebnictvo/;https://web.archive.org/web/20141014090805/http://www.press.sk:80/byvanie-stavebnictvo/;2,01E+13;skip;0;;;
http://www.press.sk:80/byvanie-stavebnictvo/;https://web.archive.org/web/20141214113224/http://www.press.sk:80/byvanie-stavebnictvo/;2,01E+13;skip;0;;;
http://www.press.sk:80/byvanie-stavebnictvo/;https://web.archive.org/web/20150313155548/http://www.press.sk:80/byvanie-stavebnictvo/;2,02E+13;skip;0;;;
http://www.press.sk:80/byvanie-stavebnictvo/;https://web.archive.org/web/20150626222806/http://www.press.sk:80/byvanie-stavebnictvo/;2,02E+13;skip;0;;;
http://www.press.sk:80/byvanie-stavebnictvo/;https://web.archive.org/web/20150826042408/http://www.press.sk:80/byvanie-stavebnictvo/;2,02E+13;skip;0;;;
http://www.press.sk:80/byvanie-stavebnictvo/;https://web.archive.org/web/20151113000433/http://www.press.sk:80/byvanie-stavebnictvo/;2,02E+13;skip;0;;;
http://www.press.sk:80/byvanie-stavebnictvo/;https://web.archive.org/web/20160112120451/http://www.press.sk:80/byvanie-stavebnictvo/;2,02E+13;skip;0;;;
http://www.press.sk:80/byvanie-stavebnictvo;https://web.archive.org/web/20160125061323/http://www.press.sk:80/byvanie-stavebnictvo;2,02E+13;skip;0;;;
http://www.press.sk:80/byvanie-stavebnictvo;https://web.archive.org/web/20160226055412/http://www.press.sk:80/byvanie-stavebnictvo;2,02E+13;skip;0;;;
http://www.press.sk:80/byvanie-stavebnictvo/;https://web.archive.org/web/20160313065814/http://www.press.sk:80/byvanie-stavebnictvo/;2,02E+13;skip;0;;;
http://www.press.sk:80/byvanie-stavebnictvo;https://web.archive.org/web/20160402225002/http://www.press.sk:80/byvanie-stavebnictvo;2,02E+13;skip;0;;;
http://www.press.sk:80/byvanie-stavebnictvo;https://web.archive.org/web/20160404001152/http://www.press.sk:80/byvanie-stavebnictvo;2,02E+13;skip;0;;;
http://www.press.sk/byvanie-stavebnictvo/;https://web.archive.org/web/20160407004414/http://www.press.sk/byvanie-stavebnictvo/;2,02E+13;skip;0;;;
http://www.press.sk:80/byvanie-stavebnictvo;https://web.archive.org/web/20160513161816/http://www.press.sk:80/byvanie-stavebnictvo;2,02E+13;skip;0;;;
http://www.press.sk:80/byvanie-stavebnictvo/;https://web.archive.org/web/20160524164806/http://www.press.sk:80/byvanie-stavebnictvo/;2,02E+13;skip;0;;;
http://www.press.sk:80/byvanie-stavebnictvo/;https://web.archive.org/web/20160724164152/http://www.press.sk:80/byvanie-stavebnictvo/;2,02E+13;skip;0;;;
http://www.press.sk:80/byvanie-stavebnictvo;https://web.archive.org/web/20160906205135/http://www.press.sk:80/byvanie-stavebnictvo;2,02E+13;skip;0;;;
http://www.press.sk:80/byvanie-stavebnictvo/;https://web.archive.org/web/20160924074230/http://www.press.sk:80/byvanie-stavebnictvo/;2,02E+13;skip;0;;;
http://www.press.sk:80/byvanie-stavebnictvo;https://web.archive.org/web/20161008002240/http://www.press.sk:80/byvanie-stavebnictvo;2,02E+13;skip;0;;;
http://www.press.sk:80/byvanie-stavebnictvo;https://web.archive.org/web/20161109152333/http://www.press.sk:80/byvanie-stavebnictvo;2,02E+13;skip;0;;;
http://www.press.sk:80/byvanie-stavebnictvo/;https://web.archive.org/web/20161226003947/http://www.press.sk:80/byvanie-stavebnictvo/;2,02E+13;skip;0;;;
http://www.press.sk:80/byvanie-stavebnictvo/;https://web.archive.org/web/20170331180020/http://www.press.sk:80/byvanie-stavebnictvo/;2,02E+13;skip;0;;;
http://www.press.sk/byvanie-stavebnictvo/;https://web.archive.org/web/20170405214320/http://www.press.sk/byvanie-stavebnictvo/;2,02E+13;skip;0;;;
http://www.press.sk:80/byvanie-stavebnictvo/;https://web.archive.org/web/20170531093031/http://www.press.sk:80/byvanie-stavebnictvo/;2,02E+13;skip;0;;;
http://www.press.sk/byvanie-stavebnictvo/;https://web.archive.org/web/20170608082826/http://www.press.sk/byvanie-stavebnictvo/;2,02E+13;skip;0;;;
http://www.press.sk:80/canfora-publishing;https://web.archive.org/web/20160516133156/http://www.press.sk:80/canfora-publishing;2,02E+13;skip;0;;;
http://www.press.sk:80/canfora-publishing/;https://web.archive.org/web/20160519000431/http://www.press.sk:80/canfora-publishing/;2,02E+13;skip;0;;;
http://www.press.sk:80/canfora-publishing;https://web.archive.org/web/20160616080413/http://www.press.sk:80/canfora-publishing;2,02E+13;skip;0;;;
http://www.press.sk:80/canfora-publishing;https://web.archive.org/web/20160717024220/http://www.press.sk:80/canfora-publishing;2,02E+13;skip;0;;;
http://www.press.sk/canfora-publishing/;https://web.archive.org/web/20170405170806/http://www.press.sk/canfora-publishing/;2,02E+13;skip;0;;;
http://www.press.sk:80/cd/;https://web.archive.org/web/20090226193714/http://www.press.sk:80/cd/;2,01E+13;skip;0;;;
http://www.press.sk:80/cd/;https://web.archive.org/web/20090428135055/http://www.press.sk:80/cd/;2,01E+13;skip;0;;;
http://www.press.sk:80/cd;https://web.archive.org/web/20090515104032/http://www.press.sk:80/cd;2,01E+13;skip;0;;;
http://www.press.sk:80/cd/;https://web.archive.org/web/20091028200344/http://www.press.sk:80/cd/;2,01E+13;skip;0;;;
http://www.press.sk:80/cd/;https://web.archive.org/web/20091228103836/http://www.press.sk:80/cd/;2,01E+13;skip;0;;;
http://www.press.sk:80/cd;https://web.archive.org/web/20100111031957/http://www.press.sk:80/cd;2,01E+13;skip;0;;;
http://www.press.sk:80/cd/;https://web.archive.org/web/20100227175121/http://www.press.sk:80/cd/;2,01E+13;skip;0;;;
http://www.press.sk:80/cd/;https://web.archive.org/web/20100429195413/http://www.press.sk:80/cd/;2,01E+13;skip;0;;;
http://www.press.sk:80/cd/;https://web.archive.org/web/20100630175356/http://www.press.sk:80/cd/;2,01E+13;skip;0;;;
http://www.press.sk:80/cd/;https://web.archive.org/web/20100830224009/http://www.press.sk:80/cd/;2,01E+13;skip;0;;;
http://www.press.sk:80/cd/;https://web.archive.org/web/20101031071533/http://www.press.sk:80/cd/;2,01E+13;skip;0;;;
http://www.press.sk:80/cd;https://web.archive.org/web/20101218140414/http://www.press.sk:80/cd;2,01E+13;skip;0;;;
http://www.press.sk:80/cd/;https://web.archive.org/web/20101231083141/http://www.press.sk:80/cd/;2,01E+13;skip;0;;;
http://www.press.sk:80/cd;https://web.archive.org/web/20110118092447/http://www.press.sk:80/cd;2,01E+13;skip;0;;;
http://www.press.sk:80/cd;https://web.archive.org/web/20110119125536/http://www.press.sk:80/cd;2,01E+13;skip;0;;;
http://www.press.sk:80/cd/;https://web.archive.org/web/20110302205837/http://www.press.sk:80/cd/;2,01E+13;skip;0;;;
http://www.press.sk:80/cd/;https://web.archive.org/web/20110803173013/http://www.press.sk:80/cd/;2,01E+13;skip;0;;;
http://www.press.sk/cd/;https://web.archive.org/web/20110817115917/http://www.press.sk/cd/;2,01E+13;skip;0;;;
http://www.press.sk:80/cd/;https://web.archive.org/web/20111003021638/http://www.press.sk:80/cd/;2,01E+13;skip;0;;;
http://www.press.sk:80/cd/;https://web.archive.org/web/20120323140231/http://www.press.sk:80/cd/;2,01E+13;skip;0;;;
http://www.press.sk/cd/;https://web.archive.org/web/20130510224230/http://www.press.sk/cd/;2,01E+13;skip;0;;;
http://www.press.sk/cd/;https://web.archive.org/web/20140117023958/http://www.press.sk/cd/;2,01E+13;skip;0;;;
http://www.press.sk:80/cd/;https://web.archive.org/web/20140423083517/http://www.press.sk:80/cd/;2,01E+13;skip;0;;;
http://www.press.sk:80/cd/;https://web.archive.org/web/20140810071803/http://www.press.sk:80/cd/;2,01E+13;skip;0;;;
http://www.press.sk:80/cd/;https://web.archive.org/web/20150512103637/http://www.press.sk:80/cd/;2,02E+13;skip;0;;;
http://www.press.sk:80/cd/;https://web.archive.org/web/20160203085212/http://www.press.sk:80/cd/;2,02E+13;skip;0;;;
http://www.press.sk:80/cd/;https://web.archive.org/web/20160204001110/http://www.press.sk:80/cd/;2,02E+13;skip;0;;;
http://www.press.sk/cd/;https://web.archive.org/web/20160409033255/http://www.press.sk/cd/;2,02E+13;skip;0;;;
http://www.press.sk:80/cd/;https://web.archive.org/web/20160416064346/http://www.press.sk:80/cd/;2,02E+13;skip;0;;;
http://www.press.sk:80/cd;https://web.archive.org/web/20160916125811/http://www.press.sk:80/cd;2,02E+13;skip;0;;;
http://www.press.sk:80/cd;https://web.archive.org/web/20161018015910/http://www.press.sk:80/cd;2,02E+13;skip;0;;;
http://www.press.sk:80/cd;https://web.archive.org/web/20161118005841/http://www.press.sk:80/cd;2,02E+13;skip;0;;;
http://www.press.sk:80/cd-a-dvd/;https://web.archive.org/web/20170331180025/http://www.press.sk:80/cd-a-dvd/;2,02E+13;skip;0;;;
http://www.press.sk:80/cd-a-dvd/;https://web.archive.org/web/20170531092811/http://www.press.sk:80/cd-a-dvd/;2,02E+13;skip;0;;;
http://www.press.sk/cd-a-dvd/;https://web.archive.org/web/20170608082849/http://www.press.sk/cd-a-dvd/;2,02E+13;skip;0;;;
http://www.press.sk:80/cd/n;https://web.archive.org/web/20090517033149/http://www.press.sk:80/cd/n,a,30,0/;2,01E+13;skip;0;;;
http://www.press.sk:80/cd/n;https://web.archive.org/web/20101219153742/http://www.press.sk:80/cd/n,a,30,0/;2,01E+13;skip;0;;;
http://www.press.sk:80/cd/n;https://web.archive.org/web/20110218230702/http://www.press.sk:80/cd/n,a,30,0/;2,01E+13;skip;0;;;
http://www.press.sk:80/cd/n;https://web.archive.org/web/20090515104042/http://www.press.sk:80/cd/n,a,30,30;2,01E+13;skip;0;;;
http://www.press.sk:80/cd/n;https://web.archive.org/web/20090517070555/http://www.press.sk:80/cd/n,a,30,30/;2,01E+13;skip;0;;;
http://www.press.sk:80/cd/n;https://web.archive.org/web/20100107161104/http://www.press.sk:80/cd/n,a,30,30;2,01E+13;skip;0;;;
http://www.press.sk:80/cd/n;https://web.archive.org/web/20101218140419/http://www.press.sk:80/cd/n,a,30,30;2,01E+13;skip;0;;;
http://www.press.sk:80/cd/n;https://web.archive.org/web/20101219181108/http://www.press.sk:80/cd/n,a,30,30/;2,01E+13;skip;0;;;
http://www.press.sk:80/cd/n;https://web.archive.org/web/20110118161935/http://www.press.sk:80/cd/n,a,30,30;2,01E+13;skip;0;;;
http://www.press.sk:80/cd/n;https://web.archive.org/web/20110219044023/http://www.press.sk:80/cd/n,a,30,30;2,01E+13;skip;0;;;
http://www.press.sk:80/cd/n;https://web.archive.org/web/20110219052300/http://www.press.sk:80/cd/n,a,30,30/;2,01E+13;skip;0;;;
http://www.press.sk:80/cd/n;https://web.archive.org/web/20090517032934/http://www.press.sk:80/cd/n,a,30,60/;2,01E+13;skip;0;;;
http://www.press.sk:80/cd/n;https://web.archive.org/web/20090614081229/http://www.press.sk:80/cd/n,a,30,60;2,01E+13;skip;0;;;
http://www.press.sk:80/cd/n;https://web.archive.org/web/20100105120401/http://www.press.sk:80/cd/n,a,30,60;2,01E+13;skip;0;;;
http://www.press.sk:80/cd/n;https://web.archive.org/web/20101218140853/http://www.press.sk:80/cd/n,a,30,60;2,01E+13;skip;0;;;
http://www.press.sk:80/cd/n;https://web.archive.org/web/20101219181135/http://www.press.sk:80/cd/n,a,30,60/;2,01E+13;skip;0;;;
http://www.press.sk:80/cd/n;https://web.archive.org/web/20110118093833/http://www.press.sk:80/cd/n,a,30,60;2,01E+13;skip;0;;;
http://www.press.sk:80/cd/n;https://web.archive.org/web/20110119124618/http://www.press.sk:80/cd/n,a,30,60;2,01E+13;skip;0;;;
http://www.press.sk:80/cd/n;https://web.archive.org/web/20110219042443/http://www.press.sk:80/cd/n,a,30,60/;2,01E+13;skip;0;;;
http://www.press.sk:80/cd/n;https://web.archive.org/web/20090517033154/http://www.press.sk:80/cd/n,a,30,90/;2,01E+13;skip;0;;;
http://www.press.sk:80/cd/n;https://web.archive.org/web/20090614081240/http://www.press.sk:80/cd/n,a,30,90;2,01E+13;skip;0;;;
http://www.press.sk:80/cd/n;https://web.archive.org/web/20100106135518/http://www.press.sk:80/cd/n,a,30,90;2,01E+13;skip;0;;;
http://www.press.sk:80/cd/n;https://web.archive.org/web/20101218145504/http://www.press.sk:80/cd/n,a,30,90;2,01E+13;skip;0;;;
http://www.press.sk:80/cd/n;https://web.archive.org/web/20101219153802/http://www.press.sk:80/cd/n,a,30,90/;2,01E+13;skip;0;;;
http://www.press.sk:80/cd/n;https://web.archive.org/web/20110118093913/http://www.press.sk:80/cd/n,a,30,90;2,01E+13;skip;0;;;
http://www.press.sk:80/cd/n;https://web.archive.org/web/20110119130021/http://www.press.sk:80/cd/n,a,30,90;2,01E+13;skip;0;;;
http://www.press.sk:80/cd/n;https://web.archive.org/web/20110218230639/http://www.press.sk:80/cd/n,a,30,90/;2,01E+13;skip;0;;;
http://www.press.sk/cd/o;https://web.archive.org/web/20130622044122/http://www.press.sk/cd/o,a,30,120/;2,01E+13;skip;0;;;
http://www.press.sk:80/cd/o;https://web.archive.org/web/20160916125816/http://www.press.sk:80/cd/o,a,30,120;2,02E+13;skip;0;;;
http://www.press.sk:80/cd/o;https://web.archive.org/web/20161018020030/http://www.press.sk:80/cd/o,a,30,120;2,02E+13;skip;0;;;
http://www.press.sk:80/cd/o;https://web.archive.org/web/20161118002636/http://www.press.sk:80/cd/o,a,30,120;2,02E+13;skip;0;;;
http://www.press.sk:80/cd/o;https://web.archive.org/web/20160916125841/http://www.press.sk:80/cd/o,a,30,150;2,02E+13;skip;0;;;
http://www.press.sk:80/cd/o;https://web.archive.org/web/20161018015530/http://www.press.sk:80/cd/o,a,30,150;2,02E+13;skip;0;;;
http://www.press.sk:80/cd/o;https://web.archive.org/web/20161118005836/http://www.press.sk:80/cd/o,a,30,150;2,02E+13;skip;0;;;
http://www.press.sk/cd/o;https://web.archive.org/web/20130622045823/http://www.press.sk/cd/o,a,30,30/;2,01E+13;skip;0;;;
http://www.press.sk:80/cd/o;https://web.archive.org/web/20160916125846/http://www.press.sk:80/cd/o,a,30,30;2,02E+13;skip;0;;;
http://www.press.sk:80/cd/o;https://web.archive.org/web/20161018020044/http://www.press.sk:80/cd/o,a,30,30;2,02E+13;skip;0;;;
http://www.press.sk:80/cd/o;https://web.archive.org/web/20161118003212/http://www.press.sk:80/cd/o,a,30,30;2,02E+13;skip;0;;;
http://www.press.sk/cd/o;https://web.archive.org/web/20130622044456/http://www.press.sk/cd/o,a,30,60/;2,01E+13;skip;0;;;
http://www.press.sk:80/cd/o;https://web.archive.org/web/20160916125909/http://www.press.sk:80/cd/o,a,30,60;2,02E+13;skip;0;;;
http://www.press.sk:80/cd/o;https://web.archive.org/web/20161018015915/http://www.press.sk:80/cd/o,a,30,60;2,02E+13;skip;0;;;
http://www.press.sk:80/cd/o;https://web.archive.org/web/20161118000946/http://www.press.sk:80/cd/o,a,30,60;2,02E+13;skip;0;;;
http://www.press.sk/cd/o;https://web.archive.org/web/20130622041611/http://www.press.sk/cd/o,a,30,90/;2,01E+13;skip;0;;;
http://www.press.sk:80/cd/o;https://web.archive.org/web/20160916125942/http://www.press.sk:80/cd/o,a,30,90;2,02E+13;skip;0;;;
http://www.press.sk:80/cd/o;https://web.archive.org/web/20161018015640/http://www.press.sk:80/cd/o,a,30,90;2,02E+13;skip;0;;;
http://www.press.sk:80/cd/o;https://web.archive.org/web/20161118002710/http://www.press.sk:80/cd/o,a,30,90;2,02E+13;skip;0;;;
http://www.press.sk:80/cd/rozpravky-pre-najmensich/;https://web.archive.org/web/20090617073349/http://www.press.sk:80/cd/rozpravky-pre-najmensich/;2,01E+13;skip;0;;;
http://www.press.sk:80/cd/rozpravky-pre-najmensich/;https://web.archive.org/web/20101219232142/http://www.press.sk:80/cd/rozpravky-pre-najmensich/;2,01E+13;skip;0;;;
http://www.press.sk:80/cd/rozpravky-z-dalekych-krajin/;https://web.archive.org/web/20101219233207/http://www.press.sk:80/cd/rozpravky-z-dalekych-krajin/;2,01E+13;skip;0;;;
http://www.press.sk:80/cd/slovenske-ludove-rozpravky/;https://web.archive.org/web/20101219232147/http://www.press.sk:80/cd/slovenske-ludove-rozpravky/;2,01E+13;skip;0;;;
http://www.press.sk:80/cestopisy/;https://web.archive.org/web/20091025230040/http://www.press.sk:80/cestopisy/;2,01E+13;skip;0;;;
http://www.press.sk:80/cestopisy/;https://web.archive.org/web/20111205020043/http://www.press.sk:80/cestopisy/;2,01E+13;skip;0;;;
http://www.press.sk/cestopisy/;https://web.archive.org/web/20130511024230/http://www.press.sk/cestopisy/;2,01E+13;skip;0;;;
http://www.press.sk/cestopisy/;https://web.archive.org/web/20160802164634/http://www.press.sk/cestopisy/;2,02E+13;skip;0;;;
http://www.press.sk/cestopisy/;https://web.archive.org/web/20170406084859/http://www.press.sk/cestopisy/;2,02E+13;skip;0;;;
http://www.press.sk/cestopisy/;https://web.archive.org/web/20170614152507/http://www.press.sk/cestopisy/;2,02E+13;skip;0;;;
http://www.press.sk:80/chatar-zahradkar/;https://web.archive.org/web/20081027201335/http://www.press.sk:80/chatar-zahradkar/;2,01E+13;skip;0;;;
http://www.press.sk:80/chatar-zahradkar/;https://web.archive.org/web/20081207082743/http://www.press.sk:80/chatar-zahradkar/;2,01E+13;skip;0;;;
http://www.press.sk:80/chatar-zahradkar/;https://web.archive.org/web/20081217080651/http://www.press.sk:80/chatar-zahradkar/;2,01E+13;skip;0;;;
http://www.press.sk:80/chatar-zahradkar/;https://web.archive.org/web/20090123163249/http://www.press.sk:80/chatar-zahradkar/;2,01E+13;skip;0;;;
http://www.press.sk:80/chatar-zahradkar;https://web.archive.org/web/20090127045320/http://www.press.sk:80/chatar-zahradkar;2,01E+13;skip;0;;;
http://www.press.sk:80/chatar-zahradkar/;https://web.archive.org/web/20090224030223/http://www.press.sk:80/chatar-zahradkar/;2,01E+13;skip;0;;;
http://www.press.sk:80/chatar-zahradkar;https://web.archive.org/web/20090227110947/http://www.press.sk:80/chatar-zahradkar;2,01E+13;skip;0;;;
http://www.press.sk:80/chatar-zahradkar/;https://web.archive.org/web/20090327123231/http://www.press.sk:80/chatar-zahradkar/;2,01E+13;skip;0;;;
http://www.press.sk:80/chatar-zahradkar;https://web.archive.org/web/20090330024922/http://www.press.sk:80/chatar-zahradkar;2,01E+13;skip;0;;;
http://www.press.sk:80/chatar-zahradkar/;https://web.archive.org/web/20090428015841/http://www.press.sk:80/chatar-zahradkar/;2,01E+13;skip;0;;;
http://www.press.sk:80/chatar-zahradkar/;https://web.archive.org/web/20090529064710/http://www.press.sk:80/chatar-zahradkar/;2,01E+13;skip;0;;;
http://www.press.sk:80/chatar-zahradkar;https://web.archive.org/web/20100125130628/http://www.press.sk:80/chatar-zahradkar;2,01E+13;skip;0;;;
http://www.press.sk:80/chatar-zahradkar;https://web.archive.org/web/20100923235310/http://www.press.sk:80/chatar-zahradkar;2,01E+13;skip;0;;;
http://www.press.sk:80/chatar-zahradkar;https://web.archive.org/web/20101026010159/http://www.press.sk:80/chatar-zahradkar;2,01E+13;skip;0;;;
http://www.press.sk:80/chatar-zahradkar;https://web.archive.org/web/20101126135215/http://www.press.sk:80/chatar-zahradkar;2,01E+13;skip;0;;;
http://www.press.sk:80/chatar-zahradkar/;https://web.archive.org/web/20101218010859/http://www.press.sk:80/chatar-zahradkar/;2,01E+13;skip;0;;;
http://www.press.sk:80/chatar-zahradkar/;https://web.archive.org/web/20110217043852/http://www.press.sk:80/chatar-zahradkar/;2,01E+13;skip;0;;;
http://www.press.sk:80/chatar-zahradkar;https://web.archive.org/web/20110418125923/http://www.press.sk:80/chatar-zahradkar;2,01E+13;skip;0;;;
http://www.press.sk:80/chatar-zahradkar/;https://web.archive.org/web/20110419105343/http://www.press.sk:80/chatar-zahradkar/;2,01E+13;skip;0;;;
http://www.press.sk:80/chatar-zahradkar;https://web.archive.org/web/20110520145355/http://www.press.sk:80/chatar-zahradkar;2,01E+13;skip;0;;;
http://www.press.sk:80/chatar-zahradkar/;https://web.archive.org/web/20110621034958/http://www.press.sk:80/chatar-zahradkar/;2,01E+13;skip;0;;;
http://www.press.sk:80/chatar-zahradkar;https://web.archive.org/web/20110622185406/http://www.press.sk:80/chatar-zahradkar;2,01E+13;skip;0;;;
http://www.press.sk:80/chatar-zahradkar/;https://web.archive.org/web/20110821124749/http://www.press.sk:80/chatar-zahradkar/;2,01E+13;skip;0;;;
http://www.press.sk:80/chatar-zahradkar;https://web.archive.org/web/20110831014348/http://www.press.sk:80/chatar-zahradkar;2,01E+13;skip;0;;;
http://www.press.sk:80/chatar-zahradkar;https://web.archive.org/web/20110912032334/http://www.press.sk:80/chatar-zahradkar;2,01E+13;skip;0;;;
http://www.press.sk:80/chatar-zahradkar/;https://web.archive.org/web/20111021013855/http://www.press.sk:80/chatar-zahradkar/;2,01E+13;skip;0;;;
http://www.press.sk:80/chatar-zahradkar/;https://web.archive.org/web/20120219025116/http://www.press.sk:80/chatar-zahradkar/;2,01E+13;skip;0;;;
http://www.press.sk:80/chatar-zahradkar/;https://web.archive.org/web/20120419141953/http://www.press.sk:80/chatar-zahradkar/;2,01E+13;skip;0;;;
http://www.press.sk:80/chatar-zahradkar/;https://web.archive.org/web/20120625212558/http://www.press.sk:80/chatar-zahradkar/;2,01E+13;skip;0;;;
http://www.press.sk:80/chatar-zahradkar/;https://web.archive.org/web/20120826183440/http://www.press.sk:80/chatar-zahradkar/;2,01E+13;skip;0;;;
http://www.press.sk:80/chatar-zahradkar/;https://web.archive.org/web/20121026210716/http://www.press.sk:80/chatar-zahradkar/;2,01E+13;skip;0;;;
http://www.press.sk/chatar-zahradkar/;https://web.archive.org/web/20130425073013/http://www.press.sk/chatar-zahradkar/;2,01E+13;skip;0;;;
http://www.press.sk:80/chatar-zahradkar;https://web.archive.org/web/20130709220308/http://www.press.sk:80/chatar-zahradkar;2,01E+13;skip;0;;;
http://www.press.sk:80/chatar-zahradkar/;https://web.archive.org/web/20130711075020/http://www.press.sk:80/chatar-zahradkar/;2,01E+13;skip;0;;;
http://www.press.sk:80/chatar-zahradkar;https://web.archive.org/web/20130813113704/http://www.press.sk:80/chatar-zahradkar;2,01E+13;skip;0;;;
http://www.press.sk:80/chatar-zahradkar/;https://web.archive.org/web/20130910093048/http://www.press.sk:80/chatar-zahradkar/;2,01E+13;skip;0;;;
http://www.press.sk:80/chatar-zahradkar;https://web.archive.org/web/20130914142742/http://www.press.sk:80/chatar-zahradkar;2,01E+13;skip;0;;;
http://www.press.sk:80/chatar-zahradkar/;https://web.archive.org/web/20140103025310/http://www.press.sk:80/chatar-zahradkar/;2,01E+13;skip;0;;;
http://www.press.sk:80/chatar-zahradkar;https://web.archive.org/web/20140221073950/http://www.press.sk:80/chatar-zahradkar;2,01E+13;skip;0;;;
http://www.press.sk:80/chatar-zahradkar/;https://web.archive.org/web/20140506005936/http://www.press.sk:80/chatar-zahradkar/;2,01E+13;skip;0;;;
http://www.press.sk:80/chatar-zahradkar/;https://web.archive.org/web/20140705230215/http://www.press.sk:80/chatar-zahradkar/;2,01E+13;skip;0;;;
http://www.press.sk:80/chatar-zahradkar;https://web.archive.org/web/20140706020246/http://www.press.sk:80/chatar-zahradkar;2,01E+13;skip;0;;;
http://www.press.sk:80/chatar-zahradkar;https://web.archive.org/web/20140824094139/http://www.press.sk:80/chatar-zahradkar;2,01E+13;skip;0;;;
http://www.press.sk:80/chatar-zahradkar/;https://web.archive.org/web/20140904203410/http://www.press.sk:80/chatar-zahradkar/;2,01E+13;skip;0;;;
http://www.press.sk:80/chatar-zahradkar/;https://web.archive.org/web/20140906061431/http://www.press.sk:80/chatar-zahradkar/;2,01E+13;skip;0;;;
http://www.press.sk:80/chatar-zahradkar/;https://web.archive.org/web/20141014090810/http://www.press.sk:80/chatar-zahradkar/;2,01E+13;skip;0;;;
http://www.press.sk:80/chatar-zahradkar/;https://web.archive.org/web/20141214113229/http://www.press.sk:80/chatar-zahradkar/;2,01E+13;skip;0;;;
http://www.press.sk:80/chatar-zahradkar/;https://web.archive.org/web/20150313161558/http://www.press.sk:80/chatar-zahradkar/;2,02E+13;skip;0;;;
http://www.press.sk:80/chatar-zahradkar/;https://web.archive.org/web/20150626222812/http://www.press.sk:80/chatar-zahradkar/;2,02E+13;skip;0;;;
http://www.press.sk:80/chatar-zahradkar/;https://web.archive.org/web/20150826042414/http://www.press.sk:80/chatar-zahradkar/;2,02E+13;skip;0;;;
http://www.press.sk:80/chatar-zahradkar/;https://web.archive.org/web/20151113000533/http://www.press.sk:80/chatar-zahradkar/;2,02E+13;skip;0;;;
http://www.press.sk:80/chatar-zahradkar/;https://web.archive.org/web/20160112120456/http://www.press.sk:80/chatar-zahradkar/;2,02E+13;skip;0;;;
http://www.press.sk:80/chatar-zahradkar/;https://web.archive.org/web/20160313070752/http://www.press.sk:80/chatar-zahradkar/;2,02E+13;skip;0;;;
http://www.press.sk/chatar-zahradkar/;https://web.archive.org/web/20160407043508/http://www.press.sk/chatar-zahradkar/;2,02E+13;skip;0;;;
http://www.press.sk:80/chatar-zahradkar;https://web.archive.org/web/20160522135845/http://www.press.sk:80/chatar-zahradkar;2,02E+13;skip;0;;;
http://www.press.sk:80/chatar-zahradkar/;https://web.archive.org/web/20160524170602/http://www.press.sk:80/chatar-zahradkar/;2,02E+13;skip;0;;;
http://www.press.sk:80/chatar-zahradkar;https://web.archive.org/web/20160622082650/http://www.press.sk:80/chatar-zahradkar;2,02E+13;skip;0;;;
http://www.press.sk:80/chatar-zahradkar/;https://web.archive.org/web/20160724164157/http://www.press.sk:80/chatar-zahradkar/;2,02E+13;skip;0;;;
http://www.press.sk:80/chatar-zahradkar/;https://web.archive.org/web/20160924072904/http://www.press.sk:80/chatar-zahradkar/;2,02E+13;skip;0;;;
http://www.press.sk:80/chatar-zahradkar/;https://web.archive.org/web/20161226003952/http://www.press.sk:80/chatar-zahradkar/;2,02E+13;skip;0;;;
http://www.press.sk:80/chatar-zahradkar/;https://web.archive.org/web/20170331180548/http://www.press.sk:80/chatar-zahradkar/;2,02E+13;skip;0;;;
http://www.press.sk/chatar-zahradkar/;https://web.archive.org/web/20170405222718/http://www.press.sk/chatar-zahradkar/;2,02E+13;skip;0;;;
http://www.press.sk:80/chatar-zahradkar/;https://web.archive.org/web/20170531092815/http://www.press.sk:80/chatar-zahradkar/;2,02E+13;skip;0;;;
http://www.press.sk/chatar-zahradkar/;https://web.archive.org/web/20170608090026/http://www.press.sk/chatar-zahradkar/;2,02E+13;skip;0;;;
http://www.press.sk:80/chatar-zahradkar/o;a;30;30/;https://web.archive.org/web/20160524164055/http://www.press.sk:80/chatar-zahradkar/o,a,30,30/;2,02E+13;skip;0
http://www.press.sk:80/chatar-zahradkar/o;a;30;60/;https://web.archive.org/web/20160524170416/http://www.press.sk:80/chatar-zahradkar/o,a,30,60/;2,02E+13;skip;0
http://www.press.sk:80/chip-dvd/;https://web.archive.org/web/20150714163327/http://www.press.sk:80/chip-dvd/;2,02E+13;skip;0;;;
http://www.press.sk:80/chip-dvd/;https://web.archive.org/web/20151211161044/http://www.press.sk:80/chip-dvd/;2,02E+13;skip;0;;;
http://www.press.sk:80/chip-dvd/;https://web.archive.org/web/20160211190035/http://www.press.sk:80/chip-dvd/;2,02E+13;skip;0;;;
http://www.press.sk:80/chip-dvd/;https://web.archive.org/web/20160212093853/http://www.press.sk:80/chip-dvd/;2,02E+13;skip;0;;;
http://www.press.sk/chip-dvd/;https://web.archive.org/web/20160802152023/http://www.press.sk/chip-dvd/;2,02E+13;skip;0;;;
http://www.press.sk:80/chip-dvd/;https://web.archive.org/web/20161002082724/http://www.press.sk:80/chip-dvd/;2,02E+13;skip;0;;;
http://www.press.sk:80/chovatelstvo/;https://web.archive.org/web/20081211135245/http://www.press.sk:80/chovatelstvo/;2,01E+13;skip;0;;;
http://www.press.sk:80/chovatelstvo/;https://web.archive.org/web/20081224212538/http://www.press.sk:80/chovatelstvo/;2,01E+13;skip;0;;;
http://www.press.sk:80/chovatelstvo;https://web.archive.org/web/20090213075225/http://www.press.sk:80/chovatelstvo;2,01E+13;skip;0;;;
http://www.press.sk:80/chovatelstvo/;https://web.archive.org/web/20090223070831/http://www.press.sk:80/chovatelstvo/;2,01E+13;skip;0;;;
http://www.press.sk:80/chovatelstvo;https://web.archive.org/web/20090316031806/http://www.press.sk:80/chovatelstvo;2,01E+13;skip;0;;;
http://www.press.sk:80/chovatelstvo;https://web.archive.org/web/20090415193421/http://www.press.sk:80/chovatelstvo;2,01E+13;skip;0;;;
http://www.press.sk:80/chovatelstvo/;https://web.archive.org/web/20090424183929/http://www.press.sk:80/chovatelstvo/;2,01E+13;skip;0;;;
http://www.press.sk:80/chovatelstvo;https://web.archive.org/web/20090520060834/http://www.press.sk:80/chovatelstvo;2,01E+13;skip;0;;;
http://www.press.sk:80/chovatelstvo/;https://web.archive.org/web/20090625211907/http://www.press.sk:80/chovatelstvo/;2,01E+13;skip;0;;;
http://www.press.sk:80/chovatelstvo/;https://web.archive.org/web/20091028185913/http://www.press.sk:80/chovatelstvo/;2,01E+13;skip;0;;;
http://www.press.sk:80/chovatelstvo/;https://web.archive.org/web/20091228104826/http://www.press.sk:80/chovatelstvo/;2,01E+13;skip;0;;;
http://www.press.sk:80/chovatelstvo;https://web.archive.org/web/20100125065542/http://www.press.sk:80/chovatelstvo;2,01E+13;skip;0;;;
http://www.press.sk:80/chovatelstvo/;https://web.archive.org/web/20100325135544/http://www.press.sk:80/chovatelstvo/;2,01E+13;skip;0;;;
http://www.press.sk:80/chovatelstvo;https://web.archive.org/web/20100424012955/http://www.press.sk:80/chovatelstvo;2,01E+13;skip;0;;;
http://www.press.sk:80/chovatelstvo;https://web.archive.org/web/20100525073146/http://www.press.sk:80/chovatelstvo;2,01E+13;skip;0;;;
http://www.press.sk:80/chovatelstvo/;https://web.archive.org/web/20101004000349/http://www.press.sk:80/chovatelstvo/;2,01E+13;skip;0;;;
http://www.press.sk:80/chovatelstvo;https://web.archive.org/web/20110216032832/http://www.press.sk:80/chovatelstvo;2,01E+13;skip;0;;;
http://www.press.sk:80/chovatelstvo/;https://web.archive.org/web/20110217022150/http://www.press.sk:80/chovatelstvo/;2,01E+13;skip;0;;;
http://www.press.sk:80/chovatelstvo;https://web.archive.org/web/20110319090150/http://www.press.sk:80/chovatelstvo;2,01E+13;skip;0;;;
http://www.press.sk:80/chovatelstvo;https://web.archive.org/web/20110320121833/http://www.press.sk:80/chovatelstvo;2,01E+13;skip;0;;;
http://www.press.sk:80/chovatelstvo;https://web.archive.org/web/20110423221659/http://www.press.sk:80/chovatelstvo;2,01E+13;skip;0;;;
http://www.press.sk:80/chovatelstvo;https://web.archive.org/web/20110425001521/http://www.press.sk:80/chovatelstvo;2,01E+13;skip;0;;;
http://www.press.sk:80/chovatelstvo;https://web.archive.org/web/20110526082049/http://www.press.sk:80/chovatelstvo;2,01E+13;skip;0;;;
http://www.press.sk:80/chovatelstvo/;https://web.archive.org/web/20110627093322/http://www.press.sk:80/chovatelstvo/;2,01E+13;skip;0;;;
http://www.press.sk:80/chovatelstvo;https://web.archive.org/web/20110627195448/http://www.press.sk:80/chovatelstvo;2,01E+13;skip;0;;;
http://www.press.sk:80/chovatelstvo;https://web.archive.org/web/20110729083120/http://www.press.sk:80/chovatelstvo;2,01E+13;skip;0;;;
http://www.press.sk:80/chovatelstvo;https://web.archive.org/web/20110730095024/http://www.press.sk:80/chovatelstvo;2,01E+13;skip;0;;;
http://www.press.sk:80/chovatelstvo/;https://web.archive.org/web/20110827030125/http://www.press.sk:80/chovatelstvo/;2,01E+13;skip;0;;;
http://www.press.sk:80/chovatelstvo;https://web.archive.org/web/20110831012256/http://www.press.sk:80/chovatelstvo;2,01E+13;skip;0;;;
http://www.press.sk:80/chovatelstvo;https://web.archive.org/web/20110912081203/http://www.press.sk:80/chovatelstvo;2,01E+13;skip;0;;;
http://www.press.sk:80/chovatelstvo;https://web.archive.org/web/20120205004831/http://www.press.sk:80/chovatelstvo;2,01E+13;skip;0;;;
http://www.press.sk:80/chovatelstvo;https://web.archive.org/web/20120306163126/http://www.press.sk:80/chovatelstvo;2,01E+13;skip;0;;;
http://www.press.sk:80/chovatelstvo;https://web.archive.org/web/20120418151913/http://www.press.sk:80/chovatelstvo;2,01E+13;skip;0;;;
http://www.press.sk:80/chovatelstvo;https://web.archive.org/web/20120701112329/http://www.press.sk:80/chovatelstvo;2,01E+13;skip;0;;;
http://www.press.sk:80/chovatelstvo;https://web.archive.org/web/20120818175057/http://www.press.sk:80/chovatelstvo;2,01E+13;skip;0;;;
http://www.press.sk:80/chovatelstvo/;https://web.archive.org/web/20121018022156/http://www.press.sk:80/chovatelstvo/;2,01E+13;skip;0;;;
http://www.press.sk:80/chovatelstvo;https://web.archive.org/web/20121105162705/http://www.press.sk:80/chovatelstvo;2,01E+13;skip;0;;;
http://www.press.sk:80/chovatelstvo;https://web.archive.org/web/20121231085241/http://www.press.sk:80/chovatelstvo;2,01E+13;skip;0;;;
http://www.press.sk/chovatelstvo/;https://web.archive.org/web/20130511015651/http://www.press.sk/chovatelstvo/;2,01E+13;skip;0;;;
http://www.press.sk:80/chovatelstvo;https://web.archive.org/web/20130601091230/http://www.press.sk:80/chovatelstvo;2,01E+13;skip;0;;;
http://www.press.sk/chovatelstvo/;https://web.archive.org/web/20160802164904/http://www.press.sk/chovatelstvo/;2,02E+13;skip;0;;;
http://www.press.sk:80/chovatelstvo/;https://web.archive.org/web/20161104140403/http://www.press.sk:80/chovatelstvo/;2,02E+13;skip;0;;;
http://www.press.sk:80/chovatelstvo-124/;https://web.archive.org/web/20081217032224/http://www.press.sk:80/chovatelstvo-124/;2,01E+13;skip;0;;;
http://www.press.sk:80/chovatelstvo-124/;https://web.archive.org/web/20090116094707/http://www.press.sk:80/chovatelstvo-124/;2,01E+13;skip;0;;;
http://www.press.sk:80/chovatelstvo-124;https://web.archive.org/web/20090213083447/http://www.press.sk:80/chovatelstvo-124;2,01E+13;skip;0;;;
http://www.press.sk:80/chovatelstvo-124/;https://web.archive.org/web/20090216041941/http://www.press.sk:80/chovatelstvo-124/;2,01E+13;skip;0;;;
http://www.press.sk:80/chovatelstvo-124;https://web.archive.org/web/20090316031214/http://www.press.sk:80/chovatelstvo-124;2,01E+13;skip;0;;;
http://www.press.sk:80/chovatelstvo-124/;https://web.archive.org/web/20090318161404/http://www.press.sk:80/chovatelstvo-124/;2,01E+13;skip;0;;;
http://www.press.sk:80/chovatelstvo-124;https://web.archive.org/web/20090415193426/http://www.press.sk:80/chovatelstvo-124;2,01E+13;skip;0;;;
http://www.press.sk:80/chovatelstvo-124/;https://web.archive.org/web/20090418133916/http://www.press.sk:80/chovatelstvo-124/;2,01E+13;skip;0;;;
http://www.press.sk:80/chovatelstvo-124/;https://web.archive.org/web/20090520034916/http://www.press.sk:80/chovatelstvo-124/;2,01E+13;skip;0;;;
http://www.press.sk:80/chovatelstvo-124;https://web.archive.org/web/20090520060840/http://www.press.sk:80/chovatelstvo-124;2,01E+13;skip;0;;;
http://www.press.sk:80/chovatelstvo-124;https://web.archive.org/web/20100106121540/http://www.press.sk:80/chovatelstvo-124;2,01E+13;skip;0;;;
http://www.press.sk:80/chovatelstvo-124/;https://web.archive.org/web/20100127112205/http://www.press.sk:80/chovatelstvo-124/;2,01E+13;skip;0;;;
http://www.press.sk:80/chovatelstvo-124;https://web.archive.org/web/20101012142853/http://www.press.sk:80/chovatelstvo-124;2,01E+13;skip;0;;;
http://www.press.sk:80/chovatelstvo-124;https://web.archive.org/web/20101112101603/http://www.press.sk:80/chovatelstvo-124;2,01E+13;skip;0;;;
http://www.press.sk:80/chovatelstvo-124/;https://web.archive.org/web/20101218010906/http://www.press.sk:80/chovatelstvo-124/;2,01E+13;skip;0;;;
http://www.press.sk:80/chovatelstvo-124;https://web.archive.org/web/20101229231621/http://www.press.sk:80/chovatelstvo-124;2,01E+13;skip;0;;;
http://www.press.sk:80/chovatelstvo-124;https://web.archive.org/web/20110130161009/http://www.press.sk:80/chovatelstvo-124;2,01E+13;skip;0;;;
http://www.press.sk:80/chovatelstvo-124/;https://web.archive.org/web/20110217043252/http://www.press.sk:80/chovatelstvo-124/;2,01E+13;skip;0;;;
http://www.press.sk:80/chovatelstvo-124;https://web.archive.org/web/20110321081057/http://www.press.sk:80/chovatelstvo-124;2,01E+13;skip;0;;;
http://www.press.sk:80/chovatelstvo-124/;https://web.archive.org/web/20110419095956/http://www.press.sk:80/chovatelstvo-124/;2,01E+13;skip;0;;;
http://www.press.sk:80/chovatelstvo-124;https://web.archive.org/web/20110423225457/http://www.press.sk:80/chovatelstvo-124;2,01E+13;skip;0;;;
http://www.press.sk:80/chovatelstvo-124/;https://web.archive.org/web/20110621034940/http://www.press.sk:80/chovatelstvo-124/;2,01E+13;skip;0;;;
http://www.press.sk:80/chovatelstvo-124/;https://web.archive.org/web/20110821124808/http://www.press.sk:80/chovatelstvo-124/;2,01E+13;skip;0;;;
http://www.press.sk:80/chovatelstvo-124/;https://web.archive.org/web/20111021013940/http://www.press.sk:80/chovatelstvo-124/;2,01E+13;skip;0;;;
http://www.press.sk:80/chovatelstvo-124/;https://web.archive.org/web/20111220121047/http://www.press.sk:80/chovatelstvo-124/;2,01E+13;skip;0;;;
http://www.press.sk:80/chovatelstvo-124/;https://web.archive.org/web/20120219025131/http://www.press.sk:80/chovatelstvo-124/;2,01E+13;skip;0;;;
http://www.press.sk:80/chovatelstvo-124/;https://web.archive.org/web/20120419141958/http://www.press.sk:80/chovatelstvo-124/;2,01E+13;skip;0;;;
http://www.press.sk:80/chovatelstvo-124/;https://web.archive.org/web/20120626074402/http://www.press.sk:80/chovatelstvo-124/;2,01E+13;skip;0;;;
http://www.press.sk:80/chovatelstvo-124/;https://web.archive.org/web/20120826184759/http://www.press.sk:80/chovatelstvo-124/;2,01E+13;skip;0;;;
http://www.press.sk:80/chovatelstvo-124/;https://web.archive.org/web/20121026215116/http://www.press.sk:80/chovatelstvo-124/;2,01E+13;skip;0;;;
http://www.press.sk/chovatelstvo-124/;https://web.archive.org/web/20130425024302/http://www.press.sk/chovatelstvo-124/;2,01E+13;skip;0;;;
http://www.press.sk:80/chovatelstvo-124/;https://web.archive.org/web/20130711075842/http://www.press.sk:80/chovatelstvo-124/;2,01E+13;skip;0;;;
http://www.press.sk:80/chovatelstvo-124/;https://web.archive.org/web/20130910093053/http://www.press.sk:80/chovatelstvo-124/;2,01E+13;skip;0;;;
http://www.press.sk:80/chovatelstvo-124/;https://web.archive.org/web/20140103025316/http://www.press.sk:80/chovatelstvo-124/;2,01E+13;skip;0;;;
http://www.press.sk:80/chovatelstvo-124;https://web.archive.org/web/20140503204510/http://www.press.sk:80/chovatelstvo-124;2,01E+13;skip;0;;;
http://www.press.sk:80/chovatelstvo-124/;https://web.archive.org/web/20140506005941/http://www.press.sk:80/chovatelstvo-124/;2,01E+13;skip;0;;;
http://www.press.sk:80/chovatelstvo-124;https://web.archive.org/web/20140705052909/http://www.press.sk:80/chovatelstvo-124;2,01E+13;skip;0;;;
http://www.press.sk:80/chovatelstvo-124/;https://web.archive.org/web/20140705230220/http://www.press.sk:80/chovatelstvo-124/;2,01E+13;skip;0;;;
http://www.press.sk:80/chovatelstvo-124;https://web.archive.org/web/20140828024422/http://www.press.sk:80/chovatelstvo-124;2,01E+13;skip;0;;;
http://www.press.sk:80/chovatelstvo-124/;https://web.archive.org/web/20140906053850/http://www.press.sk:80/chovatelstvo-124/;2,01E+13;skip;0;;;
http://www.press.sk:80/chovatelstvo-124/;https://web.archive.org/web/20141014090437/http://www.press.sk:80/chovatelstvo-124/;2,01E+13;skip;0;;;
http://www.press.sk:80/chovatelstvo-124/;https://web.archive.org/web/20141214113234/http://www.press.sk:80/chovatelstvo-124/;2,01E+13;skip;0;;;
http://www.press.sk:80/chovatelstvo-124/;https://web.archive.org/web/20150313163105/http://www.press.sk:80/chovatelstvo-124/;2,02E+13;skip;0;;;
http://www.press.sk:80/chovatelstvo-124/;https://web.archive.org/web/20150626222817/http://www.press.sk:80/chovatelstvo-124/;2,02E+13;skip;0;;;
http://www.press.sk:80/chovatelstvo-124/;https://web.archive.org/web/20150826042418/http://www.press.sk:80/chovatelstvo-124/;2,02E+13;skip;0;;;
http://www.press.sk:80/chovatelstvo-124/;https://web.archive.org/web/20151113003631/http://www.press.sk:80/chovatelstvo-124/;2,02E+13;skip;0;;;
http://www.press.sk:80/chovatelstvo-124/;https://web.archive.org/web/20160112120502/http://www.press.sk:80/chovatelstvo-124/;2,02E+13;skip;0;;;
http://www.press.sk:80/chovatelstvo-124/;https://web.archive.org/web/20160313065146/http://www.press.sk:80/chovatelstvo-124/;2,02E+13;skip;0;;;
http://www.press.sk/chovatelstvo-124/;https://web.archive.org/web/20160407004329/http://www.press.sk/chovatelstvo-124/;2,02E+13;skip;0;;;
http://www.press.sk:80/chovatelstvo-124/;https://web.archive.org/web/20160524164115/http://www.press.sk:80/chovatelstvo-124/;2,02E+13;skip;0;;;
http://www.press.sk:80/chovatelstvo-124/;https://web.archive.org/web/20160724164202/http://www.press.sk:80/chovatelstvo-124/;2,02E+13;skip;0;;;
http://www.press.sk:80/chovatelstvo-124/;https://web.archive.org/web/20160924072909/http://www.press.sk:80/chovatelstvo-124/;2,02E+13;skip;0;;;
http://www.press.sk:80/chovatelstvo-124;https://web.archive.org/web/20161012174942/http://www.press.sk:80/chovatelstvo-124;2,02E+13;skip;0;;;
http://www.press.sk:80/chovatelstvo-124;https://web.archive.org/web/20161113173527/http://www.press.sk:80/chovatelstvo-124;2,02E+13;skip;0;;;
http://www.press.sk:80/chovatelstvo-124/;https://web.archive.org/web/20161226003957/http://www.press.sk:80/chovatelstvo-124/;2,02E+13;skip;0;;;
http://www.press.sk:80/chovatelstvo-124/o;https://web.archive.org/web/20161014152614/http://www.press.sk:80/chovatelstvo-124/o,a,30,30/;2,02E+13;skip;0;;;
http://www.press.sk:80/chovatelstvo/n;https://web.archive.org/web/20090420020619/http://www.press.sk:80/chovatelstvo/n,a,150,150/;2,01E+13;skip;0;;;
http://www.press.sk:80/chovatelstvo/n;https://web.archive.org/web/20090214130612/http://www.press.sk:80/chovatelstvo/n,a,30,0/;2,01E+13;skip;0;;;
http://www.press.sk:80/chovatelstvo/n;https://web.archive.org/web/20090418173525/http://www.press.sk:80/chovatelstvo/n,a,30,0;2,01E+13;skip;0;;;
http://www.press.sk:80/chovatelstvo/n;https://web.archive.org/web/20090419181809/http://www.press.sk:80/chovatelstvo/n,a,30,0/;2,01E+13;skip;0;;;
http://www.press.sk:80/chovatelstvo/n;https://web.archive.org/web/20090522070701/http://www.press.sk:80/chovatelstvo/n,a,30,0;2,01E+13;skip;0;;;
http://www.press.sk:80/chovatelstvo/n;https://web.archive.org/web/20110217022155/http://www.press.sk:80/chovatelstvo/n,a,30,0/;2,01E+13;skip;0;;;
http://www.press.sk:80/chovatelstvo/n;https://web.archive.org/web/20110912015249/http://www.press.sk:80/chovatelstvo/n,a,30,0/;2,01E+13;skip;0;;;
http://www.press.sk:80/chovatelstvo/n;https://web.archive.org/web/20090213075228/http://www.press.sk:80/chovatelstvo/n,a,30,120;2,01E+13;skip;0;;;
http://www.press.sk:80/chovatelstvo/n;https://web.archive.org/web/20090214131359/http://www.press.sk:80/chovatelstvo/n,a,30,120/;2,01E+13;skip;0;;;
http://www.press.sk:80/chovatelstvo/n;https://web.archive.org/web/20090316033914/http://www.press.sk:80/chovatelstvo/n,a,30,120;2,01E+13;skip;0;;;
http://www.press.sk:80/chovatelstvo/n;https://web.archive.org/web/20090415191710/http://www.press.sk:80/chovatelstvo/n,a,30,120;2,01E+13;skip;0;;;
http://www.press.sk:80/chovatelstvo/n;https://web.archive.org/web/20090419173501/http://www.press.sk:80/chovatelstvo/n,a,30,120/;2,01E+13;skip;0;;;
http://www.press.sk:80/chovatelstvo/n;https://web.archive.org/web/20090520070612/http://www.press.sk:80/chovatelstvo/n,a,30,120;2,01E+13;skip;0;;;
http://www.press.sk:80/chovatelstvo/n;https://web.archive.org/web/20100124045943/http://www.press.sk:80/chovatelstvo/n,a,30,120;2,01E+13;skip;0;;;
http://www.press.sk:80/chovatelstvo/n;https://web.archive.org/web/20100424012650/http://www.press.sk:80/chovatelstvo/n,a,30,120;2,01E+13;skip;0;;;
http://www.press.sk:80/chovatelstvo/n;https://web.archive.org/web/20100525071345/http://www.press.sk:80/chovatelstvo/n,a,30,120;2,01E+13;skip;0;;;
http://www.press.sk:80/chovatelstvo/n;https://web.archive.org/web/20110216034123/http://www.press.sk:80/chovatelstvo/n,a,30,120;2,01E+13;skip;0;;;
http://www.press.sk:80/chovatelstvo/n;https://web.archive.org/web/20110217022039/http://www.press.sk:80/chovatelstvo/n,a,30,120/;2,01E+13;skip;0;;;
http://www.press.sk:80/chovatelstvo/n;https://web.archive.org/web/20110319085759/http://www.press.sk:80/chovatelstvo/n,a,30,120;2,01E+13;skip;0;;;
http://www.press.sk:80/chovatelstvo/n;https://web.archive.org/web/20110320125916/http://www.press.sk:80/chovatelstvo/n,a,30,120;2,01E+13;skip;0;;;
http://www.press.sk:80/chovatelstvo/n;https://web.archive.org/web/20110426144113/http://www.press.sk:80/chovatelstvo/n,a,30,120;2,01E+13;skip;0;;;
http://www.press.sk:80/chovatelstvo/n;https://web.archive.org/web/20110529064111/http://www.press.sk:80/chovatelstvo/n,a,30,120;2,01E+13;skip;0;;;
http://www.press.sk:80/chovatelstvo/n;https://web.archive.org/web/20110629083946/http://www.press.sk:80/chovatelstvo/n,a,30,120;2,01E+13;skip;0;;;
http://www.press.sk:80/chovatelstvo/n;https://web.archive.org/web/20110630110618/http://www.press.sk:80/chovatelstvo/n,a,30,120;2,01E+13;skip;0;;;
http://www.press.sk:80/chovatelstvo/n;https://web.archive.org/web/20110731173208/http://www.press.sk:80/chovatelstvo/n,a,30,120;2,01E+13;skip;0;;;
http://www.press.sk:80/chovatelstvo/n;https://web.archive.org/web/20110831155850/http://www.press.sk:80/chovatelstvo/n,a,30,120;2,01E+13;skip;0;;;
http://www.press.sk:80/chovatelstvo/n;https://web.archive.org/web/20110912073336/http://www.press.sk:80/chovatelstvo/n,a,30,120/;2,01E+13;skip;0;;;
http://www.press.sk:80/chovatelstvo/n;https://web.archive.org/web/20110912102206/http://www.press.sk:80/chovatelstvo/n,a,30,120;2,01E+13;skip;0;;;
http://www.press.sk:80/chovatelstvo/n;https://web.archive.org/web/20090418173530/http://www.press.sk:80/chovatelstvo/n,a,30,150;2,01E+13;skip;0;;;
http://www.press.sk:80/chovatelstvo/n;https://web.archive.org/web/20090421101320/http://www.press.sk:80/chovatelstvo/n,a,30,150/;2,01E+13;skip;0;;;
http://www.press.sk:80/chovatelstvo/n;https://web.archive.org/web/20090522065115/http://www.press.sk:80/chovatelstvo/n,a,30,150;2,01E+13;skip;0;;;
http://www.press.sk:80/chovatelstvo/n;https://web.archive.org/web/20100109154913/http://www.press.sk:80/chovatelstvo/n,a,30,150;2,01E+13;skip;0;;;
http://www.press.sk:80/chovatelstvo/n;https://web.archive.org/web/20100424012735/http://www.press.sk:80/chovatelstvo/n,a,30,150;2,01E+13;skip;0;;;
http://www.press.sk:80/chovatelstvo/n;https://web.archive.org/web/20100525072407/http://www.press.sk:80/chovatelstvo/n,a,30,150;2,01E+13;skip;0;;;
http://www.press.sk:80/chovatelstvo/n;https://web.archive.org/web/20090213075232/http://www.press.sk:80/chovatelstvo/n,a,30,30;2,01E+13;skip;0;;;
http://www.press.sk:80/chovatelstvo/n;https://web.archive.org/web/20090214130615/http://www.press.sk:80/chovatelstvo/n,a,30,30/;2,01E+13;skip;0;;;
http://www.press.sk:80/chovatelstvo/n;https://web.archive.org/web/20090316031811/http://www.press.sk:80/chovatelstvo/n,a,30,30;2,01E+13;skip;0;;;
http://www.press.sk:80/chovatelstvo/n;https://web.archive.org/web/20090415191715/http://www.press.sk:80/chovatelstvo/n,a,30,30;2,01E+13;skip;0;;;
http://www.press.sk:80/chovatelstvo/n;https://web.archive.org/web/20090419181638/http://www.press.sk:80/chovatelstvo/n,a,30,30/;2,01E+13;skip;0;;;
http://www.press.sk:80/chovatelstvo/n;https://web.archive.org/web/20090522083019/http://www.press.sk:80/chovatelstvo/n,a,30,30;2,01E+13;skip;0;;;
http://www.press.sk:80/chovatelstvo/n;https://web.archive.org/web/20100109070752/http://www.press.sk:80/chovatelstvo/n,a,30,30;2,01E+13;skip;0;;;
http://www.press.sk:80/chovatelstvo/n;https://web.archive.org/web/20100424012008/http://www.press.sk:80/chovatelstvo/n,a,30,30;2,01E+13;skip;0;;;
http://www.press.sk:80/chovatelstvo/n;https://web.archive.org/web/20100525072751/http://www.press.sk:80/chovatelstvo/n,a,30,30;2,01E+13;skip;0;;;
http://www.press.sk:80/chovatelstvo/n;https://web.archive.org/web/20110216034633/http://www.press.sk:80/chovatelstvo/n,a,30,30;2,01E+13;skip;0;;;
http://www.press.sk:80/chovatelstvo/n;https://web.archive.org/web/20110217022200/http://www.press.sk:80/chovatelstvo/n,a,30,30/;2,01E+13;skip;0;;;
http://www.press.sk:80/chovatelstvo/n;https://web.archive.org/web/20110319085805/http://www.press.sk:80/chovatelstvo/n,a,30,30;2,01E+13;skip;0;;;
http://www.press.sk:80/chovatelstvo/n;https://web.archive.org/web/20110320125929/http://www.press.sk:80/chovatelstvo/n,a,30,30;2,01E+13;skip;0;;;
http://www.press.sk:80/chovatelstvo/n;https://web.archive.org/web/20110426141335/http://www.press.sk:80/chovatelstvo/n,a,30,30;2,01E+13;skip;0;;;
http://www.press.sk:80/chovatelstvo/n;https://web.archive.org/web/20110528021647/http://www.press.sk:80/chovatelstvo/n,a,30,30;2,01E+13;skip;0;;;
http://www.press.sk:80/chovatelstvo/n;https://web.archive.org/web/20110529065808/http://www.press.sk:80/chovatelstvo/n,a,30,30;2,01E+13;skip;0;;;
http://www.press.sk:80/chovatelstvo/n;https://web.archive.org/web/20110629084005/http://www.press.sk:80/chovatelstvo/n,a,30,30;2,01E+13;skip;0;;;
http://www.press.sk:80/chovatelstvo/n;https://web.archive.org/web/20110630110829/http://www.press.sk:80/chovatelstvo/n,a,30,30;2,01E+13;skip;0;;;
http://www.press.sk:80/chovatelstvo/n;https://web.archive.org/web/20110731180544/http://www.press.sk:80/chovatelstvo/n,a,30,30;2,01E+13;skip;0;;;
http://www.press.sk:80/chovatelstvo/n;https://web.archive.org/web/20110831152931/http://www.press.sk:80/chovatelstvo/n,a,30,30;2,01E+13;skip;0;;;
http://www.press.sk:80/chovatelstvo/n;https://web.archive.org/web/20110912064821/http://www.press.sk:80/chovatelstvo/n,a,30,30/;2,01E+13;skip;0;;;
http://www.press.sk:80/chovatelstvo/n;https://web.archive.org/web/20110913011054/http://www.press.sk:80/chovatelstvo/n,a,30,30;2,01E+13;skip;0;;;
http://www.press.sk:80/chovatelstvo/n;https://web.archive.org/web/20090213075238/http://www.press.sk:80/chovatelstvo/n,a,30,60;2,01E+13;skip;0;;;
http://www.press.sk:80/chovatelstvo/n;https://web.archive.org/web/20090214131114/http://www.press.sk:80/chovatelstvo/n,a,30,60/;2,01E+13;skip;0;;;
http://www.press.sk:80/chovatelstvo/n;https://web.archive.org/web/20090316031236/http://www.press.sk:80/chovatelstvo/n,a,30,60;2,01E+13;skip;0;;;
http://www.press.sk:80/chovatelstvo/n;https://web.archive.org/web/20090415193431/http://www.press.sk:80/chovatelstvo/n,a,30,60;2,01E+13;skip;0;;;
http://www.press.sk:80/chovatelstvo/n;https://web.archive.org/web/20090419181824/http://www.press.sk:80/chovatelstvo/n,a,30,60/;2,01E+13;skip;0;;;
http://www.press.sk:80/chovatelstvo/n;https://web.archive.org/web/20090520035738/http://www.press.sk:80/chovatelstvo/n,a,30,60;2,01E+13;skip;0;;;
http://www.press.sk:80/chovatelstvo/n;https://web.archive.org/web/20100106015342/http://www.press.sk:80/chovatelstvo/n,a,30,60;2,01E+13;skip;0;;;
http://www.press.sk:80/chovatelstvo/n;https://web.archive.org/web/20100424012013/http://www.press.sk:80/chovatelstvo/n,a,30,60;2,01E+13;skip;0;;;
http://www.press.sk:80/chovatelstvo/n;https://web.archive.org/web/20100525073151/http://www.press.sk:80/chovatelstvo/n,a,30,60;2,01E+13;skip;0;;;
http://www.press.sk:80/chovatelstvo/n;https://web.archive.org/web/20110216040031/http://www.press.sk:80/chovatelstvo/n,a,30,60;2,01E+13;skip;0;;;
http://www.press.sk:80/chovatelstvo/n;https://web.archive.org/web/20110217022045/http://www.press.sk:80/chovatelstvo/n,a,30,60/;2,01E+13;skip;0;;;
http://www.press.sk:80/chovatelstvo/n;https://web.archive.org/web/20110319091748/http://www.press.sk:80/chovatelstvo/n,a,30,60;2,01E+13;skip;0;;;
http://www.press.sk:80/chovatelstvo/n;https://web.archive.org/web/20110320123003/http://www.press.sk:80/chovatelstvo/n,a,30,60;2,01E+13;skip;0;;;
http://www.press.sk:80/chovatelstvo/n;https://web.archive.org/web/20110426142445/http://www.press.sk:80/chovatelstvo/n,a,30,60;2,01E+13;skip;0;;;
http://www.press.sk:80/chovatelstvo/n;https://web.archive.org/web/20110528022943/http://www.press.sk:80/chovatelstvo/n,a,30,60;2,01E+13;skip;0;;;
http://www.press.sk:80/chovatelstvo/n;https://web.archive.org/web/20110529070351/http://www.press.sk:80/chovatelstvo/n,a,30,60;2,01E+13;skip;0;;;
http://www.press.sk:80/chovatelstvo/n;https://web.archive.org/web/20110629084354/http://www.press.sk:80/chovatelstvo/n,a,30,60;2,01E+13;skip;0;;;
http://www.press.sk:80/chovatelstvo/n;https://web.archive.org/web/20110630090611/http://www.press.sk:80/chovatelstvo/n,a,30,60;2,01E+13;skip;0;;;
http://www.press.sk:80/chovatelstvo/n;https://web.archive.org/web/20110731173730/http://www.press.sk:80/chovatelstvo/n,a,30,60;2,01E+13;skip;0;;;
http://www.press.sk:80/chovatelstvo/n;https://web.archive.org/web/20110831162400/http://www.press.sk:80/chovatelstvo/n,a,30,60;2,01E+13;skip;0;;;
http://www.press.sk:80/chovatelstvo/n;https://web.archive.org/web/20110912032538/http://www.press.sk:80/chovatelstvo/n,a,30,60;2,01E+13;skip;0;;;
http://www.press.sk:80/chovatelstvo/n;https://web.archive.org/web/20110913084806/http://www.press.sk:80/chovatelstvo/n,a,30,60/;2,01E+13;skip;0;;;
http://www.press.sk:80/chovatelstvo/n;https://web.archive.org/web/20090213075244/http://www.press.sk:80/chovatelstvo/n,a,30,90;2,01E+13;skip;0;;;
http://www.press.sk:80/chovatelstvo/n;https://web.archive.org/web/20090214131417/http://www.press.sk:80/chovatelstvo/n,a,30,90/;2,01E+13;skip;0;;;
http://www.press.sk:80/chovatelstvo/n;https://web.archive.org/web/20090316031242/http://www.press.sk:80/chovatelstvo/n,a,30,90;2,01E+13;skip;0;;;
http://www.press.sk:80/chovatelstvo/n;https://web.archive.org/web/20090415192542/http://www.press.sk:80/chovatelstvo/n,a,30,90;2,01E+13;skip;0;;;
http://www.press.sk:80/chovatelstvo/n;https://web.archive.org/web/20090419181829/http://www.press.sk:80/chovatelstvo/n,a,30,90/;2,01E+13;skip;0;;;
http://www.press.sk:80/chovatelstvo/n;https://web.archive.org/web/20090520040342/http://www.press.sk:80/chovatelstvo/n,a,30,90;2,01E+13;skip;0;;;
http://www.press.sk:80/chovatelstvo/n;https://web.archive.org/web/20100110164105/http://www.press.sk:80/chovatelstvo/n,a,30,90;2,01E+13;skip;0;;;
http://www.press.sk:80/chovatelstvo/n;https://web.archive.org/web/20100424013000/http://www.press.sk:80/chovatelstvo/n,a,30,90;2,01E+13;skip;0;;;
http://www.press.sk:80/chovatelstvo/n;https://web.archive.org/web/20100525073220/http://www.press.sk:80/chovatelstvo/n,a,30,90;2,01E+13;skip;0;;;
http://www.press.sk:80/chovatelstvo/n;https://web.archive.org/web/20110216032207/http://www.press.sk:80/chovatelstvo/n,a,30,90;2,01E+13;skip;0;;;
http://www.press.sk:80/chovatelstvo/n;https://web.archive.org/web/20110217022205/http://www.press.sk:80/chovatelstvo/n,a,30,90/;2,01E+13;skip;0;;;
http://www.press.sk:80/chovatelstvo/n;https://web.archive.org/web/20110319093054/http://www.press.sk:80/chovatelstvo/n,a,30,90;2,01E+13;skip;0;;;
http://www.press.sk:80/chovatelstvo/n;https://web.archive.org/web/20110320132033/http://www.press.sk:80/chovatelstvo/n,a,30,90;2,01E+13;skip;0;;;
http://www.press.sk:80/chovatelstvo/n;https://web.archive.org/web/20110426143646/http://www.press.sk:80/chovatelstvo/n,a,30,90;2,01E+13;skip;0;;;
http://www.press.sk:80/chovatelstvo/n;https://web.archive.org/web/20110528021737/http://www.press.sk:80/chovatelstvo/n,a,30,90;2,01E+13;skip;0;;;
http://www.press.sk:80/chovatelstvo/n;https://web.archive.org/web/20110529065814/http://www.press.sk:80/chovatelstvo/n,a,30,90;2,01E+13;skip;0;;;
http://www.press.sk:80/chovatelstvo/n;https://web.archive.org/web/20110629081106/http://www.press.sk:80/chovatelstvo/n,a,30,90;2,01E+13;skip;0;;;
http://www.press.sk:80/chovatelstvo/n;https://web.archive.org/web/20110630110433/http://www.press.sk:80/chovatelstvo/n,a,30,90;2,01E+13;skip;0;;;
http://www.press.sk:80/chovatelstvo/n;https://web.archive.org/web/20110731173758/http://www.press.sk:80/chovatelstvo/n,a,30,90;2,01E+13;skip;0;;;
http://www.press.sk:80/chovatelstvo/n;https://web.archive.org/web/20110831162405/http://www.press.sk:80/chovatelstvo/n,a,30,90;2,01E+13;skip;0;;;
http://www.press.sk:80/chovatelstvo/n;https://web.archive.org/web/20110912090210/http://www.press.sk:80/chovatelstvo/n,a,30,90/;2,01E+13;skip;0;;;
http://www.press.sk:80/chovatelstvo/n;https://web.archive.org/web/20110913061805/http://www.press.sk:80/chovatelstvo/n,a,30,90;2,01E+13;skip;0;;;
http://www.press.sk:80/chovatelstvo/o;https://web.archive.org/web/20110912105256/http://www.press.sk:80/chovatelstvo/o,a,30,120/;2,01E+13;skip;0;;;
http://www.press.sk:80/chovatelstvo/o;https://web.archive.org/web/20120205004837/http://www.press.sk:80/chovatelstvo/o,a,30,120;2,01E+13;skip;0;;;
http://www.press.sk:80/chovatelstvo/o;https://web.archive.org/web/20120306153754/http://www.press.sk:80/chovatelstvo/o,a,30,120;2,01E+13;skip;0;;;
http://www.press.sk:80/chovatelstvo/o;https://web.archive.org/web/20120419185109/http://www.press.sk:80/chovatelstvo/o,a,30,120;2,01E+13;skip;0;;;
http://www.press.sk:80/chovatelstvo/o;https://web.archive.org/web/20120827021406/http://www.press.sk:80/chovatelstvo/o,a,30,120;2,01E+13;skip;0;;;
http://www.press.sk:80/chovatelstvo/o;https://web.archive.org/web/20121031165441/http://www.press.sk:80/chovatelstvo/o,a,30,120;2,01E+13;skip;0;;;
http://www.press.sk:80/chovatelstvo/o;https://web.archive.org/web/20121230155313/http://www.press.sk:80/chovatelstvo/o,a,30,120;2,01E+13;skip;0;;;
http://www.press.sk:80/chovatelstvo/o;https://web.archive.org/web/20130330203754/http://www.press.sk:80/chovatelstvo/o,a,30,120;2,01E+13;skip;0;;;
http://www.press.sk:80/chovatelstvo/o;https://web.archive.org/web/20130528132115/http://www.press.sk:80/chovatelstvo/o,a,30,120;2,01E+13;skip;0;;;
http://www.press.sk/chovatelstvo/o;https://web.archive.org/web/20130623023123/http://www.press.sk/chovatelstvo/o,a,30,120/;2,01E+13;skip;0;;;
http://www.press.sk/chovatelstvo/o;https://web.archive.org/web/20130623044826/http://www.press.sk/chovatelstvo/o,a,30,150/;2,01E+13;skip;0;;;
http://www.press.sk:80/chovatelstvo/o;https://web.archive.org/web/20110912071923/http://www.press.sk:80/chovatelstvo/o,a,30,30/;2,01E+13;skip;0;;;
http://www.press.sk:80/chovatelstvo/o;https://web.archive.org/web/20120205004843/http://www.press.sk:80/chovatelstvo/o,a,30,30;2,01E+13;skip;0;;;
http://www.press.sk:80/chovatelstvo/o;https://web.archive.org/web/20120306151856/http://www.press.sk:80/chovatelstvo/o,a,30,30;2,01E+13;skip;0;;;
http://www.press.sk:80/chovatelstvo/o;https://web.archive.org/web/20120418142823/http://www.press.sk:80/chovatelstvo/o,a,30,30;2,01E+13;skip;0;;;
http://www.press.sk:80/chovatelstvo/o;https://web.archive.org/web/20120829093142/http://www.press.sk:80/chovatelstvo/o,a,30,30;2,01E+13;skip;0;;;
http://www.press.sk:80/chovatelstvo/o;https://web.archive.org/web/20121031234040/http://www.press.sk:80/chovatelstvo/o,a,30,30;2,01E+13;skip;0;;;
http://www.press.sk:80/chovatelstvo/o;https://web.archive.org/web/20130102003316/http://www.press.sk:80/chovatelstvo/o,a,30,30;2,01E+13;skip;0;;;
http://www.press.sk:80/chovatelstvo/o;https://web.archive.org/web/20130601050044/http://www.press.sk:80/chovatelstvo/o,a,30,30;2,01E+13;skip;0;;;
http://www.press.sk/chovatelstvo/o;https://web.archive.org/web/20130622231231/http://www.press.sk/chovatelstvo/o,a,30,30/;2,01E+13;skip;0;;;
http://www.press.sk:80/chovatelstvo/o;https://web.archive.org/web/20110912150411/http://www.press.sk:80/chovatelstvo/o,a,30,60/;2,01E+13;skip;0;;;
http://www.press.sk:80/chovatelstvo/o;https://web.archive.org/web/20120205004848/http://www.press.sk:80/chovatelstvo/o,a,30,60;2,01E+13;skip;0;;;
http://www.press.sk:80/chovatelstvo/o;https://web.archive.org/web/20120306155232/http://www.press.sk:80/chovatelstvo/o,a,30,60;2,01E+13;skip;0;;;
http://www.press.sk:80/chovatelstvo/o;https://web.archive.org/web/20120419153032/http://www.press.sk:80/chovatelstvo/o,a,30,60;2,01E+13;skip;0;;;
http://www.press.sk:80/chovatelstvo/o;https://web.archive.org/web/20120629164720/http://www.press.sk:80/chovatelstvo/o,a,30,60;2,01E+13;skip;0;;;
http://www.press.sk:80/chovatelstvo/o;https://web.archive.org/web/20120826101710/http://www.press.sk:80/chovatelstvo/o,a,30,60;2,01E+13;skip;0;;;
http://www.press.sk:80/chovatelstvo/o;https://web.archive.org/web/20121104223326/http://www.press.sk:80/chovatelstvo/o,a,30,60;2,01E+13;skip;0;;;
http://www.press.sk:80/chovatelstvo/o;https://web.archive.org/web/20130103113748/http://www.press.sk:80/chovatelstvo/o,a,30,60;2,01E+13;skip;0;;;
http://www.press.sk:80/chovatelstvo/o;https://web.archive.org/web/20130530195417/http://www.press.sk:80/chovatelstvo/o,a,30,60;2,01E+13;skip;0;;;
http://www.press.sk/chovatelstvo/o;https://web.archive.org/web/20130622235106/http://www.press.sk/chovatelstvo/o,a,30,60/;2,01E+13;skip;0;;;
http://www.press.sk:80/chovatelstvo/o;https://web.archive.org/web/20110912074800/http://www.press.sk:80/chovatelstvo/o,a,30,90/;2,01E+13;skip;0;;;
http://www.press.sk:80/chovatelstvo/o;https://web.archive.org/web/20120205004853/http://www.press.sk:80/chovatelstvo/o,a,30,90;2,01E+13;skip;0;;;
http://www.press.sk:80/chovatelstvo/o;https://web.archive.org/web/20120306164616/http://www.press.sk:80/chovatelstvo/o,a,30,90;2,01E+13;skip;0;;;
http://www.press.sk:80/chovatelstvo/o;https://web.archive.org/web/20120419170744/http://www.press.sk:80/chovatelstvo/o,a,30,90;2,01E+13;skip;0;;;
http://www.press.sk:80/chovatelstvo/o;https://web.archive.org/web/20120626211639/http://www.press.sk:80/chovatelstvo/o,a,30,90;2,01E+13;skip;0;;;
http://www.press.sk:80/chovatelstvo/o;https://web.archive.org/web/20120828022411/http://www.press.sk:80/chovatelstvo/o,a,30,90;2,01E+13;skip;0;;;
http://www.press.sk:80/chovatelstvo/o;https://web.archive.org/web/20121104151039/http://www.press.sk:80/chovatelstvo/o,a,30,90;2,01E+13;skip;0;;;
http://www.press.sk:80/chovatelstvo/o;https://web.archive.org/web/20121228025118/http://www.press.sk:80/chovatelstvo/o,a,30,90;2,01E+13;skip;0;;;
http://www.press.sk:80/chovatelstvo/o;https://web.archive.org/web/20130529144602/http://www.press.sk:80/chovatelstvo/o,a,30,90;2,01E+13;skip;0;;;
http://www.press.sk/chovatelstvo/o;https://web.archive.org/web/20130623010714/http://www.press.sk/chovatelstvo/o,a,30,90/;2,01E+13;skip;0;;;
http://www.press.sk:80/cinove-figurky/;https://web.archive.org/web/20091106103759/http://www.press.sk:80/cinove-figurky/;2,01E+13;skip;0;;;
http://www.press.sk:80/cinove-figurky;https://web.archive.org/web/20091109015054/http://www.press.sk:80/cinove-figurky;2,01E+13;skip;0;;;
http://www.press.sk:80/cinove-figurky/;https://web.archive.org/web/20100106034143/http://www.press.sk:80/cinove-figurky/;2,01E+13;skip;0;;;
http://www.press.sk:80/cinove-figurky;https://web.archive.org/web/20100127163250/http://www.press.sk:80/cinove-figurky;2,01E+13;skip;0;;;
http://www.press.sk:80/cinove-figurky/;https://web.archive.org/web/20100307132225/http://www.press.sk:80/cinove-figurky/;2,01E+13;skip;0;;;
http://www.press.sk:80/cinove-figurky;https://web.archive.org/web/20100501073938/http://www.press.sk:80/cinove-figurky;2,01E+13;skip;0;;;
http://www.press.sk:80/cinove-figurky/;https://web.archive.org/web/20100506234607/http://www.press.sk:80/cinove-figurky/;2,01E+13;skip;0;;;
http://www.press.sk:80/cinove-figurky/;https://web.archive.org/web/20100707063834/http://www.press.sk:80/cinove-figurky/;2,01E+13;skip;0;;;
http://www.press.sk:80/cinove-figurky/;https://web.archive.org/web/20100905200304/http://www.press.sk:80/cinove-figurky/;2,01E+13;skip;0;;;
http://www.press.sk:80/cinove-figurky;https://web.archive.org/web/20100924000925/http://www.press.sk:80/cinove-figurky;2,01E+13;skip;0;;;
http://www.press.sk:80/cinove-figurky;https://web.archive.org/web/20101026010215/http://www.press.sk:80/cinove-figurky;2,01E+13;skip;0;;;
http://www.press.sk:80/cinove-figurky/;https://web.archive.org/web/20101106100919/http://www.press.sk:80/cinove-figurky/;2,01E+13;skip;0;;;
http://www.press.sk:80/cinove-figurky;https://web.archive.org/web/20101126140027/http://www.press.sk:80/cinove-figurky;2,01E+13;skip;0;;;
http://www.press.sk:80/cinove-figurky/;https://web.archive.org/web/20110106174604/http://www.press.sk:80/cinove-figurky/;2,01E+13;skip;0;;;
http://www.press.sk:80/cinove-figurky;https://web.archive.org/web/20110303001659/http://www.press.sk:80/cinove-figurky;2,01E+13;skip;0;;;
http://www.press.sk:80/cinove-figurky/;https://web.archive.org/web/20110308035817/http://www.press.sk:80/cinove-figurky/;2,01E+13;skip;0;;;
http://www.press.sk:80/cinove-figurky;https://web.archive.org/web/20110403154226/http://www.press.sk:80/cinove-figurky;2,01E+13;skip;0;;;
http://www.press.sk:80/cinove-figurky;https://web.archive.org/web/20110504224129/http://www.press.sk:80/cinove-figurky;2,01E+13;skip;0;;;
http://www.press.sk:80/cinove-figurky/;https://web.archive.org/web/20110508022413/http://www.press.sk:80/cinove-figurky/;2,01E+13;skip;0;;;
http://www.press.sk:80/cinove-figurky;https://web.archive.org/web/20110606010704/http://www.press.sk:80/cinove-figurky;2,01E+13;skip;0;;;
http://www.press.sk:80/cinove-figurky;https://web.archive.org/web/20110707232254/http://www.press.sk:80/cinove-figurky;2,01E+13;skip;0;;;
http://www.press.sk:80/cinove-figurky/;https://web.archive.org/web/20110708072737/http://www.press.sk:80/cinove-figurky/;2,01E+13;skip;0;;;
http://www.press.sk:80/cinove-figurky;https://web.archive.org/web/20110808063627/http://www.press.sk:80/cinove-figurky;2,01E+13;skip;0;;;
http://www.press.sk:80/cinove-figurky/;https://web.archive.org/web/20110906170043/http://www.press.sk:80/cinove-figurky/;2,01E+13;skip;0;;;
http://www.press.sk:80/cinove-figurky/n;https://web.archive.org/web/20100927074631/http://www.press.sk:80/cinove-figurky/n,a,30,120/;2,01E+13;skip;0;;;
http://www.press.sk:80/cinove-figurky/n;https://web.archive.org/web/20100927080437/http://www.press.sk:80/cinove-figurky/n,a,30,240/;2,01E+13;skip;0;;;
http://www.press.sk:80/cinove-figurky/n;https://web.archive.org/web/20100925121052/http://www.press.sk:80/cinove-figurky/n,a,30,270/;2,01E+13;skip;0;;;
http://www.press.sk:80/cinove-figurky/n;https://web.archive.org/web/20091109022240/http://www.press.sk:80/cinove-figurky/n,a,30,30;2,01E+13;skip;0;;;
http://www.press.sk:80/cinove-figurky/n;https://web.archive.org/web/20100126030541/http://www.press.sk:80/cinove-figurky/n,a,30,30;2,01E+13;skip;0;;;
http://www.press.sk:80/cinove-figurky/n;https://web.archive.org/web/20100925121058/http://www.press.sk:80/cinove-figurky/n,a,30,30/;2,01E+13;skip;0;;;
http://www.press.sk:80/cinove-figurky/n;https://web.archive.org/web/20100927081625/http://www.press.sk:80/cinove-figurky/n,a,30,60/;2,01E+13;skip;0;;;
http://www.press.sk:80/cinove-figurky/n;https://web.archive.org/web/20100927084430/http://www.press.sk:80/cinove-figurky/n,a,30,90/;2,01E+13;skip;0;;;
http://www.press.sk:80/claude-joachim;https://web.archive.org/web/20160516140757/http://www.press.sk:80/claude-joachim;2,02E+13;skip;0;;;
http://www.press.sk:80/claude-joachim/;https://web.archive.org/web/20160517233826/http://www.press.sk:80/claude-joachim/;2,02E+13;skip;0;;;
http://www.press.sk:80/claude-joachim/;https://web.archive.org/web/20160519000532/http://www.press.sk:80/claude-joachim/;2,02E+13;skip;0;;;
http://www.press.sk:80/claude-joachim;https://web.archive.org/web/20160616080142/http://www.press.sk:80/claude-joachim;2,02E+13;skip;0;;;
http://www.press.sk/claude-joachim/;https://web.archive.org/web/20170405173616/http://www.press.sk/claude-joachim/;2,02E+13;skip;0;;;
http://www.press.sk:80/dc-komiksovy-komplet;https://web.archive.org/web/20170424063617/http://www.press.sk:80/dc-komiksovy-komplet;2,02E+13;skip;0;;;
http://www.press.sk:80/dc-komiksovy-komplet;https://web.archive.org/web/20170526031107/http://www.press.sk:80/dc-komiksovy-komplet;2,02E+13;skip;0;;;
http://www.press.sk:80/dc-komiksovy-komplet/;https://web.archive.org/web/20170531202443/http://www.press.sk:80/dc-komiksovy-komplet/;2,02E+13;skip;0;;;
http://www.press.sk/dc-komiksovy-komplet/;https://web.archive.org/web/20170606153021/http://www.press.sk/dc-komiksovy-komplet/;2,02E+13;skip;0;;;
http://www.press.sk:80/de-agostini/;https://web.archive.org/web/20110912150417/http://www.press.sk:80/de-agostini/;2,01E+13;skip;0;;;
http://www.press.sk:80/de-agostini/;https://web.archive.org/web/20111024013308/http://www.press.sk:80/de-agostini/;2,01E+13;skip;0;;;
http://www.press.sk:80/de-agostini/;https://web.archive.org/web/20111223083615/http://www.press.sk:80/de-agostini/;2,01E+13;skip;0;;;
http://www.press.sk/de-agostini/;https://web.archive.org/web/20120208131729/http://www.press.sk/de-agostini/;2,01E+13;skip;0;;;
http://www.press.sk:80/de-agostini;https://web.archive.org/web/20120210235716/http://www.press.sk:80/de-agostini;2,01E+13;skip;0;;;
http://www.press.sk:80/de-agostini/;https://web.archive.org/web/20120222015455/http://www.press.sk:80/de-agostini/;2,01E+13;skip;0;;;
http://www.press.sk/de-agostini/;https://web.archive.org/web/20120307095533/http://www.press.sk/de-agostini/;2,01E+13;skip;0;;;
http://www.press.sk:80/de-agostini;https://web.archive.org/web/20120312165429/http://www.press.sk:80/de-agostini;2,01E+13;skip;0;;;
http://www.press.sk:80/de-agostini;https://web.archive.org/web/20120419210525/http://www.press.sk:80/de-agostini;2,01E+13;skip;0;;;
http://www.press.sk:80/de-agostini/;https://web.archive.org/web/20120423080801/http://www.press.sk:80/de-agostini/;2,01E+13;skip;0;;;
http://www.press.sk:80/de-agostini/;https://web.archive.org/web/20120622195032/http://www.press.sk:80/de-agostini/;2,01E+13;skip;0;;;
http://www.press.sk:80/de-agostini;https://web.archive.org/web/20120701111402/http://www.press.sk:80/de-agostini;2,01E+13;skip;0;;;
http://www.press.sk:80/de-agostini;https://web.archive.org/web/20120818223253/http://www.press.sk:80/de-agostini;2,01E+13;skip;0;;;
http://www.press.sk:80/de-agostini/;https://web.archive.org/web/20120822135657/http://www.press.sk:80/de-agostini/;2,01E+13;skip;0;;;
http://www.press.sk:80/de-agostini/;https://web.archive.org/web/20121022081141/http://www.press.sk:80/de-agostini/;2,01E+13;skip;0;;;
http://www.press.sk:80/de-agostini;https://web.archive.org/web/20121031142220/http://www.press.sk:80/de-agostini;2,01E+13;skip;0;;;
http://www.press.sk:80/de-agostini/;https://web.archive.org/web/20121222013215/http://www.press.sk:80/de-agostini/;2,01E+13;skip;0;;;
http://www.press.sk:80/de-agostini;https://web.archive.org/web/20121228194612/http://www.press.sk:80/de-agostini;2,01E+13;skip;0;;;
http://www.press.sk:80/de-agostini/;https://web.archive.org/web/20130221035330/http://www.press.sk:80/de-agostini/;2,01E+13;skip;0;;;
http://www.press.sk/de-agostini/;https://web.archive.org/web/20130425021433/http://www.press.sk/de-agostini/;2,01E+13;skip;0;;;
http://www.press.sk:80/de-agostini/;https://web.archive.org/web/20130425031213/http://www.press.sk:80/de-agostini/;2,01E+13;skip;0;;;
http://www.press.sk:80/de-agostini;https://web.archive.org/web/20130524041000/http://www.press.sk:80/de-agostini;2,01E+13;skip;0;;;
http://www.press.sk:80/de-agostini/;https://web.archive.org/web/20130624234300/http://www.press.sk:80/de-agostini/;2,01E+13;skip;0;;;
http://www.press.sk:80/de-agostini/;https://web.archive.org/web/20130824075321/http://www.press.sk:80/de-agostini/;2,01E+13;skip;0;;;
http://www.press.sk/de-agostini/;https://web.archive.org/web/20130906125838/http://www.press.sk/de-agostini/;2,01E+13;skip;0;;;
http://www.press.sk:80/de-agostini/;https://web.archive.org/web/20131024003718/http://www.press.sk:80/de-agostini/;2,01E+13;skip;0;;;
http://www.press.sk:80/de-agostini/;https://web.archive.org/web/20131223194744/http://www.press.sk:80/de-agostini/;2,01E+13;skip;0;;;
http://www.press.sk/de-agostini/;https://web.archive.org/web/20140117020044/http://www.press.sk/de-agostini/;2,01E+13;skip;0;;;
http://www.press.sk/de-agostini/;https://web.archive.org/web/20140214082438/http://www.press.sk/de-agostini/;2,01E+13;skip;0;;;
http://www.press.sk:80/de-agostini/;https://web.archive.org/web/20140222120729/http://www.press.sk:80/de-agostini/;2,01E+13;skip;0;;;
http://www.press.sk:80/de-agostini/;https://web.archive.org/web/20140424064235/http://www.press.sk:80/de-agostini/;2,01E+13;skip;0;;;
http://www.press.sk/de-agostini/;https://web.archive.org/web/20140812080259/http://www.press.sk/de-agostini/;2,01E+13;skip;0;;;
http://www.press.sk:80/de-agostini/;https://web.archive.org/web/20140823194614/http://www.press.sk:80/de-agostini/;2,01E+13;skip;0;;;
http://www.press.sk:80/de-agostini/;https://web.archive.org/web/20141125015736/http://www.press.sk:80/de-agostini/;2,01E+13;skip;0;;;
http://www.press.sk:80/de-agostini/;https://web.archive.org/web/20150125014941/http://www.press.sk:80/de-agostini/;2,02E+13;skip;0;;;
http://www.press.sk:80/de-agostini;https://web.archive.org/web/20150308135112/http://www.press.sk:80/de-agostini;2,02E+13;skip;0;;;
http://www.press.sk:80/de-agostini;https://web.archive.org/web/20150408170219/http://www.press.sk:80/de-agostini;2,02E+13;skip;0;;;
http://www.press.sk/de-agostini/;https://web.archive.org/web/20150418181956/http://www.press.sk/de-agostini/;2,02E+13;skip;0;;;
http://www.press.sk:80/de-agostini/;https://web.archive.org/web/20150428222644/http://www.press.sk:80/de-agostini/;2,02E+13;skip;0;;;
http://www.press.sk:80/de-agostini;https://web.archive.org/web/20150509065853/http://www.press.sk:80/de-agostini;2,02E+13;skip;0;;;
http://www.press.sk:80/de-agostini;https://web.archive.org/web/20150609044657/http://www.press.sk:80/de-agostini;2,02E+13;skip;0;;;
http://www.press.sk:80/de-agostini/;https://web.archive.org/web/20150628144910/http://www.press.sk:80/de-agostini/;2,02E+13;skip;0;;;
http://www.press.sk:80/de-agostini;https://web.archive.org/web/20150710100711/http://www.press.sk:80/de-agostini;2,02E+13;skip;0;;;
http://www.press.sk:80/de-agostini;https://web.archive.org/web/20150810122726/http://www.press.sk:80/de-agostini;2,02E+13;skip;0;;;
http://www.press.sk:80/de-agostini/;https://web.archive.org/web/20150828063630/http://www.press.sk:80/de-agostini/;2,02E+13;skip;0;;;
http://www.press.sk:80/de-agostini;https://web.archive.org/web/20150910104130/http://www.press.sk:80/de-agostini;2,02E+13;skip;0;;;
http://www.press.sk:80/de-agostini/;https://web.archive.org/web/20151029025455/http://www.press.sk:80/de-agostini/;2,02E+13;skip;0;;;
http://www.press.sk:80/de-agostini/;https://web.archive.org/web/20151228174706/http://www.press.sk:80/de-agostini/;2,02E+13;skip;0;;;
http://www.press.sk:80/de-agostini/;https://web.archive.org/web/20160227102318/http://www.press.sk:80/de-agostini/;2,02E+13;skip;0;;;
http://www.press.sk/de-agostini/;https://web.archive.org/web/20160324112757/http://www.press.sk/de-agostini/;2,02E+13;skip;0;;;
http://www.press.sk:80/de-agostini;https://web.archive.org/web/20160401111257/http://www.press.sk:80/de-agostini;2,02E+13;skip;0;;;
http://www.press.sk:80/de-agostini/;https://web.archive.org/web/20160428044217/http://www.press.sk:80/de-agostini/;2,02E+13;skip;0;;;
http://www.press.sk:80/de-agostini;https://web.archive.org/web/20160514180940/http://www.press.sk:80/de-agostini;2,02E+13;skip;0;;;
http://www.press.sk:80/de-agostini;https://web.archive.org/web/20160614193726/http://www.press.sk:80/de-agostini;2,02E+13;skip;0;;;
http://www.press.sk/de-agostini/;https://web.archive.org/web/20160623191505/http://www.press.sk/de-agostini/;2,02E+13;skip;0;;;
http://www.press.sk:80/de-agostini/;https://web.archive.org/web/20160628020146/http://www.press.sk:80/de-agostini/;2,02E+13;skip;0;;;
http://www.press.sk:80/de-agostini/;https://web.archive.org/web/20160827225809/http://www.press.sk:80/de-agostini/;2,02E+13;skip;0;;;
http://www.press.sk:80/de-agostini/;https://web.archive.org/web/20161027152235/http://www.press.sk:80/de-agostini/;2,02E+13;skip;0;;;
http://www.press.sk:80/de-agostini/;https://web.archive.org/web/20161028164715/http://www.press.sk:80/de-agostini/;2,02E+13;skip;0;;;
http://www.press.sk/de-agostini/;https://web.archive.org/web/20161030104829/http://www.press.sk/de-agostini/;2,02E+13;skip;0;;;
http://www.press.sk:80/de-agostini/;https://web.archive.org/web/20161207113135/http://www.press.sk:80/de-agostini/;2,02E+13;skip;0;;;
http://www.press.sk:80/de-agostini;https://web.archive.org/web/20161224095244/http://www.press.sk:80/de-agostini;2,02E+13;skip;0;;;
http://www.press.sk/de-agostini/o;https://web.archive.org/web/20130620131845/http://www.press.sk/de-agostini/o,a,30,0/;2,01E+13;skip;0;;;
http://www.press.sk/de-agostini/o;https://web.archive.org/web/20130510170252/http://www.press.sk/de-agostini/o,a,30,120/;2,01E+13;skip;0;;;
http://www.press.sk:80/de-agostini/o;https://web.archive.org/web/20150313161534/http://www.press.sk:80/de-agostini/o,a,30,120/;2,02E+13;skip;0;;;
http://www.press.sk/de-agostini/o;https://web.archive.org/web/20160802161123/http://www.press.sk/de-agostini/o,a,30,120/;2,02E+13;skip;0;;;
http://www.press.sk/de-agostini/o;https://web.archive.org/web/20130510183018/http://www.press.sk/de-agostini/o,a,30,150/;2,01E+13;skip;0;;;
http://www.press.sk/de-agostini/o;https://web.archive.org/web/20130510171645/http://www.press.sk/de-agostini/o,a,30,180/;2,01E+13;skip;0;;;
http://www.press.sk/de-agostini/o;https://web.archive.org/web/20130510192159/http://www.press.sk/de-agostini/o,a,30,30/;2,01E+13;skip;0;;;
http://www.press.sk:80/de-agostini/o;https://web.archive.org/web/20150311131159/http://www.press.sk:80/de-agostini/o,a,30,30/;2,02E+13;skip;0;;;
http://www.press.sk/de-agostini/o;https://web.archive.org/web/20160802163232/http://www.press.sk/de-agostini/o,a,30,30/;2,02E+13;skip;0;;;
http://www.press.sk:80/de-agostini/o;https://web.archive.org/web/20150313161541/http://www.press.sk:80/de-agostini/o,a,30,300/;2,02E+13;skip;0;;;
http://www.press.sk:80/de-agostini/o;https://web.archive.org/web/20150311124650/http://www.press.sk:80/de-agostini/o,a,30,330/;2,02E+13;skip;0;;;
http://www.press.sk/de-agostini/o;https://web.archive.org/web/20160802160627/http://www.press.sk/de-agostini/o,a,30,330/;2,02E+13;skip;0;;;
http://www.press.sk/de-agostini/o;https://web.archive.org/web/20160802164954/http://www.press.sk/de-agostini/o,a,30,360/;2,02E+13;skip;0;;;
http://www.press.sk/de-agostini/o;https://web.archive.org/web/20130510190223/http://www.press.sk/de-agostini/o,a,30,60/;2,01E+13;skip;0;;;
http://www.press.sk:80/de-agostini/o;https://web.archive.org/web/20150313161600/http://www.press.sk:80/de-agostini/o,a,30,60/;2,02E+13;skip;0;;;
http://www.press.sk/de-agostini/o;https://web.archive.org/web/20160802141116/http://www.press.sk/de-agostini/o,a,30,60/;2,02E+13;skip;0;;;
http://www.press.sk/de-agostini/o;https://web.archive.org/web/20130510194503/http://www.press.sk/de-agostini/o,a,30,90/;2,01E+13;skip;0;;;
http://www.press.sk:80/de-agostini/o;https://web.archive.org/web/20150313163256/http://www.press.sk:80/de-agostini/o,a,30,90/;2,02E+13;skip;0;;;
http://www.press.sk/de-agostini/o;https://web.archive.org/web/20160802160819/http://www.press.sk/de-agostini/o,a,30,90/;2,02E+13;skip;0;;;
http://www.press.sk:80/de-agostini/tajemstvi-lidskeho-tela-c.01/;https://web.archive.org/web/20120212101625/http://www.press.sk:80/de-agostini/tajemstvi-lidskeho-tela-c.01/;2,01E+13;skip;0;;;
http://www.press.sk/de-agostini/tajemstvi-lidskeho-tela-c.01/;https://web.archive.org/web/20130510180018/http://www.press.sk/de-agostini/tajemstvi-lidskeho-tela-c.01/;2,01E+13;skip;0;;;
http://www.press.sk:80/de-agostini/tajemstvi-lidskeho-tela-c.01/;https://web.archive.org/web/20150311124700/http://www.press.sk:80/de-agostini/tajemstvi-lidskeho-tela-c.01/;2,02E+13;skip;0;;;
http://www.press.sk/de-agostini/tajemstvi-lidskeho-tela-c.01/;https://web.archive.org/web/20160802163025/http://www.press.sk/de-agostini/tajemstvi-lidskeho-tela-c.01/;2,02E+13;skip;0;;;
http://www.press.sk:80/de-agostini/vesela-farma-kolekcia/;https://web.archive.org/web/20120822213831/http://www.press.sk:80/de-agostini/vesela-farma-kolekcia/;2,01E+13;skip;0;;;
http://www.press.sk:80/de-agostini/vesela-farma-kolekcia/;https://web.archive.org/web/20120824020536/http://www.press.sk:80/de-agostini/vesela-farma-kolekcia/;2,01E+13;skip;0;;;
http://www.press.sk:80/de-agostini/vesela-farma-kolekcia/;https://web.archive.org/web/20120825135620/http://www.press.sk:80/de-agostini/vesela-farma-kolekcia/;2,01E+13;skip;0;;;
http://www.press.sk:80/de-agostini/vesela-farma-kolekcia/;https://web.archive.org/web/20121022082753/http://www.press.sk:80/de-agostini/vesela-farma-kolekcia/;2,01E+13;skip;0;;;
http://www.press.sk:80/de-agostini/vesela-farma-kolekcia/;https://web.archive.org/web/20121031100024/http://www.press.sk:80/de-agostini/vesela-farma-kolekcia/;2,01E+13;skip;0;;;
http://www.press.sk/de-agostini/vesela-farma-kolekcia/;https://web.archive.org/web/20130621041927/http://www.press.sk/de-agostini/vesela-farma-kolekcia/;2,01E+13;skip;0;;;
http://www.press.sk:80/de-agostini/vesela-farma-kolekcia/;https://web.archive.org/web/20150311124727/http://www.press.sk:80/de-agostini/vesela-farma-kolekcia/;2,02E+13;skip;0;;;
http://www.press.sk:80/dejiny-vojen-a-vojenskeho-umenia/;https://web.archive.org/web/20081020211717/http://www.press.sk:80/dejiny-vojen-a-vojenskeho-umenia/;2,01E+13;skip;0;;;
http://www.press.sk:80/dejiny-vojen-a-vojenskeho-umenia;https://web.archive.org/web/20090120051554/http://www.press.sk:80/dejiny-vojen-a-vojenskeho-umenia;2,01E+13;skip;0;;;
http://www.press.sk:80/dejiny-vojen-a-vojenskeho-umenia;https://web.archive.org/web/20090220000031/http://www.press.sk:80/dejiny-vojen-a-vojenskeho-umenia;2,01E+13;skip;0;;;
http://www.press.sk:80/dejiny-vojen-a-vojenskeho-umenia/;https://web.archive.org/web/20090222172017/http://www.press.sk:80/dejiny-vojen-a-vojenskeho-umenia/;2,01E+13;skip;0;;;
http://www.press.sk:80/dejiny-vojen-a-vojenskeho-umenia;https://web.archive.org/web/20090322145340/http://www.press.sk:80/dejiny-vojen-a-vojenskeho-umenia;2,01E+13;skip;0;;;
http://www.press.sk:80/dejiny-vojen-a-vojenskeho-umenia;https://web.archive.org/web/20090422105849/http://www.press.sk:80/dejiny-vojen-a-vojenskeho-umenia;2,01E+13;skip;0;;;
http://www.press.sk:80/dejiny-vojen-a-vojenskeho-umenia;https://web.archive.org/web/20090523052120/http://www.press.sk:80/dejiny-vojen-a-vojenskeho-umenia;2,01E+13;skip;0;;;
http://www.press.sk:80/dejiny-vojen-a-vojenskeho-umenia/;https://web.archive.org/web/20090624210803/http://www.press.sk:80/dejiny-vojen-a-vojenskeho-umenia/;2,01E+13;skip;0;;;
http://www.press.sk:80/dejiny-vojen-a-vojenskeho-umenia/;https://web.archive.org/web/20090831012325/http://www.press.sk:80/dejiny-vojen-a-vojenskeho-umenia/;2,01E+13;skip;0;;;
http://www.press.sk:80/dejiny-vojen-a-vojenskeho-umenia/;https://web.archive.org/web/20091030102248/http://www.press.sk:80/dejiny-vojen-a-vojenskeho-umenia/;2,01E+13;skip;0;;;
http://www.press.sk:80/dejiny-vojen-a-vojenskeho-umenia/;https://web.archive.org/web/20091229221419/http://www.press.sk:80/dejiny-vojen-a-vojenskeho-umenia/;2,01E+13;skip;0;;;
http://www.press.sk:80/dejiny-vojen-a-vojenskeho-umenia;https://web.archive.org/web/20100107152237/http://www.press.sk:80/dejiny-vojen-a-vojenskeho-umenia;2,01E+13;skip;0;;;
http://www.press.sk:80/dejiny-vojen-a-vojenskeho-umenia/;https://web.archive.org/web/20100301032414/http://www.press.sk:80/dejiny-vojen-a-vojenskeho-umenia/;2,01E+13;skip;0;;;
http://www.press.sk:80/dejiny-vojen-a-vojenskeho-umenia/;https://web.archive.org/web/20100501024518/http://www.press.sk:80/dejiny-vojen-a-vojenskeho-umenia/;2,01E+13;skip;0;;;
http://www.press.sk:80/dejiny-vojen-a-vojenskeho-umenia/;https://web.archive.org/web/20100701044123/http://www.press.sk:80/dejiny-vojen-a-vojenskeho-umenia/;2,01E+13;skip;0;;;
http://www.press.sk:80/dejiny-vojen-a-vojenskeho-umenia/;https://web.archive.org/web/20100901095954/http://www.press.sk:80/dejiny-vojen-a-vojenskeho-umenia/;2,01E+13;skip;0;;;
http://www.press.sk:80/dejiny-vojen-a-vojenskeho-umenia/;https://web.archive.org/web/20101124000349/http://www.press.sk:80/dejiny-vojen-a-vojenskeho-umenia/;2,01E+13;skip;0;;;
http://www.press.sk:80/dejiny-vojen-a-vojenskeho-umenia/;https://web.archive.org/web/20110126074313/http://www.press.sk:80/dejiny-vojen-a-vojenskeho-umenia/;2,01E+13;skip;0;;;
http://www.press.sk:80/dejiny-vojen-a-vojenskeho-umenia/;https://web.archive.org/web/20110530012904/http://www.press.sk:80/dejiny-vojen-a-vojenskeho-umenia/;2,01E+13;skip;0;;;
http://www.press.sk:80/dejiny-vojen-a-vojenskeho-umenia/;https://web.archive.org/web/20110730021242/http://www.press.sk:80/dejiny-vojen-a-vojenskeho-umenia/;2,01E+13;skip;0;;;
http://www.press.sk:80/dejiny-vojen-a-vojenskeho-umenia/;https://web.archive.org/web/20111112170831/http://www.press.sk:80/dejiny-vojen-a-vojenskeho-umenia/;2,01E+13;skip;0;;;
http://www.press.sk:80/dejiny-vojen-a-vojenskeho-umenia/;https://web.archive.org/web/20120603221450/http://www.press.sk:80/dejiny-vojen-a-vojenskeho-umenia/;2,01E+13;skip;0;;;
http://www.press.sk:80/dejiny-vojen-a-vojenskeho-umenia/;https://web.archive.org/web/20120825035005/http://www.press.sk:80/dejiny-vojen-a-vojenskeho-umenia/;2,01E+13;skip;0;;;
http://www.press.sk:80/dejiny-vojen-a-vojenskeho-umenia/;https://web.archive.org/web/20121208022158/http://www.press.sk:80/dejiny-vojen-a-vojenskeho-umenia/;2,01E+13;skip;0;;;
http://www.press.sk:80/dejiny-vojen-a-vojenskeho-umenia/;https://web.archive.org/web/20130324055410/http://www.press.sk:80/dejiny-vojen-a-vojenskeho-umenia/;2,01E+13;skip;0;;;
http://www.press.sk:80/dejiny-vojen-a-vojenskeho-umenia;https://web.archive.org/web/20130507105447/http://www.press.sk:80/dejiny-vojen-a-vojenskeho-umenia;2,01E+13;skip;0;;;
http://www.press.sk/dejiny-vojen-a-vojenskeho-umenia/;https://web.archive.org/web/20130511030434/http://www.press.sk/dejiny-vojen-a-vojenskeho-umenia/;2,01E+13;skip;0;;;
http://www.press.sk:80/dejiny-vojen-a-vojenskeho-umenia/;https://web.archive.org/web/20130524084425/http://www.press.sk:80/dejiny-vojen-a-vojenskeho-umenia/;2,01E+13;skip;0;;;
http://www.press.sk:80/dejiny-vojen-a-vojenskeho-umenia/;https://web.archive.org/web/20130825034204/http://www.press.sk:80/dejiny-vojen-a-vojenskeho-umenia/;2,01E+13;skip;0;;;
http://www.press.sk:80/dejiny-vojen-a-vojenskeho-umenia/;https://web.archive.org/web/20140313114535/http://www.press.sk:80/dejiny-vojen-a-vojenskeho-umenia/;2,01E+13;skip;0;;;
http://www.press.sk:80/dejiny-vojen-a-vojenskeho-umenia/;https://web.archive.org/web/20140523053855/http://www.press.sk:80/dejiny-vojen-a-vojenskeho-umenia/;2,01E+13;skip;0;;;
http://www.press.sk:80/dejiny-vojen-a-vojenskeho-umenia/;https://web.archive.org/web/20140723011647/http://www.press.sk:80/dejiny-vojen-a-vojenskeho-umenia/;2,01E+13;skip;0;;;
http://www.press.sk:80/dejiny-vojen-a-vojenskeho-umenia;https://web.archive.org/web/20150308123525/http://www.press.sk:80/dejiny-vojen-a-vojenskeho-umenia;2,02E+13;skip;0;;;
http://www.press.sk:80/dejiny-vojen-a-vojenskeho-umenia/;https://web.archive.org/web/20150311043608/http://www.press.sk:80/dejiny-vojen-a-vojenskeho-umenia/;2,02E+13;skip;0;;;
http://www.press.sk:80/dejiny-vojen-a-vojenskeho-umenia;https://web.archive.org/web/20150408170325/http://www.press.sk:80/dejiny-vojen-a-vojenskeho-umenia;2,02E+13;skip;0;;;
http://www.press.sk:80/dejiny-vojen-a-vojenskeho-umenia;https://web.archive.org/web/20150509065012/http://www.press.sk:80/dejiny-vojen-a-vojenskeho-umenia;2,02E+13;skip;0;;;
http://www.press.sk:80/dejiny-vojen-a-vojenskeho-umenia/;https://web.archive.org/web/20150515034741/http://www.press.sk:80/dejiny-vojen-a-vojenskeho-umenia/;2,02E+13;skip;0;;;
http://www.press.sk:80/dejiny-vojen-a-vojenskeho-umenia;https://web.archive.org/web/20150609044533/http://www.press.sk:80/dejiny-vojen-a-vojenskeho-umenia;2,02E+13;skip;0;;;
http://www.press.sk:80/dejiny-vojen-a-vojenskeho-umenia;https://web.archive.org/web/20150710101500/http://www.press.sk:80/dejiny-vojen-a-vojenskeho-umenia;2,02E+13;skip;0;;;
http://www.press.sk:80/dejiny-vojen-a-vojenskeho-umenia;https://web.archive.org/web/20150810124049/http://www.press.sk:80/dejiny-vojen-a-vojenskeho-umenia;2,02E+13;skip;0;;;
http://www.press.sk:80/dejiny-vojen-a-vojenskeho-umenia/;https://web.archive.org/web/20150822004728/http://www.press.sk:80/dejiny-vojen-a-vojenskeho-umenia/;2,02E+13;skip;0;;;
http://www.press.sk:80/dejiny-vojen-a-vojenskeho-umenia;https://web.archive.org/web/20150910104441/http://www.press.sk:80/dejiny-vojen-a-vojenskeho-umenia;2,02E+13;skip;0;;;
http://www.press.sk:80/dejiny-vojen-a-vojenskeho-umenia/;https://web.archive.org/web/20151030094004/http://www.press.sk:80/dejiny-vojen-a-vojenskeho-umenia/;2,02E+13;skip;0;;;
http://www.press.sk:80/dejiny-vojen-a-vojenskeho-umenia/;https://web.archive.org/web/20160221191555/http://www.press.sk:80/dejiny-vojen-a-vojenskeho-umenia/;2,02E+13;skip;0;;;
http://www.press.sk:80/dejiny-vojen-a-vojenskeho-umenia;https://web.archive.org/web/20160330112601/http://www.press.sk:80/dejiny-vojen-a-vojenskeho-umenia;2,02E+13;skip;0;;;
http://www.press.sk/dejiny-vojen-a-vojenskeho-umenia/;https://web.archive.org/web/20160407100657/http://www.press.sk/dejiny-vojen-a-vojenskeho-umenia/;2,02E+13;skip;0;;;
http://www.press.sk:80/dejiny-vojen-a-vojenskeho-umenia/;https://web.archive.org/web/20160507085155/http://www.press.sk:80/dejiny-vojen-a-vojenskeho-umenia/;2,02E+13;skip;0;;;
http://www.press.sk:80/dejiny-vojen-a-vojenskeho-umenia;https://web.archive.org/web/20160511034818/http://www.press.sk:80/dejiny-vojen-a-vojenskeho-umenia;2,02E+13;skip;0;;;
http://www.press.sk/dejiny-vojen-a-vojenskeho-umenia/;https://web.archive.org/web/20160623190446/http://www.press.sk/dejiny-vojen-a-vojenskeho-umenia/;2,02E+13;skip;0;;;
http://www.press.sk/dejiny-vojen-a-vojenskeho-umenia/;https://web.archive.org/web/20170405155212/http://www.press.sk/dejiny-vojen-a-vojenskeho-umenia/;2,02E+13;skip;0;;;
http://www.press.sk:80/dejiny-vojen-a-vojenskeho-umenia/n;https://web.archive.org/web/20090120134536/http://www.press.sk:80/dejiny-vojen-a-vojenskeho-umenia/n,a,30,0/;2,01E+13;skip;0;;;
http://www.press.sk:80/dejiny-vojen-a-vojenskeho-umenia/n;https://web.archive.org/web/20090323065829/http://www.press.sk:80/dejiny-vojen-a-vojenskeho-umenia/n,a,30,0/;2,01E+13;skip;0;;;
http://www.press.sk:80/dejiny-vojen-a-vojenskeho-umenia/n;https://web.archive.org/web/20100210053835/http://www.press.sk:80/dejiny-vojen-a-vojenskeho-umenia/n,a,30,0/;2,01E+13;skip;0;;;
http://www.press.sk:80/dejiny-vojen-a-vojenskeho-umenia/n;https://web.archive.org/web/20090227080617/http://www.press.sk:80/dejiny-vojen-a-vojenskeho-umenia/n,a,30,120;2,01E+13;skip;0;;;
http://www.press.sk:80/dejiny-vojen-a-vojenskeho-umenia/n;https://web.archive.org/web/20090330030520/http://www.press.sk:80/dejiny-vojen-a-vojenskeho-umenia/n,a,30,120;2,01E+13;skip;0;;;
http://www.press.sk:80/dejiny-vojen-a-vojenskeho-umenia/n;https://web.archive.org/web/20090501200830/http://www.press.sk:80/dejiny-vojen-a-vojenskeho-umenia/n,a,30,120;2,01E+13;skip;0;;;
http://www.press.sk:80/dejiny-vojen-a-vojenskeho-umenia/n;https://web.archive.org/web/20100210065221/http://www.press.sk:80/dejiny-vojen-a-vojenskeho-umenia/n,a,30,120/;2,01E+13;skip;0;;;
http://www.press.sk:80/dejiny-vojen-a-vojenskeho-umenia/n;https://web.archive.org/web/20100107161109/http://www.press.sk:80/dejiny-vojen-a-vojenskeho-umenia/n,a,30,150;2,01E+13;skip;0;;;
http://www.press.sk:80/dejiny-vojen-a-vojenskeho-umenia/n;https://web.archive.org/web/20100210053839/http://www.press.sk:80/dejiny-vojen-a-vojenskeho-umenia/n,a,30,150/;2,01E+13;skip;0;;;
http://www.press.sk:80/dejiny-vojen-a-vojenskeho-umenia/n;https://web.archive.org/web/20100208212057/http://www.press.sk:80/dejiny-vojen-a-vojenskeho-umenia/n,a,30,180;2,01E+13;skip;0;;;
http://www.press.sk:80/dejiny-vojen-a-vojenskeho-umenia/n;https://web.archive.org/web/20090120051559/http://www.press.sk:80/dejiny-vojen-a-vojenskeho-umenia/n,a,30,30;2,01E+13;skip;0;;;
http://www.press.sk:80/dejiny-vojen-a-vojenskeho-umenia/n;https://web.archive.org/web/20090120160902/http://www.press.sk:80/dejiny-vojen-a-vojenskeho-umenia/n,a,30,30/;2,01E+13;skip;0;;;
http://www.press.sk:80/dejiny-vojen-a-vojenskeho-umenia/n;https://web.archive.org/web/20090220000525/http://www.press.sk:80/dejiny-vojen-a-vojenskeho-umenia/n,a,30,30;2,01E+13;skip;0;;;
http://www.press.sk:80/dejiny-vojen-a-vojenskeho-umenia/n;https://web.archive.org/web/20090322151517/http://www.press.sk:80/dejiny-vojen-a-vojenskeho-umenia/n,a,30,30;2,01E+13;skip;0;;;
http://www.press.sk:80/dejiny-vojen-a-vojenskeho-umenia/n;https://web.archive.org/web/20090327023839/http://www.press.sk:80/dejiny-vojen-a-vojenskeho-umenia/n,a,30,30/;2,01E+13;skip;0;;;
http://www.press.sk:80/dejiny-vojen-a-vojenskeho-umenia/n;https://web.archive.org/web/20090422101116/http://www.press.sk:80/dejiny-vojen-a-vojenskeho-umenia/n,a,30,30;2,01E+13;skip;0;;;
http://www.press.sk:80/dejiny-vojen-a-vojenskeho-umenia/n;https://web.archive.org/web/20090523060552/http://www.press.sk:80/dejiny-vojen-a-vojenskeho-umenia/n,a,30,30;2,01E+13;skip;0;;;
http://www.press.sk:80/dejiny-vojen-a-vojenskeho-umenia/n;https://web.archive.org/web/20100106130421/http://www.press.sk:80/dejiny-vojen-a-vojenskeho-umenia/n,a,30,30;2,01E+13;skip;0;;;
http://www.press.sk:80/dejiny-vojen-a-vojenskeho-umenia/n;https://web.archive.org/web/20100210064559/http://www.press.sk:80/dejiny-vojen-a-vojenskeho-umenia/n,a,30,30/;2,01E+13;skip;0;;;
http://www.press.sk:80/dejiny-vojen-a-vojenskeho-umenia/n;https://web.archive.org/web/20090120051604/http://www.press.sk:80/dejiny-vojen-a-vojenskeho-umenia/n,a,30,60;2,01E+13;skip;0;;;
http://www.press.sk:80/dejiny-vojen-a-vojenskeho-umenia/n;https://web.archive.org/web/20090120160908/http://www.press.sk:80/dejiny-vojen-a-vojenskeho-umenia/n,a,30,60/;2,01E+13;skip;0;;;
http://www.press.sk:80/dejiny-vojen-a-vojenskeho-umenia/n;https://web.archive.org/web/20090219234544/http://www.press.sk:80/dejiny-vojen-a-vojenskeho-umenia/n,a,30,60;2,01E+13;skip;0;;;
http://www.press.sk:80/dejiny-vojen-a-vojenskeho-umenia/n;https://web.archive.org/web/20090322152852/http://www.press.sk:80/dejiny-vojen-a-vojenskeho-umenia/n,a,30,60;2,01E+13;skip;0;;;
http://www.press.sk:80/dejiny-vojen-a-vojenskeho-umenia/n;https://web.archive.org/web/20090422092459/http://www.press.sk:80/dejiny-vojen-a-vojenskeho-umenia/n,a,30,60;2,01E+13;skip;0;;;
http://www.press.sk:80/dejiny-vojen-a-vojenskeho-umenia/n;https://web.archive.org/web/20090523053733/http://www.press.sk:80/dejiny-vojen-a-vojenskeho-umenia/n,a,30,60;2,01E+13;skip;0;;;
http://www.press.sk:80/dejiny-vojen-a-vojenskeho-umenia/n;https://web.archive.org/web/20091223075719/http://www.press.sk:80/dejiny-vojen-a-vojenskeho-umenia/n,a,30,60;2,01E+13;skip;0;;;
http://www.press.sk:80/dejiny-vojen-a-vojenskeho-umenia/n;https://web.archive.org/web/20100210065226/http://www.press.sk:80/dejiny-vojen-a-vojenskeho-umenia/n,a,30,60/;2,01E+13;skip;0;;;
http://www.press.sk:80/dejiny-vojen-a-vojenskeho-umenia/n;https://web.archive.org/web/20090120051609/http://www.press.sk:80/dejiny-vojen-a-vojenskeho-umenia/n,a,30,90;2,01E+13;skip;0;;;
http://www.press.sk:80/dejiny-vojen-a-vojenskeho-umenia/n;https://web.archive.org/web/20090120134550/http://www.press.sk:80/dejiny-vojen-a-vojenskeho-umenia/n,a,30,90/;2,01E+13;skip;0;;;
http://www.press.sk:80/dejiny-vojen-a-vojenskeho-umenia/n;https://web.archive.org/web/20090219235735/http://www.press.sk:80/dejiny-vojen-a-vojenskeho-umenia/n,a,30,90;2,01E+13;skip;0;;;
http://www.press.sk:80/dejiny-vojen-a-vojenskeho-umenia/n;https://web.archive.org/web/20090322145408/http://www.press.sk:80/dejiny-vojen-a-vojenskeho-umenia/n,a,30,90;2,01E+13;skip;0;;;
http://www.press.sk:80/dejiny-vojen-a-vojenskeho-umenia/n;https://web.archive.org/web/20090323064814/http://www.press.sk:80/dejiny-vojen-a-vojenskeho-umenia/n,a,30,90/;2,01E+13;skip;0;;;
http://www.press.sk:80/dejiny-vojen-a-vojenskeho-umenia/n;https://web.archive.org/web/20090422105843/http://www.press.sk:80/dejiny-vojen-a-vojenskeho-umenia/n,a,30,90;2,01E+13;skip;0;;;
http://www.press.sk:80/dejiny-vojen-a-vojenskeho-umenia/n;https://web.archive.org/web/20090524180126/http://www.press.sk:80/dejiny-vojen-a-vojenskeho-umenia/n,a,30,90;2,01E+13;skip;0;;;
http://www.press.sk:80/dejiny-vojen-a-vojenskeho-umenia/n;https://web.archive.org/web/20100210065231/http://www.press.sk:80/dejiny-vojen-a-vojenskeho-umenia/n,a,30,90/;2,01E+13;skip;0;;;
http://www.press.sk:80/dejiny-vojen-a-vojenskeho-umenia/o;https://web.archive.org/web/20130511120210/http://www.press.sk:80/dejiny-vojen-a-vojenskeho-umenia/o,a,30,0/;2,01E+13;skip;0;;;
http://www.press.sk:80/dejiny-vojen-a-vojenskeho-umenia/o;https://web.archive.org/web/20150311042322/http://www.press.sk:80/dejiny-vojen-a-vojenskeho-umenia/o,a,30,0/;2,02E+13;skip;0;;;
http://www.press.sk:80/dejiny-vojen-a-vojenskeho-umenia/o;https://web.archive.org/web/20130507105458/http://www.press.sk:80/dejiny-vojen-a-vojenskeho-umenia/o,a,30,120;2,01E+13;skip;0;;;
http://www.press.sk:80/dejiny-vojen-a-vojenskeho-umenia/o;https://web.archive.org/web/20130509231611/http://www.press.sk:80/dejiny-vojen-a-vojenskeho-umenia/o,a,30,120/;2,01E+13;skip;0;;;
http://www.press.sk/dejiny-vojen-a-vojenskeho-umenia/o;https://web.archive.org/web/20130623092055/http://www.press.sk/dejiny-vojen-a-vojenskeho-umenia/o,a,30,120/;2,01E+13;skip;0;;;
http://www.press.sk:80/dejiny-vojen-a-vojenskeho-umenia/o;https://web.archive.org/web/20150311042327/http://www.press.sk:80/dejiny-vojen-a-vojenskeho-umenia/o,a,30,120/;2,02E+13;skip;0;;;
http://www.press.sk:80/dejiny-vojen-a-vojenskeho-umenia/o;https://web.archive.org/web/20130507105503/http://www.press.sk:80/dejiny-vojen-a-vojenskeho-umenia/o,a,30,150;2,01E+13;skip;0;;;
http://www.press.sk:80/dejiny-vojen-a-vojenskeho-umenia/o;https://web.archive.org/web/20130509231616/http://www.press.sk:80/dejiny-vojen-a-vojenskeho-umenia/o,a,30,150/;2,01E+13;skip;0;;;
http://www.press.sk:80/dejiny-vojen-a-vojenskeho-umenia/o;https://web.archive.org/web/20130507101118/http://www.press.sk:80/dejiny-vojen-a-vojenskeho-umenia/o,a,30,180;2,01E+13;skip;0;;;
http://www.press.sk:80/dejiny-vojen-a-vojenskeho-umenia/o;https://web.archive.org/web/20130510011906/http://www.press.sk:80/dejiny-vojen-a-vojenskeho-umenia/o,a,30,180/;2,01E+13;skip;0;;;
http://www.press.sk:80/dejiny-vojen-a-vojenskeho-umenia/o;https://web.archive.org/web/20130507105511/http://www.press.sk:80/dejiny-vojen-a-vojenskeho-umenia/o,a,30,210;2,01E+13;skip;0;;;
http://www.press.sk:80/dejiny-vojen-a-vojenskeho-umenia/o;https://web.archive.org/web/20130509231627/http://www.press.sk:80/dejiny-vojen-a-vojenskeho-umenia/o,a,30,210/;2,01E+13;skip;0;;;
http://www.press.sk:80/dejiny-vojen-a-vojenskeho-umenia/o;https://web.archive.org/web/20130507105514/http://www.press.sk:80/dejiny-vojen-a-vojenskeho-umenia/o,a,30,240;2,01E+13;skip;0;;;
http://www.press.sk:80/dejiny-vojen-a-vojenskeho-umenia/o;https://web.archive.org/web/20130509231632/http://www.press.sk:80/dejiny-vojen-a-vojenskeho-umenia/o,a,30,240/;2,01E+13;skip;0;;;
http://www.press.sk:80/dejiny-vojen-a-vojenskeho-umenia/o;https://web.archive.org/web/20130507105519/http://www.press.sk:80/dejiny-vojen-a-vojenskeho-umenia/o,a,30,270;2,01E+13;skip;0;;;
http://www.press.sk:80/dejiny-vojen-a-vojenskeho-umenia/o;https://web.archive.org/web/20130510011910/http://www.press.sk:80/dejiny-vojen-a-vojenskeho-umenia/o,a,30,270/;2,01E+13;skip;0;;;
http://www.press.sk:80/dejiny-vojen-a-vojenskeho-umenia/o;https://web.archive.org/web/20130507105525/http://www.press.sk:80/dejiny-vojen-a-vojenskeho-umenia/o,a,30,30;2,01E+13;skip;0;;;
http://www.press.sk:80/dejiny-vojen-a-vojenskeho-umenia/o;https://web.archive.org/web/20130511121334/http://www.press.sk:80/dejiny-vojen-a-vojenskeho-umenia/o,a,30,30/;2,01E+13;skip;0;;;
http://www.press.sk/dejiny-vojen-a-vojenskeho-umenia/o;https://web.archive.org/web/20130623083921/http://www.press.sk/dejiny-vojen-a-vojenskeho-umenia/o,a,30,30/;2,01E+13;skip;0;;;
http://www.press.sk:80/dejiny-vojen-a-vojenskeho-umenia/o;https://web.archive.org/web/20150308135118/http://www.press.sk:80/dejiny-vojen-a-vojenskeho-umenia/o,a,30,30;2,02E+13;skip;0;;;
http://www.press.sk:80/dejiny-vojen-a-vojenskeho-umenia/o;https://web.archive.org/web/20150311041248/http://www.press.sk:80/dejiny-vojen-a-vojenskeho-umenia/o,a,30,30/;2,02E+13;skip;0;;;
http://www.press.sk:80/dejiny-vojen-a-vojenskeho-umenia/o;https://web.archive.org/web/20150408170431/http://www.press.sk:80/dejiny-vojen-a-vojenskeho-umenia/o,a,30,30;2,02E+13;skip;0;;;
http://www.press.sk:80/dejiny-vojen-a-vojenskeho-umenia/o;https://web.archive.org/web/20150509065834/http://www.press.sk:80/dejiny-vojen-a-vojenskeho-umenia/o,a,30,30;2,02E+13;skip;0;;;
http://www.press.sk:80/dejiny-vojen-a-vojenskeho-umenia/o;https://web.archive.org/web/20150609043901/http://www.press.sk:80/dejiny-vojen-a-vojenskeho-umenia/o,a,30,30;2,02E+13;skip;0;;;
http://www.press.sk:80/dejiny-vojen-a-vojenskeho-umenia/o;https://web.archive.org/web/20150710100717/http://www.press.sk:80/dejiny-vojen-a-vojenskeho-umenia/o,a,30,30;2,02E+13;skip;0;;;
http://www.press.sk:80/dejiny-vojen-a-vojenskeho-umenia/o;https://web.archive.org/web/20150810122022/http://www.press.sk:80/dejiny-vojen-a-vojenskeho-umenia/o,a,30,30;2,02E+13;skip;0;;;
http://www.press.sk:80/dejiny-vojen-a-vojenskeho-umenia/o;https://web.archive.org/web/20150910112616/http://www.press.sk:80/dejiny-vojen-a-vojenskeho-umenia/o,a,30,30;2,02E+13;skip;0;;;
http://www.press.sk:80/dejiny-vojen-a-vojenskeho-umenia/o;https://web.archive.org/web/20160331171619/http://www.press.sk:80/dejiny-vojen-a-vojenskeho-umenia/o,a,30,30;2,02E+13;skip;0;;;
http://www.press.sk:80/dejiny-vojen-a-vojenskeho-umenia/o;https://web.archive.org/web/20160505081311/http://www.press.sk:80/dejiny-vojen-a-vojenskeho-umenia/o,a,30,30;2,02E+13;skip;0;;;
http://www.press.sk:80/dejiny-vojen-a-vojenskeho-umenia/o;https://web.archive.org/web/20130507105530/http://www.press.sk:80/dejiny-vojen-a-vojenskeho-umenia/o,a,30,300;2,01E+13;skip;0;;;
http://www.press.sk:80/dejiny-vojen-a-vojenskeho-umenia/o;https://web.archive.org/web/20130511121339/http://www.press.sk:80/dejiny-vojen-a-vojenskeho-umenia/o,a,30,300/;2,01E+13;skip;0;;;
http://www.press.sk/dejiny-vojen-a-vojenskeho-umenia/o;https://web.archive.org/web/20130623082644/http://www.press.sk/dejiny-vojen-a-vojenskeho-umenia/o,a,30,300/;2,01E+13;skip;0;;;
http://www.press.sk:80/dejiny-vojen-a-vojenskeho-umenia/o;https://web.archive.org/web/20130507105535/http://www.press.sk:80/dejiny-vojen-a-vojenskeho-umenia/o,a,30,330;2,01E+13;skip;0;;;
http://www.press.sk:80/dejiny-vojen-a-vojenskeho-umenia/o;https://web.archive.org/web/20130511121344/http://www.press.sk:80/dejiny-vojen-a-vojenskeho-umenia/o,a,30,330/;2,01E+13;skip;0;;;
http://www.press.sk/dejiny-vojen-a-vojenskeho-umenia/o;https://web.archive.org/web/20130623082046/http://www.press.sk/dejiny-vojen-a-vojenskeho-umenia/o,a,30,330/;2,01E+13;skip;0;;;
http://www.press.sk:80/dejiny-vojen-a-vojenskeho-umenia/o;https://web.archive.org/web/20150311042941/http://www.press.sk:80/dejiny-vojen-a-vojenskeho-umenia/o,a,30,480/;2,02E+13;skip;0;;;
http://www.press.sk:80/dejiny-vojen-a-vojenskeho-umenia/o;https://web.archive.org/web/20150310170317/http://www.press.sk:80/dejiny-vojen-a-vojenskeho-umenia/o,a,30,510/;2,02E+13;skip;0;;;
http://www.press.sk:80/dejiny-vojen-a-vojenskeho-umenia/o;https://web.archive.org/web/20130507094518/http://www.press.sk:80/dejiny-vojen-a-vojenskeho-umenia/o,a,30,60;2,01E+13;skip;0;;;
http://www.press.sk:80/dejiny-vojen-a-vojenskeho-umenia/o;https://web.archive.org/web/20130509232952/http://www.press.sk:80/dejiny-vojen-a-vojenskeho-umenia/o,a,30,60/;2,01E+13;skip;0;;;
http://www.press.sk/dejiny-vojen-a-vojenskeho-umenia/o;https://web.archive.org/web/20130623084748/http://www.press.sk/dejiny-vojen-a-vojenskeho-umenia/o,a,30,60/;2,01E+13;skip;0;;;
http://www.press.sk:80/dejiny-vojen-a-vojenskeho-umenia/o;https://web.archive.org/web/20150311041253/http://www.press.sk:80/dejiny-vojen-a-vojenskeho-umenia/o,a,30,60/;2,02E+13;skip;0;;;
http://www.press.sk:80/dejiny-vojen-a-vojenskeho-umenia/o;https://web.archive.org/web/20130507105540/http://www.press.sk:80/dejiny-vojen-a-vojenskeho-umenia/o,a,30,90;2,01E+13;skip;0;;;
http://www.press.sk:80/dejiny-vojen-a-vojenskeho-umenia/o;https://web.archive.org/web/20130509233006/http://www.press.sk:80/dejiny-vojen-a-vojenskeho-umenia/o,a,30,90/;2,01E+13;skip;0;;;
http://www.press.sk/dejiny-vojen-a-vojenskeho-umenia/o;https://web.archive.org/web/20130623082300/http://www.press.sk/dejiny-vojen-a-vojenskeho-umenia/o,a,30,90/;2,01E+13;skip;0;;;
http://www.press.sk:80/dejiny-vojen-a-vojenskeho-umenia/o;https://web.archive.org/web/20150311041258/http://www.press.sk:80/dejiny-vojen-a-vojenskeho-umenia/o,a,30,90/;2,02E+13;skip;0;;;
http://www.press.sk:80/detska-literatura/;https://web.archive.org/web/20081020211722/http://www.press.sk:80/detska-literatura/;2,01E+13;skip;0;;;
http://www.press.sk:80/detska-literatura/;https://web.archive.org/web/20081220033510/http://www.press.sk:80/detska-literatura/;2,01E+13;skip;0;;;
http://www.press.sk:80/detska-literatura/;https://web.archive.org/web/20090218222109/http://www.press.sk:80/detska-literatura/;2,01E+13;skip;0;;;
http://www.press.sk:80/detska-literatura/;https://web.archive.org/web/20090420151742/http://www.press.sk:80/detska-literatura/;2,01E+13;skip;0;;;
http://www.press.sk:80/detska-literatura/;https://web.archive.org/web/20090620005356/http://www.press.sk:80/detska-literatura/;2,01E+13;skip;0;;;
http://www.press.sk:80/detska-literatura/;https://web.archive.org/web/20090821164515/http://www.press.sk:80/detska-literatura/;2,01E+13;skip;0;;;
http://www.press.sk:80/detska-literatura/;https://web.archive.org/web/20091021055229/http://www.press.sk:80/detska-literatura/;2,01E+13;skip;0;;;
http://www.press.sk:80/detska-literatura/;https://web.archive.org/web/20091220184835/http://www.press.sk:80/detska-literatura/;2,01E+13;skip;0;;;
http://www.press.sk:80/detska-literatura/;https://web.archive.org/web/20100219053608/http://www.press.sk:80/detska-literatura/;2,01E+13;skip;0;;;
http://www.press.sk:80/detska-literatura;https://web.archive.org/web/20100329143059/http://www.press.sk:80/detska-literatura;2,01E+13;skip;0;;;
http://www.press.sk:80/detska-literatura/;https://web.archive.org/web/20100421041519/http://www.press.sk:80/detska-literatura/;2,01E+13;skip;0;;;
http://www.press.sk:80/detska-literatura/;https://web.archive.org/web/20100621054908/http://www.press.sk:80/detska-literatura/;2,01E+13;skip;0;;;
http://www.press.sk:80/detska-literatura/;https://web.archive.org/web/20100822092918/http://www.press.sk:80/detska-literatura/;2,01E+13;skip;0;;;
http://www.press.sk:80/detska-literatura/;https://web.archive.org/web/20101022151522/http://www.press.sk:80/detska-literatura/;2,01E+13;skip;0;;;
http://www.press.sk:80/detska-literatura/;https://web.archive.org/web/20101222202020/http://www.press.sk:80/detska-literatura/;2,01E+13;skip;0;;;
http://www.press.sk:80/detska-literatura;https://web.archive.org/web/20110209184421/http://www.press.sk:80/detska-literatura;2,01E+13;skip;0;;;
http://www.press.sk:80/detska-literatura/;https://web.archive.org/web/20110221185814/http://www.press.sk:80/detska-literatura/;2,01E+13;skip;0;;;
http://www.press.sk:80/detska-literatura;https://web.archive.org/web/20110312235823/http://www.press.sk:80/detska-literatura;2,01E+13;skip;0;;;
http://www.press.sk:80/detska-literatura;https://web.archive.org/web/20110413054945/http://www.press.sk:80/detska-literatura;2,01E+13;skip;0;;;
http://www.press.sk:80/detska-literatura;https://web.archive.org/web/20110414094605/http://www.press.sk:80/detska-literatura;2,01E+13;skip;0;;;
http://www.press.sk:80/detska-literatura/;https://web.archive.org/web/20110423150542/http://www.press.sk:80/detska-literatura/;2,01E+13;skip;0;;;
http://www.press.sk:80/detska-literatura/;https://web.archive.org/web/20110623193237/http://www.press.sk:80/detska-literatura/;2,01E+13;skip;0;;;
http://www.press.sk:80/detska-literatura/;https://web.archive.org/web/20110625012709/http://www.press.sk:80/detska-literatura/;2,01E+13;skip;0;;;
http://www.press.sk:80/detska-literatura/;https://web.archive.org/web/20110824154216/http://www.press.sk:80/detska-literatura/;2,01E+13;skip;0;;;
http://www.press.sk:80/detska-literatura/;https://web.archive.org/web/20111112171040/http://www.press.sk:80/detska-literatura/;2,01E+13;skip;0;;;
http://www.press.sk:80/detska-literatura/;https://web.archive.org/web/20120114183247/http://www.press.sk:80/detska-literatura/;2,01E+13;skip;0;;;
http://www.press.sk:80/detska-literatura/;https://web.archive.org/web/20120315101758/http://www.press.sk:80/detska-literatura/;2,01E+13;skip;0;;;
http://www.press.sk:80/detska-literatura/;https://web.archive.org/web/20120525022313/http://www.press.sk:80/detska-literatura/;2,01E+13;skip;0;;;
http://www.press.sk:80/detska-literatura/;https://web.archive.org/web/20120814012008/http://www.press.sk:80/detska-literatura/;2,01E+13;skip;0;;;
http://www.press.sk:80/detska-literatura/;https://web.archive.org/web/20121018010839/http://www.press.sk:80/detska-literatura/;2,01E+13;skip;0;;;
http://www.press.sk:80/detska-literatura/;https://web.archive.org/web/20121217201304/http://www.press.sk:80/detska-literatura/;2,01E+13;skip;0;;;
http://www.press.sk:80/detska-literatura/;https://web.archive.org/web/20130324054158/http://www.press.sk:80/detska-literatura/;2,01E+13;skip;0;;;
http://www.press.sk/detska-literatura/;https://web.archive.org/web/20130511003406/http://www.press.sk/detska-literatura/;2,01E+13;skip;0;;;
http://www.press.sk:80/detska-literatura/;https://web.archive.org/web/20130524084430/http://www.press.sk:80/detska-literatura/;2,01E+13;skip;0;;;
http://www.press.sk:80/detska-literatura/;https://web.archive.org/web/20130726004614/http://www.press.sk:80/detska-literatura/;2,01E+13;skip;0;;;
http://www.press.sk:80/detska-literatura/;https://web.archive.org/web/20130924122225/http://www.press.sk:80/detska-literatura/;2,01E+13;skip;0;;;
http://www.press.sk:80/detska-literatura/;https://web.archive.org/web/20131205072535/http://www.press.sk:80/detska-literatura/;2,01E+13;skip;0;;;
http://www.press.sk:80/detska-literatura/;https://web.archive.org/web/20140306224748/http://www.press.sk:80/detska-literatura/;2,01E+13;skip;0;;;
http://www.press.sk:80/detska-literatura/;https://web.archive.org/web/20140507033733/http://www.press.sk:80/detska-literatura/;2,01E+13;skip;0;;;
http://www.press.sk:80/detska-literatura/;https://web.archive.org/web/20140706134105/http://www.press.sk:80/detska-literatura/;2,01E+13;skip;0;;;
http://www.press.sk:80/detska-literatura;https://web.archive.org/web/20140808224514/http://www.press.sk:80/detska-literatura;2,01E+13;skip;0;;;
http://www.press.sk:80/detska-literatura/;https://web.archive.org/web/20140905030135/http://www.press.sk:80/detska-literatura/;2,01E+13;skip;0;;;
http://www.press.sk:80/detska-literatura/;https://web.archive.org/web/20141012062120/http://www.press.sk:80/detska-literatura/;2,01E+13;skip;0;;;
http://www.press.sk:80/detska-literatura/;https://web.archive.org/web/20141224110142/http://www.press.sk:80/detska-literatura/;2,01E+13;skip;0;;;
http://www.press.sk:80/detska-literatura/;https://web.archive.org/web/20150310170322/http://www.press.sk:80/detska-literatura/;2,02E+13;skip;0;;;
http://www.press.sk:80/detska-literatura/;https://web.archive.org/web/20150515034747/http://www.press.sk:80/detska-literatura/;2,02E+13;skip;0;;;
http://www.press.sk:80/detska-literatura/;https://web.archive.org/web/20150822004733/http://www.press.sk:80/detska-literatura/;2,02E+13;skip;0;;;
http://www.press.sk:80/detska-literatura/;https://web.archive.org/web/20151027180657/http://www.press.sk:80/detska-literatura/;2,02E+13;skip;0;;;
http://www.press.sk:80/detska-literatura/;https://web.archive.org/web/20160221191941/http://www.press.sk:80/detska-literatura/;2,02E+13;skip;0;;;
http://www.press.sk/detska-literatura/;https://web.archive.org/web/20160406124340/http://www.press.sk/detska-literatura/;2,02E+13;skip;0;;;
http://www.press.sk:80/detska-literatura/;https://web.archive.org/web/20160430162857/http://www.press.sk:80/detska-literatura/;2,02E+13;skip;0;;;
http://www.press.sk/detska-literatura/;https://web.archive.org/web/20160624004556/http://www.press.sk/detska-literatura/;2,02E+13;skip;0;;;
http://www.press.sk:80/detska-literatura/;https://web.archive.org/web/20160630160136/http://www.press.sk:80/detska-literatura/;2,02E+13;skip;0;;;
http://www.press.sk:80/detska-literatura/;https://web.archive.org/web/20160905082006/http://www.press.sk:80/detska-literatura/;2,02E+13;skip;0;;;
http://www.press.sk:80/detska-literatura/;https://web.archive.org/web/20161105155418/http://www.press.sk:80/detska-literatura/;2,02E+13;skip;0;;;
http://www.press.sk:80/detska-literatura/;https://web.archive.org/web/20170104223437/http://www.press.sk:80/detska-literatura/;2,02E+13;skip;0;;;
http://www.press.sk:80/detska-literatura/;https://web.archive.org/web/20170315212549/http://www.press.sk:80/detska-literatura/;2,02E+13;skip;0;;;
http://www.press.sk/detska-literatura/;https://web.archive.org/web/20170405195320/http://www.press.sk/detska-literatura/;2,02E+13;skip;0;;;
http://www.press.sk/detska-literatura/;https://web.archive.org/web/20170608023433/http://www.press.sk/detska-literatura/;2,02E+13;skip;0;;;
http://www.press.sk:80/detska-literatura/n;https://web.archive.org/web/20100401140356/http://www.press.sk:80/detska-literatura/n,a,30,0/;2,01E+13;skip;0;;;
http://www.press.sk:80/detska-literatura/n;https://web.archive.org/web/20100329143104/http://www.press.sk:80/detska-literatura/n,a,30,120;2,01E+13;skip;0;;;
http://www.press.sk:80/detska-literatura/n;https://web.archive.org/web/20100401140434/http://www.press.sk:80/detska-literatura/n,a,30,120/;2,01E+13;skip;0;;;
http://www.press.sk:80/detska-literatura/n;https://web.archive.org/web/20100329143109/http://www.press.sk:80/detska-literatura/n,a,30,30;2,01E+13;skip;0;;;
http://www.press.sk:80/detska-literatura/n;https://web.archive.org/web/20100329143133/http://www.press.sk:80/detska-literatura/n,a,30,60;2,01E+13;skip;0;;;
http://www.press.sk:80/detska-literatura/n;https://web.archive.org/web/20100329143139/http://www.press.sk:80/detska-literatura/n,a,30,90;2,01E+13;skip;0;;;
http://www.press.sk/detska-literatura/o;https://web.archive.org/web/20130622160822/http://www.press.sk/detska-literatura/o,a,30,120/;2,01E+13;skip;0;;;
http://www.press.sk:80/detska-literatura/o;https://web.archive.org/web/20140810165657/http://www.press.sk:80/detska-literatura/o,a,30,120/;2,01E+13;skip;0;;;
http://www.press.sk/detska-literatura/o;https://web.archive.org/web/20130622154801/http://www.press.sk/detska-literatura/o,a,30,180/;2,01E+13;skip;0;;;
http://www.press.sk/detska-literatura/o;https://web.archive.org/web/20130622155730/http://www.press.sk/detska-literatura/o,a,30,210/;2,01E+13;skip;0;;;
http://www.press.sk/detska-literatura/o;https://web.archive.org/web/20130622143115/http://www.press.sk/detska-literatura/o,a,30,30/;2,01E+13;skip;0;;;
http://www.press.sk:80/detska-literatura/o;https://web.archive.org/web/20140810065605/http://www.press.sk:80/detska-literatura/o,a,30,30/;2,01E+13;skip;0;;;
http://www.press.sk:80/detska-literatura/o;https://web.archive.org/web/20140810094608/http://www.press.sk:80/detska-literatura/o,a,30,300/;2,01E+13;skip;0;;;
http://www.press.sk:80/detska-literatura/o;https://web.archive.org/web/20140810065610/http://www.press.sk:80/detska-literatura/o,a,30,330/;2,01E+13;skip;0;;;
http://www.press.sk/detska-literatura/o;https://web.archive.org/web/20130622144029/http://www.press.sk/detska-literatura/o,a,30,60/;2,01E+13;skip;0;;;
http://www.press.sk:80/detska-literatura/o;https://web.archive.org/web/20140810165702/http://www.press.sk:80/detska-literatura/o,a,30,60/;2,01E+13;skip;0;;;
http://www.press.sk/detska-literatura/o;https://web.archive.org/web/20130622142757/http://www.press.sk/detska-literatura/o,a,30,90/;2,01E+13;skip;0;;;
http://www.press.sk:80/detska-literatura/o;https://web.archive.org/web/20140810094643/http://www.press.sk:80/detska-literatura/o,a,30,90/;2,01E+13;skip;0;;;
http://www.press.sk/dobrodruzstvo-fantasy/;https://web.archive.org/web/20170615031657/http://www.press.sk/dobrodruzstvo-fantasy/;2,02E+13;skip;0;;;
http://www.press.sk:80/dvd/;https://web.archive.org/web/20081227023330/http://www.press.sk:80/dvd/;2,01E+13;skip;0;;;
http://www.press.sk:80/dvd/;https://web.archive.org/web/20090126121236/http://www.press.sk:80/dvd/;2,01E+13;skip;0;;;
http://www.press.sk:80/dvd/;https://web.archive.org/web/20090226005535/http://www.press.sk:80/dvd/;2,01E+13;skip;0;;;
http://www.press.sk:80/dvd/;https://web.archive.org/web/20090328181803/http://www.press.sk:80/dvd/;2,01E+13;skip;0;;;
http://www.press.sk:80/dvd;https://web.archive.org/web/20090330062411/http://www.press.sk:80/dvd;2,01E+13;skip;0;;;
http://www.press.sk:80/dvd/;https://web.archive.org/web/20090428190300/http://www.press.sk:80/dvd/;2,01E+13;skip;0;;;
http://www.press.sk:80/dvd;https://web.archive.org/web/20090501202642/http://www.press.sk:80/dvd;2,01E+13;skip;0;;;
http://www.press.sk:80/dvd/;https://web.archive.org/web/20100105092623/http://www.press.sk:80/dvd/;2,01E+13;skip;0;;;
http://www.press.sk:80/dvd;https://web.archive.org/web/20100503111201/http://www.press.sk:80/dvd;2,01E+13;skip;0;;;
http://www.press.sk:80/dvd;https://web.archive.org/web/20100823195027/http://www.press.sk:80/dvd;2,01E+13;skip;0;;;
http://www.press.sk:80/dvd;https://web.archive.org/web/20100924000212/http://www.press.sk:80/dvd;2,01E+13;skip;0;;;
http://www.press.sk:80/dvd;https://web.archive.org/web/20101026010250/http://www.press.sk:80/dvd;2,01E+13;skip;0;;;
http://www.press.sk:80/dvd;https://web.archive.org/web/20101126135713/http://www.press.sk:80/dvd;2,01E+13;skip;0;;;
http://www.press.sk:80/dvd/;https://web.archive.org/web/20101229065555/http://www.press.sk:80/dvd/;2,01E+13;skip;0;;;
http://www.press.sk:80/dvd;https://web.archive.org/web/20110113230811/http://www.press.sk:80/dvd;2,01E+13;skip;0;;;
http://www.press.sk:80/dvd;https://web.archive.org/web/20110216034152/http://www.press.sk:80/dvd;2,01E+13;skip;0;;;
http://www.press.sk:80/dvd/;https://web.archive.org/web/20110228080842/http://www.press.sk:80/dvd/;2,01E+13;skip;0;;;
http://www.press.sk:80/dvd;https://web.archive.org/web/20110319091839/http://www.press.sk:80/dvd;2,01E+13;skip;0;;;
http://www.press.sk:80/dvd;https://web.archive.org/web/20110320124004/http://www.press.sk:80/dvd;2,01E+13;skip;0;;;
http://www.press.sk:80/dvd;https://web.archive.org/web/20110423233206/http://www.press.sk:80/dvd;2,01E+13;skip;0;;;
http://www.press.sk:80/dvd;https://web.archive.org/web/20110525212820/http://www.press.sk:80/dvd;2,01E+13;skip;0;;;
http://www.press.sk:80/dvd;https://web.archive.org/web/20110625211402/http://www.press.sk:80/dvd;2,01E+13;skip;0;;;
http://www.press.sk:80/dvd;https://web.archive.org/web/20110727064132/http://www.press.sk:80/dvd;2,01E+13;skip;0;;;
http://www.press.sk:80/dvd/;https://web.archive.org/web/20110803173100/http://www.press.sk:80/dvd/;2,01E+13;skip;0;;;
http://www.press.sk/dvd/;https://web.archive.org/web/20110812185541/http://www.press.sk/dvd/;2,01E+13;skip;0;;;
http://www.press.sk:80/dvd;https://web.archive.org/web/20110827044958/http://www.press.sk:80/dvd;2,01E+13;skip;0;;;
http://www.press.sk:80/dvd;https://web.archive.org/web/20110913052638/http://www.press.sk:80/dvd;2,01E+13;skip;0;;;
http://www.press.sk:80/dvd;https://web.archive.org/web/20111002124902/http://www.press.sk:80/dvd;2,01E+13;skip;0;;;
http://www.press.sk:80/dvd/;https://web.archive.org/web/20111003021643/http://www.press.sk:80/dvd/;2,01E+13;skip;0;;;
http://www.press.sk:80/dvd;https://web.archive.org/web/20111101235208/http://www.press.sk:80/dvd;2,01E+13;skip;0;;;
http://www.press.sk:80/dvd;https://web.archive.org/web/20111202165029/http://www.press.sk:80/dvd;2,01E+13;skip;0;;;
http://www.press.sk:80/dvd;https://web.archive.org/web/20120102092312/http://www.press.sk:80/dvd;2,01E+13;skip;0;;;
http://www.press.sk:80/dvd;https://web.archive.org/web/20120201202514/http://www.press.sk:80/dvd;2,01E+13;skip;0;;;
http://www.press.sk:80/dvd;https://web.archive.org/web/20120303181931/http://www.press.sk:80/dvd;2,01E+13;skip;0;;;
http://www.press.sk:80/dvd/;https://web.archive.org/web/20120323140701/http://www.press.sk:80/dvd/;2,01E+13;skip;0;;;
http://www.press.sk:80/dvd;https://web.archive.org/web/20120419154741/http://www.press.sk:80/dvd;2,01E+13;skip;0;;;
http://www.press.sk:80/dvd;https://web.archive.org/web/20120627024408/http://www.press.sk:80/dvd;2,01E+13;skip;0;;;
http://www.press.sk:80/dvd;https://web.archive.org/web/20120828000055/http://www.press.sk:80/dvd;2,01E+13;skip;0;;;
http://www.press.sk:80/dvd/;https://web.archive.org/web/20120831150003/http://www.press.sk:80/dvd/;2,01E+13;skip;0;;;
http://www.press.sk:80/dvd;https://web.archive.org/web/20121103190834/http://www.press.sk:80/dvd;2,01E+13;skip;0;;;
http://www.press.sk:80/dvd;https://web.archive.org/web/20121228215918/http://www.press.sk:80/dvd;2,01E+13;skip;0;;;
http://www.press.sk:80/dvd;https://web.archive.org/web/20130129054201/http://www.press.sk:80/dvd;2,01E+13;skip;0;;;
http://www.press.sk/dvd/;https://web.archive.org/web/20130510200659/http://www.press.sk/dvd/;2,01E+13;skip;0;;;
http://www.press.sk:80/dvd;https://web.archive.org/web/20130527233411/http://www.press.sk:80/dvd;2,01E+13;skip;0;;;
http://www.press.sk/dvd/;https://web.archive.org/web/20140117005130/http://www.press.sk/dvd/;2,01E+13;skip;0;;;
http://www.press.sk:80/dvd/;https://web.archive.org/web/20140423082951/http://www.press.sk:80/dvd/;2,01E+13;skip;0;;;
http://www.press.sk:80/dvd/;https://web.archive.org/web/20140810070815/http://www.press.sk:80/dvd/;2,01E+13;skip;0;;;
http://www.press.sk:80/dvd;https://web.archive.org/web/20150223235629/http://www.press.sk:80/dvd;2,02E+13;skip;0;;;
http://www.press.sk:80/dvd;https://web.archive.org/web/20150327034007/http://www.press.sk:80/dvd;2,02E+13;skip;0;;;
http://www.press.sk:80/dvd;https://web.archive.org/web/20150328081213/http://www.press.sk:80/dvd;2,02E+13;skip;0;;;
http://www.press.sk:80/dvd;https://web.archive.org/web/20150429010603/http://www.press.sk:80/dvd;2,02E+13;skip;0;;;
http://www.press.sk:80/dvd/;https://web.archive.org/web/20150512103707/http://www.press.sk:80/dvd/;2,02E+13;skip;0;;;
http://www.press.sk:80/dvd;https://web.archive.org/web/20150530095513/http://www.press.sk:80/dvd;2,02E+13;skip;0;;;
http://www.press.sk:80/dvd;https://web.archive.org/web/20150630043015/http://www.press.sk:80/dvd;2,02E+13;skip;0;;;
http://www.press.sk:80/dvd;https://web.archive.org/web/20150731053845/http://www.press.sk:80/dvd;2,02E+13;skip;0;;;
http://www.press.sk:80/dvd;https://web.archive.org/web/20150901024212/http://www.press.sk:80/dvd;2,02E+13;skip;0;;;
http://www.press.sk:80/dvd/;https://web.archive.org/web/20160203100624/http://www.press.sk:80/dvd/;2,02E+13;skip;0;;;
http://www.press.sk:80/dvd/;https://web.archive.org/web/20160203230923/http://www.press.sk:80/dvd/;2,02E+13;skip;0;;;
http://www.press.sk:80/dvd;https://web.archive.org/web/20160402025430/http://www.press.sk:80/dvd;2,02E+13;skip;0;;;
http://www.press.sk:80/dvd;https://web.archive.org/web/20160403120319/http://www.press.sk:80/dvd;2,02E+13;skip;0;;;
http://www.press.sk/dvd/;https://web.archive.org/web/20160409023130/http://www.press.sk/dvd/;2,02E+13;skip;0;;;
http://www.press.sk:80/dvd/;https://web.archive.org/web/20160416064837/http://www.press.sk:80/dvd/;2,02E+13;skip;0;;;
http://www.press.sk:80/dvd;https://web.archive.org/web/20160512162535/http://www.press.sk:80/dvd;2,02E+13;skip;0;;;
http://www.press.sk:80/dvd;https://web.archive.org/web/20160514022925/http://www.press.sk:80/dvd;2,02E+13;skip;0;;;
http://www.press.sk:80/dvd/n;https://web.archive.org/web/20100129035233/http://www.press.sk:80/dvd/n,a,100,0;2,01E+13;skip;0;;;
http://www.press.sk:80/dvd/n;https://web.archive.org/web/20100131073322/http://www.press.sk:80/dvd/n,a,100,0/;2,01E+13;skip;0;;;
http://www.press.sk:80/dvd/n;https://web.archive.org/web/20100129035204/http://www.press.sk:80/dvd/n,a,100,100;2,01E+13;skip;0;;;
http://www.press.sk:80/dvd/n;https://web.archive.org/web/20100131073333/http://www.press.sk:80/dvd/n,a,100,100/;2,01E+13;skip;0;;;
http://www.press.sk:80/dvd/n;https://web.archive.org/web/20100129040416/http://www.press.sk:80/dvd/n,a,100,200;2,01E+13;skip;0;;;
http://www.press.sk:80/dvd/n;https://web.archive.org/web/20100130183123/http://www.press.sk:80/dvd/n,a,100,200/;2,01E+13;skip;0;;;
http://www.press.sk:80/dvd/n;https://web.archive.org/web/20100129040421/http://www.press.sk:80/dvd/n,a,100,300;2,01E+13;skip;0;;;
http://www.press.sk:80/dvd/n;https://web.archive.org/web/20100130183126/http://www.press.sk:80/dvd/n,a,100,300/;2,01E+13;skip;0;;;
http://www.press.sk:80/dvd/n;https://web.archive.org/web/20100828092349/http://www.press.sk:80/dvd/n,a,100,300;2,01E+13;skip;0;;;
http://www.press.sk:80/dvd/n;https://web.archive.org/web/20100929182148/http://www.press.sk:80/dvd/n,a,100,300;2,01E+13;skip;0;;;
http://www.press.sk:80/dvd/n;https://web.archive.org/web/20100824193617/http://www.press.sk:80/dvd/n,a,15,0/;2,01E+13;skip;0;;;
http://www.press.sk:80/dvd/n;https://web.archive.org/web/20100824193622/http://www.press.sk:80/dvd/n,a,15,15/;2,01E+13;skip;0;;;
http://www.press.sk:80/dvd/n;https://web.archive.org/web/20100825030456/http://www.press.sk:80/dvd/n,a,15,240/;2,01E+13;skip;0;;;
http://www.press.sk:80/dvd/n;https://web.archive.org/web/20100824223717/http://www.press.sk:80/dvd/n,a,15,255/;2,01E+13;skip;0;;;
http://www.press.sk:80/dvd/n;https://web.archive.org/web/20100823080530/http://www.press.sk:80/dvd/n,a,15,270;2,01E+13;skip;0;;;
http://www.press.sk:80/dvd/n;https://web.archive.org/web/20100825001533/http://www.press.sk:80/dvd/n,a,15,270/;2,01E+13;skip;0;;;
http://www.press.sk:80/dvd/n;https://web.archive.org/web/20100923110329/http://www.press.sk:80/dvd/n,a,15,270;2,01E+13;skip;0;;;
http://www.press.sk:80/dvd/n;https://web.archive.org/web/20100823080536/http://www.press.sk:80/dvd/n,a,15,285;2,01E+13;skip;0;;;
http://www.press.sk:80/dvd/n;https://web.archive.org/web/20100824223722/http://www.press.sk:80/dvd/n,a,15,285/;2,01E+13;skip;0;;;
http://www.press.sk:80/dvd/n;https://web.archive.org/web/20100923103401/http://www.press.sk:80/dvd/n,a,15,285;2,01E+13;skip;0;;;
http://www.press.sk:80/dvd/n;https://web.archive.org/web/20100824220730/http://www.press.sk:80/dvd/n,a,15,300/;2,01E+13;skip;0;;;
http://www.press.sk:80/dvd/n;https://web.archive.org/web/20100823080541/http://www.press.sk:80/dvd/n,a,15,315;2,01E+13;skip;0;;;
http://www.press.sk:80/dvd/n;https://web.archive.org/web/20100824223931/http://www.press.sk:80/dvd/n,a,15,315/;2,01E+13;skip;0;;;
http://www.press.sk:80/dvd/n;https://web.archive.org/web/20100923071430/http://www.press.sk:80/dvd/n,a,15,315;2,01E+13;skip;0;;;
http://www.press.sk:80/dvd/n;https://web.archive.org/web/20100823080546/http://www.press.sk:80/dvd/n,a,15,330;2,01E+13;skip;0;;;
http://www.press.sk:80/dvd/n;https://web.archive.org/web/20100824220754/http://www.press.sk:80/dvd/n,a,15,330/;2,01E+13;skip;0;;;
http://www.press.sk:80/dvd/n;https://web.archive.org/web/20100923110348/http://www.press.sk:80/dvd/n,a,15,330;2,01E+13;skip;0;;;
http://www.press.sk:80/dvd/n;https://web.archive.org/web/20100823080551/http://www.press.sk:80/dvd/n,a,15,345;2,01E+13;skip;0;;;
http://www.press.sk:80/dvd/n;https://web.archive.org/web/20100824215841/http://www.press.sk:80/dvd/n,a,15,345/;2,01E+13;skip;0;;;
http://www.press.sk:80/dvd/n;https://web.archive.org/web/20100923095759/http://www.press.sk:80/dvd/n,a,15,345;2,01E+13;skip;0;;;
http://www.press.sk:80/dvd/n;https://web.archive.org/web/20100823080556/http://www.press.sk:80/dvd/n,a,15,360;2,01E+13;skip;0;;;
http://www.press.sk:80/dvd/n;https://web.archive.org/web/20100824215846/http://www.press.sk:80/dvd/n,a,15,360/;2,01E+13;skip;0;;;
http://www.press.sk:80/dvd/n;https://web.archive.org/web/20100923112857/http://www.press.sk:80/dvd/n,a,15,360;2,01E+13;skip;0;;;
http://www.press.sk:80/dvd/n;https://web.archive.org/web/20100823080409/http://www.press.sk:80/dvd/n,a,15,375;2,01E+13;skip;0;;;
http://www.press.sk:80/dvd/n;https://web.archive.org/web/20100824220403/http://www.press.sk:80/dvd/n,a,15,375/;2,01E+13;skip;0;;;
http://www.press.sk:80/dvd/n;https://web.archive.org/web/20100923095852/http://www.press.sk:80/dvd/n,a,15,375;2,01E+13;skip;0;;;
http://www.press.sk:80/dvd/n;https://web.archive.org/web/20100823080419/http://www.press.sk:80/dvd/n,a,15,390;2,01E+13;skip;0;;;
http://www.press.sk:80/dvd/n;https://web.archive.org/web/20100824193647/http://www.press.sk:80/dvd/n,a,15,390/;2,01E+13;skip;0;;;
http://www.press.sk:80/dvd/n;https://web.archive.org/web/20100923071444/http://www.press.sk:80/dvd/n,a,15,390;2,01E+13;skip;0;;;
http://www.press.sk:80/dvd/n;https://web.archive.org/web/20100823080601/http://www.press.sk:80/dvd/n,a,15,405;2,01E+13;skip;0;;;
http://www.press.sk:80/dvd/n;https://web.archive.org/web/20100824220408/http://www.press.sk:80/dvd/n,a,15,405/;2,01E+13;skip;0;;;
http://www.press.sk:80/dvd/n;https://web.archive.org/web/20100923101410/http://www.press.sk:80/dvd/n,a,15,405;2,01E+13;skip;0;;;
http://www.press.sk:80/dvd/n;https://web.archive.org/web/20100823080425/http://www.press.sk:80/dvd/n,a,15,420;2,01E+13;skip;0;;;
http://www.press.sk:80/dvd/n;https://web.archive.org/web/20100824220413/http://www.press.sk:80/dvd/n,a,15,420/;2,01E+13;skip;0;;;
http://www.press.sk:80/dvd/n;https://web.archive.org/web/20100923110434/http://www.press.sk:80/dvd/n,a,15,420;2,01E+13;skip;0;;;
http://www.press.sk:80/dvd/n;https://web.archive.org/web/20100823080606/http://www.press.sk:80/dvd/n,a,15,435;2,01E+13;skip;0;;;
http://www.press.sk:80/dvd/n;https://web.archive.org/web/20100824194329/http://www.press.sk:80/dvd/n,a,15,435/;2,01E+13;skip;0;;;
http://www.press.sk:80/dvd/n;https://web.archive.org/web/20100923103428/http://www.press.sk:80/dvd/n,a,15,435;2,01E+13;skip;0;;;
http://www.press.sk:80/dvd/n;https://web.archive.org/web/20100823080440/http://www.press.sk:80/dvd/n,a,15,450;2,01E+13;skip;0;;;
http://www.press.sk:80/dvd/n;https://web.archive.org/web/20100824193626/http://www.press.sk:80/dvd/n,a,15,450/;2,01E+13;skip;0;;;
http://www.press.sk:80/dvd/n;https://web.archive.org/web/20100923112258/http://www.press.sk:80/dvd/n,a,15,450;2,01E+13;skip;0;;;
http://www.press.sk:80/dvd/n;https://web.archive.org/web/20100827181231/http://www.press.sk:80/dvd/n,a,20,300;2,01E+13;skip;0;;;
http://www.press.sk:80/dvd/n;https://web.archive.org/web/20100929175038/http://www.press.sk:80/dvd/n,a,20,300;2,01E+13;skip;0;;;
http://www.press.sk:80/dvd/n;https://web.archive.org/web/20100826082728/http://www.press.sk:80/dvd/n,a,20,320;2,01E+13;skip;0;;;
http://www.press.sk:80/dvd/n;https://web.archive.org/web/20100926113210/http://www.press.sk:80/dvd/n,a,20,320;2,01E+13;skip;0;;;
http://www.press.sk:80/dvd/n;https://web.archive.org/web/20090226193020/http://www.press.sk:80/dvd/n,a,30,0/;2,01E+13;skip;0;;;
http://www.press.sk:80/dvd/n;https://web.archive.org/web/20090531092553/http://www.press.sk:80/dvd/n,a,30,0/;2,01E+13;skip;0;;;
http://www.press.sk:80/dvd/n;https://web.archive.org/web/20110912101850/http://www.press.sk:80/dvd/n,a,30,0/;2,01E+13;skip;0;;;
http://www.press.sk:80/dvd/n;https://web.archive.org/web/20120323000300/http://www.press.sk:80/dvd/n,a,30,0/;2,01E+13;skip;0;;;
http://www.press.sk:80/dvd/n;https://web.archive.org/web/20081205030348/http://www.press.sk:80/dvd/n,a,30,120/;2,01E+13;skip;0;;;
http://www.press.sk:80/dvd/n;https://web.archive.org/web/20090226193026/http://www.press.sk:80/dvd/n,a,30,120/;2,01E+13;skip;0;;;
http://www.press.sk:80/dvd/n;https://web.archive.org/web/20090614080708/http://www.press.sk:80/dvd/n,a,30,120;2,01E+13;skip;0;;;
http://www.press.sk:80/dvd/n;https://web.archive.org/web/20100118022344/http://www.press.sk:80/dvd/n,a,30,120;2,01E+13;skip;0;;;
http://www.press.sk:80/dvd/n;https://web.archive.org/web/20100825101138/http://www.press.sk:80/dvd/n,a,30,120/;2,01E+13;skip;0;;;
http://www.press.sk:80/dvd/n;https://web.archive.org/web/20100828093044/http://www.press.sk:80/dvd/n,a,30,120;2,01E+13;skip;0;;;
http://www.press.sk:80/dvd/n;https://web.archive.org/web/20100929181230/http://www.press.sk:80/dvd/n,a,30,120;2,01E+13;skip;0;;;
http://www.press.sk:80/dvd/n;https://web.archive.org/web/20110115065241/http://www.press.sk:80/dvd/n,a,30,120/;2,01E+13;skip;0;;;
http://www.press.sk:80/dvd/n;https://web.archive.org/web/20110912034756/http://www.press.sk:80/dvd/n,a,30,120/;2,01E+13;skip;0;;;
http://www.press.sk:80/dvd/n;https://web.archive.org/web/20120323102039/http://www.press.sk:80/dvd/n,a,30,120/;2,01E+13;skip;0;;;
http://www.press.sk:80/dvd/n;https://web.archive.org/web/20090226193619/http://www.press.sk:80/dvd/n,a,30,150/;2,01E+13;skip;0;;;
http://www.press.sk:80/dvd/n;https://web.archive.org/web/20090531105114/http://www.press.sk:80/dvd/n,a,30,150/;2,01E+13;skip;0;;;
http://www.press.sk:80/dvd/n;https://web.archive.org/web/20090614081245/http://www.press.sk:80/dvd/n,a,30,150;2,01E+13;skip;0;;;
http://www.press.sk:80/dvd/n;https://web.archive.org/web/20100826082733/http://www.press.sk:80/dvd/n,a,30,180;2,01E+13;skip;0;;;
http://www.press.sk:80/dvd/n;https://web.archive.org/web/20100926112056/http://www.press.sk:80/dvd/n,a,30,180;2,01E+13;skip;0;;;
http://www.press.sk:80/dvd/n;https://web.archive.org/web/20101029194309/http://www.press.sk:80/dvd/n,a,30,180;2,01E+13;skip;0;;;
http://www.press.sk:80/dvd/n;https://web.archive.org/web/20100929193354/http://www.press.sk:80/dvd/n,a,30,210;2,01E+13;skip;0;;;
http://www.press.sk:80/dvd/n;https://web.archive.org/web/20101031075720/http://www.press.sk:80/dvd/n,a,30,210;2,01E+13;skip;0;;;
http://www.press.sk:80/dvd/n;https://web.archive.org/web/20101101111054/http://www.press.sk:80/dvd/n,a,30,210;2,01E+13;skip;0;;;
http://www.press.sk:80/dvd/n;https://web.archive.org/web/20101202101420/http://www.press.sk:80/dvd/n,a,30,210;2,01E+13;skip;0;;;
http://www.press.sk:80/dvd/n;https://web.archive.org/web/20101203104508/http://www.press.sk:80/dvd/n,a,30,210;2,01E+13;skip;0;;;
http://www.press.sk:80/dvd/n;https://web.archive.org/web/20100826082738/http://www.press.sk:80/dvd/n,a,30,240;2,01E+13;skip;0;;;
http://www.press.sk:80/dvd/n;https://web.archive.org/web/20100926105203/http://www.press.sk:80/dvd/n,a,30,240;2,01E+13;skip;0;;;
http://www.press.sk:80/dvd/n;https://web.archive.org/web/20101029194315/http://www.press.sk:80/dvd/n,a,30,240;2,01E+13;skip;0;;;
http://www.press.sk:80/dvd/n;https://web.archive.org/web/20101201042018/http://www.press.sk:80/dvd/n,a,30,240;2,01E+13;skip;0;;;
http://www.press.sk:80/dvd/n;https://web.archive.org/web/20100826082743/http://www.press.sk:80/dvd/n,a,30,270;2,01E+13;skip;0;;;
http://www.press.sk:80/dvd/n;https://web.archive.org/web/20100926113402/http://www.press.sk:80/dvd/n,a,30,270;2,01E+13;skip;0;;;
http://www.press.sk:80/dvd/n;https://web.archive.org/web/20101030071938/http://www.press.sk:80/dvd/n,a,30,270;2,01E+13;skip;0;;;
http://www.press.sk:80/dvd/n;https://web.archive.org/web/20101031073958/http://www.press.sk:80/dvd/n,a,30,270;2,01E+13;skip;0;;;
http://www.press.sk:80/dvd/n;https://web.archive.org/web/20101202101415/http://www.press.sk:80/dvd/n,a,30,270;2,01E+13;skip;0;;;
http://www.press.sk:80/dvd/n;https://web.archive.org/web/20090227102422/http://www.press.sk:80/dvd/n,a,30,30/;2,01E+13;skip;0;;;
http://www.press.sk:80/dvd/n;https://web.archive.org/web/20090615081920/http://www.press.sk:80/dvd/n,a,30,30/;2,01E+13;skip;0;;;
http://www.press.sk:80/dvd/n;https://web.archive.org/web/20091223074028/http://www.press.sk:80/dvd/n,a,30,30;2,01E+13;skip;0;;;
http://www.press.sk:80/dvd/n;https://web.archive.org/web/20100130183130/http://www.press.sk:80/dvd/n,a,30,30/;2,01E+13;skip;0;;;
http://www.press.sk:80/dvd/n;https://web.archive.org/web/20100825031810/http://www.press.sk:80/dvd/n,a,30,30/;2,01E+13;skip;0;;;
http://www.press.sk:80/dvd/n;https://web.archive.org/web/20101002142204/http://www.press.sk:80/dvd/n,a,30,30;2,01E+13;skip;0;;;
http://www.press.sk:80/dvd/n;https://web.archive.org/web/20101103030529/http://www.press.sk:80/dvd/n,a,30,30;2,01E+13;skip;0;;;
http://www.press.sk:80/dvd/n;https://web.archive.org/web/20110115044834/http://www.press.sk:80/dvd/n,a,30,30/;2,01E+13;skip;0;;;
http://www.press.sk:80/dvd/n;https://web.archive.org/web/20110317202834/http://www.press.sk:80/dvd/n,a,30,30/;2,01E+13;skip;0;;;
http://www.press.sk:80/dvd/n;https://web.archive.org/web/20110319010238/http://www.press.sk:80/dvd/n,a,30,30/;2,01E+13;skip;0;;;
http://www.press.sk:80/dvd/n;https://web.archive.org/web/20110517211459/http://www.press.sk:80/dvd/n,a,30,30;2,01E+13;skip;0;;;
http://www.press.sk:80/dvd/n;https://web.archive.org/web/20110618161248/http://www.press.sk:80/dvd/n,a,30,30;2,01E+13;skip;0;;;
http://www.press.sk:80/dvd/n;https://web.archive.org/web/20110719223530/http://www.press.sk:80/dvd/n,a,30,30;2,01E+13;skip;0;;;
http://www.press.sk:80/dvd/n;https://web.archive.org/web/20110819234921/http://www.press.sk:80/dvd/n,a,30,30;2,01E+13;skip;0;;;
http://www.press.sk:80/dvd/n;https://web.archive.org/web/20110911210840/http://www.press.sk:80/dvd/n,a,30,30;2,01E+13;skip;0;;;
http://www.press.sk:80/dvd/n;https://web.archive.org/web/20110912082140/http://www.press.sk:80/dvd/n,a,30,30/;2,01E+13;skip;0;;;
http://www.press.sk:80/dvd/n;https://web.archive.org/web/20120321225235/http://www.press.sk:80/dvd/n,a,30,30;2,01E+13;skip;0;;;
http://www.press.sk:80/dvd/n;https://web.archive.org/web/20120323140519/http://www.press.sk:80/dvd/n,a,30,30/;2,01E+13;skip;0;;;
http://www.press.sk:80/dvd/n;https://web.archive.org/web/20120421202636/http://www.press.sk:80/dvd/n,a,30,30;2,01E+13;skip;0;;;
http://www.press.sk:80/dvd/n;https://web.archive.org/web/20120630164817/http://www.press.sk:80/dvd/n,a,30,30;2,01E+13;skip;0;;;
http://www.press.sk:80/dvd/n;https://web.archive.org/web/20120815060415/http://www.press.sk:80/dvd/n,a,30,30;2,01E+13;skip;0;;;
http://www.press.sk:80/dvd/n;https://web.archive.org/web/20121104043722/http://www.press.sk:80/dvd/n,a,30,30;2,01E+13;skip;0;;;
http://www.press.sk:80/dvd/n;https://web.archive.org/web/20121230011011/http://www.press.sk:80/dvd/n,a,30,30;2,01E+13;skip;0;;;
http://www.press.sk:80/dvd/n;https://web.archive.org/web/20130529185543/http://www.press.sk:80/dvd/n,a,30,30;2,01E+13;skip;0;;;
http://www.press.sk:80/dvd/n;https://web.archive.org/web/20100827181254/http://www.press.sk:80/dvd/n,a,30,300;2,01E+13;skip;0;;;
http://www.press.sk:80/dvd/n;https://web.archive.org/web/20100929181235/http://www.press.sk:80/dvd/n,a,30,300;2,01E+13;skip;0;;;
http://www.press.sk:80/dvd/n;https://web.archive.org/web/20101101113525/http://www.press.sk:80/dvd/n,a,30,300;2,01E+13;skip;0;;;
http://www.press.sk:80/dvd/n;https://web.archive.org/web/20100826082820/http://www.press.sk:80/dvd/n,a,30,330;2,01E+13;skip;0;;;
http://www.press.sk:80/dvd/n;https://web.archive.org/web/20100926112122/http://www.press.sk:80/dvd/n,a,30,330;2,01E+13;skip;0;;;
http://www.press.sk:80/dvd/n;https://web.archive.org/web/20101029195456/http://www.press.sk:80/dvd/n,a,30,330;2,01E+13;skip;0;;;
http://www.press.sk:80/dvd/n;https://web.archive.org/web/20100130183135/http://www.press.sk:80/dvd/n,a,30,360/;2,01E+13;skip;0;;;
http://www.press.sk:80/dvd/n;https://web.archive.org/web/20100826082828/http://www.press.sk:80/dvd/n,a,30,390;2,01E+13;skip;0;;;
http://www.press.sk:80/dvd/n;https://web.archive.org/web/20100926105211/http://www.press.sk:80/dvd/n,a,30,390;2,01E+13;skip;0;;;
http://www.press.sk:80/dvd/n;https://web.archive.org/web/20100825091107/http://www.press.sk:80/dvd/n,a,30,420/;2,01E+13;skip;0;;;
http://www.press.sk:80/dvd/n;https://web.archive.org/web/20100929193405/http://www.press.sk:80/dvd/n,a,30,420;2,01E+13;skip;0;;;
http://www.press.sk:80/dvd/n;https://web.archive.org/web/20101101112042/http://www.press.sk:80/dvd/n,a,30,420;2,01E+13;skip;0;;;
http://www.press.sk:80/dvd/n;https://web.archive.org/web/20100825031815/http://www.press.sk:80/dvd/n,a,30,450/;2,01E+13;skip;0;;;
http://www.press.sk:80/dvd/n;https://web.archive.org/web/20100826082833/http://www.press.sk:80/dvd/n,a,30,450;2,01E+13;skip;0;;;
http://www.press.sk:80/dvd/n;https://web.archive.org/web/20100926113417/http://www.press.sk:80/dvd/n,a,30,450;2,01E+13;skip;0;;;
http://www.press.sk:80/dvd/n;https://web.archive.org/web/20110115065308/http://www.press.sk:80/dvd/n,a,30,480/;2,01E+13;skip;0;;;
http://www.press.sk:80/dvd/n;https://web.archive.org/web/20110115044838/http://www.press.sk:80/dvd/n,a,30,510/;2,01E+13;skip;0;;;
http://www.press.sk:80/dvd/n;https://web.archive.org/web/20110317202910/http://www.press.sk:80/dvd/n,a,30,510/;2,01E+13;skip;0;;;
http://www.press.sk:80/dvd/n;https://web.archive.org/web/20110319010242/http://www.press.sk:80/dvd/n,a,30,510/;2,01E+13;skip;0;;;
http://www.press.sk:80/dvd/n;https://web.archive.org/web/20081228212516/http://www.press.sk:80/dvd/n,a,30,60/;2,01E+13;skip;0;;;
http://www.press.sk:80/dvd/n;https://web.archive.org/web/20090227101800/http://www.press.sk:80/dvd/n,a,30,60/;2,01E+13;skip;0;;;
http://www.press.sk:80/dvd/n;https://web.archive.org/web/20090531105448/http://www.press.sk:80/dvd/n,a,30,60/;2,01E+13;skip;0;;;
http://www.press.sk:80/dvd/n;https://web.archive.org/web/20090611194410/http://www.press.sk:80/dvd/n,a,30,60;2,01E+13;skip;0;;;
http://www.press.sk:80/dvd/n;https://web.archive.org/web/20100106001926/http://www.press.sk:80/dvd/n,a,30,60;2,01E+13;skip;0;;;
http://www.press.sk:80/dvd/n;https://web.archive.org/web/20100825094816/http://www.press.sk:80/dvd/n,a,30,60/;2,01E+13;skip;0;;;
http://www.press.sk:80/dvd/n;https://web.archive.org/web/20100828085701/http://www.press.sk:80/dvd/n,a,30,60;2,01E+13;skip;0;;;
http://www.press.sk:80/dvd/n;https://web.archive.org/web/20100929180518/http://www.press.sk:80/dvd/n,a,30,60;2,01E+13;skip;0;;;
http://www.press.sk:80/dvd/n;https://web.archive.org/web/20110115065648/http://www.press.sk:80/dvd/n,a,30,60/;2,01E+13;skip;0;;;
http://www.press.sk:80/dvd/n;https://web.archive.org/web/20110517212058/http://www.press.sk:80/dvd/n,a,30,60;2,01E+13;skip;0;;;
http://www.press.sk:80/dvd/n;https://web.archive.org/web/20110618171815/http://www.press.sk:80/dvd/n,a,30,60;2,01E+13;skip;0;;;
http://www.press.sk:80/dvd/n;https://web.archive.org/web/20110720014458/http://www.press.sk:80/dvd/n,a,30,60;2,01E+13;skip;0;;;
http://www.press.sk:80/dvd/n;https://web.archive.org/web/20110819234742/http://www.press.sk:80/dvd/n,a,30,60;2,01E+13;skip;0;;;
http://www.press.sk:80/dvd/n;https://web.archive.org/web/20110912085414/http://www.press.sk:80/dvd/n,a,30,60;2,01E+13;skip;0;;;
http://www.press.sk:80/dvd/n;https://web.archive.org/web/20110912085911/http://www.press.sk:80/dvd/n,a,30,60/;2,01E+13;skip;0;;;
http://www.press.sk:80/dvd/n;https://web.archive.org/web/20120323011739/http://www.press.sk:80/dvd/n,a,30,60/;2,01E+13;skip;0;;;
http://www.press.sk:80/dvd/n;https://web.archive.org/web/20110911220648/http://www.press.sk:80/dvd/n,a,30,870/;2,01E+13;skip;0;;;
http://www.press.sk:80/dvd/n;https://web.archive.org/web/20081229011334/http://www.press.sk:80/dvd/n,a,30,90/;2,01E+13;skip;0;;;
http://www.press.sk:80/dvd/n;https://web.archive.org/web/20090225175628/http://www.press.sk:80/dvd/n,a,30,90;2,01E+13;skip;0;;;
http://www.press.sk:80/dvd/n;https://web.archive.org/web/20090328040252/http://www.press.sk:80/dvd/n,a,30,90;2,01E+13;skip;0;;;
http://www.press.sk:80/dvd/n;https://web.archive.org/web/20090428035041/http://www.press.sk:80/dvd/n,a,30,90;2,01E+13;skip;0;;;
http://www.press.sk:80/dvd/n;https://web.archive.org/web/20090531144706/http://www.press.sk:80/dvd/n,a,30,90/;2,01E+13;skip;0;;;
http://www.press.sk:80/dvd/n;https://web.archive.org/web/20100106012605/http://www.press.sk:80/dvd/n,a,30,90;2,01E+13;skip;0;;;
http://www.press.sk:80/dvd/n;https://web.archive.org/web/20100825192320/http://www.press.sk:80/dvd/n,a,30,90/;2,01E+13;skip;0;;;
http://www.press.sk:80/dvd/n;https://web.archive.org/web/20110115065653/http://www.press.sk:80/dvd/n,a,30,90/;2,01E+13;skip;0;;;
http://www.press.sk:80/dvd/n;https://web.archive.org/web/20110912103552/http://www.press.sk:80/dvd/n,a,30,90/;2,01E+13;skip;0;;;
http://www.press.sk:80/dvd/n;https://web.archive.org/web/20120323102102/http://www.press.sk:80/dvd/n,a,30,90/;2,01E+13;skip;0;;;
http://www.press.sk:80/dvd/n;https://web.archive.org/web/20110912013319/http://www.press.sk:80/dvd/n,a,30,900/;2,01E+13;skip;0;;;
http://www.press.sk:80/dvd/n;https://web.archive.org/web/20120323104148/http://www.press.sk:80/dvd/n,a,30,900/;2,01E+13;skip;0;;;
http://www.press.sk:80/dvd/n;https://web.archive.org/web/20120323011743/http://www.press.sk:80/dvd/n,a,30,930/;2,01E+13;skip;0;;;
http://www.press.sk/dvd/o;https://web.archive.org/web/20130621063639/http://www.press.sk/dvd/o,a,30,1020/;2,01E+13;skip;0;;;
http://www.press.sk/dvd/o;https://web.archive.org/web/20110907020800/http://www.press.sk/dvd/o,a,30,120/;2,01E+13;skip;0;;;
http://www.press.sk:80/dvd/o;https://web.archive.org/web/20110913085625/http://www.press.sk:80/dvd/o,a,30,120/;2,01E+13;skip;0;;;
http://www.press.sk/dvd/o;https://web.archive.org/web/20130621063845/http://www.press.sk/dvd/o,a,30,120/;2,01E+13;skip;0;;;
http://www.press.sk:80/dvd/o;https://web.archive.org/web/20110913101447/http://www.press.sk:80/dvd/o,a,30,30/;2,01E+13;skip;0;;;
http://www.press.sk/dvd/o;https://web.archive.org/web/20130621060830/http://www.press.sk/dvd/o,a,30,30/;2,01E+13;skip;0;;;
http://www.press.sk:80/dvd/o;https://web.archive.org/web/20150228113051/http://www.press.sk:80/dvd/o,a,30,30/;2,02E+13;skip;0;;;
http://www.press.sk/dvd/o;https://web.archive.org/web/20110821094746/http://www.press.sk/dvd/o,a,30,60/;2,01E+13;skip;0;;;
http://www.press.sk:80/dvd/o;https://web.archive.org/web/20110912033808/http://www.press.sk:80/dvd/o,a,30,60/;2,01E+13;skip;0;;;
http://www.press.sk/dvd/o;https://web.archive.org/web/20130621055937/http://www.press.sk/dvd/o,a,30,60/;2,01E+13;skip;0;;;
http://www.press.sk:80/dvd/o;https://web.archive.org/web/20111003050436/http://www.press.sk:80/dvd/o,a,30,810/;2,01E+13;skip;0;;;
http://www.press.sk:80/dvd/o;https://web.archive.org/web/20111003021734/http://www.press.sk:80/dvd/o,a,30,840/;2,01E+13;skip;0;;;
http://www.press.sk:80/dvd/o;https://web.archive.org/web/20110911214628/http://www.press.sk:80/dvd/o,a,30,870/;2,01E+13;skip;0;;;
http://www.press.sk:80/dvd/o;https://web.archive.org/web/20110913094050/http://www.press.sk:80/dvd/o,a,30,90/;2,01E+13;skip;0;;;
http://www.press.sk/dvd/o;https://web.archive.org/web/20130621061847/http://www.press.sk/dvd/o,a,30,90/;2,01E+13;skip;0;;;
http://www.press.sk:80/dvd/o;https://web.archive.org/web/20110912094647/http://www.press.sk:80/dvd/o,a,30,900/;2,01E+13;skip;0;;;
http://www.press.sk:80/dvd/o;https://web.archive.org/web/20150228113056/http://www.press.sk:80/dvd/o,a,30,900/;2,02E+13;skip;0;;;
http://www.press.sk/dvd/o;https://web.archive.org/web/20130621072429/http://www.press.sk/dvd/o,a,30,990/;2,01E+13;skip;0;;;
http://www.press.sk:80/dvd/p;https://web.archive.org/web/20100111025625/http://www.press.sk:80/dvd/p,a,30;2,01E+13;skip;0;;;
http://www.press.sk:80/dvd/p;https://web.archive.org/web/20090531064937/http://www.press.sk:80/dvd/p,a,30,0/;2,01E+13;skip;0;;;
http://www.press.sk:80/dvd/p;https://web.archive.org/web/20090531064942/http://www.press.sk:80/dvd/p,a,30,120/;2,01E+13;skip;0;;;
http://www.press.sk:80/dvd/p;https://web.archive.org/web/20100124192643/http://www.press.sk:80/dvd/p,a,30,120;2,01E+13;skip;0;;;
http://www.press.sk:80/dvd/p;https://web.archive.org/web/20090531064955/http://www.press.sk:80/dvd/p,a,30,150/;2,01E+13;skip;0;;;
http://www.press.sk:80/dvd/p;https://web.archive.org/web/20100107162009/http://www.press.sk:80/dvd/p,a,30,150;2,01E+13;skip;0;;;
http://www.press.sk:80/dvd/p;https://web.archive.org/web/20090531065000/http://www.press.sk:80/dvd/p,a,30,30/;2,01E+13;skip;0;;;
http://www.press.sk:80/dvd/p;https://web.archive.org/web/20090531075224/http://www.press.sk:80/dvd/p,a,30,60/;2,01E+13;skip;0;;;
http://www.press.sk:80/dvd/p;https://web.archive.org/web/20100125112159/http://www.press.sk:80/dvd/p,a,30,60;2,01E+13;skip;0;;;
http://www.press.sk:80/dvd/p;https://web.archive.org/web/20090531065025/http://www.press.sk:80/dvd/p,a,30,90/;2,01E+13;skip;0;;;
http://www.press.sk:80/e-casopisy/;https://web.archive.org/web/20130324055358/http://www.press.sk:80/e-casopisy/;2,01E+13;skip;0;;;
http://www.press.sk/e-casopisy/;https://web.archive.org/web/20130510200206/http://www.press.sk/e-casopisy/;2,01E+13;skip;0;;;
http://www.press.sk:80/e-casopisy/;https://web.archive.org/web/20130524084414/http://www.press.sk:80/e-casopisy/;2,01E+13;skip;0;;;
http://www.press.sk:80/e-casopisy/;https://web.archive.org/web/20130723171059/http://www.press.sk:80/e-casopisy/;2,01E+13;skip;0;;;
http://www.press.sk:80/e-casopisy/;https://web.archive.org/web/20130724234144/http://www.press.sk:80/e-casopisy/;2,01E+13;skip;0;;;
http://www.press.sk:80/e-casopisy;https://web.archive.org/web/20130725004017/http://www.press.sk:80/e-casopisy;2,01E+13;skip;0;;;
http://www.press.sk:80/e-casopisy/;https://web.archive.org/web/20130727040109/http://www.press.sk:80/e-casopisy/;2,01E+13;skip;0;;;
http://www.press.sk:80/e-casopisy;https://web.archive.org/web/20130825075415/http://www.press.sk:80/e-casopisy;2,01E+13;skip;0;;;
http://www.press.sk:80/e-casopisy/;https://web.archive.org/web/20130923145222/http://www.press.sk:80/e-casopisy/;2,01E+13;skip;0;;;
http://www.press.sk:80/e-casopisy;https://web.archive.org/web/20130926024435/http://www.press.sk:80/e-casopisy;2,01E+13;skip;0;;;
http://www.press.sk:80/e-casopisy/;https://web.archive.org/web/20131202203305/http://www.press.sk:80/e-casopisy/;2,01E+13;skip;0;;;
http://www.press.sk/e-casopisy/;https://web.archive.org/web/20140121045343/http://www.press.sk/e-casopisy/;2,01E+13;skip;0;;;
http://www.press.sk:80/e-casopisy/;https://web.archive.org/web/20140202004800/http://www.press.sk:80/e-casopisy/;2,01E+13;skip;0;;;
http://www.press.sk:80/e-casopisy/;https://web.archive.org/web/20140203174801/http://www.press.sk:80/e-casopisy/;2,01E+13;skip;0;;;
http://www.press.sk:80/e-casopisy/;https://web.archive.org/web/20140205041026/http://www.press.sk:80/e-casopisy/;2,01E+13;skip;0;;;
http://www.press.sk/e-casopisy/;https://web.archive.org/web/20140216003140/http://www.press.sk/e-casopisy/;2,01E+13;skip;0;;;
http://www.press.sk:80/e-casopisy;https://web.archive.org/web/20140221093928/http://www.press.sk:80/e-casopisy;2,01E+13;skip;0;;;
http://www.press.sk:80/e-casopisy/;https://web.archive.org/web/20140406132012/http://www.press.sk:80/e-casopisy/;2,01E+13;skip;0;;;
http://www.press.sk:80/e-casopisy/;https://web.archive.org/web/20140606151919/http://www.press.sk:80/e-casopisy/;2,01E+13;skip;0;;;
http://www.press.sk:80/e-casopisy;https://web.archive.org/web/20140704081411/http://www.press.sk:80/e-casopisy;2,01E+13;skip;0;;;
http://www.press.sk:80/e-casopisy/;https://web.archive.org/web/20140806014455/http://www.press.sk:80/e-casopisy/;2,01E+13;skip;0;;;
http://www.press.sk:80/e-casopisy/;https://web.archive.org/web/20141006014626/http://www.press.sk:80/e-casopisy/;2,01E+13;skip;0;;;
http://www.press.sk:80/e-casopisy;https://web.archive.org/web/20141121045234/http://www.press.sk:80/e-casopisy;2,01E+13;skip;0;;;
http://www.press.sk:80/e-casopisy/;https://web.archive.org/web/20141208004135/http://www.press.sk:80/e-casopisy/;2,01E+13;skip;0;;;
http://www.press.sk:80/e-casopisy;https://web.archive.org/web/20141221130646/http://www.press.sk:80/e-casopisy;2,01E+13;skip;0;;;
http://www.press.sk:80/e-casopisy;https://web.archive.org/web/20150121060646/http://www.press.sk:80/e-casopisy;2,02E+13;skip;0;;;
http://www.press.sk:80/e-casopisy/;https://web.archive.org/web/20150310090918/http://www.press.sk:80/e-casopisy/;2,02E+13;skip;0;;;
http://www.press.sk:80/e-casopisy/;https://web.archive.org/web/20150509194157/http://www.press.sk:80/e-casopisy/;2,02E+13;skip;0;;;
http://www.press.sk:80/e-casopisy;https://web.archive.org/web/20150629170113/http://www.press.sk:80/e-casopisy;2,02E+13;skip;0;;;
http://www.press.sk:80/e-casopisy/;https://web.archive.org/web/20150711213815/http://www.press.sk:80/e-casopisy/;2,02E+13;skip;0;;;
http://www.press.sk:80/e-casopisy;https://web.archive.org/web/20150730203716/http://www.press.sk:80/e-casopisy;2,02E+13;skip;0;;;
http://www.press.sk:80/e-casopisy;https://web.archive.org/web/20150831222716/http://www.press.sk:80/e-casopisy;2,02E+13;skip;0;;;
http://www.press.sk:80/e-casopisy/;https://web.archive.org/web/20150910123825/http://www.press.sk:80/e-casopisy/;2,02E+13;skip;0;;;
http://www.press.sk:80/e-casopisy/;https://web.archive.org/web/20150913005300/http://www.press.sk:80/e-casopisy/;2,02E+13;skip;0;;;
http://www.press.sk:80/e-casopisy/;https://web.archive.org/web/20151112072755/http://www.press.sk:80/e-casopisy/;2,02E+13;skip;0;;;
http://www.press.sk:80/e-casopisy/;https://web.archive.org/web/20151123063852/http://www.press.sk:80/e-casopisy/;2,02E+13;skip;0;;;
http://www.press.sk:80/e-casopisy;https://web.archive.org/web/20151124014143/http://www.press.sk:80/e-casopisy;2,02E+13;skip;0;;;
http://www.press.sk:80/e-casopisy;https://web.archive.org/web/20151224235549/http://www.press.sk:80/e-casopisy;2,02E+13;skip;0;;;
http://www.press.sk:80/e-casopisy;https://web.archive.org/web/20160124104931/http://www.press.sk:80/e-casopisy;2,02E+13;skip;0;;;
http://www.press.sk:80/e-casopisy;https://web.archive.org/web/20160125034948/http://www.press.sk:80/e-casopisy;2,02E+13;skip;0;;;
http://www.press.sk:80/e-casopisy;https://web.archive.org/web/20160401122209/http://www.press.sk:80/e-casopisy;2,02E+13;skip;0;;;
http://www.press.sk:80/e-casopisy;https://web.archive.org/web/20160403014013/http://www.press.sk:80/e-casopisy;2,02E+13;skip;0;;;
http://www.press.sk/e-casopisy/;https://web.archive.org/web/20160407165215/http://www.press.sk/e-casopisy/;2,02E+13;skip;0;;;
http://www.press.sk:80/e-casopisy;https://web.archive.org/web/20160508075710/http://www.press.sk:80/e-casopisy;2,02E+13;skip;0;;;
http://www.press.sk:80/e-casopisy/;https://web.archive.org/web/20160510053357/http://www.press.sk:80/e-casopisy/;2,02E+13;skip;0;;;
http://www.press.sk/e-casopisy/;https://web.archive.org/web/20170406125633/http://www.press.sk/e-casopisy/;2,02E+13;skip;0;;;
http://www.press.sk:80/e-casopisy/;https://web.archive.org/web/20170430071634/http://www.press.sk:80/e-casopisy/;2,02E+13;skip;0;;;
http://www.press.sk/e-casopisy/;https://web.archive.org/web/20170613172920/http://www.press.sk/e-casopisy/;2,02E+13;skip;0;;;
http://www.press.sk/e-casopisy/modelar-extra-c.18/;https://web.archive.org/web/20130621063602/http://www.press.sk/e-casopisy/modelar-extra-c.18/;2,01E+13;skip;0;;;
http://www.press.sk:80/e-casopisy/modelar-extra-c.18/;https://web.archive.org/web/20130726165204/http://www.press.sk:80/e-casopisy/modelar-extra-c.18/;2,01E+13;skip;0;;;
http://www.press.sk:80/e-casopisy/modelar-extra-c.18/;https://web.archive.org/web/20150701113712/http://www.press.sk:80/e-casopisy/modelar-extra-c.18/;2,02E+13;skip;0;;;
http://www.press.sk:80/e-casopisy/o;https://web.archive.org/web/20150910070951/http://www.press.sk:80/e-casopisy/o,a,30,0/;2,02E+13;skip;0;;;
http://www.press.sk:80/e-casopisy/o;https://web.archive.org/web/20150910124015/http://www.press.sk:80/e-casopisy/o,a,30,120/;2,02E+13;skip;0;;;
http://www.press.sk:80/e-casopisy/o;https://web.archive.org/web/20150910123306/http://www.press.sk:80/e-casopisy/o,a,30,150/;2,02E+13;skip;0;;;
http://www.press.sk:80/e-casopisy/o;https://web.archive.org/web/20150910124020/http://www.press.sk:80/e-casopisy/o,a,30,180/;2,02E+13;skip;0;;;
http://www.press.sk:80/e-casopisy/o;https://web.archive.org/web/20150910070540/http://www.press.sk:80/e-casopisy/o,a,30,210/;2,02E+13;skip;0;;;
http://www.press.sk:80/e-casopisy/o;https://web.archive.org/web/20150701113457/http://www.press.sk:80/e-casopisy/o,a,30,240/;2,02E+13;skip;0;;;
http://www.press.sk:80/e-casopisy/o;https://web.archive.org/web/20150908225122/http://www.press.sk:80/e-casopisy/o,a,30,240;2,02E+13;skip;0;;;
http://www.press.sk:80/e-casopisy/o;https://web.archive.org/web/20160331202407/http://www.press.sk:80/e-casopisy/o,a,30,240;2,02E+13;skip;0;;;
http://www.press.sk:80/e-casopisy/o;https://web.archive.org/web/20160511035608/http://www.press.sk:80/e-casopisy/o,a,30,240;2,02E+13;skip;0;;;
http://www.press.sk:80/e-casopisy/o;https://web.archive.org/web/20160512164558/http://www.press.sk:80/e-casopisy/o,a,30,240;2,02E+13;skip;0;;;
http://www.press.sk/e-casopisy/o;https://web.archive.org/web/20130621062445/http://www.press.sk/e-casopisy/o,a,30,30/;2,01E+13;skip;0;;;
http://www.press.sk:80/e-casopisy/o;https://web.archive.org/web/20130726165209/http://www.press.sk:80/e-casopisy/o,a,30,30/;2,01E+13;skip;0;;;
http://www.press.sk:80/e-casopisy/o;https://web.archive.org/web/20150701113503/http://www.press.sk:80/e-casopisy/o,a,30,30/;2,02E+13;skip;0;;;
http://www.press.sk:80/e-casopisy/o;https://web.archive.org/web/20150910124026/http://www.press.sk:80/e-casopisy/o,a,30,30/;2,02E+13;skip;0;;;
http://www.press.sk/e-casopisy/o;https://web.archive.org/web/20130621061433/http://www.press.sk/e-casopisy/o,a,30,60/;2,01E+13;skip;0;;;
http://www.press.sk:80/e-casopisy/o;https://web.archive.org/web/20130726213105/http://www.press.sk:80/e-casopisy/o,a,30,60/;2,01E+13;skip;0;;;
http://www.press.sk/e-casopisy/o;https://web.archive.org/web/20130621060326/http://www.press.sk/e-casopisy/o,a,30,90/;2,01E+13;skip;0;;;
http://www.press.sk:80/e-casopisy/o;https://web.archive.org/web/20130726165504/http://www.press.sk:80/e-casopisy/o,a,30,90/;2,01E+13;skip;0;;;
http://www.press.sk/e-knihy/;https://web.archive.org/web/20130510205554/http://www.press.sk/e-knihy/;2,01E+13;skip;0;;;
http://www.press.sk:80/e-knihy/;https://web.archive.org/web/20140110121046/http://www.press.sk:80/e-knihy/;2,01E+13;skip;0;;;
http://www.press.sk:80/e-knihy/;https://web.archive.org/web/20150713010050/http://www.press.sk:80/e-knihy/;2,02E+13;skip;0;;;
http://www.press.sk:80/e-knihy/;https://web.archive.org/web/20150914045123/http://www.press.sk:80/e-knihy/;2,02E+13;skip;0;;;
http://www.press.sk/e-knihy/;https://web.archive.org/web/20160407164848/http://www.press.sk/e-knihy/;2,02E+13;skip;0;;;
http://www.press.sk:80/e-predplatne/;https://web.archive.org/web/20121207111505/http://www.press.sk:80/e-predplatne/;2,01E+13;skip;0;;;
http://www.press.sk:80/e-predplatne/;https://web.archive.org/web/20130205200421/http://www.press.sk:80/e-predplatne/;2,01E+13;skip;0;;;
http://www.press.sk:80/e-predplatne;https://web.archive.org/web/20130218012716/http://www.press.sk:80/e-predplatne;2,01E+13;skip;0;;;
http://www.press.sk:80/e-predplatne;https://web.archive.org/web/20130330060345/http://www.press.sk:80/e-predplatne;2,01E+13;skip;0;;;
http://www.press.sk:80/e-predplatne/;https://web.archive.org/web/20130409031816/http://www.press.sk:80/e-predplatne/;2,01E+13;skip;0;;;
http://www.press.sk/e-predplatne/;https://web.archive.org/web/20130425032340/http://www.press.sk/e-predplatne/;2,01E+13;skip;0;;;
http://www.press.sk:80/e-predplatne;https://web.archive.org/web/20130530193446/http://www.press.sk:80/e-predplatne;2,01E+13;skip;0;;;
http://www.press.sk:80/e-predplatne/;https://web.archive.org/web/20130609030054/http://www.press.sk:80/e-predplatne/;2,01E+13;skip;0;;;
http://www.press.sk:80/e-predplatne/;https://web.archive.org/web/20130808224758/http://www.press.sk:80/e-predplatne/;2,01E+13;skip;0;;;
http://www.press.sk/e-predplatne/;https://web.archive.org/web/20130906135903/http://www.press.sk/e-predplatne/;2,01E+13;skip;0;;;
http://www.press.sk:80/e-predplatne/;https://web.archive.org/web/20131008184641/http://www.press.sk:80/e-predplatne/;2,01E+13;skip;0;;;
http://www.press.sk:80/e-predplatne;https://web.archive.org/web/20131108025113/http://www.press.sk:80/e-predplatne;2,01E+13;skip;0;;;
http://www.press.sk:80/e-predplatne/;https://web.archive.org/web/20131210032335/http://www.press.sk:80/e-predplatne/;2,01E+13;skip;0;;;
http://www.press.sk/e-predplatne/;https://web.archive.org/web/20140117012647/http://www.press.sk/e-predplatne/;2,01E+13;skip;0;;;
http://www.press.sk:80/e-predplatne/;https://web.archive.org/web/20140209005033/http://www.press.sk:80/e-predplatne/;2,01E+13;skip;0;;;
http://www.press.sk/e-predplatne/;https://web.archive.org/web/20140214080825/http://www.press.sk/e-predplatne/;2,01E+13;skip;0;;;
http://www.press.sk:80/e-predplatne;https://web.archive.org/web/20140221105733/http://www.press.sk:80/e-predplatne;2,01E+13;skip;0;;;
http://www.press.sk:80/e-predplatne/;https://web.archive.org/web/20140410162425/http://www.press.sk:80/e-predplatne/;2,01E+13;skip;0;;;
http://www.press.sk:80/e-predplatne/;https://web.archive.org/web/20140610061707/http://www.press.sk:80/e-predplatne/;2,01E+13;skip;0;;;
http://www.press.sk:80/e-predplatne;https://web.archive.org/web/20140705062707/http://www.press.sk:80/e-predplatne;2,01E+13;skip;0;;;
http://www.press.sk:80/e-predplatne/;https://web.archive.org/web/20140810003426/http://www.press.sk:80/e-predplatne/;2,01E+13;skip;0;;;
http://www.press.sk/e-predplatne/;https://web.archive.org/web/20140812075129/http://www.press.sk/e-predplatne/;2,01E+13;skip;0;;;
http://www.press.sk:80/e-predplatne/;https://web.archive.org/web/20141006014717/http://www.press.sk:80/e-predplatne/;2,01E+13;skip;0;;;
http://www.press.sk:80/e-predplatne/;https://web.archive.org/web/20141208004211/http://www.press.sk:80/e-predplatne/;2,01E+13;skip;0;;;
http://www.press.sk:80/e-predplatne/;https://web.archive.org/web/20150310090943/http://www.press.sk:80/e-predplatne/;2,02E+13;skip;0;;;
http://www.press.sk/e-predplatne/;https://web.archive.org/web/20150418181355/http://www.press.sk/e-predplatne/;2,02E+13;skip;0;;;
http://www.press.sk:80/e-predplatne/;https://web.archive.org/web/20150509194042/http://www.press.sk:80/e-predplatne/;2,02E+13;skip;0;;;
http://www.press.sk:80/e-predplatne/;https://web.archive.org/web/20150711130404/http://www.press.sk:80/e-predplatne/;2,02E+13;skip;0;;;
http://www.press.sk:80/e-predplatne;https://web.archive.org/web/20150711232208/http://www.press.sk:80/e-predplatne;2,02E+13;skip;0;;;
http://www.press.sk:80/e-predplatne;https://web.archive.org/web/20150811064919/http://www.press.sk:80/e-predplatne;2,02E+13;skip;0;;;
http://www.press.sk:80/e-predplatne/;https://web.archive.org/web/20150909214530/http://www.press.sk:80/e-predplatne/;2,02E+13;skip;0;;;
http://www.press.sk:80/e-predplatne;https://web.archive.org/web/20150912144304/http://www.press.sk:80/e-predplatne;2,02E+13;skip;0;;;
http://www.press.sk:80/e-predplatne/;https://web.archive.org/web/20151109051311/http://www.press.sk:80/e-predplatne/;2,02E+13;skip;0;;;
http://www.press.sk:80/e-predplatne/;https://web.archive.org/web/20160110044157/http://www.press.sk:80/e-predplatne/;2,02E+13;skip;0;;;
http://www.press.sk/e-predplatne/;https://web.archive.org/web/20160324112715/http://www.press.sk/e-predplatne/;2,02E+13;skip;0;;;
http://www.press.sk:80/e-predplatne;https://web.archive.org/web/20160331140158/http://www.press.sk:80/e-predplatne;2,02E+13;skip;0;;;
http://www.press.sk:80/e-predplatne/;https://web.archive.org/web/20160511212801/http://www.press.sk:80/e-predplatne/;2,02E+13;skip;0;;;
http://www.press.sk:80/e-predplatne;https://web.archive.org/web/20160513032418/http://www.press.sk:80/e-predplatne;2,02E+13;skip;0;;;
http://www.press.sk/e-predplatne/;https://web.archive.org/web/20160623185643/http://www.press.sk/e-predplatne/;2,02E+13;skip;0;;;
http://www.press.sk:80/e-predplatne/;https://web.archive.org/web/20160711113140/http://www.press.sk:80/e-predplatne/;2,02E+13;skip;0;;;
http://www.press.sk:80/e-predplatne;https://web.archive.org/web/20160902005023/http://www.press.sk:80/e-predplatne;2,02E+13;skip;0;;;
http://www.press.sk:80/e-predplatne/;https://web.archive.org/web/20160910135657/http://www.press.sk:80/e-predplatne/;2,02E+13;skip;0;;;
http://www.press.sk:80/e-predplatne;https://web.archive.org/web/20161002234211/http://www.press.sk:80/e-predplatne;2,02E+13;skip;0;;;
http://www.press.sk/e-predplatne/;https://web.archive.org/web/20161030104648/http://www.press.sk/e-predplatne/;2,02E+13;skip;0;;;
http://www.press.sk:80/e-predplatne;https://web.archive.org/web/20161103140036/http://www.press.sk:80/e-predplatne;2,02E+13;skip;0;;;
http://www.press.sk:80/e-predplatne/;https://web.archive.org/web/20161111164952/http://www.press.sk:80/e-predplatne/;2,02E+13;skip;0;;;
http://www.press.sk:80/e-predplatne/;https://web.archive.org/web/20161207113140/http://www.press.sk:80/e-predplatne/;2,02E+13;skip;0;;;
http://www.press.sk:80/e-predplatne/;https://web.archive.org/web/20170205172237/http://www.press.sk:80/e-predplatne/;2,02E+13;skip;0;;;
http://www.press.sk:80/e-predplatne;https://web.archive.org/web/20170315011128/http://www.press.sk:80/e-predplatne;2,02E+13;skip;0;;;
http://www.press.sk:80/e-predplatne/;https://web.archive.org/web/20170407102929/http://www.press.sk:80/e-predplatne/;2,02E+13;skip;0;;;
http://www.press.sk:80/e-predplatne;https://web.archive.org/web/20170515032741/http://www.press.sk:80/e-predplatne;2,02E+13;skip;0;;;
http://www.press.sk/e-predplatne/;https://web.archive.org/web/20170606023109/http://www.press.sk/e-predplatne/;2,02E+13;skip;0;;;
http://www.press.sk:80/e-predplatne/;https://web.archive.org/web/20170607115404/http://www.press.sk:80/e-predplatne/;2,02E+13;skip;0;;;
http://www.press.sk:80/e-predplatne;https://web.archive.org/web/20170614220416/http://www.press.sk:80/e-predplatne;2,02E+13;skip;0;;;
http://www.press.sk/e-predplatne/modelar-extra-c.18/;https://web.archive.org/web/20130510212741/http://www.press.sk/e-predplatne/modelar-extra-c.18/;2,01E+13;skip;0;;;
http://www.press.sk:80/e-predplatne/modelar-extra-c.18/;https://web.archive.org/web/20150713062243/http://www.press.sk:80/e-predplatne/modelar-extra-c.18/;2,02E+13;skip;0;;;
http://www.press.sk/e-predplatne/modelar-extra-c.18/;https://web.archive.org/web/20160802132146/http://www.press.sk/e-predplatne/modelar-extra-c.18/;2,02E+13;skip;0;;;
http://www.press.sk/e-predplatne/modelar-extra-c.18/;https://web.archive.org/web/20170613112431/http://www.press.sk/e-predplatne/modelar-extra-c.18/;2,02E+13;skip;0;;;
http://www.press.sk/e-predplatne/o;https://web.archive.org/web/20130621201303/http://www.press.sk/e-predplatne/o,a,30,0/;2,01E+13;skip;0;;;
http://www.press.sk:80/e-predplatne/o;https://web.archive.org/web/20150713010055/http://www.press.sk:80/e-predplatne/o,a,30,0/;2,02E+13;skip;0;;;
http://www.press.sk:80/e-predplatne/o;https://web.archive.org/web/20150713062644/http://www.press.sk:80/e-predplatne/o,a,30,120/;2,02E+13;skip;0;;;
http://www.press.sk/e-predplatne/o;https://web.archive.org/web/20160802125905/http://www.press.sk/e-predplatne/o,a,30,120/;2,02E+13;skip;0;;;
http://www.press.sk/e-predplatne/o;https://web.archive.org/web/20170613104340/http://www.press.sk/e-predplatne/o,a,30,120/;2,02E+13;skip;0;;;
http://www.press.sk:80/e-predplatne/o;https://web.archive.org/web/20150713062252/http://www.press.sk:80/e-predplatne/o,a,30,210/;2,02E+13;skip;0;;;
http://www.press.sk:80/e-predplatne/o;https://web.archive.org/web/20150713010111/http://www.press.sk:80/e-predplatne/o,a,30,240/;2,02E+13;skip;0;;;
http://www.press.sk/e-predplatne/o;https://web.archive.org/web/20160803102640/http://www.press.sk/e-predplatne/o,a,30,240/;2,02E+13;skip;0;;;
http://www.press.sk/e-predplatne/o;https://web.archive.org/web/20160802162244/http://www.press.sk/e-predplatne/o,a,30,270/;2,02E+13;skip;0;;;
http://www.press.sk/e-predplatne/o;https://web.archive.org/web/20170405165454/http://www.press.sk/e-predplatne/o,a,30,270/;2,02E+13;skip;0;;;
http://www.press.sk/e-predplatne/o;https://web.archive.org/web/20130510225330/http://www.press.sk/e-predplatne/o,a,30,30/;2,01E+13;skip;0;;;
http://www.press.sk:80/e-predplatne/o;https://web.archive.org/web/20150711232213/http://www.press.sk:80/e-predplatne/o,a,30,30;2,02E+13;skip;0;;;
http://www.press.sk:80/e-predplatne/o;https://web.archive.org/web/20150713062649/http://www.press.sk:80/e-predplatne/o,a,30,30/;2,02E+13;skip;0;;;
http://www.press.sk:80/e-predplatne/o;https://web.archive.org/web/20150812064550/http://www.press.sk:80/e-predplatne/o,a,30,30;2,02E+13;skip;0;;;
http://www.press.sk:80/e-predplatne/o;https://web.archive.org/web/20150913032747/http://www.press.sk:80/e-predplatne/o,a,30,30;2,02E+13;skip;0;;;
http://www.press.sk:80/e-predplatne/o;https://web.archive.org/web/20160330132113/http://www.press.sk:80/e-predplatne/o,a,30,30;2,02E+13;skip;0;;;
http://www.press.sk:80/e-predplatne/o;https://web.archive.org/web/20160505075752/http://www.press.sk:80/e-predplatne/o,a,30,30;2,02E+13;skip;0;;;
http://www.press.sk/e-predplatne/o;https://web.archive.org/web/20160802163155/http://www.press.sk/e-predplatne/o,a,30,30/;2,02E+13;skip;0;;;
http://www.press.sk/e-predplatne/o;https://web.archive.org/web/20170405224006/http://www.press.sk/e-predplatne/o,a,30,30/;2,02E+13;skip;0;;;
http://www.press.sk/e-predplatne/o;https://web.archive.org/web/20170613162906/http://www.press.sk/e-predplatne/o,a,30,30/;2,02E+13;skip;0;;;
http://www.press.sk/e-predplatne/o;https://web.archive.org/web/20170613162731/http://www.press.sk/e-predplatne/o,a,30,360/;2,02E+13;skip;0;;;
http://www.press.sk/e-predplatne/o;https://web.archive.org/web/20170613173152/http://www.press.sk/e-predplatne/o,a,30,390/;2,02E+13;skip;0;;;
http://www.press.sk/e-predplatne/o;https://web.archive.org/web/20130510224140/http://www.press.sk/e-predplatne/o,a,30,60/;2,01E+13;skip;0;;;
http://www.press.sk:80/e-predplatne/o;https://web.archive.org/web/20150713020013/http://www.press.sk:80/e-predplatne/o,a,30,60/;2,02E+13;skip;0;;;
http://www.press.sk/e-predplatne/o;https://web.archive.org/web/20160802141416/http://www.press.sk/e-predplatne/o,a,30,60/;2,02E+13;skip;0;;;
http://www.press.sk/e-predplatne/o;https://web.archive.org/web/20170613121610/http://www.press.sk/e-predplatne/o,a,30,60/;2,02E+13;skip;0;;;
http://www.press.sk/e-predplatne/o;https://web.archive.org/web/20130510222802/http://www.press.sk/e-predplatne/o,a,30,90/;2,01E+13;skip;0;;;
http://www.press.sk:80/e-predplatne/o;https://web.archive.org/web/20150713062654/http://www.press.sk:80/e-predplatne/o,a,30,90/;2,02E+13;skip;0;;;
http://www.press.sk/e-predplatne/o;https://web.archive.org/web/20160802160926/http://www.press.sk/e-predplatne/o,a,30,90/;2,02E+13;skip;0;;;
http://www.press.sk/e-predplatne/o;https://web.archive.org/web/20170613111603/http://www.press.sk/e-predplatne/o,a,30,90/;2,02E+13;skip;0;;;
http://www.press.sk:80/eaglemoss-publications/;https://web.archive.org/web/20130118005401/http://www.press.sk:80/eaglemoss-publications/;2,01E+13;skip;0;;;
http://www.press.sk:80/eaglemoss-publications/;https://web.archive.org/web/20130320164424/http://www.press.sk:80/eaglemoss-publications/;2,01E+13;skip;0;;;
http://www.press.sk/eaglemoss-publications/;https://web.archive.org/web/20130425015454/http://www.press.sk/eaglemoss-publications/;2,01E+13;skip;0;;;
http://www.press.sk:80/eaglemoss-publications;https://web.archive.org/web/20130507105545/http://www.press.sk:80/eaglemoss-publications;2,01E+13;skip;0;;;
http://www.press.sk:80/eaglemoss-publications/;https://web.archive.org/web/20130520070432/http://www.press.sk:80/eaglemoss-publications/;2,01E+13;skip;0;;;
http://www.press.sk:80/eaglemoss-publications/;https://web.archive.org/web/20130719193022/http://www.press.sk:80/eaglemoss-publications/;2,01E+13;skip;0;;;
http://www.press.sk/eaglemoss-publications/;https://web.archive.org/web/20130906124535/http://www.press.sk/eaglemoss-publications/;2,01E+13;skip;0;;;
http://www.press.sk:80/eaglemoss-publications/;https://web.archive.org/web/20130918072619/http://www.press.sk:80/eaglemoss-publications/;2,01E+13;skip;0;;;
http://www.press.sk:80/eaglemoss-publications/;https://web.archive.org/web/20131117214639/http://www.press.sk:80/eaglemoss-publications/;2,01E+13;skip;0;;;
http://www.press.sk/eaglemoss-publications/;https://web.archive.org/web/20140117050648/http://www.press.sk/eaglemoss-publications/;2,01E+13;skip;0;;;
http://www.press.sk:80/eaglemoss-publications/;https://web.archive.org/web/20140117082738/http://www.press.sk:80/eaglemoss-publications/;2,01E+13;skip;0;;;
http://www.press.sk/eaglemoss-publications/;https://web.archive.org/web/20140214100410/http://www.press.sk/eaglemoss-publications/;2,01E+13;skip;0;;;
http://www.press.sk:80/eaglemoss-publications/;https://web.archive.org/web/20140319085941/http://www.press.sk:80/eaglemoss-publications/;2,01E+13;skip;0;;;
http://www.press.sk:80/eaglemoss-publications/;https://web.archive.org/web/20140518170336/http://www.press.sk:80/eaglemoss-publications/;2,01E+13;skip;0;;;
http://www.press.sk:80/eaglemoss-publications/;https://web.archive.org/web/20140718124150/http://www.press.sk:80/eaglemoss-publications/;2,01E+13;skip;0;;;
http://www.press.sk/eaglemoss-publications/;https://web.archive.org/web/20140813014140/http://www.press.sk/eaglemoss-publications/;2,01E+13;skip;0;;;
http://www.press.sk:80/eaglemoss-publications;https://web.archive.org/web/20140831012230/http://www.press.sk:80/eaglemoss-publications;2,01E+13;skip;0;;;
http://www.press.sk:80/eaglemoss-publications/;https://web.archive.org/web/20140917003736/http://www.press.sk:80/eaglemoss-publications/;2,01E+13;skip;0;;;
http://www.press.sk:80/eaglemoss-publications/;https://web.archive.org/web/20141006014722/http://www.press.sk:80/eaglemoss-publications/;2,01E+13;skip;0;;;
http://www.press.sk:80/eaglemoss-publications/;https://web.archive.org/web/20141208004217/http://www.press.sk:80/eaglemoss-publications/;2,01E+13;skip;0;;;
http://www.press.sk:80/eaglemoss-publications;https://web.archive.org/web/20150308135125/http://www.press.sk:80/eaglemoss-publications;2,02E+13;skip;0;;;
http://www.press.sk:80/eaglemoss-publications/;https://web.archive.org/web/20150310090807/http://www.press.sk:80/eaglemoss-publications/;2,02E+13;skip;0;;;
http://www.press.sk:80/eaglemoss-publications;https://web.archive.org/web/20150408170330/http://www.press.sk:80/eaglemoss-publications;2,02E+13;skip;0;;;
http://www.press.sk/eaglemoss-publications/;https://web.archive.org/web/20150418192215/http://www.press.sk/eaglemoss-publications/;2,02E+13;skip;0;;;
http://www.press.sk:80/eaglemoss-publications;https://web.archive.org/web/20150509065647/http://www.press.sk:80/eaglemoss-publications;2,02E+13;skip;0;;;
http://www.press.sk:80/eaglemoss-publications/;https://web.archive.org/web/20150509194047/http://www.press.sk:80/eaglemoss-publications/;2,02E+13;skip;0;;;
http://www.press.sk:80/eaglemoss-publications;https://web.archive.org/web/20150609043556/http://www.press.sk:80/eaglemoss-publications;2,02E+13;skip;0;;;
http://www.press.sk:80/eaglemoss-publications;https://web.archive.org/web/20150710101522/http://www.press.sk:80/eaglemoss-publications;2,02E+13;skip;0;;;
http://www.press.sk:80/eaglemoss-publications/;https://web.archive.org/web/20150711213826/http://www.press.sk:80/eaglemoss-publications/;2,02E+13;skip;0;;;
http://www.press.sk:80/eaglemoss-publications;https://web.archive.org/web/20150810124215/http://www.press.sk:80/eaglemoss-publications;2,02E+13;skip;0;;;
http://www.press.sk:80/eaglemoss-publications;https://web.archive.org/web/20150910104314/http://www.press.sk:80/eaglemoss-publications;2,02E+13;skip;0;;;
http://www.press.sk:80/eaglemoss-publications/;https://web.archive.org/web/20150913005305/http://www.press.sk:80/eaglemoss-publications/;2,02E+13;skip;0;;;
http://www.press.sk:80/eaglemoss-publications/;https://web.archive.org/web/20151112072800/http://www.press.sk:80/eaglemoss-publications/;2,02E+13;skip;0;;;
http://www.press.sk:80/eaglemoss-publications/;https://web.archive.org/web/20160112014324/http://www.press.sk:80/eaglemoss-publications/;2,02E+13;skip;0;;;
http://www.press.sk:80/eaglemoss-publications;https://web.archive.org/web/20160227115303/http://www.press.sk:80/eaglemoss-publications;2,02E+13;skip;0;;;
http://www.press.sk:80/eaglemoss-publications/;https://web.archive.org/web/20160312210132/http://www.press.sk:80/eaglemoss-publications/;2,02E+13;skip;0;;;
http://www.press.sk/eaglemoss-publications/;https://web.archive.org/web/20160324110525/http://www.press.sk/eaglemoss-publications/;2,02E+13;skip;0;;;
http://www.press.sk:80/eaglemoss-publications;https://web.archive.org/web/20160401103043/http://www.press.sk:80/eaglemoss-publications;2,02E+13;skip;0;;;
http://www.press.sk:80/eaglemoss-publications;https://web.archive.org/web/20160507145844/http://www.press.sk:80/eaglemoss-publications;2,02E+13;skip;0;;;
http://www.press.sk:80/eaglemoss-publications/;https://web.archive.org/web/20160512182948/http://www.press.sk:80/eaglemoss-publications/;2,02E+13;skip;0;;;
http://www.press.sk:80/eaglemoss-publications;https://web.archive.org/web/20160611012514/http://www.press.sk:80/eaglemoss-publications;2,02E+13;skip;0;;;
http://www.press.sk/eaglemoss-publications/;https://web.archive.org/web/20160624004022/http://www.press.sk/eaglemoss-publications/;2,02E+13;skip;0;;;
http://www.press.sk:80/eaglemoss-publications;https://web.archive.org/web/20160712043058/http://www.press.sk:80/eaglemoss-publications;2,02E+13;skip;0;;;
http://www.press.sk:80/eaglemoss-publications/;https://web.archive.org/web/20160712213725/http://www.press.sk:80/eaglemoss-publications/;2,02E+13;skip;0;;;
http://www.press.sk:80/eaglemoss-publications;https://web.archive.org/web/20160812044419/http://www.press.sk:80/eaglemoss-publications;2,02E+13;skip;0;;;
http://www.press.sk:80/eaglemoss-publications/;https://web.archive.org/web/20160911103645/http://www.press.sk:80/eaglemoss-publications/;2,02E+13;skip;0;;;
http://www.press.sk/eaglemoss-publications/;https://web.archive.org/web/20161030104812/http://www.press.sk/eaglemoss-publications/;2,02E+13;skip;0;;;
http://www.press.sk:80/eaglemoss-publications/;https://web.archive.org/web/20161111164957/http://www.press.sk:80/eaglemoss-publications/;2,02E+13;skip;0;;;
http://www.press.sk:80/eaglemoss-publications/;https://web.archive.org/web/20161207113145/http://www.press.sk:80/eaglemoss-publications/;2,02E+13;skip;0;;;
http://www.press.sk/eaglemoss-publications/o;https://web.archive.org/web/20130619233935/http://www.press.sk/eaglemoss-publications/o,a,30,0/;2,01E+13;skip;0;;;
http://www.press.sk:80/eaglemoss-publications/o;https://web.archive.org/web/20150313161220/http://www.press.sk:80/eaglemoss-publications/o,a,30,120/;2,02E+13;skip;0;;;
http://www.press.sk/eaglemoss-publications/o;https://web.archive.org/web/20160802160313/http://www.press.sk/eaglemoss-publications/o,a,30,120/;2,02E+13;skip;0;;;
http://www.press.sk:80/eaglemoss-publications/o;https://web.archive.org/web/20150313163302/http://www.press.sk:80/eaglemoss-publications/o,a,30,180/;2,02E+13;skip;0;;;
http://www.press.sk:80/eaglemoss-publications/o;https://web.archive.org/web/20150311125816/http://www.press.sk:80/eaglemoss-publications/o,a,30,210/;2,02E+13;skip;0;;;
http://www.press.sk/eaglemoss-publications/o;https://web.archive.org/web/20160802160352/http://www.press.sk/eaglemoss-publications/o,a,30,210/;2,02E+13;skip;0;;;
http://www.press.sk:80/eaglemoss-publications/o;https://web.archive.org/web/20160228205110/http://www.press.sk:80/eaglemoss-publications/o,a,30,240/;2,02E+13;skip;0;;;
http://www.press.sk/eaglemoss-publications/o;https://web.archive.org/web/20160802161206/http://www.press.sk/eaglemoss-publications/o,a,30,240/;2,02E+13;skip;0;;;
http://www.press.sk:80/eaglemoss-publications/o;https://web.archive.org/web/20130510085431/http://www.press.sk:80/eaglemoss-publications/o,a,30,30/;2,01E+13;skip;0;;;
http://www.press.sk/eaglemoss-publications/o;https://web.archive.org/web/20130510145633/http://www.press.sk/eaglemoss-publications/o,a,30,30/;2,01E+13;skip;0;;;
http://www.press.sk:80/eaglemoss-publications/o;https://web.archive.org/web/20150311131836/http://www.press.sk:80/eaglemoss-publications/o,a,30,30/;2,02E+13;skip;0;;;
http://www.press.sk:80/eaglemoss-publications/o;https://web.archive.org/web/20160228204949/http://www.press.sk:80/eaglemoss-publications/o,a,30,30/;2,02E+13;skip;0;;;
http://www.press.sk/eaglemoss-publications/o;https://web.archive.org/web/20160802164555/http://www.press.sk/eaglemoss-publications/o,a,30,30/;2,02E+13;skip;0;;;
http://www.press.sk:80/eaglemoss-publications/o;https://web.archive.org/web/20150313163110/http://www.press.sk:80/eaglemoss-publications/o,a,30,60/;2,02E+13;skip;0;;;
http://www.press.sk/eaglemoss-publications/o;https://web.archive.org/web/20160802165421/http://www.press.sk/eaglemoss-publications/o,a,30,60/;2,02E+13;skip;0;;;
http://www.press.sk:80/eaglemoss-publications/o;https://web.archive.org/web/20150313161227/http://www.press.sk:80/eaglemoss-publications/o,a,30,90/;2,02E+13;skip;0;;;
http://www.press.sk/eaglemoss-publications/o;https://web.archive.org/web/20160802161149/http://www.press.sk/eaglemoss-publications/o,a,30,90/;2,02E+13;skip;0;;;
http://www.press.sk:80/ekonomia-pravo/;https://web.archive.org/web/20081020211727/http://www.press.sk:80/ekonomia-pravo/;2,01E+13;skip;0;;;
http://www.press.sk:80/ekonomia-pravo/;https://web.archive.org/web/20081110084541/http://www.press.sk:80/ekonomia-pravo/;2,01E+13;skip;0;;;
http://www.press.sk:80/ekonomia-pravo/;https://web.archive.org/web/20081220033515/http://www.press.sk:80/ekonomia-pravo/;2,01E+13;skip;0;;;
http://www.press.sk:80/ekonomia-pravo/;https://web.archive.org/web/20090218222114/http://www.press.sk:80/ekonomia-pravo/;2,01E+13;skip;0;;;
http://www.press.sk:80/ekonomia-pravo/;https://web.archive.org/web/20090420151821/http://www.press.sk:80/ekonomia-pravo/;2,01E+13;skip;0;;;
http://www.press.sk:80/ekonomia-pravo/;https://web.archive.org/web/20090620005401/http://www.press.sk:80/ekonomia-pravo/;2,01E+13;skip;0;;;
http://www.press.sk:80/ekonomia-pravo/;https://web.archive.org/web/20090821164521/http://www.press.sk:80/ekonomia-pravo/;2,01E+13;skip;0;;;
http://www.press.sk:80/ekonomia-pravo/;https://web.archive.org/web/20091021055235/http://www.press.sk:80/ekonomia-pravo/;2,01E+13;skip;0;;;
http://www.press.sk:80/ekonomia-pravo/;https://web.archive.org/web/20091220184840/http://www.press.sk:80/ekonomia-pravo/;2,01E+13;skip;0;;;
http://www.press.sk:80/ekonomia-pravo;https://web.archive.org/web/20100105150131/http://www.press.sk:80/ekonomia-pravo;2,01E+13;skip;0;;;
http://www.press.sk:80/ekonomia-pravo/;https://web.archive.org/web/20100219053634/http://www.press.sk:80/ekonomia-pravo/;2,01E+13;skip;0;;;
http://www.press.sk:80/ekonomia-pravo/;https://web.archive.org/web/20100421041420/http://www.press.sk:80/ekonomia-pravo/;2,01E+13;skip;0;;;
http://www.press.sk:80/ekonomia-pravo/;https://web.archive.org/web/20100621054913/http://www.press.sk:80/ekonomia-pravo/;2,01E+13;skip;0;;;
http://www.press.sk:80/ekonomia-pravo/;https://web.archive.org/web/20100822094424/http://www.press.sk:80/ekonomia-pravo/;2,01E+13;skip;0;;;
http://www.press.sk:80/ekonomia-pravo/;https://web.archive.org/web/20101023100833/http://www.press.sk:80/ekonomia-pravo/;2,01E+13;skip;0;;;
http://www.press.sk:80/ekonomia-pravo/;https://web.archive.org/web/20101223145029/http://www.press.sk:80/ekonomia-pravo/;2,01E+13;skip;0;;;
http://www.press.sk:80/ekonomia-pravo/;https://web.archive.org/web/20110222123100/http://www.press.sk:80/ekonomia-pravo/;2,01E+13;skip;0;;;
http://www.press.sk:80/ekonomia-pravo/;https://web.archive.org/web/20110425092718/http://www.press.sk:80/ekonomia-pravo/;2,01E+13;skip;0;;;
http://www.press.sk:80/ekonomia-pravo/;https://web.archive.org/web/20110625142050/http://www.press.sk:80/ekonomia-pravo/;2,01E+13;skip;0;;;
http://www.press.sk:80/ekonomia-pravo/;https://web.archive.org/web/20110627012555/http://www.press.sk:80/ekonomia-pravo/;2,01E+13;skip;0;;;
http://www.press.sk:80/ekonomia-pravo/;https://web.archive.org/web/20110827005750/http://www.press.sk:80/ekonomia-pravo/;2,01E+13;skip;0;;;
http://www.press.sk:80/ekonomia-pravo/;https://web.archive.org/web/20111112171504/http://www.press.sk:80/ekonomia-pravo/;2,01E+13;skip;0;;;
http://www.press.sk:80/ekonomia-pravo/;https://web.archive.org/web/20120114185045/http://www.press.sk:80/ekonomia-pravo/;2,01E+13;skip;0;;;
http://www.press.sk:80/ekonomia-pravo/;https://web.archive.org/web/20120315134337/http://www.press.sk:80/ekonomia-pravo/;2,01E+13;skip;0;;;
http://www.press.sk:80/ekonomia-pravo/;https://web.archive.org/web/20120525022332/http://www.press.sk:80/ekonomia-pravo/;2,01E+13;skip;0;;;
http://www.press.sk:80/ekonomia-pravo/;https://web.archive.org/web/20120814012022/http://www.press.sk:80/ekonomia-pravo/;2,01E+13;skip;0;;;
http://www.press.sk:80/ekonomia-pravo/;https://web.archive.org/web/20121018010843/http://www.press.sk:80/ekonomia-pravo/;2,01E+13;skip;0;;;
http://www.press.sk:80/ekonomia-pravo/;https://web.archive.org/web/20121217201308/http://www.press.sk:80/ekonomia-pravo/;2,01E+13;skip;0;;;
http://www.press.sk:80/ekonomia-pravo/;https://web.archive.org/web/20130321064906/http://www.press.sk:80/ekonomia-pravo/;2,01E+13;skip;0;;;
http://www.press.sk/ekonomia-pravo/;https://web.archive.org/web/20130510230305/http://www.press.sk/ekonomia-pravo/;2,01E+13;skip;0;;;
http://www.press.sk:80/ekonomia-pravo/;https://web.archive.org/web/20130520220224/http://www.press.sk:80/ekonomia-pravo/;2,01E+13;skip;0;;;
http://www.press.sk:80/ekonomia-pravo/;https://web.archive.org/web/20130725104311/http://www.press.sk:80/ekonomia-pravo/;2,01E+13;skip;0;;;
http://www.press.sk:80/ekonomia-pravo/;https://web.archive.org/web/20130924010804/http://www.press.sk:80/ekonomia-pravo/;2,01E+13;skip;0;;;
http://www.press.sk:80/ekonomia-pravo/;https://web.archive.org/web/20131205073237/http://www.press.sk:80/ekonomia-pravo/;2,01E+13;skip;0;;;
http://www.press.sk:80/ekonomia-pravo/;https://web.archive.org/web/20140306223810/http://www.press.sk:80/ekonomia-pravo/;2,01E+13;skip;0;;;
http://www.press.sk:80/ekonomia-pravo/;https://web.archive.org/web/20140507033738/http://www.press.sk:80/ekonomia-pravo/;2,01E+13;skip;0;;;
http://www.press.sk:80/ekonomia-pravo/;https://web.archive.org/web/20140706134107/http://www.press.sk:80/ekonomia-pravo/;2,01E+13;skip;0;;;
http://www.press.sk:80/ekonomia-pravo/;https://web.archive.org/web/20140905030141/http://www.press.sk:80/ekonomia-pravo/;2,01E+13;skip;0;;;
http://www.press.sk:80/ekonomia-pravo/;https://web.archive.org/web/20141012062136/http://www.press.sk:80/ekonomia-pravo/;2,01E+13;skip;0;;;
http://www.press.sk:80/ekonomia-pravo/;https://web.archive.org/web/20141221205711/http://www.press.sk:80/ekonomia-pravo/;2,01E+13;skip;0;;;
http://www.press.sk:80/ekonomia-pravo/;https://web.archive.org/web/20150310170330/http://www.press.sk:80/ekonomia-pravo/;2,02E+13;skip;0;;;
http://www.press.sk:80/ekonomia-pravo/;https://web.archive.org/web/20150514170248/http://www.press.sk:80/ekonomia-pravo/;2,02E+13;skip;0;;;
http://www.press.sk:80/ekonomia-pravo/;https://web.archive.org/web/20150822004740/http://www.press.sk:80/ekonomia-pravo/;2,02E+13;skip;0;;;
http://www.press.sk:80/ekonomia-pravo/;https://web.archive.org/web/20151027172648/http://www.press.sk:80/ekonomia-pravo/;2,02E+13;skip;0;;;
http://www.press.sk:80/ekonomia-pravo/;https://web.archive.org/web/20160221191943/http://www.press.sk:80/ekonomia-pravo/;2,02E+13;skip;0;;;
http://www.press.sk/ekonomia-pravo/;https://web.archive.org/web/20160406125339/http://www.press.sk/ekonomia-pravo/;2,02E+13;skip;0;;;
http://www.press.sk:80/ekonomia-pravo/;https://web.archive.org/web/20160430162457/http://www.press.sk:80/ekonomia-pravo/;2,02E+13;skip;0;;;
http://www.press.sk/ekonomia-pravo/;https://web.archive.org/web/20160624004012/http://www.press.sk/ekonomia-pravo/;2,02E+13;skip;0;;;
http://www.press.sk:80/ekonomia-pravo/;https://web.archive.org/web/20160630155106/http://www.press.sk:80/ekonomia-pravo/;2,02E+13;skip;0;;;
http://www.press.sk:80/ekonomia-pravo/;https://web.archive.org/web/20160905081742/http://www.press.sk:80/ekonomia-pravo/;2,02E+13;skip;0;;;
http://www.press.sk:80/ekonomia-pravo/;https://web.archive.org/web/20161105155439/http://www.press.sk:80/ekonomia-pravo/;2,02E+13;skip;0;;;
http://www.press.sk:80/ekonomia-pravo/;https://web.archive.org/web/20170104223442/http://www.press.sk:80/ekonomia-pravo/;2,02E+13;skip;0;;;
http://www.press.sk:80/ekonomia-pravo/;https://web.archive.org/web/20170315212554/http://www.press.sk:80/ekonomia-pravo/;2,02E+13;skip;0;;;
http://www.press.sk/ekonomia-pravo/;https://web.archive.org/web/20170405213215/http://www.press.sk/ekonomia-pravo/;2,02E+13;skip;0;;;
http://www.press.sk/ekonomia-pravo/;https://web.archive.org/web/20170608031128/http://www.press.sk/ekonomia-pravo/;2,02E+13;skip;0;;;
http://www.press.sk:80/ekonomia-pravo/n;https://web.archive.org/web/20090531092731/http://www.press.sk:80/ekonomia-pravo/n,a,30,0/;2,01E+13;skip;0;;;
http://www.press.sk:80/ekonomia-pravo/n;https://web.archive.org/web/20100110072732/http://www.press.sk:80/ekonomia-pravo/n,a,30,0;2,01E+13;skip;0;;;
http://www.press.sk:80/ekonomia-pravo/n;https://web.archive.org/web/20090531092736/http://www.press.sk:80/ekonomia-pravo/n,a,30,120/;2,01E+13;skip;0;;;
http://www.press.sk:80/ekonomia-pravo/n;https://web.archive.org/web/20090531092741/http://www.press.sk:80/ekonomia-pravo/n,a,30,180/;2,01E+13;skip;0;;;
http://www.press.sk:80/ekonomia-pravo/n;https://web.archive.org/web/20090531075247/http://www.press.sk:80/ekonomia-pravo/n,a,30,210/;2,01E+13;skip;0;;;
http://www.press.sk:80/ekonomia-pravo/n;https://web.archive.org/web/20090627023142/http://www.press.sk:80/ekonomia-pravo/n,a,30,210;2,01E+13;skip;0;;;
http://www.press.sk:80/ekonomia-pravo/n;https://web.archive.org/web/20091218082832/http://www.press.sk:80/ekonomia-pravo/n,a,30,210;2,01E+13;skip;0;;;
http://www.press.sk:80/ekonomia-pravo/n;https://web.archive.org/web/20100122182937/http://www.press.sk:80/ekonomia-pravo/n,a,30,210;2,01E+13;skip;0;;;
http://www.press.sk:80/ekonomia-pravo/n;https://web.archive.org/web/20090627023147/http://www.press.sk:80/ekonomia-pravo/n,a,30,240;2,01E+13;skip;0;;;
http://www.press.sk:80/ekonomia-pravo/n;https://web.archive.org/web/20090531092746/http://www.press.sk:80/ekonomia-pravo/n,a,30,60/;2,01E+13;skip;0;;;
http://www.press.sk:80/ekonomia-pravo/n;https://web.archive.org/web/20090612005314/http://www.press.sk:80/ekonomia-pravo/n,a,30,60;2,01E+13;skip;0;;;
http://www.press.sk:80/ekonomia-pravo/n;https://web.archive.org/web/20100124062307/http://www.press.sk:80/ekonomia-pravo/n,a,30,60;2,01E+13;skip;0;;;
http://www.press.sk:80/ekonomia-pravo/n;https://web.archive.org/web/20090531093238/http://www.press.sk:80/ekonomia-pravo/n,a,30,90/;2,01E+13;skip;0;;;
http://www.press.sk:80/ekonomia-pravo/n;https://web.archive.org/web/20090612074049/http://www.press.sk:80/ekonomia-pravo/n,a,30,90;2,01E+13;skip;0;;;
http://www.press.sk:80/ekonomia-pravo/n;https://web.archive.org/web/20100106015348/http://www.press.sk:80/ekonomia-pravo/n,a,30,90;2,01E+13;skip;0;;;
http://www.press.sk/ekonomia-pravo/o;https://web.archive.org/web/20130622061008/http://www.press.sk/ekonomia-pravo/o,a,30,120/;2,01E+13;skip;0;;;
http://www.press.sk/ekonomia-pravo/o;https://web.archive.org/web/20130622062641/http://www.press.sk/ekonomia-pravo/o,a,30,30/;2,01E+13;skip;0;;;
http://www.press.sk/ekonomia-pravo/o;https://web.archive.org/web/20130622075030/http://www.press.sk/ekonomia-pravo/o,a,30,390/;2,01E+13;skip;0;;;
http://www.press.sk/ekonomia-pravo/o;https://web.archive.org/web/20130622062927/http://www.press.sk/ekonomia-pravo/o,a,30,420/;2,01E+13;skip;0;;;
http://www.press.sk/ekonomia-pravo/o;https://web.archive.org/web/20130622063256/http://www.press.sk/ekonomia-pravo/o,a,30,60/;2,01E+13;skip;0;;;
http://www.press.sk/ekonomia-pravo/o;https://web.archive.org/web/20130622055940/http://www.press.sk/ekonomia-pravo/o,a,30,90/;2,01E+13;skip;0;;;
http://www.press.sk:80/elektronika/;https://web.archive.org/web/20090305233701/http://www.press.sk:80/elektronika/;2,01E+13;skip;0;;;
http://www.press.sk:80/elektronika/;https://web.archive.org/web/20090506075140/http://www.press.sk:80/elektronika/;2,01E+13;skip;0;;;
http://www.press.sk:80/elektronika;https://web.archive.org/web/20100129040451/http://www.press.sk:80/elektronika;2,01E+13;skip;0;;;
http://www.press.sk:80/elektronika/;https://web.archive.org/web/20100131015909/http://www.press.sk:80/elektronika/;2,01E+13;skip;0;;;
http://www.press.sk:80/elektronika/;https://web.archive.org/web/20100402125038/http://www.press.sk:80/elektronika/;2,01E+13;skip;0;;;
http://www.press.sk:80/elektronika/;https://web.archive.org/web/20100602080501/http://www.press.sk:80/elektronika/;2,01E+13;skip;0;;;
http://www.press.sk:80/elektronika/;https://web.archive.org/web/20100829102631/http://www.press.sk:80/elektronika/;2,01E+13;skip;0;;;
http://www.press.sk:80/elektronika/;https://web.archive.org/web/20110517173218/http://www.press.sk:80/elektronika/;2,01E+13;skip;0;;;
http://www.press.sk:80/elektronika/;https://web.archive.org/web/20110802054518/http://www.press.sk:80/elektronika/;2,01E+13;skip;0;;;
http://www.press.sk:80/elektronika/;https://web.archive.org/web/20111118094037/http://www.press.sk:80/elektronika/;2,01E+13;skip;0;;;
http://www.press.sk:80/elektronika/;https://web.archive.org/web/20120319143049/http://www.press.sk:80/elektronika/;2,01E+13;skip;0;;;
http://www.press.sk/elektronika/;https://web.archive.org/web/20130511021441/http://www.press.sk/elektronika/;2,01E+13;skip;0;;;
http://www.press.sk:80/elektronika/;https://web.archive.org/web/20150823064550/http://www.press.sk:80/elektronika/;2,02E+13;skip;0;;;
http://www.press.sk/elektronika/;https://web.archive.org/web/20160406184245/http://www.press.sk/elektronika/;2,02E+13;skip;0;;;
http://www.press.sk:80/elle;https://web.archive.org/web/20141026182312/http://www.press.sk:80/elle;2,01E+13;skip;0;;;
http://www.press.sk:80/elle/;https://web.archive.org/web/20141028201148/http://www.press.sk:80/elle/;2,01E+13;skip;0;;;
http://www.press.sk:80/elle;https://web.archive.org/web/20141126055025/http://www.press.sk:80/elle;2,01E+13;skip;0;;;
http://www.press.sk:80/elle;https://web.archive.org/web/20141226160220/http://www.press.sk:80/elle;2,01E+13;skip;0;;;
http://www.press.sk:80/elle;https://web.archive.org/web/20150127080737/http://www.press.sk:80/elle;2,02E+13;skip;0;;;
http://www.press.sk:80/elle/;https://web.archive.org/web/20150714163332/http://www.press.sk:80/elle/;2,02E+13;skip;0;;;
http://www.press.sk:80/elle/;https://web.archive.org/web/20151211161049/http://www.press.sk:80/elle/;2,02E+13;skip;0;;;
http://www.press.sk:80/elle/;https://web.archive.org/web/20160211181217/http://www.press.sk:80/elle/;2,02E+13;skip;0;;;
http://www.press.sk:80/elle/;https://web.archive.org/web/20160212094511/http://www.press.sk:80/elle/;2,02E+13;skip;0;;;
http://www.press.sk/elle/;https://web.archive.org/web/20160803103036/http://www.press.sk/elle/;2,02E+13;skip;0;;;
http://www.press.sk:80/elle/;https://web.archive.org/web/20161002082815/http://www.press.sk:80/elle/;2,02E+13;skip;0;;;
http://www.press.sk:80/encyklopedie/;https://web.archive.org/web/20081030010903/http://www.press.sk:80/encyklopedie/;2,01E+13;skip;0;;;
http://www.press.sk:80/encyklopedie/;https://web.archive.org/web/20081229012631/http://www.press.sk:80/encyklopedie/;2,01E+13;skip;0;;;
http://www.press.sk:80/encyklopedie/;https://web.archive.org/web/20090228020417/http://www.press.sk:80/encyklopedie/;2,01E+13;skip;0;;;
http://www.press.sk:80/encyklopedie/;https://web.archive.org/web/20090429195433/http://www.press.sk:80/encyklopedie/;2,01E+13;skip;0;;;
http://www.press.sk:80/encyklopedie/;https://web.archive.org/web/20091203171439/http://www.press.sk:80/encyklopedie/;2,01E+13;skip;0;;;
http://www.press.sk:80/encyklopedie/;https://web.archive.org/web/20110207070357/http://www.press.sk:80/encyklopedie/;2,01E+13;skip;0;;;
http://www.press.sk:80/encyklopedie/;https://web.archive.org/web/20120205031547/http://www.press.sk:80/encyklopedie/;2,01E+13;skip;0;;;
http://www.press.sk:80/encyklopedie/;https://web.archive.org/web/20130509052040/http://www.press.sk:80/encyklopedie/;2,01E+13;skip;0;;;
http://www.press.sk/encyklopedie/;https://web.archive.org/web/20130511041051/http://www.press.sk/encyklopedie/;2,01E+13;skip;0;;;
http://www.press.sk:80/encyklopedie/;https://web.archive.org/web/20141201055901/http://www.press.sk:80/encyklopedie/;2,01E+13;skip;0;;;
http://www.press.sk/encyklopedie/;https://web.archive.org/web/20160802164928/http://www.press.sk/encyklopedie/;2,02E+13;skip;0;;;
http://www.press.sk/encyklopedie-pre-deti-a-mladez/;https://web.archive.org/web/20170614224934/http://www.press.sk/encyklopedie-pre-deti-a-mladez/;2,02E+13;skip;0;;;
http://www.press.sk:80/encyklopedie-ucebnice-slovniky/;https://web.archive.org/web/20081020211732/http://www.press.sk:80/encyklopedie-ucebnice-slovniky/;2,01E+13;skip;0;;;
http://www.press.sk:80/encyklopedie-ucebnice-slovniky/;https://web.archive.org/web/20081220033714/http://www.press.sk:80/encyklopedie-ucebnice-slovniky/;2,01E+13;skip;0;;;
http://www.press.sk:80/encyklopedie-ucebnice-slovniky/;https://web.archive.org/web/20081227023335/http://www.press.sk:80/encyklopedie-ucebnice-slovniky/;2,01E+13;skip;0;;;
http://www.press.sk:80/encyklopedie-ucebnice-slovniky/;https://web.archive.org/web/20090126121547/http://www.press.sk:80/encyklopedie-ucebnice-slovniky/;2,01E+13;skip;0;;;
http://www.press.sk:80/encyklopedie-ucebnice-slovniky;https://web.archive.org/web/20090216132903/http://www.press.sk:80/encyklopedie-ucebnice-slovniky;2,01E+13;skip;0;;;
http://www.press.sk:80/encyklopedie-ucebnice-slovniky/;https://web.archive.org/web/20090226011224/http://www.press.sk:80/encyklopedie-ucebnice-slovniky/;2,01E+13;skip;0;;;
http://www.press.sk:80/encyklopedie-ucebnice-slovniky;https://web.archive.org/web/20090319014027/http://www.press.sk:80/encyklopedie-ucebnice-slovniky;2,01E+13;skip;0;;;
http://www.press.sk:80/encyklopedie-ucebnice-slovniky/;https://web.archive.org/web/20090328173117/http://www.press.sk:80/encyklopedie-ucebnice-slovniky/;2,01E+13;skip;0;;;
http://www.press.sk:80/encyklopedie-ucebnice-slovniky;https://web.archive.org/web/20090419005348/http://www.press.sk:80/encyklopedie-ucebnice-slovniky;2,01E+13;skip;0;;;
http://www.press.sk:80/encyklopedie-ucebnice-slovniky/;https://web.archive.org/web/20090428175345/http://www.press.sk:80/encyklopedie-ucebnice-slovniky/;2,01E+13;skip;0;;;
http://www.press.sk:80/encyklopedie-ucebnice-slovniky;https://web.archive.org/web/20090520035839/http://www.press.sk:80/encyklopedie-ucebnice-slovniky;2,01E+13;skip;0;;;
http://www.press.sk:80/encyklopedie-ucebnice-slovniky/;https://web.archive.org/web/20090531173300/http://www.press.sk:80/encyklopedie-ucebnice-slovniky/;2,01E+13;skip;0;;;
http://www.press.sk:80/encyklopedie-ucebnice-slovniky/;https://web.archive.org/web/20100107170003/http://www.press.sk:80/encyklopedie-ucebnice-slovniky/;2,01E+13;skip;0;;;
http://www.press.sk:80/encyklopedie-ucebnice-slovniky;https://web.archive.org/web/20100125102044/http://www.press.sk:80/encyklopedie-ucebnice-slovniky;2,01E+13;skip;0;;;
http://www.press.sk:80/encyklopedie-ucebnice-slovniky;https://web.archive.org/web/20100508034754/http://www.press.sk:80/encyklopedie-ucebnice-slovniky;2,01E+13;skip;0;;;
http://www.press.sk:80/encyklopedie-ucebnice-slovniky;https://web.archive.org/web/20100608193734/http://www.press.sk:80/encyklopedie-ucebnice-slovniky;2,01E+13;skip;0;;;
http://www.press.sk:80/encyklopedie-ucebnice-slovniky;https://web.archive.org/web/20101018002845/http://www.press.sk:80/encyklopedie-ucebnice-slovniky;2,01E+13;skip;0;;;
http://www.press.sk:80/encyklopedie-ucebnice-slovniky;https://web.archive.org/web/20101118122444/http://www.press.sk:80/encyklopedie-ucebnice-slovniky;2,01E+13;skip;0;;;
http://www.press.sk:80/encyklopedie-ucebnice-slovniky/;https://web.archive.org/web/20101228041250/http://www.press.sk:80/encyklopedie-ucebnice-slovniky/;2,01E+13;skip;0;;;
http://www.press.sk:80/encyklopedie-ucebnice-slovniky/;https://web.archive.org/web/20101229111754/http://www.press.sk:80/encyklopedie-ucebnice-slovniky/;2,01E+13;skip;0;;;
http://www.press.sk:80/encyklopedie-ucebnice-slovniky/;https://web.archive.org/web/20110228070521/http://www.press.sk:80/encyklopedie-ucebnice-slovniky/;2,01E+13;skip;0;;;
http://www.press.sk:80/encyklopedie-ucebnice-slovniky/;https://web.archive.org/web/20110430083836/http://www.press.sk:80/encyklopedie-ucebnice-slovniky/;2,01E+13;skip;0;;;
http://www.press.sk:80/encyklopedie-ucebnice-slovniky/;https://web.archive.org/web/20110630172124/http://www.press.sk:80/encyklopedie-ucebnice-slovniky/;2,01E+13;skip;0;;;
http://www.press.sk/encyklopedie-ucebnice-slovniky/;https://web.archive.org/web/20110812102717/http://www.press.sk/encyklopedie-ucebnice-slovniky/;2,01E+13;skip;0;;;
http://www.press.sk:80/encyklopedie-ucebnice-slovniky/;https://web.archive.org/web/20110830135457/http://www.press.sk:80/encyklopedie-ucebnice-slovniky/;2,01E+13;skip;0;;;
http://www.press.sk:80/encyklopedie-ucebnice-slovniky/;https://web.archive.org/web/20111112171046/http://www.press.sk:80/encyklopedie-ucebnice-slovniky/;2,01E+13;skip;0;;;
http://www.press.sk:80/encyklopedie-ucebnice-slovniky/;https://web.archive.org/web/20120114174404/http://www.press.sk:80/encyklopedie-ucebnice-slovniky/;2,01E+13;skip;0;;;
http://www.press.sk:80/encyklopedie-ucebnice-slovniky/;https://web.archive.org/web/20120315100308/http://www.press.sk:80/encyklopedie-ucebnice-slovniky/;2,01E+13;skip;0;;;
http://www.press.sk:80/encyklopedie-ucebnice-slovniky/;https://web.archive.org/web/20120525020843/http://www.press.sk:80/encyklopedie-ucebnice-slovniky/;2,01E+13;skip;0;;;
http://www.press.sk:80/encyklopedie-ucebnice-slovniky/;https://web.archive.org/web/20120814012024/http://www.press.sk:80/encyklopedie-ucebnice-slovniky/;2,01E+13;skip;0;;;
http://www.press.sk:80/encyklopedie-ucebnice-slovniky/;https://web.archive.org/web/20121017004833/http://www.press.sk:80/encyklopedie-ucebnice-slovniky/;2,01E+13;skip;0;;;
http://www.press.sk:80/encyklopedie-ucebnice-slovniky/;https://web.archive.org/web/20121216203941/http://www.press.sk:80/encyklopedie-ucebnice-slovniky/;2,01E+13;skip;0;;;
http://www.press.sk:80/encyklopedie-ucebnice-slovniky/;https://web.archive.org/web/20130324055416/http://www.press.sk:80/encyklopedie-ucebnice-slovniky/;2,01E+13;skip;0;;;
http://www.press.sk:80/encyklopedie-ucebnice-slovniky;https://web.archive.org/web/20130507105550/http://www.press.sk:80/encyklopedie-ucebnice-slovniky;2,01E+13;skip;0;;;
http://www.press.sk/encyklopedie-ucebnice-slovniky/;https://web.archive.org/web/20130511003432/http://www.press.sk/encyklopedie-ucebnice-slovniky/;2,01E+13;skip;0;;;
http://www.press.sk:80/encyklopedie-ucebnice-slovniky/;https://web.archive.org/web/20130524084435/http://www.press.sk:80/encyklopedie-ucebnice-slovniky/;2,01E+13;skip;0;;;
http://www.press.sk:80/encyklopedie-ucebnice-slovniky/;https://web.archive.org/web/20130725104316/http://www.press.sk:80/encyklopedie-ucebnice-slovniky/;2,01E+13;skip;0;;;
http://www.press.sk:80/encyklopedie-ucebnice-slovniky/;https://web.archive.org/web/20130924011608/http://www.press.sk:80/encyklopedie-ucebnice-slovniky/;2,01E+13;skip;0;;;
http://www.press.sk:80/encyklopedie-ucebnice-slovniky/;https://web.archive.org/web/20131205072542/http://www.press.sk:80/encyklopedie-ucebnice-slovniky/;2,01E+13;skip;0;;;
http://www.press.sk:80/encyklopedie-ucebnice-slovniky/;https://web.archive.org/web/20140306225233/http://www.press.sk:80/encyklopedie-ucebnice-slovniky/;2,01E+13;skip;0;;;
http://www.press.sk:80/encyklopedie-ucebnice-slovniky/;https://web.archive.org/web/20140507033742/http://www.press.sk:80/encyklopedie-ucebnice-slovniky/;2,01E+13;skip;0;;;
http://www.press.sk:80/encyklopedie-ucebnice-slovniky/;https://web.archive.org/web/20140706134112/http://www.press.sk:80/encyklopedie-ucebnice-slovniky/;2,01E+13;skip;0;;;
http://www.press.sk:80/encyklopedie-ucebnice-slovniky/;https://web.archive.org/web/20140905030147/http://www.press.sk:80/encyklopedie-ucebnice-slovniky/;2,01E+13;skip;0;;;
http://www.press.sk:80/encyklopedie-ucebnice-slovniky/;https://web.archive.org/web/20141012062208/http://www.press.sk:80/encyklopedie-ucebnice-slovniky/;2,01E+13;skip;0;;;
http://www.press.sk:80/encyklopedie-ucebnice-slovniky;https://web.archive.org/web/20141119223927/http://www.press.sk:80/encyklopedie-ucebnice-slovniky;2,01E+13;skip;0;;;
http://www.press.sk:80/encyklopedie-ucebnice-slovniky;https://web.archive.org/web/20141220090919/http://www.press.sk:80/encyklopedie-ucebnice-slovniky;2,01E+13;skip;0;;;
http://www.press.sk:80/encyklopedie-ucebnice-slovniky/;https://web.archive.org/web/20141221212559/http://www.press.sk:80/encyklopedie-ucebnice-slovniky/;2,01E+13;skip;0;;;
http://www.press.sk:80/encyklopedie-ucebnice-slovniky;https://web.archive.org/web/20150120045747/http://www.press.sk:80/encyklopedie-ucebnice-slovniky;2,02E+13;skip;0;;;
http://www.press.sk:80/encyklopedie-ucebnice-slovniky/;https://web.archive.org/web/20150310170144/http://www.press.sk:80/encyklopedie-ucebnice-slovniky/;2,02E+13;skip;0;;;
http://www.press.sk:80/encyklopedie-ucebnice-slovniky/;https://web.archive.org/web/20150514170253/http://www.press.sk:80/encyklopedie-ucebnice-slovniky/;2,02E+13;skip;0;;;
http://www.press.sk:80/encyklopedie-ucebnice-slovniky/;https://web.archive.org/web/20150822004744/http://www.press.sk:80/encyklopedie-ucebnice-slovniky/;2,02E+13;skip;0;;;
http://www.press.sk:80/encyklopedie-ucebnice-slovniky/;https://web.archive.org/web/20151030031809/http://www.press.sk:80/encyklopedie-ucebnice-slovniky/;2,02E+13;skip;0;;;
http://www.press.sk:80/encyklopedie-ucebnice-slovniky/;https://web.archive.org/web/20160221191949/http://www.press.sk:80/encyklopedie-ucebnice-slovniky/;2,02E+13;skip;0;;;
http://www.press.sk/encyklopedie-ucebnice-slovniky/;https://web.archive.org/web/20160406124954/http://www.press.sk/encyklopedie-ucebnice-slovniky/;2,02E+13;skip;0;;;
http://www.press.sk:80/encyklopedie-ucebnice-slovniky/;https://web.archive.org/web/20160430162908/http://www.press.sk:80/encyklopedie-ucebnice-slovniky/;2,02E+13;skip;0;;;
http://www.press.sk/encyklopedie-ucebnice-slovniky/;https://web.archive.org/web/20160624004544/http://www.press.sk/encyklopedie-ucebnice-slovniky/;2,02E+13;skip;0;;;
http://www.press.sk:80/encyklopedie-ucebnice-slovniky/;https://web.archive.org/web/20160630160141/http://www.press.sk:80/encyklopedie-ucebnice-slovniky/;2,02E+13;skip;0;;;
http://www.press.sk:80/encyklopedie-ucebnice-slovniky/;https://web.archive.org/web/20160905082012/http://www.press.sk:80/encyklopedie-ucebnice-slovniky/;2,02E+13;skip;0;;;
http://www.press.sk:80/encyklopedie-ucebnice-slovniky/;https://web.archive.org/web/20161105155131/http://www.press.sk:80/encyklopedie-ucebnice-slovniky/;2,02E+13;skip;0;;;
http://www.press.sk:80/encyklopedie-ucebnice-slovniky/;https://web.archive.org/web/20170104223447/http://www.press.sk:80/encyklopedie-ucebnice-slovniky/;2,02E+13;skip;0;;;
http://www.press.sk:80/encyklopedie-ucebnice-slovniky/;https://web.archive.org/web/20170315212600/http://www.press.sk:80/encyklopedie-ucebnice-slovniky/;2,02E+13;skip;0;;;
http://www.press.sk/encyklopedie-ucebnice-slovniky/;https://web.archive.org/web/20170405191909/http://www.press.sk/encyklopedie-ucebnice-slovniky/;2,02E+13;skip;0;;;
http://www.press.sk/encyklopedie-ucebnice-slovniky/;https://web.archive.org/web/20170608022512/http://www.press.sk/encyklopedie-ucebnice-slovniky/;2,02E+13;skip;0;;;
http://www.press.sk:80/encyklopedie-ucebnice-slovniky/n;https://web.archive.org/web/20141119224237/http://www.press.sk:80/encyklopedie-ucebnice-slovniky/n,a,30;2,01E+13;skip;0;;;
http://www.press.sk:80/encyklopedie-ucebnice-slovniky/n;https://web.archive.org/web/20141220090811/http://www.press.sk:80/encyklopedie-ucebnice-slovniky/n,a,30;2,01E+13;skip;0;;;
http://www.press.sk:80/encyklopedie-ucebnice-slovniky/n;https://web.archive.org/web/20150120045752/http://www.press.sk:80/encyklopedie-ucebnice-slovniky/n,a,30;2,02E+13;skip;0;;;
http://www.press.sk:80/encyklopedie-ucebnice-slovniky/n;https://web.archive.org/web/20141201055840/http://www.press.sk:80/encyklopedie-ucebnice-slovniky/n,a,30,0/;2,01E+13;skip;0;;;
http://www.press.sk:80/encyklopedie-ucebnice-slovniky/n;https://web.archive.org/web/20141119224316/http://www.press.sk:80/encyklopedie-ucebnice-slovniky/n,a,30,120;2,01E+13;skip;0;;;
http://www.press.sk:80/encyklopedie-ucebnice-slovniky/n;https://web.archive.org/web/20141201174521/http://www.press.sk:80/encyklopedie-ucebnice-slovniky/n,a,30,120/;2,01E+13;skip;0;;;
http://www.press.sk:80/encyklopedie-ucebnice-slovniky/n;https://web.archive.org/web/20141220090821/http://www.press.sk:80/encyklopedie-ucebnice-slovniky/n,a,30,120;2,01E+13;skip;0;;;
http://www.press.sk:80/encyklopedie-ucebnice-slovniky/n;https://web.archive.org/web/20150120045758/http://www.press.sk:80/encyklopedie-ucebnice-slovniky/n,a,30,120;2,02E+13;skip;0;;;
http://www.press.sk:80/encyklopedie-ucebnice-slovniky/n;https://web.archive.org/web/20141119223932/http://www.press.sk:80/encyklopedie-ucebnice-slovniky/n,a,30,150;2,01E+13;skip;0;;;
http://www.press.sk:80/encyklopedie-ucebnice-slovniky/n;https://web.archive.org/web/20141201174526/http://www.press.sk:80/encyklopedie-ucebnice-slovniky/n,a,30,150/;2,01E+13;skip;0;;;
http://www.press.sk:80/encyklopedie-ucebnice-slovniky/n;https://web.archive.org/web/20141220090930/http://www.press.sk:80/encyklopedie-ucebnice-slovniky/n,a,30,150;2,01E+13;skip;0;;;
http://www.press.sk:80/encyklopedie-ucebnice-slovniky/n;https://web.archive.org/web/20150120045454/http://www.press.sk:80/encyklopedie-ucebnice-slovniky/n,a,30,150;2,02E+13;skip;0;;;
http://www.press.sk:80/encyklopedie-ucebnice-slovniky/n;https://web.archive.org/web/20141201055847/http://www.press.sk:80/encyklopedie-ucebnice-slovniky/n,a,30,180/;2,01E+13;skip;0;;;
http://www.press.sk:80/encyklopedie-ucebnice-slovniky/n;https://web.archive.org/web/20141119224320/http://www.press.sk:80/encyklopedie-ucebnice-slovniky/n,a,30,210;2,01E+13;skip;0;;;
http://www.press.sk:80/encyklopedie-ucebnice-slovniky/n;https://web.archive.org/web/20141201055855/http://www.press.sk:80/encyklopedie-ucebnice-slovniky/n,a,30,210/;2,01E+13;skip;0;;;
http://www.press.sk:80/encyklopedie-ucebnice-slovniky/n;https://web.archive.org/web/20141220090851/http://www.press.sk:80/encyklopedie-ucebnice-slovniky/n,a,30,210;2,01E+13;skip;0;;;
http://www.press.sk:80/encyklopedie-ucebnice-slovniky/n;https://web.archive.org/web/20150120045333/http://www.press.sk:80/encyklopedie-ucebnice-slovniky/n,a,30,210;2,02E+13;skip;0;;;
http://www.press.sk:80/encyklopedie-ucebnice-slovniky/n;https://web.archive.org/web/20090226042816/http://www.press.sk:80/encyklopedie-ucebnice-slovniky/n,a,30,30/;2,01E+13;skip;0;;;
http://www.press.sk:80/encyklopedie-ucebnice-slovniky/n;https://web.archive.org/web/20101015213017/http://www.press.sk:80/encyklopedie-ucebnice-slovniky/n,a,30,30;2,01E+13;skip;0;;;
http://www.press.sk:80/encyklopedie-ucebnice-slovniky/n;https://web.archive.org/web/20101116085650/http://www.press.sk:80/encyklopedie-ucebnice-slovniky/n,a,30,30;2,01E+13;skip;0;;;
http://www.press.sk:80/encyklopedie-ucebnice-slovniky/n;https://web.archive.org/web/20141201172412/http://www.press.sk:80/encyklopedie-ucebnice-slovniky/n,a,30,30/;2,01E+13;skip;0;;;
http://www.press.sk:80/encyklopedie-ucebnice-slovniky/n;https://web.archive.org/web/20101015213022/http://www.press.sk:80/encyklopedie-ucebnice-slovniky/n,a,30,60;2,01E+13;skip;0;;;
http://www.press.sk:80/encyklopedie-ucebnice-slovniky/n;https://web.archive.org/web/20101116090451/http://www.press.sk:80/encyklopedie-ucebnice-slovniky/n,a,30,60;2,01E+13;skip;0;;;
http://www.press.sk:80/encyklopedie-ucebnice-slovniky/n;https://web.archive.org/web/20101015213027/http://www.press.sk:80/encyklopedie-ucebnice-slovniky/n,a,30,90;2,01E+13;skip;0;;;
http://www.press.sk:80/encyklopedie-ucebnice-slovniky/n;https://web.archive.org/web/20101116090502/http://www.press.sk:80/encyklopedie-ucebnice-slovniky/n,a,30,90;2,01E+13;skip;0;;;
http://www.press.sk:80/encyklopedie-ucebnice-slovniky/n;https://web.archive.org/web/20141201174548/http://www.press.sk:80/encyklopedie-ucebnice-slovniky/n,a,30,90/;2,01E+13;skip;0;;;
http://www.press.sk:80/encyklopedie-ucebnice-slovniky/o;https://web.archive.org/web/20130509054028/http://www.press.sk:80/encyklopedie-ucebnice-slovniky/o,a,30,0/;2,01E+13;skip;0;;;
http://www.press.sk:80/encyklopedie-ucebnice-slovniky/o;https://web.archive.org/web/20130509054033/http://www.press.sk:80/encyklopedie-ucebnice-slovniky/o,a,30,120/;2,01E+13;skip;0;;;
http://www.press.sk/encyklopedie-ucebnice-slovniky/o;https://web.archive.org/web/20130622145128/http://www.press.sk/encyklopedie-ucebnice-slovniky/o,a,30,120/;2,01E+13;skip;0;;;
http://www.press.sk:80/encyklopedie-ucebnice-slovniky/o;https://web.archive.org/web/20130509014936/http://www.press.sk:80/encyklopedie-ucebnice-slovniky/o,a,30,150/;2,01E+13;skip;0;;;
http://www.press.sk:80/encyklopedie-ucebnice-slovniky/o;https://web.archive.org/web/20130507105555/http://www.press.sk:80/encyklopedie-ucebnice-slovniky/o,a,30,180;2,01E+13;skip;0;;;
http://www.press.sk:80/encyklopedie-ucebnice-slovniky/o;https://web.archive.org/web/20130510085442/http://www.press.sk:80/encyklopedie-ucebnice-slovniky/o,a,30,180/;2,01E+13;skip;0;;;
http://www.press.sk/encyklopedie-ucebnice-slovniky/o;https://web.archive.org/web/20130622144755/http://www.press.sk/encyklopedie-ucebnice-slovniky/o,a,30,180/;2,01E+13;skip;0;;;
http://www.press.sk/encyklopedie-ucebnice-slovniky/o;https://web.archive.org/web/20130622142418/http://www.press.sk/encyklopedie-ucebnice-slovniky/o,a,30,210/;2,01E+13;skip;0;;;
http://www.press.sk/encyklopedie-ucebnice-slovniky/o;https://web.archive.org/web/20110905021735/http://www.press.sk/encyklopedie-ucebnice-slovniky/o,a,30,30/;2,01E+13;skip;0;;;
http://www.press.sk:80/encyklopedie-ucebnice-slovniky/o;https://web.archive.org/web/20130509012328/http://www.press.sk:80/encyklopedie-ucebnice-slovniky/o,a,30,30/;2,01E+13;skip;0;;;
http://www.press.sk/encyklopedie-ucebnice-slovniky/o;https://web.archive.org/web/20130622161129/http://www.press.sk/encyklopedie-ucebnice-slovniky/o,a,30,30/;2,01E+13;skip;0;;;
http://www.press.sk/encyklopedie-ucebnice-slovniky/o;https://web.archive.org/web/20110829100935/http://www.press.sk/encyklopedie-ucebnice-slovniky/o,a,30,60/;2,01E+13;skip;0;;;
http://www.press.sk:80/encyklopedie-ucebnice-slovniky/o;https://web.archive.org/web/20130509043725/http://www.press.sk:80/encyklopedie-ucebnice-slovniky/o,a,30,60/;2,01E+13;skip;0;;;
http://www.press.sk/encyklopedie-ucebnice-slovniky/o;https://web.archive.org/web/20130622160438/http://www.press.sk/encyklopedie-ucebnice-slovniky/o,a,30,60/;2,01E+13;skip;0;;;
http://www.press.sk:80/encyklopedie-ucebnice-slovniky/o;https://web.archive.org/web/20130509051812/http://www.press.sk:80/encyklopedie-ucebnice-slovniky/o,a,30,90/;2,01E+13;skip;0;;;
http://www.press.sk/encyklopedie-ucebnice-slovniky/o;https://web.archive.org/web/20130622154505/http://www.press.sk/encyklopedie-ucebnice-slovniky/o,a,30,90/;2,01E+13;skip;0;;;
http://www.press.sk:80/ezoterika-mystika/;https://web.archive.org/web/20170315212604/http://www.press.sk:80/ezoterika-mystika/;2,02E+13;skip;0;;;
http://www.press.sk/ezoterika-mystika/;https://web.archive.org/web/20170608031341/http://www.press.sk/ezoterika-mystika/;2,02E+13;skip;0;;;
http://www.press.sk:80/film/;https://web.archive.org/web/20170114194556/http://www.press.sk:80/film/;2,02E+13;skip;0;;;
http://www.press.sk:80/film/;https://web.archive.org/web/20170316055534/http://www.press.sk:80/film/;2,02E+13;skip;0;;;
http://www.press.sk:80/film/;https://web.archive.org/web/20170516114944/http://www.press.sk:80/film/;2,02E+13;skip;0;;;
http://www.press.sk/film/;https://web.archive.org/web/20170606084646/http://www.press.sk/film/;2,02E+13;skip;0;;;
http://www.press.sk:80/film-video/;https://web.archive.org/web/20081217131245/http://www.press.sk:80/film-video/;2,01E+13;skip;0;;;
http://www.press.sk:80/film-video;https://web.archive.org/web/20090127045325/http://www.press.sk:80/film-video;2,01E+13;skip;0;;;
http://www.press.sk:80/film-video/;https://web.archive.org/web/20090217054737/http://www.press.sk:80/film-video/;2,01E+13;skip;0;;;
http://www.press.sk:80/film-video;https://web.archive.org/web/20090227001208/http://www.press.sk:80/film-video;2,01E+13;skip;0;;;
http://www.press.sk:80/film-video;https://web.archive.org/web/20090330033806/http://www.press.sk:80/film-video;2,01E+13;skip;0;;;
http://www.press.sk:80/film-video/;https://web.archive.org/web/20090418214745/http://www.press.sk:80/film-video/;2,01E+13;skip;0;;;
http://www.press.sk:80/film-video;https://web.archive.org/web/20090430164817/http://www.press.sk:80/film-video;2,01E+13;skip;0;;;
http://www.press.sk:80/film-video/;https://web.archive.org/web/20090618120310/http://www.press.sk:80/film-video/;2,01E+13;skip;0;;;
http://www.press.sk:80/film-video/;https://web.archive.org/web/20090822170837/http://www.press.sk:80/film-video/;2,01E+13;skip;0;;;
http://www.press.sk:80/film-video/;https://web.archive.org/web/20091022120553/http://www.press.sk:80/film-video/;2,01E+13;skip;0;;;
http://www.press.sk:80/film-video/;https://web.archive.org/web/20091222100227/http://www.press.sk:80/film-video/;2,01E+13;skip;0;;;
http://www.press.sk:80/film-video/;https://web.archive.org/web/20100221132533/http://www.press.sk:80/film-video/;2,01E+13;skip;0;;;
http://www.press.sk:80/film-video/;https://web.archive.org/web/20100424070032/http://www.press.sk:80/film-video/;2,01E+13;skip;0;;;
http://www.press.sk:80/film-video/;https://web.archive.org/web/20100624090313/http://www.press.sk:80/film-video/;2,01E+13;skip;0;;;
http://www.press.sk:80/film-video/;https://web.archive.org/web/20100824060124/http://www.press.sk:80/film-video/;2,01E+13;skip;0;;;
http://www.press.sk:80/film-video;https://web.archive.org/web/20101012142521/http://www.press.sk:80/film-video;2,01E+13;skip;0;;;
http://www.press.sk:80/film-video/;https://web.archive.org/web/20101024011202/http://www.press.sk:80/film-video/;2,01E+13;skip;0;;;
http://www.press.sk:80/film-video/;https://web.archive.org/web/20101025062722/http://www.press.sk:80/film-video/;2,01E+13;skip;0;;;
http://www.press.sk:80/film-video;https://web.archive.org/web/20101112105818/http://www.press.sk:80/film-video;2,01E+13;skip;0;;;
http://www.press.sk:80/film-video;https://web.archive.org/web/20101216075910/http://www.press.sk:80/film-video;2,01E+13;skip;0;;;
http://www.press.sk:80/film-video/;https://web.archive.org/web/20101226034106/http://www.press.sk:80/film-video/;2,01E+13;skip;0;;;
http://www.press.sk:80/film-video;https://web.archive.org/web/20110116082155/http://www.press.sk:80/film-video;2,01E+13;skip;0;;;
http://www.press.sk:80/film-video/;https://web.archive.org/web/20110225231655/http://www.press.sk:80/film-video/;2,01E+13;skip;0;;;
http://www.press.sk:80/film-video/;https://web.archive.org/web/20110428022500/http://www.press.sk:80/film-video/;2,01E+13;skip;0;;;
http://www.press.sk:80/film-video/;https://web.archive.org/web/20110628090134/http://www.press.sk:80/film-video/;2,01E+13;skip;0;;;
http://www.press.sk:80/film-video/;https://web.archive.org/web/20110828002325/http://www.press.sk:80/film-video/;2,01E+13;skip;0;;;
http://www.press.sk:80/film-video/;https://web.archive.org/web/20111028114200/http://www.press.sk:80/film-video/;2,01E+13;skip;0;;;
http://www.press.sk:80/film-video/;https://web.archive.org/web/20111228001908/http://www.press.sk:80/film-video/;2,01E+13;skip;0;;;
http://www.press.sk:80/film-video/;https://web.archive.org/web/20120226181335/http://www.press.sk:80/film-video/;2,01E+13;skip;0;;;
http://www.press.sk:80/film-video/;https://web.archive.org/web/20120428021957/http://www.press.sk:80/film-video/;2,01E+13;skip;0;;;
http://www.press.sk:80/film-video/;https://web.archive.org/web/20120628192844/http://www.press.sk:80/film-video/;2,01E+13;skip;0;;;
http://www.press.sk:80/film-video/;https://web.archive.org/web/20120829222510/http://www.press.sk:80/film-video/;2,01E+13;skip;0;;;
http://www.press.sk:80/film-video/;https://web.archive.org/web/20121029195025/http://www.press.sk:80/film-video/;2,01E+13;skip;0;;;
http://www.press.sk/film-video/;https://web.archive.org/web/20130425073031/http://www.press.sk/film-video/;2,01E+13;skip;0;;;
http://www.press.sk:80/film-video/;https://web.archive.org/web/20130711080434/http://www.press.sk:80/film-video/;2,01E+13;skip;0;;;
http://www.press.sk:80/film-video;https://web.archive.org/web/20130725002314/http://www.press.sk:80/film-video;2,01E+13;skip;0;;;
http://www.press.sk:80/film-video;https://web.archive.org/web/20130824185045/http://www.press.sk:80/film-video;2,01E+13;skip;0;;;
http://www.press.sk:80/film-video/;https://web.archive.org/web/20130910093325/http://www.press.sk:80/film-video/;2,01E+13;skip;0;;;
http://www.press.sk:80/film-video;https://web.archive.org/web/20130924210900/http://www.press.sk:80/film-video;2,01E+13;skip;0;;;
http://www.press.sk:80/film-video/;https://web.archive.org/web/20140104154406/http://www.press.sk:80/film-video/;2,01E+13;skip;0;;;
http://www.press.sk:80/film-video;https://web.archive.org/web/20140220170829/http://www.press.sk:80/film-video;2,01E+13;skip;0;;;
http://www.press.sk:80/film-video/;https://web.archive.org/web/20140506005945/http://www.press.sk:80/film-video/;2,01E+13;skip;0;;;
http://www.press.sk:80/film-video/;https://web.archive.org/web/20140705230225/http://www.press.sk:80/film-video/;2,01E+13;skip;0;;;
http://www.press.sk:80/film-video;https://web.archive.org/web/20140708040219/http://www.press.sk:80/film-video;2,01E+13;skip;0;;;
http://www.press.sk:80/film-video/;https://web.archive.org/web/20140904203419/http://www.press.sk:80/film-video/;2,01E+13;skip;0;;;
http://www.press.sk:80/film-video;https://web.archive.org/web/20140917185522/http://www.press.sk:80/film-video;2,01E+13;skip;0;;;
http://www.press.sk:80/film-video/;https://web.archive.org/web/20141014090816/http://www.press.sk:80/film-video/;2,01E+13;skip;0;;;
http://www.press.sk:80/film-video/;https://web.archive.org/web/20141214113605/http://www.press.sk:80/film-video/;2,01E+13;skip;0;;;
http://www.press.sk:80/film-video/;https://web.archive.org/web/20150313161236/http://www.press.sk:80/film-video/;2,02E+13;skip;0;;;
http://www.press.sk:80/film-video/;https://web.archive.org/web/20150626222822/http://www.press.sk:80/film-video/;2,02E+13;skip;0;;;
http://www.press.sk:80/film-video/;https://web.archive.org/web/20150826042423/http://www.press.sk:80/film-video/;2,02E+13;skip;0;;;
http://www.press.sk:80/film-video/;https://web.archive.org/web/20151113000438/http://www.press.sk:80/film-video/;2,02E+13;skip;0;;;
http://www.press.sk:80/film-video/;https://web.archive.org/web/20160112120506/http://www.press.sk:80/film-video/;2,02E+13;skip;0;;;
http://www.press.sk:80/film-video/;https://web.archive.org/web/20160313065154/http://www.press.sk:80/film-video/;2,02E+13;skip;0;;;
http://www.press.sk/film-video/;https://web.archive.org/web/20160406230612/http://www.press.sk/film-video/;2,02E+13;skip;0;;;
http://www.press.sk:80/film-video/;https://web.archive.org/web/20160524165632/http://www.press.sk:80/film-video/;2,02E+13;skip;0;;;
http://www.press.sk:80/film-video/;https://web.archive.org/web/20160724164208/http://www.press.sk:80/film-video/;2,02E+13;skip;0;;;
http://www.press.sk:80/film-video;https://web.archive.org/web/20160813064226/http://www.press.sk:80/film-video;2,02E+13;skip;0;;;
http://www.press.sk:80/film-video;https://web.archive.org/web/20160915061151/http://www.press.sk:80/film-video;2,02E+13;skip;0;;;
http://www.press.sk:80/film-video/;https://web.archive.org/web/20160924074235/http://www.press.sk:80/film-video/;2,02E+13;skip;0;;;
http://www.press.sk:80/film-video;https://web.archive.org/web/20161016060101/http://www.press.sk:80/film-video;2,02E+13;skip;0;;;
http://www.press.sk:80/film-video/;https://web.archive.org/web/20161226004002/http://www.press.sk:80/film-video/;2,02E+13;skip;0;;;
http://www.press.sk:80/film-video/;https://web.archive.org/web/20170331180553/http://www.press.sk:80/film-video/;2,02E+13;skip;0;;;
http://www.press.sk/film-video/;https://web.archive.org/web/20170406024547/http://www.press.sk/film-video/;2,02E+13;skip;0;;;
http://www.press.sk:80/film-video/;https://web.archive.org/web/20170531092748/http://www.press.sk:80/film-video/;2,02E+13;skip;0;;;
http://www.press.sk/film-video/;https://web.archive.org/web/20170608094549/http://www.press.sk/film-video/;2,02E+13;skip;0;;;
http://www.press.sk:80/film-video/o;https://web.archive.org/web/20160815180351/http://www.press.sk:80/film-video/o,a,30,30/;2,02E+13;skip;0;;;
http://www.press.sk:80/filozofia/;https://web.archive.org/web/20081020211742/http://www.press.sk:80/filozofia/;2,01E+13;skip;0;;;
http://www.press.sk:80/filozofia/;https://web.archive.org/web/20081220033520/http://www.press.sk:80/filozofia/;2,01E+13;skip;0;;;
http://www.press.sk:80/filozofia/;https://web.archive.org/web/20090218222118/http://www.press.sk:80/filozofia/;2,01E+13;skip;0;;;
http://www.press.sk:80/filozofia/;https://web.archive.org/web/20090420151826/http://www.press.sk:80/filozofia/;2,01E+13;skip;0;;;
http://www.press.sk:80/filozofia;https://web.archive.org/web/20090612073834/http://www.press.sk:80/filozofia;2,01E+13;skip;0;;;
http://www.press.sk:80/filozofia/;https://web.archive.org/web/20090620005406/http://www.press.sk:80/filozofia/;2,01E+13;skip;0;;;
http://www.press.sk:80/filozofia/;https://web.archive.org/web/20090821164910/http://www.press.sk:80/filozofia/;2,01E+13;skip;0;;;
http://www.press.sk:80/filozofia/;https://web.archive.org/web/20091021055239/http://www.press.sk:80/filozofia/;2,01E+13;skip;0;;;
http://www.press.sk:80/filozofia/;https://web.archive.org/web/20091220184845/http://www.press.sk:80/filozofia/;2,01E+13;skip;0;;;
http://www.press.sk:80/filozofia/;https://web.archive.org/web/20100219053613/http://www.press.sk:80/filozofia/;2,01E+13;skip;0;;;
http://www.press.sk:80/filozofia/;https://web.archive.org/web/20100421041525/http://www.press.sk:80/filozofia/;2,01E+13;skip;0;;;
http://www.press.sk:80/filozofia/;https://web.archive.org/web/20100621054918/http://www.press.sk:80/filozofia/;2,01E+13;skip;0;;;
http://www.press.sk:80/filozofia/;https://web.archive.org/web/20100822095804/http://www.press.sk:80/filozofia/;2,01E+13;skip;0;;;
http://www.press.sk:80/filozofia/;https://web.archive.org/web/20101022151527/http://www.press.sk:80/filozofia/;2,01E+13;skip;0;;;
http://www.press.sk:80/filozofia/;https://web.archive.org/web/20101222202916/http://www.press.sk:80/filozofia/;2,01E+13;skip;0;;;
http://www.press.sk:80/filozofia/;https://web.archive.org/web/20110221185836/http://www.press.sk:80/filozofia/;2,01E+13;skip;0;;;
http://www.press.sk:80/filozofia/;https://web.archive.org/web/20110423150547/http://www.press.sk:80/filozofia/;2,01E+13;skip;0;;;
http://www.press.sk:80/filozofia/;https://web.archive.org/web/20110623193247/http://www.press.sk:80/filozofia/;2,01E+13;skip;0;;;
http://www.press.sk:80/filozofia/;https://web.archive.org/web/20110625012712/http://www.press.sk:80/filozofia/;2,01E+13;skip;0;;;
http://www.press.sk/filozofia/;https://web.archive.org/web/20110818105738/http://www.press.sk/filozofia/;2,01E+13;skip;0;;;
http://www.press.sk:80/filozofia/;https://web.archive.org/web/20110824154222/http://www.press.sk:80/filozofia/;2,01E+13;skip;0;;;
http://www.press.sk:80/filozofia/;https://web.archive.org/web/20111112171346/http://www.press.sk:80/filozofia/;2,01E+13;skip;0;;;
http://www.press.sk:80/filozofia/;https://web.archive.org/web/20120114182900/http://www.press.sk:80/filozofia/;2,01E+13;skip;0;;;
http://www.press.sk:80/filozofia/;https://web.archive.org/web/20120315101032/http://www.press.sk:80/filozofia/;2,01E+13;skip;0;;;
http://www.press.sk:80/filozofia/;https://web.archive.org/web/20120525021813/http://www.press.sk:80/filozofia/;2,01E+13;skip;0;;;
http://www.press.sk:80/filozofia/;https://web.archive.org/web/20120814011921/http://www.press.sk:80/filozofia/;2,01E+13;skip;0;;;
http://www.press.sk:80/filozofia/;https://web.archive.org/web/20121017004842/http://www.press.sk:80/filozofia/;2,01E+13;skip;0;;;
http://www.press.sk:80/filozofia/;https://web.archive.org/web/20121216203947/http://www.press.sk:80/filozofia/;2,01E+13;skip;0;;;
http://www.press.sk:80/filozofia/;https://web.archive.org/web/20130324055432/http://www.press.sk:80/filozofia/;2,01E+13;skip;0;;;
http://www.press.sk/filozofia/;https://web.archive.org/web/20130511002156/http://www.press.sk/filozofia/;2,01E+13;skip;0;;;
http://www.press.sk:80/filozofia/;https://web.archive.org/web/20130524084439/http://www.press.sk:80/filozofia/;2,01E+13;skip;0;;;
http://www.press.sk:80/filozofia/;https://web.archive.org/web/20130725104320/http://www.press.sk:80/filozofia/;2,01E+13;skip;0;;;
http://www.press.sk:80/filozofia/;https://web.archive.org/web/20130924010834/http://www.press.sk:80/filozofia/;2,01E+13;skip;0;;;
http://www.press.sk:80/filozofia/;https://web.archive.org/web/20131205072553/http://www.press.sk:80/filozofia/;2,01E+13;skip;0;;;
http://www.press.sk:80/filozofia/;https://web.archive.org/web/20140306225727/http://www.press.sk:80/filozofia/;2,01E+13;skip;0;;;
http://www.press.sk:80/filozofia/;https://web.archive.org/web/20140507033747/http://www.press.sk:80/filozofia/;2,01E+13;skip;0;;;
http://www.press.sk:80/filozofia/;https://web.archive.org/web/20140706134116/http://www.press.sk:80/filozofia/;2,01E+13;skip;0;;;
http://www.press.sk:80/filozofia/;https://web.archive.org/web/20140905030025/http://www.press.sk:80/filozofia/;2,01E+13;skip;0;;;
http://www.press.sk:80/filozofia/;https://web.archive.org/web/20141012061446/http://www.press.sk:80/filozofia/;2,01E+13;skip;0;;;
http://www.press.sk:80/filozofia/;https://web.archive.org/web/20141221212244/http://www.press.sk:80/filozofia/;2,01E+13;skip;0;;;
http://www.press.sk:80/filozofia/;https://web.archive.org/web/20150310170333/http://www.press.sk:80/filozofia/;2,02E+13;skip;0;;;
http://www.press.sk:80/filozofia/;https://web.archive.org/web/20150515152120/http://www.press.sk:80/filozofia/;2,02E+13;skip;0;;;
http://www.press.sk:80/filozofia/;https://web.archive.org/web/20150822004748/http://www.press.sk:80/filozofia/;2,02E+13;skip;0;;;
http://www.press.sk:80/filozofia/;https://web.archive.org/web/20151030031812/http://www.press.sk:80/filozofia/;2,02E+13;skip;0;;;
http://www.press.sk:80/filozofia/;https://web.archive.org/web/20160221191952/http://www.press.sk:80/filozofia/;2,02E+13;skip;0;;;
http://www.press.sk/filozofia/;https://web.archive.org/web/20160406123932/http://www.press.sk/filozofia/;2,02E+13;skip;0;;;
http://www.press.sk:80/filozofia/;https://web.archive.org/web/20160430162501/http://www.press.sk:80/filozofia/;2,02E+13;skip;0;;;
http://www.press.sk/filozofia/;https://web.archive.org/web/20160624004527/http://www.press.sk/filozofia/;2,02E+13;skip;0;;;
http://www.press.sk:80/filozofia/;https://web.archive.org/web/20160630160146/http://www.press.sk:80/filozofia/;2,02E+13;skip;0;;;
http://www.press.sk:80/filozofia/;https://web.archive.org/web/20160905081748/http://www.press.sk:80/filozofia/;2,02E+13;skip;0;;;
http://www.press.sk:80/filozofia/;https://web.archive.org/web/20161105155318/http://www.press.sk:80/filozofia/;2,02E+13;skip;0;;;
http://www.press.sk:80/filozofia/;https://web.archive.org/web/20170104223452/http://www.press.sk:80/filozofia/;2,02E+13;skip;0;;;
http://www.press.sk/filozofia/;https://web.archive.org/web/20170405205536/http://www.press.sk/filozofia/;2,02E+13;skip;0;;;
http://www.press.sk:80/foto/;https://web.archive.org/web/20090306144523/http://www.press.sk:80/foto/;2,01E+13;skip;0;;;
http://www.press.sk:80/foto/;https://web.archive.org/web/20090506075836/http://www.press.sk:80/foto/;2,01E+13;skip;0;;;
http://www.press.sk:80/foto/;https://web.archive.org/web/20100131015914/http://www.press.sk:80/foto/;2,01E+13;skip;0;;;
http://www.press.sk:80/1.-a-2.svetova-vojna/;https://web.archive.org/web/20091115135359/http://www.press.sk:80/1.-a-2.svetova-vojna/;2,01E+13;skip;0;;;
http://www.press.sk:80/?page=shop.flypage&product_id=3404&category_id=&option=com_phpshop;https://web.archive.org/web/20080519211038/http://www.press.sk:80/?page=shop.flypage&product_id=3404&category_id=&option=com_phpshop;2,01E+13;skip;0;;;
http://www.press.sk:80/?page=shop.flypage&product_id=3405&category_id=&option=com_phpshop;https://web.archive.org/web/20080519211043/http://www.press.sk:80/?page=shop.flypage&product_id=3405&category_id=&option=com_phpshop;2,01E+13;skip;0;;;
http://www.press.sk:80/?page=shop.flypage&product_id=3406&category_id=&option=com_phpshop;https://web.archive.org/web/20080519211048/http://www.press.sk:80/?page=shop.flypage&product_id=3406&category_id=&option=com_phpshop;2,01E+13;skip;0;;;
http://www.press.sk:80/?page=shop.flypage&product_id=3407&category_id=&option=com_phpshop;https://web.archive.org/web/20080519211053/http://www.press.sk:80/?page=shop.flypage&product_id=3407&category_id=&option=com_phpshop;2,01E+13;skip;0;;;
http://www.press.sk:80/?page=shop.flypage&product_id=3408&category_id=&option=com_phpshop;https://web.archive.org/web/20080519211058/http://www.press.sk:80/?page=shop.flypage&product_id=3408&category_id=&option=com_phpshop;2,01E+13;skip;0;;;
http://www.press.sk:80/?page=shop.flypage&product_id=3409&category_id=&option=com_phpshop;https://web.archive.org/web/20080519211103/http://www.press.sk:80/?page=shop.flypage&product_id=3409&category_id=&option=com_phpshop;2,01E+13;skip;0;;;
http://www.press.sk:80/?page=shop.flypage&product_id=3410&category_id=&option=com_phpshop;https://web.archive.org/web/20080517173316/http://www.press.sk:80/?page=shop.flypage&product_id=3410&category_id=&option=com_phpshop;2,01E+13;skip;0;;;
http://www.press.sk:80/?page=shop.flypage&product_id=3411&category_id=&option=com_phpshop;https://web.archive.org/web/20080518005644/http://www.press.sk:80/?page=shop.flypage&product_id=3411&category_id=&option=com_phpshop;2,01E+13;skip;0;;;
http://www.press.sk:80/?page=shop.flypage&product_id=3412&category_id=&option=com_phpshop;https://web.archive.org/web/20080519211108/http://www.press.sk:80/?page=shop.flypage&product_id=3412&category_id=&option=com_phpshop;2,01E+13;skip;0;;;
http://www.press.sk:80/?page=shop.flypage&product_id=3413&category_id=&option=com_phpshop;https://web.archive.org/web/20080517173321/http://www.press.sk:80/?page=shop.flypage&product_id=3413&category_id=&option=com_phpshop;2,01E+13;skip;0;;;
http://www.press.sk:80/?page=shop.flypage&product_id=3414&category_id=&option=com_phpshop;https://web.archive.org/web/20080519202604/http://www.press.sk:80/?page=shop.flypage&product_id=3414&category_id=&option=com_phpshop;2,01E+13;skip;0;;;
http://www.press.sk:80/?page=shop.flypage&product_id=3415&category_id=&option=com_phpshop;https://web.archive.org/web/20080518005649/http://www.press.sk:80/?page=shop.flypage&product_id=3415&category_id=&option=com_phpshop;2,01E+13;skip;0;;;
http://www.press.sk:80/?page=shop.flypage&product_id=3460&category_id=&option=com_phpshop;https://web.archive.org/web/20080517173326/http://www.press.sk:80/?page=shop.flypage&product_id=3460&category_id=&option=com_phpshop;2,01E+13;skip;0;;;
http://www.press.sk:80/?page=shop.flypage&product_id=3461&category_id=&option=com_phpshop;https://web.archive.org/web/20080517173332/http://www.press.sk:80/?page=shop.flypage&product_id=3461&category_id=&option=com_phpshop;2,01E+13;skip;0;;;
http://www.press.sk:80/?page=shop.flypage&product_id=3462&category_id=&option=com_phpshop;https://web.archive.org/web/20080519202607/http://www.press.sk:80/?page=shop.flypage&product_id=3462&category_id=&option=com_phpshop;2,01E+13;skip;0;;;
http://www.press.sk:80/?page=shop.flypage&product_id=3463&category_id=&option=com_phpshop;https://web.archive.org/web/20080518005654/http://www.press.sk:80/?page=shop.flypage&product_id=3463&category_id=&option=com_phpshop;2,01E+13;skip;0;;;
http://www.press.sk:80/?page=shop.flypage&product_id=3464&category_id=&option=com_phpshop;https://web.archive.org/web/20080519202611/http://www.press.sk:80/?page=shop.flypage&product_id=3464&category_id=&option=com_phpshop;2,01E+13;skip;0;;;
http://www.press.sk:80/?page=shop.flypage&product_id=3465&category_id=&option=com_phpshop;https://web.archive.org/web/20080519202616/http://www.press.sk:80/?page=shop.flypage&product_id=3465&category_id=&option=com_phpshop;2,01E+13;skip;0;;;
http://www.press.sk:80/?page=shop.flypage&product_id=3466&category_id=&option=com_phpshop;https://web.archive.org/web/20080518005659/http://www.press.sk:80/?page=shop.flypage&product_id=3466&category_id=&option=com_phpshop;2,01E+13;skip;0;;;
http://www.press.sk:80/?page=shop.flypage&product_id=3467&category_id=&option=com_phpshop;https://web.archive.org/web/20080518005704/http://www.press.sk:80/?page=shop.flypage&product_id=3467&category_id=&option=com_phpshop;2,01E+13;skip;0;;;
http://www.press.sk:80/?page=shop.flypage&product_id=3468&category_id=&option=com_phpshop;https://web.archive.org/web/20080517173336/http://www.press.sk:80/?page=shop.flypage&product_id=3468&category_id=&option=com_phpshop;2,01E+13;skip;0;;;
http://www.press.sk:80/?page=shop.flypage&product_id=3469&category_id=&option=com_phpshop;https://web.archive.org/web/20080517174802/http://www.press.sk:80/?page=shop.flypage&product_id=3469&category_id=&option=com_phpshop;2,01E+13;skip;0;;;
http://www.press.sk:80/?page=shop.flypage&product_id=3470&category_id=&option=com_phpshop;https://web.archive.org/web/20080518005709/http://www.press.sk:80/?page=shop.flypage&product_id=3470&category_id=&option=com_phpshop;2,01E+13;skip;0;;;
http://www.press.sk:80/?page=shop.flypage&product_id=3471&category_id=&option=com_phpshop;https://web.archive.org/web/20080518005716/http://www.press.sk:80/?page=shop.flypage&product_id=3471&category_id=&option=com_phpshop;2,01E+13;skip;0;;;
http://www.press.sk:80/?page=shop.flypage&product_id=3472&category_id=&option=com_phpshop;https://web.archive.org/web/20080517174809/http://www.press.sk:80/?page=shop.flypage&product_id=3472&category_id=&option=com_phpshop;2,01E+13;skip;0;;;
http://www.press.sk:80/?page=shop.flypage&product_id=3473&category_id=&option=com_phpshop;https://web.archive.org/web/20080519211113/http://www.press.sk:80/?page=shop.flypage&product_id=3473&category_id=&option=com_phpshop;2,01E+13;skip;0;;;
http://www.press.sk:80/?page=shop.flypage&product_id=3474&category_id=&option=com_phpshop;https://web.archive.org/web/20080519211119/http://www.press.sk:80/?page=shop.flypage&product_id=3474&category_id=&option=com_phpshop;2,01E+13;skip;0;;;
http://www.press.sk:80/?page=shop.flypage&product_id=3475&category_id=&option=com_phpshop;https://web.archive.org/web/20080517174813/http://www.press.sk:80/?page=shop.flypage&product_id=3475&category_id=&option=com_phpshop;2,01E+13;skip;0;;;
http://www.press.sk:80/?page=shop.flypage&product_id=3476&category_id=&option=com_phpshop;https://web.archive.org/web/20080517174819/http://www.press.sk:80/?page=shop.flypage&product_id=3476&category_id=&option=com_phpshop;2,01E+13;skip;0;;;
http://www.press.sk:80/?page=shop.flypage&product_id=3477&category_id=&option=com_phpshop;https://web.archive.org/web/20080519211124/http://www.press.sk:80/?page=shop.flypage&product_id=3477&category_id=&option=com_phpshop;2,01E+13;skip;0;;;
http://www.press.sk:80/?page=shop.flypage&product_id=3478&category_id=&option=com_phpshop;https://web.archive.org/web/20080518005721/http://www.press.sk:80/?page=shop.flypage&product_id=3478&category_id=&option=com_phpshop;2,01E+13;skip;0;;;
http://www.press.sk:80/?page=shop.flypage&product_id=3479&category_id=&option=com_phpshop;https://web.archive.org/web/20080518005726/http://www.press.sk:80/?page=shop.flypage&product_id=3479&category_id=&option=com_phpshop;2,01E+13;skip;0;;;
http://www.press.sk:80/?page=shop.flypage&product_id=3480&category_id=&option=com_phpshop;https://web.archive.org/web/20080519202623/http://www.press.sk:80/?page=shop.flypage&product_id=3480&category_id=&option=com_phpshop;2,01E+13;skip;0;;;
http://www.press.sk:80/?page=shop.flypage&product_id=3481&category_id=&option=com_phpshop;https://web.archive.org/web/20080519211129/http://www.press.sk:80/?page=shop.flypage&product_id=3481&category_id=&option=com_phpshop;2,01E+13;skip;0;;;
http://www.press.sk:80/?page=shop.flypage&product_id=3482&category_id=&option=com_phpshop;https://web.archive.org/web/20080519202627/http://www.press.sk:80/?page=shop.flypage&product_id=3482&category_id=&option=com_phpshop;2,01E+13;skip;0;;;
http://www.press.sk:80/?page=shop.flypage&product_id=3483&category_id=&option=com_phpshop;https://web.archive.org/web/20080519231613/http://www.press.sk:80/?page=shop.flypage&product_id=3483&category_id=&option=com_phpshop;2,01E+13;skip;0;;;
http://www.press.sk:80/?page=shop.flypage&product_id=3484&category_id=&option=com_phpshop;https://web.archive.org/web/20080519202702/http://www.press.sk:80/?page=shop.flypage&product_id=3484&category_id=&option=com_phpshop;2,01E+13;skip;0;;;
http://www.press.sk:80/?page=shop.flypage&product_id=3485&category_id=&option=com_phpshop;https://web.archive.org/web/20080518005731/http://www.press.sk:80/?page=shop.flypage&product_id=3485&category_id=&option=com_phpshop;2,01E+13;skip;0;;;
http://www.press.sk:80/?page=shop.flypage&product_id=3486&category_id=&option=com_phpshop;https://web.archive.org/web/20080519202707/http://www.press.sk:80/?page=shop.flypage&product_id=3486&category_id=&option=com_phpshop;2,01E+13;skip;0;;;
http://www.press.sk:80/?page=shop.flypage&product_id=3487&category_id=&option=com_phpshop;https://web.archive.org/web/20080517174823/http://www.press.sk:80/?page=shop.flypage&product_id=3487&category_id=&option=com_phpshop;2,01E+13;skip;0;;;
http://www.press.sk:80/?page=shop.flypage&product_id=3488&category_id=&option=com_phpshop;https://web.archive.org/web/20080518005736/http://www.press.sk:80/?page=shop.flypage&product_id=3488&category_id=&option=com_phpshop;2,01E+13;skip;0;;;
http://www.press.sk:80/?page=shop.flypage&product_id=3489&category_id=&option=com_phpshop;https://web.archive.org/web/20080519202729/http://www.press.sk:80/?page=shop.flypage&product_id=3489&category_id=&option=com_phpshop;2,01E+13;skip;0;;;
http://www.press.sk:80/?page=shop.flypage&product_id=3490&category_id=&option=com_phpshop;https://web.archive.org/web/20080519211134/http://www.press.sk:80/?page=shop.flypage&product_id=3490&category_id=&option=com_phpshop;2,01E+13;skip;0;;;
http://www.press.sk:80/?page=shop.flypage&product_id=3491&category_id=&option=com_phpshop;https://web.archive.org/web/20080519202743/http://www.press.sk:80/?page=shop.flypage&product_id=3491&category_id=&option=com_phpshop;2,01E+13;skip;0;;;
http://www.press.sk:80/?page=shop.flypage&product_id=3492&category_id=&option=com_phpshop;https://web.archive.org/web/20080518005746/http://www.press.sk:80/?page=shop.flypage&product_id=3492&category_id=&option=com_phpshop;2,01E+13;skip;0;;;
http://www.press.sk:80/?page=shop.flypage&product_id=3493&category_id=&option=com_phpshop;https://web.archive.org/web/20080517174828/http://www.press.sk:80/?page=shop.flypage&product_id=3493&category_id=&option=com_phpshop;2,01E+13;skip;0;;;
http://www.press.sk:80/?page=shop.flypage&product_id=3494&category_id=&option=com_phpshop;https://web.archive.org/web/20080519202752/http://www.press.sk:80/?page=shop.flypage&product_id=3494&category_id=&option=com_phpshop;2,01E+13;skip;0;;;
http://www.press.sk:80/?page=shop.flypage&product_id=3495&category_id=&option=com_phpshop;https://web.archive.org/web/20080518005753/http://www.press.sk:80/?page=shop.flypage&product_id=3495&category_id=&option=com_phpshop;2,01E+13;skip;0;;;
http://www.press.sk:80/?page=shop.flypage&product_id=3496&category_id=&option=com_phpshop;https://web.archive.org/web/20080518005758/http://www.press.sk:80/?page=shop.flypage&product_id=3496&category_id=&option=com_phpshop;2,01E+13;skip;0;;;
http://www.press.sk:80/?page=shop.flypage&product_id=3497&category_id=&option=com_phpshop;https://web.archive.org/web/20080517174833/http://www.press.sk:80/?page=shop.flypage&product_id=3497&category_id=&option=com_phpshop;2,01E+13;skip;0;;;
http://www.press.sk:80/?page=shop.flypage&product_id=3498&category_id=&option=com_phpshop;https://web.archive.org/web/20080519202803/http://www.press.sk:80/?page=shop.flypage&product_id=3498&category_id=&option=com_phpshop;2,01E+13;skip;0;;;
http://www.press.sk:80/?page=shop.flypage&product_id=3499&category_id=&option=com_phpshop;https://web.archive.org/web/20080519202809/http://www.press.sk:80/?page=shop.flypage&product_id=3499&category_id=&option=com_phpshop;2,01E+13;skip;0;;;
http://www.press.sk:80/?page=shop.flypage&product_id=3500&category_id=&option=com_phpshop;https://web.archive.org/web/20080517174838/http://www.press.sk:80/?page=shop.flypage&product_id=3500&category_id=&option=com_phpshop;2,01E+13;skip;0;;;
http://www.press.sk:80/?page=shop.flypage&product_id=3501&category_id=&option=com_phpshop;https://web.archive.org/web/20080518005803/http://www.press.sk:80/?page=shop.flypage&product_id=3501&category_id=&option=com_phpshop;2,01E+13;skip;0;;;
http://www.press.sk:80/?page=shop.flypage&product_id=3502&category_id=&option=com_phpshop;https://web.archive.org/web/20080519211139/http://www.press.sk:80/?page=shop.flypage&product_id=3502&category_id=&option=com_phpshop;2,01E+13;skip;0;;;
http://www.press.sk:80/?page=shop.flypage&product_id=3503&category_id=&option=com_phpshop;https://web.archive.org/web/20080517174844/http://www.press.sk:80/?page=shop.flypage&product_id=3503&category_id=&option=com_phpshop;2,01E+13;skip;0;;;
http://www.press.sk:80/?page=shop.flypage&product_id=3504&category_id=&option=com_phpshop;https://web.archive.org/web/20080518005808/http://www.press.sk:80/?page=shop.flypage&product_id=3504&category_id=&option=com_phpshop;2,01E+13;skip;0;;;
http://www.press.sk:80/?page=shop.flypage&product_id=3505&category_id=&option=com_phpshop;https://web.archive.org/web/20080519202811/http://www.press.sk:80/?page=shop.flypage&product_id=3505&category_id=&option=com_phpshop;2,01E+13;skip;0;;;
http://www.press.sk:80/?page=shop.flypage&product_id=3506&category_id=&option=com_phpshop;https://web.archive.org/web/20080517174848/http://www.press.sk:80/?page=shop.flypage&product_id=3506&category_id=&option=com_phpshop;2,01E+13;skip;0;;;
http://www.press.sk:80/?page=shop.flypage&product_id=3557&category_id=&option=com_phpshop;https://web.archive.org/web/20080518005813/http://www.press.sk:80/?page=shop.flypage&product_id=3557&category_id=&option=com_phpshop;2,01E+13;skip;0;;;
http://www.press.sk:80/?page=shop.flypage&product_id=3566&category_id=&option=com_phpshop;https://web.archive.org/web/20080519202816/http://www.press.sk:80/?page=shop.flypage&product_id=3566&category_id=&option=com_phpshop;2,01E+13;skip;0;;;
http://www.press.sk:80/?page=shop.flypage&product_id=3567&category_id=&option=com_phpshop;https://web.archive.org/web/20080519211144/http://www.press.sk:80/?page=shop.flypage&product_id=3567&category_id=&option=com_phpshop;2,01E+13;skip;0;;;
http://www.press.sk:80/?page=shop.flypage&product_id=3722&category_id=&option=com_phpshop;https://web.archive.org/web/20080519202822/http://www.press.sk:80/?page=shop.flypage&product_id=3722&category_id=&option=com_phpshop;2,01E+13;skip;0;;;
http://www.press.sk:80/?page=shop.flypage&product_id=3723&category_id=&option=com_phpshop;https://web.archive.org/web/20080519202842/http://www.press.sk:80/?page=shop.flypage&product_id=3723&category_id=&option=com_phpshop;2,01E+13;skip;0;;;
http://www.press.sk:80/?page=shop.flypage&product_id=3724&category_id=&option=com_phpshop;https://web.archive.org/web/20080517174859/http://www.press.sk:80/?page=shop.flypage&product_id=3724&category_id=&option=com_phpshop;2,01E+13;skip;0;;;
http://www.press.sk:80/?page=shop.flypage&product_id=3725&category_id=&option=com_phpshop;https://web.archive.org/web/20080519202849/http://www.press.sk:80/?page=shop.flypage&product_id=3725&category_id=&option=com_phpshop;2,01E+13;skip;0;;;
http://www.press.sk:80/?page=shop.flypage&product_id=3778&category_id=&option=com_phpshop;https://web.archive.org/web/20080517174906/http://www.press.sk:80/?page=shop.flypage&product_id=3778&category_id=&option=com_phpshop;2,01E+13;skip;0;;;
http://www.press.sk:80/?page=shop.flypage&product_id=3779&category_id=&option=com_phpshop;https://web.archive.org/web/20080517174911/http://www.press.sk:80/?page=shop.flypage&product_id=3779&category_id=&option=com_phpshop;2,01E+13;skip;0;;;
http://www.press.sk:80/?page=shop.flypage&product_id=3780&category_id=&option=com_phpshop;https://web.archive.org/web/20080517174916/http://www.press.sk:80/?page=shop.flypage&product_id=3780&category_id=&option=com_phpshop;2,01E+13;skip;0;;;
http://www.press.sk:80/?page=shop.flypage&product_id=3781&category_id=&option=com_phpshop;https://web.archive.org/web/20080517174921/http://www.press.sk:80/?page=shop.flypage&product_id=3781&category_id=&option=com_phpshop;2,01E+13;skip;0;;;
http://www.press.sk:80/?page=shop.flypage&product_id=3782&category_id=&option=com_phpshop;https://web.archive.org/web/20080518005818/http://www.press.sk:80/?page=shop.flypage&product_id=3782&category_id=&option=com_phpshop;2,01E+13;skip;0;;;
http://www.press.sk:80/?page=shop.flypage&product_id=3783&category_id=&option=com_phpshop;https://web.archive.org/web/20080518005823/http://www.press.sk:80/?page=shop.flypage&product_id=3783&category_id=&option=com_phpshop;2,01E+13;skip;0;;;
http://www.press.sk:80/?page=shop.flypage&product_id=3784&category_id=&option=com_phpshop;https://web.archive.org/web/20080518005837/http://www.press.sk:80/?page=shop.flypage&product_id=3784&category_id=&option=com_phpshop;2,01E+13;skip;0;;;
http://www.press.sk:80/?page=shop.flypage&product_id=3785&category_id=&option=com_phpshop;https://web.archive.org/web/20080519202853/http://www.press.sk:80/?page=shop.flypage&product_id=3785&category_id=&option=com_phpshop;2,01E+13;skip;0;;;
http://www.press.sk:80/?page=shop.flypage&product_id=3893&category_id=&option=com_phpshop;https://web.archive.org/web/20080531024940/http://www.press.sk:80/?page=shop.flypage&product_id=3893&category_id=&option=com_phpshop;2,01E+13;skip;0;;;
http://www.press.sk:80/?page=shop.flypage&product_id=3894&category_id=&option=com_phpshop;https://web.archive.org/web/20080531024944/http://www.press.sk:80/?page=shop.flypage&product_id=3894&category_id=&option=com_phpshop;2,01E+13;skip;0;;;
http://www.press.sk:80/?page=shop.flypage&product_id=3895&category_id=&option=com_phpshop;https://web.archive.org/web/20080501174420/http://www.press.sk:80/?page=shop.flypage&product_id=3895&category_id=&option=com_phpshop;2,01E+13;skip;0;;;
http://www.press.sk:80/?page=shop.flypage&product_id=3896&category_id=&option=com_phpshop;https://web.archive.org/web/20080501174427/http://www.press.sk:80/?page=shop.flypage&product_id=3896&category_id=&option=com_phpshop;2,01E+13;skip;0;;;
http://www.press.sk:80/?page=shop.flypage&product_id=3897&category_id=&option=com_phpshop;https://web.archive.org/web/20080501174431/http://www.press.sk:80/?page=shop.flypage&product_id=3897&category_id=&option=com_phpshop;2,01E+13;skip;0;;;
http://www.press.sk:80/?page=shop.flypage&product_id=3915&category_id=&option=com_phpshop;https://web.archive.org/web/20080531024951/http://www.press.sk:80/?page=shop.flypage&product_id=3915&category_id=&option=com_phpshop;2,01E+13;skip;0;;;
http://www.press.sk:80/?page=shop.flypage&product_id=3916&category_id=&option=com_phpshop;https://web.archive.org/web/20080531025000/http://www.press.sk:80/?page=shop.flypage&product_id=3916&category_id=&option=com_phpshop;2,01E+13;skip;0;;;
http://www.press.sk:80/?page=shop.flypage&product_id=3917&category_id=&option=com_phpshop;https://web.archive.org/web/20080501174438/http://www.press.sk:80/?page=shop.flypage&product_id=3917&category_id=&option=com_phpshop;2,01E+13;skip;0;;;
http://www.press.sk:80/?page=shop.flypage&product_id=3918&category_id=&option=com_phpshop;https://web.archive.org/web/20080501174441/http://www.press.sk:80/?page=shop.flypage&product_id=3918&category_id=&option=com_phpshop;2,01E+13;skip;0;;;
http://www.press.sk:80/?page=shop.flypage&product_id=3920&category_id=&option=com_phpshop;https://web.archive.org/web/20080501174446/http://www.press.sk:80/?page=shop.flypage&product_id=3920&category_id=&option=com_phpshop;2,01E+13;skip;0;;;
http://www.press.sk:80/?page=shop.flypage&product_id=3951&category_id=&option=com_phpshop;https://web.archive.org/web/20080531025005/http://www.press.sk:80/?page=shop.flypage&product_id=3951&category_id=&option=com_phpshop;2,01E+13;skip;0;;;
http://www.press.sk:80/?page=shop.flypage&product_id=3952&category_id=&option=com_phpshop;https://web.archive.org/web/20080531025011/http://www.press.sk:80/?page=shop.flypage&product_id=3952&category_id=&option=com_phpshop;2,01E+13;skip;0;;;
http://www.press.sk:80/?page=shop.flypage&product_id=3953&category_id=&option=com_phpshop;https://web.archive.org/web/20080531025025/http://www.press.sk:80/?page=shop.flypage&product_id=3953&category_id=&option=com_phpshop;2,01E+13;skip;0;;;
http://www.press.sk:80/?page=shop.flypage&product_id=3966&category_id=&option=com_phpshop;https://web.archive.org/web/20080531025029/http://www.press.sk:80/?page=shop.flypage&product_id=3966&category_id=&option=com_phpshop;2,01E+13;skip;0;;;
http://www.press.sk:80/?page=shop.flypage&product_id=3967&category_id=&option=com_phpshop;https://web.archive.org/web/20080531025035/http://www.press.sk:80/?page=shop.flypage&product_id=3967&category_id=&option=com_phpshop;2,01E+13;skip;0;;;
http://www.press.sk:80/?page=shop.flypage&product_id=3968&category_id=&option=com_phpshop;https://web.archive.org/web/20080531025040/http://www.press.sk:80/?page=shop.flypage&product_id=3968&category_id=&option=com_phpshop;2,01E+13;skip;0;;;
http://www.press.sk:80/?page=shop.flypage&product_id=3969&category_id=&option=com_phpshop;https://web.archive.org/web/20080531025049/http://www.press.sk:80/?page=shop.flypage&product_id=3969&category_id=&option=com_phpshop;2,01E+13;skip;0;;;
http://www.press.sk:80/?page=shop.flypage&product_id=3970&category_id=&option=com_phpshop;https://web.archive.org/web/20080531025052/http://www.press.sk:80/?page=shop.flypage&product_id=3970&category_id=&option=com_phpshop;2,01E+13;skip;0;;;
http://www.press.sk:80/?page=shop.flypage&product_id=3971&category_id=&option=com_phpshop;https://web.archive.org/web/20080531025112/http://www.press.sk:80/?page=shop.flypage&product_id=3971&category_id=&option=com_phpshop;2,01E+13;skip;0;;;
http://www.press.sk:80/?page=shop.flypage&product_id=3973&category_id=&option=com_phpshop;https://web.archive.org/web/20080531025117/http://www.press.sk:80/?page=shop.flypage&product_id=3973&category_id=&option=com_phpshop;2,01E+13;skip;0;;;
http://www.press.sk:80/?page=shop.flypage&product_id=85&category_id=&option=com_phpshop;https://web.archive.org/web/20071027122217/http://www.press.sk:80/?page=shop.flypage&product_id=85&category_id=&option=com_phpshop;2,01E+13;skip;0;;;
http://press.sk:80/?page=shop.flypage&product_id=3347&category_id=1&option=com_phpshop;https://web.archive.org/web/20071011082243/http://press.sk:80/?page=shop.flypage&product_id=3347&category_id=1&option=com_phpshop;2,01E+13;skip;0;;;
http://www.press.sk:80/?page=shop.flypage&product_id=3347&category_id=1&option=com_phpshop;https://web.archive.org/web/20071210203255/http://www.press.sk:80/?page=shop.flypage&product_id=3347&category_id=1&option=com_phpshop;2,01E+13;skip;0;;;
http://www.press.sk:80/?page=shop.flypage&product_id=3347&category_id=1&option=com_phpshop;https://web.archive.org/web/20080209060220/http://www.press.sk:80/?page=shop.flypage&product_id=3347&category_id=1&option=com_phpshop;2,01E+13;skip;0;;;
http://www.press.sk:80/?page=shop.flypage&product_id=3347&category_id=1&option=com_phpshop;https://web.archive.org/web/20080409140557/http://www.press.sk:80/?page=shop.flypage&product_id=3347&category_id=1&option=com_phpshop;2,01E+13;skip;0;;;
http://www.press.sk:80/?page=shop.flypage&product_id=3347&category_id=1&option=com_phpshop;https://web.archive.org/web/20080609001703/http://www.press.sk:80/?page=shop.flypage&product_id=3347&category_id=1&option=com_phpshop;2,01E+13;skip;0;;;
http://press.sk:80/?page=shop.flypage&product_id=3354&category_id=1&option=com_phpshop;https://web.archive.org/web/20071011082250/http://press.sk:80/?page=shop.flypage&product_id=3354&category_id=1&option=com_phpshop;2,01E+13;skip;0;;;
http://www.press.sk:80/?page=shop.flypage&product_id=3354&category_id=1&option=com_phpshop;https://web.archive.org/web/20071210203319/http://www.press.sk:80/?page=shop.flypage&product_id=3354&category_id=1&option=com_phpshop;2,01E+13;skip;0;;;
http://www.press.sk:80/?page=shop.flypage&product_id=3354&category_id=1&option=com_phpshop;https://web.archive.org/web/20080209060226/http://www.press.sk:80/?page=shop.flypage&product_id=3354&category_id=1&option=com_phpshop;2,01E+13;skip;0;;;
http://www.press.sk:80/?page=shop.flypage&product_id=3354&category_id=1&option=com_phpshop;https://web.archive.org/web/20080409140600/http://www.press.sk:80/?page=shop.flypage&product_id=3354&category_id=1&option=com_phpshop;2,01E+13;skip;0;;;
http://www.press.sk:80/?page=shop.flypage&product_id=3354&category_id=1&option=com_phpshop;https://web.archive.org/web/20080609001708/http://www.press.sk:80/?page=shop.flypage&product_id=3354&category_id=1&option=com_phpshop;2,01E+13;skip;0;;;
http://www.press.sk:80/?page=shop.flypage&product_id=3372&category_id=1&option=com_phpshop;https://web.archive.org/web/20071211032947/http://www.press.sk:80/?page=shop.flypage&product_id=3372&category_id=1&option=com_phpshop;2,01E+13;skip;0;;;
http://www.press.sk:80/?page=shop.flypage&product_id=3372&category_id=1&option=com_phpshop;https://web.archive.org/web/20080209131622/http://www.press.sk:80/?page=shop.flypage&product_id=3372&category_id=1&option=com_phpshop;2,01E+13;skip;0;;;
http://www.press.sk:80/?page=shop.flypage&product_id=3372&category_id=1&option=com_phpshop;https://web.archive.org/web/20080409205039/http://www.press.sk:80/?page=shop.flypage&product_id=3372&category_id=1&option=com_phpshop;2,01E+13;skip;0;;;
http://www.press.sk:80/?page=shop.flypage&product_id=3372&category_id=1&option=com_phpshop;https://web.archive.org/web/20080609001713/http://www.press.sk:80/?page=shop.flypage&product_id=3372&category_id=1&option=com_phpshop;2,01E+13;skip;0;;;
http://www.press.sk:80/?page=shop.flypage&product_id=3373&category_id=1&option=com_phpshop;https://web.archive.org/web/20071211032952/http://www.press.sk:80/?page=shop.flypage&product_id=3373&category_id=1&option=com_phpshop;2,01E+13;skip;0;;;
http://www.press.sk:80/?page=shop.flypage&product_id=3373&category_id=1&option=com_phpshop;https://web.archive.org/web/20080209131631/http://www.press.sk:80/?page=shop.flypage&product_id=3373&category_id=1&option=com_phpshop;2,01E+13;skip;0;;;
http://www.press.sk:80/?page=shop.flypage&product_id=3373&category_id=1&option=com_phpshop;https://web.archive.org/web/20080409205148/http://www.press.sk:80/?page=shop.flypage&product_id=3373&category_id=1&option=com_phpshop;2,01E+13;skip;0;;;
http://www.press.sk:80/?page=shop.flypage&product_id=3373&category_id=1&option=com_phpshop;https://web.archive.org/web/20080609001719/http://www.press.sk:80/?page=shop.flypage&product_id=3373&category_id=1&option=com_phpshop;2,01E+13;skip;0;;;
http://press.sk:80/?page=shop.flypage&product_id=3374&category_id=1&option=com_phpshop;https://web.archive.org/web/20071011085904/http://press.sk:80/?page=shop.flypage&product_id=3374&category_id=1&option=com_phpshop;2,01E+13;skip;0;;;
http://www.press.sk:80/?page=shop.flypage&product_id=3374&category_id=1&option=com_phpshop;https://web.archive.org/web/20071211032957/http://www.press.sk:80/?page=shop.flypage&product_id=3374&category_id=1&option=com_phpshop;2,01E+13;skip;0;;;
http://www.press.sk:80/?page=shop.flypage&product_id=3374&category_id=1&option=com_phpshop;https://web.archive.org/web/20080209131632/http://www.press.sk:80/?page=shop.flypage&product_id=3374&category_id=1&option=com_phpshop;2,01E+13;skip;0;;;
http://www.press.sk:80/?page=shop.flypage&product_id=3374&category_id=1&option=com_phpshop;https://web.archive.org/web/20080409205152/http://www.press.sk:80/?page=shop.flypage&product_id=3374&category_id=1&option=com_phpshop;2,01E+13;skip;0;;;
http://www.press.sk:80/?page=shop.flypage&product_id=3374&category_id=1&option=com_phpshop;https://web.archive.org/web/20080609001723/http://www.press.sk:80/?page=shop.flypage&product_id=3374&category_id=1&option=com_phpshop;2,01E+13;skip;0;;;
http://www.press.sk:80/?page=shop.flypage&product_id=3386&category_id=1&option=com_phpshop;https://web.archive.org/web/20071211033002/http://www.press.sk:80/?page=shop.flypage&product_id=3386&category_id=1&option=com_phpshop;2,01E+13;skip;0;;;
http://www.press.sk:80/?page=shop.flypage&product_id=3386&category_id=1&option=com_phpshop;https://web.archive.org/web/20080209131638/http://www.press.sk:80/?page=shop.flypage&product_id=3386&category_id=1&option=com_phpshop;2,01E+13;skip;0;;;
http://www.press.sk:80/?page=shop.flypage&product_id=3386&category_id=1&option=com_phpshop;https://web.archive.org/web/20080409205158/http://www.press.sk:80/?page=shop.flypage&product_id=3386&category_id=1&option=com_phpshop;2,01E+13;skip;0;;;
http://www.press.sk:80/?page=shop.flypage&product_id=3386&category_id=1&option=com_phpshop;https://web.archive.org/web/20080609001729/http://www.press.sk:80/?page=shop.flypage&product_id=3386&category_id=1&option=com_phpshop;2,01E+13;skip;0;;;
http://press.sk:80/?page=shop.flypage&product_id=3426&category_id=1&option=com_phpshop;https://web.archive.org/web/20071011080431/http://press.sk:80/?page=shop.flypage&product_id=3426&category_id=1&option=com_phpshop;2,01E+13;skip;0;;;
http://www.press.sk:80/?page=shop.flypage&product_id=3426&category_id=1&option=com_phpshop;https://web.archive.org/web/20071210203327/http://www.press.sk:80/?page=shop.flypage&product_id=3426&category_id=1&option=com_phpshop;2,01E+13;skip;0;;;
http://www.press.sk:80/?page=shop.flypage&product_id=3426&category_id=1&option=com_phpshop;https://web.archive.org/web/20080209060231/http://www.press.sk:80/?page=shop.flypage&product_id=3426&category_id=1&option=com_phpshop;2,01E+13;skip;0;;;
http://www.press.sk:80/?page=shop.flypage&product_id=3426&category_id=1&option=com_phpshop;https://web.archive.org/web/20080409140606/http://www.press.sk:80/?page=shop.flypage&product_id=3426&category_id=1&option=com_phpshop;2,01E+13;skip;0;;;
http://www.press.sk:80/?page=shop.flypage&product_id=3426&category_id=1&option=com_phpshop;https://web.archive.org/web/20080609001734/http://www.press.sk:80/?page=shop.flypage&product_id=3426&category_id=1&option=com_phpshop;2,01E+13;skip;0;;;
http://press.sk:80/?page=shop.browse&root=10&category_id=101&option=com_phpshop;https://web.archive.org/web/20071011090023/http://press.sk:80/?page=shop.browse&root=10&category_id=101&option=com_phpshop;2,01E+13;skip;0;;;
http://www.press.sk:80/?page=shop.browse&root=10&category_id=101&option=com_phpshop;https://web.archive.org/web/20080210061133/http://www.press.sk:80/?page=shop.browse&root=10&category_id=101&option=com_phpshop;2,01E+13;skip;0;;;
http://www.press.sk:80/?page=shop.browse&root=10&category_id=101&option=com_phpshop;https://web.archive.org/web/20080211120405/http://www.press.sk:80/?page=shop.browse&root=10&category_id=101&option=com_phpshop;2,01E+13;skip;0;;;
http://www.press.sk:80/?page=shop.browse&root=10&category_id=101&option=com_phpshop;https://web.archive.org/web/20080419114127/http://www.press.sk:80/?page=shop.browse&root=10&category_id=101&option=com_phpshop;2,01E+13;skip;0;;;
http://www.press.sk:80/?page=shop.browse&root=10&category_id=101&option=com_phpshop;https://web.archive.org/web/20080618164814/http://www.press.sk:80/?page=shop.browse&root=10&category_id=101&option=com_phpshop;2,01E+13;skip;0;;;
http://www.press.sk:80/?page=shop.browse&root=10&category_id=101&option=com_phpshop;https://web.archive.org/web/20081012224849/http://www.press.sk:80/?page=shop.browse&root=10&category_id=101&option=com_phpshop;2,01E+13;skip;0;;;
http://www.press.sk:80/?page=shop.browse&root=103&category_id=104&option=com_phpshop;https://web.archive.org/web/20081010181233/http://www.press.sk:80/?page=shop.browse&root=103&category_id=104&option=com_phpshop;2,01E+13;skip;0;;;
http://www.press.sk:80/?page=shop.browse&root=103&category_id=105&option=com_phpshop;https://web.archive.org/web/20081010181237/http://www.press.sk:80/?page=shop.browse&root=103&category_id=105&option=com_phpshop;2,01E+13;skip;0;;;
http://www.press.sk:80/?page=shop.browse&root=103&category_id=106&option=com_phpshop;https://web.archive.org/web/20081010181243/http://www.press.sk:80/?page=shop.browse&root=103&category_id=106&option=com_phpshop;2,01E+13;skip;0;;;
http://www.press.sk:80/?page=shop.browse&root=103&category_id=107&option=com_phpshop;https://web.archive.org/web/20081010181247/http://www.press.sk:80/?page=shop.browse&root=103&category_id=107&option=com_phpshop;2,01E+13;skip;0;;;
http://www.press.sk:80/?page=shop.flypage&product_id=1052&category_id=108&option=com_phpshop;https://web.archive.org/web/20071124004348/http://www.press.sk:80/?page=shop.flypage&product_id=1052&category_id=108&option=com_phpshop;2,01E+13;skip;0;;;
http://www.press.sk:80/?page=shop.flypage&product_id=1056&category_id=108&option=com_phpshop;https://web.archive.org/web/20071124004352/http://www.press.sk:80/?page=shop.flypage&product_id=1056&category_id=108&option=com_phpshop;2,01E+13;skip;0;;;
http://www.press.sk:80/?page=shop.flypage&product_id=1106&category_id=108&option=com_phpshop;https://web.archive.org/web/20071124004358/http://www.press.sk:80/?page=shop.flypage&product_id=1106&category_id=108&option=com_phpshop;2,01E+13;skip;0;;;
http://www.press.sk:80/?page=shop.flypage&product_id=1389&category_id=108&option=com_phpshop;https://web.archive.org/web/20071124004403/http://www.press.sk:80/?page=shop.flypage&product_id=1389&category_id=108&option=com_phpshop;2,01E+13;skip;0;;;
http://www.press.sk:80/?page=shop.flypage&product_id=1557&category_id=108&option=com_phpshop;https://web.archive.org/web/20071124004408/http://www.press.sk:80/?page=shop.flypage&product_id=1557&category_id=108&option=com_phpshop;2,01E+13;skip;0;;;
http://www.press.sk:80/?page=shop.flypage&product_id=1582&category_id=108&option=com_phpshop;https://web.archive.org/web/20071124004413/http://www.press.sk:80/?page=shop.flypage&product_id=1582&category_id=108&option=com_phpshop;2,01E+13;skip;0;;;
http://www.press.sk:80/?page=shop.flypage&product_id=1608&category_id=108&option=com_phpshop;https://web.archive.org/web/20071124004418/http://www.press.sk:80/?page=shop.flypage&product_id=1608&category_id=108&option=com_phpshop;2,01E+13;skip;0;;;
http://www.press.sk:80/?page=shop.flypage&product_id=1729&category_id=108&option=com_phpshop;https://web.archive.org/web/20071124004424/http://www.press.sk:80/?page=shop.flypage&product_id=1729&category_id=108&option=com_phpshop;2,01E+13;skip;0;;;
http://www.press.sk:80/?page=shop.flypage&product_id=1886&category_id=108&option=com_phpshop;https://web.archive.org/web/20071124004428/http://www.press.sk:80/?page=shop.flypage&product_id=1886&category_id=108&option=com_phpshop;2,01E+13;skip;0;;;
http://www.press.sk:80/?page=shop.flypage&product_id=1924&category_id=108&option=com_phpshop;https://web.archive.org/web/20071124004433/http://www.press.sk:80/?page=shop.flypage&product_id=1924&category_id=108&option=com_phpshop;2,01E+13;skip;0;;;
http://www.press.sk:80/?page=shop.flypage&product_id=2550&category_id=108&option=com_phpshop;https://web.archive.org/web/20071124004439/http://www.press.sk:80/?page=shop.flypage&product_id=2550&category_id=108&option=com_phpshop;2,01E+13;skip;0;;;
http://www.press.sk:80/?page=shop.flypage&product_id=2861&category_id=108&option=com_phpshop;https://web.archive.org/web/20071124004444/http://www.press.sk:80/?page=shop.flypage&product_id=2861&category_id=108&option=com_phpshop;2,01E+13;skip;0;;;
http://www.press.sk:80/?page=shop.flypage&product_id=2872&category_id=108&option=com_phpshop;https://web.archive.org/web/20071124004449/http://www.press.sk:80/?page=shop.flypage&product_id=2872&category_id=108&option=com_phpshop;2,01E+13;skip;0;;;
http://www.press.sk:80/?page=shop.flypage&product_id=3093&category_id=108&option=com_phpshop;https://web.archive.org/web/20071124004454/http://www.press.sk:80/?page=shop.flypage&product_id=3093&category_id=108&option=com_phpshop;2,01E+13;skip;0;;;
http://www.press.sk:80/?page=shop.flypage&product_id=3152&category_id=108&option=com_phpshop;https://web.archive.org/web/20071124004459/http://www.press.sk:80/?page=shop.flypage&product_id=3152&category_id=108&option=com_phpshop;2,01E+13;skip;0;;;
http://www.press.sk:80/?page=shop.flypage&product_id=3211&category_id=108&option=com_phpshop;https://web.archive.org/web/20071124004504/http://www.press.sk:80/?page=shop.flypage&product_id=3211&category_id=108&option=com_phpshop;2,01E+13;skip;0;;;
http://www.press.sk:80/?page=shop.flypage&product_id=3420&category_id=108&option=com_phpshop;https://web.archive.org/web/20071124004509/http://www.press.sk:80/?page=shop.flypage&product_id=3420&category_id=108&option=com_phpshop;2,01E+13;skip;0;;;
http://www.press.sk:80/?page=shop.flypage&product_id=3443&category_id=108&option=com_phpshop;https://web.archive.org/web/20071124004514/http://www.press.sk:80/?page=shop.flypage&product_id=3443&category_id=108&option=com_phpshop;2,01E+13;skip;0;;;
http://www.press.sk:80/?page=shop.flypage&product_id=3523&category_id=108&option=com_phpshop;https://web.archive.org/web/20071124004519/http://www.press.sk:80/?page=shop.flypage&product_id=3523&category_id=108&option=com_phpshop;2,01E+13;skip;0;;;
http://www.press.sk:80/?page=shop.flypage&product_id=888&category_id=108&option=com_phpshop;https://web.archive.org/web/20071124004525/http://www.press.sk:80/?page=shop.flypage&product_id=888&category_id=108&option=com_phpshop;2,01E+13;skip;0;;;
http://press.sk:80/?page=shop.browse&root=10&category_id=112&option=com_phpshop;https://web.archive.org/web/20071011085502/http://press.sk:80/?page=shop.browse&root=10&category_id=112&option=com_phpshop;2,01E+13;skip;0;;;
http://www.press.sk:80/?page=shop.browse&root=10&category_id=112&option=com_phpshop;https://web.archive.org/web/20080210061137/http://www.press.sk:80/?page=shop.browse&root=10&category_id=112&option=com_phpshop;2,01E+13;skip;0;;;
http://www.press.sk:80/?page=shop.browse&root=10&category_id=112&option=com_phpshop;https://web.archive.org/web/20080211120410/http://www.press.sk:80/?page=shop.browse&root=10&category_id=112&option=com_phpshop;2,01E+13;skip;0;;;
http://www.press.sk:80/?page=shop.browse&root=10&category_id=112&option=com_phpshop;https://web.archive.org/web/20080419082418/http://www.press.sk:80/?page=shop.browse&root=10&category_id=112&option=com_phpshop;2,01E+13;skip;0;;;
http://www.press.sk:80/?page=shop.browse&root=10&category_id=112&option=com_phpshop;https://web.archive.org/web/20080618164819/http://www.press.sk:80/?page=shop.browse&root=10&category_id=112&option=com_phpshop;2,01E+13;skip;0;;;
http://www.press.sk:80/?page=shop.browse&root=10&category_id=112&option=com_phpshop;https://web.archive.org/web/20081012224854/http://www.press.sk:80/?page=shop.browse&root=10&category_id=112&option=com_phpshop;2,01E+13;skip;0;;;
http://www.press.sk:80/?page=shop.flypage&product_id=2333&category_id=113&option=com_phpshop;https://web.archive.org/web/20071028143119/http://www.press.sk:80/?page=shop.flypage&product_id=2333&category_id=113&option=com_phpshop;2,01E+13;skip;0;;;
http://www.press.sk:80/?page=shop.flypage&product_id=2333&category_id=113&option=com_phpshop;https://web.archive.org/web/20080501153656/http://www.press.sk:80/?page=shop.flypage&product_id=2333&category_id=113&option=com_phpshop;2,01E+13;skip;0;;;
http://www.press.sk:80/?page=shop.flypage&product_id=2334&category_id=113&option=com_phpshop;https://web.archive.org/web/20071028143124/http://www.press.sk:80/?page=shop.flypage&product_id=2334&category_id=113&option=com_phpshop;2,01E+13;skip;0;;;
http://www.press.sk:80/?page=shop.flypage&product_id=2334&category_id=113&option=com_phpshop;https://web.archive.org/web/20080501153701/http://www.press.sk:80/?page=shop.flypage&product_id=2334&category_id=113&option=com_phpshop;2,01E+13;skip;0;;;
http://www.press.sk:80/?page=shop.flypage&product_id=3767&category_id=113&option=com_phpshop;https://web.archive.org/web/20080501153707/http://www.press.sk:80/?page=shop.flypage&product_id=3767&category_id=113&option=com_phpshop;2,01E+13;skip;0;;;
http://www.press.sk:80/?page=shop.flypage&product_id=3887&category_id=113&option=com_phpshop;https://web.archive.org/web/20080501153711/http://www.press.sk:80/?page=shop.flypage&product_id=3887&category_id=113&option=com_phpshop;2,01E+13;skip;0;;;
http://www.press.sk:80/?page=shop.flypage&product_id=3888&category_id=113&option=com_phpshop;https://web.archive.org/web/20080501153716/http://www.press.sk:80/?page=shop.flypage&product_id=3888&category_id=113&option=com_phpshop;2,01E+13;skip;0;;;
http://www.press.sk:80/?page=shop.flypage&product_id=3889&category_id=113&option=com_phpshop;https://web.archive.org/web/20080501153721/http://www.press.sk:80/?page=shop.flypage&product_id=3889&category_id=113&option=com_phpshop;2,01E+13;skip;0;;;
http://www.press.sk:80/?page=shop.flypage&product_id=3890&category_id=113&option=com_phpshop;https://web.archive.org/web/20080501153729/http://www.press.sk:80/?page=shop.flypage&product_id=3890&category_id=113&option=com_phpshop;2,01E+13;skip;0;;;
http://www.press.sk:80/?page=shop.flypage&product_id=3892&category_id=113&option=com_phpshop;https://web.archive.org/web/20080501153732/http://www.press.sk:80/?page=shop.flypage&product_id=3892&category_id=113&option=com_phpshop;2,01E+13;skip;0;;;
http://www.press.sk:80/?page=shop.flypage&product_id=3893&category_id=113&option=com_phpshop;https://web.archive.org/web/20080501153737/http://www.press.sk:80/?page=shop.flypage&product_id=3893&category_id=113&option=com_phpshop;2,01E+13;skip;0;;;
http://www.press.sk:80/?page=shop.flypage&product_id=3894&category_id=113&option=com_phpshop;https://web.archive.org/web/20080501153741/http://www.press.sk:80/?page=shop.flypage&product_id=3894&category_id=113&option=com_phpshop;2,01E+13;skip;0;;;
http://www.press.sk:80/?page=shop.flypage&product_id=3914&category_id=113&option=com_phpshop;https://web.archive.org/web/20080501153747/http://www.press.sk:80/?page=shop.flypage&product_id=3914&category_id=113&option=com_phpshop;2,01E+13;skip;0;;;
http://www.press.sk:80/?page=shop.flypage&product_id=3915&category_id=113&option=com_phpshop;https://web.archive.org/web/20080501153752/http://www.press.sk:80/?page=shop.flypage&product_id=3915&category_id=113&option=com_phpshop;2,01E+13;skip;0;;;
http://www.press.sk:80/?page=shop.flypage&product_id=3916&category_id=113&option=com_phpshop;https://web.archive.org/web/20080501153757/http://www.press.sk:80/?page=shop.flypage&product_id=3916&category_id=113&option=com_phpshop;2,01E+13;skip;0;;;
http://www.press.sk:80/?page=shop.flypage&product_id=3951&category_id=113&option=com_phpshop;https://web.archive.org/web/20080501153802/http://www.press.sk:80/?page=shop.flypage&product_id=3951&category_id=113&option=com_phpshop;2,01E+13;skip;0;;;
http://www.press.sk:80/?page=shop.flypage&product_id=3952&category_id=113&option=com_phpshop;https://web.archive.org/web/20080501153807/http://www.press.sk:80/?page=shop.flypage&product_id=3952&category_id=113&option=com_phpshop;2,01E+13;skip;0;;;
http://www.press.sk:80/?page=shop.flypage&product_id=3953&category_id=113&option=com_phpshop;https://web.archive.org/web/20080501153812/http://www.press.sk:80/?page=shop.flypage&product_id=3953&category_id=113&option=com_phpshop;2,01E+13;skip;0;;;
http://www.press.sk:80/?page=shop.flypage&product_id=3954&category_id=113&option=com_phpshop;https://web.archive.org/web/20080501153817/http://www.press.sk:80/?page=shop.flypage&product_id=3954&category_id=113&option=com_phpshop;2,01E+13;skip;0;;;
http://www.press.sk:80/?page=shop.flypage&product_id=3971&category_id=113&option=com_phpshop;https://web.archive.org/web/20080614052558/http://www.press.sk:80/?page=shop.flypage&product_id=3971&category_id=113&option=com_phpshop;2,01E+13;skip;0;;;
http://www.press.sk:80/?page=shop.flypage&product_id=3972&category_id=113&option=com_phpshop;https://web.archive.org/web/20080614052600/http://www.press.sk:80/?page=shop.flypage&product_id=3972&category_id=113&option=com_phpshop;2,01E+13;skip;0;;;
http://www.press.sk:80/?page=shop.flypage&product_id=3973&category_id=113&option=com_phpshop;https://web.archive.org/web/20080614052606/http://www.press.sk:80/?page=shop.flypage&product_id=3973&category_id=113&option=com_phpshop;2,01E+13;skip;0;;;
http://www.press.sk:80/?page=shop.flypage&product_id=956&category_id=113&option=com_phpshop;https://web.archive.org/web/20071028143129/http://www.press.sk:80/?page=shop.flypage&product_id=956&category_id=113&option=com_phpshop;2,01E+13;skip;0;;;
http://press.sk:80/?page=shop.browse&root=10&category_id=115&option=com_phpshop;https://web.archive.org/web/20071011081023/http://press.sk:80/?page=shop.browse&root=10&category_id=115&option=com_phpshop;2,01E+13;skip;0;;;
http://www.press.sk:80/?page=shop.browse&root=10&category_id=115&option=com_phpshop;https://web.archive.org/web/20071210175356/http://www.press.sk:80/?page=shop.browse&root=10&category_id=115&option=com_phpshop;2,01E+13;skip;0;;;
http://www.press.sk:80/?page=shop.browse&root=10&category_id=115&option=com_phpshop;https://web.archive.org/web/20080210061143/http://www.press.sk:80/?page=shop.browse&root=10&category_id=115&option=com_phpshop;2,01E+13;skip;0;;;
http://www.press.sk:80/?page=shop.browse&root=10&category_id=115&option=com_phpshop;https://web.archive.org/web/20080211120415/http://www.press.sk:80/?page=shop.browse&root=10&category_id=115&option=com_phpshop;2,01E+13;skip;0;;;
http://www.press.sk:80/?page=shop.browse&root=10&category_id=115&option=com_phpshop;https://web.archive.org/web/20080419115502/http://www.press.sk:80/?page=shop.browse&root=10&category_id=115&option=com_phpshop;2,01E+13;skip;0;;;
http://www.press.sk:80/?page=shop.browse&root=10&category_id=115&option=com_phpshop;https://web.archive.org/web/20080618164824/http://www.press.sk:80/?page=shop.browse&root=10&category_id=115&option=com_phpshop;2,01E+13;skip;0;;;
http://www.press.sk:80/?page=shop.browse&root=10&category_id=115&option=com_phpshop;https://web.archive.org/web/20081012224859/http://www.press.sk:80/?page=shop.browse&root=10&category_id=115&option=com_phpshop;2,01E+13;skip;0;;;
http://www.press.sk:80/?page=shop.flypage&product_id=2705&category_id=116&option=com_phpshop;https://web.archive.org/web/20070830062332/http://www.press.sk:80/?page=shop.flypage&product_id=2705&category_id=116&option=com_phpshop;2,01E+13;skip;0;;;
http://www.press.sk:80/?page=shop.flypage&product_id=2706&category_id=116&option=com_phpshop;https://web.archive.org/web/20070830014338/http://www.press.sk:80/?page=shop.flypage&product_id=2706&category_id=116&option=com_phpshop;2,01E+13;skip;0;;;
http://www.press.sk:80/?page=shop.flypage&product_id=2707&category_id=116&option=com_phpshop;https://web.archive.org/web/20070830062129/http://www.press.sk:80/?page=shop.flypage&product_id=2707&category_id=116&option=com_phpshop;2,01E+13;skip;0;;;
http://press.sk:80/?page=shop.browse&root=1&category_id=120&option=com_phpshop;https://web.archive.org/web/20071011085451/http://press.sk:80/?page=shop.browse&root=1&category_id=120&option=com_phpshop;2,01E+13;skip;0;;;
http://www.press.sk:80/?page=shop.browse&root=1&category_id=120&option=com_phpshop;https://web.archive.org/web/20071211063402/http://www.press.sk:80/?page=shop.browse&root=1&category_id=120&option=com_phpshop;2,01E+13;skip;0;;;
http://www.press.sk:80/?page=shop.browse&root=1&category_id=120&option=com_phpshop;https://web.archive.org/web/20080209171610/http://www.press.sk:80/?page=shop.browse&root=1&category_id=120&option=com_phpshop;2,01E+13;skip;0;;;
http://www.press.sk:80/?page=shop.browse&root=1&category_id=120&option=com_phpshop;https://web.archive.org/web/20080410091420/http://www.press.sk:80/?page=shop.browse&root=1&category_id=120&option=com_phpshop;2,01E+13;skip;0;;;
http://www.press.sk:80/?page=shop.browse&root=1&category_id=120&option=com_phpshop;https://web.archive.org/web/20080609165311/http://www.press.sk:80/?page=shop.browse&root=1&category_id=120&option=com_phpshop;2,01E+13;skip;0;;;
http://press.sk:80/?page=shop.browse&root=10&category_id=121&option=com_phpshop;https://web.archive.org/web/20071011081326/http://press.sk:80/?page=shop.browse&root=10&category_id=121&option=com_phpshop;2,01E+13;skip;0;;;
http://www.press.sk:80/?page=shop.browse&root=10&category_id=121&option=com_phpshop;https://web.archive.org/web/20071210175402/http://www.press.sk:80/?page=shop.browse&root=10&category_id=121&option=com_phpshop;2,01E+13;skip;0;;;
http://www.press.sk:80/?page=shop.browse&root=10&category_id=121&option=com_phpshop;https://web.archive.org/web/20080210060602/http://www.press.sk:80/?page=shop.browse&root=10&category_id=121&option=com_phpshop;2,01E+13;skip;0;;;
http://www.press.sk:80/?page=shop.browse&root=10&category_id=121&option=com_phpshop;https://web.archive.org/web/20080211120421/http://www.press.sk:80/?page=shop.browse&root=10&category_id=121&option=com_phpshop;2,01E+13;skip;0;;;
http://www.press.sk:80/?page=shop.browse&root=10&category_id=121&option=com_phpshop;https://web.archive.org/web/20080419115107/http://www.press.sk:80/?page=shop.browse&root=10&category_id=121&option=com_phpshop;2,01E+13;skip;0;;;
http://www.press.sk:80/?page=shop.browse&root=10&category_id=121&option=com_phpshop;https://web.archive.org/web/20080618164828/http://www.press.sk:80/?page=shop.browse&root=10&category_id=121&option=com_phpshop;2,01E+13;skip;0;;;
http://www.press.sk:80/?page=shop.browse&root=10&category_id=121&option=com_phpshop;https://web.archive.org/web/20081012224904/http://www.press.sk:80/?page=shop.browse&root=10&category_id=121&option=com_phpshop;2,01E+13;skip;0;;;
http://www.press.sk:80/?page=shop.browse&offset=20&category_id=122&keyword=&manufacturer_id=&option=com_phpshop;https://web.archive.org/web/20071226103130/http://www.press.sk:80/?page=shop.browse&offset=20&category_id=122&keyword=&manufacturer_id=&option=com_phpshop;2,01E+13;skip;0;;;
http://www.press.sk:80/?page=shop.flypage&product_id=3410&category_id=122&option=com_phpshop;https://web.archive.org/web/20071226052056/http://www.press.sk:80/?page=shop.flypage&product_id=3410&category_id=122&option=com_phpshop;2,01E+13;skip;0;;;
http://www.press.sk:80/?page=shop.flypage&product_id=3413&category_id=122&option=com_phpshop;https://web.archive.org/web/20071226052102/http://www.press.sk:80/?page=shop.flypage&product_id=3413&category_id=122&option=com_phpshop;2,01E+13;skip;0;;;
http://www.press.sk:80/?page=shop.flypage&product_id=3416&category_id=122&option=com_phpshop;https://web.archive.org/web/20071226052106/http://www.press.sk:80/?page=shop.flypage&product_id=3416&category_id=122&option=com_phpshop;2,01E+13;skip;0;;;
http://www.press.sk:80/?page=shop.flypage&product_id=3460&category_id=122&option=com_phpshop;https://web.archive.org/web/20071226052111/http://www.press.sk:80/?page=shop.flypage&product_id=3460&category_id=122&option=com_phpshop;2,01E+13;skip;0;;;
http://www.press.sk:80/?page=shop.flypage&product_id=3461&category_id=122&option=com_phpshop;https://web.archive.org/web/20071226052116/http://www.press.sk:80/?page=shop.flypage&product_id=3461&category_id=122&option=com_phpshop;2,01E+13;skip;0;;;
http://www.press.sk:80/?page=shop.flypage&product_id=3468&category_id=122&option=com_phpshop;https://web.archive.org/web/20071226052121/http://www.press.sk:80/?page=shop.flypage&product_id=3468&category_id=122&option=com_phpshop;2,01E+13;skip;0;;;
http://www.press.sk:80/?page=shop.flypage&product_id=3469&category_id=122&option=com_phpshop;https://web.archive.org/web/20071226052126/http://www.press.sk:80/?page=shop.flypage&product_id=3469&category_id=122&option=com_phpshop;2,01E+13;skip;0;;;
http://www.press.sk:80/?page=shop.flypage&product_id=3471&category_id=122&option=com_phpshop;https://web.archive.org/web/20071226052131/http://www.press.sk:80/?page=shop.flypage&product_id=3471&category_id=122&option=com_phpshop;2,01E+13;skip;0;;;
http://www.press.sk:80/?page=shop.flypage&product_id=3472&category_id=122&option=com_phpshop;https://web.archive.org/web/20071226052140/http://www.press.sk:80/?page=shop.flypage&product_id=3472&category_id=122&option=com_phpshop;2,01E+13;skip;0;;;
http://www.press.sk:80/?page=shop.flypage&product_id=3475&category_id=122&option=com_phpshop;https://web.archive.org/web/20071226052145/http://www.press.sk:80/?page=shop.flypage&product_id=3475&category_id=122&option=com_phpshop;2,01E+13;skip;0;;;
http://www.press.sk:80/?page=shop.flypage&product_id=3476&category_id=122&option=com_phpshop;https://web.archive.org/web/20071226052150/http://www.press.sk:80/?page=shop.flypage&product_id=3476&category_id=122&option=com_phpshop;2,01E+13;skip;0;;;
http://www.press.sk:80/?page=shop.flypage&product_id=3487&category_id=122&option=com_phpshop;https://web.archive.org/web/20071226052155/http://www.press.sk:80/?page=shop.flypage&product_id=3487&category_id=122&option=com_phpshop;2,01E+13;skip;0;;;
http://www.press.sk:80/?page=shop.flypage&product_id=3488&category_id=122&option=com_phpshop;https://web.archive.org/web/20071226052200/http://www.press.sk:80/?page=shop.flypage&product_id=3488&category_id=122&option=com_phpshop;2,01E+13;skip;0;;;
http://www.press.sk:80/?page=shop.flypage&product_id=3493&category_id=122&option=com_phpshop;https://web.archive.org/web/20071226052205/http://www.press.sk:80/?page=shop.flypage&product_id=3493&category_id=122&option=com_phpshop;2,01E+13;skip;0;;;
http://www.press.sk:80/?page=shop.flypage&product_id=3497&category_id=122&option=com_phpshop;https://web.archive.org/web/20071226052210/http://www.press.sk:80/?page=shop.flypage&product_id=3497&category_id=122&option=com_phpshop;2,01E+13;skip;0;;;
http://www.press.sk:80/?page=shop.flypage&product_id=3500&category_id=122&option=com_phpshop;https://web.archive.org/web/20071226052215/http://www.press.sk:80/?page=shop.flypage&product_id=3500&category_id=122&option=com_phpshop;2,01E+13;skip;0;;;
http://www.press.sk:80/?page=shop.flypage&product_id=3503&category_id=122&option=com_phpshop;https://web.archive.org/web/20071226052220/http://www.press.sk:80/?page=shop.flypage&product_id=3503&category_id=122&option=com_phpshop;2,01E+13;skip;0;;;
http://www.press.sk:80/?page=shop.flypage&product_id=3506&category_id=122&option=com_phpshop;https://web.archive.org/web/20071226052225/http://www.press.sk:80/?page=shop.flypage&product_id=3506&category_id=122&option=com_phpshop;2,01E+13;skip;0;;;
http://www.press.sk:80/?page=shop.flypage&product_id=3682&category_id=122&option=com_phpshop;https://web.archive.org/web/20071226052242/http://www.press.sk:80/?page=shop.flypage&product_id=3682&category_id=122&option=com_phpshop;2,01E+13;skip;0;;;
http://www.press.sk:80/?page=shop.flypage&product_id=3724&category_id=122&option=com_phpshop;https://web.archive.org/web/20071226052256/http://www.press.sk:80/?page=shop.flypage&product_id=3724&category_id=122&option=com_phpshop;2,01E+13;skip;0;;;
http://www.press.sk:80/?page=shop.browse&root=1&category_id=20&option=com_phpshop;https://web.archive.org/web/20051029062153/http://www.press.sk:80/?page=shop.browse&root=1&category_id=20&option=com_phpshop;2,01E+13;skip;0;;;
http://press.sk:80/?page=shop.browse&root=1&category_id=20&option=com_phpshop;https://web.archive.org/web/20071011084615/http://press.sk:80/?page=shop.browse&root=1&category_id=20&option=com_phpshop;2,01E+13;skip;0;;;
http://www.press.sk:80/?page=shop.browse&root=1&category_id=20&option=com_phpshop;https://web.archive.org/web/20071211065227/http://www.press.sk:80/?page=shop.browse&root=1&category_id=20&option=com_phpshop;2,01E+13;skip;0;;;
http://www.press.sk:80/?page=shop.browse&root=1&category_id=20&option=com_phpshop;https://web.archive.org/web/20080209171622/http://www.press.sk:80/?page=shop.browse&root=1&category_id=20&option=com_phpshop;2,01E+13;skip;0;;;
http://www.press.sk:80/?page=shop.browse&root=1&category_id=20&option=com_phpshop;https://web.archive.org/web/20080410091424/http://www.press.sk:80/?page=shop.browse&root=1&category_id=20&option=com_phpshop;2,01E+13;skip;0;;;
http://www.press.sk:80/?page=shop.browse&root=1&category_id=20&option=com_phpshop;https://web.archive.org/web/20080609165317/http://www.press.sk:80/?page=shop.browse&root=1&category_id=20&option=com_phpshop;2,01E+13;skip;0;;;
http://www.press.sk:80/?page=shop.browse&root=1&category_id=29&option=com_phpshop;https://web.archive.org/web/20051029062233/http://www.press.sk:80/?page=shop.browse&root=1&category_id=29&option=com_phpshop;2,01E+13;skip;0;;;
http://press.sk:80/?page=shop.browse&root=1&category_id=29&option=com_phpshop;https://web.archive.org/web/20071011085854/http://press.sk:80/?page=shop.browse&root=1&category_id=29&option=com_phpshop;2,01E+13;skip;0;;;
http://www.press.sk:80/?page=shop.browse&root=1&category_id=29&option=com_phpshop;https://web.archive.org/web/20071211063407/http://www.press.sk:80/?page=shop.browse&root=1&category_id=29&option=com_phpshop;2,01E+13;skip;0;;;
http://www.press.sk:80/?page=shop.browse&root=1&category_id=29&option=com_phpshop;https://web.archive.org/web/20080209171625/http://www.press.sk:80/?page=shop.browse&root=1&category_id=29&option=com_phpshop;2,01E+13;skip;0;;;
http://www.press.sk:80/?page=shop.browse&root=1&category_id=29&option=com_phpshop;https://web.archive.org/web/20080410091429/http://www.press.sk:80/?page=shop.browse&root=1&category_id=29&option=com_phpshop;2,01E+13;skip;0;;;
http://www.press.sk:80/?page=shop.browse&root=1&category_id=29&option=com_phpshop;https://web.archive.org/web/20080609165322/http://www.press.sk:80/?page=shop.browse&root=1&category_id=29&option=com_phpshop;2,01E+13;skip;0;;;
http://www.press.sk:80/?page=shop.browse&root=1&category_id=3&option=com_phpshop;https://web.archive.org/web/20051029055750/http://www.press.sk:80/?page=shop.browse&root=1&category_id=3&option=com_phpshop;2,01E+13;skip;0;;;
http://press.sk:80/?page=shop.browse&root=1&category_id=3&option=com_phpshop;https://web.archive.org/web/20071011085330/http://press.sk:80/?page=shop.browse&root=1&category_id=3&option=com_phpshop;2,01E+13;skip;0;;;
http://www.press.sk:80/?page=shop.browse&root=1&category_id=3&option=com_phpshop;https://web.archive.org/web/20071211065232/http://www.press.sk:80/?page=shop.browse&root=1&category_id=3&option=com_phpshop;2,01E+13;skip;0;;;
http://www.press.sk:80/?page=shop.browse&root=1&category_id=3&option=com_phpshop;https://web.archive.org/web/20080209171630/http://www.press.sk:80/?page=shop.browse&root=1&category_id=3&option=com_phpshop;2,01E+13;skip;0;;;
http://www.press.sk:80/?page=shop.browse&root=1&category_id=3&option=com_phpshop;https://web.archive.org/web/20080410091435/http://www.press.sk:80/?page=shop.browse&root=1&category_id=3&option=com_phpshop;2,01E+13;skip;0;;;
http://www.press.sk:80/?page=shop.browse&root=1&category_id=3&option=com_phpshop;https://web.archive.org/web/20080609165328/http://www.press.sk:80/?page=shop.browse&root=1&category_id=3&option=com_phpshop;2,01E+13;skip;0;;;
http://www.press.sk:80/?page=shop.flypage&product_id=2331&category_id=35&option=com_phpshop;https://web.archive.org/web/20071225044035/http://www.press.sk:80/?page=shop.flypage&product_id=2331&category_id=35&option=com_phpshop;2,01E+13;skip;0;;;
http://www.press.sk:80/?page=shop.flypage&product_id=3355&category_id=35&option=com_phpshop;https://web.archive.org/web/20070830014304/http://www.press.sk:80/?page=shop.flypage&product_id=3355&category_id=35&option=com_phpshop;2,01E+13;skip;0;;;
http://www.press.sk:80/?page=shop.flypage&product_id=3355&category_id=35&option=com_phpshop;https://web.archive.org/web/20071225044039/http://www.press.sk:80/?page=shop.flypage&product_id=3355&category_id=35&option=com_phpshop;2,01E+13;skip;0;;;
http://www.press.sk:80/?page=shop.flypage&product_id=3356&category_id=35&option=com_phpshop;https://web.archive.org/web/20071225044044/http://www.press.sk:80/?page=shop.flypage&product_id=3356&category_id=35&option=com_phpshop;2,01E+13;skip;0;;;
http://www.press.sk:80/?page=shop.flypage&product_id=3357&category_id=35&option=com_phpshop;https://web.archive.org/web/20071225044051/http://www.press.sk:80/?page=shop.flypage&product_id=3357&category_id=35&option=com_phpshop;2,01E+13;skip;0;;;
http://www.press.sk:80/?page=shop.flypage&product_id=3401&category_id=35&option=com_phpshop;https://web.archive.org/web/20070830062429/http://www.press.sk:80/?page=shop.flypage&product_id=3401&category_id=35&option=com_phpshop;2,01E+13;skip;0;;;
http://www.press.sk:80/?page=shop.flypage&product_id=3401&category_id=35&option=com_phpshop;https://web.archive.org/web/20071225044056/http://www.press.sk:80/?page=shop.flypage&product_id=3401&category_id=35&option=com_phpshop;2,01E+13;skip;0;;;
http://www.press.sk:80/?page=shop.flypage&product_id=3758&category_id=35&option=com_phpshop;https://web.archive.org/web/20071225044101/http://www.press.sk:80/?page=shop.flypage&product_id=3758&category_id=35&option=com_phpshop;2,01E+13;skip;0;;;
http://www.press.sk:80/?page=shop.browse&root=1&category_id=4&option=com_phpshop;https://web.archive.org/web/20051029055830/http://www.press.sk:80/?page=shop.browse&root=1&category_id=4&option=com_phpshop;2,01E+13;skip;0;;;
http://www.press.sk:80/?page=shop.browse&root=1&category_id=4&option=com_phpshop;https://web.archive.org/web/20071211063740/http://www.press.sk:80/?page=shop.browse&root=1&category_id=4&option=com_phpshop;2,01E+13;skip;0;;;
http://www.press.sk:80/?page=shop.browse&root=1&category_id=4&option=com_phpshop;https://web.archive.org/web/20080209171634/http://www.press.sk:80/?page=shop.browse&root=1&category_id=4&option=com_phpshop;2,01E+13;skip;0;;;
http://www.press.sk:80/?page=shop.browse&root=1&category_id=4&option=com_phpshop;https://web.archive.org/web/20080410091440/http://www.press.sk:80/?page=shop.browse&root=1&category_id=4&option=com_phpshop;2,01E+13;skip;0;;;
http://www.press.sk:80/?page=shop.browse&root=1&category_id=4&option=com_phpshop;https://web.archive.org/web/20080609165333/http://www.press.sk:80/?page=shop.browse&root=1&category_id=4&option=com_phpshop;2,01E+13;skip;0;;;
http://www.press.sk:80/?page=shop.browse&root=1&category_id=5&option=com_phpshop;https://web.archive.org/web/20051029055855/http://www.press.sk:80/?page=shop.browse&root=1&category_id=5&option=com_phpshop;2,01E+13;skip;0;;;
http://press.sk:80/?page=shop.browse&root=1&category_id=5&option=com_phpshop;https://web.archive.org/web/20071011085456/http://press.sk:80/?page=shop.browse&root=1&category_id=5&option=com_phpshop;2,01E+13;skip;0;;;
http://www.press.sk:80/?page=shop.browse&root=1&category_id=5&option=com_phpshop;https://web.archive.org/web/20071211065237/http://www.press.sk:80/?page=shop.browse&root=1&category_id=5&option=com_phpshop;2,01E+13;skip;0;;;
http://www.press.sk:80/?page=shop.browse&root=1&category_id=5&option=com_phpshop;https://web.archive.org/web/20080209171640/http://www.press.sk:80/?page=shop.browse&root=1&category_id=5&option=com_phpshop;2,01E+13;skip;0;;;
http://www.press.sk:80/?page=shop.browse&root=1&category_id=5&option=com_phpshop;https://web.archive.org/web/20080410091446/http://www.press.sk:80/?page=shop.browse&root=1&category_id=5&option=com_phpshop;2,01E+13;skip;0;;;
http://www.press.sk:80/?page=shop.browse&root=1&category_id=5&option=com_phpshop;https://web.archive.org/web/20080609170356/http://www.press.sk:80/?page=shop.browse&root=1&category_id=5&option=com_phpshop;2,01E+13;skip;0;;;
http://www.press.sk:80/?page=shop.browse&offset=20&category_id=51&keyword=&manufacturer_id=&option=com_phpshop;https://web.archive.org/web/20080111165125/http://www.press.sk:80/?page=shop.browse&offset=20&category_id=51&keyword=&manufacturer_id=&option=com_phpshop;2,01E+13;skip;0;;;
http://www.press.sk:80/?page=shop.browse&offset=20&category_id=51&keyword=&manufacturer_id=&option=com_phpshop;https://web.archive.org/web/20080602113211/http://www.press.sk:80/?page=shop.browse&offset=20&category_id=51&keyword=&manufacturer_id=&option=com_phpshop;2,01E+13;skip;0;;;
http://www.press.sk:80/?page=shop.browse&root=10&category_id=51&option=com_phpshop;https://web.archive.org/web/20080210060607/http://www.press.sk:80/?page=shop.browse&root=10&category_id=51&option=com_phpshop;2,01E+13;skip;0;;;
http://www.press.sk:80/?page=shop.browse&root=10&category_id=51&option=com_phpshop;https://web.archive.org/web/20080211120427/http://www.press.sk:80/?page=shop.browse&root=10&category_id=51&option=com_phpshop;2,01E+13;skip;0;;;
http://www.press.sk:80/?page=shop.browse&root=10&category_id=51&option=com_phpshop;https://web.archive.org/web/20080419131043/http://www.press.sk:80/?page=shop.browse&root=10&category_id=51&option=com_phpshop;2,01E+13;skip;0;;;
http://www.press.sk:80/?page=shop.browse&root=10&category_id=51&option=com_phpshop;https://web.archive.org/web/20080618164834/http://www.press.sk:80/?page=shop.browse&root=10&category_id=51&option=com_phpshop;2,01E+13;skip;0;;;
http://www.press.sk:80/?page=shop.browse&root=10&category_id=51&option=com_phpshop;https://web.archive.org/web/20081012224909/http://www.press.sk:80/?page=shop.browse&root=10&category_id=51&option=com_phpshop;2,01E+13;skip;0;;;
http://press.sk:80/?page=shop.flypage&product_id=2759&category_id=51&option=com_phpshop;https://web.archive.org/web/20071011090032/http://press.sk:80/?page=shop.flypage&product_id=2759&category_id=51&option=com_phpshop;2,01E+13;skip;0;;;
http://www.press.sk:80/?page=shop.flypage&product_id=2759&category_id=51&option=com_phpshop;https://web.archive.org/web/20080111131741/http://www.press.sk:80/?page=shop.flypage&product_id=2759&category_id=51&option=com_phpshop;2,01E+13;skip;0;;;
http://www.press.sk:80/?page=shop.flypage&product_id=2759&category_id=51&option=com_phpshop;https://web.archive.org/web/20080602111604/http://www.press.sk:80/?page=shop.flypage&product_id=2759&category_id=51&option=com_phpshop;2,01E+13;skip;0;;;
http://press.sk:80/?page=shop.flypage&product_id=2761&category_id=51&option=com_phpshop;https://web.archive.org/web/20071011080426/http://press.sk:80/?page=shop.flypage&product_id=2761&category_id=51&option=com_phpshop;2,01E+13;skip;0;;;
http://www.press.sk:80/?page=shop.flypage&product_id=2761&category_id=51&option=com_phpshop;https://web.archive.org/web/20080111131745/http://www.press.sk:80/?page=shop.flypage&product_id=2761&category_id=51&option=com_phpshop;2,01E+13;skip;0;;;
http://www.press.sk:80/?page=shop.flypage&product_id=2761&category_id=51&option=com_phpshop;https://web.archive.org/web/20080602111607/http://www.press.sk:80/?page=shop.flypage&product_id=2761&category_id=51&option=com_phpshop;2,01E+13;skip;0;;;
http://www.press.sk:80/?page=shop.flypage&product_id=2763&category_id=51&option=com_phpshop;https://web.archive.org/web/20080111131753/http://www.press.sk:80/?page=shop.flypage&product_id=2763&category_id=51&option=com_phpshop;2,01E+13;skip;0;;;
http://www.press.sk:80/?page=shop.flypage&product_id=2763&category_id=51&option=com_phpshop;https://web.archive.org/web/20080602111617/http://www.press.sk:80/?page=shop.flypage&product_id=2763&category_id=51&option=com_phpshop;2,01E+13;skip;0;;;
http://press.sk:80/?page=shop.flypage&product_id=2764&category_id=51&option=com_phpshop;https://web.archive.org/web/20071011083652/http://press.sk:80/?page=shop.flypage&product_id=2764&category_id=51&option=com_phpshop;2,01E+13;skip;0;;;
http://www.press.sk:80/?page=shop.flypage&product_id=2764&category_id=51&option=com_phpshop;https://web.archive.org/web/20080111131800/http://www.press.sk:80/?page=shop.flypage&product_id=2764&category_id=51&option=com_phpshop;2,01E+13;skip;0;;;
http://www.press.sk:80/?page=shop.flypage&product_id=2764&category_id=51&option=com_phpshop;https://web.archive.org/web/20080602111620/http://www.press.sk:80/?page=shop.flypage&product_id=2764&category_id=51&option=com_phpshop;2,01E+13;skip;0;;;
http://press.sk:80/?page=shop.flypage&product_id=2777&category_id=51&option=com_phpshop;https://web.archive.org/web/20071011085507/http://press.sk:80/?page=shop.flypage&product_id=2777&category_id=51&option=com_phpshop;2,01E+13;skip;0;;;
http://www.press.sk:80/?page=shop.flypage&product_id=2777&category_id=51&option=com_phpshop;https://web.archive.org/web/20080111131806/http://www.press.sk:80/?page=shop.flypage&product_id=2777&category_id=51&option=com_phpshop;2,01E+13;skip;0;;;
http://www.press.sk:80/?page=shop.flypage&product_id=2777&category_id=51&option=com_phpshop;https://web.archive.org/web/20080602111623/http://www.press.sk:80/?page=shop.flypage&product_id=2777&category_id=51&option=com_phpshop;2,01E+13;skip;0;;;
http://press.sk:80/?page=shop.flypage&product_id=2778&category_id=51&option=com_phpshop;https://web.archive.org/web/20071011084621/http://press.sk:80/?page=shop.flypage&product_id=2778&category_id=51&option=com_phpshop;2,01E+13;skip;0;;;
http://www.press.sk:80/?page=shop.flypage&product_id=3200&category_id=51&option=com_phpshop;https://web.archive.org/web/20080111131808/http://www.press.sk:80/?page=shop.flypage&product_id=3200&category_id=51&option=com_phpshop;2,01E+13;skip;0;;;
http://www.press.sk:80/?page=shop.flypage&product_id=3200&category_id=51&option=com_phpshop;https://web.archive.org/web/20080602111629/http://www.press.sk:80/?page=shop.flypage&product_id=3200&category_id=51&option=com_phpshop;2,01E+13;skip;0;;;
http://press.sk:80/?page=shop.flypage&product_id=3236&category_id=51&option=com_phpshop;https://web.archive.org/web/20071011085859/http://press.sk:80/?page=shop.flypage&product_id=3236&category_id=51&option=com_phpshop;2,01E+13;skip;0;;;
http://www.press.sk:80/?page=shop.flypage&product_id=3236&category_id=51&option=com_phpshop;https://web.archive.org/web/20080111131815/http://www.press.sk:80/?page=shop.flypage&product_id=3236&category_id=51&option=com_phpshop;2,01E+13;skip;0;;;
http://www.press.sk:80/?page=shop.flypage&product_id=3236&category_id=51&option=com_phpshop;https://web.archive.org/web/20080602111635/http://www.press.sk:80/?page=shop.flypage&product_id=3236&category_id=51&option=com_phpshop;2,01E+13;skip;0;;;
http://press.sk:80/?page=shop.flypage&product_id=3335&category_id=51&option=com_phpshop;https://web.archive.org/web/20071011085513/http://press.sk:80/?page=shop.flypage&product_id=3335&category_id=51&option=com_phpshop;2,01E+13;skip;0;;;
http://www.press.sk:80/?page=shop.flypage&product_id=3335&category_id=51&option=com_phpshop;https://web.archive.org/web/20080111131820/http://www.press.sk:80/?page=shop.flypage&product_id=3335&category_id=51&option=com_phpshop;2,01E+13;skip;0;;;
http://www.press.sk:80/?page=shop.flypage&product_id=3335&category_id=51&option=com_phpshop;https://web.archive.org/web/20080602111640/http://www.press.sk:80/?page=shop.flypage&product_id=3335&category_id=51&option=com_phpshop;2,01E+13;skip;0;;;
http://press.sk:80/?page=shop.flypage&product_id=3341&category_id=51&option=com_phpshop;https://web.archive.org/web/20071011081642/http://press.sk:80/?page=shop.flypage&product_id=3341&category_id=51&option=com_phpshop;2,01E+13;skip;0;;;
http://www.press.sk:80/?page=shop.flypage&product_id=3341&category_id=51&option=com_phpshop;https://web.archive.org/web/20080111131823/http://www.press.sk:80/?page=shop.flypage&product_id=3341&category_id=51&option=com_phpshop;2,01E+13;skip;0;;;
http://www.press.sk:80/?page=shop.flypage&product_id=3341&category_id=51&option=com_phpshop;https://web.archive.org/web/20080602111647/http://www.press.sk:80/?page=shop.flypage&product_id=3341&category_id=51&option=com_phpshop;2,01E+13;skip;0;;;
http://press.sk:80/?page=shop.flypage&product_id=3404&category_id=51&option=com_phpshop;https://web.archive.org/web/20071011084625/http://press.sk:80/?page=shop.flypage&product_id=3404&category_id=51&option=com_phpshop;2,01E+13;skip;0;;;
http://www.press.sk:80/?page=shop.flypage&product_id=3404&category_id=51&option=com_phpshop;https://web.archive.org/web/20080111131829/http://www.press.sk:80/?page=shop.flypage&product_id=3404&category_id=51&option=com_phpshop;2,01E+13;skip;0;;;
http://www.press.sk:80/?page=shop.flypage&product_id=3404&category_id=51&option=com_phpshop;https://web.archive.org/web/20080602111650/http://www.press.sk:80/?page=shop.flypage&product_id=3404&category_id=51&option=com_phpshop;2,01E+13;skip;0;;;
http://press.sk:80/?page=shop.flypage&product_id=3405&category_id=51&option=com_phpshop;https://web.archive.org/web/20071011083659/http://press.sk:80/?page=shop.flypage&product_id=3405&category_id=51&option=com_phpshop;2,01E+13;skip;0;;;
http://www.press.sk:80/?page=shop.flypage&product_id=3405&category_id=51&option=com_phpshop;https://web.archive.org/web/20080111131834/http://www.press.sk:80/?page=shop.flypage&product_id=3405&category_id=51&option=com_phpshop;2,01E+13;skip;0;;;
http://www.press.sk:80/?page=shop.flypage&product_id=3405&category_id=51&option=com_phpshop;https://web.archive.org/web/20080602111656/http://www.press.sk:80/?page=shop.flypage&product_id=3405&category_id=51&option=com_phpshop;2,01E+13;skip;0;;;
http://press.sk:80/?page=shop.flypage&product_id=3406&category_id=51&option=com_phpshop;https://web.archive.org/web/20071011081029/http://press.sk:80/?page=shop.flypage&product_id=3406&category_id=51&option=com_phpshop;2,01E+13;skip;0;;;
http://www.press.sk:80/?page=shop.flypage&product_id=3406&category_id=51&option=com_phpshop;https://web.archive.org/web/20080111132043/http://www.press.sk:80/?page=shop.flypage&product_id=3406&category_id=51&option=com_phpshop;2,01E+13;skip;0;;;
http://www.press.sk:80/?page=shop.flypage&product_id=3406&category_id=51&option=com_phpshop;https://web.archive.org/web/20080602111700/http://www.press.sk:80/?page=shop.flypage&product_id=3406&category_id=51&option=com_phpshop;2,01E+13;skip;0;;;
http://press.sk:80/?page=shop.flypage&product_id=3412&category_id=51&option=com_phpshop;https://web.archive.org/web/20071011090037/http://press.sk:80/?page=shop.flypage&product_id=3412&category_id=51&option=com_phpshop;2,01E+13;skip;0;;;
http://www.press.sk:80/?page=shop.flypage&product_id=3412&category_id=51&option=com_phpshop;https://web.archive.org/web/20080111132048/http://www.press.sk:80/?page=shop.flypage&product_id=3412&category_id=51&option=com_phpshop;2,01E+13;skip;0;;;
http://www.press.sk:80/?page=shop.flypage&product_id=3412&category_id=51&option=com_phpshop;https://web.archive.org/web/20080602111707/http://www.press.sk:80/?page=shop.flypage&product_id=3412&category_id=51&option=com_phpshop;2,01E+13;skip;0;;;
http://press.sk:80/?page=shop.flypage&product_id=3413&category_id=51&option=com_phpshop;https://web.archive.org/web/20071011083052/http://press.sk:80/?page=shop.flypage&product_id=3413&category_id=51&option=com_phpshop;2,01E+13;skip;0;;;
http://www.press.sk:80/?page=shop.flypage&product_id=3413&category_id=51&option=com_phpshop;https://web.archive.org/web/20080111132053/http://www.press.sk:80/?page=shop.flypage&product_id=3413&category_id=51&option=com_phpshop;2,01E+13;skip;0;;;
http://www.press.sk:80/?page=shop.flypage&product_id=3413&category_id=51&option=com_phpshop;https://web.archive.org/web/20080602111713/http://www.press.sk:80/?page=shop.flypage&product_id=3413&category_id=51&option=com_phpshop;2,01E+13;skip;0;;;
http://press.sk:80/?page=shop.flypage&product_id=3414&category_id=51&option=com_phpshop;https://web.archive.org/web/20071011083205/http://press.sk:80/?page=shop.flypage&product_id=3414&category_id=51&option=com_phpshop;2,01E+13;skip;0;;;
http://www.press.sk:80/?page=shop.flypage&product_id=3414&category_id=51&option=com_phpshop;https://web.archive.org/web/20080111132058/http://www.press.sk:80/?page=shop.flypage&product_id=3414&category_id=51&option=com_phpshop;2,01E+13;skip;0;;;
http://www.press.sk:80/?page=shop.flypage&product_id=3414&category_id=51&option=com_phpshop;https://web.archive.org/web/20080602111718/http://www.press.sk:80/?page=shop.flypage&product_id=3414&category_id=51&option=com_phpshop;2,01E+13;skip;0;;;
http://www.press.sk:80/?page=shop.flypage&product_id=3415&category_id=51&option=com_phpshop;https://web.archive.org/web/20080111132103/http://www.press.sk:80/?page=shop.flypage&product_id=3415&category_id=51&option=com_phpshop;2,01E+13;skip;0;;;
http://www.press.sk:80/?page=shop.flypage&product_id=3415&category_id=51&option=com_phpshop;https://web.archive.org/web/20080602111723/http://www.press.sk:80/?page=shop.flypage&product_id=3415&category_id=51&option=com_phpshop;2,01E+13;skip;0;;;
http://press.sk:80/?page=shop.flypage&product_id=3416&category_id=51&option=com_phpshop;https://web.archive.org/web/20071011084633/http://press.sk:80/?page=shop.flypage&product_id=3416&category_id=51&option=com_phpshop;2,01E+13;skip;0;;;
http://www.press.sk:80/?page=shop.flypage&product_id=3416&category_id=51&option=com_phpshop;https://web.archive.org/web/20080111132129/http://www.press.sk:80/?page=shop.flypage&product_id=3416&category_id=51&option=com_phpshop;2,01E+13;skip;0;;;
http://press.sk:80/?page=shop.flypage&product_id=3436&category_id=51&option=com_phpshop;https://web.archive.org/web/20071011083059/http://press.sk:80/?page=shop.flypage&product_id=3436&category_id=51&option=com_phpshop;2,01E+13;skip;0;;;
http://www.press.sk:80/?page=shop.flypage&product_id=3557&category_id=51&option=com_phpshop;https://web.archive.org/web/20080111132134/http://www.press.sk:80/?page=shop.flypage&product_id=3557&category_id=51&option=com_phpshop;2,01E+13;skip;0;;;
http://www.press.sk:80/?page=shop.flypage&product_id=3557&category_id=51&option=com_phpshop;https://web.archive.org/web/20080602111727/http://www.press.sk:80/?page=shop.flypage&product_id=3557&category_id=51&option=com_phpshop;2,01E+13;skip;0;;;
http://www.press.sk:80/?page=shop.flypage&product_id=3567&category_id=51&option=com_phpshop;https://web.archive.org/web/20080111132152/http://www.press.sk:80/?page=shop.flypage&product_id=3567&category_id=51&option=com_phpshop;2,01E+13;skip;0;;;
http://www.press.sk:80/?page=shop.flypage&product_id=3567&category_id=51&option=com_phpshop;https://web.archive.org/web/20080602111733/http://www.press.sk:80/?page=shop.flypage&product_id=3567&category_id=51&option=com_phpshop;2,01E+13;skip;0;;;
http://www.press.sk:80/?page=shop.flypage&product_id=3609&category_id=51&option=com_phpshop;https://web.archive.org/web/20080111132158/http://www.press.sk:80/?page=shop.flypage&product_id=3609&category_id=51&option=com_phpshop;2,01E+13;skip;0;;;
http://www.press.sk:80/?page=shop.flypage&product_id=3609&category_id=51&option=com_phpshop;https://web.archive.org/web/20080602111738/http://www.press.sk:80/?page=shop.flypage&product_id=3609&category_id=51&option=com_phpshop;2,01E+13;skip;0;;;
http://www.press.sk:80/?page=shop.flypage&product_id=3868&category_id=51&option=com_phpshop;https://web.archive.org/web/20080602111747/http://www.press.sk:80/?page=shop.flypage&product_id=3868&category_id=51&option=com_phpshop;2,01E+13;skip;0;;;
http://press.sk:80/?page=shop.browse&root=10&category_id=58&option=com_phpshop;https://web.archive.org/web/20071011083042/http://press.sk:80/?page=shop.browse&root=10&category_id=58&option=com_phpshop;2,01E+13;skip;0;;;
http://www.press.sk:80/?page=shop.browse&root=10&category_id=58&option=com_phpshop;https://web.archive.org/web/20071210175408/http://www.press.sk:80/?page=shop.browse&root=10&category_id=58&option=com_phpshop;2,01E+13;skip;0;;;
http://www.press.sk:80/?page=shop.browse&root=10&category_id=58&option=com_phpshop;https://web.archive.org/web/20080210061148/http://www.press.sk:80/?page=shop.browse&root=10&category_id=58&option=com_phpshop;2,01E+13;skip;0;;;
http://www.press.sk:80/?page=shop.browse&root=10&category_id=58&option=com_phpshop;https://web.archive.org/web/20080211120432/http://www.press.sk:80/?page=shop.browse&root=10&category_id=58&option=com_phpshop;2,01E+13;skip;0;;;
http://www.press.sk:80/?page=shop.browse&root=10&category_id=58&option=com_phpshop;https://web.archive.org/web/20080419115113/http://www.press.sk:80/?page=shop.browse&root=10&category_id=58&option=com_phpshop;2,01E+13;skip;0;;;
http://www.press.sk:80/?page=shop.browse&root=10&category_id=58&option=com_phpshop;https://web.archive.org/web/20080618164839/http://www.press.sk:80/?page=shop.browse&root=10&category_id=58&option=com_phpshop;2,01E+13;skip;0;;;
http://www.press.sk:80/?page=shop.browse&root=10&category_id=58&option=com_phpshop;https://web.archive.org/web/20081012224914/http://www.press.sk:80/?page=shop.browse&root=10&category_id=58&option=com_phpshop;2,01E+13;skip;0;;;
http://www.press.sk:80/?page=shop.browse&offset=20&category_id=6&keyword=&manufacturer_id=&option=com_phpshop;https://web.archive.org/web/20080602060349/http://www.press.sk:80/?page=shop.browse&offset=20&category_id=6&keyword=&manufacturer_id=&option=com_phpshop;2,01E+13;skip;0;;;
http://www.press.sk:80/?page=shop.browse&root=1&category_id=6&option=com_phpshop;https://web.archive.org/web/20051029055925/http://www.press.sk:80/?page=shop.browse&root=1&category_id=6&option=com_phpshop;2,01E+13;skip;0;;;
http://press.sk:80/?page=shop.browse&root=1&category_id=6&option=com_phpshop;https://web.archive.org/web/20071011090017/http://press.sk:80/?page=shop.browse&root=1&category_id=6&option=com_phpshop;2,01E+13;skip;0;;;
http://www.press.sk:80/?page=shop.browse&root=1&category_id=6&option=com_phpshop;https://web.archive.org/web/20071211065243/http://www.press.sk:80/?page=shop.browse&root=1&category_id=6&option=com_phpshop;2,01E+13;skip;0;;;
http://www.press.sk:80/?page=shop.browse&root=1&category_id=6&option=com_phpshop;https://web.archive.org/web/20080209171645/http://www.press.sk:80/?page=shop.browse&root=1&category_id=6&option=com_phpshop;2,01E+13;skip;0;;;
http://www.press.sk:80/?page=shop.browse&root=1&category_id=6&option=com_phpshop;https://web.archive.org/web/20080410091453/http://www.press.sk:80/?page=shop.browse&root=1&category_id=6&option=com_phpshop;2,01E+13;skip;0;;;
http://www.press.sk:80/?page=shop.browse&root=1&category_id=6&option=com_phpshop;https://web.archive.org/web/20080609170404/http://www.press.sk:80/?page=shop.browse&root=1&category_id=6&option=com_phpshop;2,01E+13;skip;0;;;
http://www.press.sk:80/?page=shop.flypage&product_id=1481&category_id=6&option=com_phpshop;https://web.archive.org/web/20080602054707/http://www.press.sk:80/?page=shop.flypage&product_id=1481&category_id=6&option=com_phpshop;2,01E+13;skip;0;;;
http://www.press.sk:80/?page=shop.flypage&product_id=2000&category_id=6&option=com_phpshop;https://web.archive.org/web/20080602054712/http://www.press.sk:80/?page=shop.flypage&product_id=2000&category_id=6&option=com_phpshop;2,01E+13;skip;0;;;
http://www.press.sk:80/?page=shop.flypage&product_id=223&category_id=6&option=com_phpshop;https://web.archive.org/web/20080602054717/http://www.press.sk:80/?page=shop.flypage&product_id=223&category_id=6&option=com_phpshop;2,01E+13;skip;0;;;
http://www.press.sk:80/?page=shop.flypage&product_id=224&category_id=6&option=com_phpshop;https://web.archive.org/web/20080602054722/http://www.press.sk:80/?page=shop.flypage&product_id=224&category_id=6&option=com_phpshop;2,01E+13;skip;0;;;
http://www.press.sk:80/?page=shop.flypage&product_id=2418&category_id=6&option=com_phpshop;https://web.archive.org/web/20080602054727/http://www.press.sk:80/?page=shop.flypage&product_id=2418&category_id=6&option=com_phpshop;2,01E+13;skip;0;;;
http://www.press.sk:80/?page=shop.flypage&product_id=2771&category_id=6&option=com_phpshop;https://web.archive.org/web/20080602054732/http://www.press.sk:80/?page=shop.flypage&product_id=2771&category_id=6&option=com_phpshop;2,01E+13;skip;0;;;
http://www.press.sk:80/?page=shop.flypage&product_id=2943&category_id=6&option=com_phpshop;https://web.archive.org/web/20080602054738/http://www.press.sk:80/?page=shop.flypage&product_id=2943&category_id=6&option=com_phpshop;2,01E+13;skip;0;;;
http://www.press.sk:80/?page=shop.flypage&product_id=3603&category_id=6&option=com_phpshop;https://web.archive.org/web/20080602054744/http://www.press.sk:80/?page=shop.flypage&product_id=3603&category_id=6&option=com_phpshop;2,01E+13;skip;0;;;
http://www.press.sk:80/?page=shop.flypage&product_id=3604&category_id=6&option=com_phpshop;https://web.archive.org/web/20080602054749/http://www.press.sk:80/?page=shop.flypage&product_id=3604&category_id=6&option=com_phpshop;2,01E+13;skip;0;;;
http://www.press.sk:80/?page=shop.flypage&product_id=3606&category_id=6&option=com_phpshop;https://web.archive.org/web/20080602054754/http://www.press.sk:80/?page=shop.flypage&product_id=3606&category_id=6&option=com_phpshop;2,01E+13;skip;0;;;
http://www.press.sk:80/?page=shop.flypage&product_id=3607&category_id=6&option=com_phpshop;https://web.archive.org/web/20080602054759/http://www.press.sk:80/?page=shop.flypage&product_id=3607&category_id=6&option=com_phpshop;2,01E+13;skip;0;;;
http://www.press.sk:80/?page=shop.flypage&product_id=3608&category_id=6&option=com_phpshop;https://web.archive.org/web/20080602054804/http://www.press.sk:80/?page=shop.flypage&product_id=3608&category_id=6&option=com_phpshop;2,01E+13;skip;0;;;
http://www.press.sk:80/?page=shop.flypage&product_id=3610&category_id=6&option=com_phpshop;https://web.archive.org/web/20080602054809/http://www.press.sk:80/?page=shop.flypage&product_id=3610&category_id=6&option=com_phpshop;2,01E+13;skip;0;;;
http://www.press.sk:80/?page=shop.flypage&product_id=3611&category_id=6&option=com_phpshop;https://web.archive.org/web/20080602054815/http://www.press.sk:80/?page=shop.flypage&product_id=3611&category_id=6&option=com_phpshop;2,01E+13;skip;0;;;
http://www.press.sk:80/?page=shop.flypage&product_id=3614&category_id=6&option=com_phpshop;https://web.archive.org/web/20080602054820/http://www.press.sk:80/?page=shop.flypage&product_id=3614&category_id=6&option=com_phpshop;2,01E+13;skip;0;;;
http://www.press.sk:80/?page=shop.flypage&product_id=3615&category_id=6&option=com_phpshop;https://web.archive.org/web/20080602054826/http://www.press.sk:80/?page=shop.flypage&product_id=3615&category_id=6&option=com_phpshop;2,01E+13;skip;0;;;
http://www.press.sk:80/?page=shop.flypage&product_id=3616&category_id=6&option=com_phpshop;https://web.archive.org/web/20080602054831/http://www.press.sk:80/?page=shop.flypage&product_id=3616&category_id=6&option=com_phpshop;2,01E+13;skip;0;;;
http://www.press.sk:80/?page=shop.flypage&product_id=3618&category_id=6&option=com_phpshop;https://web.archive.org/web/20080602054836/http://www.press.sk:80/?page=shop.flypage&product_id=3618&category_id=6&option=com_phpshop;2,01E+13;skip;0;;;
http://www.press.sk:80/?page=shop.flypage&product_id=948&category_id=6&option=com_phpshop;https://web.archive.org/web/20080602054841/http://www.press.sk:80/?page=shop.flypage&product_id=948&category_id=6&option=com_phpshop;2,01E+13;skip;0;;;
http://www.press.sk:80/?page=shop.flypage&product_id=957&category_id=6&option=com_phpshop;https://web.archive.org/web/20080602054847/http://www.press.sk:80/?page=shop.flypage&product_id=957&category_id=6&option=com_phpshop;2,01E+13;skip;0;;;
http://press.sk:80/?page=shop.browse&root=10&category_id=63&option=com_phpshop;https://web.archive.org/web/20071011080421/http://press.sk:80/?page=shop.browse&root=10&category_id=63&option=com_phpshop;2,01E+13;skip;0;;;
http://www.press.sk:80/?page=shop.browse&root=10&category_id=63&option=com_phpshop;https://web.archive.org/web/20071210175415/http://www.press.sk:80/?page=shop.browse&root=10&category_id=63&option=com_phpshop;2,01E+13;skip;0;;;
http://www.press.sk:80/?page=shop.browse&root=10&category_id=63&option=com_phpshop;https://web.archive.org/web/20080210061456/http://www.press.sk:80/?page=shop.browse&root=10&category_id=63&option=com_phpshop;2,01E+13;skip;0;;;
http://www.press.sk:80/?page=shop.browse&root=10&category_id=63&option=com_phpshop;https://web.archive.org/web/20080211120437/http://www.press.sk:80/?page=shop.browse&root=10&category_id=63&option=com_phpshop;2,01E+13;skip;0;;;
http://www.press.sk:80/?page=shop.browse&root=10&category_id=63&option=com_phpshop;https://web.archive.org/web/20080419114130/http://www.press.sk:80/?page=shop.browse&root=10&category_id=63&option=com_phpshop;2,01E+13;skip;0;;;
http://www.press.sk:80/?page=shop.browse&root=10&category_id=63&option=com_phpshop;https://web.archive.org/web/20080618164845/http://www.press.sk:80/?page=shop.browse&root=10&category_id=63&option=com_phpshop;2,01E+13;skip;0;;;
http://www.press.sk:80/?page=shop.browse&root=10&category_id=63&option=com_phpshop;https://web.archive.org/web/20081012224919/http://www.press.sk:80/?page=shop.browse&root=10&category_id=63&option=com_phpshop;2,01E+13;skip;0;;;
http://press.sk:80/?page=shop.browse&root=10&category_id=66&option=com_phpshop;https://web.archive.org/web/20071011081638/http://press.sk:80/?page=shop.browse&root=10&category_id=66&option=com_phpshop;2,01E+13;skip;0;;;
http://www.press.sk:80/?page=shop.browse&root=10&category_id=66&option=com_phpshop;https://web.archive.org/web/20071210175418/http://www.press.sk:80/?page=shop.browse&root=10&category_id=66&option=com_phpshop;2,01E+13;skip;0;;;
http://www.press.sk:80/?page=shop.browse&root=10&category_id=66&option=com_phpshop;https://web.archive.org/web/20080210061502/http://www.press.sk:80/?page=shop.browse&root=10&category_id=66&option=com_phpshop;2,01E+13;skip;0;;;
http://www.press.sk:80/?page=shop.browse&root=10&category_id=66&option=com_phpshop;https://web.archive.org/web/20080211120441/http://www.press.sk:80/?page=shop.browse&root=10&category_id=66&option=com_phpshop;2,01E+13;skip;0;;;
http://www.press.sk:80/?page=shop.browse&root=10&category_id=66&option=com_phpshop;https://web.archive.org/web/20080419131048/http://www.press.sk:80/?page=shop.browse&root=10&category_id=66&option=com_phpshop;2,01E+13;skip;0;;;
http://www.press.sk:80/?page=shop.browse&root=10&category_id=66&option=com_phpshop;https://web.archive.org/web/20080618164850/http://www.press.sk:80/?page=shop.browse&root=10&category_id=66&option=com_phpshop;2,01E+13;skip;0;;;
http://www.press.sk:80/?page=shop.browse&root=10&category_id=66&option=com_phpshop;https://web.archive.org/web/20081012224925/http://www.press.sk:80/?page=shop.browse&root=10&category_id=66&option=com_phpshop;2,01E+13;skip;0;;;
http://www.press.sk:80/?page=shop.browse&offset=20&category_id=67&keyword=&manufacturer_id=&option=com_phpshop;https://web.archive.org/web/20071213020703/http://www.press.sk:80/?page=shop.browse&offset=20&category_id=67&keyword=&manufacturer_id=&option=com_phpshop;2,01E+13;skip;0;;;
http://www.press.sk:80/?page=shop.flypage&product_id=1500&category_id=67&option=com_phpshop;https://web.archive.org/web/20071212194819/http://www.press.sk:80/?page=shop.flypage&product_id=1500&category_id=67&option=com_phpshop;2,01E+13;skip;0;;;
http://www.press.sk:80/?page=shop.flypage&product_id=1501&category_id=67&option=com_phpshop;https://web.archive.org/web/20071212194828/http://www.press.sk:80/?page=shop.flypage&product_id=1501&category_id=67&option=com_phpshop;2,01E+13;skip;0;;;
http://www.press.sk:80/?page=shop.flypage&product_id=1525&category_id=67&option=com_phpshop;https://web.archive.org/web/20071212194831/http://www.press.sk:80/?page=shop.flypage&product_id=1525&category_id=67&option=com_phpshop;2,01E+13;skip;0;;;
http://www.press.sk:80/?page=shop.flypage&product_id=1526&category_id=67&option=com_phpshop;https://web.archive.org/web/20071212194837/http://www.press.sk:80/?page=shop.flypage&product_id=1526&category_id=67&option=com_phpshop;2,01E+13;skip;0;;;
http://www.press.sk:80/?page=shop.flypage&product_id=2022&category_id=67&option=com_phpshop;https://web.archive.org/web/20071212194841/http://www.press.sk:80/?page=shop.flypage&product_id=2022&category_id=67&option=com_phpshop;2,01E+13;skip;0;;;
http://www.press.sk:80/?page=shop.flypage&product_id=2196&category_id=67&option=com_phpshop;https://web.archive.org/web/20071212194846/http://www.press.sk:80/?page=shop.flypage&product_id=2196&category_id=67&option=com_phpshop;2,01E+13;skip;0;;;
http://www.press.sk:80/?page=shop.flypage&product_id=2285&category_id=67&option=com_phpshop;https://web.archive.org/web/20071212194851/http://www.press.sk:80/?page=shop.flypage&product_id=2285&category_id=67&option=com_phpshop;2,01E+13;skip;0;;;
http://www.press.sk:80/?page=shop.flypage&product_id=2379&category_id=67&option=com_phpshop;https://web.archive.org/web/20071212194855/http://www.press.sk:80/?page=shop.flypage&product_id=2379&category_id=67&option=com_phpshop;2,01E+13;skip;0;;;
http://www.press.sk:80/?page=shop.flypage&product_id=2572&category_id=67&option=com_phpshop;https://web.archive.org/web/20071212194901/http://www.press.sk:80/?page=shop.flypage&product_id=2572&category_id=67&option=com_phpshop;2,01E+13;skip;0;;;
http://www.press.sk:80/?page=shop.flypage&product_id=2948&category_id=67&option=com_phpshop;https://web.archive.org/web/20071212194906/http://www.press.sk:80/?page=shop.flypage&product_id=2948&category_id=67&option=com_phpshop;2,01E+13;skip;0;;;
http://www.press.sk:80/?page=shop.flypage&product_id=3065&category_id=67&option=com_phpshop;https://web.archive.org/web/20071212194911/http://www.press.sk:80/?page=shop.flypage&product_id=3065&category_id=67&option=com_phpshop;2,01E+13;skip;0;;;
http://www.press.sk:80/?page=shop.flypage&product_id=3261&category_id=67&option=com_phpshop;https://web.archive.org/web/20071212194915/http://www.press.sk:80/?page=shop.flypage&product_id=3261&category_id=67&option=com_phpshop;2,01E+13;skip;0;;;
http://www.press.sk:80/?page=shop.flypage&product_id=3362&category_id=67&option=com_phpshop;https://web.archive.org/web/20071212194920/http://www.press.sk:80/?page=shop.flypage&product_id=3362&category_id=67&option=com_phpshop;2,01E+13;skip;0;;;
http://www.press.sk:80/?page=shop.flypage&product_id=3678&category_id=67&option=com_phpshop;https://web.archive.org/web/20071212194928/http://www.press.sk:80/?page=shop.flypage&product_id=3678&category_id=67&option=com_phpshop;2,01E+13;skip;0;;;
http://www.press.sk:80/?page=shop.flypage&product_id=3683&category_id=67&option=com_phpshop;https://web.archive.org/web/20071212194932/http://www.press.sk:80/?page=shop.flypage&product_id=3683&category_id=67&option=com_phpshop;2,01E+13;skip;0;;;
http://www.press.sk:80/?page=shop.flypage&product_id=410&category_id=67&option=com_phpshop;https://web.archive.org/web/20071212194935/http://www.press.sk:80/?page=shop.flypage&product_id=410&category_id=67&option=com_phpshop;2,01E+13;skip;0;;;
http://www.press.sk:80/?page=shop.flypage&product_id=500&category_id=67&option=com_phpshop;https://web.archive.org/web/20071212194940/http://www.press.sk:80/?page=shop.flypage&product_id=500&category_id=67&option=com_phpshop;2,01E+13;skip;0;;;
http://www.press.sk:80/?page=shop.flypage&product_id=730&category_id=67&option=com_phpshop;https://web.archive.org/web/20071212194945/http://www.press.sk:80/?page=shop.flypage&product_id=730&category_id=67&option=com_phpshop;2,01E+13;skip;0;;;
http://www.press.sk:80/?page=shop.flypage&product_id=731&category_id=67&option=com_phpshop;https://web.archive.org/web/20071212194950/http://www.press.sk:80/?page=shop.flypage&product_id=731&category_id=67&option=com_phpshop;2,01E+13;skip;0;;;
http://www.press.sk:80/?page=shop.flypage&product_id=789&category_id=67&option=com_phpshop;https://web.archive.org/web/20071212194956/http://www.press.sk:80/?page=shop.flypage&product_id=789&category_id=67&option=com_phpshop;2,01E+13;skip;0;;;
http://www.press.sk:80/?page=shop.browse&root=1&category_id=7&option=com_phpshop;https://web.archive.org/web/20051029055953/http://www.press.sk:80/?page=shop.browse&root=1&category_id=7&option=com_phpshop;2,01E+13;skip;0;;;
http://press.sk:80/?page=shop.browse&root=1&category_id=7&option=com_phpshop;https://web.archive.org/web/20071011083036/http://press.sk:80/?page=shop.browse&root=1&category_id=7&option=com_phpshop;2,01E+13;skip;0;;;
http://www.press.sk:80/?page=shop.browse&root=1&category_id=7&option=com_phpshop;https://web.archive.org/web/20071211064458/http://www.press.sk:80/?page=shop.browse&root=1&category_id=7&option=com_phpshop;2,01E+13;skip;0;;;
http://www.press.sk:80/?page=shop.browse&root=1&category_id=7&option=com_phpshop;https://web.archive.org/web/20080209171649/http://www.press.sk:80/?page=shop.browse&root=1&category_id=7&option=com_phpshop;2,01E+13;skip;0;;;
http://www.press.sk:80/?page=shop.browse&root=1&category_id=7&option=com_phpshop;https://web.archive.org/web/20080410091457/http://www.press.sk:80/?page=shop.browse&root=1&category_id=7&option=com_phpshop;2,01E+13;skip;0;;;
http://www.press.sk:80/?page=shop.browse&root=1&category_id=7&option=com_phpshop;https://web.archive.org/web/20080609170415/http://www.press.sk:80/?page=shop.browse&root=1&category_id=7&option=com_phpshop;2,01E+13;skip;0;;;
http://press.sk:80/?page=shop.browse&root=10&category_id=73&option=com_phpshop;https://web.archive.org/web/20071011081331/http://press.sk:80/?page=shop.browse&root=10&category_id=73&option=com_phpshop;2,01E+13;skip;0;;;
http://www.press.sk:80/?page=shop.browse&root=10&category_id=73&option=com_phpshop;https://web.archive.org/web/20071210175423/http://www.press.sk:80/?page=shop.browse&root=10&category_id=73&option=com_phpshop;2,01E+13;skip;0;;;
http://www.press.sk:80/?page=shop.browse&root=10&category_id=73&option=com_phpshop;https://web.archive.org/web/20080210060612/http://www.press.sk:80/?page=shop.browse&root=10&category_id=73&option=com_phpshop;2,01E+13;skip;0;;;
http://www.press.sk:80/?page=shop.browse&root=10&category_id=73&option=com_phpshop;https://web.archive.org/web/20080211120447/http://www.press.sk:80/?page=shop.browse&root=10&category_id=73&option=com_phpshop;2,01E+13;skip;0;;;
http://www.press.sk:80/?page=shop.browse&root=10&category_id=73&option=com_phpshop;https://web.archive.org/web/20080419142904/http://www.press.sk:80/?page=shop.browse&root=10&category_id=73&option=com_phpshop;2,01E+13;skip;0;;;
http://www.press.sk:80/?page=shop.browse&root=10&category_id=73&option=com_phpshop;https://web.archive.org/web/20080618192018/http://www.press.sk:80/?page=shop.browse&root=10&category_id=73&option=com_phpshop;2,01E+13;skip;0;;;
http://www.press.sk:80/?page=shop.browse&root=10&category_id=73&option=com_phpshop;https://web.archive.org/web/20081012224929/http://www.press.sk:80/?page=shop.browse&root=10&category_id=73&option=com_phpshop;2,01E+13;skip;0;;;
http://www.press.sk:80/?page=shop.browse&root=1&category_id=8&option=com_phpshop;https://web.archive.org/web/20051029060011/http://www.press.sk:80/?page=shop.browse&root=1&category_id=8&option=com_phpshop;2,01E+13;skip;0;;;
http://press.sk:80/?page=shop.browse&root=1&category_id=8&option=com_phpshop;https://web.archive.org/web/20071011083647/http://press.sk:80/?page=shop.browse&root=1&category_id=8&option=com_phpshop;2,01E+13;skip;0;;;
http://www.press.sk:80/?page=shop.browse&root=1&category_id=8&option=com_phpshop;https://web.archive.org/web/20071211064512/http://www.press.sk:80/?page=shop.browse&root=1&category_id=8&option=com_phpshop;2,01E+13;skip;0;;;
http://www.press.sk:80/?page=shop.browse&root=1&category_id=8&option=com_phpshop;https://web.archive.org/web/20080209171655/http://www.press.sk:80/?page=shop.browse&root=1&category_id=8&option=com_phpshop;2,01E+13;skip;0;;;
http://www.press.sk:80/?page=shop.browse&root=1&category_id=8&option=com_phpshop;https://web.archive.org/web/20080410091502/http://www.press.sk:80/?page=shop.browse&root=1&category_id=8&option=com_phpshop;2,01E+13;skip;0;;;
http://www.press.sk:80/?page=shop.browse&root=1&category_id=8&option=com_phpshop;https://web.archive.org/web/20080609171032/http://www.press.sk:80/?page=shop.browse&root=1&category_id=8&option=com_phpshop;2,01E+13;skip;0;;;
http://press.sk:80/?page=shop.browse&root=10&category_id=80&option=com_phpshop;https://web.archive.org/web/20071011085335/http://press.sk:80/?page=shop.browse&root=10&category_id=80&option=com_phpshop;2,01E+13;skip;0;;;
http://www.press.sk:80/?page=shop.browse&root=10&category_id=80&option=com_phpshop;https://web.archive.org/web/20080210060616/http://www.press.sk:80/?page=shop.browse&root=10&category_id=80&option=com_phpshop;2,01E+13;skip;0;;;
http://www.press.sk:80/?page=shop.browse&root=10&category_id=80&option=com_phpshop;https://web.archive.org/web/20080211120452/http://www.press.sk:80/?page=shop.browse&root=10&category_id=80&option=com_phpshop;2,01E+13;skip;0;;;
http://www.press.sk:80/?page=shop.browse&root=10&category_id=80&option=com_phpshop;https://web.archive.org/web/20080419115119/http://www.press.sk:80/?page=shop.browse&root=10&category_id=80&option=com_phpshop;2,01E+13;skip;0;;;
http://www.press.sk:80/?page=shop.browse&root=10&category_id=80&option=com_phpshop;https://web.archive.org/web/20080618164855/http://www.press.sk:80/?page=shop.browse&root=10&category_id=80&option=com_phpshop;2,01E+13;skip;0;;;
http://www.press.sk:80/?page=shop.browse&root=10&category_id=80&option=com_phpshop;https://web.archive.org/web/20081012224935/http://www.press.sk:80/?page=shop.browse&root=10&category_id=80&option=com_phpshop;2,01E+13;skip;0;;;
http://www.press.sk:80/?page=shop.browse&root=10&category_id=87&option=com_phpshop;https://web.archive.org/web/20080210061508/http://www.press.sk:80/?page=shop.browse&root=10&category_id=87&option=com_phpshop;2,01E+13;skip;0;;;
http://www.press.sk:80/?page=shop.browse&root=10&category_id=87&option=com_phpshop;https://web.archive.org/web/20080211120458/http://www.press.sk:80/?page=shop.browse&root=10&category_id=87&option=com_phpshop;2,01E+13;skip;0;;;
http://www.press.sk:80/?page=shop.browse&root=10&category_id=87&option=com_phpshop;https://web.archive.org/web/20080419082422/http://www.press.sk:80/?page=shop.browse&root=10&category_id=87&option=com_phpshop;2,01E+13;skip;0;;;
http://www.press.sk:80/?page=shop.browse&root=10&category_id=87&option=com_phpshop;https://web.archive.org/web/20080618164900/http://www.press.sk:80/?page=shop.browse&root=10&category_id=87&option=com_phpshop;2,01E+13;skip;0;;;
http://www.press.sk:80/?page=shop.browse&root=10&category_id=87&option=com_phpshop;https://web.archive.org/web/20081012224940/http://www.press.sk:80/?page=shop.browse&root=10&category_id=87&option=com_phpshop;2,01E+13;skip;0;;;
http://www.press.sk:80/?page=shop.browse&category_id=9&keyword=&offset=0&manufacturer_id=&option=com_phpshop;https://web.archive.org/web/20080214054756/http://www.press.sk:80/?page=shop.browse&category_id=9&keyword=&offset=0&manufacturer_id=&option=com_phpshop;2,01E+13;skip;0;;;
http://www.press.sk:80/?page=shop.browse&category_id=9&keyword=&offset=0&manufacturer_id=&option=com_phpshop;https://web.archive.org/web/20080420091252/http://www.press.sk:80/?page=shop.browse&category_id=9&keyword=&offset=0&manufacturer_id=&option=com_phpshop;2,01E+13;skip;0;;;
http://www.press.sk:80/?page=shop.browse&offset=20&category_id=9&keyword=&manufacturer_id=&option=com_phpshop;https://web.archive.org/web/20071105212139/http://www.press.sk:80/?page=shop.browse&offset=20&category_id=9&keyword=&manufacturer_id=&option=com_phpshop;2,01E+13;skip;0;;;
http://www.press.sk:80/?page=shop.browse&offset=40&category_id=9&keyword=&manufacturer_id=&option=com_phpshop;https://web.archive.org/web/20080214054802/http://www.press.sk:80/?page=shop.browse&offset=40&category_id=9&keyword=&manufacturer_id=&option=com_phpshop;2,01E+13;skip;0;;;
http://www.press.sk:80/?page=shop.browse&offset=40&category_id=9&keyword=&manufacturer_id=&option=com_phpshop;https://web.archive.org/web/20080420092732/http://www.press.sk:80/?page=shop.browse&offset=40&category_id=9&keyword=&manufacturer_id=&option=com_phpshop;2,01E+13;skip;0;;;
http://www.press.sk:80/?page=shop.browse&root=1&category_id=9&option=com_phpshop;https://web.archive.org/web/20051029060037/http://www.press.sk:80/?page=shop.browse&root=1&category_id=9&option=com_phpshop;2,01E+13;skip;0;;;
http://press.sk:80/?page=shop.browse&root=1&category_id=9&option=com_phpshop;https://web.archive.org/web/20071011082000/http://press.sk:80/?page=shop.browse&root=1&category_id=9&option=com_phpshop;2,01E+13;skip;0;;;
http://www.press.sk:80/?page=shop.browse&root=1&category_id=9&option=com_phpshop;https://web.archive.org/web/20071211064523/http://www.press.sk:80/?page=shop.browse&root=1&category_id=9&option=com_phpshop;2,01E+13;skip;0;;;
http://www.press.sk:80/?page=shop.browse&root=1&category_id=9&option=com_phpshop;https://web.archive.org/web/20080209171701/http://www.press.sk:80/?page=shop.browse&root=1&category_id=9&option=com_phpshop;2,01E+13;skip;0;;;
http://www.press.sk:80/?page=shop.browse&root=1&category_id=9&option=com_phpshop;https://web.archive.org/web/20080410091507/http://www.press.sk:80/?page=shop.browse&root=1&category_id=9&option=com_phpshop;2,01E+13;skip;0;;;
http://www.press.sk:80/?page=shop.browse&root=1&category_id=9&option=com_phpshop;https://web.archive.org/web/20080609171046/http://www.press.sk:80/?page=shop.browse&root=1&category_id=9&option=com_phpshop;2,01E+13;skip;0;;;
http://www.press.sk:80/?page=shop.flypage&product_id=1173&category_id=9&option=com_phpshop;https://web.archive.org/web/20071105164933/http://www.press.sk:80/?page=shop.flypage&product_id=1173&category_id=9&option=com_phpshop;2,01E+13;skip;0;;;
http://www.press.sk:80/?page=shop.flypage&product_id=1174&category_id=9&option=com_phpshop;https://web.archive.org/web/20080214025838/http://www.press.sk:80/?page=shop.flypage&product_id=1174&category_id=9&option=com_phpshop;2,01E+13;skip;0;;;
http://www.press.sk:80/?page=shop.flypage&product_id=1174&category_id=9&option=com_phpshop;https://web.archive.org/web/20080419143832/http://www.press.sk:80/?page=shop.flypage&product_id=1174&category_id=9&option=com_phpshop;2,01E+13;skip;0;;;
http://www.press.sk:80/?page=shop.flypage&product_id=12&category_id=9&option=com_phpshop;https://web.archive.org/web/20071105164937/http://www.press.sk:80/?page=shop.flypage&product_id=12&category_id=9&option=com_phpshop;2,01E+13;skip;0;;;
http://www.press.sk:80/?page=shop.flypage&product_id=13&category_id=9&option=com_phpshop;https://web.archive.org/web/20071105164942/http://www.press.sk:80/?page=shop.flypage&product_id=13&category_id=9&option=com_phpshop;2,01E+13;skip;0;;;
http://www.press.sk:80/?page=shop.flypage&product_id=1472&category_id=9&option=com_phpshop;https://web.archive.org/web/20080214025844/http://www.press.sk:80/?page=shop.flypage&product_id=1472&category_id=9&option=com_phpshop;2,01E+13;skip;0;;;
http://www.press.sk:80/?page=shop.flypage&product_id=1712&category_id=9&option=com_phpshop;https://web.archive.org/web/20080214025849/http://www.press.sk:80/?page=shop.flypage&product_id=1712&category_id=9&option=com_phpshop;2,01E+13;skip;0;;;
http://www.press.sk:80/?page=shop.flypage&product_id=1712&category_id=9&option=com_phpshop;https://web.archive.org/web/20080419082427/http://www.press.sk:80/?page=shop.flypage&product_id=1712&category_id=9&option=com_phpshop;2,01E+13;skip;0;;;
http://www.press.sk:80/?page=shop.flypage&product_id=1715&category_id=9&option=com_phpshop;https://web.archive.org/web/20080214025854/http://www.press.sk:80/?page=shop.flypage&product_id=1715&category_id=9&option=com_phpshop;2,01E+13;skip;0;;;
http://www.press.sk:80/?page=shop.flypage&product_id=1715&category_id=9&option=com_phpshop;https://web.archive.org/web/20080419131053/http://www.press.sk:80/?page=shop.flypage&product_id=1715&category_id=9&option=com_phpshop;2,01E+13;skip;0;;;
http://www.press.sk:80/?page=shop.flypage&product_id=191&category_id=9&option=com_phpshop;https://web.archive.org/web/20080214025859/http://www.press.sk:80/?page=shop.flypage&product_id=191&category_id=9&option=com_phpshop;2,01E+13;skip;0;;;
http://www.press.sk:80/?page=shop.flypage&product_id=191&category_id=9&option=com_phpshop;https://web.archive.org/web/20080419120854/http://www.press.sk:80/?page=shop.flypage&product_id=191&category_id=9&option=com_phpshop;2,01E+13;skip;0;;;
http://www.press.sk:80/?page=shop.flypage&product_id=20&category_id=9&option=com_phpshop;https://web.archive.org/web/20071105164947/http://www.press.sk:80/?page=shop.flypage&product_id=20&category_id=9&option=com_phpshop;2,01E+13;skip;0;;;
http://www.press.sk:80/?page=shop.flypage&product_id=21&category_id=9&option=com_phpshop;https://web.archive.org/web/20071105164952/http://www.press.sk:80/?page=shop.flypage&product_id=21&category_id=9&option=com_phpshop;2,01E+13;skip;0;;;
http://www.press.sk:80/?page=shop.flypage&product_id=237&category_id=9&option=com_phpshop;https://web.archive.org/web/20071105164957/http://www.press.sk:80/?page=shop.flypage&product_id=237&category_id=9&option=com_phpshop;2,01E+13;skip;0;;;
http://www.press.sk:80/?page=shop.flypage&product_id=2412&category_id=9&option=com_phpshop;https://web.archive.org/web/20080214025904/http://www.press.sk:80/?page=shop.flypage&product_id=2412&category_id=9&option=com_phpshop;2,01E+13;skip;0;;;
http://www.press.sk:80/?page=shop.flypage&product_id=2412&category_id=9&option=com_phpshop;https://web.archive.org/web/20080419114135/http://www.press.sk:80/?page=shop.flypage&product_id=2412&category_id=9&option=com_phpshop;2,01E+13;skip;0;;;
http://www.press.sk:80/?page=shop.flypage&product_id=2416&category_id=9&option=com_phpshop;https://web.archive.org/web/20071105165002/http://www.press.sk:80/?page=shop.flypage&product_id=2416&category_id=9&option=com_phpshop;2,01E+13;skip;0;;;
http://www.press.sk:80/?page=shop.flypage&product_id=2445&category_id=9&option=com_phpshop;https://web.archive.org/web/20080214025910/http://www.press.sk:80/?page=shop.flypage&product_id=2445&category_id=9&option=com_phpshop;2,01E+13;skip;0;;;
http://www.press.sk:80/?page=shop.flypage&product_id=2445&category_id=9&option=com_phpshop;https://web.archive.org/web/20080419115512/http://www.press.sk:80/?page=shop.flypage&product_id=2445&category_id=9&option=com_phpshop;2,01E+13;skip;0;;;
http://www.press.sk:80/?page=shop.flypage&product_id=2603&category_id=9&option=com_phpshop;https://web.archive.org/web/20071105165008/http://www.press.sk:80/?page=shop.flypage&product_id=2603&category_id=9&option=com_phpshop;2,01E+13;skip;0;;;
http://www.press.sk:80/?page=shop.flypage&product_id=2657&category_id=9&option=com_phpshop;https://web.archive.org/web/20080214025915/http://www.press.sk:80/?page=shop.flypage&product_id=2657&category_id=9&option=com_phpshop;2,01E+13;skip;0;;;
http://www.press.sk:80/?page=shop.flypage&product_id=2657&category_id=9&option=com_phpshop;https://web.archive.org/web/20080419142910/http://www.press.sk:80/?page=shop.flypage&product_id=2657&category_id=9&option=com_phpshop;2,01E+13;skip;0;;;
http://www.press.sk:80/?page=shop.flypage&product_id=2658&category_id=9&option=com_phpshop;https://web.archive.org/web/20071105165013/http://www.press.sk:80/?page=shop.flypage&product_id=2658&category_id=9&option=com_phpshop;2,01E+13;skip;0;;;
http://www.press.sk:80/?page=shop.flypage&product_id=2659&category_id=9&option=com_phpshop;https://web.archive.org/web/20071105165017/http://www.press.sk:80/?page=shop.flypage&product_id=2659&category_id=9&option=com_phpshop;2,01E+13;skip;0;;;
http://www.press.sk:80/?page=shop.flypage&product_id=2697&category_id=9&option=com_phpshop;https://web.archive.org/web/20071105165023/http://www.press.sk:80/?page=shop.flypage&product_id=2697&category_id=9&option=com_phpshop;2,01E+13;skip;0;;;
http://www.press.sk:80/?page=shop.flypage&product_id=2698&category_id=9&option=com_phpshop;https://web.archive.org/web/20071105165027/http://www.press.sk:80/?page=shop.flypage&product_id=2698&category_id=9&option=com_phpshop;2,01E+13;skip;0;;;
http://www.press.sk:80/?page=shop.flypage&product_id=2708&category_id=9&option=com_phpshop;https://web.archive.org/web/20080214025920/http://www.press.sk:80/?page=shop.flypage&product_id=2708&category_id=9&option=com_phpshop;2,01E+13;skip;0;;;
http://www.press.sk:80/?page=shop.flypage&product_id=2708&category_id=9&option=com_phpshop;https://web.archive.org/web/20080419120905/http://www.press.sk:80/?page=shop.flypage&product_id=2708&category_id=9&option=com_phpshop;2,01E+13;skip;0;;;
http://www.press.sk:80/?page=shop.flypage&product_id=2714&category_id=9&option=com_phpshop;https://web.archive.org/web/20071105165033/http://www.press.sk:80/?page=shop.flypage&product_id=2714&category_id=9&option=com_phpshop;2,01E+13;skip;0;;;
http://www.press.sk:80/?page=shop.flypage&product_id=2818&category_id=9&option=com_phpshop;https://web.archive.org/web/20071105165038/http://www.press.sk:80/?page=shop.flypage&product_id=2818&category_id=9&option=com_phpshop;2,01E+13;skip;0;;;
http://www.press.sk:80/?page=shop.flypage&product_id=2830&category_id=9&option=com_phpshop;https://web.archive.org/web/20071105165043/http://www.press.sk:80/?page=shop.flypage&product_id=2830&category_id=9&option=com_phpshop;2,01E+13;skip;0;;;
http://www.press.sk:80/?page=shop.flypage&product_id=29&category_id=9&option=com_phpshop;https://web.archive.org/web/20080214025925/http://www.press.sk:80/?page=shop.flypage&product_id=29&category_id=9&option=com_phpshop;2,01E+13;skip;0;;;
http://www.press.sk:80/?page=shop.flypage&product_id=29&category_id=9&option=com_phpshop;https://web.archive.org/web/20080419143838/http://www.press.sk:80/?page=shop.flypage&product_id=29&category_id=9&option=com_phpshop;2,01E+13;skip;0;;;
http://www.press.sk:80/?page=shop.flypage&product_id=30&category_id=9&option=com_phpshop;https://web.archive.org/web/20080214025930/http://www.press.sk:80/?page=shop.flypage&product_id=30&category_id=9&option=com_phpshop;2,01E+13;skip;0;;;
http://www.press.sk:80/?page=shop.flypage&product_id=30&category_id=9&option=com_phpshop;https://web.archive.org/web/20080419131058/http://www.press.sk:80/?page=shop.flypage&product_id=30&category_id=9&option=com_phpshop;2,01E+13;skip;0;;;
http://www.press.sk:80/?page=shop.flypage&product_id=3123&category_id=9&option=com_phpshop;https://web.archive.org/web/20080214025935/http://www.press.sk:80/?page=shop.flypage&product_id=3123&category_id=9&option=com_phpshop;2,01E+13;skip;0;;;
http://www.press.sk:80/?page=shop.flypage&product_id=3123&category_id=9&option=com_phpshop;https://web.archive.org/web/20080419131103/http://www.press.sk:80/?page=shop.flypage&product_id=3123&category_id=9&option=com_phpshop;2,01E+13;skip;0;;;
http://www.press.sk:80/?page=shop.flypage&product_id=3124&category_id=9&option=com_phpshop;https://web.archive.org/web/20080214025940/http://www.press.sk:80/?page=shop.flypage&product_id=3124&category_id=9&option=com_phpshop;2,01E+13;skip;0;;;
http://www.press.sk:80/?page=shop.flypage&product_id=3124&category_id=9&option=com_phpshop;https://web.archive.org/web/20080419115124/http://www.press.sk:80/?page=shop.flypage&product_id=3124&category_id=9&option=com_phpshop;2,01E+13;skip;0;;;
http://www.press.sk:80/?page=shop.flypage&product_id=3161&category_id=9&option=com_phpshop;https://web.archive.org/web/20071105165048/http://www.press.sk:80/?page=shop.flypage&product_id=3161&category_id=9&option=com_phpshop;2,01E+13;skip;0;;;
http://www.press.sk:80/?page=shop.flypage&product_id=3172&category_id=9&option=com_phpshop;https://web.archive.org/web/20071105165053/http://www.press.sk:80/?page=shop.flypage&product_id=3172&category_id=9&option=com_phpshop;2,01E+13;skip;0;;;
http://www.press.sk:80/?page=shop.flypage&product_id=3543&category_id=9&option=com_phpshop;https://web.archive.org/web/20071105165059/http://www.press.sk:80/?page=shop.flypage&product_id=3543&category_id=9&option=com_phpshop;2,01E+13;skip;0;;;
http://www.press.sk:80/?page=shop.flypage&product_id=3681&category_id=9&option=com_phpshop;https://web.archive.org/web/20080214025945/http://www.press.sk:80/?page=shop.flypage&product_id=3681&category_id=9&option=com_phpshop;2,01E+13;skip;0;;;
http://www.press.sk:80/?page=shop.flypage&product_id=3681&category_id=9&option=com_phpshop;https://web.archive.org/web/20080419142916/http://www.press.sk:80/?page=shop.flypage&product_id=3681&category_id=9&option=com_phpshop;2,01E+13;skip;0;;;
http://www.press.sk:80/?page=shop.flypage&product_id=43&category_id=9&option=com_phpshop;https://web.archive.org/web/20080214025950/http://www.press.sk:80/?page=shop.flypage&product_id=43&category_id=9&option=com_phpshop;2,01E+13;skip;0;;;
http://www.press.sk:80/?page=shop.flypage&product_id=43&category_id=9&option=com_phpshop;https://web.archive.org/web/20080419131108/http://www.press.sk:80/?page=shop.flypage&product_id=43&category_id=9&option=com_phpshop;2,01E+13;skip;0;;;
http://www.press.sk:80/?page=shop.flypage&product_id=445&category_id=9&option=com_phpshop;https://web.archive.org/web/20071105165104/http://www.press.sk:80/?page=shop.flypage&product_id=445&category_id=9&option=com_phpshop;2,01E+13;skip;0;;;
http://www.press.sk:80/?page=shop.flypage&product_id=445&category_id=9&option=com_phpshop;https://web.archive.org/web/20080214025956/http://www.press.sk:80/?page=shop.flypage&product_id=445&category_id=9&option=com_phpshop;2,01E+13;skip;0;;;
http://www.press.sk:80/?page=shop.flypage&product_id=445&category_id=9&option=com_phpshop;https://web.archive.org/web/20080419131114/http://www.press.sk:80/?page=shop.flypage&product_id=445&category_id=9&option=com_phpshop;2,01E+13;skip;0;;;
http://www.press.sk:80/?page=shop.flypage&product_id=47&category_id=9&option=com_phpshop;https://web.archive.org/web/20080214030002/http://www.press.sk:80/?page=shop.flypage&product_id=47&category_id=9&option=com_phpshop;2,01E+13;skip;0;;;
http://www.press.sk:80/?page=shop.flypage&product_id=47&category_id=9&option=com_phpshop;https://web.archive.org/web/20080419120112/http://www.press.sk:80/?page=shop.flypage&product_id=47&category_id=9&option=com_phpshop;2,01E+13;skip;0;;;
http://www.press.sk:80/?page=shop.flypage&product_id=54&category_id=9&option=com_phpshop;https://web.archive.org/web/20071105165109/http://www.press.sk:80/?page=shop.flypage&product_id=54&category_id=9&option=com_phpshop;2,01E+13;skip;0;;;
http://www.press.sk:80/?page=shop.flypage&product_id=59&category_id=9&option=com_phpshop;https://web.archive.org/web/20080214030007/http://www.press.sk:80/?page=shop.flypage&product_id=59&category_id=9&option=com_phpshop;2,01E+13;skip;0;;;
http://www.press.sk:80/?page=shop.flypage&product_id=59&category_id=9&option=com_phpshop;https://web.archive.org/web/20080419082432/http://www.press.sk:80/?page=shop.flypage&product_id=59&category_id=9&option=com_phpshop;2,01E+13;skip;0;;;
http://www.press.sk:80/?page=shop.flypage&product_id=742&category_id=9&option=com_phpshop;https://web.archive.org/web/20080214030012/http://www.press.sk:80/?page=shop.flypage&product_id=742&category_id=9&option=com_phpshop;2,01E+13;skip;0;;;
http://www.press.sk:80/?page=shop.flypage&product_id=742&category_id=9&option=com_phpshop;https://web.archive.org/web/20080419114140/http://www.press.sk:80/?page=shop.flypage&product_id=742&category_id=9&option=com_phpshop;2,01E+13;skip;0;;;
http://www.press.sk:80/?page=shop.flypage&product_id=889&category_id=9&option=com_phpshop;https://web.archive.org/web/20080214030017/http://www.press.sk:80/?page=shop.flypage&product_id=889&category_id=9&option=com_phpshop;2,01E+13;skip;0;;;
http://www.press.sk:80/?page=shop.flypage&product_id=889&category_id=9&option=com_phpshop;https://web.archive.org/web/20080419131118/http://www.press.sk:80/?page=shop.flypage&product_id=889&category_id=9&option=com_phpshop;2,01E+13;skip;0;;;
http://press.sk:80/?page=shop.browse&root=10&category_id=91&option=com_phpshop;https://web.archive.org/web/20071011083047/http://press.sk:80/?page=shop.browse&root=10&category_id=91&option=com_phpshop;2,01E+13;skip;0;;;
http://www.press.sk:80/?page=shop.browse&root=10&category_id=91&option=com_phpshop;https://web.archive.org/web/20071210175428/http://www.press.sk:80/?page=shop.browse&root=10&category_id=91&option=com_phpshop;2,01E+13;skip;0;;;
http://www.press.sk:80/?page=shop.browse&root=10&category_id=91&option=com_phpshop;https://web.archive.org/web/20080210061511/http://www.press.sk:80/?page=shop.browse&root=10&category_id=91&option=com_phpshop;2,01E+13;skip;0;;;
http://www.press.sk:80/?page=shop.browse&root=10&category_id=91&option=com_phpshop;https://web.archive.org/web/20080211120502/http://www.press.sk:80/?page=shop.browse&root=10&category_id=91&option=com_phpshop;2,01E+13;skip;0;;;
http://www.press.sk:80/?page=shop.browse&root=10&category_id=91&option=com_phpshop;https://web.archive.org/web/20080419120105/http://www.press.sk:80/?page=shop.browse&root=10&category_id=91&option=com_phpshop;2,01E+13;skip;0;;;
http://www.press.sk:80/?page=shop.browse&root=10&category_id=91&option=com_phpshop;https://web.archive.org/web/20080618164905/http://www.press.sk:80/?page=shop.browse&root=10&category_id=91&option=com_phpshop;2,01E+13;skip;0;;;
http://www.press.sk:80/?page=shop.browse&root=10&category_id=91&option=com_phpshop;https://web.archive.org/web/20081012224945/http://www.press.sk:80/?page=shop.browse&root=10&category_id=91&option=com_phpshop;2,01E+13;skip;0;;;
http://www.press.sk/aerohobby/;https://web.archive.org/web/20130511022437/http://www.press.sk/aerohobby/;2,01E+13;skip;0;;;
http://www.press.sk:80/aerohobby/;https://web.archive.org/web/20130727032920/http://www.press.sk:80/aerohobby/;2,01E+13;skip;0;;;
http://www.press.sk:80/aerohobby/;https://web.archive.org/web/20140110120858/http://www.press.sk:80/aerohobby/;2,01E+13;skip;0;;;
http://www.press.sk:80/aerohobby;https://web.archive.org/web/20150131064821/http://www.press.sk:80/aerohobby;2,02E+13;skip;0;;;
http://www.press.sk:80/aerohobby/;https://web.archive.org/web/20150203032328/http://www.press.sk:80/aerohobby/;2,02E+13;skip;0;;;
http://www.press.sk:80/aerohobby/;https://web.archive.org/web/20150910123815/http://www.press.sk:80/aerohobby/;2,02E+13;skip;0;;;
http://www.press.sk/aerohobby/;https://web.archive.org/web/20160407093341/http://www.press.sk/aerohobby/;2,02E+13;skip;0;;;
http://www.press.sk:80/aerohobby/;https://web.archive.org/web/20160511004357/http://www.press.sk:80/aerohobby/;2,02E+13;skip;0;;;
http://www.press.sk:80/aerohobby/;https://web.archive.org/web/20161001193257/http://www.press.sk:80/aerohobby/;2,02E+13;skip;0;;;
http://www.press.sk/aerohobby/;https://web.archive.org/web/20161104065932/http://www.press.sk/aerohobby/;2,02E+13;skip;0;;;
http://www.press.sk:80/aeskulap-pre-lekarov-a-odbornu-verejnost/;https://web.archive.org/web/20150901182137/http://www.press.sk:80/aeskulap-pre-lekarov-a-odbornu-verejnost/;2,02E+13;skip;0;;;
http://www.press.sk/aeskulap-pre-lekarov-a-odbornu-verejnost/;https://web.archive.org/web/20160802161342/http://www.press.sk/aeskulap-pre-lekarov-a-odbornu-verejnost/;2,02E+13;skip;0;;;
http://www.press.sk:80/aeskulap-pre-lekarov-a-odbornu-verejnost;https://web.archive.org/web/20170109195720/http://www.press.sk:80/aeskulap-pre-lekarov-a-odbornu-verejnost;2,02E+13;skip;0;;;
http://www.press.sk:80/aeskulap-pre-lekarov-a-odbornu-verejnost/;https://web.archive.org/web/20170114184957/http://www.press.sk:80/aeskulap-pre-lekarov-a-odbornu-verejnost/;2,02E+13;skip;0;;;
http://www.press.sk:80/akcie/;https://web.archive.org/web/20081101031230/http://www.press.sk:80/akcie/;2,01E+13;skip;0;;;
http://www.press.sk:80/akcie/;https://web.archive.org/web/20081217074115/http://www.press.sk:80/akcie/;2,01E+13;skip;0;;;
http://www.press.sk:80/akcie;https://web.archive.org/web/20090125012807/http://www.press.sk:80/akcie;2,01E+13;skip;0;;;
http://www.press.sk:80/akcie/;https://web.archive.org/web/20090215175020/http://www.press.sk:80/akcie/;2,01E+13;skip;0;;;
http://www.press.sk:80/akcie;https://web.archive.org/web/20090327124845/http://www.press.sk:80/akcie;2,01E+13;skip;0;;;
http://www.press.sk:80/akcie/;https://web.archive.org/web/20090417044022/http://www.press.sk:80/akcie/;2,01E+13;skip;0;;;
http://www.press.sk:80/akcie;https://web.archive.org/web/20090428020234/http://www.press.sk:80/akcie;2,01E+13;skip;0;;;
http://www.press.sk:80/akcie;https://web.archive.org/web/20090529054642/http://www.press.sk:80/akcie;2,01E+13;skip;0;;;
http://www.press.sk:80/akcie/;https://web.archive.org/web/20090617043618/http://www.press.sk:80/akcie/;2,01E+13;skip;0;;;
http://www.press.sk:80/akcie/;https://web.archive.org/web/20090817143113/http://www.press.sk:80/akcie/;2,01E+13;skip;0;;;
http://www.press.sk:80/akcie/;https://web.archive.org/web/20091017164954/http://www.press.sk:80/akcie/;2,01E+13;skip;0;;;
http://www.press.sk:80/akcie/;https://web.archive.org/web/20091217091327/http://www.press.sk:80/akcie/;2,01E+13;skip;0;;;
http://www.press.sk:80/akcie;https://web.archive.org/web/20100107135212/http://www.press.sk:80/akcie;2,01E+13;skip;0;;;
http://www.press.sk:80/akcie/;https://web.archive.org/web/20100215193438/http://www.press.sk:80/akcie/;2,01E+13;skip;0;;;
http://www.press.sk:80/akcie/;https://web.archive.org/web/20100417091613/http://www.press.sk:80/akcie/;2,01E+13;skip;0;;;
http://www.press.sk:80/akcie;https://web.archive.org/web/20100503112540/http://www.press.sk:80/akcie;2,01E+13;skip;0;;;
http://www.press.sk:80/akcie;https://web.archive.org/web/20100604015453/http://www.press.sk:80/akcie;2,01E+13;skip;0;;;
http://www.press.sk:80/akcie/;https://web.archive.org/web/20100616213620/http://www.press.sk:80/akcie/;2,01E+13;skip;0;;;
http://www.press.sk:80/akcie;https://web.archive.org/web/20100707115534/http://www.press.sk:80/akcie;2,01E+13;skip;0;;;
http://www.press.sk:80/akcie/;https://web.archive.org/web/20100816223112/http://www.press.sk:80/akcie/;2,01E+13;skip;0;;;
http://www.press.sk:80/akcie;https://web.archive.org/web/20100823223248/http://www.press.sk:80/akcie;2,01E+13;skip;0;;;
http://www.press.sk:80/akcie;https://web.archive.org/web/20100923234906/http://www.press.sk:80/akcie;2,01E+13;skip;0;;;
http://www.press.sk:80/akcie/;https://web.archive.org/web/20101016131919/http://www.press.sk:80/akcie/;2,01E+13;skip;0;;;
http://www.press.sk:80/akcie;https://web.archive.org/web/20101110084631/http://www.press.sk:80/akcie;2,01E+13;skip;0;;;
http://www.press.sk:80/akcie;https://web.archive.org/web/20101211175006/http://www.press.sk:80/akcie;2,01E+13;skip;0;;;
http://www.press.sk:80/akcie/;https://web.archive.org/web/20101216164902/http://www.press.sk:80/akcie/;2,01E+13;skip;0;;;
http://www.press.sk:80/akcie;https://web.archive.org/web/20110114213414/http://www.press.sk:80/akcie;2,01E+13;skip;0;;;
http://www.press.sk:80/akcie/;https://web.archive.org/web/20110215123423/http://www.press.sk:80/akcie/;2,01E+13;skip;0;;;
http://www.press.sk:80/akcie;https://web.archive.org/web/20110414233418/http://www.press.sk:80/akcie;2,01E+13;skip;0;;;
http://www.press.sk:80/akcie;https://web.archive.org/web/20110416032944/http://www.press.sk:80/akcie;2,01E+13;skip;0;;;
http://www.press.sk:80/akcie/;https://web.archive.org/web/20110417014536/http://www.press.sk:80/akcie/;2,01E+13;skip;0;;;
http://www.press.sk:80/akcie;https://web.archive.org/web/20110517211432/http://www.press.sk:80/akcie;2,01E+13;skip;0;;;
http://www.press.sk:80/akcie/;https://web.archive.org/web/20110617073018/http://www.press.sk:80/akcie/;2,01E+13;skip;0;;;
http://www.press.sk:80/akcie/;https://web.archive.org/web/20110817090340/http://www.press.sk:80/akcie/;2,01E+13;skip;0;;;
http://www.press.sk:80/akcie/;https://web.archive.org/web/20111019024306/http://www.press.sk:80/akcie/;2,01E+13;skip;0;;;
http://www.press.sk:80/akcie/;https://web.archive.org/web/20111218190853/http://www.press.sk:80/akcie/;2,01E+13;skip;0;;;
http://www.press.sk/akcie/;https://web.archive.org/web/20120208152902/http://www.press.sk/akcie/;2,01E+13;skip;0;;;
http://www.press.sk:80/akcie/;https://web.archive.org/web/20120217084825/http://www.press.sk:80/akcie/;2,01E+13;skip;0;;;
http://www.press.sk/akcie/;https://web.archive.org/web/20120307113118/http://www.press.sk/akcie/;2,01E+13;skip;0;;;
http://www.press.sk:80/akcie/;https://web.archive.org/web/20120418030156/http://www.press.sk:80/akcie/;2,01E+13;skip;0;;;
http://www.press.sk:80/akcie/;https://web.archive.org/web/20120617202236/http://www.press.sk:80/akcie/;2,01E+13;skip;0;;;
http://www.press.sk:80/akcie;https://web.archive.org/web/20120702112459/http://www.press.sk:80/akcie;2,01E+13;skip;0;;;
http://www.press.sk:80/akcie/;https://web.archive.org/web/20120817133150/http://www.press.sk:80/akcie/;2,01E+13;skip;0;;;
http://www.press.sk:80/akcie;https://web.archive.org/web/20120826192413/http://www.press.sk:80/akcie;2,01E+13;skip;0;;;
http://www.press.sk:80/akcie/;https://web.archive.org/web/20121017235327/http://www.press.sk:80/akcie/;2,01E+13;skip;0;;;
http://www.press.sk:80/akcie;https://web.archive.org/web/20121103185830/http://www.press.sk:80/akcie;2,01E+13;skip;0;;;
http://www.press.sk:80/akcie/;https://web.archive.org/web/20121217201247/http://www.press.sk:80/akcie/;2,01E+13;skip;0;;;
http://www.press.sk:80/akcie;https://web.archive.org/web/20121228213831/http://www.press.sk:80/akcie;2,01E+13;skip;0;;;
http://www.press.sk:80/akcie/;https://web.archive.org/web/20130217163918/http://www.press.sk:80/akcie/;2,01E+13;skip;0;;;
http://www.press.sk:80/akcie;https://web.archive.org/web/20130330054422/http://www.press.sk:80/akcie;2,01E+13;skip;0;;;
http://www.press.sk/akcie/;https://web.archive.org/web/20130425061326/http://www.press.sk/akcie/;2,01E+13;skip;0;;;
http://www.press.sk:80/akcie/;https://web.archive.org/web/20130510202227/http://www.press.sk:80/akcie/;2,01E+13;skip;0;;;
http://www.press.sk:80/akcie;https://web.archive.org/web/20130530180814/http://www.press.sk:80/akcie;2,01E+13;skip;0;;;
http://www.press.sk:80/akcie/;https://web.archive.org/web/20130711075441/http://www.press.sk:80/akcie/;2,01E+13;skip;0;;;
http://www.press.sk/akcie/;https://web.archive.org/web/20130906155222/http://www.press.sk/akcie/;2,01E+13;skip;0;;;
http://www.press.sk:80/akcie/;https://web.archive.org/web/20130910044633/http://www.press.sk:80/akcie/;2,01E+13;skip;0;;;
http://www.press.sk:80/akcie/;https://web.archive.org/web/20131109180934/http://www.press.sk:80/akcie/;2,01E+13;skip;0;;;
http://www.press.sk:80/akcie/;https://web.archive.org/web/20140109074746/http://www.press.sk:80/akcie/;2,01E+13;skip;0;;;
http://www.press.sk/akcie/;https://web.archive.org/web/20140117045410/http://www.press.sk/akcie/;2,01E+13;skip;0;;;
http://www.press.sk/akcie/;https://web.archive.org/web/20140214095639/http://www.press.sk/akcie/;2,01E+13;skip;0;;;
http://www.press.sk:80/akcie/;https://web.archive.org/web/20140311052538/http://www.press.sk:80/akcie/;2,01E+13;skip;0;;;
http://www.press.sk:80/akcie/;https://web.archive.org/web/20140506170453/http://www.press.sk:80/akcie/;2,01E+13;skip;0;;;
http://www.press.sk:80/akcie/;https://web.archive.org/web/20140706121231/http://www.press.sk:80/akcie/;2,01E+13;skip;0;;;
http://www.press.sk/akcie/;https://web.archive.org/web/20140813014104/http://www.press.sk/akcie/;2,01E+13;skip;0;;;
http://www.press.sk/akcie/;https://web.archive.org/web/20140818185059/http://www.press.sk/akcie/;2,01E+13;skip;0;;;
http://www.press.sk:80/akcie/;https://web.archive.org/web/20140905012844/http://www.press.sk:80/akcie/;2,01E+13;skip;0;;;
http://www.press.sk:80/akcie/;https://web.archive.org/web/20141006014642/http://www.press.sk:80/akcie/;2,01E+13;skip;0;;;
http://www.press.sk:80/akcie/;https://web.archive.org/web/20141208004145/http://www.press.sk:80/akcie/;2,01E+13;skip;0;;;
http://www.press.sk/akcie/;https://web.archive.org/web/20150204002041/http://www.press.sk/akcie/;2,02E+13;skip;0;;;
http://www.press.sk:80/akcie/;https://web.archive.org/web/20150304045135/http://www.press.sk:80/akcie/;2,02E+13;skip;0;;;
http://www.press.sk:80/akcie;https://web.archive.org/web/20150411005405/http://www.press.sk:80/akcie;2,02E+13;skip;0;;;
http://www.press.sk:80/akcie;https://web.archive.org/web/20150412090654/http://www.press.sk:80/akcie;2,02E+13;skip;0;;;
http://www.press.sk/akcie/;https://web.archive.org/web/20150418192524/http://www.press.sk/akcie/;2,02E+13;skip;0;;;
http://www.press.sk:80/akcie/;https://web.archive.org/web/20150504015728/http://www.press.sk:80/akcie/;2,02E+13;skip;0;;;
http://www.press.sk:80/akcie/;https://web.archive.org/web/20150505143430/http://www.press.sk:80/akcie/;2,02E+13;skip;0;;;
http://www.press.sk:80/akcie/;https://web.archive.org/web/20150509194031/http://www.press.sk:80/akcie/;2,02E+13;skip;0;;;
http://www.press.sk:80/akcie;https://web.archive.org/web/20150515065712/http://www.press.sk:80/akcie;2,02E+13;skip;0;;;
http://www.press.sk:80/akcie;https://web.archive.org/web/20150617041228/http://www.press.sk:80/akcie;2,02E+13;skip;0;;;
http://www.press.sk:80/akcie/;https://web.archive.org/web/20150709105607/http://www.press.sk:80/akcie/;2,02E+13;skip;0;;;
http://www.press.sk:80/akcie;https://web.archive.org/web/20150717124112/http://www.press.sk:80/akcie;2,02E+13;skip;0;;;
http://www.press.sk/akcie/;https://web.archive.org/web/20150811233017/http://www.press.sk/akcie/;2,02E+13;skip;0;;;
http://www.press.sk:80/akcie;https://web.archive.org/web/20150817063449/http://www.press.sk:80/akcie;2,02E+13;skip;0;;;
http://www.press.sk:80/akcie/;https://web.archive.org/web/20150907181435/http://www.press.sk:80/akcie/;2,02E+13;skip;0;;;
http://www.press.sk:80/akcie;https://web.archive.org/web/20150917050103/http://www.press.sk:80/akcie;2,02E+13;skip;0;;;
http://www.press.sk:80/akcie/;https://web.archive.org/web/20151107124824/http://www.press.sk:80/akcie/;2,02E+13;skip;0;;;
http://www.press.sk:80/akcie/;https://web.archive.org/web/20160107030817/http://www.press.sk:80/akcie/;2,02E+13;skip;0;;;
http://www.press.sk/akcie/;https://web.archive.org/web/20160207183414/http://www.press.sk/akcie/;2,02E+13;skip;0;;;
http://www.press.sk:80/akcie/;https://web.archive.org/web/20160308034716/http://www.press.sk:80/akcie/;2,02E+13;skip;0;;;
http://www.press.sk/akcie/;https://web.archive.org/web/20160324111954/http://www.press.sk/akcie/;2,02E+13;skip;0;;;
http://www.press.sk:80/akcie;https://web.archive.org/web/20160331204339/http://www.press.sk:80/akcie;2,02E+13;skip;0;;;
http://www.press.sk/akcie/;https://web.archive.org/web/20160403111458/http://www.press.sk/akcie/;2,02E+13;skip;0;;;
http://www.press.sk:80/akcie/;https://web.archive.org/web/20160508110915/http://www.press.sk:80/akcie/;2,02E+13;skip;0;;;
http://www.press.sk:80/akcie;https://web.archive.org/web/20160511015952/http://www.press.sk:80/akcie;2,02E+13;skip;0;;;
http://www.press.sk:80/akcie/;https://web.archive.org/web/20160708062004/http://www.press.sk:80/akcie/;2,02E+13;skip;0;;;
http://www.press.sk:80/akcie/;https://web.archive.org/web/20160907205852/http://www.press.sk:80/akcie/;2,02E+13;skip;0;;;
http://www.press.sk/akcie/;https://web.archive.org/web/20161030104914/http://www.press.sk/akcie/;2,02E+13;skip;0;;;
http://www.press.sk:80/akcie/;https://web.archive.org/web/20161107113929/http://www.press.sk:80/akcie/;2,02E+13;skip;0;;;
http://www.press.sk:80/akcie/;https://web.archive.org/web/20161108195141/http://www.press.sk:80/akcie/;2,02E+13;skip;0;;;
http://www.press.sk:80/akcie/;https://web.archive.org/web/20161122115516/http://www.press.sk:80/akcie/;2,02E+13;skip;0;;;
http://www.press.sk:80/akcie/;https://web.archive.org/web/20170125153817/http://www.press.sk:80/akcie/;2,02E+13;skip;0;;;
http://www.press.sk:80/akcie/;https://web.archive.org/web/20170328025559/http://www.press.sk:80/akcie/;2,02E+13;skip;0;;;
http://www.press.sk:80/akcie;https://web.archive.org/web/20170509065904/http://www.press.sk:80/akcie;2,02E+13;skip;0;;;
http://www.press.sk:80/akcie/;https://web.archive.org/web/20170527212957/http://www.press.sk:80/akcie/;2,02E+13;skip;0;;;
http://www.press.sk/akcie/;https://web.archive.org/web/20170606121745/http://www.press.sk/akcie/;2,02E+13;skip;0;;;
http://www.press.sk:80/akcie;https://web.archive.org/web/20170609150416/http://www.press.sk:80/akcie;2,02E+13;skip;0;;;
http://www.press.sk:80/amercom/;https://web.archive.org/web/20111204213913/http://www.press.sk:80/amercom/;2,01E+13;skip;0;;;
http://www.press.sk:80/amercom/;https://web.archive.org/web/20120203131315/http://www.press.sk:80/amercom/;2,01E+13;skip;0;;;
http://www.press.sk:80/amercom;https://web.archive.org/web/20120225042317/http://www.press.sk:80/amercom;2,01E+13;skip;0;;;
http://www.press.sk:80/amercom/;https://web.archive.org/web/20120404045018/http://www.press.sk:80/amercom/;2,01E+13;skip;0;;;
http://www.press.sk:80/amercom;https://web.archive.org/web/20120419212926/http://www.press.sk:80/amercom;2,01E+13;skip;0;;;
http://www.press.sk:80/amercom/;https://web.archive.org/web/20120422162820/http://www.press.sk:80/amercom/;2,01E+13;skip;0;;;
http://www.press.sk:80/amercom;https://web.archive.org/web/20120528194037/http://www.press.sk:80/amercom;2,01E+13;skip;0;;;
http://www.press.sk:80/amercom/;https://web.archive.org/web/20120622065749/http://www.press.sk:80/amercom/;2,01E+13;skip;0;;;
http://www.press.sk:80/amercom;https://web.archive.org/web/20120629122108/http://www.press.sk:80/amercom;2,01E+13;skip;0;;;
http://www.press.sk:80/amercom/;https://web.archive.org/web/20120823013653/http://www.press.sk:80/amercom/;2,01E+13;skip;0;;;
http://www.press.sk:80/amercom;https://web.archive.org/web/20120828112903/http://www.press.sk:80/amercom;2,01E+13;skip;0;;;
http://www.press.sk:80/amercom/;https://web.archive.org/web/20121022081136/http://www.press.sk:80/amercom/;2,01E+13;skip;0;;;
http://www.press.sk:80/amercom;https://web.archive.org/web/20121103204418/http://www.press.sk:80/amercom;2,01E+13;skip;0;;;
http://www.press.sk:80/amercom/;https://web.archive.org/web/20121222013151/http://www.press.sk:80/amercom/;2,01E+13;skip;0;;;
http://www.press.sk:80/amercom;https://web.archive.org/web/20121230015302/http://www.press.sk:80/amercom;2,01E+13;skip;0;;;
http://www.press.sk:80/amercom/;https://web.archive.org/web/20130221035815/http://www.press.sk:80/amercom/;2,01E+13;skip;0;;;
http://www.press.sk:80/amercom;https://web.archive.org/web/20130329121607/http://www.press.sk:80/amercom;2,01E+13;skip;0;;;
http://www.press.sk:80/amercom/;https://web.archive.org/web/20130424064219/http://www.press.sk:80/amercom/;2,01E+13;skip;0;;;
http://www.press.sk/amercom/;https://web.archive.org/web/20130425052145/http://www.press.sk/amercom/;2,01E+13;skip;0;;;
http://www.press.sk:80/amercom;https://web.archive.org/web/20130529200213/http://www.press.sk:80/amercom;2,01E+13;skip;0;;;
http://www.press.sk:80/amercom/;https://web.archive.org/web/20130624121522/http://www.press.sk:80/amercom/;2,01E+13;skip;0;;;
http://www.press.sk:80/amercom/;https://web.archive.org/web/20130824075305/http://www.press.sk:80/amercom/;2,01E+13;skip;0;;;
http://www.press.sk/amercom/;https://web.archive.org/web/20130906145008/http://www.press.sk/amercom/;2,01E+13;skip;0;;;
http://www.press.sk:80/amercom/;https://web.archive.org/web/20131024003653/http://www.press.sk:80/amercom/;2,01E+13;skip;0;;;
http://www.press.sk:80/amercom/;https://web.archive.org/web/20131223220207/http://www.press.sk:80/amercom/;2,01E+13;skip;0;;;
http://www.press.sk/amercom/;https://web.archive.org/web/20140117060345/http://www.press.sk/amercom/;2,01E+13;skip;0;;;
http://www.press.sk:80/amercom;https://web.archive.org/web/20140126000554/http://www.press.sk:80/amercom;2,01E+13;skip;0;;;
http://www.press.sk/amercom/;https://web.archive.org/web/20140214102127/http://www.press.sk/amercom/;2,01E+13;skip;0;;;
http://www.press.sk:80/amercom/;https://web.archive.org/web/20140222120735/http://www.press.sk:80/amercom/;2,01E+13;skip;0;;;
http://www.press.sk:80/amercom;https://web.archive.org/web/20140226080320/http://www.press.sk:80/amercom;2,01E+13;skip;0;;;
http://www.press.sk:80/amercom/;https://web.archive.org/web/20140424064408/http://www.press.sk:80/amercom/;2,01E+13;skip;0;;;
http://www.press.sk:80/amercom;https://web.archive.org/web/20140705062207/http://www.press.sk:80/amercom;2,01E+13;skip;0;;;
http://www.press.sk:80/amercom;https://web.archive.org/web/20140706064421/http://www.press.sk:80/amercom;2,01E+13;skip;0;;;
http://www.press.sk/amercom/;https://web.archive.org/web/20140813074434/http://www.press.sk/amercom/;2,01E+13;skip;0;;;
http://www.press.sk:80/amercom/;https://web.archive.org/web/20140823194555/http://www.press.sk:80/amercom/;2,01E+13;skip;0;;;
http://www.press.sk:80/amercom/;https://web.archive.org/web/20141006014657/http://www.press.sk:80/amercom/;2,01E+13;skip;0;;;
http://www.press.sk:80/amercom/;https://web.archive.org/web/20141208004155/http://www.press.sk:80/amercom/;2,01E+13;skip;0;;;
http://www.press.sk:80/amercom;https://web.archive.org/web/20150308123520/http://www.press.sk:80/amercom;2,02E+13;skip;0;;;
http://www.press.sk:80/amercom/;https://web.archive.org/web/20150310090928/http://www.press.sk:80/amercom/;2,02E+13;skip;0;;;
http://www.press.sk:80/amercom;https://web.archive.org/web/20150408170214/http://www.press.sk:80/amercom;2,02E+13;skip;0;;;
http://www.press.sk/amercom/;https://web.archive.org/web/20150418193131/http://www.press.sk/amercom/;2,02E+13;skip;0;;;
http://www.press.sk:80/amercom;https://web.archive.org/web/20150509070021/http://www.press.sk:80/amercom;2,02E+13;skip;0;;;
http://www.press.sk:80/amercom/;https://web.archive.org/web/20150509194214/http://www.press.sk:80/amercom/;2,02E+13;skip;0;;;
http://www.press.sk:80/amercom;https://web.archive.org/web/20150609043406/http://www.press.sk:80/amercom;2,02E+13;skip;0;;;
http://www.press.sk:80/amercom;https://web.archive.org/web/20150710102235/http://www.press.sk:80/amercom;2,02E+13;skip;0;;;
http://www.press.sk:80/amercom/;https://web.archive.org/web/20150711130359/http://www.press.sk:80/amercom/;2,02E+13;skip;0;;;
http://www.press.sk:80/amercom;https://web.archive.org/web/20150810124209/http://www.press.sk:80/amercom;2,02E+13;skip;0;;;
http://www.press.sk:80/amercom/;https://web.archive.org/web/20150909214520/http://www.press.sk:80/amercom/;2,02E+13;skip;0;;;
http://www.press.sk:80/amercom;https://web.archive.org/web/20150910104309/http://www.press.sk:80/amercom;2,02E+13;skip;0;;;
http://www.press.sk:80/amercom/;https://web.archive.org/web/20151109051301/http://www.press.sk:80/amercom/;2,02E+13;skip;0;;;
http://www.press.sk:80/amercom;https://web.archive.org/web/20151113012758/http://www.press.sk:80/amercom;2,02E+13;skip;0;;;
http://www.press.sk:80/amercom;https://web.archive.org/web/20151215142010/http://www.press.sk:80/amercom;2,02E+13;skip;0;;;
http://www.press.sk:80/amercom/;https://web.archive.org/web/20160110044148/http://www.press.sk:80/amercom/;2,02E+13;skip;0;;;
http://www.press.sk:80/amercom/;https://web.archive.org/web/20160311074129/http://www.press.sk:80/amercom/;2,02E+13;skip;0;;;
http://www.press.sk/amercom/;https://web.archive.org/web/20160324110645/http://www.press.sk/amercom/;2,02E+13;skip;0;;;
http://www.press.sk:80/amercom;https://web.archive.org/web/20160330111724/http://www.press.sk:80/amercom;2,02E+13;skip;0;;;
http://www.press.sk:80/amercom/;https://web.archive.org/web/20160511122346/http://www.press.sk:80/amercom/;2,02E+13;skip;0;;;
http://www.press.sk:80/amercom;https://web.archive.org/web/20160514033937/http://www.press.sk:80/amercom;2,02E+13;skip;0;;;
http://www.press.sk:80/amercom;https://web.archive.org/web/20160515135524/http://www.press.sk:80/amercom;2,02E+13;skip;0;;;
http://www.press.sk:80/amercom;https://web.archive.org/web/20160616080408/http://www.press.sk:80/amercom;2,02E+13;skip;0;;;
http://www.press.sk/amercom/;https://web.archive.org/web/20160624005726/http://www.press.sk/amercom/;2,02E+13;skip;0;;;
http://www.press.sk:80/amercom/;https://web.archive.org/web/20160711113135/http://www.press.sk:80/amercom/;2,02E+13;skip;0;;;
http://www.press.sk:80/amercom/;https://web.archive.org/web/20160910135651/http://www.press.sk:80/amercom/;2,02E+13;skip;0;;;
http://www.press.sk/amercom/;https://web.archive.org/web/20161030105239/http://www.press.sk/amercom/;2,02E+13;skip;0;;;
http://www.press.sk:80/amercom/;https://web.archive.org/web/20161110234109/http://www.press.sk:80/amercom/;2,02E+13;skip;0;;;
http://www.press.sk:80/amercom/;https://web.archive.org/web/20161207113125/http://www.press.sk:80/amercom/;2,02E+13;skip;0;;;
http://www.press.sk:80/apetit/;https://web.archive.org/web/20141028145313/http://www.press.sk:80/apetit/;2,01E+13;skip;0;;;
http://www.press.sk:80/apetit/;https://web.archive.org/web/20150714163321/http://www.press.sk:80/apetit/;2,02E+13;skip;0;;;
http://www.press.sk:80/apetit;https://web.archive.org/web/20151210021111/http://www.press.sk:80/apetit;2,02E+13;skip;0;;;
http://www.press.sk:80/apetit/;https://web.archive.org/web/20151211161033/http://www.press.sk:80/apetit/;2,02E+13;skip;0;;;
http://www.press.sk:80/apetit;https://web.archive.org/web/20160109235401/http://www.press.sk:80/apetit;2,02E+13;skip;0;;;
http://www.press.sk:80/apetit;https://web.archive.org/web/20160209085516/http://www.press.sk:80/apetit;2,02E+13;skip;0;;;
http://www.press.sk:80/apetit;https://web.archive.org/web/20160210041511/http://www.press.sk:80/apetit;2,02E+13;skip;0;;;
http://www.press.sk:80/apetit/;https://web.archive.org/web/20160211185618/http://www.press.sk:80/apetit/;2,02E+13;skip;0;;;
http://www.press.sk:80/apetit/;https://web.archive.org/web/20160212101225/http://www.press.sk:80/apetit/;2,02E+13;skip;0;;;
http://www.press.sk:80/apetit;https://web.archive.org/web/20160311201941/http://www.press.sk:80/apetit;2,02E+13;skip;0;;;
http://www.press.sk:80/apetit;https://web.archive.org/web/20160416201404/http://www.press.sk:80/apetit;2,02E+13;skip;0;;;
http://www.press.sk/apetit/;https://web.archive.org/web/20160802165319/http://www.press.sk/apetit/;2,02E+13;skip;0;;;
http://www.press.sk:80/apetit/;https://web.archive.org/web/20161002082719/http://www.press.sk:80/apetit/;2,02E+13;skip;0;;;
http://www.press.sk:80/apetit;https://web.archive.org/web/20161209073616/http://www.press.sk:80/apetit;2,02E+13;skip;0;;;
http://www.press.sk:80/apetit-miniedice/;https://web.archive.org/web/20141028201139/http://www.press.sk:80/apetit-miniedice/;2,01E+13;skip;0;;;
http://www.press.sk:80/apetit-miniedice/;https://web.archive.org/web/20150630154856/http://www.press.sk:80/apetit-miniedice/;2,02E+13;skip;0;;;
http://www.press.sk:80/apetit-miniedice/;https://web.archive.org/web/20150902103704/http://www.press.sk:80/apetit-miniedice/;2,02E+13;skip;0;;;
http://www.press.sk:80/apetit-miniedice/;https://web.archive.org/web/20151211161028/http://www.press.sk:80/apetit-miniedice/;2,02E+13;skip;0;;;
http://www.press.sk:80/apetit-miniedice/;https://web.archive.org/web/20160211190030/http://www.press.sk:80/apetit-miniedice/;2,02E+13;skip;0;;;
http://www.press.sk:80/apetit-miniedice/;https://web.archive.org/web/20160212093846/http://www.press.sk:80/apetit-miniedice/;2,02E+13;skip;0;;;
http://www.press.sk/apetit-miniedice/;https://web.archive.org/web/20160410224108/http://www.press.sk/apetit-miniedice/;2,02E+13;skip;0;;;
http://www.press.sk:80/apetit-miniedice/;https://web.archive.org/web/20160522223714/http://www.press.sk:80/apetit-miniedice/;2,02E+13;skip;0;;;
http://www.press.sk:80/apetit-miniedice/;https://web.archive.org/web/20160916163305/http://www.press.sk:80/apetit-miniedice/;2,02E+13;skip;0;;;
http://www.press.sk:80/article_info.php?cArticlePath=7_8&articles_id=6;https://web.archive.org/web/20040611205057/http://www.press.sk:80/article_info.php?cArticlePath=7_8&articles_id=6;2,00E+13;skip;0;;;
http://www.press.sk:80/atlasy-a-mapy/;https://web.archive.org/web/20091025224534/http://www.press.sk:80/atlasy-a-mapy/;2,01E+13;skip;0;;;
http://www.press.sk:80/atlasy-a-mapy/;https://web.archive.org/web/20111205020038/http://www.press.sk:80/atlasy-a-mapy/;2,01E+13;skip;0;;;
http://www.press.sk/atlasy-a-mapy/;https://web.archive.org/web/20130511031106/http://www.press.sk/atlasy-a-mapy/;2,01E+13;skip;0;;;
http://www.press.sk/atlasy-a-mapy/;https://web.archive.org/web/20160802164458/http://www.press.sk/atlasy-a-mapy/;2,02E+13;skip;0;;;
http://www.press.sk/atlasy-a-mapy/;https://web.archive.org/web/20170406024808/http://www.press.sk/atlasy-a-mapy/;2,02E+13;skip;0;;;
http://www.press.sk/atlasy-a-mapy/;https://web.archive.org/web/20170614133025/http://www.press.sk/atlasy-a-mapy/;2,02E+13;skip;0;;;
http://www.press.sk/atm/;https://web.archive.org/web/20130511025540/http://www.press.sk/atm/;2,01E+13;skip;0;;;
http://www.press.sk:80/atm/;https://web.archive.org/web/20130727040102/http://www.press.sk:80/atm/;2,01E+13;skip;0;;;
http://www.press.sk:80/atm;https://web.archive.org/web/20140109053525/http://www.press.sk:80/atm;2,01E+13;skip;0;;;
http://www.press.sk:80/atm/;https://web.archive.org/web/20140110112554/http://www.press.sk:80/atm/;2,01E+13;skip;0;;;
http://www.press.sk:80/atm;https://web.archive.org/web/20140220095244/http://www.press.sk:80/atm;2,01E+13;skip;0;;;
http://www.press.sk:80/atm;https://web.archive.org/web/20140704092937/http://www.press.sk:80/atm;2,01E+13;skip;0;;;
http://www.press.sk:80/atm;https://web.archive.org/web/20140915004908/http://www.press.sk:80/atm;2,01E+13;skip;0;;;
http://www.press.sk:80/atm/;https://web.archive.org/web/20150910123820/http://www.press.sk:80/atm/;2,02E+13;skip;0;;;
http://www.press.sk/atm/;https://web.archive.org/web/20160407190426/http://www.press.sk/atm/;2,02E+13;skip;0;;;
http://www.press.sk:80/atm/;https://web.archive.org/web/20160508103208/http://www.press.sk:80/atm/;2,02E+13;skip;0;;;
http://www.press.sk/atm/;https://web.archive.org/web/20170406145921/http://www.press.sk/atm/;2,02E+13;skip;0;;;
