original_url,wayback_url,timestamp,type
http://www.press.sk:80/web/vyber-z-periodik-31.tyzden/,https://web.archive.org/web/20090803000619/http://www.press.sk:80/web/vyber-z-periodik-31.tyzden/,20090803000619,skip
http://www.press.sk:80/web/vyber-z-periodik-33.tyzden/,https://web.archive.org/web/20100825002336/http://www.press.sk:80/web/vyber-z-periodik-33.tyzden/,20100825002336,skip
http://www.press.sk:80/web/vyber-z-periodik-33.tyzden/,https://web.archive.org/web/20110911223149/http://www.press.sk:80/web/vyber-z-periodik-33.tyzden/,20110911223149,skip
http://www.press.sk:80/web/vyber-z-periodik-34.tyzden/,https://web.archive.org/web/20110912032410/http://www.press.sk:80/web/vyber-z-periodik-34.tyzden/,20110912032410,skip
http://www.press.sk:80/web/vyber-z-periodik-34.tyzden/,https://web.archive.org/web/20130826112721/http://www.press.sk:80/web/vyber-z-periodik-34.tyzden/,20130826112721,skip
http://www.press.sk:80/web/vyber-z-periodik-35.tyzden,https://web.archive.org/web/20090903115243/http://www.press.sk:80/web/vyber-z-periodik-35.tyzden,20090903115243,skip
http://www.press.sk:80/web/vyber-z-periodik-35.tyzden,https://web.archive.org/web/20100109122011/http://www.press.sk:80/web/vyber-z-periodik-35.tyzden,20100109122011,skip
http://www.press.sk:80/web/vyber-z-periodik-35.tyzden/,https://web.archive.org/web/20120831114720/http://www.press.sk:80/web/vyber-z-periodik-35.tyzden/,20120831114720,skip
http://www.press.sk:80/web/vyber-z-periodik-35.tyzden/,https://web.archive.org/web/20160906091153/http://www.press.sk:80/web/vyber-z-periodik-35.tyzden/,20160906091153,skip
http://www.press.sk:80/web/vyber-z-periodik-36.tyzden,https://web.archive.org/web/20090911041730/http://www.press.sk:80/web/vyber-z-periodik-36.tyzden,20090911041730,skip
http://www.press.sk:80/web/vyber-z-periodik-36.tyzden,https://web.archive.org/web/20100106011543/http://www.press.sk:80/web/vyber-z-periodik-36.tyzden,20100106011543,skip
http://www.press.sk:80/web/vyber-z-periodik-37.tyzden/,https://web.archive.org/web/20090912010750/http://www.press.sk:80/web/vyber-z-periodik-37.tyzden/,20090912010750,skip
http://www.press.sk:80/web/vyber-z-periodik-37.tyzden,https://web.archive.org/web/20090912082107/http://www.press.sk:80/web/vyber-z-periodik-37.tyzden,20090912082107,skip
http://www.press.sk:80/web/vyber-z-periodik-37.tyzden/,https://web.archive.org/web/20150910123733/http://www.press.sk:80/web/vyber-z-periodik-37.tyzden/,20150910123733,skip
http://www.press.sk:80/web/vyber-z-periodik-38.tyzden,https://web.archive.org/web/20090923011147/http://www.press.sk:80/web/vyber-z-periodik-38.tyzden,20090923011147,skip
http://www.press.sk:80/web/vyber-z-periodik-38.tyzden,https://web.archive.org/web/20100107033105/http://www.press.sk:80/web/vyber-z-periodik-38.tyzden,20100107033105,skip
http://www.press.sk:80/web/vyber-z-periodik-39.tyzden,https://web.archive.org/web/20090926045546/http://www.press.sk:80/web/vyber-z-periodik-39.tyzden,20090926045546,skip
http://www.press.sk:80/web/vyber-z-periodik-39.tyzden,https://web.archive.org/web/20091218093708/http://www.press.sk:80/web/vyber-z-periodik-39.tyzden,20091218093708,skip
http://www.press.sk:80/web/vyber-z-periodik-4.tyzden,https://web.archive.org/web/20090125012935/http://www.press.sk:80/web/vyber-z-periodik-4.tyzden,20090125012935,skip
http://www.press.sk:80/web/vyber-z-periodik-4.tyzden,https://web.archive.org/web/20090327123340/http://www.press.sk:80/web/vyber-z-periodik-4.tyzden,20090327123340,skip
http://www.press.sk:80/web/vyber-z-periodik-4.tyzden,https://web.archive.org/web/20090428024228/http://www.press.sk:80/web/vyber-z-periodik-4.tyzden,20090428024228,skip
http://www.press.sk:80/web/vyber-z-periodik-4.tyzden,https://web.archive.org/web/20090529082037/http://www.press.sk:80/web/vyber-z-periodik-4.tyzden,20090529082037,skip
http://www.press.sk:80/web/vyber-z-periodik-4.tyzden,https://web.archive.org/web/20091223085507/http://www.press.sk:80/web/vyber-z-periodik-4.tyzden,20091223085507,skip
http://www.press.sk:80/web/vyber-z-periodik-40.tyzden,https://web.archive.org/web/20091003114036/http://www.press.sk:80/web/vyber-z-periodik-40.tyzden,20091003114036,skip
http://www.press.sk:80/web/vyber-z-periodik-40.tyzden,https://web.archive.org/web/20091230165234/http://www.press.sk:80/web/vyber-z-periodik-40.tyzden,20091230165234,skip
http://www.press.sk/web/vyber-z-periodik-40.tyzden/,https://web.archive.org/web/20161030104945/http://www.press.sk/web/vyber-z-periodik-40.tyzden/,20161030104945,skip
http://www.press.sk:80/web/vyber-z-periodik-41.tyzden,https://web.archive.org/web/20091011095936/http://www.press.sk:80/web/vyber-z-periodik-41.tyzden,20091011095936,skip
http://www.press.sk:80/web/vyber-z-periodik-41.tyzden,https://web.archive.org/web/20100125110345/http://www.press.sk:80/web/vyber-z-periodik-41.tyzden,20100125110345,skip
http://www.press.sk/web/vyber-z-periodik-41.tyzden/,https://web.archive.org/web/20161225132913/http://www.press.sk/web/vyber-z-periodik-41.tyzden/,20161225132913,skip
http://www.press.sk:80/web/vyber-z-periodik-42.tyzden,https://web.archive.org/web/20091016053732/http://www.press.sk:80/web/vyber-z-periodik-42.tyzden,20091016053732,skip
http://www.press.sk:80/web/vyber-z-periodik-42.tyzden,https://web.archive.org/web/20100128183318/http://www.press.sk:80/web/vyber-z-periodik-42.tyzden,20100128183318,skip
http://www.press.sk:80/web/vyber-z-periodik-43.tyzden,https://web.archive.org/web/20091023043752/http://www.press.sk:80/web/vyber-z-periodik-43.tyzden,20091023043752,skip
http://www.press.sk:80/web/vyber-z-periodik-43.tyzden,https://web.archive.org/web/20100117082710/http://www.press.sk:80/web/vyber-z-periodik-43.tyzden,20100117082710,skip
http://www.press.sk/web/vyber-z-periodik-43.tyzden/,https://web.archive.org/web/20170402174218/http://www.press.sk/web/vyber-z-periodik-43.tyzden/,20170402174218,skip
http://www.press.sk:80/web/vyber-z-periodik-44.tyzden,https://web.archive.org/web/20091029234858/http://www.press.sk:80/web/vyber-z-periodik-44.tyzden,20091029234858,skip
http://www.press.sk:80/web/vyber-z-periodik-44.tyzden,https://web.archive.org/web/20100107172417/http://www.press.sk:80/web/vyber-z-periodik-44.tyzden,20100107172417,skip
http://www.press.sk:80/web/vyber-z-periodik-45.tyzden,https://web.archive.org/web/20111113014326/http://www.press.sk:80/web/vyber-z-periodik-45.tyzden,20111113014326,skip
http://www.press.sk:80/web/vyber-z-periodik-45.tyzden,https://web.archive.org/web/20111213160504/http://www.press.sk:80/web/vyber-z-periodik-45.tyzden,20111213160504,skip
http://www.press.sk:80/web/vyber-z-periodik-45.tyzden,https://web.archive.org/web/20120115084136/http://www.press.sk:80/web/vyber-z-periodik-45.tyzden,20120115084136,skip
http://www.press.sk:80/web/vyber-z-periodik-45.tyzden,https://web.archive.org/web/20120222233354/http://www.press.sk:80/web/vyber-z-periodik-45.tyzden,20120222233354,skip
http://www.press.sk:80/web/vyber-z-periodik-45.tyzden,https://web.archive.org/web/20120420205743/http://www.press.sk:80/web/vyber-z-periodik-45.tyzden,20120420205743,skip
http://www.press.sk:80/web/vyber-z-periodik-45.tyzden,https://web.archive.org/web/20120629021403/http://www.press.sk:80/web/vyber-z-periodik-45.tyzden,20120629021403,skip
http://www.press.sk:80/web/vyber-z-periodik-45.tyzden,https://web.archive.org/web/20120817081904/http://www.press.sk:80/web/vyber-z-periodik-45.tyzden,20120817081904,skip
http://www.press.sk:80/web/vyber-z-periodik-45.tyzden,https://web.archive.org/web/20121105010223/http://www.press.sk:80/web/vyber-z-periodik-45.tyzden,20121105010223,skip
http://www.press.sk:80/web/vyber-z-periodik-45.tyzden,https://web.archive.org/web/20121229231655/http://www.press.sk:80/web/vyber-z-periodik-45.tyzden,20121229231655,skip
http://www.press.sk:80/web/vyber-z-periodik-45.tyzden,https://web.archive.org/web/20130524032412/http://www.press.sk:80/web/vyber-z-periodik-45.tyzden,20130524032412,skip
http://www.press.sk:80/web/vyber-z-periodik-45.tyzden/,https://web.archive.org/web/20161115044317/http://www.press.sk:80/web/vyber-z-periodik-45.tyzden/,20161115044317,skip
http://www.press.sk:80/web/vyber-z-periodik-46.tyzden,https://web.archive.org/web/20091114065107/http://www.press.sk:80/web/vyber-z-periodik-46.tyzden,20091114065107,skip
http://www.press.sk:80/web/vyber-z-periodik-46.tyzden,https://web.archive.org/web/20100117152011/http://www.press.sk:80/web/vyber-z-periodik-46.tyzden,20100117152011,skip
http://www.press.sk:80/web/vyber-z-periodik-46.tyzden/,https://web.archive.org/web/20101121004746/http://www.press.sk:80/web/vyber-z-periodik-46.tyzden/,20101121004746,skip
http://www.press.sk:80/web/vyber-z-periodik-46.tyzden,https://web.archive.org/web/20111117210145/http://www.press.sk:80/web/vyber-z-periodik-46.tyzden,20111117210145,skip
http://www.press.sk:80/web/vyber-z-periodik-46.tyzden/,https://web.archive.org/web/20111122221525/http://www.press.sk:80/web/vyber-z-periodik-46.tyzden/,20111122221525,skip
http://www.press.sk:80/web/vyber-z-periodik-46.tyzden,https://web.archive.org/web/20111218200052/http://www.press.sk:80/web/vyber-z-periodik-46.tyzden,20111218200052,skip
http://www.press.sk:80/web/vyber-z-periodik-46.tyzden,https://web.archive.org/web/20120119041153/http://www.press.sk:80/web/vyber-z-periodik-46.tyzden,20120119041153,skip
http://www.press.sk:80/web/vyber-z-periodik-46.tyzden,https://web.archive.org/web/20120225223431/http://www.press.sk:80/web/vyber-z-periodik-46.tyzden,20120225223431,skip
http://www.press.sk:80/web/vyber-z-periodik-46.tyzden,https://web.archive.org/web/20120418192520/http://www.press.sk:80/web/vyber-z-periodik-46.tyzden,20120418192520,skip
http://www.press.sk:80/web/vyber-z-periodik-46.tyzden,https://web.archive.org/web/20120627121344/http://www.press.sk:80/web/vyber-z-periodik-46.tyzden,20120627121344,skip
http://www.press.sk:80/web/vyber-z-periodik-46.tyzden,https://web.archive.org/web/20120815155955/http://www.press.sk:80/web/vyber-z-periodik-46.tyzden,20120815155955,skip
http://www.press.sk:80/web/vyber-z-periodik-46.tyzden,https://web.archive.org/web/20121104133947/http://www.press.sk:80/web/vyber-z-periodik-46.tyzden,20121104133947,skip
http://www.press.sk:80/web/vyber-z-periodik-46.tyzden,https://web.archive.org/web/20121231082321/http://www.press.sk:80/web/vyber-z-periodik-46.tyzden,20121231082321,skip
http://www.press.sk:80/web/vyber-z-periodik-46.tyzden,https://web.archive.org/web/20130529050913/http://www.press.sk:80/web/vyber-z-periodik-46.tyzden,20130529050913,skip
http://www.press.sk:80/web/vyber-z-periodik-47.tyzden,https://web.archive.org/web/20091122114533/http://www.press.sk:80/web/vyber-z-periodik-47.tyzden,20091122114533,skip
http://www.press.sk:80/web/vyber-z-periodik-47.tyzden,https://web.archive.org/web/20100106114945/http://www.press.sk:80/web/vyber-z-periodik-47.tyzden,20100106114945,skip
http://www.press.sk:80/web/vyber-z-periodik-47.tyzden50/,https://web.archive.org/web/20151211205343/http://www.press.sk:80/web/vyber-z-periodik-47.tyzden50/,20151211205343,skip
http://www.press.sk:80/web/vyber-z-periodik-48.tyzden,https://web.archive.org/web/20091127054739/http://www.press.sk:80/web/vyber-z-periodik-48.tyzden,20091127054739,skip
http://www.press.sk:80/web/vyber-z-periodik-48.tyzden,https://web.archive.org/web/20100107132823/http://www.press.sk:80/web/vyber-z-periodik-48.tyzden,20100107132823,skip
http://www.press.sk:80/web/vyber-z-periodik-48.tyzden/,https://web.archive.org/web/20101204152840/http://www.press.sk:80/web/vyber-z-periodik-48.tyzden/,20101204152840,skip
http://www.press.sk:80/web/vyber-z-periodik-48.tyzden/,https://web.archive.org/web/20111202074614/http://www.press.sk:80/web/vyber-z-periodik-48.tyzden/,20111202074614,skip
http://www.press.sk:80/web/vyber-z-periodik-48.tyzden,https://web.archive.org/web/20111202220218/http://www.press.sk:80/web/vyber-z-periodik-48.tyzden,20111202220218,skip
http://www.press.sk:80/web/vyber-z-periodik-48.tyzden,https://web.archive.org/web/20120102091916/http://www.press.sk:80/web/vyber-z-periodik-48.tyzden,20120102091916,skip
http://www.press.sk:80/web/vyber-z-periodik-48.tyzden,https://web.archive.org/web/20120201204844/http://www.press.sk:80/web/vyber-z-periodik-48.tyzden,20120201204844,skip
http://www.press.sk:80/web/vyber-z-periodik-48.tyzden,https://web.archive.org/web/20120303191134/http://www.press.sk:80/web/vyber-z-periodik-48.tyzden,20120303191134,skip
http://www.press.sk:80/web/vyber-z-periodik-48.tyzden,https://web.archive.org/web/20120418182323/http://www.press.sk:80/web/vyber-z-periodik-48.tyzden,20120418182323,skip
http://www.press.sk:80/web/vyber-z-periodik-48.tyzden,https://web.archive.org/web/20120629001342/http://www.press.sk:80/web/vyber-z-periodik-48.tyzden,20120629001342,skip
http://www.press.sk:80/web/vyber-z-periodik-48.tyzden,https://web.archive.org/web/20120818175522/http://www.press.sk:80/web/vyber-z-periodik-48.tyzden,20120818175522,skip
http://www.press.sk:80/web/vyber-z-periodik-48.tyzden,https://web.archive.org/web/20121103164735/http://www.press.sk:80/web/vyber-z-periodik-48.tyzden,20121103164735,skip
http://www.press.sk:80/web/vyber-z-periodik-48.tyzden,https://web.archive.org/web/20130101181259/http://www.press.sk:80/web/vyber-z-periodik-48.tyzden,20130101181259,skip
http://www.press.sk:80/web/vyber-z-periodik-48.tyzden,https://web.archive.org/web/20130528103757/http://www.press.sk:80/web/vyber-z-periodik-48.tyzden,20130528103757,skip
http://www.press.sk:80/web/vyber-z-periodik-49.tyzden/,https://web.archive.org/web/20081218020524/http://www.press.sk:80/web/vyber-z-periodik-49.tyzden/,20081218020524,skip
http://www.press.sk:80/web/vyber-z-periodik-49.tyzden,https://web.archive.org/web/20091207021736/http://www.press.sk:80/web/vyber-z-periodik-49.tyzden,20091207021736,skip
http://www.press.sk:80/web/vyber-z-periodik-49.tyzden,https://web.archive.org/web/20100110085846/http://www.press.sk:80/web/vyber-z-periodik-49.tyzden,20100110085846,skip
http://www.press.sk:80/web/vyber-z-periodik-49.tyzden,https://web.archive.org/web/20120109122840/http://www.press.sk:80/web/vyber-z-periodik-49.tyzden,20120109122840,skip
http://www.press.sk:80/web/vyber-z-periodik-49.tyzden,https://web.archive.org/web/20120209152806/http://www.press.sk:80/web/vyber-z-periodik-49.tyzden,20120209152806,skip
http://www.press.sk:80/web/vyber-z-periodik-49.tyzden,https://web.archive.org/web/20120311203113/http://www.press.sk:80/web/vyber-z-periodik-49.tyzden,20120311203113,skip
http://www.press.sk:80/web/vyber-z-periodik-49.tyzden,https://web.archive.org/web/20120419223228/http://www.press.sk:80/web/vyber-z-periodik-49.tyzden,20120419223228,skip
http://www.press.sk:80/web/vyber-z-periodik-49.tyzden,https://web.archive.org/web/20120626214323/http://www.press.sk:80/web/vyber-z-periodik-49.tyzden,20120626214323,skip
http://www.press.sk:80/web/vyber-z-periodik-49.tyzden,https://web.archive.org/web/20120826214223/http://www.press.sk:80/web/vyber-z-periodik-49.tyzden,20120826214223,skip
http://www.press.sk:80/web/vyber-z-periodik-49.tyzden,https://web.archive.org/web/20121027104827/http://www.press.sk:80/web/vyber-z-periodik-49.tyzden,20121027104827,skip
http://www.press.sk:80/web/vyber-z-periodik-49.tyzden,https://web.archive.org/web/20121127202110/http://www.press.sk:80/web/vyber-z-periodik-49.tyzden,20121127202110,skip
http://www.press.sk:80/web/vyber-z-periodik-49.tyzden,https://web.archive.org/web/20130103134049/http://www.press.sk:80/web/vyber-z-periodik-49.tyzden,20130103134049,skip
http://www.press.sk:80/web/vyber-z-periodik-49.tyzden,https://web.archive.org/web/20130524013532/http://www.press.sk:80/web/vyber-z-periodik-49.tyzden,20130524013532,skip
http://www.press.sk:80/web/vyber-z-periodik-49.tyzden/,https://web.archive.org/web/20151211205507/http://www.press.sk:80/web/vyber-z-periodik-49.tyzden/,20151211205507,skip
http://www.press.sk:80/web/vyber-z-periodik-5.tyzden,https://web.archive.org/web/20090130094517/http://www.press.sk:80/web/vyber-z-periodik-5.tyzden,20090130094517,skip
http://www.press.sk:80/web/vyber-z-periodik-5.tyzden,https://web.archive.org/web/20090302005432/http://www.press.sk:80/web/vyber-z-periodik-5.tyzden,20090302005432,skip
http://www.press.sk:80/web/vyber-z-periodik-5.tyzden,https://web.archive.org/web/20090401184214/http://www.press.sk:80/web/vyber-z-periodik-5.tyzden,20090401184214,skip
http://www.press.sk:80/web/vyber-z-periodik-5.tyzden,https://web.archive.org/web/20090503052617/http://www.press.sk:80/web/vyber-z-periodik-5.tyzden,20090503052617,skip
http://www.press.sk:80/web/vyber-z-periodik-5.tyzden,https://web.archive.org/web/20100117152108/http://www.press.sk:80/web/vyber-z-periodik-5.tyzden,20100117152108,skip
http://www.press.sk:80/web/vyber-z-periodik-50.tyzden,https://web.archive.org/web/20091213030355/http://www.press.sk:80/web/vyber-z-periodik-50.tyzden,20091213030355,skip
http://www.press.sk:80/web/vyber-z-periodik-50.tyzden,https://web.archive.org/web/20100125104326/http://www.press.sk:80/web/vyber-z-periodik-50.tyzden,20100125104326,skip
http://www.press.sk:80/web/vyber-z-periodik-50.tyzden,https://web.archive.org/web/20120109102339/http://www.press.sk:80/web/vyber-z-periodik-50.tyzden,20120109102339,skip
http://www.press.sk:80/web/vyber-z-periodik-50.tyzden,https://web.archive.org/web/20120209145551/http://www.press.sk:80/web/vyber-z-periodik-50.tyzden,20120209145551,skip
http://www.press.sk:80/web/vyber-z-periodik-50.tyzden,https://web.archive.org/web/20120311200058/http://www.press.sk:80/web/vyber-z-periodik-50.tyzden,20120311200058,skip
http://www.press.sk:80/web/vyber-z-periodik-50.tyzden,https://web.archive.org/web/20120418193631/http://www.press.sk:80/web/vyber-z-periodik-50.tyzden,20120418193631,skip
http://www.press.sk:80/web/vyber-z-periodik-50.tyzden,https://web.archive.org/web/20120627020435/http://www.press.sk:80/web/vyber-z-periodik-50.tyzden,20120627020435,skip
http://www.press.sk:80/web/vyber-z-periodik-50.tyzden,https://web.archive.org/web/20120826182953/http://www.press.sk:80/web/vyber-z-periodik-50.tyzden,20120826182953,skip
http://www.press.sk:80/web/vyber-z-periodik-50.tyzden,https://web.archive.org/web/20121103161031/http://www.press.sk:80/web/vyber-z-periodik-50.tyzden,20121103161031,skip
http://www.press.sk:80/web/vyber-z-periodik-50.tyzden,https://web.archive.org/web/20130103134128/http://www.press.sk:80/web/vyber-z-periodik-50.tyzden,20130103134128,skip
http://www.press.sk:80/web/vyber-z-periodik-50.tyzden,https://web.archive.org/web/20130523012040/http://www.press.sk:80/web/vyber-z-periodik-50.tyzden,20130523012040,skip
http://www.press.sk:80/web/vyber-z-periodik-51.tyzden/,https://web.archive.org/web/20101231145037/http://www.press.sk:80/web/vyber-z-periodik-51.tyzden/,20101231145037,skip
http://www.press.sk:80/web/vyber-z-periodik-51.tyzden/,https://web.archive.org/web/20110101172310/http://www.press.sk:80/web/vyber-z-periodik-51.tyzden/,20110101172310,skip
http://www.press.sk:80/web/vyber-z-periodik-51.tyzden,https://web.archive.org/web/20120107224021/http://www.press.sk:80/web/vyber-z-periodik-51.tyzden,20120107224021,skip
http://www.press.sk:80/web/vyber-z-periodik-51.tyzden/,https://web.archive.org/web/20120111140327/http://www.press.sk:80/web/vyber-z-periodik-51.tyzden/,20120111140327,skip
http://www.press.sk:80/web/vyber-z-periodik-51.tyzden,https://web.archive.org/web/20120207203046/http://www.press.sk:80/web/vyber-z-periodik-51.tyzden,20120207203046,skip
http://www.press.sk:80/web/vyber-z-periodik-51.tyzden,https://web.archive.org/web/20120309184052/http://www.press.sk:80/web/vyber-z-periodik-51.tyzden,20120309184052,skip
http://www.press.sk:80/web/vyber-z-periodik-51.tyzden,https://web.archive.org/web/20120418204041/http://www.press.sk:80/web/vyber-z-periodik-51.tyzden,20120418204041,skip
http://www.press.sk:80/web/vyber-z-periodik-51.tyzden,https://web.archive.org/web/20120627025654/http://www.press.sk:80/web/vyber-z-periodik-51.tyzden,20120627025654,skip
http://www.press.sk:80/web/vyber-z-periodik-51.tyzden,https://web.archive.org/web/20120818223628/http://www.press.sk:80/web/vyber-z-periodik-51.tyzden,20120818223628,skip
http://www.press.sk:80/web/vyber-z-periodik-51.tyzden,https://web.archive.org/web/20121103213444/http://www.press.sk:80/web/vyber-z-periodik-51.tyzden,20121103213444,skip
http://www.press.sk:80/web/vyber-z-periodik-51.tyzden,https://web.archive.org/web/20121229074356/http://www.press.sk:80/web/vyber-z-periodik-51.tyzden,20121229074356,skip
http://www.press.sk:80/web/vyber-z-periodik-51.tyzden,https://web.archive.org/web/20130530230128/http://www.press.sk:80/web/vyber-z-periodik-51.tyzden,20130530230128,skip
http://www.press.sk:80/web/vyber-z-periodik-52.-53.-tyzden/,https://web.archive.org/web/20160110061402/http://www.press.sk:80/web/vyber-z-periodik-52.-53.-tyzden/,20160110061402,skip
http://www.press.sk:80/web/vyber-z-periodik-52.tyzden,https://web.archive.org/web/20120110042246/http://www.press.sk:80/web/vyber-z-periodik-52.tyzden,20120110042246,skip
http://www.press.sk:80/web/vyber-z-periodik-52.tyzden,https://web.archive.org/web/20120210070621/http://www.press.sk:80/web/vyber-z-periodik-52.tyzden,20120210070621,skip
http://www.press.sk:80/web/vyber-z-periodik-52.tyzden,https://web.archive.org/web/20120312164646/http://www.press.sk:80/web/vyber-z-periodik-52.tyzden,20120312164646,skip
http://www.press.sk:80/web/vyber-z-periodik-52.tyzden,https://web.archive.org/web/20120419194759/http://www.press.sk:80/web/vyber-z-periodik-52.tyzden,20120419194759,skip
http://www.press.sk:80/web/vyber-z-periodik-52.tyzden,https://web.archive.org/web/20120627123621/http://www.press.sk:80/web/vyber-z-periodik-52.tyzden,20120627123621,skip
http://www.press.sk:80/web/vyber-z-periodik-52.tyzden,https://web.archive.org/web/20120818080622/http://www.press.sk:80/web/vyber-z-periodik-52.tyzden,20120818080622,skip
http://www.press.sk:80/web/vyber-z-periodik-52.tyzden,https://web.archive.org/web/20121104034833/http://www.press.sk:80/web/vyber-z-periodik-52.tyzden,20121104034833,skip
http://www.press.sk:80/web/vyber-z-periodik-52.tyzden,https://web.archive.org/web/20121230153802/http://www.press.sk:80/web/vyber-z-periodik-52.tyzden,20121230153802,skip
http://www.press.sk:80/web/vyber-z-periodik-52.tyzden,https://web.archive.org/web/20130523162936/http://www.press.sk:80/web/vyber-z-periodik-52.tyzden,20130523162936,skip
http://www.press.sk:80/web/vyber-z-periodik-6.tyzden,https://web.archive.org/web/20090207045948/http://www.press.sk:80/web/vyber-z-periodik-6.tyzden,20090207045948,skip
http://www.press.sk:80/web/vyber-z-periodik-6.tyzden,https://web.archive.org/web/20090410000445/http://www.press.sk:80/web/vyber-z-periodik-6.tyzden,20090410000445,skip
http://www.press.sk:80/web/vyber-z-periodik-6.tyzden,https://web.archive.org/web/20090512061343/http://www.press.sk:80/web/vyber-z-periodik-6.tyzden,20090512061343,skip
http://www.press.sk/web/vyber-z-periodik-6.tyzden/,https://web.archive.org/web/20140214082109/http://www.press.sk/web/vyber-z-periodik-6.tyzden/,20140214082109,skip
http://www.press.sk:80/web/vyber-z-periodik-7.tyzden,https://web.archive.org/web/20090219165127/http://www.press.sk:80/web/vyber-z-periodik-7.tyzden,20090219165127,skip
http://www.press.sk:80/web/vyber-z-periodik-7.tyzden,https://web.archive.org/web/20090322152929/http://www.press.sk:80/web/vyber-z-periodik-7.tyzden,20090322152929,skip
http://www.press.sk:80/web/vyber-z-periodik-7.tyzden,https://web.archive.org/web/20090422105917/http://www.press.sk:80/web/vyber-z-periodik-7.tyzden,20090422105917,skip
http://www.press.sk:80/web/vyber-z-periodik-7.tyzden,https://web.archive.org/web/20090523060406/http://www.press.sk:80/web/vyber-z-periodik-7.tyzden,20090523060406,skip
http://www.press.sk:80/web/vyber-z-periodik-7.tyzden,https://web.archive.org/web/20100107160142/http://www.press.sk:80/web/vyber-z-periodik-7.tyzden,20100107160142,skip
http://www.press.sk:80/web/vyber-z-periodik-8.tyzden,https://web.archive.org/web/20090222205425/http://www.press.sk:80/web/vyber-z-periodik-8.tyzden,20090222205425,skip
http://www.press.sk:80/web/vyber-z-periodik-8.tyzden,https://web.archive.org/web/20090326043359/http://www.press.sk:80/web/vyber-z-periodik-8.tyzden,20090326043359,skip
http://www.press.sk:80/web/vyber-z-periodik-8.tyzden,https://web.archive.org/web/20090426004203/http://www.press.sk:80/web/vyber-z-periodik-8.tyzden,20090426004203,skip
http://www.press.sk:80/web/vyber-z-periodik-8.tyzden,https://web.archive.org/web/20100111150940/http://www.press.sk:80/web/vyber-z-periodik-8.tyzden,20100111150940,skip
http://www.press.sk:80/web/vyber-z-periodik-9.tyzden,https://web.archive.org/web/20090228055648/http://www.press.sk:80/web/vyber-z-periodik-9.tyzden,20090228055648,skip
http://www.press.sk:80/web/vyber-z-periodik-9.tyzden/,https://web.archive.org/web/20090306002540/http://www.press.sk:80/web/vyber-z-periodik-9.tyzden/,20090306002540,skip
http://www.press.sk:80/web/vyber-z-periodik-9.tyzden,https://web.archive.org/web/20090330184339/http://www.press.sk:80/web/vyber-z-periodik-9.tyzden,20090330184339,skip
http://www.press.sk:80/web/vyber-z-periodik-9.tyzden,https://web.archive.org/web/20090430154813/http://www.press.sk:80/web/vyber-z-periodik-9.tyzden,20090430154813,skip
http://www.press.sk:80/web/vyber-z-periodik-9.tyzden/,https://web.archive.org/web/20100307123559/http://www.press.sk:80/web/vyber-z-periodik-9.tyzden/,20100307123559,skip
http://www.press.sk:80/web/vyber-z-periodik-9.tyzden,https://web.archive.org/web/20100309051055/http://www.press.sk:80/web/vyber-z-periodik-9.tyzden,20100309051055,skip
http://www.press.sk:80/web/vyber-z-periodik-9.tyzden,https://web.archive.org/web/20100410024051/http://www.press.sk:80/web/vyber-z-periodik-9.tyzden,20100410024051,skip
http://www.press.sk:80/web/vyber-z-periodik-9.tyzden/,https://web.archive.org/web/20110310184006/http://www.press.sk:80/web/vyber-z-periodik-9.tyzden/,20110310184006,skip
http://www.press.sk/web/vyber-z-periodik-9.tyzden/,https://web.archive.org/web/20160324110457/http://www.press.sk/web/vyber-z-periodik-9.tyzden/,20160324110457,skip
http://www.press.sk/web/vychadza-marcove-cislo-mesacnika-atm/,https://web.archive.org/web/20150418191118/http://www.press.sk/web/vychadza-marcove-cislo-mesacnika-atm/,20150418191118,skip
http://www.press.sk/web/vyhercovia-sutaze-zalietajte-si-s-predplatnym/,https://web.archive.org/web/20160324114947/http://www.press.sk/web/vyhercovia-sutaze-zalietajte-si-s-predplatnym/,20160324114947,skip
http://www.press.sk/web/vypredaj-knih.-ceny-uz-od-050e./,https://web.archive.org/web/20140812084650/http://www.press.sk/web/vypredaj-knih.-ceny-uz-od-050e./,20140812084650,skip
http://www.press.sk:80/web/vypredaj-vsetko-za-150a./,https://web.archive.org/web/20120313000613/http://www.press.sk:80/web/vypredaj-vsetko-za-150a./,20120313000613,skip
http://www.press.sk:80/web/vysivka/,https://web.archive.org/web/20090803000651/http://www.press.sk:80/web/vysivka/,20090803000651,skip
http://www.press.sk:80/web/vysivka,https://web.archive.org/web/20090803091129/http://www.press.sk:80/web/vysivka,20090803091129,skip
http://www.press.sk:80/web/vysivka/,https://web.archive.org/web/20091002203609/http://www.press.sk:80/web/vysivka/,20091002203609,skip
http://www.press.sk:80/web/vysivka,https://web.archive.org/web/20100110085432/http://www.press.sk:80/web/vysivka,20100110085432,skip
http://www.press.sk:80/web/woman-a-velka-vianocna-sutaz/,https://web.archive.org/web/20101121004751/http://www.press.sk:80/web/woman-a-velka-vianocna-sutaz/,20101121004751,skip
http://www.press.sk:80/web/woman-a-velka-vianocna-sutaz,https://web.archive.org/web/20101123192917/http://www.press.sk:80/web/woman-a-velka-vianocna-sutaz,20101123192917,skip
http://www.press.sk:80/web/woman-a-velka-vianocna-sutaz,https://web.archive.org/web/20101224173935/http://www.press.sk:80/web/woman-a-velka-vianocna-sutaz,20101224173935,skip
http://www.press.sk:80/web/xb-1-mesacnik-sci-fi-fantasy-a-hororu/,https://web.archive.org/web/20110119061254/http://www.press.sk:80/web/xb-1-mesacnik-sci-fi-fantasy-a-hororu/,20110119061254,skip
http://www.press.sk:80/web/xb-1-mesacnik-sci-fi-fantasy-a-hororu/,https://web.archive.org/web/20110321051037/http://www.press.sk:80/web/xb-1-mesacnik-sci-fi-fantasy-a-hororu/,20110321051037,skip
http://www.press.sk:80/web/zbarveni-a-oznacovani-vozidel-ceskoslovenske-armady-v-letech-1945n1992/,https://web.archive.org/web/20160801083437/http://www.press.sk:80/web/zbarveni-a-oznacovani-vozidel-ceskoslovenske-armady-v-letech-1945n1992/,20160801083437,skip
http://www.press.sk:80/web/zbarveni-a-oznacovani-vozidel-ceskoslovenske-armady-v-letech-1945n1992/,https://web.archive.org/web/20161001193259/http://www.press.sk:80/web/zbarveni-a-oznacovani-vozidel-ceskoslovenske-armady-v-letech-1945n1992/,20161001193259,skip
http://www.press.sk/web/zbarveni-a-oznacovani-vozidel-ceskoslovenske-armady-v-letech-1945n1992/,https://web.archive.org/web/20161030104653/http://www.press.sk/web/zbarveni-a-oznacovani-vozidel-ceskoslovenske-armady-v-letech-1945n1992/,20161030104653,skip
https://www.press.sk/wishlist/,https://web.archive.org/web/20190826034217/https://www.press.sk/wishlist/,20190826034217,skip
https://www.press.sk/wishlist/,https://web.archive.org/web/20190923141459/https://www.press.sk/wishlist/,20190923141459,skip
https://www.press.sk/wishlist/,https://web.archive.org/web/20191019105304/https://www.press.sk/wishlist/,20191019105304,skip
https://www.press.sk/wishlist/,https://web.archive.org/web/20191122061414/https://www.press.sk/wishlist/,20191122061414,skip
https://www.press.sk/wishlist/,https://web.archive.org/web/20191214191014/https://www.press.sk/wishlist/,20191214191014,skip
https://www.press.sk/wishlist/,https://web.archive.org/web/20221212000254/https://www.press.sk/wishlist/,20221212000254,skip
https://www.press.sk/wishlist/,https://web.archive.org/web/20230311055241/https://www.press.sk/wishlist/,20230311055241,skip
https://www.press.sk/wishlist/,https://web.archive.org/web/20230711191526/https://www.press.sk/wishlist/,20230711191526,skip
https://www.press.sk/zachranarstvo/,https://web.archive.org/web/20190724010929/https://www.press.sk/zachranarstvo/,20190724010929,skip
https://www.press.sk/zachranarstvo/,https://web.archive.org/web/20190922085927/https://www.press.sk/zachranarstvo/,20190922085927,skip
https://www.press.sk/zachranarstvo/,https://web.archive.org/web/20191115191313/https://www.press.sk/zachranarstvo/,20191115191313,skip
https://www.press.sk/zachranarstvo/,https://web.archive.org/web/20230311055300/https://www.press.sk/zachranarstvo/,20230311055300,skip
https://www.press.sk/zachranarstvo/hasici-osobni-pribeh-profesionalniho-hasice-a-taty-jednoho-bezva/,https://web.archive.org/web/20191017082853/https://www.press.sk/zachranarstvo/hasici-osobni-pribeh-profesionalniho-hasice-a-taty-jednoho-bezva/,20191017082853,skip
https://www.press.sk/zachranarstvo/hasici-osobni-pribeh-profesionalniho-hasice-a-taty-jednoho-bezva/,https://web.archive.org/web/20191214175925/https://www.press.sk/zachranarstvo/hasici-osobni-pribeh-profesionalniho-hasice-a-taty-jednoho-bezva/,20191214175925,skip
https://www.press.sk/zachranarstvo/lety-pro-zivot/,https://web.archive.org/web/20190723163431/https://www.press.sk/zachranarstvo/lety-pro-zivot/,20190723163431,skip
https://www.press.sk/zachranarstvo/lety-pro-zivot/,https://web.archive.org/web/20190923162943/https://www.press.sk/zachranarstvo/lety-pro-zivot/,20190923162943,skip
https://www.press.sk/zachranarstvo/lety-pro-zivot/,https://web.archive.org/web/20191114151002/https://www.press.sk/zachranarstvo/lety-pro-zivot/,20191114151002,skip
https://www.press.sk/zachranarstvo/psi-zachranar-vzpominky-nejen-na-misi-v-bejrutu-a-na-zasah-pri-t/,https://web.archive.org/web/20230311055300/https://www.press.sk/zachranarstvo/psi-zachranar-vzpominky-nejen-na-misi-v-bejrutu-a-na-zasah-pri-t/,20230311055300,skip
http://www.press.sk/zahradkar/,https://web.archive.org/web/20130511014917/http://www.press.sk/zahradkar/,20130511014917,skip
http://www.press.sk:80/zahradkar/,https://web.archive.org/web/20130726213154/http://www.press.sk:80/zahradkar/,20130726213154,skip
http://www.press.sk:80/zahradkar/,https://web.archive.org/web/20140110120940/http://www.press.sk:80/zahradkar/,20140110120940,skip
http://www.press.sk:80/zahradkar/,https://web.archive.org/web/20150910123529/http://www.press.sk:80/zahradkar/,20150910123529,skip
http://www.press.sk/zahradkar/,https://web.archive.org/web/20160407131709/http://www.press.sk/zahradkar/,20160407131709,skip
http://www.press.sk:80/zahradkar/,https://web.archive.org/web/20160510060555/http://www.press.sk:80/zahradkar/,20160510060555,skip
http://www.press.sk/zahradkar/,https://web.archive.org/web/20170406145505/http://www.press.sk/zahradkar/,20170406145505,skip
https://www.press.sk/zahradkar/,https://web.archive.org/web/20190826032556/https://www.press.sk/zahradkar/,20190826032556,skip
https://www.press.sk/zahradkar/,https://web.archive.org/web/20190923140521/https://www.press.sk/zahradkar/,20190923140521,skip
https://www.press.sk/zahradkar/,https://web.archive.org/web/20191015215203/https://www.press.sk/zahradkar/,20191015215203,skip
https://www.press.sk/zahradkar/,https://web.archive.org/web/20191114173743/https://www.press.sk/zahradkar/,20191114173743,skip
https://www.press.sk/zahradkar/,https://web.archive.org/web/20191214175931/https://www.press.sk/zahradkar/,20191214175931,skip
https://www.press.sk/zahradkar/,https://web.archive.org/web/20221212000311/https://www.press.sk/zahradkar/,20221212000311,skip
https://www.press.sk/zahradkar/,https://web.archive.org/web/20230311055243/https://www.press.sk/zahradkar/,20230311055243,skip
https://www.press.sk/zahradkar/,https://web.archive.org/web/20230624070951/https://www.press.sk/zahradkar/,20230624070951,skip
http://www.press.sk/zahradkar/zahradkar/,https://web.archive.org/web/20130622214956/http://www.press.sk/zahradkar/zahradkar/,20130622214956,skip
https://www.press.sk/zahradkar/zahradkar/,https://web.archive.org/web/20190723183702/https://www.press.sk/zahradkar/zahradkar/,20190723183702,skip
https://www.press.sk/zahradkar/zahradkar/,https://web.archive.org/web/20190820230816/https://www.press.sk/zahradkar/zahradkar/,20190820230816,skip
https://www.press.sk/zahradkar/zahradkar/,https://web.archive.org/web/20190920190953/https://www.press.sk/zahradkar/zahradkar/,20190920190953,skip
https://www.press.sk/zahradkar/zahradkar/,https://web.archive.org/web/20191015215925/https://www.press.sk/zahradkar/zahradkar/,20191015215925,skip
https://www.press.sk/zahradkar/zahradkar/,https://web.archive.org/web/20230311055305/https://www.press.sk/zahradkar/zahradkar/,20230311055305,skip
http://www.press.sk/zahradkar/zahradkar-c.012013/,https://web.archive.org/web/20130622171828/http://www.press.sk/zahradkar/zahradkar-c.012013/,20130622171828,skip
http://www.press.sk/zahradkar/zahradkar-c.022013/,https://web.archive.org/web/20130622201644/http://www.press.sk/zahradkar/zahradkar-c.022013/,20130622201644,skip
http://www.press.sk/zahradkar/zahradkar-c.032013/,https://web.archive.org/web/20130622225220/http://www.press.sk/zahradkar/zahradkar-c.032013/,20130622225220,skip
http://www.press.sk/zahradkar/zahradkar-c.042013/,https://web.archive.org/web/20130622175504/http://www.press.sk/zahradkar/zahradkar-c.042013/,20130622175504,skip
http://www.press.sk/zahradkar/zahradkar-c.052013/,https://web.archive.org/web/20130512224829/http://www.press.sk/zahradkar/zahradkar-c.052013/,20130512224829,skip
https://www.press.sk/zahradkar/zahradkar/?utm_source=newsletter&utm_campaign=Januar_2014&utm_medium=archive,https://web.archive.org/web/20190821044727/https://www.press.sk/zahradkar/zahradkar/?utm_source=newsletter&utm_campaign=Januar_2014&utm_medium=archive,20190821044727,skip
https://www.press.sk/zahradkar/zahradkar/?utm_source=newsletter&utm_campaign=Jul_2014&utm_medium=archive,https://web.archive.org/web/20190821044935/https://www.press.sk/zahradkar/zahradkar/?utm_source=newsletter&utm_campaign=Jul_2014&utm_medium=archive,20190821044935,skip
http://www.press.sk:80/zahradkarstvo/,https://web.archive.org/web/20081211135326/http://www.press.sk:80/zahradkarstvo/,20081211135326,skip
http://www.press.sk:80/zahradkarstvo/,https://web.archive.org/web/20081224212623/http://www.press.sk:80/zahradkarstvo/,20081224212623,skip
http://www.press.sk:80/zahradkarstvo/,https://web.archive.org/web/20090223070920/http://www.press.sk:80/zahradkarstvo/,20090223070920,skip
http://www.press.sk:80/zahradkarstvo/,https://web.archive.org/web/20090424183955/http://www.press.sk:80/zahradkarstvo/,20090424183955,skip
http://www.press.sk:80/zahradkarstvo/,https://web.archive.org/web/20090817224127/http://www.press.sk:80/zahradkarstvo/,20090817224127,skip
http://www.press.sk:80/zahradkarstvo/,https://web.archive.org/web/20091017195118/http://www.press.sk:80/zahradkarstvo/,20091017195118,skip
http://www.press.sk:80/zahradkarstvo/,https://web.archive.org/web/20091217140631/http://www.press.sk:80/zahradkarstvo/,20091217140631,skip
http://www.press.sk:80/zahradkarstvo/,https://web.archive.org/web/20100325135635/http://www.press.sk:80/zahradkarstvo/,20100325135635,skip
http://www.press.sk:80/zahradkarstvo/,https://web.archive.org/web/20101004000258/http://www.press.sk:80/zahradkarstvo/,20101004000258,skip
http://www.press.sk:80/zahradkarstvo/,https://web.archive.org/web/20110217022121/http://www.press.sk:80/zahradkarstvo/,20110217022121,skip
http://www.press.sk:80/zahradkarstvo/,https://web.archive.org/web/20110627094830/http://www.press.sk:80/zahradkarstvo/,20110627094830,skip
http://www.press.sk:80/zahradkarstvo/,https://web.archive.org/web/20110827030411/http://www.press.sk:80/zahradkarstvo/,20110827030411,skip
http://www.press.sk:80/zahradkarstvo/,https://web.archive.org/web/20121018022236/http://www.press.sk:80/zahradkarstvo/,20121018022236,skip
http://www.press.sk/zahradkarstvo/,https://web.archive.org/web/20130511020711/http://www.press.sk/zahradkarstvo/,20130511020711,skip
http://www.press.sk:80/zahradkarstvo/,https://web.archive.org/web/20160713131411/http://www.press.sk:80/zahradkarstvo/,20160713131411,skip
http://www.press.sk/zahradkarstvo/,https://web.archive.org/web/20160803103055/http://www.press.sk/zahradkarstvo/,20160803103055,skip
http://www.press.sk:80/zahradkarstvo,https://web.archive.org/web/20160903072350/http://www.press.sk:80/zahradkarstvo,20160903072350,skip
http://www.press.sk:80/zahradkarstvo,https://web.archive.org/web/20161005003535/http://www.press.sk:80/zahradkarstvo,20161005003535,skip
http://www.press.sk:80/zahradkarstvo,https://web.archive.org/web/20161105145204/http://www.press.sk:80/zahradkarstvo,20161105145204,skip
http://www.press.sk:80/zahradkarstvo/,https://web.archive.org/web/20161107022057/http://www.press.sk:80/zahradkarstvo/,20161107022057,skip
http://www.press.sk/zahradkarstvo/,https://web.archive.org/web/20170406105546/http://www.press.sk/zahradkarstvo/,20170406105546,skip
https://www.press.sk/zahradkarstvo/,https://web.archive.org/web/20170731110642/https://www.press.sk/zahradkarstvo/,20170731110642,skip
https://www.press.sk/zahradkarstvo/,https://web.archive.org/web/20190721071905/https://www.press.sk/zahradkarstvo/,20190721071905,skip
https://www.press.sk/zahradkarstvo/,https://web.archive.org/web/20190923211032/https://www.press.sk/zahradkarstvo/,20190923211032,skip
https://www.press.sk/zahradkarstvo/,https://web.archive.org/web/20191119033711/https://www.press.sk/zahradkarstvo/,20191119033711,skip
https://www.press.sk/zahradkarstvo/,https://web.archive.org/web/20230311055259/https://www.press.sk/zahradkarstvo/,20230311055259,skip
http://www.press.sk/zahradkarstvo/atlas-chorob-a-skudcu-ovoce-zeleniny-a-okrasnych-rostlin/,https://web.archive.org/web/20130623043022/http://www.press.sk/zahradkarstvo/atlas-chorob-a-skudcu-ovoce-zeleniny-a-okrasnych-rostlin/,20130623043022,skip
http://www.press.sk:80/zahradkarstvo/atlas-chorob-a-skudcu-ovoce-zeleniny-a-okrasnych-rostlin/,https://web.archive.org/web/20160906091159/http://www.press.sk:80/zahradkarstvo/atlas-chorob-a-skudcu-ovoce-zeleniny-a-okrasnych-rostlin/,20160906091159,skip
http://www.press.sk/zahradkarstvo/bambusy-a-jejich-pestovani-u-nas/,https://web.archive.org/web/20130623023740/http://www.press.sk/zahradkarstvo/bambusy-a-jejich-pestovani-u-nas/,20130623023740,skip
http://www.press.sk:80/zahradkarstvo/bambusy-a-jejich-pestovani-u-nas/,https://web.archive.org/web/20160906091204/http://www.press.sk:80/zahradkarstvo/bambusy-a-jejich-pestovani-u-nas/,20160906091204,skip
http://www.press.sk/zahradkarstvo/barveni-pomoci-rostlin/,https://web.archive.org/web/20130623031647/http://www.press.sk/zahradkarstvo/barveni-pomoci-rostlin/,20130623031647,skip
http://www.press.sk:80/zahradkarstvo/barveni-pomoci-rostlin/,https://web.archive.org/web/20160906093740/http://www.press.sk:80/zahradkarstvo/barveni-pomoci-rostlin/,20160906093740,skip
http://www.press.sk:80/zahradkarstvo/blooms-world-spring-summer-2011,https://web.archive.org/web/20170410110257/http://www.press.sk:80/zahradkarstvo/blooms-world-spring-summer-2011,20170410110257,skip
http://www.press.sk:80/zahradkarstvo/blooms-world-spring-summer-2011,https://web.archive.org/web/20170514174753/http://www.press.sk:80/zahradkarstvo/blooms-world-spring-summer-2011,20170514174753,skip
http://www.press.sk:80/zahradkarstvo/blooms-world-spring-summer-2011,https://web.archive.org/web/20170614221711/http://www.press.sk:80/zahradkarstvo/blooms-world-spring-summer-2011,20170614221711,skip
https://www.press.sk/zahradkarstvo/bylinkopedie-v-kuchyni-bylinkove-polevky-pomazanky-octy-oleje-so/,https://web.archive.org/web/20230311055309/https://www.press.sk/zahradkarstvo/bylinkopedie-v-kuchyni-bylinkove-polevky-pomazanky-octy-oleje-so/,20230311055309,skip
https://www.press.sk/zahradkarstvo/bylinky-pro-deti-a-maminky/,https://web.archive.org/web/20190822140144/https://www.press.sk/zahradkarstvo/bylinky-pro-deti-a-maminky/,20190822140144,skip
https://www.press.sk/zahradkarstvo/bylinky-pro-deti-a-maminky/,https://web.archive.org/web/20191017060529/https://www.press.sk/zahradkarstvo/bylinky-pro-deti-a-maminky/,20191017060529,skip
https://www.press.sk/zahradkarstvo/bylinky-pro-deti-a-maminky/,https://web.archive.org/web/20191208180730/https://www.press.sk/zahradkarstvo/bylinky-pro-deti-a-maminky/,20191208180730,skip
https://www.press.sk/zahradkarstvo/bylinky-pro-deti-a-maminky-2/,https://web.archive.org/web/20190918183636/https://www.press.sk/zahradkarstvo/bylinky-pro-deti-a-maminky-2/,20190918183636,skip
https://www.press.sk/zahradkarstvo/bylinky-pro-deti-a-maminky-2/,https://web.archive.org/web/20191113003957/https://www.press.sk/zahradkarstvo/bylinky-pro-deti-a-maminky-2/,20191113003957,skip
http://www.press.sk/zahradkarstvo/domaci-vyroba-mostu/,https://web.archive.org/web/20130623023803/http://www.press.sk/zahradkarstvo/domaci-vyroba-mostu/,20130623023803,skip
http://www.press.sk:80/zahradkarstvo/domaci-vyroba-mostu/,https://web.archive.org/web/20160906094007/http://www.press.sk:80/zahradkarstvo/domaci-vyroba-mostu/,20160906094007,skip
https://www.press.sk/zahradkarstvo/domaci-vyroba-slivovice-a-ostatnich-destilatu-ovocnych-stav-siru/,https://web.archive.org/web/20190718012355/https://www.press.sk/zahradkarstvo/domaci-vyroba-slivovice-a-ostatnich-destilatu-ovocnych-stav-siru/,20190718012355,skip
https://www.press.sk/zahradkarstvo/domaci-vyroba-slivovice-a-ostatnich-destilatu-ovocnych-stav-siru/,https://web.archive.org/web/20191015093911/https://www.press.sk/zahradkarstvo/domaci-vyroba-slivovice-a-ostatnich-destilatu-ovocnych-stav-siru/,20191015093911,skip
https://www.press.sk/zahradkarstvo/domaci-vyrobky-z-lecivych-rostlin/,https://web.archive.org/web/20191020014236/https://www.press.sk/zahradkarstvo/domaci-vyrobky-z-lecivych-rostlin/,20191020014236,skip
https://www.press.sk/zahradkarstvo/exoticke-koreni-s-recepty/,https://web.archive.org/web/20190719085849/https://www.press.sk/zahradkarstvo/exoticke-koreni-s-recepty/,20190719085849,skip
https://www.press.sk/zahradkarstvo/exoticke-koreni-s-recepty/,https://web.archive.org/web/20190917071703/https://www.press.sk/zahradkarstvo/exoticke-koreni-s-recepty/,20190917071703,skip
https://www.press.sk/zahradkarstvo/exoticke-koreni-s-recepty/,https://web.archive.org/web/20191114224339/https://www.press.sk/zahradkarstvo/exoticke-koreni-s-recepty/,20191114224339,skip
https://www.press.sk/zahradkarstvo/floristicka-dilna/,https://web.archive.org/web/20190719150159/https://www.press.sk/zahradkarstvo/floristicka-dilna/,20190719150159,skip
https://www.press.sk/zahradkarstvo/floristicka-dilna/,https://web.archive.org/web/20191015193132/https://www.press.sk/zahradkarstvo/floristicka-dilna/,20191015193132,skip
https://www.press.sk/zahradkarstvo/floristicka-dilna/,https://web.archive.org/web/20191207164044/https://www.press.sk/zahradkarstvo/floristicka-dilna/,20191207164044,skip
https://www.press.sk/zahradkarstvo/hortenzie-vzahrade-insirace-a-prakticke-rady/,https://web.archive.org/web/20190718010724/https://www.press.sk/zahradkarstvo/hortenzie-vzahrade-insirace-a-prakticke-rady/,20190718010724,skip
https://www.press.sk/zahradkarstvo/hortenzie-vzahrade-insirace-a-prakticke-rady/,https://web.archive.org/web/20191016001854/https://www.press.sk/zahradkarstvo/hortenzie-vzahrade-insirace-a-prakticke-rady/,20191016001854,skip
https://www.press.sk/zahradkarstvo/jak-na-choroby-a-skudce-ekologicky/?utm_source=newsletter&utm_campaign=Marec_2012&utm_medium=archive,https://web.archive.org/web/20190821030855/https://www.press.sk/zahradkarstvo/jak-na-choroby-a-skudce-ekologicky/?utm_source=newsletter&utm_campaign=Marec_2012&utm_medium=archive,20190821030855,skip
http://www.press.sk/zahradkarstvo/jedovate-rostliny-kolem-nas/,https://web.archive.org/web/20130623031619/http://www.press.sk/zahradkarstvo/jedovate-rostliny-kolem-nas/,20130623031619,skip
http://www.press.sk:80/zahradkarstvo/jedovate-rostliny-kolem-nas/,https://web.archive.org/web/20160906094438/http://www.press.sk:80/zahradkarstvo/jedovate-rostliny-kolem-nas/,20160906094438,skip
http://www.press.sk/zahradkarstvo/kaktusy-za-oknem-i-ve-skleniku/,https://web.archive.org/web/20130623010046/http://www.press.sk/zahradkarstvo/kaktusy-za-oknem-i-ve-skleniku/,20130623010046,skip
http://www.press.sk:80/zahradkarstvo/kaktusy-za-oknem-i-ve-skleniku/,https://web.archive.org/web/20160906093215/http://www.press.sk:80/zahradkarstvo/kaktusy-za-oknem-i-ve-skleniku/,20160906093215,skip
http://www.press.sk/zahradkarstvo/kapradiny-na-zahrade-ve-skalce-a-v-byte/,https://web.archive.org/web/20130623020032/http://www.press.sk/zahradkarstvo/kapradiny-na-zahrade-ve-skalce-a-v-byte/,20130623020032,skip
http://www.press.sk:80/zahradkarstvo/kapradiny-na-zahrade-ve-skalce-a-v-byte/,https://web.archive.org/web/20160906093015/http://www.press.sk:80/zahradkarstvo/kapradiny-na-zahrade-ve-skalce-a-v-byte/,20160906093015,skip
https://www.press.sk/zahradkarstvo/kopriva-recepty-pro-zdravi-krasu-a-vitalitu/,https://web.archive.org/web/20190720162904/https://www.press.sk/zahradkarstvo/kopriva-recepty-pro-zdravi-krasu-a-vitalitu/,20190720162904,skip
https://www.press.sk/zahradkarstvo/kopriva-recepty-pro-zdravi-krasu-a-vitalitu/,https://web.archive.org/web/20190922124732/https://www.press.sk/zahradkarstvo/kopriva-recepty-pro-zdravi-krasu-a-vitalitu/,20190922124732,skip
https://www.press.sk/zahradkarstvo/kopriva-recepty-pro-zdravi-krasu-a-vitalitu/,https://web.archive.org/web/20191122061108/https://www.press.sk/zahradkarstvo/kopriva-recepty-pro-zdravi-krasu-a-vitalitu/,20191122061108,skip
https://www.press.sk/zahradkarstvo/leciva-zahrada/,https://web.archive.org/web/20230311055305/https://www.press.sk/zahradkarstvo/leciva-zahrada/,20230311055305,skip
http://www.press.sk/zahradkarstvo/lecive-rostliny-na-nasi-zahrade/,https://web.archive.org/web/20130623052124/http://www.press.sk/zahradkarstvo/lecive-rostliny-na-nasi-zahrade/,20130623052124,skip
http://www.press.sk:80/zahradkarstvo/lecive-rostliny-na-nasi-zahrade/,https://web.archive.org/web/20160906094217/http://www.press.sk:80/zahradkarstvo/lecive-rostliny-na-nasi-zahrade/,20160906094217,skip
http://www.press.sk/zahradkarstvo/listnate-dreviny-na-zahrade/,https://web.archive.org/web/20130622231517/http://www.press.sk/zahradkarstvo/listnate-dreviny-na-zahrade/,20130622231517,skip
http://www.press.sk:80/zahradkarstvo/listnate-dreviny-na-zahrade/,https://web.archive.org/web/20160906093745/http://www.press.sk:80/zahradkarstvo/listnate-dreviny-na-zahrade/,20160906093745,skip
http://www.press.sk/zahradkarstvo/listnate-dreviny-pro-zahrady-a-skalky/,https://web.archive.org/web/20130623040648/http://www.press.sk/zahradkarstvo/listnate-dreviny-pro-zahrady-a-skalky/,20130623040648,skip
http://www.press.sk:80/zahradkarstvo/listnate-dreviny-pro-zahrady-a-skalky/,https://web.archive.org/web/20160906090545/http://www.press.sk:80/zahradkarstvo/listnate-dreviny-pro-zahrady-a-skalky/,20160906090545,skip
https://www.press.sk/zahradkarstvo/mata/,https://web.archive.org/web/20190719152830/https://www.press.sk/zahradkarstvo/mata/,20190719152830,skip
https://www.press.sk/zahradkarstvo/mata/,https://web.archive.org/web/20191016004055/https://www.press.sk/zahradkarstvo/mata/,20191016004055,skip
https://www.press.sk/zahradkarstvo/mata/,https://web.archive.org/web/20191207173410/https://www.press.sk/zahradkarstvo/mata/,20191207173410,skip
"http://www.press.sk/zahradkarstvo/o,a,30,30/","https://web.archive.org/web/20130623043944/http://www.press.sk/zahradkarstvo/o,a,30,30/",20130623043944,skip
"http://www.press.sk:80/zahradkarstvo/o,a,30,30/","https://web.archive.org/web/20160906094444/http://www.press.sk:80/zahradkarstvo/o,a,30,30/",20160906094444,skip
"http://www.press.sk/zahradkarstvo/o,a,30,60/","https://web.archive.org/web/20130623041829/http://www.press.sk/zahradkarstvo/o,a,30,60/",20130623041829,skip
"http://www.press.sk:80/zahradkarstvo/o,a,30,60/","https://web.archive.org/web/20160906093019/http://www.press.sk:80/zahradkarstvo/o,a,30,60/",20160906093019,skip
http://www.press.sk/zahradkarstvo/ochrana-rostlin-proti-chorobam-a-skudcum/,https://web.archive.org/web/20130623025913/http://www.press.sk/zahradkarstvo/ochrana-rostlin-proti-chorobam-a-skudcum/,20130623025913,skip
http://www.press.sk:80/zahradkarstvo/ochrana-rostlin-proti-chorobam-a-skudcum/,https://web.archive.org/web/20160906094221/http://www.press.sk:80/zahradkarstvo/ochrana-rostlin-proti-chorobam-a-skudcum/,20160906094221,skip
http://www.press.sk/zahradkarstvo/okrasne-rostliny-tropu-a-subtropu/,https://web.archive.org/web/20130623045155/http://www.press.sk/zahradkarstvo/okrasne-rostliny-tropu-a-subtropu/,20130623045155,skip
http://www.press.sk:80/zahradkarstvo/okrasne-rostliny-tropu-a-subtropu/,https://web.archive.org/web/20160906091209/http://www.press.sk:80/zahradkarstvo/okrasne-rostliny-tropu-a-subtropu/,20160906091209,skip
http://www.press.sk:80/zahradkarstvo/okrasne-travy,https://web.archive.org/web/20091020043549/http://www.press.sk:80/zahradkarstvo/okrasne-travy,20091020043549,skip
http://www.press.sk:80/zahradkarstvo/okrasne-travy,https://web.archive.org/web/20100127161435/http://www.press.sk:80/zahradkarstvo/okrasne-travy,20100127161435,skip
http://www.press.sk/zahradkarstvo/okrasne-travy/,https://web.archive.org/web/20130623051839/http://www.press.sk/zahradkarstvo/okrasne-travy/,20130623051839,skip
http://www.press.sk:80/zahradkarstvo/okrasne-travy/,https://web.archive.org/web/20160906093238/http://www.press.sk:80/zahradkarstvo/okrasne-travy/,20160906093238,skip
http://www.press.sk/zahradkarstvo/orchideje/,https://web.archive.org/web/20160802143741/http://www.press.sk/zahradkarstvo/orchideje/,20160802143741,skip
http://www.press.sk/zahradkarstvo/orchideje/,https://web.archive.org/web/20170405204645/http://www.press.sk/zahradkarstvo/orchideje/,20170405204645,skip
http://www.press.sk/zahradkarstvo/orchideje-na-zahrade/,https://web.archive.org/web/20130623043942/http://www.press.sk/zahradkarstvo/orchideje-na-zahrade/,20130623043942,skip
http://www.press.sk:80/zahradkarstvo/orchideje-na-zahrade/,https://web.archive.org/web/20160906093419/http://www.press.sk:80/zahradkarstvo/orchideje-na-zahrade/,20160906093419,skip
https://www.press.sk/zahradkarstvo/palime-ovoce/,https://web.archive.org/web/20190825000834/https://www.press.sk/zahradkarstvo/palime-ovoce/,20190825000834,skip
http://www.press.sk/zahradkarstvo/pestujeme-broskvone/,https://web.archive.org/web/20130623020318/http://www.press.sk/zahradkarstvo/pestujeme-broskvone/,20130623020318,skip
http://www.press.sk:80/zahradkarstvo/pestujeme-broskvone/,https://web.archive.org/web/20160906091214/http://www.press.sk:80/zahradkarstvo/pestujeme-broskvone/,20160906091214,skip
http://www.press.sk/zahradkarstvo/pestujeme-citrusy-v-nasich-podminkach/,https://web.archive.org/web/20130623013204/http://www.press.sk/zahradkarstvo/pestujeme-citrusy-v-nasich-podminkach/,20130623013204,skip
http://www.press.sk:80/zahradkarstvo/pestujeme-citrusy-v-nasich-podminkach/,https://web.archive.org/web/20160906093023/http://www.press.sk:80/zahradkarstvo/pestujeme-citrusy-v-nasich-podminkach/,20160906093023,skip
http://www.press.sk/zahradkarstvo/pestujeme-rostliny-k-suseni/,https://web.archive.org/web/20130623050042/http://www.press.sk/zahradkarstvo/pestujeme-rostliny-k-suseni/,20130623050042,skip
http://www.press.sk:80/zahradkarstvo/pestujeme-rostliny-k-suseni/,https://web.archive.org/web/20160906093751/http://www.press.sk:80/zahradkarstvo/pestujeme-rostliny-k-suseni/,20160906093751,skip
https://www.press.sk/zahradkarstvo/pestujeme-slivone/,https://web.archive.org/web/20190821111410/https://www.press.sk/zahradkarstvo/pestujeme-slivone/,20190821111410,skip
https://www.press.sk/zahradkarstvo/pestujeme-ve-meste-zelene-balkony-sousedske-zahonky-a-komunitni/,https://web.archive.org/web/20190718010415/https://www.press.sk/zahradkarstvo/pestujeme-ve-meste-zelene-balkony-sousedske-zahonky-a-komunitni/,20190718010415,skip
https://www.press.sk/zahradkarstvo/pestujeme-ve-meste-zelene-balkony-sousedske-zahonky-a-komunitni/,https://web.archive.org/web/20190923140447/https://www.press.sk/zahradkarstvo/pestujeme-ve-meste-zelene-balkony-sousedske-zahonky-a-komunitni/,20190923140447,skip
http://www.press.sk/zahradkarstvo/pokojove-rostliny-fotograficky-atlas/,https://web.archive.org/web/20130623043058/http://www.press.sk/zahradkarstvo/pokojove-rostliny-fotograficky-atlas/,20130623043058,skip
http://www.press.sk:80/zahradkarstvo/pokojove-rostliny-fotograficky-atlas/,https://web.archive.org/web/20160906094651/http://www.press.sk:80/zahradkarstvo/pokojove-rostliny-fotograficky-atlas/,20160906094651,skip
https://www.press.sk/zahradkarstvo/pokojove-rostliny-pruvodce-prirodou/,https://web.archive.org/web/20190723163819/https://www.press.sk/zahradkarstvo/pokojove-rostliny-pruvodce-prirodou/,20190723163819,skip
https://www.press.sk/zahradkarstvo/pokojove-rostliny-pruvodce-prirodou/,https://web.archive.org/web/20190923163312/https://www.press.sk/zahradkarstvo/pokojove-rostliny-pruvodce-prirodou/,20190923163312,skip
https://www.press.sk/zahradkarstvo/pokojove-rostliny-pruvodce-prirodou/,https://web.archive.org/web/20191114151155/https://www.press.sk/zahradkarstvo/pokojove-rostliny-pruvodce-prirodou/,20191114151155,skip
http://www.press.sk:80/zahradkarstvo/potucky-kaskady-a-vodotrysky-v-zahrade/,https://web.archive.org/web/20090117091554/http://www.press.sk:80/zahradkarstvo/potucky-kaskady-a-vodotrysky-v-zahrade/,20090117091554,skip
http://www.press.sk/zahradkarstvo/potucky-kaskady-a-vodotrysky-v-zahrade/,https://web.archive.org/web/20130623005630/http://www.press.sk/zahradkarstvo/potucky-kaskady-a-vodotrysky-v-zahrade/,20130623005630,skip
http://www.press.sk:80/zahradkarstvo/potucky-kaskady-a-vodotrysky-v-zahrade/,https://web.archive.org/web/20160906094448/http://www.press.sk:80/zahradkarstvo/potucky-kaskady-a-vodotrysky-v-zahrade/,20160906094448,skip
https://www.press.sk/zahradkarstvo/prakticky-kalendar-zahradkare-nejlepsi-napady-na-cely-rok/?utm_source=newsletter&utm_campaign=Oktober_2010&utm_medium=archive,https://web.archive.org/web/20190820231352/https://www.press.sk/zahradkarstvo/prakticky-kalendar-zahradkare-nejlepsi-napady-na-cely-rok/?utm_source=newsletter&utm_campaign=Oktober_2010&utm_medium=archive,20190820231352,skip
https://www.press.sk/zahradkarstvo/prorezavani-upravy-a-pece/?utm_source=newsletter&utm_campaign=Marec_2012&utm_medium=archive,https://web.archive.org/web/20190821032219/https://www.press.sk/zahradkarstvo/prorezavani-upravy-a-pece/?utm_source=newsletter&utm_campaign=Marec_2012&utm_medium=archive,20190821032219,skip
http://www.press.sk/zahradkarstvo/rez-ovocnych-stromu-a-keru/,https://web.archive.org/web/20130623050415/http://www.press.sk/zahradkarstvo/rez-ovocnych-stromu-a-keru/,20130623050415,skip
http://www.press.sk:80/zahradkarstvo/rez-ovocnych-stromu-a-keru/,https://web.archive.org/web/20160906094319/http://www.press.sk:80/zahradkarstvo/rez-ovocnych-stromu-a-keru/,20160906094319,skip
http://www.press.sk/zahradkarstvo/skalnicky-v-moderni-zahrade/,https://web.archive.org/web/20130623024012/http://www.press.sk/zahradkarstvo/skalnicky-v-moderni-zahrade/,20130623024012,skip
http://www.press.sk:80/zahradkarstvo/skalnicky-v-moderni-zahrade/,https://web.archive.org/web/20160906094457/http://www.press.sk:80/zahradkarstvo/skalnicky-v-moderni-zahrade/,20160906094457,skip
http://www.press.sk/zahradkarstvo/suchomilne-trvalky/,https://web.archive.org/web/20130623044046/http://www.press.sk/zahradkarstvo/suchomilne-trvalky/,20130623044046,skip
http://www.press.sk:80/zahradkarstvo/suchomilne-trvalky/,https://web.archive.org/web/20160906093028/http://www.press.sk:80/zahradkarstvo/suchomilne-trvalky/,20160906093028,skip
http://www.press.sk/zahradkarstvo/sukulentni-bonsaje/,https://web.archive.org/web/20130622232222/http://www.press.sk/zahradkarstvo/sukulentni-bonsaje/,20130622232222,skip
http://www.press.sk:80/zahradkarstvo/sukulentni-bonsaje/,https://web.archive.org/web/20160906091219/http://www.press.sk:80/zahradkarstvo/sukulentni-bonsaje/,20160906091219,skip
http://www.press.sk/zahradkarstvo/sukulenty-a-jejich-pestovani/,https://web.archive.org/web/20130622231500/http://www.press.sk/zahradkarstvo/sukulenty-a-jejich-pestovani/,20130622231500,skip
http://www.press.sk:80/zahradkarstvo/sukulenty-a-jejich-pestovani/,https://web.archive.org/web/20160906093755/http://www.press.sk:80/zahradkarstvo/sukulenty-a-jejich-pestovani/,20160906093755,skip
https://www.press.sk/zahradkarstvo/utulny-domov-s-rostlinaminovinka-sklademutulny-domov-s-rostlinam/,https://web.archive.org/web/20190826053308/https://www.press.sk/zahradkarstvo/utulny-domov-s-rostlinaminovinka-sklademutulny-domov-s-rostlinam/,20190826053308,skip
http://www.press.sk/zahradkarstvo/vcelarske-byliny/,https://web.archive.org/web/20130623013528/http://www.press.sk/zahradkarstvo/vcelarske-byliny/,20130623013528,skip
http://www.press.sk:80/zahradkarstvo/vcelarske-byliny/,https://web.archive.org/web/20160906093941/http://www.press.sk:80/zahradkarstvo/vcelarske-byliny/,20160906093941,skip
http://www.press.sk/zahradkarstvo/vcelarske-dreviny/,https://web.archive.org/web/20130623035226/http://www.press.sk/zahradkarstvo/vcelarske-dreviny/,20130623035226,skip
http://www.press.sk:80/zahradkarstvo/vcelarske-dreviny/,https://web.archive.org/web/20160906094656/http://www.press.sk:80/zahradkarstvo/vcelarske-dreviny/,20160906094656,skip
http://www.press.sk:80/zahradkarstvo/vesele-bylinky/,https://web.archive.org/web/20090803050025/http://www.press.sk:80/zahradkarstvo/vesele-bylinky/,20090803050025,skip
https://www.press.sk/zahradkarstvo/vyhonky-a-mikrozelenina/,https://web.archive.org/web/20190923182610/https://www.press.sk/zahradkarstvo/vyhonky-a-mikrozelenina/,20190923182610,skip
https://www.press.sk/zahradkarstvo/vyvysene-zahony-na-balkone-bohata-uroda-na-malem-prostoru/,https://web.archive.org/web/20230311055306/https://www.press.sk/zahradkarstvo/vyvysene-zahony-na-balkone-bohata-uroda-na-malem-prostoru/,20230311055306,skip
https://www.press.sk/zahradkarstvo/zahradni-a-divoke-bylinky/,https://web.archive.org/web/20191015070849/https://www.press.sk/zahradkarstvo/zahradni-a-divoke-bylinky/,20191015070849,skip
http://www.press.sk/zahradkarstvo/zahradni-jezirka-a-vodni-rostliny/,https://web.archive.org/web/20130623023236/http://www.press.sk/zahradkarstvo/zahradni-jezirka-a-vodni-rostliny/,20130623023236,skip
http://www.press.sk:80/zahradkarstvo/zahradni-jezirka-a-vodni-rostliny/,https://web.archive.org/web/20160906094701/http://www.press.sk:80/zahradkarstvo/zahradni-jezirka-a-vodni-rostliny/,20160906094701,skip
http://www.press.sk/zahradkarstvo/zahradni-trvalky/,https://web.archive.org/web/20130622232231/http://www.press.sk/zahradkarstvo/zahradni-trvalky/,20130622232231,skip
http://www.press.sk:80/zahradkarstvo/zahradni-trvalky/,https://web.archive.org/web/20160906094707/http://www.press.sk:80/zahradkarstvo/zahradni-trvalky/,20160906094707,skip
http://www.press.sk/zahradkarstvo/zahrady-v-japonskem-stylu/,https://web.archive.org/web/20130623021102/http://www.press.sk/zahradkarstvo/zahrady-v-japonskem-stylu/,20130623021102,skip
http://www.press.sk:80/zahradkarstvo/zahrady-v-japonskem-stylu/,https://web.archive.org/web/20160906093033/http://www.press.sk:80/zahradkarstvo/zahrady-v-japonskem-stylu/,20160906093033,skip
http://www.press.sk/zahradkarstvo/zimovzdorne-kaktusy-v-nasich-zahradach/,https://web.archive.org/web/20130623005436/http://www.press.sk/zahradkarstvo/zimovzdorne-kaktusy-v-nasich-zahradach/,20130623005436,skip
http://www.press.sk:80/zahradkarstvo/zimovzdorne-kaktusy-v-nasich-zahradach/,https://web.archive.org/web/20160906094536/http://www.press.sk:80/zahradkarstvo/zimovzdorne-kaktusy-v-nasich-zahradach/,20160906094536,skip
https://www.press.sk/zapisniky/,https://web.archive.org/web/20190723181348/https://www.press.sk/zapisniky/,20190723181348,skip
https://www.press.sk/zapisniky/,https://web.archive.org/web/20190923162924/https://www.press.sk/zapisniky/,20190923162924,skip
https://www.press.sk/zapisniky/,https://web.archive.org/web/20191119033610/https://www.press.sk/zapisniky/,20191119033610,skip
https://www.press.sk/zapisniky/,https://web.archive.org/web/20230311055256/https://www.press.sk/zapisniky/,20230311055256,skip
https://www.press.sk/zapisniky/enchantimals-moj-tajny-dennicek/,https://web.archive.org/web/20190719083958/https://www.press.sk/zapisniky/enchantimals-moj-tajny-dennicek/,20190719083958,skip
https://www.press.sk/zapisniky/enchantimals-moj-tajny-dennicek/,https://web.archive.org/web/20190917071149/https://www.press.sk/zapisniky/enchantimals-moj-tajny-dennicek/,20190917071149,skip
https://www.press.sk/zapisniky/enchantimals-moj-tajny-dennicek/,https://web.archive.org/web/20190923080213/https://www.press.sk/zapisniky/enchantimals-moj-tajny-dennicek/,20190923080213,skip
https://www.press.sk/zapisniky/enchantimals-moj-tajny-dennicek/,https://web.archive.org/web/20191113155818/https://www.press.sk/zapisniky/enchantimals-moj-tajny-dennicek/,20191113155818,skip
http://www.press.sk:80/zaujimave-stranky/,https://web.archive.org/web/20081020212111/http://www.press.sk:80/zaujimave-stranky/,20081020212111,skip
http://www.press.sk:80/zaujimave-stranky/,https://web.archive.org/web/20081023033414/http://www.press.sk:80/zaujimave-stranky/,20081023033414,skip
http://www.press.sk:80/zberatelske-kolekcie/,https://web.archive.org/web/20170331180956/http://www.press.sk:80/zberatelske-kolekcie/,20170331180956,skip
http://www.press.sk:80/zberatelske-kolekcie/,https://web.archive.org/web/20170531185829/http://www.press.sk:80/zberatelske-kolekcie/,20170531185829,skip
http://www.press.sk/zberatelske-kolekcie/,https://web.archive.org/web/20170608073318/http://www.press.sk/zberatelske-kolekcie/,20170608073318,skip
https://www.press.sk/zberatelske-kolekcie/,https://web.archive.org/web/20190826032727/https://www.press.sk/zberatelske-kolekcie/,20190826032727,skip
https://www.press.sk/zberatelske-kolekcie/,https://web.archive.org/web/20190923182001/https://www.press.sk/zberatelske-kolekcie/,20190923182001,skip
https://www.press.sk/zberatelske-kolekcie/,https://web.archive.org/web/20191016001709/https://www.press.sk/zberatelske-kolekcie/,20191016001709,skip
https://www.press.sk/zberatelske-kolekcie/,https://web.archive.org/web/20191112064951/https://www.press.sk/zberatelske-kolekcie/,20191112064951,skip
https://www.press.sk/zberatelske-kolekcie/,https://web.archive.org/web/20191206224108/https://www.press.sk/zberatelske-kolekcie/,20191206224108,skip
https://www.press.sk/zberatelske-kolekcie/,https://web.archive.org/web/20221212000254/https://www.press.sk/zberatelske-kolekcie/,20221212000254,skip
https://www.press.sk/zberatelske-kolekcie/,https://web.archive.org/web/20230311055244/https://www.press.sk/zberatelske-kolekcie/,20230311055244,skip
https://www.press.sk/zberatelske-kolekcie/,https://web.archive.org/web/20230624124025/https://www.press.sk/zberatelske-kolekcie/,20230624124025,skip
http://www.press.sk:80/zberatelstvo/,https://web.archive.org/web/20170430212745/http://www.press.sk:80/zberatelstvo/,20170430212745,skip
https://www.press.sk/zberatelstvo/,https://web.archive.org/web/20170731060336/https://www.press.sk/zberatelstvo/,20170731060336,skip
https://www.press.sk/zberatelstvo/,https://web.archive.org/web/20190822135941/https://www.press.sk/zberatelstvo/,20190822135941,skip
https://www.press.sk/zberatelstvo/,https://web.archive.org/web/20191013232030/https://www.press.sk/zberatelstvo/,20191013232030,skip
https://www.press.sk/zberatelstvo/,https://web.archive.org/web/20191206224119/https://www.press.sk/zberatelstvo/,20191206224119,skip
https://www.press.sk/zberatelstvo/,https://web.archive.org/web/20230311055302/https://www.press.sk/zberatelstvo/,20230311055302,skip
http://www.press.sk:80/zbrane-a-technika/,https://web.archive.org/web/20081020212117/http://www.press.sk:80/zbrane-a-technika/,20081020212117,skip
http://www.press.sk:80/zbrane-a-technika/,https://web.archive.org/web/20081109075332/http://www.press.sk:80/zbrane-a-technika/,20081109075332,skip
http://www.press.sk:80/zbrane-a-technika/,https://web.archive.org/web/20090222172335/http://www.press.sk:80/zbrane-a-technika/,20090222172335,skip
http://www.press.sk:80/zbrane-a-technika,https://web.archive.org/web/20090307051257/http://www.press.sk:80/zbrane-a-technika,20090307051257,skip
http://www.press.sk:80/zbrane-a-technika,https://web.archive.org/web/20090409021347/http://www.press.sk:80/zbrane-a-technika,20090409021347,skip
http://www.press.sk:80/zbrane-a-technika,https://web.archive.org/web/20090510045157/http://www.press.sk:80/zbrane-a-technika,20090510045157,skip
http://www.press.sk:80/zbrane-a-technika/,https://web.archive.org/web/20090624210903/http://www.press.sk:80/zbrane-a-technika/,20090624210903,skip
http://www.press.sk:80/zbrane-a-technika/,https://web.archive.org/web/20090831010626/http://www.press.sk:80/zbrane-a-technika/,20090831010626,skip
http://www.press.sk:80/zbrane-a-technika/,https://web.archive.org/web/20091030102347/http://www.press.sk:80/zbrane-a-technika/,20091030102347,skip
http://www.press.sk:80/zbrane-a-technika/,https://web.archive.org/web/20091229221104/http://www.press.sk:80/zbrane-a-technika/,20091229221104,skip
http://www.press.sk:80/zbrane-a-technika/,https://web.archive.org/web/20100301032451/http://www.press.sk:80/zbrane-a-technika/,20100301032451,skip
http://www.press.sk:80/zbrane-a-technika/,https://web.archive.org/web/20100501024808/http://www.press.sk:80/zbrane-a-technika/,20100501024808,skip
http://www.press.sk:80/zbrane-a-technika/,https://web.archive.org/web/20100701044139/http://www.press.sk:80/zbrane-a-technika/,20100701044139,skip
http://www.press.sk:80/zbrane-a-technika/,https://web.archive.org/web/20100901091108/http://www.press.sk:80/zbrane-a-technika/,20100901091108,skip
http://www.press.sk:80/zbrane-a-technika,https://web.archive.org/web/20101017235248/http://www.press.sk:80/zbrane-a-technika,20101017235248,skip
http://www.press.sk:80/zbrane-a-technika,https://web.archive.org/web/20101118123147/http://www.press.sk:80/zbrane-a-technika,20101118123147,skip
http://www.press.sk:80/zbrane-a-technika/,https://web.archive.org/web/20101124000359/http://www.press.sk:80/zbrane-a-technika/,20101124000359,skip
http://www.press.sk:80/zbrane-a-technika/,https://web.archive.org/web/20110126073850/http://www.press.sk:80/zbrane-a-technika/,20110126073850,skip
http://www.press.sk:80/zbrane-a-technika,https://web.archive.org/web/20110201023821/http://www.press.sk:80/zbrane-a-technika,20110201023821,skip
http://www.press.sk:80/zbrane-a-technika,https://web.archive.org/web/20110305121237/http://www.press.sk:80/zbrane-a-technika,20110305121237,skip
http://www.press.sk:80/zbrane-a-technika/,https://web.archive.org/web/20110530013030/http://www.press.sk:80/zbrane-a-technika/,20110530013030,skip
http://www.press.sk:80/zbrane-a-technika/,https://web.archive.org/web/20110730021331/http://www.press.sk:80/zbrane-a-technika/,20110730021331,skip
http://www.press.sk:80/zbrane-a-technika/,https://web.archive.org/web/20111112171327/http://www.press.sk:80/zbrane-a-technika/,20111112171327,skip
http://www.press.sk:80/zbrane-a-technika/,https://web.archive.org/web/20120603203712/http://www.press.sk:80/zbrane-a-technika/,20120603203712,skip
http://www.press.sk:80/zbrane-a-technika/,https://web.archive.org/web/20120825035722/http://www.press.sk:80/zbrane-a-technika/,20120825035722,skip
http://www.press.sk:80/zbrane-a-technika/,https://web.archive.org/web/20121208022256/http://www.press.sk:80/zbrane-a-technika/,20121208022256,skip
http://www.press.sk:80/zbrane-a-technika/,https://web.archive.org/web/20130324055703/http://www.press.sk:80/zbrane-a-technika/,20130324055703,skip
http://www.press.sk:80/zbrane-a-technika,https://web.archive.org/web/20130507101129/http://www.press.sk:80/zbrane-a-technika,20130507101129,skip
http://www.press.sk/zbrane-a-technika/,https://web.archive.org/web/20130511015720/http://www.press.sk/zbrane-a-technika/,20130511015720,skip
http://www.press.sk:80/zbrane-a-technika/,https://web.archive.org/web/20130524084615/http://www.press.sk:80/zbrane-a-technika/,20130524084615,skip
http://www.press.sk:80/zbrane-a-technika/,https://web.archive.org/web/20130825034241/http://www.press.sk:80/zbrane-a-technika/,20130825034241,skip
http://www.press.sk:80/zbrane-a-technika/,https://web.archive.org/web/20140313122718/http://www.press.sk:80/zbrane-a-technika/,20140313122718,skip
http://www.press.sk:80/zbrane-a-technika/,https://web.archive.org/web/20140518160045/http://www.press.sk:80/zbrane-a-technika/,20140518160045,skip
http://www.press.sk:80/zbrane-a-technika/,https://web.archive.org/web/20140718195319/http://www.press.sk:80/zbrane-a-technika/,20140718195319,skip
http://www.press.sk:80/zbrane-a-technika/,https://web.archive.org/web/20140918043626/http://www.press.sk:80/zbrane-a-technika/,20140918043626,skip
http://www.press.sk:80/zbrane-a-technika/,https://web.archive.org/web/20150311043127/http://www.press.sk:80/zbrane-a-technika/,20150311043127,skip
http://www.press.sk:80/zbrane-a-technika,https://web.archive.org/web/20150514023753/http://www.press.sk:80/zbrane-a-technika,20150514023753,skip
http://www.press.sk:80/zbrane-a-technika/,https://web.archive.org/web/20150515034829/http://www.press.sk:80/zbrane-a-technika/,20150515034829,skip
http://www.press.sk:80/zbrane-a-technika,https://web.archive.org/web/20150614064456/http://www.press.sk:80/zbrane-a-technika,20150614064456,skip
http://www.press.sk:80/zbrane-a-technika,https://web.archive.org/web/20150715030150/http://www.press.sk:80/zbrane-a-technika,20150715030150,skip
http://www.press.sk:80/zbrane-a-technika,https://web.archive.org/web/20150817065547/http://www.press.sk:80/zbrane-a-technika,20150817065547,skip
http://www.press.sk:80/zbrane-a-technika/,https://web.archive.org/web/20150822005352/http://www.press.sk:80/zbrane-a-technika/,20150822005352,skip
http://www.press.sk:80/zbrane-a-technika,https://web.archive.org/web/20150917044015/http://www.press.sk:80/zbrane-a-technika,20150917044015,skip
http://www.press.sk:80/zbrane-a-technika/,https://web.archive.org/web/20151030094128/http://www.press.sk:80/zbrane-a-technika/,20151030094128,skip
http://www.press.sk:80/zbrane-a-technika,https://web.archive.org/web/20151204104735/http://www.press.sk:80/zbrane-a-technika,20151204104735,skip
http://www.press.sk:80/zbrane-a-technika,https://web.archive.org/web/20160104191118/http://www.press.sk:80/zbrane-a-technika,20160104191118,skip
http://www.press.sk:80/zbrane-a-technika/,https://web.archive.org/web/20160221192048/http://www.press.sk:80/zbrane-a-technika/,20160221192048,skip
http://www.press.sk:80/zbrane-a-technika,https://web.archive.org/web/20160401134620/http://www.press.sk:80/zbrane-a-technika,20160401134620,skip
http://www.press.sk:80/zbrane-a-technika,https://web.archive.org/web/20160402160936/http://www.press.sk:80/zbrane-a-technika,20160402160936,skip
http://www.press.sk/zbrane-a-technika/,https://web.archive.org/web/20160407165154/http://www.press.sk/zbrane-a-technika/,20160407165154,skip
http://www.press.sk:80/zbrane-a-technika/,https://web.archive.org/web/20160507090809/http://www.press.sk:80/zbrane-a-technika/,20160507090809,skip
http://www.press.sk:80/zbrane-a-technika,https://web.archive.org/web/20160511060859/http://www.press.sk:80/zbrane-a-technika,20160511060859,skip
http://www.press.sk/zbrane-a-technika/,https://web.archive.org/web/20160624005732/http://www.press.sk/zbrane-a-technika/,20160624005732,skip
http://www.press.sk:80/zbrane-a-technika,https://web.archive.org/web/20160902004734/http://www.press.sk:80/zbrane-a-technika,20160902004734,skip
http://www.press.sk:80/zbrane-a-technika,https://web.archive.org/web/20161002234842/http://www.press.sk:80/zbrane-a-technika,20161002234842,skip
http://www.press.sk:80/zbrane-a-technika,https://web.archive.org/web/20161103134635/http://www.press.sk:80/zbrane-a-technika,20161103134635,skip
http://www.press.sk/zbrane-a-technika/,https://web.archive.org/web/20170405225927/http://www.press.sk/zbrane-a-technika/,20170405225927,skip
https://www.press.sk/zbrane-a-technika/,https://web.archive.org/web/20170731112232/https://www.press.sk/zbrane-a-technika/,20170731112232,skip
https://www.press.sk/zbrane-a-technika/,https://web.archive.org/web/20190823094010/https://www.press.sk/zbrane-a-technika/,20190823094010,skip
https://www.press.sk/zbrane-a-technika/,https://web.archive.org/web/20191017061442/https://www.press.sk/zbrane-a-technika/,20191017061442,skip
https://www.press.sk/zbrane-a-technika/,https://web.archive.org/web/20191207171435/https://www.press.sk/zbrane-a-technika/,20191207171435,skip
https://www.press.sk/zbrane-a-technika/,https://web.archive.org/web/20221212000311/https://www.press.sk/zbrane-a-technika/,20221212000311,skip
https://www.press.sk/zbrane-a-technika/,https://web.archive.org/web/20230311055256/https://www.press.sk/zbrane-a-technika/,20230311055256,skip
http://www.press.sk:80/zbrane-a-technika/%EF%BB%BFsteyr-1500a-in-detail/,https://web.archive.org/web/20150822045206/http://www.press.sk:80/zbrane-a-technika/%EF%BB%BFsteyr-1500a-in-detail/,20150822045206,skip
http://www.press.sk:80/zbrane-a-technika/120-let-zkusebny-zbrani-a-streliva-v-praze-1891-2011/,https://web.archive.org/web/20110912094828/http://www.press.sk:80/zbrane-a-technika/120-let-zkusebny-zbrani-a-streliva-v-praze-1891-2011/,20110912094828,skip
http://www.press.sk:80/zbrane-a-technika/120-let-zkusebny-zbrani-a-streliva-v-praze-1891-2011/,https://web.archive.org/web/20130508231050/http://www.press.sk:80/zbrane-a-technika/120-let-zkusebny-zbrani-a-streliva-v-praze-1891-2011/,20130508231050,skip
http://www.press.sk:80/zbrane-a-technika/120-let-zkusebny-zbrani-a-streliva-v-praze-1891-2011/,https://web.archive.org/web/20150822114936/http://www.press.sk:80/zbrane-a-technika/120-let-zkusebny-zbrani-a-streliva-v-praze-1891-2011/,20150822114936,skip
http://www.press.sk:80/zbrane-a-technika/265-mm-signalni-pistole-vz.-4467/,https://web.archive.org/web/20090204200526/http://www.press.sk:80/zbrane-a-technika/265-mm-signalni-pistole-vz.-4467/,20090204200526,skip
http://www.press.sk:80/zbrane-a-technika/265-mm-signalni-pistole-vz.-4467/,https://web.archive.org/web/20090406234515/http://www.press.sk:80/zbrane-a-technika/265-mm-signalni-pistole-vz.-4467/,20090406234515,skip
http://www.press.sk:80/zbrane-a-technika/265-mm-signalni-pistole-vz.-4467/,https://web.archive.org/web/20090701013339/http://www.press.sk:80/zbrane-a-technika/265-mm-signalni-pistole-vz.-4467/,20090701013339,skip
http://www.press.sk:80/zbrane-a-technika/265-mm-signalni-pistole-vz.-4467,https://web.archive.org/web/20090717051623/http://www.press.sk:80/zbrane-a-technika/265-mm-signalni-pistole-vz.-4467,20090717051623,skip
http://www.press.sk:80/zbrane-a-technika/265-mm-signalni-pistole-vz.-4467/,https://web.archive.org/web/20091226170758/http://www.press.sk:80/zbrane-a-technika/265-mm-signalni-pistole-vz.-4467/,20091226170758,skip
http://www.press.sk:80/zbrane-a-technika/265-mm-signalni-pistole-vz.-4467,https://web.archive.org/web/20100107140959/http://www.press.sk:80/zbrane-a-technika/265-mm-signalni-pistole-vz.-4467,20100107140959,skip
http://www.press.sk:80/zbrane-a-technika/265-mm-signalni-pistole-vz.-4467/,https://web.archive.org/web/20130508231055/http://www.press.sk:80/zbrane-a-technika/265-mm-signalni-pistole-vz.-4467/,20130508231055,skip
http://www.press.sk:80/zbrane-a-technika/265-mm-signalni-pistole-vz.-4467/,https://web.archive.org/web/20150514224809/http://www.press.sk:80/zbrane-a-technika/265-mm-signalni-pistole-vz.-4467/,20150514224809,skip
http://www.press.sk:80/zbrane-a-technika/762mm-univerzalni-kulomet-vz.-59-zatimni-predpis/,https://web.archive.org/web/20090204104619/http://www.press.sk:80/zbrane-a-technika/762mm-univerzalni-kulomet-vz.-59-zatimni-predpis/,20090204104619,skip
http://www.press.sk:80/zbrane-a-technika/762mm-univerzalni-kulomet-vz.-59-zatimni-predpis/,https://web.archive.org/web/20090405223255/http://www.press.sk:80/zbrane-a-technika/762mm-univerzalni-kulomet-vz.-59-zatimni-predpis/,20090405223255,skip
http://www.press.sk:80/zbrane-a-technika/762mm-univerzalni-kulomet-vz.-59-zatimni-predpis/,https://web.archive.org/web/20090701013349/http://www.press.sk:80/zbrane-a-technika/762mm-univerzalni-kulomet-vz.-59-zatimni-predpis/,20090701013349,skip
http://www.press.sk:80/zbrane-a-technika/762mm-univerzalni-kulomet-vz.-59-zatimni-predpis/,https://web.archive.org/web/20091226170803/http://www.press.sk:80/zbrane-a-technika/762mm-univerzalni-kulomet-vz.-59-zatimni-predpis/,20091226170803,skip
http://www.press.sk:80/zbrane-a-technika/762mm-univerzalni-kulomet-vz.-59-zatimni-predpis/,https://web.archive.org/web/20130508231100/http://www.press.sk:80/zbrane-a-technika/762mm-univerzalni-kulomet-vz.-59-zatimni-predpis/,20130508231100,skip
http://www.press.sk:80/zbrane-a-technika/762mm-univerzalni-kulomet-vz.-59-zatimni-predpis/,https://web.archive.org/web/20150514224815/http://www.press.sk:80/zbrane-a-technika/762mm-univerzalni-kulomet-vz.-59-zatimni-predpis/,20150514224815,skip
http://www.press.sk:80/zbrane-a-technika/765-mm-samopal-vz.-61/,https://web.archive.org/web/20090204104622/http://www.press.sk:80/zbrane-a-technika/765-mm-samopal-vz.-61/,20090204104622,skip
http://www.press.sk:80/zbrane-a-technika/765-mm-samopal-vz.-61/,https://web.archive.org/web/20090405223300/http://www.press.sk:80/zbrane-a-technika/765-mm-samopal-vz.-61/,20090405223300,skip
http://www.press.sk:80/zbrane-a-technika/765-mm-samopal-vz.-61/,https://web.archive.org/web/20090701013355/http://www.press.sk:80/zbrane-a-technika/765-mm-samopal-vz.-61/,20090701013355,skip
http://www.press.sk:80/zbrane-a-technika/765-mm-samopal-vz.-61/,https://web.archive.org/web/20091226170808/http://www.press.sk:80/zbrane-a-technika/765-mm-samopal-vz.-61/,20091226170808,skip
http://www.press.sk:80/zbrane-a-technika/765-mm-samopal-vz.-61/,https://web.archive.org/web/20130509053234/http://www.press.sk:80/zbrane-a-technika/765-mm-samopal-vz.-61/,20130509053234,skip
http://www.press.sk:80/zbrane-a-technika/765-mm-samopal-vz.-61/,https://web.archive.org/web/20150515003904/http://www.press.sk:80/zbrane-a-technika/765-mm-samopal-vz.-61/,20150515003904,skip
http://www.press.sk:80/zbrane-a-technika/a13-mk-imk-ii-tank-power-vol.-xciii-335/,https://web.archive.org/web/20130509044005/http://www.press.sk:80/zbrane-a-technika/a13-mk-imk-ii-tank-power-vol.-xciii-335/,20130509044005,skip
http://www.press.sk:80/zbrane-a-technika/a13-mk-imk-ii-tank-power-vol.-xciii-335/,https://web.archive.org/web/20150822114434/http://www.press.sk:80/zbrane-a-technika/a13-mk-imk-ii-tank-power-vol.-xciii-335/,20150822114434,skip
http://www.press.sk:80/zbrane-a-technika/abrams-in-detail/,https://web.archive.org/web/20090204200528/http://www.press.sk:80/zbrane-a-technika/abrams-in-detail/,20090204200528,skip
http://www.press.sk:80/zbrane-a-technika/abrams-in-detail/,https://web.archive.org/web/20090701013400/http://www.press.sk:80/zbrane-a-technika/abrams-in-detail/,20090701013400,skip
http://www.press.sk:80/zbrane-a-technika/abrams-in-detail/,https://web.archive.org/web/20091226170813/http://www.press.sk:80/zbrane-a-technika/abrams-in-detail/,20091226170813,skip
http://www.press.sk:80/zbrane-a-technika/abrams-in-detail/,https://web.archive.org/web/20130508225851/http://www.press.sk:80/zbrane-a-technika/abrams-in-detail/,20130508225851,skip
http://www.press.sk:80/zbrane-a-technika/abrams-in-detail/,https://web.archive.org/web/20150514224820/http://www.press.sk:80/zbrane-a-technika/abrams-in-detail/,20150514224820,skip
http://www.press.sk:80/zbrane-a-technika/abrams-in-detail,https://web.archive.org/web/20160901195252/http://www.press.sk:80/zbrane-a-technika/abrams-in-detail,20160901195252,skip
http://www.press.sk:80/zbrane-a-technika/abrams-in-detail,https://web.archive.org/web/20160903005837/http://www.press.sk:80/zbrane-a-technika/abrams-in-detail,20160903005837,skip
http://www.press.sk:80/zbrane-a-technika/abrams-in-detail,https://web.archive.org/web/20161003205403/http://www.press.sk:80/zbrane-a-technika/abrams-in-detail,20161003205403,skip
http://www.press.sk:80/zbrane-a-technika/abrams-in-detail,https://web.archive.org/web/20161005002916/http://www.press.sk:80/zbrane-a-technika/abrams-in-detail,20161005002916,skip
http://www.press.sk:80/zbrane-a-technika/abrams-in-detail,https://web.archive.org/web/20161105145912/http://www.press.sk:80/zbrane-a-technika/abrams-in-detail,20161105145912,skip
https://www.press.sk/zbrane-a-technika/abrams-in-detail/,https://web.archive.org/web/20190723163214/https://www.press.sk/zbrane-a-technika/abrams-in-detail/,20190723163214,skip
https://www.press.sk/zbrane-a-technika/abrams-in-detail/,https://web.archive.org/web/20191212103850/https://www.press.sk/zbrane-a-technika/abrams-in-detail/,20191212103850,skip
http://www.press.sk:80/zbrane-a-technika/aero-1-vickers-wellington-mk.i/,https://web.archive.org/web/20150822050548/http://www.press.sk:80/zbrane-a-technika/aero-1-vickers-wellington-mk.i/,20150822050548,skip
http://www.press.sk:80/zbrane-a-technika/aero-4-consolidated-liberator-mkiii-mkv-a-mk-iv/,https://web.archive.org/web/20150822045211/http://www.press.sk:80/zbrane-a-technika/aero-4-consolidated-liberator-mkiii-mkv-a-mk-iv/,20150822045211,skip
http://www.press.sk:80/zbrane-a-technika/aero-avia-scs-92/,https://web.archive.org/web/20150822050553/http://www.press.sk:80/zbrane-a-technika/aero-avia-scs-92/,20150822050553,skip
https://www.press.sk/zbrane-a-technika/aero-l-29-delfin-colours-markings-148/,https://web.archive.org/web/20210512235352/https://www.press.sk/zbrane-a-technika/aero-l-29-delfin-colours-markings-148/,20210512235352,skip
http://www.press.sk/zbrane-a-technika/albatros-aero-l-39-l-59-l-139/,https://web.archive.org/web/20161030104902/http://www.press.sk/zbrane-a-technika/albatros-aero-l-39-l-59-l-139/,20161030104902,skip
http://www.press.sk:80/zbrane-a-technika/albatros-aero-l-39-l-59-l-139/,https://web.archive.org/web/20161115100300/http://www.press.sk:80/zbrane-a-technika/albatros-aero-l-39-l-59-l-139/,20161115100300,skip
http://www.press.sk:80/zbrane-a-technika/albatros-aero-l-39-l-59-l-139/,https://web.archive.org/web/20170314062023/http://www.press.sk:80/zbrane-a-technika/albatros-aero-l-39-l-59-l-139/,20170314062023,skip
http://www.press.sk:80/zbrane-a-technika/albatros-aero-l-39-l-59-l-139/,https://web.archive.org/web/20170515012027/http://www.press.sk:80/zbrane-a-technika/albatros-aero-l-39-l-59-l-139/,20170515012027,skip
http://www.press.sk/zbrane-a-technika/albatros-aero-l-39-l-59-l-139/,https://web.archive.org/web/20170611111638/http://www.press.sk/zbrane-a-technika/albatros-aero-l-39-l-59-l-139/,20170611111638,skip
http://www.press.sk:80/zbrane-a-technika/allgemeine-waffenkunde-fur-infanterie/,https://web.archive.org/web/20090204200533/http://www.press.sk:80/zbrane-a-technika/allgemeine-waffenkunde-fur-infanterie/,20090204200533,skip
http://www.press.sk:80/zbrane-a-technika/allgemeine-waffenkunde-fur-infanterie/,https://web.archive.org/web/20090701013405/http://www.press.sk:80/zbrane-a-technika/allgemeine-waffenkunde-fur-infanterie/,20090701013405,skip
http://www.press.sk:80/zbrane-a-technika/allgemeine-waffenkunde-fur-infanterie/,https://web.archive.org/web/20091226170818/http://www.press.sk:80/zbrane-a-technika/allgemeine-waffenkunde-fur-infanterie/,20091226170818,skip
http://www.press.sk:80/zbrane-a-technika/allgemeine-waffenkunde-fur-infanterie/,https://web.archive.org/web/20100226144423/http://www.press.sk:80/zbrane-a-technika/allgemeine-waffenkunde-fur-infanterie/,20100226144423,skip
http://www.press.sk:80/zbrane-a-technika/allgemeine-waffenkunde-fur-infanterie/,https://web.archive.org/web/20130508231106/http://www.press.sk:80/zbrane-a-technika/allgemeine-waffenkunde-fur-infanterie/,20130508231106,skip
http://www.press.sk/zbrane-a-technika/allgemeine-waffenkunde-fur-infanterie/,https://web.archive.org/web/20130623020446/http://www.press.sk/zbrane-a-technika/allgemeine-waffenkunde-fur-infanterie/,20130623020446,skip
http://www.press.sk:80/zbrane-a-technika/allgemeine-waffenkunde-fur-infanterie/,https://web.archive.org/web/20150516182211/http://www.press.sk:80/zbrane-a-technika/allgemeine-waffenkunde-fur-infanterie/,20150516182211,skip
http://www.press.sk:80/zbrane-a-technika/americka-zbran-dejiny-usa-v-deseti-strelnych-zbranich/,https://web.archive.org/web/20150822050558/http://www.press.sk:80/zbrane-a-technika/americka-zbran-dejiny-usa-v-deseti-strelnych-zbranich/,20150822050558,skip
http://www.press.sk:80/zbrane-a-technika/amphibious-jeeps-in-detail-ford-gpa-gaz-46-mav-skoda-973/,https://web.archive.org/web/20090204104628/http://www.press.sk:80/zbrane-a-technika/amphibious-jeeps-in-detail-ford-gpa-gaz-46-mav-skoda-973/,20090204104628,skip
http://www.press.sk:80/zbrane-a-technika/amphibious-jeeps-in-detail-ford-gpa-gaz-46-mav-skoda-973/,https://web.archive.org/web/20090713202335/http://www.press.sk:80/zbrane-a-technika/amphibious-jeeps-in-detail-ford-gpa-gaz-46-mav-skoda-973/,20090713202335,skip
http://www.press.sk:80/zbrane-a-technika/amphibious-jeeps-in-detail-ford-gpa-gaz-46-mav-skoda-973/,https://web.archive.org/web/20091226170823/http://www.press.sk:80/zbrane-a-technika/amphibious-jeeps-in-detail-ford-gpa-gaz-46-mav-skoda-973/,20091226170823,skip
http://www.press.sk:80/zbrane-a-technika/amphibious-jeeps-in-detail-ford-gpa-gaz-46-mav-skoda-973/,https://web.archive.org/web/20130509054335/http://www.press.sk:80/zbrane-a-technika/amphibious-jeeps-in-detail-ford-gpa-gaz-46-mav-skoda-973/,20130509054335,skip
http://www.press.sk:80/zbrane-a-technika/amphibious-jeeps-in-detail-ford-gpa-gaz-46-mav-skoda-973/,https://web.archive.org/web/20150515004226/http://www.press.sk:80/zbrane-a-technika/amphibious-jeeps-in-detail-ford-gpa-gaz-46-mav-skoda-973/,20150515004226,skip
http://www.press.sk:80/zbrane-a-technika/areal-cs.-opevneni-hlucin-darkovicky-historie-a-soucasnost/,https://web.archive.org/web/20090204200539/http://www.press.sk:80/zbrane-a-technika/areal-cs.-opevneni-hlucin-darkovicky-historie-a-soucasnost/,20090204200539,skip
http://www.press.sk:80/zbrane-a-technika/areal-cs.-opevneni-hlucin-darkovicky-historie-a-soucasnost/,https://web.archive.org/web/20090701013410/http://www.press.sk:80/zbrane-a-technika/areal-cs.-opevneni-hlucin-darkovicky-historie-a-soucasnost/,20090701013410,skip
http://www.press.sk:80/zbrane-a-technika/areal-cs.-opevneni-hlucin-darkovicky-historie-a-soucasnost/,https://web.archive.org/web/20091226170828/http://www.press.sk:80/zbrane-a-technika/areal-cs.-opevneni-hlucin-darkovicky-historie-a-soucasnost/,20091226170828,skip
http://www.press.sk:80/zbrane-a-technika/areal-cs.-opevneni-hlucin-darkovicky-historie-a-soucasnost/,https://web.archive.org/web/20130508225856/http://www.press.sk:80/zbrane-a-technika/areal-cs.-opevneni-hlucin-darkovicky-historie-a-soucasnost/,20130508225856,skip
http://www.press.sk:80/zbrane-a-technika/areal-cs.-opevneni-hlucin-darkovicky-historie-a-soucasnost/,https://web.archive.org/web/20150514224826/http://www.press.sk:80/zbrane-a-technika/areal-cs.-opevneni-hlucin-darkovicky-historie-a-soucasnost/,20150514224826,skip
https://www.press.sk/zbrane-a-technika/armada-stroju-autonomni-zbrane-a-budoucnost-valky/,https://web.archive.org/web/20190819060943/https://www.press.sk/zbrane-a-technika/armada-stroju-autonomni-zbrane-a-budoucnost-valky/,20190819060943,skip
https://www.press.sk/zbrane-a-technika/armada-stroju-autonomni-zbrane-a-budoucnost-valky/,https://web.archive.org/web/20191015215454/https://www.press.sk/zbrane-a-technika/armada-stroju-autonomni-zbrane-a-budoucnost-valky/,20191015215454,skip
http://www.press.sk:80/zbrane-a-technika/as-90-braveheart-in-detail/,https://web.archive.org/web/20090204200546/http://www.press.sk:80/zbrane-a-technika/as-90-braveheart-in-detail/,20090204200546,skip
http://www.press.sk:80/zbrane-a-technika/as-90-braveheart-in-detail/,https://web.archive.org/web/20090701013415/http://www.press.sk:80/zbrane-a-technika/as-90-braveheart-in-detail/,20090701013415,skip
http://www.press.sk:80/zbrane-a-technika/as-90-braveheart-in-detail/,https://web.archive.org/web/20091226170833/http://www.press.sk:80/zbrane-a-technika/as-90-braveheart-in-detail/,20091226170833,skip
http://www.press.sk:80/zbrane-a-technika/as-90-braveheart-in-detail/,https://web.archive.org/web/20100226144936/http://www.press.sk:80/zbrane-a-technika/as-90-braveheart-in-detail/,20100226144936,skip
http://www.press.sk:80/zbrane-a-technika/as-90-braveheart-in-detail/,https://web.archive.org/web/20130508231111/http://www.press.sk:80/zbrane-a-technika/as-90-braveheart-in-detail/,20130508231111,skip
http://www.press.sk/zbrane-a-technika/as-90-braveheart-in-detail/,https://web.archive.org/web/20130622233748/http://www.press.sk/zbrane-a-technika/as-90-braveheart-in-detail/,20130622233748,skip
http://www.press.sk:80/zbrane-a-technika/as-90-braveheart-in-detail/,https://web.archive.org/web/20150516182720/http://www.press.sk:80/zbrane-a-technika/as-90-braveheart-in-detail/,20150516182720,skip
https://www.press.sk/zbrane-a-technika/at-t-vehicles-family-g059/,https://web.archive.org/web/20190819061734/https://www.press.sk/zbrane-a-technika/at-t-vehicles-family-g059/,20190819061734,skip
http://www.press.sk:80/zbrane-a-technika/aw-10-humber-f.w.d.-4x4/,https://web.archive.org/web/20150822113859/http://www.press.sk:80/zbrane-a-technika/aw-10-humber-f.w.d.-4x4/,20150822113859,skip
http://www.press.sk:80/zbrane-a-technika/ba-64-tank-power-vol.-lxx-303/,https://web.archive.org/web/20130509054341/http://www.press.sk:80/zbrane-a-technika/ba-64-tank-power-vol.-lxx-303/,20130509054341,skip
http://www.press.sk:80/zbrane-a-technika/ba-64-tank-power-vol.-lxx-303/,https://web.archive.org/web/20150822113905/http://www.press.sk:80/zbrane-a-technika/ba-64-tank-power-vol.-lxx-303/,20150822113905,skip
http://www.press.sk:80/zbrane-a-technika/balistika/,https://web.archive.org/web/20150822114439/http://www.press.sk:80/zbrane-a-technika/balistika/,20150822114439,skip
http://www.press.sk:80/zbrane-a-technika/balistika-strely-presnost-strelby-ucinek/,https://web.archive.org/web/20081211045710/http://www.press.sk:80/zbrane-a-technika/balistika-strely-presnost-strelby-ucinek/,20081211045710,skip
http://www.press.sk:80/zbrane-a-technika/balistika-strely-presnost-strelby-ucinek/,https://web.archive.org/web/20090204104632/http://www.press.sk:80/zbrane-a-technika/balistika-strely-presnost-strelby-ucinek/,20090204104632,skip
http://www.press.sk:80/zbrane-a-technika/balistika-strely-presnost-strelby-ucinek/,https://web.archive.org/web/20090701013420/http://www.press.sk:80/zbrane-a-technika/balistika-strely-presnost-strelby-ucinek/,20090701013420,skip
http://www.press.sk:80/zbrane-a-technika/balistika-strely-presnost-strelby-ucinek/,https://web.archive.org/web/20091226170838/http://www.press.sk:80/zbrane-a-technika/balistika-strely-presnost-strelby-ucinek/,20091226170838,skip
http://www.press.sk:80/zbrane-a-technika/balistika-strely-presnost-strelby-ucinek,https://web.archive.org/web/20100523154630/http://www.press.sk:80/zbrane-a-technika/balistika-strely-presnost-strelby-ucinek,20100523154630,skip
http://www.press.sk:80/zbrane-a-technika/balistika-strely-presnost-strelby-ucinek,https://web.archive.org/web/20100625005053/http://www.press.sk:80/zbrane-a-technika/balistika-strely-presnost-strelby-ucinek,20100625005053,skip
https://www.press.sk/zbrane-a-technika/balistika-strely-presnost-strelby-ucinek-dotlac/,https://web.archive.org/web/20230311055300/https://www.press.sk/zbrane-a-technika/balistika-strely-presnost-strelby-ucinek-dotlac/,20230311055300,skip
http://www.press.sk:80/zbrane-a-technika/bantam-jeeps-in-detail-k-in-detail/,https://web.archive.org/web/20110912082945/http://www.press.sk:80/zbrane-a-technika/bantam-jeeps-in-detail-k-in-detail/,20110912082945,skip
http://www.press.sk:80/zbrane-a-technika/bantam-jeeps-in-detail-k-in-detail/,https://web.archive.org/web/20130508231116/http://www.press.sk:80/zbrane-a-technika/bantam-jeeps-in-detail-k-in-detail/,20130508231116,skip
http://www.press.sk:80/zbrane-a-technika/bantam-jeeps-in-detail-k-in-detail/,https://web.archive.org/web/20150822113910/http://www.press.sk:80/zbrane-a-technika/bantam-jeeps-in-detail-k-in-detail/,20150822113910,skip
http://www.press.sk:80/zbrane-a-technika/bedford-ql-3-ton-wwii-trucks-in-detail/,https://web.archive.org/web/20130508231121/http://www.press.sk:80/zbrane-a-technika/bedford-ql-3-ton-wwii-trucks-in-detail/,20130508231121,skip
http://www.press.sk:80/zbrane-a-technika/bedford-ql-3-ton-wwii-trucks-in-detail/,https://web.archive.org/web/20150822115651/http://www.press.sk:80/zbrane-a-technika/bedford-ql-3-ton-wwii-trucks-in-detail/,20150822115651,skip
http://www.press.sk:80/zbrane-a-technika/beep-in-detail/,https://web.archive.org/web/20090204104638/http://www.press.sk:80/zbrane-a-technika/beep-in-detail/,20090204104638,skip
http://www.press.sk:80/zbrane-a-technika/beep-in-detail/,https://web.archive.org/web/20090701013425/http://www.press.sk:80/zbrane-a-technika/beep-in-detail/,20090701013425,skip
http://www.press.sk:80/zbrane-a-technika/beep-in-detail/,https://web.archive.org/web/20091226170843/http://www.press.sk:80/zbrane-a-technika/beep-in-detail/,20091226170843,skip
http://www.press.sk:80/zbrane-a-technika/beep-in-detail/,https://web.archive.org/web/20130508231126/http://www.press.sk:80/zbrane-a-technika/beep-in-detail/,20130508231126,skip
http://www.press.sk/zbrane-a-technika/beep-in-detail/,https://web.archive.org/web/20130623042503/http://www.press.sk/zbrane-a-technika/beep-in-detail/,20130623042503,skip
http://www.press.sk:80/zbrane-a-technika/beep-in-detail/,https://web.archive.org/web/20150516183830/http://www.press.sk:80/zbrane-a-technika/beep-in-detail/,20150516183830,skip
http://www.press.sk:80/zbrane-a-technika/betonova-iluze/,https://web.archive.org/web/20150822113914/http://www.press.sk:80/zbrane-a-technika/betonova-iluze/,20150822113914,skip
http://www.press.sk:80/zbrane-a-technika/bez-nich-by-bloudili/,https://web.archive.org/web/20130510085502/http://www.press.sk:80/zbrane-a-technika/bez-nich-by-bloudili/,20130510085502,skip
http://www.press.sk:80/zbrane-a-technika/bez-nich-by-bloudili/,https://web.archive.org/web/20150822115656/http://www.press.sk:80/zbrane-a-technika/bez-nich-by-bloudili/,20150822115656,skip
http://www.press.sk:80/zbrane-a-technika/biologicke-a-chemicke-zbrane/,https://web.archive.org/web/20150822114941/http://www.press.sk:80/zbrane-a-technika/biologicke-a-chemicke-zbrane/,20150822114941,skip
http://www.press.sk:80/zbrane-a-technika/bmw-r-75-in-detail/,https://web.archive.org/web/20090204200551/http://www.press.sk:80/zbrane-a-technika/bmw-r-75-in-detail/,20090204200551,skip
http://www.press.sk:80/zbrane-a-technika/bmw-r-75-in-detail/,https://web.archive.org/web/20091226170848/http://www.press.sk:80/zbrane-a-technika/bmw-r-75-in-detail/,20091226170848,skip
http://www.press.sk:80/zbrane-a-technika/bmw-r-75-in-detail/,https://web.archive.org/web/20130508225901/http://www.press.sk:80/zbrane-a-technika/bmw-r-75-in-detail/,20130508225901,skip
http://www.press.sk/zbrane-a-technika/bmw-r-75-in-detail/,https://web.archive.org/web/20130623024823/http://www.press.sk/zbrane-a-technika/bmw-r-75-in-detail/,20130623024823,skip
http://www.press.sk:80/zbrane-a-technika/bmw-r-75-in-detail/,https://web.archive.org/web/20150516181749/http://www.press.sk:80/zbrane-a-technika/bmw-r-75-in-detail/,20150516181749,skip
http://www.press.sk:80/zbrane-a-technika/bodak-pro-samopal-vz.-58/,https://web.archive.org/web/20090204104643/http://www.press.sk:80/zbrane-a-technika/bodak-pro-samopal-vz.-58/,20090204104643,skip
http://www.press.sk:80/zbrane-a-technika/bodak-pro-samopal-vz.-58/,https://web.archive.org/web/20090701013430/http://www.press.sk:80/zbrane-a-technika/bodak-pro-samopal-vz.-58/,20090701013430,skip
http://www.press.sk:80/zbrane-a-technika/bodak-pro-samopal-vz.-58/,https://web.archive.org/web/20091226170853/http://www.press.sk:80/zbrane-a-technika/bodak-pro-samopal-vz.-58/,20091226170853,skip
http://www.press.sk:80/zbrane-a-technika/bodak-pro-samopal-vz.-58/,https://web.archive.org/web/20130508225906/http://www.press.sk:80/zbrane-a-technika/bodak-pro-samopal-vz.-58/,20130508225906,skip
http://www.press.sk:80/zbrane-a-technika/bodak-pro-samopal-vz.-58/,https://web.archive.org/web/20150514224831/http://www.press.sk:80/zbrane-a-technika/bodak-pro-samopal-vz.-58/,20150514224831,skip
http://www.press.sk:80/zbrane-a-technika/bofors-40mm-wwii-aa-gun-in-deatail/,https://web.archive.org/web/20130508225911/http://www.press.sk:80/zbrane-a-technika/bofors-40mm-wwii-aa-gun-in-deatail/,20130508225911,skip
http://www.press.sk:80/zbrane-a-technika/bofors-40mm-wwii-aa-gun-in-deatail/,https://web.archive.org/web/20150822114444/http://www.press.sk:80/zbrane-a-technika/bofors-40mm-wwii-aa-gun-in-deatail/,20150822114444,skip
http://www.press.sk:80/zbrane-a-technika/bojova-letadla-luftwaffe/,https://web.archive.org/web/20150822050604/http://www.press.sk:80/zbrane-a-technika/bojova-letadla-luftwaffe/,20150822050604,skip
http://www.press.sk:80/zbrane-a-technika/bojova-vozidla-pechoty,https://web.archive.org/web/20090923012819/http://www.press.sk:80/zbrane-a-technika/bojova-vozidla-pechoty,20090923012819,skip
http://www.press.sk:80/zbrane-a-technika/bojova-vozidla-pechoty/,https://web.archive.org/web/20091226170858/http://www.press.sk:80/zbrane-a-technika/bojova-vozidla-pechoty/,20091226170858,skip
http://www.press.sk:80/zbrane-a-technika/bojova-vozidla-pechoty,https://web.archive.org/web/20100107180521/http://www.press.sk:80/zbrane-a-technika/bojova-vozidla-pechoty,20100107180521,skip
http://www.press.sk:80/zbrane-a-technika/bojova-vozidla-pechoty/,https://web.archive.org/web/20100226145532/http://www.press.sk:80/zbrane-a-technika/bojova-vozidla-pechoty/,20100226145532,skip
http://www.press.sk:80/zbrane-a-technika/bojova-vozidla-pechoty/,https://web.archive.org/web/20130508231131/http://www.press.sk:80/zbrane-a-technika/bojova-vozidla-pechoty/,20130508231131,skip
http://www.press.sk:80/zbrane-a-technika/bojova-vozidla-pechoty/,https://web.archive.org/web/20150822114450/http://www.press.sk:80/zbrane-a-technika/bojova-vozidla-pechoty/,20150822114450,skip
http://www.press.sk:80/zbrane-a-technika/bojove-brokovnice/,https://web.archive.org/web/20090204200556/http://www.press.sk:80/zbrane-a-technika/bojove-brokovnice/,20090204200556,skip
http://www.press.sk:80/zbrane-a-technika/bojove-brokovnice/,https://web.archive.org/web/20090701013435/http://www.press.sk:80/zbrane-a-technika/bojove-brokovnice/,20090701013435,skip
http://www.press.sk:80/zbrane-a-technika/bojove-brokovnice/,https://web.archive.org/web/20091226170903/http://www.press.sk:80/zbrane-a-technika/bojove-brokovnice/,20091226170903,skip
http://www.press.sk:80/zbrane-a-technika/bojove-brokovnice/,https://web.archive.org/web/20130508225916/http://www.press.sk:80/zbrane-a-technika/bojove-brokovnice/,20130508225916,skip
http://www.press.sk:80/zbrane-a-technika/bojove-brokovnice/,https://web.archive.org/web/20150516183836/http://www.press.sk:80/zbrane-a-technika/bojove-brokovnice/,20150516183836,skip
http://www.press.sk:80/zbrane-a-technika/british-25pdr-field-gun-in-detail/,https://web.archive.org/web/20130508231136/http://www.press.sk:80/zbrane-a-technika/british-25pdr-field-gun-in-detail/,20130508231136,skip
http://www.press.sk:80/zbrane-a-technika/british-25pdr-field-gun-in-detail/,https://web.archive.org/web/20150822114455/http://www.press.sk:80/zbrane-a-technika/british-25pdr-field-gun-in-detail/,20150822114455,skip
http://www.press.sk:80/zbrane-a-technika/british-military-motorcycles%EF%BB%BF-in-world-war-ii/,https://web.archive.org/web/20150822113919/http://www.press.sk:80/zbrane-a-technika/british-military-motorcycles%EF%BB%BF-in-world-war-ii/,20150822113919,skip
https://www.press.sk/zbrane-a-technika/british-military-motorcycles%EF%BB%BF-in-world-war-ii/?utm_source=newsletter&utm_campaign=August_2013_special&utm_medium=archive,https://web.archive.org/web/20190826093207/https://www.press.sk/zbrane-a-technika/british-military-motorcycles%EF%BB%BF-in-world-war-ii/?utm_source=newsletter&utm_campaign=August_2013_special&utm_medium=archive,20190826093207,skip
http://www.press.sk:80/zbrane-a-technika/btr-60-in-detail/,https://web.archive.org/web/20150822045216/http://www.press.sk:80/zbrane-a-technika/btr-60-in-detail/,20150822045216,skip
http://www.press.sk:80/zbrane-a-technika/btr-70/,https://web.archive.org/web/20090701014301/http://www.press.sk:80/zbrane-a-technika/btr-70/,20090701014301,skip
http://www.press.sk:80/zbrane-a-technika/btr-70/,https://web.archive.org/web/20091226170908/http://www.press.sk:80/zbrane-a-technika/btr-70/,20091226170908,skip
http://www.press.sk:80/zbrane-a-technika/btr-70/,https://web.archive.org/web/20130508231141/http://www.press.sk:80/zbrane-a-technika/btr-70/,20130508231141,skip
http://www.press.sk:80/zbrane-a-technika/btr-70/,https://web.archive.org/web/20150822114946/http://www.press.sk:80/zbrane-a-technika/btr-70/,20150822114946,skip
http://www.press.sk:80/zbrane-a-technika/buffalo-mpvc-in-detail/,https://web.archive.org/web/20150822120007/http://www.press.sk:80/zbrane-a-technika/buffalo-mpvc-in-detail/,20150822120007,skip
http://www.press.sk:80/zbrane-a-technika/buffalo-mpvc-in-detail,https://web.archive.org/web/20160901195056/http://www.press.sk:80/zbrane-a-technika/buffalo-mpvc-in-detail,20160901195056,skip
http://www.press.sk:80/zbrane-a-technika/buffalo-mpvc-in-detail,https://web.archive.org/web/20160903010015/http://www.press.sk:80/zbrane-a-technika/buffalo-mpvc-in-detail,20160903010015,skip
http://www.press.sk:80/zbrane-a-technika/buffalo-mpvc-in-detail,https://web.archive.org/web/20161003205637/http://www.press.sk:80/zbrane-a-technika/buffalo-mpvc-in-detail,20161003205637,skip
http://www.press.sk:80/zbrane-a-technika/buffalo-mpvc-in-detail,https://web.archive.org/web/20161005003220/http://www.press.sk:80/zbrane-a-technika/buffalo-mpvc-in-detail,20161005003220,skip
http://www.press.sk:80/zbrane-a-technika/buffalo-mpvc-in-detail,https://web.archive.org/web/20161105144108/http://www.press.sk:80/zbrane-a-technika/buffalo-mpvc-in-detail,20161105144108,skip
http://www.press.sk:80/zbrane-a-technika/centurion-in-detail/,https://web.archive.org/web/20130508231146/http://www.press.sk:80/zbrane-a-technika/centurion-in-detail/,20130508231146,skip
http://www.press.sk:80/zbrane-a-technika/centurion-in-detail/,https://web.archive.org/web/20150822120011/http://www.press.sk:80/zbrane-a-technika/centurion-in-detail/,20150822120011,skip
http://www.press.sk:80/zbrane-a-technika/centurion-in-detail-part-2/,https://web.archive.org/web/20150822113924/http://www.press.sk:80/zbrane-a-technika/centurion-in-detail-part-2/,20150822113924,skip
http://www.press.sk:80/zbrane-a-technika/centurion-vs-t-55/,https://web.archive.org/web/20130508231151/http://www.press.sk:80/zbrane-a-technika/centurion-vs-t-55/,20130508231151,skip
http://www.press.sk:80/zbrane-a-technika/centurion-vs-t-55/,https://web.archive.org/web/20150822113929/http://www.press.sk:80/zbrane-a-technika/centurion-vs-t-55/,20150822113929,skip
http://www.press.sk:80/zbrane-a-technika/ceskoslovenska-obrnena-vozidla-1918-1948/,https://web.archive.org/web/20090204104648/http://www.press.sk:80/zbrane-a-technika/ceskoslovenska-obrnena-vozidla-1918-1948/,20090204104648,skip
http://www.press.sk:80/zbrane-a-technika/ceskoslovenska-obrnena-vozidla-1918-1948/,https://web.archive.org/web/20090701014305/http://www.press.sk:80/zbrane-a-technika/ceskoslovenska-obrnena-vozidla-1918-1948/,20090701014305,skip
http://www.press.sk:80/zbrane-a-technika/ceskoslovenska-obrnena-vozidla-1918-1948/,https://web.archive.org/web/20091226170913/http://www.press.sk:80/zbrane-a-technika/ceskoslovenska-obrnena-vozidla-1918-1948/,20091226170913,skip
http://www.press.sk:80/zbrane-a-technika/ceskoslovenska-obrnena-vozidla-1918-1948/,https://web.archive.org/web/20100226154953/http://www.press.sk:80/zbrane-a-technika/ceskoslovenska-obrnena-vozidla-1918-1948/,20100226154953,skip
http://www.press.sk:80/zbrane-a-technika/ceskoslovenske-762-mm-lehke-kulomety-vz.-52-a-5257/,https://web.archive.org/web/20090204200601/http://www.press.sk:80/zbrane-a-technika/ceskoslovenske-762-mm-lehke-kulomety-vz.-52-a-5257/,20090204200601,skip
http://www.press.sk:80/zbrane-a-technika/ceskoslovenske-762-mm-lehke-kulomety-vz.-52-a-5257/,https://web.archive.org/web/20090723172833/http://www.press.sk:80/zbrane-a-technika/ceskoslovenske-762-mm-lehke-kulomety-vz.-52-a-5257/,20090723172833,skip
http://www.press.sk:80/zbrane-a-technika/ceskoslovenske-762-mm-lehke-kulomety-vz.-52-a-5257/,https://web.archive.org/web/20091226170918/http://www.press.sk:80/zbrane-a-technika/ceskoslovenske-762-mm-lehke-kulomety-vz.-52-a-5257/,20091226170918,skip
http://www.press.sk:80/zbrane-a-technika/ceskoslovenske-762-mm-lehke-kulomety-vz.-52-a-5257/,https://web.archive.org/web/20100226144941/http://www.press.sk:80/zbrane-a-technika/ceskoslovenske-762-mm-lehke-kulomety-vz.-52-a-5257/,20100226144941,skip
http://www.press.sk:80/zbrane-a-technika/ceskoslovenske-762-mm-lehke-kulomety-vz.-52-a-5257/,https://web.archive.org/web/20130508225921/http://www.press.sk:80/zbrane-a-technika/ceskoslovenske-762-mm-lehke-kulomety-vz.-52-a-5257/,20130508225921,skip
http://www.press.sk:80/zbrane-a-technika/ceskoslovenske-762-mm-lehke-kulomety-vz.-52-a-5257/,https://web.archive.org/web/20150514224835/http://www.press.sk:80/zbrane-a-technika/ceskoslovenske-762-mm-lehke-kulomety-vz.-52-a-5257/,20150514224835,skip
https://www.press.sk/zbrane-a-technika/ceskoslovenske-automaticke-zbrane/,https://web.archive.org/web/20221212000257/https://www.press.sk/zbrane-a-technika/ceskoslovenske-automaticke-zbrane/,20221212000257,skip
https://www.press.sk/zbrane-a-technika/ceskoslovenske-automaticke-zbrane/,https://web.archive.org/web/20230319015150/https://www.press.sk/zbrane-a-technika/ceskoslovenske-automaticke-zbrane/,20230319015150,skip
http://www.press.sk:80/zbrane-a-technika/ceskoslovenske-delostrelectvo-1918-1939/,https://web.archive.org/web/20090204200606/http://www.press.sk:80/zbrane-a-technika/ceskoslovenske-delostrelectvo-1918-1939/,20090204200606,skip
http://www.press.sk:80/zbrane-a-technika/ceskoslovenske-delostrelectvo-1918-1939/,https://web.archive.org/web/20090701014307/http://www.press.sk:80/zbrane-a-technika/ceskoslovenske-delostrelectvo-1918-1939/,20090701014307,skip
http://www.press.sk:80/zbrane-a-technika/ceskoslovenske-delostrelectvo-1918-1939/,https://web.archive.org/web/20091226170923/http://www.press.sk:80/zbrane-a-technika/ceskoslovenske-delostrelectvo-1918-1939/,20091226170923,skip
http://www.press.sk:80/zbrane-a-technika/ceskoslovenske-delostrelectvo-1918-1939/,https://web.archive.org/web/20100226160202/http://www.press.sk:80/zbrane-a-technika/ceskoslovenske-delostrelectvo-1918-1939/,20100226160202,skip
http://www.press.sk:80/zbrane-a-technika/ceskoslovenske-delostrelectvo-1918-1939/,https://web.archive.org/web/20130508231156/http://www.press.sk:80/zbrane-a-technika/ceskoslovenske-delostrelectvo-1918-1939/,20130508231156,skip
http://www.press.sk:80/zbrane-a-technika/ceskoslovenske-delostrelectvo-1918-1939/,https://web.archive.org/web/20150514224841/http://www.press.sk:80/zbrane-a-technika/ceskoslovenske-delostrelectvo-1918-1939/,20150514224841,skip
http://www.press.sk:80/zbrane-a-technika/ceskoslovenske-lehke-kulomety/,https://web.archive.org/web/20130509044010/http://www.press.sk:80/zbrane-a-technika/ceskoslovenske-lehke-kulomety/,20130509044010,skip
http://www.press.sk:80/zbrane-a-technika/ceskoslovenske-lehke-kulomety/,https://web.archive.org/web/20150822114951/http://www.press.sk:80/zbrane-a-technika/ceskoslovenske-lehke-kulomety/,20150822114951,skip
http://www.press.sk:80/zbrane-a-technika/ceskoslovenske-opevneni-z-let-1935-1938-na-trutnovsku/,https://web.archive.org/web/20090204200611/http://www.press.sk:80/zbrane-a-technika/ceskoslovenske-opevneni-z-let-1935-1938-na-trutnovsku/,20090204200611,skip
http://www.press.sk:80/zbrane-a-technika/ceskoslovenske-opevneni-z-let-1935-1938-na-trutnovsku/,https://web.archive.org/web/20090701014312/http://www.press.sk:80/zbrane-a-technika/ceskoslovenske-opevneni-z-let-1935-1938-na-trutnovsku/,20090701014312,skip
http://www.press.sk:80/zbrane-a-technika/ceskoslovenske-opevneni-z-let-1935-1938-na-trutnovsku/,https://web.archive.org/web/20091226170928/http://www.press.sk:80/zbrane-a-technika/ceskoslovenske-opevneni-z-let-1935-1938-na-trutnovsku/,20091226170928,skip
http://www.press.sk:80/zbrane-a-technika/ceskoslovenske-opevneni-z-let-1935-1938-na-trutnovsku/,https://web.archive.org/web/20100226150819/http://www.press.sk:80/zbrane-a-technika/ceskoslovenske-opevneni-z-let-1935-1938-na-trutnovsku/,20100226150819,skip
http://www.press.sk:80/zbrane-a-technika/ceskoslovenske-opevneni-z-let-1935-1938-na-trutnovsku/,https://web.archive.org/web/20130508231201/http://www.press.sk:80/zbrane-a-technika/ceskoslovenske-opevneni-z-let-1935-1938-na-trutnovsku/,20130508231201,skip
http://www.press.sk:80/zbrane-a-technika/ceskoslovenske-opevneni-z-let-1935-1938-na-trutnovsku/,https://web.archive.org/web/20150516184247/http://www.press.sk:80/zbrane-a-technika/ceskoslovenske-opevneni-z-let-1935-1938-na-trutnovsku/,20150516184247,skip
http://www.press.sk:80/zbrane-a-technika/ceskoslovenske-pevnosti/,https://web.archive.org/web/20090204104653/http://www.press.sk:80/zbrane-a-technika/ceskoslovenske-pevnosti/,20090204104653,skip
http://www.press.sk:80/zbrane-a-technika/ceskoslovenske-pevnosti/,https://web.archive.org/web/20090701014317/http://www.press.sk:80/zbrane-a-technika/ceskoslovenske-pevnosti/,20090701014317,skip
http://www.press.sk:80/zbrane-a-technika/ceskoslovenske-pevnosti/,https://web.archive.org/web/20091226170933/http://www.press.sk:80/zbrane-a-technika/ceskoslovenske-pevnosti/,20091226170933,skip
http://www.press.sk:80/zbrane-a-technika/ceskoslovenske-pevnosti/,https://web.archive.org/web/20100226160224/http://www.press.sk:80/zbrane-a-technika/ceskoslovenske-pevnosti/,20100226160224,skip
http://www.press.sk:80/zbrane-a-technika/ceskoslovenske-pevnosti/,https://web.archive.org/web/20130508225926/http://www.press.sk:80/zbrane-a-technika/ceskoslovenske-pevnosti/,20130508225926,skip
http://www.press.sk:80/zbrane-a-technika/ceskoslovenske-pevnosti/,https://web.archive.org/web/20150514224846/http://www.press.sk:80/zbrane-a-technika/ceskoslovenske-pevnosti/,20150514224846,skip
http://www.press.sk:80/zbrane-a-technika/ceskoslovenske-pistole-1918-1950/,https://web.archive.org/web/20090204104658/http://www.press.sk:80/zbrane-a-technika/ceskoslovenske-pistole-1918-1950/,20090204104658,skip
http://www.press.sk:80/zbrane-a-technika/ceskoslovenske-pistole-1918-1950/,https://web.archive.org/web/20090701014325/http://www.press.sk:80/zbrane-a-technika/ceskoslovenske-pistole-1918-1950/,20090701014325,skip
http://www.press.sk:80/zbrane-a-technika/ceskoslovenske-pistole-1918-1950/,https://web.archive.org/web/20091226170938/http://www.press.sk:80/zbrane-a-technika/ceskoslovenske-pistole-1918-1950/,20091226170938,skip
http://www.press.sk:80/zbrane-a-technika/ceskoslovenske-pistole-1918-1950/,https://web.archive.org/web/20100226144437/http://www.press.sk:80/zbrane-a-technika/ceskoslovenske-pistole-1918-1950/,20100226144437,skip
http://www.press.sk:80/zbrane-a-technika/ceskoslovenske-pistole-1918-1950/,https://web.archive.org/web/20130509052242/http://www.press.sk:80/zbrane-a-technika/ceskoslovenske-pistole-1918-1950/,20130509052242,skip
http://www.press.sk:80/zbrane-a-technika/ceskoslovenske-pistole-1918-1950/,https://web.archive.org/web/20150515004024/http://www.press.sk:80/zbrane-a-technika/ceskoslovenske-pistole-1918-1950/,20150515004024,skip
http://www.press.sk:80/zbrane-a-technika/ceskoslovenske-rucni-palne-zbrane-a-kulomety/,https://web.archive.org/web/20090204200617/http://www.press.sk:80/zbrane-a-technika/ceskoslovenske-rucni-palne-zbrane-a-kulomety/,20090204200617,skip
http://www.press.sk:80/zbrane-a-technika/ceskoslovenske-rucni-palne-zbrane-a-kulomety/,https://web.archive.org/web/20090701014334/http://www.press.sk:80/zbrane-a-technika/ceskoslovenske-rucni-palne-zbrane-a-kulomety/,20090701014334,skip
http://www.press.sk:80/zbrane-a-technika/ceskoslovenske-rucni-palne-zbrane-a-kulomety/,https://web.archive.org/web/20091226170948/http://www.press.sk:80/zbrane-a-technika/ceskoslovenske-rucni-palne-zbrane-a-kulomety/,20091226170948,skip
http://www.press.sk:80/zbrane-a-technika/ceskoslovenske-rucni-palne-zbrane-a-kulomety+4658/,https://web.archive.org/web/20090701014329/http://www.press.sk:80/zbrane-a-technika/ceskoslovenske-rucni-palne-zbrane-a-kulomety+4658/,20090701014329,skip
http://www.press.sk:80/zbrane-a-technika/ceskoslovenske-rucni-palne-zbrane-a-kulomety+4658,https://web.archive.org/web/20091213025851/http://www.press.sk:80/zbrane-a-technika/ceskoslovenske-rucni-palne-zbrane-a-kulomety+4658,20091213025851,skip
http://www.press.sk:80/zbrane-a-technika/ceskoslovenske-rucni-palne-zbrane-a-kulomety+4658/,https://web.archive.org/web/20091226170943/http://www.press.sk:80/zbrane-a-technika/ceskoslovenske-rucni-palne-zbrane-a-kulomety+4658/,20091226170943,skip
http://www.press.sk:80/zbrane-a-technika/ceskoslovenske-rucni-palne-zbrane-a-kulomety+4658,https://web.archive.org/web/20100127162956/http://www.press.sk:80/zbrane-a-technika/ceskoslovenske-rucni-palne-zbrane-a-kulomety+4658,20100127162956,skip
http://www.press.sk:80/zbrane-a-technika/ceskoslovenske-tankove-sily-1945-1992,https://web.archive.org/web/20121206055610/http://www.press.sk:80/zbrane-a-technika/ceskoslovenske-tankove-sily-1945-1992,20121206055610,skip
http://www.press.sk:80/zbrane-a-technika/ceskoslovenske-tankove-sily-1945-1992/,https://web.archive.org/web/20121229025343/http://www.press.sk:80/zbrane-a-technika/ceskoslovenske-tankove-sily-1945-1992/,20121229025343,skip
http://www.press.sk:80/zbrane-a-technika/ceskoslovenske-tankove-sily-1945-1992,https://web.archive.org/web/20130107080823/http://www.press.sk:80/zbrane-a-technika/ceskoslovenske-tankove-sily-1945-1992,20130107080823,skip
http://www.press.sk:80/zbrane-a-technika/ceskoslovenske-tankove-sily-1945-1992,https://web.archive.org/web/20130331232232/http://www.press.sk:80/zbrane-a-technika/ceskoslovenske-tankove-sily-1945-1992,20130331232232,skip
http://www.press.sk:80/zbrane-a-technika/ceskoslovenske-tankove-sily-1945-1992/,https://web.archive.org/web/20130508225931/http://www.press.sk:80/zbrane-a-technika/ceskoslovenske-tankove-sily-1945-1992/,20130508225931,skip
http://www.press.sk:80/zbrane-a-technika/ceskoslovenske-tankove-sily-1945-1992,https://web.archive.org/web/20130530091927/http://www.press.sk:80/zbrane-a-technika/ceskoslovenske-tankove-sily-1945-1992,20130530091927,skip
http://www.press.sk:80/zbrane-a-technika/ceskoslovenske-tankove-sily-1945-1992/,https://web.archive.org/web/20150822120016/http://www.press.sk:80/zbrane-a-technika/ceskoslovenske-tankove-sily-1945-1992/,20150822120016,skip
https://www.press.sk/zbrane-a-technika/ceskoslovenske-tankove-sily-1945-1992/?utm_source=newsletter&utm_campaign=September_2012&utm_medium=archive,https://web.archive.org/web/20190826085956/https://www.press.sk/zbrane-a-technika/ceskoslovenske-tankove-sily-1945-1992/?utm_source=newsletter&utm_campaign=September_2012&utm_medium=archive,20190826085956,skip
http://www.press.sk:80/zbrane-a-technika/ceskoslovenske-zbrane-ve-svete-v-miru-i-za-valky,https://web.archive.org/web/20150820235232/http://www.press.sk:80/zbrane-a-technika/ceskoslovenske-zbrane-ve-svete-v-miru-i-za-valky,20150820235232,skip
http://www.press.sk:80/zbrane-a-technika/ceskoslovenske-zbrane-ve-svete-v-miru-i-za-valky/,https://web.archive.org/web/20150822050608/http://www.press.sk:80/zbrane-a-technika/ceskoslovenske-zbrane-ve-svete-v-miru-i-za-valky/,20150822050608,skip
http://www.press.sk:80/zbrane-a-technika/ceskoslovenske-zbrane-ve-svete-v-miru-i-za-valky,https://web.archive.org/web/20150921091412/http://www.press.sk:80/zbrane-a-technika/ceskoslovenske-zbrane-ve-svete-v-miru-i-za-valky,20150921091412,skip
http://www.press.sk:80/zbrane-a-technika/ceskoslovenske-zbrane-ve-svete-v-miru-i-za-valky,https://web.archive.org/web/20160402164724/http://www.press.sk:80/zbrane-a-technika/ceskoslovenske-zbrane-ve-svete-v-miru-i-za-valky,20160402164724,skip
http://www.press.sk:80/zbrane-a-technika/ceskoslovenske-zbrane-ve-svete-v-miru-i-za-valky,https://web.archive.org/web/20160512114612/http://www.press.sk:80/zbrane-a-technika/ceskoslovenske-zbrane-ve-svete-v-miru-i-za-valky,20160512114612,skip
http://www.press.sk:80/zbrane-a-technika/cesky-historicky-serm/,https://web.archive.org/web/20150822114956/http://www.press.sk:80/zbrane-a-technika/cesky-historicky-serm/,20150822114956,skip
http://www.press.sk:80/zbrane-a-technika/challenger-mk.viii-a30/,https://web.archive.org/web/20130508225936/http://www.press.sk:80/zbrane-a-technika/challenger-mk.viii-a30/,20130508225936,skip
http://www.press.sk:80/zbrane-a-technika/challenger-mk.viii-a30/,https://web.archive.org/web/20150822115001/http://www.press.sk:80/zbrane-a-technika/challenger-mk.viii-a30/,20150822115001,skip
http://www.press.sk:80/zbrane-a-technika/chance-vought-f4u-corsair-vol.ii/,https://web.archive.org/web/20090204200622/http://www.press.sk:80/zbrane-a-technika/chance-vought-f4u-corsair-vol.ii/,20090204200622,skip
http://www.press.sk:80/zbrane-a-technika/chance-vought-f4u-corsair-vol.ii/,https://web.archive.org/web/20091226170953/http://www.press.sk:80/zbrane-a-technika/chance-vought-f4u-corsair-vol.ii/,20091226170953,skip
http://www.press.sk:80/zbrane-a-technika/chemici-v-laboratori-a-na-bitevnim-poli/,https://web.archive.org/web/20130508225941/http://www.press.sk:80/zbrane-a-technika/chemici-v-laboratori-a-na-bitevnim-poli/,20130508225941,skip
http://www.press.sk:80/zbrane-a-technika/chemici-v-laboratori-a-na-bitevnim-poli/,https://web.archive.org/web/20150822115007/http://www.press.sk:80/zbrane-a-technika/chemici-v-laboratori-a-na-bitevnim-poli/,20150822115007,skip
http://www.press.sk:80/zbrane-a-technika/chladne-zbrane/,https://web.archive.org/web/20091226170959/http://www.press.sk:80/zbrane-a-technika/chladne-zbrane/,20091226170959,skip
http://www.press.sk:80/zbrane-a-technika/chladne-zbrane/,https://web.archive.org/web/20130508231206/http://www.press.sk:80/zbrane-a-technika/chladne-zbrane/,20130508231206,skip
http://www.press.sk:80/zbrane-a-technika/chladne-zbrane/,https://web.archive.org/web/20150822113935/http://www.press.sk:80/zbrane-a-technika/chladne-zbrane/,20150822113935,skip
http://www.press.sk:80/zbrane-a-technika/chladne-zbrane-fotograficky-atlas/,https://web.archive.org/web/20150516181754/http://www.press.sk:80/zbrane-a-technika/chladne-zbrane-fotograficky-atlas/,20150516181754,skip
http://www.press.sk:80/zbrane-a-technika/churchill-tank-power-vol.-lxxvi-315/,https://web.archive.org/web/20130509054346/http://www.press.sk:80/zbrane-a-technika/churchill-tank-power-vol.-lxxvi-315/,20130509054346,skip
http://www.press.sk:80/zbrane-a-technika/churchill-tank-power-vol.-lxxvi-315/,https://web.archive.org/web/20150822120021/http://www.press.sk:80/zbrane-a-technika/churchill-tank-power-vol.-lxxvi-315/,20150822120021,skip
http://www.press.sk:80/zbrane-a-technika/cmp-c8a-hup-in-detail/,https://web.archive.org/web/20150822113939/http://www.press.sk:80/zbrane-a-technika/cmp-c8a-hup-in-detail/,20150822113939,skip
http://www.press.sk:80/zbrane-a-technika/codename-swallow-british-sherman-tanks-at-alamein/,https://web.archive.org/web/20090204104703/http://www.press.sk:80/zbrane-a-technika/codename-swallow-british-sherman-tanks-at-alamein/,20090204104703,skip
http://www.press.sk:80/zbrane-a-technika/codename-swallow-british-sherman-tanks-at-alamein/,https://web.archive.org/web/20090701014339/http://www.press.sk:80/zbrane-a-technika/codename-swallow-british-sherman-tanks-at-alamein/,20090701014339,skip
http://www.press.sk:80/zbrane-a-technika/codename-swallow-british-sherman-tanks-at-alamein/,https://web.archive.org/web/20091226171004/http://www.press.sk:80/zbrane-a-technika/codename-swallow-british-sherman-tanks-at-alamein/,20091226171004,skip
http://www.press.sk:80/zbrane-a-technika/cromwelly-ceskoslovenske-brigady/,https://web.archive.org/web/20130508231211/http://www.press.sk:80/zbrane-a-technika/cromwelly-ceskoslovenske-brigady/,20130508231211,skip
http://www.press.sk:80/zbrane-a-technika/cromwelly-ceskoslovenske-brigady/,https://web.archive.org/web/20150822113944/http://www.press.sk:80/zbrane-a-technika/cromwelly-ceskoslovenske-brigady/,20150822113944,skip
http://www.press.sk:80/zbrane-a-technika/cs.-opevneni-ve-slupi-u-znojma-historie-a-soucasnost/,https://web.archive.org/web/20090204200627/http://www.press.sk:80/zbrane-a-technika/cs.-opevneni-ve-slupi-u-znojma-historie-a-soucasnost/,20090204200627,skip
http://www.press.sk:80/zbrane-a-technika/cs.-opevneni-ve-slupi-u-znojma-historie-a-soucasnost/,https://web.archive.org/web/20090701014344/http://www.press.sk:80/zbrane-a-technika/cs.-opevneni-ve-slupi-u-znojma-historie-a-soucasnost/,20090701014344,skip
http://www.press.sk:80/zbrane-a-technika/cs.-opevneni-ve-slupi-u-znojma-historie-a-soucasnost/,https://web.archive.org/web/20091226171011/http://www.press.sk:80/zbrane-a-technika/cs.-opevneni-ve-slupi-u-znojma-historie-a-soucasnost/,20091226171011,skip
http://www.press.sk:80/zbrane-a-technika/cs.-opevneni-ve-slupi-u-znojma-historie-a-soucasnost/,https://web.archive.org/web/20130508231216/http://www.press.sk:80/zbrane-a-technika/cs.-opevneni-ve-slupi-u-znojma-historie-a-soucasnost/,20130508231216,skip
http://www.press.sk:80/zbrane-a-technika/cs.-opevneni-ve-slupi-u-znojma-historie-a-soucasnost/,https://web.archive.org/web/20150514224851/http://www.press.sk:80/zbrane-a-technika/cs.-opevneni-ve-slupi-u-znojma-historie-a-soucasnost/,20150514224851,skip
http://www.press.sk:80/zbrane-a-technika/cuba-zastita-japonskeho-mece/,https://web.archive.org/web/20110911191523/http://www.press.sk:80/zbrane-a-technika/cuba-zastita-japonskeho-mece/,20110911191523,skip
http://www.press.sk:80/zbrane-a-technika/cuba-zastita-japonskeho-mece/,https://web.archive.org/web/20130508231221/http://www.press.sk:80/zbrane-a-technika/cuba-zastita-japonskeho-mece/,20130508231221,skip
http://www.press.sk:80/zbrane-a-technika/cuba-zastita-japonskeho-mece/,https://web.archive.org/web/20150822113949/http://www.press.sk:80/zbrane-a-technika/cuba-zastita-japonskeho-mece/,20150822113949,skip
http://www.press.sk:80/zbrane-a-technika/czech-republic-army-1/,https://web.archive.org/web/20130509053239/http://www.press.sk:80/zbrane-a-technika/czech-republic-army-1/,20130509053239,skip
http://www.press.sk:80/zbrane-a-technika/czech-republic-army-1/,https://web.archive.org/web/20150822113954/http://www.press.sk:80/zbrane-a-technika/czech-republic-army-1/,20150822113954,skip
http://www.press.sk:80/zbrane-a-technika/czechoslovak-tanks-1930-1945-fotoalbum-part-2./,https://web.archive.org/web/20150822115011/http://www.press.sk:80/zbrane-a-technika/czechoslovak-tanks-1930-1945-fotoalbum-part-2./,20150822115011,skip
https://www.press.sk/zbrane-a-technika/czechoslovak-tanks-1930-1945-fotoalbum-part-2./?utm_source=newsletter&utm_campaign=Jul_2014&utm_medium=archive,https://web.archive.org/web/20190821034249/https://www.press.sk/zbrane-a-technika/czechoslovak-tanks-1930-1945-fotoalbum-part-2./?utm_source=newsletter&utm_campaign=Jul_2014&utm_medium=archive,20190821034249,skip
http://www.press.sk:80/zbrane-a-technika/czechoslovak-tanks-1930-1945-photo-album-part-1/,https://web.archive.org/web/20150822114500/http://www.press.sk:80/zbrane-a-technika/czechoslovak-tanks-1930-1945-photo-album-part-1/,20150822114500,skip
https://www.press.sk/zbrane-a-technika/czechoslovak-tanks-1930-1945-photo-album-part-1/,https://web.archive.org/web/20190826075533/https://www.press.sk/zbrane-a-technika/czechoslovak-tanks-1930-1945-photo-album-part-1/,20190826075533,skip
http://www.press.sk:80/zbrane-a-technika/dampflok-br-57-in-detail%EF%BB%BF/,https://web.archive.org/web/20150822113959/http://www.press.sk:80/zbrane-a-technika/dampflok-br-57-in-detail%EF%BB%BF/,20150822113959,skip
http://www.press.sk:80/zbrane-a-technika/dana-shkh-vz.77-in-detail/,https://web.archive.org/web/20130508231226/http://www.press.sk:80/zbrane-a-technika/dana-shkh-vz.77-in-detail/,20130508231226,skip
http://www.press.sk:80/zbrane-a-technika/dana-shkh-vz.77-in-detail/,https://web.archive.org/web/20150822114004/http://www.press.sk:80/zbrane-a-technika/dana-shkh-vz.77-in-detail/,20150822114004,skip
http://www.press.sk:80/zbrane-a-technika/dejiny-firmy-sellier-bellot/,https://web.archive.org/web/20090204104713/http://www.press.sk:80/zbrane-a-technika/dejiny-firmy-sellier-bellot/,20090204104713,skip
http://www.press.sk:80/zbrane-a-technika/dejiny-firmy-sellier-bellot,https://web.archive.org/web/20090207045949/http://www.press.sk:80/zbrane-a-technika/dejiny-firmy-sellier-bellot,20090207045949,skip
http://www.press.sk:80/zbrane-a-technika/dejiny-firmy-sellier-bellot,https://web.archive.org/web/20090512165632/http://www.press.sk:80/zbrane-a-technika/dejiny-firmy-sellier-bellot,20090512165632,skip
http://www.press.sk:80/zbrane-a-technika/dejiny-firmy-sellier-bellot/,https://web.archive.org/web/20090701014349/http://www.press.sk:80/zbrane-a-technika/dejiny-firmy-sellier-bellot/,20090701014349,skip
http://www.press.sk:80/zbrane-a-technika/dejiny-firmy-sellier-bellot/,https://web.archive.org/web/20091226171014/http://www.press.sk:80/zbrane-a-technika/dejiny-firmy-sellier-bellot/,20091226171014,skip
http://www.press.sk:80/zbrane-a-technika/dejiny-firmy-sellier-bellot,https://web.archive.org/web/20100107184925/http://www.press.sk:80/zbrane-a-technika/dejiny-firmy-sellier-bellot,20100107184925,skip
http://www.press.sk:80/zbrane-a-technika/dejiny-opevnovani-v-cechach-a-na-morave/,https://web.archive.org/web/20130508225947/http://www.press.sk:80/zbrane-a-technika/dejiny-opevnovani-v-cechach-a-na-morave/,20130508225947,skip
http://www.press.sk:80/zbrane-a-technika/dejiny-opevnovani-v-cechach-a-na-morave/,https://web.archive.org/web/20150822114010/http://www.press.sk:80/zbrane-a-technika/dejiny-opevnovani-v-cechach-a-na-morave/,20150822114010,skip
http://www.press.sk:80/zbrane-a-technika/delostrelectvo-cierneho-strelneho-prachu/,https://web.archive.org/web/20090204104722/http://www.press.sk:80/zbrane-a-technika/delostrelectvo-cierneho-strelneho-prachu/,20090204104722,skip
http://www.press.sk:80/zbrane-a-technika/delostrelectvo-cierneho-strelneho-prachu/,https://web.archive.org/web/20090701014355/http://www.press.sk:80/zbrane-a-technika/delostrelectvo-cierneho-strelneho-prachu/,20090701014355,skip
http://www.press.sk:80/zbrane-a-technika/delostrelectvo-cierneho-strelneho-prachu/,https://web.archive.org/web/20091226171019/http://www.press.sk:80/zbrane-a-technika/delostrelectvo-cierneho-strelneho-prachu/,20091226171019,skip
http://www.press.sk:80/zbrane-a-technika/delostrelectvo-cierneho-strelneho-prachu/,https://web.archive.org/web/20100226151450/http://www.press.sk:80/zbrane-a-technika/delostrelectvo-cierneho-strelneho-prachu/,20100226151450,skip
http://www.press.sk:80/zbrane-a-technika/delostrelectvo-cierneho-strelneho-prachu/,https://web.archive.org/web/20130508231231/http://www.press.sk:80/zbrane-a-technika/delostrelectvo-cierneho-strelneho-prachu/,20130508231231,skip
http://www.press.sk/zbrane-a-technika/delostrelectvo-cierneho-strelneho-prachu/,https://web.archive.org/web/20130623020505/http://www.press.sk/zbrane-a-technika/delostrelectvo-cierneho-strelneho-prachu/,20130623020505,skip
http://www.press.sk:80/zbrane-a-technika/delostrelectvo-cierneho-strelneho-prachu/,https://web.archive.org/web/20150516183207/http://www.press.sk:80/zbrane-a-technika/delostrelectvo-cierneho-strelneho-prachu/,20150516183207,skip
http://www.press.sk:80/zbrane-a-technika/delostrelectvo-nejvyznamnejsi-typy-delostreleck%C3%86h-zbrani-od/,https://web.archive.org/web/20090204104728/http://www.press.sk:80/zbrane-a-technika/delostrelectvo-nejvyznamnejsi-typy-delostreleck%C3%86h-zbrani-od/,20090204104728,skip
http://www.press.sk:80/zbrane-a-technika/delostrelectvo-nejvyznamnejsi-typy-delostreleck%C3%86h-zbrani-od/,https://web.archive.org/web/20090701014359/http://www.press.sk:80/zbrane-a-technika/delostrelectvo-nejvyznamnejsi-typy-delostreleck%C3%86h-zbrani-od/,20090701014359,skip
http://www.press.sk:80/zbrane-a-technika/delostrelectvo-nejvyznamnejsi-typy-delostreleck%C3%86h-zbrani-od/,https://web.archive.org/web/20091226171024/http://www.press.sk:80/zbrane-a-technika/delostrelectvo-nejvyznamnejsi-typy-delostreleck%C3%86h-zbrani-od/,20091226171024,skip
http://www.press.sk:80/zbrane-a-technika/delostrelectvo-nejvyznamnejsi-typy-delostreleck%C3%86h-zbrani-od,https://web.archive.org/web/20100304062126/http://www.press.sk:80/zbrane-a-technika/delostrelectvo-nejvyznamnejsi-typy-delostreleck%C3%86h-zbrani-od,20100304062126,skip
http://www.press.sk:80/zbrane-a-technika/denuklearizace-ukrajiny-beloruska-a-kazachstanu/,https://web.archive.org/web/20150822120027/http://www.press.sk:80/zbrane-a-technika/denuklearizace-ukrajiny-beloruska-a-kazachstanu/,20150822120027,skip
http://www.press.sk:80/zbrane-a-technika/der-panzerkampfwagen-35t/,https://web.archive.org/web/20130508234706/http://www.press.sk:80/zbrane-a-technika/der-panzerkampfwagen-35t/,20130508234706,skip
http://www.press.sk:80/zbrane-a-technika/der-panzerkampfwagen-35t/,https://web.archive.org/web/20150822120035/http://www.press.sk:80/zbrane-a-technika/der-panzerkampfwagen-35t/,20150822120035,skip
http://www.press.sk:80/zbrane-a-technika/dingo-scout-car-in-detail/,https://web.archive.org/web/20091226171032/http://www.press.sk:80/zbrane-a-technika/dingo-scout-car-in-detail/,20091226171032,skip
http://www.press.sk:80/zbrane-a-technika/dingo-scout-car-in-detail/,https://web.archive.org/web/20100226144500/http://www.press.sk:80/zbrane-a-technika/dingo-scout-car-in-detail/,20100226144500,skip
http://www.press.sk:80/zbrane-a-technika/dingo-scout-car-in-detail/,https://web.archive.org/web/20130508234711/http://www.press.sk:80/zbrane-a-technika/dingo-scout-car-in-detail/,20130508234711,skip
http://www.press.sk:80/zbrane-a-technika/dingo-scout-car-in-detail/,https://web.archive.org/web/20150822115016/http://www.press.sk:80/zbrane-a-technika/dingo-scout-car-in-detail/,20150822115016,skip
http://www.press.sk:80/zbrane-a-technika/divize-waffen-ss-1939-1945/,https://web.archive.org/web/20090204104733/http://www.press.sk:80/zbrane-a-technika/divize-waffen-ss-1939-1945/,20090204104733,skip
http://www.press.sk:80/zbrane-a-technika/divize-waffen-ss-1939-1945/,https://web.archive.org/web/20090701014404/http://www.press.sk:80/zbrane-a-technika/divize-waffen-ss-1939-1945/,20090701014404,skip
http://www.press.sk:80/zbrane-a-technika/divize-waffen-ss-1939-1945/,https://web.archive.org/web/20091226171037/http://www.press.sk:80/zbrane-a-technika/divize-waffen-ss-1939-1945/,20091226171037,skip
http://www.press.sk:80/zbrane-a-technika/divize-waffen-ss-1939-1945/,https://web.archive.org/web/20130509001947/http://www.press.sk:80/zbrane-a-technika/divize-waffen-ss-1939-1945/,20130509001947,skip
http://www.press.sk:80/zbrane-a-technika/divize-waffen-ss-1939-1945/,https://web.archive.org/web/20150516181759/http://www.press.sk:80/zbrane-a-technika/divize-waffen-ss-1939-1945/,20150516181759,skip
http://www.press.sk:80/zbrane-a-technika/dodge-trucks-in-detail/,https://web.archive.org/web/20090204104738/http://www.press.sk:80/zbrane-a-technika/dodge-trucks-in-detail/,20090204104738,skip
http://www.press.sk:80/zbrane-a-technika/dodge-trucks-in-detail/,https://web.archive.org/web/20090701014409/http://www.press.sk:80/zbrane-a-technika/dodge-trucks-in-detail/,20090701014409,skip
http://www.press.sk:80/zbrane-a-technika/dodge-trucks-in-detail/,https://web.archive.org/web/20091226171042/http://www.press.sk:80/zbrane-a-technika/dodge-trucks-in-detail/,20091226171042,skip
http://www.press.sk:80/zbrane-a-technika/dodge-trucks-in-detail/,https://web.archive.org/web/20100226145600/http://www.press.sk:80/zbrane-a-technika/dodge-trucks-in-detail/,20100226145600,skip
http://www.press.sk:80/zbrane-a-technika/dodge-trucks-in-detail/,https://web.archive.org/web/20130508225953/http://www.press.sk:80/zbrane-a-technika/dodge-trucks-in-detail/,20130508225953,skip
http://www.press.sk/zbrane-a-technika/dodge-trucks-in-detail/,https://web.archive.org/web/20130623015413/http://www.press.sk/zbrane-a-technika/dodge-trucks-in-detail/,20130623015413,skip
http://www.press.sk:80/zbrane-a-technika/dodge-trucks-in-detail/,https://web.archive.org/web/20150516182726/http://www.press.sk:80/zbrane-a-technika/dodge-trucks-in-detail/,20150516182726,skip
http://www.press.sk:80/zbrane-a-technika/dukw-in-detail/,https://web.archive.org/web/20130508225958/http://www.press.sk:80/zbrane-a-technika/dukw-in-detail/,20130508225958,skip
http://www.press.sk:80/zbrane-a-technika/dukw-in-detail/,https://web.archive.org/web/20150822115025/http://www.press.sk:80/zbrane-a-technika/dukw-in-detail/,20150822115025,skip
http://www.press.sk:80/zbrane-a-technika/duse-mece-ilustrovane-dejiny-vyzbroje...,https://web.archive.org/web/20091226023122/http://www.press.sk:80/zbrane-a-technika/duse-mece-ilustrovane-dejiny-vyzbroje...,20091226023122,skip
http://www.press.sk/zbrane-a-technika/duse-mece-ilustrovane-dejiny-vyzbroje.../,https://web.archive.org/web/20130623025940/http://www.press.sk/zbrane-a-technika/duse-mece-ilustrovane-dejiny-vyzbroje.../,20130623025940,skip
http://www.press.sk:80/zbrane-a-technika/dvd-killer-tanks-the-t-34-tank/,https://web.archive.org/web/20090204104743/http://www.press.sk:80/zbrane-a-technika/dvd-killer-tanks-the-t-34-tank/,20090204104743,skip
http://www.press.sk:80/zbrane-a-technika/dvd-killer-tanks-the-t-34-tank/,https://web.archive.org/web/20090701014414/http://www.press.sk:80/zbrane-a-technika/dvd-killer-tanks-the-t-34-tank/,20090701014414,skip
http://www.press.sk:80/zbrane-a-technika/dvd-killer-tanks-the-t-34-tank/,https://web.archive.org/web/20091226171047/http://www.press.sk:80/zbrane-a-technika/dvd-killer-tanks-the-t-34-tank/,20091226171047,skip
http://www.press.sk:80/zbrane-a-technika/dvd-killer-tanks-the-t-34-tank/,https://web.archive.org/web/20100226154958/http://www.press.sk:80/zbrane-a-technika/dvd-killer-tanks-the-t-34-tank/,20100226154958,skip
http://www.press.sk:80/zbrane-a-technika/elixiry-ohnive-zkazy/,https://web.archive.org/web/20130509044015/http://www.press.sk:80/zbrane-a-technika/elixiry-ohnive-zkazy/,20130509044015,skip
http://www.press.sk:80/zbrane-a-technika/elixiry-ohnive-zkazy/,https://web.archive.org/web/20150822120037/http://www.press.sk:80/zbrane-a-technika/elixiry-ohnive-zkazy/,20150822120037,skip
http://www.press.sk:80/zbrane-a-technika/encyklopedie-historickych-zbrani/,https://web.archive.org/web/20090214002138/http://www.press.sk:80/zbrane-a-technika/encyklopedie-historickych-zbrani/,20090214002138,skip
http://www.press.sk:80/zbrane-a-technika/encyklopedie-historickych-zbrani/,https://web.archive.org/web/20090215010018/http://www.press.sk:80/zbrane-a-technika/encyklopedie-historickych-zbrani/,20090215010018,skip
http://www.press.sk:80/zbrane-a-technika/encyklopedie-historickych-zbrani/,https://web.archive.org/web/20090701014419/http://www.press.sk:80/zbrane-a-technika/encyklopedie-historickych-zbrani/,20090701014419,skip
http://www.press.sk:80/zbrane-a-technika/encyklopedie-historickych-zbrani/,https://web.archive.org/web/20091226171052/http://www.press.sk:80/zbrane-a-technika/encyklopedie-historickych-zbrani/,20091226171052,skip
http://www.press.sk:80/zbrane-a-technika/encyklopedie-loveckych-zbrani/,https://web.archive.org/web/20090214003321/http://www.press.sk:80/zbrane-a-technika/encyklopedie-loveckych-zbrani/,20090214003321,skip
http://www.press.sk:80/zbrane-a-technika/encyklopedie-loveckych-zbrani/,https://web.archive.org/web/20090215011500/http://www.press.sk:80/zbrane-a-technika/encyklopedie-loveckych-zbrani/,20090215011500,skip
http://www.press.sk:80/zbrane-a-technika/encyklopedie-loveckych-zbrani/,https://web.archive.org/web/20090701014424/http://www.press.sk:80/zbrane-a-technika/encyklopedie-loveckych-zbrani/,20090701014424,skip
http://www.press.sk:80/zbrane-a-technika/encyklopedie-loveckych-zbrani/,https://web.archive.org/web/20091226171057/http://www.press.sk:80/zbrane-a-technika/encyklopedie-loveckych-zbrani/,20091226171057,skip
http://www.press.sk:80/zbrane-a-technika/encyklopedie-nozu/,https://web.archive.org/web/20090214003327/http://www.press.sk:80/zbrane-a-technika/encyklopedie-nozu/,20090214003327,skip
http://www.press.sk:80/zbrane-a-technika/encyklopedie-nozu/,https://web.archive.org/web/20090215011505/http://www.press.sk:80/zbrane-a-technika/encyklopedie-nozu/,20090215011505,skip
http://www.press.sk:80/zbrane-a-technika/encyklopedie-nozu/,https://web.archive.org/web/20090701014429/http://www.press.sk:80/zbrane-a-technika/encyklopedie-nozu/,20090701014429,skip
http://www.press.sk:80/zbrane-a-technika/encyklopedie-nozu/,https://web.archive.org/web/20091226171102/http://www.press.sk:80/zbrane-a-technika/encyklopedie-nozu/,20091226171102,skip
http://www.press.sk:80/zbrane-a-technika/encyklopedie-nozu+11460/,https://web.archive.org/web/20130510085512/http://www.press.sk:80/zbrane-a-technika/encyklopedie-nozu+11460/,20130510085512,skip
http://www.press.sk:80/zbrane-a-technika/encyklopedie-nozu+11460/,https://web.archive.org/web/20150822120042/http://www.press.sk:80/zbrane-a-technika/encyklopedie-nozu+11460/,20150822120042,skip
http://www.press.sk:80/zbrane-a-technika/encyklopedie-pistoli-a-revolveru/,https://web.archive.org/web/20090214002143/http://www.press.sk:80/zbrane-a-technika/encyklopedie-pistoli-a-revolveru/,20090214002143,skip
http://www.press.sk:80/zbrane-a-technika/encyklopedie-pistoli-a-revolveru/,https://web.archive.org/web/20090215010023/http://www.press.sk:80/zbrane-a-technika/encyklopedie-pistoli-a-revolveru/,20090215010023,skip
http://www.press.sk:80/zbrane-a-technika/encyklopedie-pusek-a-karabin/,https://web.archive.org/web/20090214003332/http://www.press.sk:80/zbrane-a-technika/encyklopedie-pusek-a-karabin/,20090214003332,skip
http://www.press.sk:80/zbrane-a-technika/encyklopedie-pusek-a-karabin/,https://web.archive.org/web/20090215011512/http://www.press.sk:80/zbrane-a-technika/encyklopedie-pusek-a-karabin/,20090215011512,skip
http://www.press.sk:80/zbrane-a-technika/encyklopedie-rucnich-zbrani-a-delostrelectva/,https://web.archive.org/web/20130509001950/http://www.press.sk:80/zbrane-a-technika/encyklopedie-rucnich-zbrani-a-delostrelectva/,20130509001950,skip
http://www.press.sk:80/zbrane-a-technika/encyklopedie-rucnich-zbrani-a-delostrelectva/,https://web.archive.org/web/20130510011914/http://www.press.sk:80/zbrane-a-technika/encyklopedie-rucnich-zbrani-a-delostrelectva/,20130510011914,skip
http://www.press.sk:80/zbrane-a-technika/encyklopedie-rucnich-zbrani-a-delostrelectva/,https://web.archive.org/web/20150822120047/http://www.press.sk:80/zbrane-a-technika/encyklopedie-rucnich-zbrani-a-delostrelectva/,20150822120047,skip
http://www.press.sk/zbrane-a-technika/encyklopedie-rucnich-zbrani-a-delostrelectva/,https://web.archive.org/web/20160802154805/http://www.press.sk/zbrane-a-technika/encyklopedie-rucnich-zbrani-a-delostrelectva/,20160802154805,skip
http://www.press.sk:80/zbrane-a-technika/encyklopedie-tanku-a-vozidel-obrnenych-jednotek-od-1.-svetove-valky-do-soucasnosti/,https://web.archive.org/web/20130508230006/http://www.press.sk:80/zbrane-a-technika/encyklopedie-tanku-a-vozidel-obrnenych-jednotek-od-1.-svetove-valky-do-soucasnosti/,20130508230006,skip
http://www.press.sk:80/zbrane-a-technika/encyklopedie-tanku-a-vozidel-obrnenych-jednotek-od-1.-svetove-valky-do-soucasnosti/,https://web.archive.org/web/20150822114505/http://www.press.sk:80/zbrane-a-technika/encyklopedie-tanku-a-vozidel-obrnenych-jednotek-od-1.-svetove-valky-do-soucasnosti/,20150822114505,skip
http://www.press.sk/zbrane-a-technika/encyklopedie-tanku-a-vozidel-obrnenych-jednotek-od-1.-svetove-valky-do-soucasnosti/,https://web.archive.org/web/20170406024015/http://www.press.sk/zbrane-a-technika/encyklopedie-tanku-a-vozidel-obrnenych-jednotek-od-1.-svetove-valky-do-soucasnosti/,20170406024015,skip
http://www.press.sk:80/zbrane-a-technika/encyklopedie-vojenske-zbrane/,https://web.archive.org/web/20090214002148/http://www.press.sk:80/zbrane-a-technika/encyklopedie-vojenske-zbrane/,20090214002148,skip
http://www.press.sk:80/zbrane-a-technika/encyklopedie-vojenske-zbrane/,https://web.archive.org/web/20090215010028/http://www.press.sk:80/zbrane-a-technika/encyklopedie-vojenske-zbrane/,20090215010028,skip
http://www.press.sk:80/zbrane-a-technika/encyklopedie-vojenske-zbrane/,https://web.archive.org/web/20090701014434/http://www.press.sk:80/zbrane-a-technika/encyklopedie-vojenske-zbrane/,20090701014434,skip
http://www.press.sk:80/zbrane-a-technika/encyklopedie-vojenske-zbrane/,https://web.archive.org/web/20091226171107/http://www.press.sk:80/zbrane-a-technika/encyklopedie-vojenske-zbrane/,20091226171107,skip
http://www.press.sk:80/zbrane-a-technika/encyklopedie-zbrani/,https://web.archive.org/web/20090214002153/http://www.press.sk:80/zbrane-a-technika/encyklopedie-zbrani/,20090214002153,skip
http://www.press.sk:80/zbrane-a-technika/encyklopedie-zbrani/,https://web.archive.org/web/20090215005226/http://www.press.sk:80/zbrane-a-technika/encyklopedie-zbrani/,20090215005226,skip
http://www.press.sk:80/zbrane-a-technika/encyklopedie-zbrani/,https://web.archive.org/web/20090701014439/http://www.press.sk:80/zbrane-a-technika/encyklopedie-zbrani/,20090701014439,skip
http://www.press.sk:80/zbrane-a-technika/encyklopedie-zbrani/,https://web.archive.org/web/20091226171112/http://www.press.sk:80/zbrane-a-technika/encyklopedie-zbrani/,20091226171112,skip
http://www.press.sk:80/zbrane-a-technika/encyklopedie-zbrani/,https://web.archive.org/web/20130509001954/http://www.press.sk:80/zbrane-a-technika/encyklopedie-zbrani/,20130509001954,skip
http://www.press.sk:80/zbrane-a-technika/encyklopedie-zbrani,https://web.archive.org/web/20150514023800/http://www.press.sk:80/zbrane-a-technika/encyklopedie-zbrani,20150514023800,skip
http://www.press.sk:80/zbrane-a-technika/encyklopedie-zbrani/,https://web.archive.org/web/20150514224856/http://www.press.sk:80/zbrane-a-technika/encyklopedie-zbrani/,20150514224856,skip
http://www.press.sk:80/zbrane-a-technika/encyklopedie-zbrani,https://web.archive.org/web/20150614064514/http://www.press.sk:80/zbrane-a-technika/encyklopedie-zbrani,20150614064514,skip
http://www.press.sk:80/zbrane-a-technika/encyklopedie-zbrani,https://web.archive.org/web/20150715030627/http://www.press.sk:80/zbrane-a-technika/encyklopedie-zbrani,20150715030627,skip
http://www.press.sk:80/zbrane-a-technika/encyklopedie-zbrani,https://web.archive.org/web/20150817070400/http://www.press.sk:80/zbrane-a-technika/encyklopedie-zbrani,20150817070400,skip
http://www.press.sk:80/zbrane-a-technika/encyklopedie-zbrani,https://web.archive.org/web/20150917051826/http://www.press.sk:80/zbrane-a-technika/encyklopedie-zbrani,20150917051826,skip
http://www.press.sk:80/zbrane-a-technika/encyklopedie-zbrani,https://web.archive.org/web/20160402211313/http://www.press.sk:80/zbrane-a-technika/encyklopedie-zbrani,20160402211313,skip
http://www.press.sk:80/zbrane-a-technika/encyklopedie-zbrani,https://web.archive.org/web/20160404020102/http://www.press.sk:80/zbrane-a-technika/encyklopedie-zbrani,20160404020102,skip
http://www.press.sk:80/zbrane-a-technika/encyklopedie-zbrani,https://web.archive.org/web/20160511035611/http://www.press.sk:80/zbrane-a-technika/encyklopedie-zbrani,20160511035611,skip
http://www.press.sk:80/zbrane-a-technika/encyklopedie-zbrani,https://web.archive.org/web/20160512165355/http://www.press.sk:80/zbrane-a-technika/encyklopedie-zbrani,20160512165355,skip
http://www.press.sk:80/zbrane-a-technika/exportni-lehke-tanky-praga/,https://web.archive.org/web/20090214002158/http://www.press.sk:80/zbrane-a-technika/exportni-lehke-tanky-praga/,20090214002158,skip
http://www.press.sk:80/zbrane-a-technika/exportni-lehke-tanky-praga/,https://web.archive.org/web/20090215005231/http://www.press.sk:80/zbrane-a-technika/exportni-lehke-tanky-praga/,20090215005231,skip
http://www.press.sk:80/zbrane-a-technika/exportni-lehke-tanky-praga/,https://web.archive.org/web/20090701014444/http://www.press.sk:80/zbrane-a-technika/exportni-lehke-tanky-praga/,20090701014444,skip
http://www.press.sk:80/zbrane-a-technika/exportni-lehke-tanky-praga/,https://web.archive.org/web/20091226171117/http://www.press.sk:80/zbrane-a-technika/exportni-lehke-tanky-praga/,20091226171117,skip
http://www.press.sk:80/zbrane-a-technika/exportni-lehke-tanky-praga/,https://web.archive.org/web/20130509001959/http://www.press.sk:80/zbrane-a-technika/exportni-lehke-tanky-praga/,20130509001959,skip
http://www.press.sk:80/zbrane-a-technika/exportni-lehke-tanky-praga/,https://web.archive.org/web/20150514224901/http://www.press.sk:80/zbrane-a-technika/exportni-lehke-tanky-praga/,20150514224901,skip
http://www.press.sk:80/zbrane-a-technika/exportni-tanciky-praga/,https://web.archive.org/web/20090214002203/http://www.press.sk:80/zbrane-a-technika/exportni-tanciky-praga/,20090214002203,skip
http://www.press.sk:80/zbrane-a-technika/exportni-tanciky-praga/,https://web.archive.org/web/20090215005236/http://www.press.sk:80/zbrane-a-technika/exportni-tanciky-praga/,20090215005236,skip
http://www.press.sk:80/zbrane-a-technika/exportni-tanciky-praga/,https://web.archive.org/web/20090701014449/http://www.press.sk:80/zbrane-a-technika/exportni-tanciky-praga/,20090701014449,skip
http://www.press.sk:80/zbrane-a-technika/exportni-tanciky-praga/,https://web.archive.org/web/20091226171122/http://www.press.sk:80/zbrane-a-technika/exportni-tanciky-praga/,20091226171122,skip
http://www.press.sk:80/zbrane-a-technika/exportni-tanciky-praga/,https://web.archive.org/web/20100226150837/http://www.press.sk:80/zbrane-a-technika/exportni-tanciky-praga/,20100226150837,skip
http://www.press.sk:80/zbrane-a-technika/exportni-tanciky-praga/,https://web.archive.org/web/20130509002005/http://www.press.sk:80/zbrane-a-technika/exportni-tanciky-praga/,20130509002005,skip
http://www.press.sk/zbrane-a-technika/exportni-tanciky-praga/,https://web.archive.org/web/20130623031520/http://www.press.sk/zbrane-a-technika/exportni-tanciky-praga/,20130623031520,skip
http://www.press.sk:80/zbrane-a-technika/exportni-tanciky-praga/,https://web.archive.org/web/20150516182731/http://www.press.sk:80/zbrane-a-technika/exportni-tanciky-praga/,20150516182731,skip
http://www.press.sk:80/zbrane-a-technika/exportni-tanciky-praga-exportni-lehke-tanky-praga/,https://web.archive.org/web/20120831150443/http://www.press.sk:80/zbrane-a-technika/exportni-tanciky-praga-exportni-lehke-tanky-praga/,20120831150443,skip
http://www.press.sk:80/zbrane-a-technika/exportni-tanciky-praga-exportni-lehke-tanky-praga/,https://web.archive.org/web/20130508230008/http://www.press.sk:80/zbrane-a-technika/exportni-tanciky-praga-exportni-lehke-tanky-praga/,20130508230008,skip
http://www.press.sk:80/zbrane-a-technika/exportni-tanciky-praga-exportni-lehke-tanky-praga/,https://web.archive.org/web/20150822114510/http://www.press.sk:80/zbrane-a-technika/exportni-tanciky-praga-exportni-lehke-tanky-praga/,20150822114510,skip
http://www.press.sk:80/zbrane-a-technika/famo-sd.-kfz.-9-in-detail-no.-5/,https://web.archive.org/web/20090214003337/http://www.press.sk:80/zbrane-a-technika/famo-sd.-kfz.-9-in-detail-no.-5/,20090214003337,skip
http://www.press.sk:80/zbrane-a-technika/famo-sd.-kfz.-9-in-detail-no.-5/,https://web.archive.org/web/20090215011517/http://www.press.sk:80/zbrane-a-technika/famo-sd.-kfz.-9-in-detail-no.-5/,20090215011517,skip
http://www.press.sk:80/zbrane-a-technika/famo-sd.-kfz.-9-in-detail-no.-5/,https://web.archive.org/web/20090701014454/http://www.press.sk:80/zbrane-a-technika/famo-sd.-kfz.-9-in-detail-no.-5/,20090701014454,skip
http://www.press.sk:80/zbrane-a-technika/famo-sd.-kfz.-9-in-detail-no.-5/,https://web.archive.org/web/20091226171128/http://www.press.sk:80/zbrane-a-technika/famo-sd.-kfz.-9-in-detail-no.-5/,20091226171128,skip
http://www.press.sk:80/zbrane-a-technika/famo-sd.-kfz.-9-in-detail-no.-5/,https://web.archive.org/web/20130508230013/http://www.press.sk:80/zbrane-a-technika/famo-sd.-kfz.-9-in-detail-no.-5/,20130508230013,skip
http://www.press.sk:80/zbrane-a-technika/famo-sd.-kfz.-9-in-detail-no.-5/,https://web.archive.org/web/20150514224906/http://www.press.sk:80/zbrane-a-technika/famo-sd.-kfz.-9-in-detail-no.-5/,20150514224906,skip
http://www.press.sk:80/zbrane-a-technika/ferret-scout-cars-in-detail%EF%BB%BF/,https://web.archive.org/web/20120826021301/http://www.press.sk:80/zbrane-a-technika/ferret-scout-cars-in-detail%EF%BB%BF/,20120826021301,skip
http://www.press.sk:80/zbrane-a-technika/ferret-scout-cars-in-detail%EF%BB%BF/,https://web.archive.org/web/20130508230019/http://www.press.sk:80/zbrane-a-technika/ferret-scout-cars-in-detail%EF%BB%BF/,20130508230019,skip
http://www.press.sk:80/zbrane-a-technika/ferret-scout-cars-in-detail%EF%BB%BF/,https://web.archive.org/web/20150822114014/http://www.press.sk:80/zbrane-a-technika/ferret-scout-cars-in-detail%EF%BB%BF/,20150822114014,skip
https://www.press.sk/zbrane-a-technika/ferret-scout-cars-in-detail%EF%BB%BF/?utm_source=newsletter&utm_campaign=August_2012&utm_medium=archive,https://web.archive.org/web/20190826074132/https://www.press.sk/zbrane-a-technika/ferret-scout-cars-in-detail%EF%BB%BF/?utm_source=newsletter&utm_campaign=August_2012&utm_medium=archive,20190826074132,skip
http://www.press.sk:80/zbrane-a-technika/flak-30-38-in-detail/,https://web.archive.org/web/20130509002011/http://www.press.sk:80/zbrane-a-technika/flak-30-38-in-detail/,20130509002011,skip
http://www.press.sk:80/zbrane-a-technika/flak-30-38-in-detail/,https://web.archive.org/web/20150822115026/http://www.press.sk:80/zbrane-a-technika/flak-30-38-in-detail/,20150822115026,skip
http://www.press.sk:80/zbrane-a-technika/flak-30-38-in-detail/,https://web.archive.org/web/20160821234802/http://www.press.sk:80/zbrane-a-technika/flak-30-38-in-detail/,20160821234802,skip
http://www.press.sk:80/zbrane-a-technika/fmtv-trucks-in-detail/,https://web.archive.org/web/20081224020416/http://www.press.sk:80/zbrane-a-technika/fmtv-trucks-in-detail/,20081224020416,skip
http://www.press.sk:80/zbrane-a-technika/fmtv-trucks-in-detail/,https://web.archive.org/web/20090223094423/http://www.press.sk:80/zbrane-a-technika/fmtv-trucks-in-detail/,20090223094423,skip
http://www.press.sk:80/zbrane-a-technika/fmtv-trucks-in-detail/,https://web.archive.org/web/20090701014500/http://www.press.sk:80/zbrane-a-technika/fmtv-trucks-in-detail/,20090701014500,skip
http://www.press.sk:80/zbrane-a-technika/fmtv-trucks-in-detail/,https://web.archive.org/web/20091226171133/http://www.press.sk:80/zbrane-a-technika/fmtv-trucks-in-detail/,20091226171133,skip
http://www.press.sk:80/zbrane-a-technika/fmtv-trucks-in-detail/,https://web.archive.org/web/20130508230023/http://www.press.sk:80/zbrane-a-technika/fmtv-trucks-in-detail/,20130508230023,skip
http://www.press.sk:80/zbrane-a-technika/fmtv-trucks-in-detail/,https://web.archive.org/web/20150516182220/http://www.press.sk:80/zbrane-a-technika/fmtv-trucks-in-detail/,20150516182220,skip
https://www.press.sk/zbrane-a-technika/fmtv-trucks-in-detail/,https://web.archive.org/web/20191019052910/https://www.press.sk/zbrane-a-technika/fmtv-trucks-in-detail/,20191019052910,skip
http://www.press.sk:80/zbrane-a-technika/fordson-wot2-15cwt/,https://web.archive.org/web/20130508230028/http://www.press.sk:80/zbrane-a-technika/fordson-wot2-15cwt/,20130508230028,skip
http://www.press.sk:80/zbrane-a-technika/fordson-wot2-15cwt/,https://web.archive.org/web/20150822114515/http://www.press.sk:80/zbrane-a-technika/fordson-wot2-15cwt/,20150822114515,skip
http://www.press.sk:80/zbrane-a-technika/fw-200-condor-vs-konvoje-v-atlantiku/,https://web.archive.org/web/20130508230033/http://www.press.sk:80/zbrane-a-technika/fw-200-condor-vs-konvoje-v-atlantiku/,20130508230033,skip
http://www.press.sk:80/zbrane-a-technika/fw-200-condor-vs-konvoje-v-atlantiku/,https://web.archive.org/web/20150822120052/http://www.press.sk:80/zbrane-a-technika/fw-200-condor-vs-konvoje-v-atlantiku/,20150822120052,skip
http://www.press.sk/zbrane-a-technika/fw-200-condor-vs-konvoje-v-atlantiku/,https://web.archive.org/web/20160802133239/http://www.press.sk/zbrane-a-technika/fw-200-condor-vs-konvoje-v-atlantiku/,20160802133239,skip
http://www.press.sk:80/zbrane-a-technika/gaz-66-variants-in-detail/,https://web.archive.org/web/20090214002208/http://www.press.sk:80/zbrane-a-technika/gaz-66-variants-in-detail/,20090214002208,skip
http://www.press.sk:80/zbrane-a-technika/gaz-66-variants-in-detail/,https://web.archive.org/web/20090215005241/http://www.press.sk:80/zbrane-a-technika/gaz-66-variants-in-detail/,20090215005241,skip
http://www.press.sk:80/zbrane-a-technika/gaz-66-variants-in-detail/,https://web.archive.org/web/20090701014505/http://www.press.sk:80/zbrane-a-technika/gaz-66-variants-in-detail/,20090701014505,skip
http://www.press.sk:80/zbrane-a-technika/gaz-66-variants-in-detail/,https://web.archive.org/web/20091226171138/http://www.press.sk:80/zbrane-a-technika/gaz-66-variants-in-detail/,20091226171138,skip
http://www.press.sk:80/zbrane-a-technika/gaz-66-variants-in-detail/,https://web.archive.org/web/20130508230038/http://www.press.sk:80/zbrane-a-technika/gaz-66-variants-in-detail/,20130508230038,skip
http://www.press.sk/zbrane-a-technika/gaz-66-variants-in-detail/,https://web.archive.org/web/20130623011949/http://www.press.sk/zbrane-a-technika/gaz-66-variants-in-detail/,20130623011949,skip
http://www.press.sk:80/zbrane-a-technika/gaz-66-variants-in-detail/,https://web.archive.org/web/20150516183840/http://www.press.sk:80/zbrane-a-technika/gaz-66-variants-in-detail/,20150516183840,skip
https://www.press.sk/zbrane-a-technika/genialni-zbrane/,https://web.archive.org/web/20191123025316/https://www.press.sk/zbrane-a-technika/genialni-zbrane/,20191123025316,skip
http://www.press.sk:80/zbrane-a-technika/german-ww-ii-half-track-sd.-kfz.7/,https://web.archive.org/web/20090214003342/http://www.press.sk:80/zbrane-a-technika/german-ww-ii-half-track-sd.-kfz.7/,20090214003342,skip
http://www.press.sk:80/zbrane-a-technika/german-ww-ii-half-track-sd.-kfz.7/,https://web.archive.org/web/20090215010738/http://www.press.sk:80/zbrane-a-technika/german-ww-ii-half-track-sd.-kfz.7/,20090215010738,skip
http://www.press.sk:80/zbrane-a-technika/german-ww-ii-half-track-sd.-kfz.7/,https://web.archive.org/web/20090701014510/http://www.press.sk:80/zbrane-a-technika/german-ww-ii-half-track-sd.-kfz.7/,20090701014510,skip
http://www.press.sk:80/zbrane-a-technika/german-ww-ii-half-track-sd.-kfz.7/,https://web.archive.org/web/20091226171143/http://www.press.sk:80/zbrane-a-technika/german-ww-ii-half-track-sd.-kfz.7/,20091226171143,skip
http://www.press.sk:80/zbrane-a-technika/german-ww-ii-half-track-sd.-kfz.7/,https://web.archive.org/web/20130509052247/http://www.press.sk:80/zbrane-a-technika/german-ww-ii-half-track-sd.-kfz.7/,20130509052247,skip
http://www.press.sk:80/zbrane-a-technika/german-ww-ii-half-track-sd.-kfz.7/,https://web.archive.org/web/20150515003708/http://www.press.sk:80/zbrane-a-technika/german-ww-ii-half-track-sd.-kfz.7/,20150515003708,skip
http://www.press.sk:80/zbrane-a-technika/glock-magazine-2008/,https://web.archive.org/web/20090214003347/http://www.press.sk:80/zbrane-a-technika/glock-magazine-2008/,20090214003347,skip
http://www.press.sk:80/zbrane-a-technika/glock-magazine-2008/,https://web.archive.org/web/20090215011522/http://www.press.sk:80/zbrane-a-technika/glock-magazine-2008/,20090215011522,skip
http://www.press.sk:80/zbrane-a-technika/glock-magazine-2008/,https://web.archive.org/web/20090701014515/http://www.press.sk:80/zbrane-a-technika/glock-magazine-2008/,20090701014515,skip
http://www.press.sk:80/zbrane-a-technika/glock-magazine-2008/,https://web.archive.org/web/20091226171148/http://www.press.sk:80/zbrane-a-technika/glock-magazine-2008/,20091226171148,skip
http://www.press.sk:80/zbrane-a-technika/glock-magazine-2009/,https://web.archive.org/web/20090701014524/http://www.press.sk:80/zbrane-a-technika/glock-magazine-2009/,20090701014524,skip
http://www.press.sk:80/zbrane-a-technika/glock-magazine-2009/,https://web.archive.org/web/20091226171153/http://www.press.sk:80/zbrane-a-technika/glock-magazine-2009/,20091226171153,skip
http://www.press.sk:80/zbrane-a-technika/glock-magazine-2009/,https://web.archive.org/web/20130508230043/http://www.press.sk:80/zbrane-a-technika/glock-magazine-2009/,20130508230043,skip
http://www.press.sk:80/zbrane-a-technika/glock-magazine-2009/,https://web.archive.org/web/20150516183845/http://www.press.sk:80/zbrane-a-technika/glock-magazine-2009/,20150516183845,skip
http://www.press.sk:80/zbrane-a-technika/glock-magazine-2013/,https://web.archive.org/web/20130510085135/http://www.press.sk:80/zbrane-a-technika/glock-magazine-2013/,20130510085135,skip
http://www.press.sk:80/zbrane-a-technika/glock-magazine-2013/,https://web.archive.org/web/20150822120057/http://www.press.sk:80/zbrane-a-technika/glock-magazine-2013/,20150822120057,skip
http://www.press.sk:80/zbrane-a-technika/glock-safe-action-pistols/,https://web.archive.org/web/20090214002213/http://www.press.sk:80/zbrane-a-technika/glock-safe-action-pistols/,20090214002213,skip
http://www.press.sk:80/zbrane-a-technika/glock-safe-action-pistols/,https://web.archive.org/web/20090215005246/http://www.press.sk:80/zbrane-a-technika/glock-safe-action-pistols/,20090215005246,skip
http://www.press.sk:80/zbrane-a-technika/glock-safe-action-pistols/,https://web.archive.org/web/20090701014529/http://www.press.sk:80/zbrane-a-technika/glock-safe-action-pistols/,20090701014529,skip
http://www.press.sk:80/zbrane-a-technika/glock-safe-action-pistols/,https://web.archive.org/web/20091226171158/http://www.press.sk:80/zbrane-a-technika/glock-safe-action-pistols/,20091226171158,skip
http://www.press.sk:80/zbrane-a-technika/glock-safe-action-pistols/,https://web.archive.org/web/20100226144948/http://www.press.sk:80/zbrane-a-technika/glock-safe-action-pistols/,20100226144948,skip
http://www.press.sk:80/zbrane-a-technika/gm-c15ta-armoured-truck/,https://web.archive.org/web/20130508230048/http://www.press.sk:80/zbrane-a-technika/gm-c15ta-armoured-truck/,20130508230048,skip
http://www.press.sk:80/zbrane-a-technika/gm-c15ta-armoured-truck/,https://web.archive.org/web/20150822114521/http://www.press.sk:80/zbrane-a-technika/gm-c15ta-armoured-truck/,20150822114521,skip
http://www.press.sk:80/zbrane-a-technika/gm-otter-mk.1/,https://web.archive.org/web/20130509015016/http://www.press.sk:80/zbrane-a-technika/gm-otter-mk.1/,20130509015016,skip
http://www.press.sk:80/zbrane-a-technika/gm-otter-mk.1/,https://web.archive.org/web/20150822115031/http://www.press.sk:80/zbrane-a-technika/gm-otter-mk.1/,20150822115031,skip
http://www.press.sk:80/zbrane-a-technika/gp-32-m3-leegrant-vol.-1/,https://web.archive.org/web/20090701014534/http://www.press.sk:80/zbrane-a-technika/gp-32-m3-leegrant-vol.-1/,20090701014534,skip
http://www.press.sk:80/zbrane-a-technika/gp-32-m3-leegrant-vol.-1/,https://web.archive.org/web/20091226171203/http://www.press.sk:80/zbrane-a-technika/gp-32-m3-leegrant-vol.-1/,20091226171203,skip
http://www.press.sk:80/zbrane-a-technika/guardian-in-detail/,https://web.archive.org/web/20130509002016/http://www.press.sk:80/zbrane-a-technika/guardian-in-detail/,20130509002016,skip
http://www.press.sk:80/zbrane-a-technika/guardian-in-detail/,https://web.archive.org/web/20150822120102/http://www.press.sk:80/zbrane-a-technika/guardian-in-detail/,20150822120102,skip
http://www.press.sk:80/zbrane-a-technika/gvozdika-akatsiya-in-detail/,https://web.archive.org/web/20150822114525/http://www.press.sk:80/zbrane-a-technika/gvozdika-akatsiya-in-detail/,20150822114525,skip
http://www.press.sk:80/zbrane-a-technika/hanicka-delostrelecka-tvrz-z-let-1936-1938/,https://web.archive.org/web/20090214002218/http://www.press.sk:80/zbrane-a-technika/hanicka-delostrelecka-tvrz-z-let-1936-1938/,20090214002218,skip
http://www.press.sk:80/zbrane-a-technika/hanicka-delostrelecka-tvrz-z-let-1936-1938/,https://web.archive.org/web/20090215010034/http://www.press.sk:80/zbrane-a-technika/hanicka-delostrelecka-tvrz-z-let-1936-1938/,20090215010034,skip
http://www.press.sk:80/zbrane-a-technika/hanicka-delostrelecka-tvrz-z-let-1936-1938/,https://web.archive.org/web/20090701014539/http://www.press.sk:80/zbrane-a-technika/hanicka-delostrelecka-tvrz-z-let-1936-1938/,20090701014539,skip
http://www.press.sk:80/zbrane-a-technika/hanicka-delostrelecka-tvrz-z-let-1936-1938/,https://web.archive.org/web/20091226171208/http://www.press.sk:80/zbrane-a-technika/hanicka-delostrelecka-tvrz-z-let-1936-1938/,20091226171208,skip
http://www.press.sk:80/zbrane-a-technika/hanicka-delostrelecka-tvrz-z-let-1936-1938/,https://web.archive.org/web/20100226144535/http://www.press.sk:80/zbrane-a-technika/hanicka-delostrelecka-tvrz-z-let-1936-1938/,20100226144535,skip
http://www.press.sk:80/zbrane-a-technika/hanicka-delostrelecka-tvrz-z-let-1936-1938/,https://web.archive.org/web/20130509002021/http://www.press.sk:80/zbrane-a-technika/hanicka-delostrelecka-tvrz-z-let-1936-1938/,20130509002021,skip
http://www.press.sk:80/zbrane-a-technika/hanicka-delostrelecka-tvrz-z-let-1936-1938/,https://web.archive.org/web/20150514224910/http://www.press.sk:80/zbrane-a-technika/hanicka-delostrelecka-tvrz-z-let-1936-1938/,20150514224910,skip
http://www.press.sk:80/zbrane-a-technika/harley-davidson-soldiers-wlawlc-in-detail/,https://web.archive.org/web/20090214002224/http://www.press.sk:80/zbrane-a-technika/harley-davidson-soldiers-wlawlc-in-detail/,20090214002224,skip
http://www.press.sk:80/zbrane-a-technika/harley-davidson-soldiers-wlawlc-in-detail/,https://web.archive.org/web/20090215005251/http://www.press.sk:80/zbrane-a-technika/harley-davidson-soldiers-wlawlc-in-detail/,20090215005251,skip
http://www.press.sk:80/zbrane-a-technika/harley-davidson-soldiers-wlawlc-in-detail/,https://web.archive.org/web/20090701014544/http://www.press.sk:80/zbrane-a-technika/harley-davidson-soldiers-wlawlc-in-detail/,20090701014544,skip
http://www.press.sk:80/zbrane-a-technika/harley-davidson-soldiers-wlawlc-in-detail/,https://web.archive.org/web/20091226171216/http://www.press.sk:80/zbrane-a-technika/harley-davidson-soldiers-wlawlc-in-detail/,20091226171216,skip
http://www.press.sk:80/zbrane-a-technika/harley-davidson-soldiers-wlawlc-in-detail/,https://web.archive.org/web/20100226155034/http://www.press.sk:80/zbrane-a-technika/harley-davidson-soldiers-wlawlc-in-detail/,20100226155034,skip
http://www.press.sk:80/zbrane-a-technika/harley-davidson-soldiers-wlawlc-in-detail/,https://web.archive.org/web/20130509054351/http://www.press.sk:80/zbrane-a-technika/harley-davidson-soldiers-wlawlc-in-detail/,20130509054351,skip
http://www.press.sk:80/zbrane-a-technika/harley-davidson-soldiers-wlawlc-in-detail/,https://web.archive.org/web/20150515003712/http://www.press.sk:80/zbrane-a-technika/harley-davidson-soldiers-wlawlc-in-detail/,20150515003712,skip
http://www.press.sk:80/zbrane-a-technika/hillman-10hp-light-utility/,https://web.archive.org/web/20130509002026/http://www.press.sk:80/zbrane-a-technika/hillman-10hp-light-utility/,20130509002026,skip
http://www.press.sk:80/zbrane-a-technika/hillman-10hp-light-utility/,https://web.archive.org/web/20130510011919/http://www.press.sk:80/zbrane-a-technika/hillman-10hp-light-utility/,20130510011919,skip
http://www.press.sk:80/zbrane-a-technika/hillman-10hp-light-utility/,https://web.archive.org/web/20150822114530/http://www.press.sk:80/zbrane-a-technika/hillman-10hp-light-utility/,20150822114530,skip
http://www.press.sk:80/zbrane-a-technika/hirosima-a-zrod-atomoveho-veku/,https://web.archive.org/web/20130508230056/http://www.press.sk:80/zbrane-a-technika/hirosima-a-zrod-atomoveho-veku/,20130508230056,skip
http://www.press.sk:80/zbrane-a-technika/hirosima-a-zrod-atomoveho-veku/,https://web.archive.org/web/20150822114535/http://www.press.sk:80/zbrane-a-technika/hirosima-a-zrod-atomoveho-veku/,20150822114535,skip
http://www.press.sk:80/zbrane-a-technika/historicka-vojenska-vozidla/,https://web.archive.org/web/20130509044020/http://www.press.sk:80/zbrane-a-technika/historicka-vojenska-vozidla/,20130509044020,skip
http://www.press.sk:80/zbrane-a-technika/historicka-vojenska-vozidla/,https://web.archive.org/web/20150822114540/http://www.press.sk:80/zbrane-a-technika/historicka-vojenska-vozidla/,20150822114540,skip
http://www.press.sk:80/zbrane-a-technika/historicke-zbrane/,https://web.archive.org/web/20090214003352/http://www.press.sk:80/zbrane-a-technika/historicke-zbrane/,20090214003352,skip
http://www.press.sk:80/zbrane-a-technika/historicke-zbrane/,https://web.archive.org/web/20090215010744/http://www.press.sk:80/zbrane-a-technika/historicke-zbrane/,20090215010744,skip
http://www.press.sk:80/zbrane-a-technika/historicke-zbrane/,https://web.archive.org/web/20090701014549/http://www.press.sk:80/zbrane-a-technika/historicke-zbrane/,20090701014549,skip
http://www.press.sk:80/zbrane-a-technika/historicke-zbrane,https://web.archive.org/web/20091224141350/http://www.press.sk:80/zbrane-a-technika/historicke-zbrane,20091224141350,skip
http://www.press.sk:80/zbrane-a-technika/historicke-zbrane/,https://web.archive.org/web/20091226171220/http://www.press.sk:80/zbrane-a-technika/historicke-zbrane/,20091226171220,skip
http://www.press.sk:80/zbrane-a-technika/historicke-zbrane/,https://web.archive.org/web/20130509002031/http://www.press.sk:80/zbrane-a-technika/historicke-zbrane/,20130509002031,skip
http://www.press.sk:80/zbrane-a-technika/historicke-zbrane,https://web.archive.org/web/20150514023837/http://www.press.sk:80/zbrane-a-technika/historicke-zbrane,20150514023837,skip
http://www.press.sk:80/zbrane-a-technika/historicke-zbrane/,https://web.archive.org/web/20150514224916/http://www.press.sk:80/zbrane-a-technika/historicke-zbrane/,20150514224916,skip
http://www.press.sk:80/zbrane-a-technika/historicke-zbrane,https://web.archive.org/web/20150614063335/http://www.press.sk:80/zbrane-a-technika/historicke-zbrane,20150614063335,skip
http://www.press.sk:80/zbrane-a-technika/historicke-zbrane,https://web.archive.org/web/20150715030656/http://www.press.sk:80/zbrane-a-technika/historicke-zbrane,20150715030656,skip
http://www.press.sk:80/zbrane-a-technika/historicke-zbrane,https://web.archive.org/web/20150817064506/http://www.press.sk:80/zbrane-a-technika/historicke-zbrane,20150817064506,skip
http://www.press.sk:80/zbrane-a-technika/historicke-zbrane,https://web.archive.org/web/20150917042326/http://www.press.sk:80/zbrane-a-technika/historicke-zbrane,20150917042326,skip
http://www.press.sk:80/zbrane-a-technika/historicke-zbrane,https://web.archive.org/web/20160402181152/http://www.press.sk:80/zbrane-a-technika/historicke-zbrane,20160402181152,skip
http://www.press.sk:80/zbrane-a-technika/historicke-zbrane,https://web.archive.org/web/20160513140027/http://www.press.sk:80/zbrane-a-technika/historicke-zbrane,20160513140027,skip
http://www.press.sk:80/zbrane-a-technika/historie-1.-tankove-divize-vu-3858-slany/,https://web.archive.org/web/20150822115036/http://www.press.sk:80/zbrane-a-technika/historie-1.-tankove-divize-vu-3858-slany/,20150822115036,skip
http://www.press.sk:80/zbrane-a-technika/historie-radiolokacni-techniky-v-ceskoslovensku/,https://web.archive.org/web/20150822115041/http://www.press.sk:80/zbrane-a-technika/historie-radiolokacni-techniky-v-ceskoslovensku/,20150822115041,skip
http://www.press.sk:80/zbrane-a-technika/hitlerova-armada+10789/,https://web.archive.org/web/20130508230101/http://www.press.sk:80/zbrane-a-technika/hitlerova-armada+10789/,20130508230101,skip
http://www.press.sk:80/zbrane-a-technika/hitlerova-armada+10789/,https://web.archive.org/web/20150822114546/http://www.press.sk:80/zbrane-a-technika/hitlerova-armada+10789/,20150822114546,skip
https://www.press.sk/zbrane-a-technika/hitlerova-armada+10789/?utm_source=newsletter&utm_campaign=November_2012&utm_medium=archive,https://web.archive.org/web/20190826091427/https://www.press.sk/zbrane-a-technika/hitlerova-armada+10789/?utm_source=newsletter&utm_campaign=November_2012&utm_medium=archive,20190826091427,skip
http://www.press.sk:80/zbrane-a-technika/hitlerovy-hrozive-zbrane-od-v-1-k-letajicimu-stroji-vimana/,https://web.archive.org/web/20090214002229/http://www.press.sk:80/zbrane-a-technika/hitlerovy-hrozive-zbrane-od-v-1-k-letajicimu-stroji-vimana/,20090214002229,skip
http://www.press.sk:80/zbrane-a-technika/hitlerovy-hrozive-zbrane-od-v-1-k-letajicimu-stroji-vimana/,https://web.archive.org/web/20090215010040/http://www.press.sk:80/zbrane-a-technika/hitlerovy-hrozive-zbrane-od-v-1-k-letajicimu-stroji-vimana/,20090215010040,skip
http://www.press.sk:80/zbrane-a-technika/hitlerovy-hrozive-zbrane-od-v-1-k-letajicimu-stroji-vimana/,https://web.archive.org/web/20090701014554/http://www.press.sk:80/zbrane-a-technika/hitlerovy-hrozive-zbrane-od-v-1-k-letajicimu-stroji-vimana/,20090701014554,skip
http://www.press.sk:80/zbrane-a-technika/hitlerovy-hrozive-zbrane-od-v-1-k-letajicimu-stroji-vimana/,https://web.archive.org/web/20091226171225/http://www.press.sk:80/zbrane-a-technika/hitlerovy-hrozive-zbrane-od-v-1-k-letajicimu-stroji-vimana/,20091226171225,skip
http://www.press.sk:80/zbrane-a-technika/hitlerovy-hrozive-zbrane-od-v-1-k-letajicimu-stroji-vimana+12324/,https://web.archive.org/web/20150822120107/http://www.press.sk:80/zbrane-a-technika/hitlerovy-hrozive-zbrane-od-v-1-k-letajicimu-stroji-vimana+12324/,20150822120107,skip
https://www.press.sk/zbrane-a-technika/hitlerovy-hrozive-zbrane-od-v-1-k-letajicimu-stroji-vimana+12324/?utm_source=newsletter&utm_campaign=September_2013&utm_medium=archive,https://web.archive.org/web/20190821110741/https://www.press.sk/zbrane-a-technika/hitlerovy-hrozive-zbrane-od-v-1-k-letajicimu-stroji-vimana+12324/?utm_source=newsletter&utm_campaign=September_2013&utm_medium=archive,20190821110741,skip
http://www.press.sk:80/zbrane-a-technika/hitlerovy-tajne-zbrane/,https://web.archive.org/web/20090214003357/http://www.press.sk:80/zbrane-a-technika/hitlerovy-tajne-zbrane/,20090214003357,skip
http://www.press.sk:80/zbrane-a-technika/hitlerovy-tajne-zbrane/,https://web.archive.org/web/20090215010748/http://www.press.sk:80/zbrane-a-technika/hitlerovy-tajne-zbrane/,20090215010748,skip
http://www.press.sk:80/zbrane-a-technika/hitlerovy-tajne-zbrane/,https://web.archive.org/web/20090701014600/http://www.press.sk:80/zbrane-a-technika/hitlerovy-tajne-zbrane/,20090701014600,skip
http://www.press.sk:80/zbrane-a-technika/hitlerovy-tajne-zbrane/,https://web.archive.org/web/20091226171232/http://www.press.sk:80/zbrane-a-technika/hitlerovy-tajne-zbrane/,20091226171232,skip
http://www.press.sk:80/zbrane-a-technika/hitlerovy-tajne-zbrane/,https://web.archive.org/web/20130509002036/http://www.press.sk:80/zbrane-a-technika/hitlerovy-tajne-zbrane/,20130509002036,skip
http://www.press.sk:80/zbrane-a-technika/hitlerovy-tajne-zbrane/,https://web.archive.org/web/20150516182227/http://www.press.sk:80/zbrane-a-technika/hitlerovy-tajne-zbrane/,20150516182227,skip
http://www.press.sk:80/zbrane-a-technika/hlavni-bojovy-tank-challenger-2-1987-2006/,https://web.archive.org/web/20130509002041/http://www.press.sk:80/zbrane-a-technika/hlavni-bojovy-tank-challenger-2-1987-2006/,20130509002041,skip
http://www.press.sk:80/zbrane-a-technika/hlavni-bojovy-tank-t-62/,https://web.archive.org/web/20130508230106/http://www.press.sk:80/zbrane-a-technika/hlavni-bojovy-tank-t-62/,20130508230106,skip
http://www.press.sk:80/zbrane-a-technika/hlavni-bojovy-tank-t-62/,https://web.archive.org/web/20150822120112/http://www.press.sk:80/zbrane-a-technika/hlavni-bojovy-tank-t-62/,20150822120112,skip
http://www.press.sk:80/zbrane-a-technika/horch-108-type-1a-and-40-in-detail/,https://web.archive.org/web/20090214003402/http://www.press.sk:80/zbrane-a-technika/horch-108-type-1a-and-40-in-detail/,20090214003402,skip
http://www.press.sk:80/zbrane-a-technika/horch-108-type-1a-and-40-in-detail/,https://web.archive.org/web/20090215010753/http://www.press.sk:80/zbrane-a-technika/horch-108-type-1a-and-40-in-detail/,20090215010753,skip
http://www.press.sk:80/zbrane-a-technika/horch-108-type-1a-and-40-in-detail/,https://web.archive.org/web/20090701014605/http://www.press.sk:80/zbrane-a-technika/horch-108-type-1a-and-40-in-detail/,20090701014605,skip
http://www.press.sk:80/zbrane-a-technika/horch-108-type-1a-and-40-in-detail/,https://web.archive.org/web/20091226171238/http://www.press.sk:80/zbrane-a-technika/horch-108-type-1a-and-40-in-detail/,20091226171238,skip
http://www.press.sk:80/zbrane-a-technika/horch-108-type-1a-and-40-in-detail/,https://web.archive.org/web/20130509044025/http://www.press.sk:80/zbrane-a-technika/horch-108-type-1a-and-40-in-detail/,20130509044025,skip
http://www.press.sk:80/zbrane-a-technika/horch-108-type-1a-and-40-in-detail/,https://web.archive.org/web/20150515004029/http://www.press.sk:80/zbrane-a-technika/horch-108-type-1a-and-40-in-detail/,20150515004029,skip
http://www.press.sk:80/zbrane-a-technika/hranicari-od-adamovy-hory/,https://web.archive.org/web/20130509052252/http://www.press.sk:80/zbrane-a-technika/hranicari-od-adamovy-hory/,20130509052252,skip
http://www.press.sk:80/zbrane-a-technika/hranicari-od-adamovy-hory/,https://web.archive.org/web/20150822120117/http://www.press.sk:80/zbrane-a-technika/hranicari-od-adamovy-hory/,20150822120117,skip
http://www.press.sk:80/zbrane-a-technika/hrmici-dvacitky...-malorazkove-automaticke-kanony/,https://web.archive.org/web/20090214003407/http://www.press.sk:80/zbrane-a-technika/hrmici-dvacitky...-malorazkove-automaticke-kanony/,20090214003407,skip
http://www.press.sk:80/zbrane-a-technika/hrmici-dvacitky...-malorazkove-automaticke-kanony/,https://web.archive.org/web/20090215011530/http://www.press.sk:80/zbrane-a-technika/hrmici-dvacitky...-malorazkove-automaticke-kanony/,20090215011530,skip
http://www.press.sk:80/zbrane-a-technika/hrmici-dvacitky...-malorazkove-automaticke-kanony/,https://web.archive.org/web/20090701014610/http://www.press.sk:80/zbrane-a-technika/hrmici-dvacitky...-malorazkove-automaticke-kanony/,20090701014610,skip
http://www.press.sk:80/zbrane-a-technika/hrmici-dvacitky...-malorazkove-automaticke-kanony/,https://web.archive.org/web/20091226171243/http://www.press.sk:80/zbrane-a-technika/hrmici-dvacitky...-malorazkove-automaticke-kanony/,20091226171243,skip
http://www.press.sk:80/zbrane-a-technika/hrmici-dvacitky...-malorazkove-automaticke-kanony/,https://web.archive.org/web/20100226151513/http://www.press.sk:80/zbrane-a-technika/hrmici-dvacitky...-malorazkove-automaticke-kanony/,20100226151513,skip
http://www.press.sk:80/zbrane-a-technika/humber-mk.-iv-a-gm-fox-mk.i-in-detail/,https://web.archive.org/web/20110912020416/http://www.press.sk:80/zbrane-a-technika/humber-mk.-iv-a-gm-fox-mk.i-in-detail/,20110912020416,skip
http://www.press.sk:80/zbrane-a-technika/humber-mk.-iv-a-gm-fox-mk.i-in-detail/,https://web.archive.org/web/20130509002046/http://www.press.sk:80/zbrane-a-technika/humber-mk.-iv-a-gm-fox-mk.i-in-detail/,20130509002046,skip
http://www.press.sk:80/zbrane-a-technika/humber-mk.-iv-a-gm-fox-mk.i-in-detail/,https://web.archive.org/web/20150822114024/http://www.press.sk:80/zbrane-a-technika/humber-mk.-iv-a-gm-fox-mk.i-in-detail/,20150822114024,skip
http://www.press.sk:80/zbrane-a-technika/humber-mk.ii-scout-car/,https://web.archive.org/web/20090527082123/http://www.press.sk:80/zbrane-a-technika/humber-mk.ii-scout-car/,20090527082123,skip
http://www.press.sk:80/zbrane-a-technika/humber-mk.ii-scout-car/,https://web.archive.org/web/20091226171248/http://www.press.sk:80/zbrane-a-technika/humber-mk.ii-scout-car/,20091226171248,skip
http://www.press.sk:80/zbrane-a-technika/humber-mk.ii-scout-car/,https://web.archive.org/web/20100226151545/http://www.press.sk:80/zbrane-a-technika/humber-mk.ii-scout-car/,20100226151545,skip
http://www.press.sk:80/zbrane-a-technika/humber-mk.ii-scout-car/,https://web.archive.org/web/20130508230111/http://www.press.sk:80/zbrane-a-technika/humber-mk.ii-scout-car/,20130508230111,skip
http://www.press.sk:80/zbrane-a-technika/humber-mk.ii-scout-car/,https://web.archive.org/web/20150516183525/http://www.press.sk:80/zbrane-a-technika/humber-mk.ii-scout-car/,20150516183525,skip
http://www.press.sk:80/zbrane-a-technika/ilyushin-ii-2-shturmovnik/,https://web.archive.org/web/20090214003413/http://www.press.sk:80/zbrane-a-technika/ilyushin-ii-2-shturmovnik/,20090214003413,skip
http://www.press.sk:80/zbrane-a-technika/ilyushin-ii-2-shturmovnik/,https://web.archive.org/web/20090215011535/http://www.press.sk:80/zbrane-a-technika/ilyushin-ii-2-shturmovnik/,20090215011535,skip
http://www.press.sk:80/zbrane-a-technika/ilyushin-ii-2-shturmovnik/,https://web.archive.org/web/20090701014615/http://www.press.sk:80/zbrane-a-technika/ilyushin-ii-2-shturmovnik/,20090701014615,skip
http://www.press.sk:80/zbrane-a-technika/ilyushin-ii-2-shturmovnik/,https://web.archive.org/web/20091226171253/http://www.press.sk:80/zbrane-a-technika/ilyushin-ii-2-shturmovnik/,20091226171253,skip
http://www.press.sk:80/zbrane-a-technika/ilyushin-ii-2-shturmovnik/,https://web.archive.org/web/20130509044030/http://www.press.sk:80/zbrane-a-technika/ilyushin-ii-2-shturmovnik/,20130509044030,skip
http://www.press.sk:80/zbrane-a-technika/ilyushin-ii-2-shturmovnik/,https://web.archive.org/web/20150515003717/http://www.press.sk:80/zbrane-a-technika/ilyushin-ii-2-shturmovnik/,20150515003717,skip
http://www.press.sk:80/zbrane-a-technika/is-vol.iii-tank-power-vol.-lxxii-306/,https://web.archive.org/web/20130509053244/http://www.press.sk:80/zbrane-a-technika/is-vol.iii-tank-power-vol.-lxxii-306/,20130509053244,skip
http://www.press.sk:80/zbrane-a-technika/is-vol.iii-tank-power-vol.-lxxii-306/,https://web.archive.org/web/20150822115046/http://www.press.sk:80/zbrane-a-technika/is-vol.iii-tank-power-vol.-lxxii-306/,20150822115046,skip
http://www.press.sk:80/zbrane-a-technika/israeli-armour-in-detail-part-one/,https://web.archive.org/web/20090214002234/http://www.press.sk:80/zbrane-a-technika/israeli-armour-in-detail-part-one/,20090214002234,skip
http://www.press.sk:80/zbrane-a-technika/israeli-armour-in-detail-part-one/,https://web.archive.org/web/20090215010045/http://www.press.sk:80/zbrane-a-technika/israeli-armour-in-detail-part-one/,20090215010045,skip
http://www.press.sk:80/zbrane-a-technika/israeli-armour-in-detail-part-one/,https://web.archive.org/web/20090701014620/http://www.press.sk:80/zbrane-a-technika/israeli-armour-in-detail-part-one/,20090701014620,skip
http://www.press.sk:80/zbrane-a-technika/israeli-armour-in-detail-part-one/,https://web.archive.org/web/20091226171258/http://www.press.sk:80/zbrane-a-technika/israeli-armour-in-detail-part-one/,20091226171258,skip
http://www.press.sk:80/zbrane-a-technika/israeli-armour-in-detail-part-one/,https://web.archive.org/web/20130509002051/http://www.press.sk:80/zbrane-a-technika/israeli-armour-in-detail-part-one/,20130509002051,skip
http://www.press.sk/zbrane-a-technika/israeli-armour-in-detail-part-one/,https://web.archive.org/web/20130623010625/http://www.press.sk/zbrane-a-technika/israeli-armour-in-detail-part-one/,20130623010625,skip
http://www.press.sk:80/zbrane-a-technika/israeli-armour-in-detail-part-one/,https://web.archive.org/web/20150516182230/http://www.press.sk:80/zbrane-a-technika/israeli-armour-in-detail-part-one/,20150516182230,skip
http://www.press.sk:80/zbrane-a-technika/israeli-armour-in-detail-part-two/,https://web.archive.org/web/20130509002056/http://www.press.sk:80/zbrane-a-technika/israeli-armour-in-detail-part-two/,20130509002056,skip
http://www.press.sk/zbrane-a-technika/israeli-armour-in-detail-part-two/,https://web.archive.org/web/20130623043638/http://www.press.sk/zbrane-a-technika/israeli-armour-in-detail-part-two/,20130623043638,skip
http://www.press.sk:80/zbrane-a-technika/israeli-armour-in-detail-part-two/,https://web.archive.org/web/20150516183528/http://www.press.sk:80/zbrane-a-technika/israeli-armour-in-detail-part-two/,20150516183528,skip
http://www.press.sk:80/zbrane-a-technika/jaderne-zbrane-nejvyssi-forma-zabijeni/,https://web.archive.org/web/20090214002239/http://www.press.sk:80/zbrane-a-technika/jaderne-zbrane-nejvyssi-forma-zabijeni/,20090214002239,skip
http://www.press.sk:80/zbrane-a-technika/jaderne-zbrane-nejvyssi-forma-zabijeni/,https://web.archive.org/web/20090215010050/http://www.press.sk:80/zbrane-a-technika/jaderne-zbrane-nejvyssi-forma-zabijeni/,20090215010050,skip
http://www.press.sk:80/zbrane-a-technika/jaderne-zbrane-nejvyssi-forma-zabijeni/,https://web.archive.org/web/20090701015548/http://www.press.sk:80/zbrane-a-technika/jaderne-zbrane-nejvyssi-forma-zabijeni/,20090701015548,skip
http://www.press.sk:80/zbrane-a-technika/jaderne-zbrane-nejvyssi-forma-zabijeni/,https://web.archive.org/web/20091226171303/http://www.press.sk:80/zbrane-a-technika/jaderne-zbrane-nejvyssi-forma-zabijeni/,20091226171303,skip
http://www.press.sk:80/zbrane-a-technika/jaderne-zbrane-strucna-historie/,https://web.archive.org/web/20090701020927/http://www.press.sk:80/zbrane-a-technika/jaderne-zbrane-strucna-historie/,20090701020927,skip
http://www.press.sk:80/zbrane-a-technika/jaderne-zbrane-strucna-historie/,https://web.archive.org/web/20091226171308/http://www.press.sk:80/zbrane-a-technika/jaderne-zbrane-strucna-historie/,20091226171308,skip
http://www.press.sk:80/zbrane-a-technika/jaderne-zbrane-strucna-historie/,https://web.archive.org/web/20130508230116/http://www.press.sk:80/zbrane-a-technika/jaderne-zbrane-strucna-historie/,20130508230116,skip
http://www.press.sk:80/zbrane-a-technika/jaderne-zbrane-strucna-historie/,https://web.archive.org/web/20150514224920/http://www.press.sk:80/zbrane-a-technika/jaderne-zbrane-strucna-historie/,20150514224920,skip
http://www.press.sk:80/zbrane-a-technika/jagdpanther-vs-su-100-vychodni-fronta-1945/,https://web.archive.org/web/20150822045220/http://www.press.sk:80/zbrane-a-technika/jagdpanther-vs-su-100-vychodni-fronta-1945/,20150822045220,skip
https://www.press.sk/zbrane-a-technika/jagdpanther-vs-su-100-vychodni-fronta-1945/,https://web.archive.org/web/20190822140642/https://www.press.sk/zbrane-a-technika/jagdpanther-vs-su-100-vychodni-fronta-1945/,20190822140642,skip
http://www.press.sk:80/zbrane-a-technika/jak-cisar-pan-nechodil-pesky/,https://web.archive.org/web/20081224020640/http://www.press.sk:80/zbrane-a-technika/jak-cisar-pan-nechodil-pesky/,20081224020640,skip
http://www.press.sk:80/zbrane-a-technika/jak-cisar-pan-nechodil-pesky/,https://web.archive.org/web/20090223094428/http://www.press.sk:80/zbrane-a-technika/jak-cisar-pan-nechodil-pesky/,20090223094428,skip
http://www.press.sk:80/zbrane-a-technika/jak-cisar-pan-nechodil-pesky/,https://web.archive.org/web/20090701020932/http://www.press.sk:80/zbrane-a-technika/jak-cisar-pan-nechodil-pesky/,20090701020932,skip
http://www.press.sk:80/zbrane-a-technika/jak-cisar-pan-nechodil-pesky/,https://web.archive.org/web/20091226171313/http://www.press.sk:80/zbrane-a-technika/jak-cisar-pan-nechodil-pesky/,20091226171313,skip
http://www.press.sk:80/zbrane-a-technika/jak-cisar-pan-nechodil-pesky/,https://web.archive.org/web/20100226150319/http://www.press.sk:80/zbrane-a-technika/jak-cisar-pan-nechodil-pesky/,20100226150319,skip
http://www.press.sk:80/zbrane-a-technika/jak-funguji-moderni-zbrane/,https://web.archive.org/web/20130508230121/http://www.press.sk:80/zbrane-a-technika/jak-funguji-moderni-zbrane/,20130508230121,skip
http://www.press.sk:80/zbrane-a-technika/jak-funguji-moderni-zbrane/,https://web.archive.org/web/20150822114025/http://www.press.sk:80/zbrane-a-technika/jak-funguji-moderni-zbrane/,20150822114025,skip
https://www.press.sk/zbrane-a-technika/jak-funguji-moderni-zbrane+19878/,https://web.archive.org/web/20190819105041/https://www.press.sk/zbrane-a-technika/jak-funguji-moderni-zbrane+19878/,20190819105041,skip
https://www.press.sk/zbrane-a-technika/jak-funguji-moderni-zbrane+19878/,https://web.archive.org/web/20191019103938/https://www.press.sk/zbrane-a-technika/jak-funguji-moderni-zbrane+19878/,20191019103938,skip
https://www.press.sk/zbrane-a-technika/jak-funguji-moderni-zbrane+19878/,https://web.archive.org/web/20191214095759/https://www.press.sk/zbrane-a-technika/jak-funguji-moderni-zbrane+19878/,20191214095759,skip
http://www.press.sk:80/zbrane-a-technika/japanese-4x4-lav-in-detail/,https://web.archive.org/web/20130508230126/http://www.press.sk:80/zbrane-a-technika/japanese-4x4-lav-in-detail/,20130508230126,skip
http://www.press.sk:80/zbrane-a-technika/japanese-4x4-lav-in-detail/,https://web.archive.org/web/20150822115051/http://www.press.sk:80/zbrane-a-technika/japanese-4x4-lav-in-detail/,20150822115051,skip
http://www.press.sk:80/zbrane-a-technika/japanese-special-attack-aircraft-flying-bombs/,https://web.archive.org/web/20091226171318/http://www.press.sk:80/zbrane-a-technika/japanese-special-attack-aircraft-flying-bombs/,20091226171318,skip
http://www.press.sk:80/zbrane-a-technika/japanese-special-attack-aircraft-flying-bombs/,https://web.archive.org/web/20130509002101/http://www.press.sk:80/zbrane-a-technika/japanese-special-attack-aircraft-flying-bombs/,20130509002101,skip
http://www.press.sk:80/zbrane-a-technika/japanese-special-attack-aircraft-flying-bombs/,https://web.archive.org/web/20150822114030/http://www.press.sk:80/zbrane-a-technika/japanese-special-attack-aircraft-flying-bombs/,20150822114030,skip
http://www.press.sk:80/zbrane-a-technika/japonska-puska-vzor-z-r.-1905/,https://web.archive.org/web/20090214003418/http://www.press.sk:80/zbrane-a-technika/japonska-puska-vzor-z-r.-1905/,20090214003418,skip
http://www.press.sk:80/zbrane-a-technika/japonska-puska-vzor-z-r.-1905/,https://web.archive.org/web/20090215011543/http://www.press.sk:80/zbrane-a-technika/japonska-puska-vzor-z-r.-1905/,20090215011543,skip
http://www.press.sk:80/zbrane-a-technika/japonska-puska-vzor-z-r.-1905/,https://web.archive.org/web/20090701020936/http://www.press.sk:80/zbrane-a-technika/japonska-puska-vzor-z-r.-1905/,20090701020936,skip
http://www.press.sk:80/zbrane-a-technika/japonska-puska-vzor-z-r.-1905/,https://web.archive.org/web/20091226171323/http://www.press.sk:80/zbrane-a-technika/japonska-puska-vzor-z-r.-1905/,20091226171323,skip
http://www.press.sk:80/zbrane-a-technika/japonska-puska-vzor-z-r.-1905/,https://web.archive.org/web/20130509054356/http://www.press.sk:80/zbrane-a-technika/japonska-puska-vzor-z-r.-1905/,20130509054356,skip
http://www.press.sk:80/zbrane-a-technika/japonska-puska-vzor-z-r.-1905/,https://web.archive.org/web/20150515004034/http://www.press.sk:80/zbrane-a-technika/japonska-puska-vzor-z-r.-1905/,20150515004034,skip
http://www.press.sk:80/zbrane-a-technika/jeep-in-detail/,https://web.archive.org/web/20130509053249/http://www.press.sk:80/zbrane-a-technika/jeep-in-detail/,20130509053249,skip
http://www.press.sk:80/zbrane-a-technika/jeep-in-detail/,https://web.archive.org/web/20150822114035/http://www.press.sk:80/zbrane-a-technika/jeep-in-detail/,20150822114035,skip
http://www.press.sk:80/zbrane-a-technika/jeep-jede-do-valky/,https://web.archive.org/web/20090214002244/http://www.press.sk:80/zbrane-a-technika/jeep-jede-do-valky/,20090214002244,skip
http://www.press.sk:80/zbrane-a-technika/jeep-jede-do-valky/,https://web.archive.org/web/20090215010056/http://www.press.sk:80/zbrane-a-technika/jeep-jede-do-valky/,20090215010056,skip
http://www.press.sk:80/zbrane-a-technika/jeep-jede-do-valky/,https://web.archive.org/web/20090701020941/http://www.press.sk:80/zbrane-a-technika/jeep-jede-do-valky/,20090701020941,skip
http://www.press.sk:80/zbrane-a-technika/jeep-jede-do-valky/,https://web.archive.org/web/20091226171330/http://www.press.sk:80/zbrane-a-technika/jeep-jede-do-valky/,20091226171330,skip
http://www.press.sk:80/zbrane-a-technika/jeep-jede-do-valky/,https://web.archive.org/web/20130509053254/http://www.press.sk:80/zbrane-a-technika/jeep-jede-do-valky/,20130509053254,skip
http://www.press.sk:80/zbrane-a-technika/jeep-jede-do-valky/,https://web.archive.org/web/20150515003910/http://www.press.sk:80/zbrane-a-technika/jeep-jede-do-valky/,20150515003910,skip
http://www.press.sk:80/zbrane-a-technika/jeeps-in-detail/,https://web.archive.org/web/20090214002249/http://www.press.sk:80/zbrane-a-technika/jeeps-in-detail/,20090214002249,skip
http://www.press.sk:80/zbrane-a-technika/jeeps-in-detail/,https://web.archive.org/web/20090215010101/http://www.press.sk:80/zbrane-a-technika/jeeps-in-detail/,20090215010101,skip
http://www.press.sk:80/zbrane-a-technika/jeeps-in-detail/,https://web.archive.org/web/20090701020946/http://www.press.sk:80/zbrane-a-technika/jeeps-in-detail/,20090701020946,skip
http://www.press.sk:80/zbrane-a-technika/jeeps-in-detail/,https://web.archive.org/web/20091226171336/http://www.press.sk:80/zbrane-a-technika/jeeps-in-detail/,20091226171336,skip
http://www.press.sk:80/zbrane-a-technika/jeeps-in-detail/,https://web.archive.org/web/20100226143211/http://www.press.sk:80/zbrane-a-technika/jeeps-in-detail/,20100226143211,skip
http://www.press.sk:80/zbrane-a-technika/jeeps-in-detail/,https://web.archive.org/web/20130509002106/http://www.press.sk:80/zbrane-a-technika/jeeps-in-detail/,20130509002106,skip
http://www.press.sk/zbrane-a-technika/jeeps-in-detail/,https://web.archive.org/web/20130623034941/http://www.press.sk/zbrane-a-technika/jeeps-in-detail/,20130623034941,skip
http://www.press.sk:80/zbrane-a-technika/jeeps-in-detail/,https://web.archive.org/web/20150516183212/http://www.press.sk:80/zbrane-a-technika/jeeps-in-detail/,20150516183212,skip
http://www.press.sk:80/zbrane-a-technika/jeepy-1941-45/,https://web.archive.org/web/20130508230131/http://www.press.sk:80/zbrane-a-technika/jeepy-1941-45/,20130508230131,skip
http://www.press.sk:80/zbrane-a-technika/jeepy-1941-45/,https://web.archive.org/web/20150822115057/http://www.press.sk:80/zbrane-a-technika/jeepy-1941-45/,20150822115057,skip
http://www.press.sk:80/zbrane-a-technika/jimmy-in-detail-in-detail-special-no.6/,https://web.archive.org/web/20130509044035/http://www.press.sk:80/zbrane-a-technika/jimmy-in-detail-in-detail-special-no.6/,20130509044035,skip
http://www.press.sk:80/zbrane-a-technika/jimmy-in-detail-in-detail-special-no.6/,https://web.archive.org/web/20150822120122/http://www.press.sk:80/zbrane-a-technika/jimmy-in-detail-in-detail-special-no.6/,20150822120122,skip
https://www.press.sk/zbrane-a-technika/jimmy-in-detail-in-detail-special-no.6/?utm_source=newsletter&utm_campaign=Januar_2012&utm_medium=archive,https://web.archive.org/web/20190826094020/https://www.press.sk/zbrane-a-technika/jimmy-in-detail-in-detail-special-no.6/?utm_source=newsletter&utm_campaign=Januar_2012&utm_medium=archive,20190826094020,skip
http://www.press.sk:80/zbrane-a-technika/kajapa/,https://web.archive.org/web/20091226171341/http://www.press.sk:80/zbrane-a-technika/kajapa/,20091226171341,skip
http://www.press.sk:80/zbrane-a-technika/kajapa/,https://web.archive.org/web/20130509002111/http://www.press.sk:80/zbrane-a-technika/kajapa/,20130509002111,skip
http://www.press.sk:80/zbrane-a-technika/kajapa/,https://web.archive.org/web/20150822114041/http://www.press.sk:80/zbrane-a-technika/kajapa/,20150822114041,skip
http://www.press.sk:80/zbrane-a-technika/kalasnikov/,https://web.archive.org/web/20150822120132/http://www.press.sk:80/zbrane-a-technika/kalasnikov/,20150822120132,skip
https://www.press.sk/zbrane-a-technika/kalasnikov-automaty-rucni-kulomety-odstrelovaci-pusky-a-samonabi/,https://web.archive.org/web/20190719145720/https://www.press.sk/zbrane-a-technika/kalasnikov-automaty-rucni-kulomety-odstrelovaci-pusky-a-samonabi/,20190719145720,skip
http://www.press.sk:80/zbrane-a-technika/kalasnikov-automaty-rucni-kulomety-odstrelovaci-pusky-a-samonabijeci-brokovnice/,https://web.archive.org/web/20120824123922/http://www.press.sk:80/zbrane-a-technika/kalasnikov-automaty-rucni-kulomety-odstrelovaci-pusky-a-samonabijeci-brokovnice/,20120824123922,skip
http://www.press.sk:80/zbrane-a-technika/kalasnikov-automaty-rucni-kulomety-odstrelovaci-pusky-a-samonabijeci-brokovnice/,https://web.archive.org/web/20130509002116/http://www.press.sk:80/zbrane-a-technika/kalasnikov-automaty-rucni-kulomety-odstrelovaci-pusky-a-samonabijeci-brokovnice/,20130509002116,skip
http://www.press.sk:80/zbrane-a-technika/kalasnikov-automaty-rucni-kulomety-odstrelovaci-pusky-a-samonabijeci-brokovnice/,https://web.archive.org/web/20150822120127/http://www.press.sk:80/zbrane-a-technika/kalasnikov-automaty-rucni-kulomety-odstrelovaci-pusky-a-samonabijeci-brokovnice/,20150822120127,skip
http://www.press.sk:80/zbrane-a-technika/kanony-a-houfnice-pozemniho-delostrelectva/,https://web.archive.org/web/20090214002255/http://www.press.sk:80/zbrane-a-technika/kanony-a-houfnice-pozemniho-delostrelectva/,20090214002255,skip
http://www.press.sk:80/zbrane-a-technika/kanony-a-houfnice-pozemniho-delostrelectva/,https://web.archive.org/web/20090215005257/http://www.press.sk:80/zbrane-a-technika/kanony-a-houfnice-pozemniho-delostrelectva/,20090215005257,skip
http://www.press.sk:80/zbrane-a-technika/kanony-a-houfnice-pozemniho-delostrelectva/,https://web.archive.org/web/20090701021157/http://www.press.sk:80/zbrane-a-technika/kanony-a-houfnice-pozemniho-delostrelectva/,20090701021157,skip
http://www.press.sk:80/zbrane-a-technika/kanony-a-houfnice-pozemniho-delostrelectva/,https://web.archive.org/web/20091226171346/http://www.press.sk:80/zbrane-a-technika/kanony-a-houfnice-pozemniho-delostrelectva/,20091226171346,skip
http://www.press.sk:80/zbrane-a-technika/kapesni-pistole-revolvery-deringery-a-jejich-systemy/,https://web.archive.org/web/20130508230137/http://www.press.sk:80/zbrane-a-technika/kapesni-pistole-revolvery-deringery-a-jejich-systemy/,20130508230137,skip
http://www.press.sk:80/zbrane-a-technika/kapesni-pistole-revolvery-deringery-a-jejich-systemy/,https://web.archive.org/web/20150822120138/http://www.press.sk:80/zbrane-a-technika/kapesni-pistole-revolvery-deringery-a-jejich-systemy/,20150822120138,skip
http://www.press.sk:80/zbrane-a-technika/katalog-chladnych-zbrani-iii.rise/,https://web.archive.org/web/20130510085142/http://www.press.sk:80/zbrane-a-technika/katalog-chladnych-zbrani-iii.rise/,20130510085142,skip
http://www.press.sk:80/zbrane-a-technika/katalog-chladnych-zbrani-iii.rise/,https://web.archive.org/web/20150822115102/http://www.press.sk:80/zbrane-a-technika/katalog-chladnych-zbrani-iii.rise/,20150822115102,skip
http://www.press.sk:80/zbrane-a-technika/kettenkrad-in-detail/,https://web.archive.org/web/20090214003423/http://www.press.sk:80/zbrane-a-technika/kettenkrad-in-detail/,20090214003423,skip
http://www.press.sk:80/zbrane-a-technika/kettenkrad-in-detail/,https://web.archive.org/web/20090215011548/http://www.press.sk:80/zbrane-a-technika/kettenkrad-in-detail/,20090215011548,skip
http://www.press.sk:80/zbrane-a-technika/kettenkrad-in-detail/,https://web.archive.org/web/20090701021201/http://www.press.sk:80/zbrane-a-technika/kettenkrad-in-detail/,20090701021201,skip
http://www.press.sk:80/zbrane-a-technika/kettenkrad-in-detail/,https://web.archive.org/web/20091226171351/http://www.press.sk:80/zbrane-a-technika/kettenkrad-in-detail/,20091226171351,skip
http://www.press.sk:80/zbrane-a-technika/kettenkrad-in-detail/,https://web.archive.org/web/20130508230141/http://www.press.sk:80/zbrane-a-technika/kettenkrad-in-detail/,20130508230141,skip
http://www.press.sk/zbrane-a-technika/kettenkrad-in-detail/,https://web.archive.org/web/20130623023305/http://www.press.sk/zbrane-a-technika/kettenkrad-in-detail/,20130623023305,skip
http://www.press.sk:80/zbrane-a-technika/kettenkrad-in-detail/,https://web.archive.org/web/20150516184253/http://www.press.sk:80/zbrane-a-technika/kettenkrad-in-detail/,20150516184253,skip
http://www.press.sk:80/zbrane-a-technika/kompletni-manual-palnych-zbrani/,https://web.archive.org/web/20150822045226/http://www.press.sk:80/zbrane-a-technika/kompletni-manual-palnych-zbrani/,20150822045226,skip
http://www.press.sk/zbrane-a-technika/kompletni-manual-palnych-zbrani/,https://web.archive.org/web/20160802165347/http://www.press.sk/zbrane-a-technika/kompletni-manual-palnych-zbrani/,20160802165347,skip
http://www.press.sk:80/zbrane-a-technika/konigstiger-vs-is-2-operace-sonnenwende-1945,https://web.archive.org/web/20121206055447/http://www.press.sk:80/zbrane-a-technika/konigstiger-vs-is-2-operace-sonnenwende-1945,20121206055447,skip
http://www.press.sk:80/zbrane-a-technika/konigstiger-vs-is-2-operace-sonnenwende-1945/,https://web.archive.org/web/20121210014051/http://www.press.sk:80/zbrane-a-technika/konigstiger-vs-is-2-operace-sonnenwende-1945/,20121210014051,skip
http://www.press.sk:80/zbrane-a-technika/konigstiger-vs-is-2-operace-sonnenwende-1945,https://web.archive.org/web/20130106055259/http://www.press.sk:80/zbrane-a-technika/konigstiger-vs-is-2-operace-sonnenwende-1945,20130106055259,skip
http://www.press.sk:80/zbrane-a-technika/konigstiger-vs-is-2-operace-sonnenwende-1945/,https://web.archive.org/web/20130509002121/http://www.press.sk:80/zbrane-a-technika/konigstiger-vs-is-2-operace-sonnenwende-1945/,20130509002121,skip
http://www.press.sk:80/zbrane-a-technika/konigstiger-vs-is-2-operace-sonnenwende-1945,https://web.archive.org/web/20130529172401/http://www.press.sk:80/zbrane-a-technika/konigstiger-vs-is-2-operace-sonnenwende-1945,20130529172401,skip
http://www.press.sk:80/zbrane-a-technika/konigstiger-vs-is-2-operace-sonnenwende-1945/,https://web.archive.org/web/20150822120143/http://www.press.sk:80/zbrane-a-technika/konigstiger-vs-is-2-operace-sonnenwende-1945/,20150822120143,skip
http://www.press.sk:80/zbrane-a-technika/kontrola-regulace-a-uprava-jaderneho-zbrojeni-kontrola-regulace-a-uprava-jaderneho-zbrojeni,https://web.archive.org/web/20130507105631/http://www.press.sk:80/zbrane-a-technika/kontrola-regulace-a-uprava-jaderneho-zbrojeni-kontrola-regulace-a-uprava-jaderneho-zbrojeni,20130507105631,skip
http://www.press.sk:80/zbrane-a-technika/kontrola-regulace-a-uprava-jaderneho-zbrojeni-kontrola-regulace-a-uprava-jaderneho-zbrojeni/,https://web.archive.org/web/20130509002126/http://www.press.sk:80/zbrane-a-technika/kontrola-regulace-a-uprava-jaderneho-zbrojeni-kontrola-regulace-a-uprava-jaderneho-zbrojeni/,20130509002126,skip
http://www.press.sk:80/zbrane-a-technika/kontrola-regulace-a-uprava-jaderneho-zbrojeni-kontrola-regulace-a-uprava-jaderneho-zbrojeni/,https://web.archive.org/web/20130510011924/http://www.press.sk:80/zbrane-a-technika/kontrola-regulace-a-uprava-jaderneho-zbrojeni-kontrola-regulace-a-uprava-jaderneho-zbrojeni/,20130510011924,skip
http://www.press.sk:80/zbrane-a-technika/kontrola-regulace-a-uprava-jaderneho-zbrojeni-kontrola-regulace-a-uprava-jaderneho-zbrojeni/,https://web.archive.org/web/20150822114045/http://www.press.sk:80/zbrane-a-technika/kontrola-regulace-a-uprava-jaderneho-zbrojeni-kontrola-regulace-a-uprava-jaderneho-zbrojeni/,20150822114045,skip
http://www.press.sk:80/zbrane-a-technika/kralicka-pevnostni-oblast/,https://web.archive.org/web/20130509052257/http://www.press.sk:80/zbrane-a-technika/kralicka-pevnostni-oblast/,20130509052257,skip
http://www.press.sk:80/zbrane-a-technika/kralicka-pevnostni-oblast/,https://web.archive.org/web/20150822114050/http://www.press.sk:80/zbrane-a-technika/kralicka-pevnostni-oblast/,20150822114050,skip
http://www.press.sk:80/zbrane-a-technika/kratke-strelne-zbrane/,https://web.archive.org/web/20150822114055/http://www.press.sk:80/zbrane-a-technika/kratke-strelne-zbrane/,20150822114055,skip
https://www.press.sk/zbrane-a-technika/kratke-strelne-zbrane/,https://web.archive.org/web/20190821032056/https://www.press.sk/zbrane-a-technika/kratke-strelne-zbrane/,20190821032056,skip
http://www.press.sk:80/zbrane-a-technika/kubelwagen-in-detail/,https://web.archive.org/web/20090214003428/http://www.press.sk:80/zbrane-a-technika/kubelwagen-in-detail/,20090214003428,skip
http://www.press.sk:80/zbrane-a-technika/kubelwagen-in-detail/,https://web.archive.org/web/20090215011553/http://www.press.sk:80/zbrane-a-technika/kubelwagen-in-detail/,20090215011553,skip
http://www.press.sk:80/zbrane-a-technika/kubelwagen-in-detail/,https://web.archive.org/web/20090701021203/http://www.press.sk:80/zbrane-a-technika/kubelwagen-in-detail/,20090701021203,skip
http://www.press.sk:80/zbrane-a-technika/kubelwagen-in-detail/,https://web.archive.org/web/20091226171356/http://www.press.sk:80/zbrane-a-technika/kubelwagen-in-detail/,20091226171356,skip
http://www.press.sk:80/zbrane-a-technika/kubelwagen-in-detail/,https://web.archive.org/web/20130509044040/http://www.press.sk:80/zbrane-a-technika/kubelwagen-in-detail/,20130509044040,skip
http://www.press.sk:80/zbrane-a-technika/kubelwagen-in-detail/,https://web.archive.org/web/20150515004231/http://www.press.sk:80/zbrane-a-technika/kubelwagen-in-detail/,20150515004231,skip
http://www.press.sk:80/zbrane-a-technika/kulomety.-dil-i./,https://web.archive.org/web/20090214002301/http://www.press.sk:80/zbrane-a-technika/kulomety.-dil-i./,20090214002301,skip
http://www.press.sk:80/zbrane-a-technika/kulomety.-dil-i./,https://web.archive.org/web/20090215005302/http://www.press.sk:80/zbrane-a-technika/kulomety.-dil-i./,20090215005302,skip
http://www.press.sk:80/zbrane-a-technika/kulomety.-dil-i./,https://web.archive.org/web/20090701021208/http://www.press.sk:80/zbrane-a-technika/kulomety.-dil-i./,20090701021208,skip
http://www.press.sk:80/zbrane-a-technika/kulomety.-dil-i./,https://web.archive.org/web/20091226171401/http://www.press.sk:80/zbrane-a-technika/kulomety.-dil-i./,20091226171401,skip
http://www.press.sk:80/zbrane-a-technika/kulomety.-dil-i./,https://web.archive.org/web/20130508230146/http://www.press.sk:80/zbrane-a-technika/kulomety.-dil-i./,20130508230146,skip
http://www.press.sk/zbrane-a-technika/kulomety.-dil-i./,https://web.archive.org/web/20130623035416/http://www.press.sk/zbrane-a-technika/kulomety.-dil-i./,20130623035416,skip
http://www.press.sk:80/zbrane-a-technika/kulomety.-dil-i./,https://web.archive.org/web/20150516183533/http://www.press.sk:80/zbrane-a-technika/kulomety.-dil-i./,20150516183533,skip
http://www.press.sk:80/zbrane-a-technika/kulomety.-dil-ii./,https://web.archive.org/web/20090214003433/http://www.press.sk:80/zbrane-a-technika/kulomety.-dil-ii./,20090214003433,skip
http://www.press.sk:80/zbrane-a-technika/kulomety.-dil-ii./,https://web.archive.org/web/20090215011559/http://www.press.sk:80/zbrane-a-technika/kulomety.-dil-ii./,20090215011559,skip
http://www.press.sk:80/zbrane-a-technika/kulomety.-dil-ii./,https://web.archive.org/web/20090701021213/http://www.press.sk:80/zbrane-a-technika/kulomety.-dil-ii./,20090701021213,skip
http://www.press.sk:80/zbrane-a-technika/kulomety.-dil-ii./,https://web.archive.org/web/20091226171406/http://www.press.sk:80/zbrane-a-technika/kulomety.-dil-ii./,20091226171406,skip
http://www.press.sk:80/zbrane-a-technika/kulomety.-dil-ii./,https://web.archive.org/web/20100226145020/http://www.press.sk:80/zbrane-a-technika/kulomety.-dil-ii./,20100226145020,skip
http://www.press.sk:80/zbrane-a-technika/kulomety.-dil-ii./,https://web.archive.org/web/20130509044045/http://www.press.sk:80/zbrane-a-technika/kulomety.-dil-ii./,20130509044045,skip
http://www.press.sk:80/zbrane-a-technika/kulomety.-dil-ii./,https://web.archive.org/web/20150515003916/http://www.press.sk:80/zbrane-a-technika/kulomety.-dil-ii./,20150515003916,skip
http://www.press.sk:80/zbrane-a-technika/kulomety.-dil-iii./,https://web.archive.org/web/20090214002307/http://www.press.sk:80/zbrane-a-technika/kulomety.-dil-iii./,20090214002307,skip
http://www.press.sk:80/zbrane-a-technika/kulomety.-dil-iii./,https://web.archive.org/web/20090215005307/http://www.press.sk:80/zbrane-a-technika/kulomety.-dil-iii./,20090215005307,skip
http://www.press.sk:80/zbrane-a-technika/kulomety.-dil-iii./,https://web.archive.org/web/20090701021218/http://www.press.sk:80/zbrane-a-technika/kulomety.-dil-iii./,20090701021218,skip
http://www.press.sk:80/zbrane-a-technika/kulomety.-dil-iii./,https://web.archive.org/web/20091226171411/http://www.press.sk:80/zbrane-a-technika/kulomety.-dil-iii./,20091226171411,skip
http://www.press.sk:80/zbrane-a-technika/kulomety.-dil-iii./,https://web.archive.org/web/20130509052302/http://www.press.sk:80/zbrane-a-technika/kulomety.-dil-iii./,20130509052302,skip
http://www.press.sk:80/zbrane-a-technika/kulomety.-dil-iii./,https://web.archive.org/web/20150515004039/http://www.press.sk:80/zbrane-a-technika/kulomety.-dil-iii./,20150515004039,skip
http://www.press.sk:80/zbrane-a-technika/kuse-moderni-mechanicke-zbrane/,https://web.archive.org/web/20090214003438/http://www.press.sk:80/zbrane-a-technika/kuse-moderni-mechanicke-zbrane/,20090214003438,skip
http://www.press.sk:80/zbrane-a-technika/kuse-moderni-mechanicke-zbrane/,https://web.archive.org/web/20090215011604/http://www.press.sk:80/zbrane-a-technika/kuse-moderni-mechanicke-zbrane/,20090215011604,skip
http://www.press.sk:80/zbrane-a-technika/kuse-moderni-mechanicke-zbrane/,https://web.archive.org/web/20090701021224/http://www.press.sk:80/zbrane-a-technika/kuse-moderni-mechanicke-zbrane/,20090701021224,skip
http://www.press.sk:80/zbrane-a-technika/kuse-moderni-mechanicke-zbrane/,https://web.archive.org/web/20091226171416/http://www.press.sk:80/zbrane-a-technika/kuse-moderni-mechanicke-zbrane/,20091226171416,skip
http://www.press.sk:80/zbrane-a-technika/kuse-moderni-mechanicke-zbrane/,https://web.archive.org/web/20130509002134/http://www.press.sk:80/zbrane-a-technika/kuse-moderni-mechanicke-zbrane/,20130509002134,skip
http://www.press.sk/zbrane-a-technika/kuse-moderni-mechanicke-zbrane/,https://web.archive.org/web/20130623000010/http://www.press.sk/zbrane-a-technika/kuse-moderni-mechanicke-zbrane/,20130623000010,skip
http://www.press.sk:80/zbrane-a-technika/kuse-moderni-mechanicke-zbrane/,https://web.archive.org/web/20150516180813/http://www.press.sk:80/zbrane-a-technika/kuse-moderni-mechanicke-zbrane/,20150516180813,skip
http://www.press.sk:80/zbrane-a-technika/land-rover-defender-110/,https://web.archive.org/web/20090214002312/http://www.press.sk:80/zbrane-a-technika/land-rover-defender-110/,20090214002312,skip
http://www.press.sk:80/zbrane-a-technika/land-rover-defender-110/,https://web.archive.org/web/20090215005312/http://www.press.sk:80/zbrane-a-technika/land-rover-defender-110/,20090215005312,skip
http://www.press.sk:80/zbrane-a-technika/land-rover-defender-110/,https://web.archive.org/web/20090701021228/http://www.press.sk:80/zbrane-a-technika/land-rover-defender-110/,20090701021228,skip
http://www.press.sk:80/zbrane-a-technika/land-rover-defender-110/,https://web.archive.org/web/20091226171421/http://www.press.sk:80/zbrane-a-technika/land-rover-defender-110/,20091226171421,skip
http://www.press.sk:80/zbrane-a-technika/land-rover-defender-110/,https://web.archive.org/web/20130509002136/http://www.press.sk:80/zbrane-a-technika/land-rover-defender-110/,20130509002136,skip
http://www.press.sk/zbrane-a-technika/land-rover-defender-110/,https://web.archive.org/web/20130623085009/http://www.press.sk/zbrane-a-technika/land-rover-defender-110/,20130623085009,skip
http://www.press.sk:80/zbrane-a-technika/land-rover-defender-110/,https://web.archive.org/web/20141006040748/http://www.press.sk:80/zbrane-a-technika/land-rover-defender-110/,20141006040748,skip
http://www.press.sk:80/zbrane-a-technika/land-rover-defender-110/,https://web.archive.org/web/20150516182236/http://www.press.sk:80/zbrane-a-technika/land-rover-defender-110/,20150516182236,skip
http://www.press.sk:80/zbrane-a-technika/lehke-tanky/,https://web.archive.org/web/20130509002141/http://www.press.sk:80/zbrane-a-technika/lehke-tanky/,20130509002141,skip
http://www.press.sk:80/zbrane-a-technika/lehke-tanky/,https://web.archive.org/web/20150822114101/http://www.press.sk:80/zbrane-a-technika/lehke-tanky/,20150822114101,skip
https://www.press.sk/zbrane-a-technika/lehke-tanky/?utm_source=newsletter&utm_campaign=December_2012&utm_medium=archive,https://web.archive.org/web/20190826085942/https://www.press.sk/zbrane-a-technika/lehke-tanky/?utm_source=newsletter&utm_campaign=December_2012&utm_medium=archive,20190826085942,skip
http://www.press.sk:80/zbrane-a-technika/letajici-talir-pro-hitlera/,https://web.archive.org/web/20130509002146/http://www.press.sk:80/zbrane-a-technika/letajici-talir-pro-hitlera/,20130509002146,skip
http://www.press.sk:80/zbrane-a-technika/letajici-talir-pro-hitlera/,https://web.archive.org/web/20150822120148/http://www.press.sk:80/zbrane-a-technika/letajici-talir-pro-hitlera/,20150822120148,skip
https://www.press.sk/zbrane-a-technika/lmv-lince-in-detail/,https://web.archive.org/web/20190919110608/https://www.press.sk/zbrane-a-technika/lmv-lince-in-detail/,20190919110608,skip
https://www.press.sk/zbrane-a-technika/lt-vz.-38-tank-ktery-se-povedl-rodinny-portret/,https://web.archive.org/web/20190923075500/https://www.press.sk/zbrane-a-technika/lt-vz.-38-tank-ktery-se-povedl-rodinny-portret/,20190923075500,skip
https://www.press.sk/zbrane-a-technika/lt-vz.-38-tank-ktery-se-povedl-rodinny-portret/,https://web.archive.org/web/20191114173807/https://www.press.sk/zbrane-a-technika/lt-vz.-38-tank-ktery-se-povedl-rodinny-portret/,20191114173807,skip
http://www.press.sk:80/zbrane-a-technika/luger/,https://web.archive.org/web/20090214003443/http://www.press.sk:80/zbrane-a-technika/luger/,20090214003443,skip
http://www.press.sk:80/zbrane-a-technika/luger/,https://web.archive.org/web/20090215010758/http://www.press.sk:80/zbrane-a-technika/luger/,20090215010758,skip
http://www.press.sk:80/zbrane-a-technika/m-24-chaffee-in-detail/,https://web.archive.org/web/20090214003448/http://www.press.sk:80/zbrane-a-technika/m-24-chaffee-in-detail/,20090214003448,skip
http://www.press.sk:80/zbrane-a-technika/m-24-chaffee-in-detail/,https://web.archive.org/web/20090215011609/http://www.press.sk:80/zbrane-a-technika/m-24-chaffee-in-detail/,20090215011609,skip
http://www.press.sk:80/zbrane-a-technika/m-24-chaffee-in-detail/,https://web.archive.org/web/20090701021233/http://www.press.sk:80/zbrane-a-technika/m-24-chaffee-in-detail/,20090701021233,skip
http://www.press.sk:80/zbrane-a-technika/m-24-chaffee-in-detail/,https://web.archive.org/web/20091226171426/http://www.press.sk:80/zbrane-a-technika/m-24-chaffee-in-detail/,20091226171426,skip
http://www.press.sk:80/zbrane-a-technika/m-24-chaffee-in-detail/,https://web.archive.org/web/20130509044051/http://www.press.sk:80/zbrane-a-technika/m-24-chaffee-in-detail/,20130509044051,skip
http://www.press.sk:80/zbrane-a-technika/m-24-chaffee-in-detail/,https://web.archive.org/web/20150515004236/http://www.press.sk:80/zbrane-a-technika/m-24-chaffee-in-detail/,20150515004236,skip
http://www.press.sk:80/zbrane-a-technika/m-35a2-in-detail/,https://web.archive.org/web/20090214003453/http://www.press.sk:80/zbrane-a-technika/m-35a2-in-detail/,20090214003453,skip
http://www.press.sk:80/zbrane-a-technika/m-35a2-in-detail/,https://web.archive.org/web/20090215011614/http://www.press.sk:80/zbrane-a-technika/m-35a2-in-detail/,20090215011614,skip
http://www.press.sk:80/zbrane-a-technika/m-35a2-in-detail/,https://web.archive.org/web/20090701021238/http://www.press.sk:80/zbrane-a-technika/m-35a2-in-detail/,20090701021238,skip
http://www.press.sk:80/zbrane-a-technika/m-35a2-in-detail/,https://web.archive.org/web/20091226171431/http://www.press.sk:80/zbrane-a-technika/m-35a2-in-detail/,20091226171431,skip
http://www.press.sk:80/zbrane-a-technika/m-35a2-in-detail/,https://web.archive.org/web/20100226155412/http://www.press.sk:80/zbrane-a-technika/m-35a2-in-detail/,20100226155412,skip
http://www.press.sk:80/zbrane-a-technika/m-35a2-in-detail/,https://web.archive.org/web/20130509053259/http://www.press.sk:80/zbrane-a-technika/m-35a2-in-detail/,20130509053259,skip
http://www.press.sk:80/zbrane-a-technika/m-35a2-in-detail/,https://web.archive.org/web/20150515003722/http://www.press.sk:80/zbrane-a-technika/m-35a2-in-detail/,20150515003722,skip
https://www.press.sk/zbrane-a-technika/m-35a2-in-detail/,https://web.archive.org/web/20191123025338/https://www.press.sk/zbrane-a-technika/m-35a2-in-detail/,20191123025338,skip
http://www.press.sk:80/zbrane-a-technika/m1-155mm-howitzer-in-detail/,https://web.archive.org/web/20130509053304/http://www.press.sk:80/zbrane-a-technika/m1-155mm-howitzer-in-detail/,20130509053304,skip
http://www.press.sk:80/zbrane-a-technika/m1-155mm-howitzer-in-detail/,https://web.archive.org/web/20150822114550/http://www.press.sk:80/zbrane-a-technika/m1-155mm-howitzer-in-detail/,20150822114550,skip
http://www.press.sk:80/zbrane-a-technika/m1-abrams-vs-t-72-ural/,https://web.archive.org/web/20110514215517/http://www.press.sk:80/zbrane-a-technika/m1-abrams-vs-t-72-ural/,20110514215517,skip
http://www.press.sk:80/zbrane-a-technika/m1-abrams-vs-t-72-ural/,https://web.archive.org/web/20110516001932/http://www.press.sk:80/zbrane-a-technika/m1-abrams-vs-t-72-ural/,20110516001932,skip
http://www.press.sk:80/zbrane-a-technika/m1-abrams-vs-t-72-ural/,https://web.archive.org/web/20110912094931/http://www.press.sk:80/zbrane-a-technika/m1-abrams-vs-t-72-ural/,20110912094931,skip
http://www.press.sk:80/zbrane-a-technika/m1-abrams-vs-t-72-ural/,https://web.archive.org/web/20130508230151/http://www.press.sk:80/zbrane-a-technika/m1-abrams-vs-t-72-ural/,20130508230151,skip
http://www.press.sk:80/zbrane-a-technika/m1-abrams-vs-t-72-ural/,https://web.archive.org/web/20150822120153/http://www.press.sk:80/zbrane-a-technika/m1-abrams-vs-t-72-ural/,20150822120153,skip
http://www.press.sk/zbrane-a-technika/m1-abrams-vs-t-72-ural/,https://web.archive.org/web/20160802160916/http://www.press.sk/zbrane-a-technika/m1-abrams-vs-t-72-ural/,20160802160916,skip
https://www.press.sk/zbrane-a-technika/m1-abrams-vs-t-72-ural/,https://web.archive.org/web/20191019104653/https://www.press.sk/zbrane-a-technika/m1-abrams-vs-t-72-ural/,20191019104653,skip
http://www.press.sk:80/zbrane-a-technika/m101a1-105mm-howitzer/,https://web.archive.org/web/20091226171436/http://www.press.sk:80/zbrane-a-technika/m101a1-105mm-howitzer/,20091226171436,skip
http://www.press.sk:80/zbrane-a-technika/m101a1-105mm-howitzer/,https://web.archive.org/web/20130508230156/http://www.press.sk:80/zbrane-a-technika/m101a1-105mm-howitzer/,20130508230156,skip
http://www.press.sk:80/zbrane-a-technika/m101a1-105mm-howitzer/,https://web.archive.org/web/20150822114106/http://www.press.sk:80/zbrane-a-technika/m101a1-105mm-howitzer/,20150822114106,skip
http://www.press.sk:80/zbrane-a-technika/m2a2-ods-bradley-in-detail/,https://web.archive.org/web/20150822114555/http://www.press.sk:80/zbrane-a-technika/m2a2-ods-bradley-in-detail/,20150822114555,skip
http://www.press.sk:80/zbrane-a-technika/m38-jeeps-in-detail/,https://web.archive.org/web/20090701021243/http://www.press.sk:80/zbrane-a-technika/m38-jeeps-in-detail/,20090701021243,skip
http://www.press.sk:80/zbrane-a-technika/m38-jeeps-in-detail/,https://web.archive.org/web/20091226171443/http://www.press.sk:80/zbrane-a-technika/m38-jeeps-in-detail/,20091226171443,skip
http://www.press.sk:80/zbrane-a-technika/m38-jeeps-in-detail/,https://web.archive.org/web/20130509002151/http://www.press.sk:80/zbrane-a-technika/m38-jeeps-in-detail/,20130509002151,skip
http://www.press.sk:80/zbrane-a-technika/m38-jeeps-in-detail/,https://web.archive.org/web/20150516180818/http://www.press.sk:80/zbrane-a-technika/m38-jeeps-in-detail/,20150516180818,skip
http://www.press.sk:80/zbrane-a-technika/m38a1-in-detail/,https://web.archive.org/web/20150822114111/http://www.press.sk:80/zbrane-a-technika/m38a1-in-detail/,20150822114111,skip
https://www.press.sk/zbrane-a-technika/m38a1-in-detail/,https://web.archive.org/web/20190824194726/https://www.press.sk/zbrane-a-technika/m38a1-in-detail/,20190824194726,skip
http://www.press.sk:80/zbrane-a-technika/m4-m16-in-deatil-special-n%C2%B010-u.s.-m4-carbine-and-m16-rifle%EF%BB%BF-family/,https://web.archive.org/web/20130509002156/http://www.press.sk:80/zbrane-a-technika/m4-m16-in-deatil-special-n%C2%B010-u.s.-m4-carbine-and-m16-rifle%EF%BB%BF-family/,20130509002156,skip
http://www.press.sk:80/zbrane-a-technika/m4-m16-in-deatil-special-n%C2%B010-u.s.-m4-carbine-and-m16-rifle%EF%BB%BF-family/,https://web.archive.org/web/20150822120158/http://www.press.sk:80/zbrane-a-technika/m4-m16-in-deatil-special-n%C2%B010-u.s.-m4-carbine-and-m16-rifle%EF%BB%BF-family/,20150822120158,skip
http://www.press.sk:80/zbrane-a-technika/m4-shermantank-power-vol.-lxxiii-308/,https://web.archive.org/web/20130509054404/http://www.press.sk:80/zbrane-a-technika/m4-shermantank-power-vol.-lxxiii-308/,20130509054404,skip
http://www.press.sk:80/zbrane-a-technika/m4-shermantank-power-vol.-lxxiii-308/,https://web.archive.org/web/20150822120203/http://www.press.sk:80/zbrane-a-technika/m4-shermantank-power-vol.-lxxiii-308/,20150822120203,skip
http://www.press.sk:80/zbrane-a-technika/m51-idf-sherman-in-detail/,https://web.archive.org/web/20130508230201/http://www.press.sk:80/zbrane-a-technika/m51-idf-sherman-in-detail/,20130508230201,skip
http://www.press.sk:80/zbrane-a-technika/m51-idf-sherman-in-detail/,https://web.archive.org/web/20150822114116/http://www.press.sk:80/zbrane-a-technika/m51-idf-sherman-in-detail/,20150822114116,skip
http://www.press.sk:80/zbrane-a-technika/m7b2-priest-in-detail%EF%BB%BF/,https://web.archive.org/web/20130510085541/http://www.press.sk:80/zbrane-a-technika/m7b2-priest-in-detail%EF%BB%BF/,20130510085541,skip
http://www.press.sk:80/zbrane-a-technika/m7b2-priest-in-detail%EF%BB%BF/,https://web.archive.org/web/20150822114121/http://www.press.sk:80/zbrane-a-technika/m7b2-priest-in-detail%EF%BB%BF/,20150822114121,skip
http://www.press.sk:80/zbrane-a-technika/m939-truck-family-in-detail/,https://web.archive.org/web/20150822115106/http://www.press.sk:80/zbrane-a-technika/m939-truck-family-in-detail/,20150822115106,skip
http://www.press.sk:80/zbrane-a-technika/ma-jeeps-in-detail/,https://web.archive.org/web/20130508230206/http://www.press.sk:80/zbrane-a-technika/ma-jeeps-in-detail/,20130508230206,skip
http://www.press.sk:80/zbrane-a-technika/ma-jeeps-in-detail/,https://web.archive.org/web/20150822114126/http://www.press.sk:80/zbrane-a-technika/ma-jeeps-in-detail/,20150822114126,skip
http://www.press.sk:80/zbrane-a-technika/maginotova-linie-1928-45/,https://web.archive.org/web/20090214002317/http://www.press.sk:80/zbrane-a-technika/maginotova-linie-1928-45/,20090214002317,skip
http://www.press.sk:80/zbrane-a-technika/maginotova-linie-1928-45/,https://web.archive.org/web/20090215010106/http://www.press.sk:80/zbrane-a-technika/maginotova-linie-1928-45/,20090215010106,skip
http://www.press.sk:80/zbrane-a-technika/maginotova-linie-1928-45/,https://web.archive.org/web/20090701021248/http://www.press.sk:80/zbrane-a-technika/maginotova-linie-1928-45/,20090701021248,skip
http://www.press.sk:80/zbrane-a-technika/maginotova-linie-1928-45/,https://web.archive.org/web/20130509002201/http://www.press.sk:80/zbrane-a-technika/maginotova-linie-1928-45/,20130509002201,skip
http://www.press.sk:80/zbrane-a-technika/maginotova-linie-1928-45/,https://web.archive.org/web/20150514224926/http://www.press.sk:80/zbrane-a-technika/maginotova-linie-1928-45/,20150514224926,skip
http://www.press.sk:80/zbrane-a-technika/magyar-steel/,https://web.archive.org/web/20090214002322/http://www.press.sk:80/zbrane-a-technika/magyar-steel/,20090214002322,skip
http://www.press.sk:80/zbrane-a-technika/magyar-steel/,https://web.archive.org/web/20090215010111/http://www.press.sk:80/zbrane-a-technika/magyar-steel/,20090215010111,skip
http://www.press.sk:80/zbrane-a-technika/magyar-steel/,https://web.archive.org/web/20090701021253/http://www.press.sk:80/zbrane-a-technika/magyar-steel/,20090701021253,skip
http://www.press.sk:80/zbrane-a-technika/magyar-steel/,https://web.archive.org/web/20091226171446/http://www.press.sk:80/zbrane-a-technika/magyar-steel/,20091226171446,skip
http://www.press.sk:80/zbrane-a-technika/mala-kniha-o-velkych-bunkrech-nejvetsi-pevnostni-stavby-sveta-1918-1945,https://web.archive.org/web/20130613105117/http://www.press.sk:80/zbrane-a-technika/mala-kniha-o-velkych-bunkrech-nejvetsi-pevnostni-stavby-sveta-1918-1945,20130613105117,skip
http://www.press.sk:80/zbrane-a-technika/mala-kniha-o-velkych-bunkrech-nejvetsi-pevnostni-stavby-sveta-1918-1945/,https://web.archive.org/web/20150822114601/http://www.press.sk:80/zbrane-a-technika/mala-kniha-o-velkych-bunkrech-nejvetsi-pevnostni-stavby-sveta-1918-1945/,20150822114601,skip
http://www.press.sk:80/zbrane-a-technika/manual-obranne-strelby/,https://web.archive.org/web/20090214003458/http://www.press.sk:80/zbrane-a-technika/manual-obranne-strelby/,20090214003458,skip
http://www.press.sk:80/zbrane-a-technika/manual-obranne-strelby/,https://web.archive.org/web/20090215010804/http://www.press.sk:80/zbrane-a-technika/manual-obranne-strelby/,20090215010804,skip
http://www.press.sk:80/zbrane-a-technika/manual-obranne-strelby/,https://web.archive.org/web/20090701021259/http://www.press.sk:80/zbrane-a-technika/manual-obranne-strelby/,20090701021259,skip
http://www.press.sk:80/zbrane-a-technika/manual-obranne-strelby/,https://web.archive.org/web/20091226171451/http://www.press.sk:80/zbrane-a-technika/manual-obranne-strelby/,20091226171451,skip
http://www.press.sk:80/zbrane-a-technika/manual-obranne-strelby+10767/,https://web.archive.org/web/20130509002206/http://www.press.sk:80/zbrane-a-technika/manual-obranne-strelby+10767/,20130509002206,skip
http://www.press.sk:80/zbrane-a-technika/manual-obranne-strelby+10767/,https://web.archive.org/web/20150822115113/http://www.press.sk:80/zbrane-a-technika/manual-obranne-strelby+10767/,20150822115113,skip
http://www.press.sk:80/zbrane-a-technika/manual-obranne-strelby-ii/,https://web.archive.org/web/20130508230211/http://www.press.sk:80/zbrane-a-technika/manual-obranne-strelby-ii/,20130508230211,skip
http://www.press.sk:80/zbrane-a-technika/manual-obranne-strelby-ii/,https://web.archive.org/web/20150822120208/http://www.press.sk:80/zbrane-a-technika/manual-obranne-strelby-ii/,20150822120208,skip
http://www.press.sk:80/zbrane-a-technika/mb-jeeps/,https://web.archive.org/web/20091226171458/http://www.press.sk:80/zbrane-a-technika/mb-jeeps/,20091226171458,skip
http://www.press.sk:80/zbrane-a-technika/mb-jeeps/,https://web.archive.org/web/20100226160255/http://www.press.sk:80/zbrane-a-technika/mb-jeeps/,20100226160255,skip
http://www.press.sk:80/zbrane-a-technika/mb-jeeps/,https://web.archive.org/web/20130508230216/http://www.press.sk:80/zbrane-a-technika/mb-jeeps/,20130508230216,skip
http://www.press.sk:80/zbrane-a-technika/mb-jeeps/,https://web.archive.org/web/20150822114132/http://www.press.sk:80/zbrane-a-technika/mb-jeeps/,20150822114132,skip
http://www.press.sk:80/zbrane-a-technika/merkava-mk.1b-in-detail/,https://web.archive.org/web/20150822114605/http://www.press.sk:80/zbrane-a-technika/merkava-mk.1b-in-detail/,20150822114605,skip
http://www.press.sk:80/zbrane-a-technika/merkava-mk.1b-in-detail,https://web.archive.org/web/20160901195259/http://www.press.sk:80/zbrane-a-technika/merkava-mk.1b-in-detail,20160901195259,skip
http://www.press.sk:80/zbrane-a-technika/merkava-mk.1b-in-detail,https://web.archive.org/web/20160903005842/http://www.press.sk:80/zbrane-a-technika/merkava-mk.1b-in-detail,20160903005842,skip
http://www.press.sk:80/zbrane-a-technika/merkava-mk.1b-in-detail,https://web.archive.org/web/20161003205134/http://www.press.sk:80/zbrane-a-technika/merkava-mk.1b-in-detail,20161003205134,skip
http://www.press.sk:80/zbrane-a-technika/merkava-mk.1b-in-detail,https://web.archive.org/web/20161005003411/http://www.press.sk:80/zbrane-a-technika/merkava-mk.1b-in-detail,20161005003411,skip
http://www.press.sk:80/zbrane-a-technika/merkava-mk.1b-in-detail,https://web.archive.org/web/20161105145758/http://www.press.sk:80/zbrane-a-technika/merkava-mk.1b-in-detail,20161105145758,skip
http://www.press.sk:80/zbrane-a-technika/messerschmitt-me-262-production-arado-ar-234%E2%80%99s-final-operations/,https://web.archive.org/web/20130509002213/http://www.press.sk:80/zbrane-a-technika/messerschmitt-me-262-production-arado-ar-234%E2%80%99s-final-operations/,20130509002213,skip
http://www.press.sk:80/zbrane-a-technika/messerschmitt-me-262-production-arado-ar-234%E2%80%99s-final-operations/,https://web.archive.org/web/20150822114136/http://www.press.sk:80/zbrane-a-technika/messerschmitt-me-262-production-arado-ar-234%E2%80%99s-final-operations/,20150822114136,skip
http://www.press.sk:80/zbrane-a-technika/meteor-i-vs-letajici-puma-v1/,https://web.archive.org/web/20150822114142/http://www.press.sk:80/zbrane-a-technika/meteor-i-vs-letajici-puma-v1/,20150822114142,skip
http://www.press.sk/zbrane-a-technika/meteor-i-vs-letajici-puma-v1/,https://web.archive.org/web/20160802162911/http://www.press.sk/zbrane-a-technika/meteor-i-vs-letajici-puma-v1/,20160802162911,skip
https://www.press.sk/zbrane-a-technika/meteor-i-vs-letajici-puma-v1/,https://web.archive.org/web/20170815141514/https://www.press.sk/zbrane-a-technika/meteor-i-vs-letajici-puma-v1/,20170815141514,skip
http://www.press.sk:80/zbrane-a-technika/mezek-a-turbina/,https://web.archive.org/web/20150822120213/http://www.press.sk:80/zbrane-a-technika/mezek-a-turbina/,20150822120213,skip
http://www.press.sk:80/zbrane-a-technika/mi-817/,https://web.archive.org/web/20090701021514/http://www.press.sk:80/zbrane-a-technika/mi-817/,20090701021514,skip
http://www.press.sk:80/zbrane-a-technika/mi-817/,https://web.archive.org/web/20091226171503/http://www.press.sk:80/zbrane-a-technika/mi-817/,20091226171503,skip
http://www.press.sk:80/zbrane-a-technika/mi-817/,https://web.archive.org/web/20100226145027/http://www.press.sk:80/zbrane-a-technika/mi-817/,20100226145027,skip
http://www.press.sk:80/zbrane-a-technika/mi-817/,https://web.archive.org/web/20130509002218/http://www.press.sk:80/zbrane-a-technika/mi-817/,20130509002218,skip
http://www.press.sk:80/zbrane-a-technika/mi-817/,https://web.archive.org/web/20150516182737/http://www.press.sk:80/zbrane-a-technika/mi-817/,20150516182737,skip
http://www.press.sk:80/zbrane-a-technika/moderni-odstrelovacky/,https://web.archive.org/web/20090214003505/http://www.press.sk:80/zbrane-a-technika/moderni-odstrelovacky/,20090214003505,skip
http://www.press.sk:80/zbrane-a-technika/moderni-odstrelovacky/,https://web.archive.org/web/20090215010812/http://www.press.sk:80/zbrane-a-technika/moderni-odstrelovacky/,20090215010812,skip
http://www.press.sk:80/zbrane-a-technika/moderni-odstrelovacky/,https://web.archive.org/web/20090701021517/http://www.press.sk:80/zbrane-a-technika/moderni-odstrelovacky/,20090701021517,skip
http://www.press.sk:80/zbrane-a-technika/moderni-odstrelovacky/,https://web.archive.org/web/20091226171508/http://www.press.sk:80/zbrane-a-technika/moderni-odstrelovacky/,20091226171508,skip
https://www.press.sk/zbrane-a-technika/moderni-odstrelovacky+15206/,https://web.archive.org/web/20190719150931/https://www.press.sk/zbrane-a-technika/moderni-odstrelovacky+15206/,20190719150931,skip
https://www.press.sk/zbrane-a-technika/moderni-odstrelovacky+15206/,https://web.archive.org/web/20191016002530/https://www.press.sk/zbrane-a-technika/moderni-odstrelovacky+15206/,20191016002530,skip
http://www.press.sk:80/zbrane-a-technika/moderni-odstrelovacske-pusky/,https://web.archive.org/web/20090214002327/http://www.press.sk:80/zbrane-a-technika/moderni-odstrelovacske-pusky/,20090214002327,skip
http://www.press.sk:80/zbrane-a-technika/moderni-odstrelovacske-pusky/,https://web.archive.org/web/20090215005317/http://www.press.sk:80/zbrane-a-technika/moderni-odstrelovacske-pusky/,20090215005317,skip
http://www.press.sk:80/zbrane-a-technika/moderni-odstrelovacske-pusky/,https://web.archive.org/web/20090701021522/http://www.press.sk:80/zbrane-a-technika/moderni-odstrelovacske-pusky/,20090701021522,skip
http://www.press.sk:80/zbrane-a-technika/moderni-odstrelovacske-pusky/,https://web.archive.org/web/20091226171513/http://www.press.sk:80/zbrane-a-technika/moderni-odstrelovacske-pusky/,20091226171513,skip
http://www.press.sk:80/zbrane-a-technika/moderni-odstrelovacske-pusky/,https://web.archive.org/web/20100226162252/http://www.press.sk:80/zbrane-a-technika/moderni-odstrelovacske-pusky/,20100226162252,skip
http://www.press.sk:80/zbrane-a-technika/moderni-odstrelovacske-pusky/,https://web.archive.org/web/20130509002224/http://www.press.sk:80/zbrane-a-technika/moderni-odstrelovacske-pusky/,20130509002224,skip
http://www.press.sk:80/zbrane-a-technika/moderni-odstrelovacske-pusky/,https://web.archive.org/web/20150514224932/http://www.press.sk:80/zbrane-a-technika/moderni-odstrelovacske-pusky/,20150514224932,skip
http://www.press.sk:80/zbrane-a-technika/moderni-valecne-ponorky/,https://web.archive.org/web/20090214003510/http://www.press.sk:80/zbrane-a-technika/moderni-valecne-ponorky/,20090214003510,skip
http://www.press.sk:80/zbrane-a-technika/moderni-valecne-ponorky/,https://web.archive.org/web/20090215011620/http://www.press.sk:80/zbrane-a-technika/moderni-valecne-ponorky/,20090215011620,skip
http://www.press.sk:80/zbrane-a-technika/moderni-valecne-ponorky/,https://web.archive.org/web/20090701021527/http://www.press.sk:80/zbrane-a-technika/moderni-valecne-ponorky/,20090701021527,skip
http://www.press.sk:80/zbrane-a-technika/moderni-valecne-ponorky/,https://web.archive.org/web/20091226171518/http://www.press.sk:80/zbrane-a-technika/moderni-valecne-ponorky/,20091226171518,skip
http://www.press.sk:80/zbrane-a-technika/moderni-valecne-ponorky/,https://web.archive.org/web/20100226151729/http://www.press.sk:80/zbrane-a-technika/moderni-valecne-ponorky/,20100226151729,skip
http://www.press.sk:80/zbrane-a-technika/morris-commercial-c8-quad-aw03/,https://web.archive.org/web/20091226171523/http://www.press.sk:80/zbrane-a-technika/morris-commercial-c8-quad-aw03/,20091226171523,skip
http://www.press.sk:80/zbrane-a-technika/morris-commercial-c8-quad-aw03/,https://web.archive.org/web/20130509002229/http://www.press.sk:80/zbrane-a-technika/morris-commercial-c8-quad-aw03/,20130509002229,skip
http://www.press.sk:80/zbrane-a-technika/morris-commercial-c8-quad-aw03/,https://web.archive.org/web/20150822114147/http://www.press.sk:80/zbrane-a-technika/morris-commercial-c8-quad-aw03/,20150822114147,skip
http://www.press.sk:80/zbrane-a-technika/munice/,https://web.archive.org/web/20090214003515/http://www.press.sk:80/zbrane-a-technika/munice/,20090214003515,skip
http://www.press.sk:80/zbrane-a-technika/munice/,https://web.archive.org/web/20090215010817/http://www.press.sk:80/zbrane-a-technika/munice/,20090215010817,skip
http://www.press.sk:80/zbrane-a-technika/munice/,https://web.archive.org/web/20090701021532/http://www.press.sk:80/zbrane-a-technika/munice/,20090701021532,skip
http://www.press.sk:80/zbrane-a-technika/munice/,https://web.archive.org/web/20091226171528/http://www.press.sk:80/zbrane-a-technika/munice/,20091226171528,skip
http://www.press.sk:80/zbrane-a-technika/munice/,https://web.archive.org/web/20130509002234/http://www.press.sk:80/zbrane-a-technika/munice/,20130509002234,skip
http://www.press.sk/zbrane-a-technika/munice/,https://web.archive.org/web/20130623005158/http://www.press.sk/zbrane-a-technika/munice/,20130623005158,skip
http://www.press.sk:80/zbrane-a-technika/munice/,https://web.archive.org/web/20150516184257/http://www.press.sk:80/zbrane-a-technika/munice/,20150516184257,skip
"http://www.press.sk:80/zbrane-a-technika/n,a,10,0","https://web.archive.org/web/20090630030304/http://www.press.sk:80/zbrane-a-technika/n,a,10,0",20090630030304,skip
"http://www.press.sk:80/zbrane-a-technika/n,a,10,0","https://web.archive.org/web/20091223085527/http://www.press.sk:80/zbrane-a-technika/n,a,10,0",20091223085527,skip
"http://www.press.sk:80/zbrane-a-technika/n,a,10,10","https://web.archive.org/web/20090630030310/http://www.press.sk:80/zbrane-a-technika/n,a,10,10",20090630030310,skip
"http://www.press.sk:80/zbrane-a-technika/n,a,10,100","https://web.archive.org/web/20090630030315/http://www.press.sk:80/zbrane-a-technika/n,a,10,100",20090630030315,skip
"http://www.press.sk:80/zbrane-a-technika/n,a,10,100","https://web.archive.org/web/20100128161205/http://www.press.sk:80/zbrane-a-technika/n,a,10,100",20100128161205,skip
"http://www.press.sk:80/zbrane-a-technika/n,a,10,110","https://web.archive.org/web/20090630030320/http://www.press.sk:80/zbrane-a-technika/n,a,10,110",20090630030320,skip
"http://www.press.sk:80/zbrane-a-technika/n,a,10,120","https://web.archive.org/web/20090630025624/http://www.press.sk:80/zbrane-a-technika/n,a,10,120",20090630025624,skip
"http://www.press.sk:80/zbrane-a-technika/n,a,10,120","https://web.archive.org/web/20100125113710/http://www.press.sk:80/zbrane-a-technika/n,a,10,120",20100125113710,skip
"http://www.press.sk:80/zbrane-a-technika/n,a,10,130","https://web.archive.org/web/20090630030325/http://www.press.sk:80/zbrane-a-technika/n,a,10,130",20090630030325,skip
"http://www.press.sk:80/zbrane-a-technika/n,a,10,130","https://web.archive.org/web/20100122153440/http://www.press.sk:80/zbrane-a-technika/n,a,10,130",20100122153440,skip
"http://www.press.sk:80/zbrane-a-technika/n,a,10,140","https://web.archive.org/web/20090630030330/http://www.press.sk:80/zbrane-a-technika/n,a,10,140",20090630030330,skip
"http://www.press.sk:80/zbrane-a-technika/n,a,10,140/","https://web.archive.org/web/20090701000814/http://www.press.sk:80/zbrane-a-technika/n,a,10,140/",20090701000814,skip
"http://www.press.sk:80/zbrane-a-technika/n,a,10,140","https://web.archive.org/web/20100126043346/http://www.press.sk:80/zbrane-a-technika/n,a,10,140",20100126043346,skip
"http://www.press.sk:80/zbrane-a-technika/n,a,10,150","https://web.archive.org/web/20090630030336/http://www.press.sk:80/zbrane-a-technika/n,a,10,150",20090630030336,skip
"http://www.press.sk:80/zbrane-a-technika/n,a,10,150/","https://web.archive.org/web/20090701000819/http://www.press.sk:80/zbrane-a-technika/n,a,10,150/",20090701000819,skip
"http://www.press.sk:80/zbrane-a-technika/n,a,10,150","https://web.archive.org/web/20091214153050/http://www.press.sk:80/zbrane-a-technika/n,a,10,150",20091214153050,skip
"http://www.press.sk:80/zbrane-a-technika/n,a,10,160","https://web.archive.org/web/20090630030340/http://www.press.sk:80/zbrane-a-technika/n,a,10,160",20090630030340,skip
"http://www.press.sk:80/zbrane-a-technika/n,a,10,160","https://web.archive.org/web/20100106115954/http://www.press.sk:80/zbrane-a-technika/n,a,10,160",20100106115954,skip
"http://www.press.sk:80/zbrane-a-technika/n,a,10,170","https://web.archive.org/web/20090630030345/http://www.press.sk:80/zbrane-a-technika/n,a,10,170",20090630030345,skip
"http://www.press.sk:80/zbrane-a-technika/n,a,10,170/","https://web.archive.org/web/20090701000824/http://www.press.sk:80/zbrane-a-technika/n,a,10,170/",20090701000824,skip
"http://www.press.sk:80/zbrane-a-technika/n,a,10,170","https://web.archive.org/web/20100127140700/http://www.press.sk:80/zbrane-a-technika/n,a,10,170",20100127140700,skip
"http://www.press.sk:80/zbrane-a-technika/n,a,10,180","https://web.archive.org/web/20090630030350/http://www.press.sk:80/zbrane-a-technika/n,a,10,180",20090630030350,skip
"http://www.press.sk:80/zbrane-a-technika/n,a,10,180","https://web.archive.org/web/20100126022006/http://www.press.sk:80/zbrane-a-technika/n,a,10,180",20100126022006,skip
"http://www.press.sk:80/zbrane-a-technika/n,a,10,20","https://web.archive.org/web/20090630030356/http://www.press.sk:80/zbrane-a-technika/n,a,10,20",20090630030356,skip
"http://www.press.sk:80/zbrane-a-technika/n,a,10,20/","https://web.archive.org/web/20090701000829/http://www.press.sk:80/zbrane-a-technika/n,a,10,20/",20090701000829,skip
"http://www.press.sk:80/zbrane-a-technika/n,a,10,20","https://web.archive.org/web/20100109073625/http://www.press.sk:80/zbrane-a-technika/n,a,10,20",20100109073625,skip
"http://www.press.sk:80/zbrane-a-technika/n,a,10,30","https://web.archive.org/web/20090630030401/http://www.press.sk:80/zbrane-a-technika/n,a,10,30",20090630030401,skip
"http://www.press.sk:80/zbrane-a-technika/n,a,10,30/","https://web.archive.org/web/20090701000834/http://www.press.sk:80/zbrane-a-technika/n,a,10,30/",20090701000834,skip
"http://www.press.sk:80/zbrane-a-technika/n,a,10,30","https://web.archive.org/web/20100107154557/http://www.press.sk:80/zbrane-a-technika/n,a,10,30",20100107154557,skip
"http://www.press.sk:80/zbrane-a-technika/n,a,10,40","https://web.archive.org/web/20090630030406/http://www.press.sk:80/zbrane-a-technika/n,a,10,40",20090630030406,skip
"http://www.press.sk:80/zbrane-a-technika/n,a,10,40","https://web.archive.org/web/20091221055421/http://www.press.sk:80/zbrane-a-technika/n,a,10,40",20091221055421,skip
"http://www.press.sk:80/zbrane-a-technika/n,a,10,50","https://web.archive.org/web/20090630030411/http://www.press.sk:80/zbrane-a-technika/n,a,10,50",20090630030411,skip
"http://www.press.sk:80/zbrane-a-technika/n,a,10,50/","https://web.archive.org/web/20090701000839/http://www.press.sk:80/zbrane-a-technika/n,a,10,50/",20090701000839,skip
"http://www.press.sk:80/zbrane-a-technika/n,a,10,50","https://web.archive.org/web/20100119093150/http://www.press.sk:80/zbrane-a-technika/n,a,10,50",20100119093150,skip
"http://www.press.sk:80/zbrane-a-technika/n,a,10,60","https://web.archive.org/web/20090630030417/http://www.press.sk:80/zbrane-a-technika/n,a,10,60",20090630030417,skip
"http://www.press.sk:80/zbrane-a-technika/n,a,10,60/","https://web.archive.org/web/20090701000844/http://www.press.sk:80/zbrane-a-technika/n,a,10,60/",20090701000844,skip
"http://www.press.sk:80/zbrane-a-technika/n,a,10,70","https://web.archive.org/web/20090630030421/http://www.press.sk:80/zbrane-a-technika/n,a,10,70",20090630030421,skip
"http://www.press.sk:80/zbrane-a-technika/n,a,10,70/","https://web.archive.org/web/20090701000852/http://www.press.sk:80/zbrane-a-technika/n,a,10,70/",20090701000852,skip
"http://www.press.sk:80/zbrane-a-technika/n,a,10,70","https://web.archive.org/web/20100107161155/http://www.press.sk:80/zbrane-a-technika/n,a,10,70",20100107161155,skip
"http://www.press.sk:80/zbrane-a-technika/n,a,10,80","https://web.archive.org/web/20090630030426/http://www.press.sk:80/zbrane-a-technika/n,a,10,80",20090630030426,skip
"http://www.press.sk:80/zbrane-a-technika/n,a,10,80","https://web.archive.org/web/20100107172515/http://www.press.sk:80/zbrane-a-technika/n,a,10,80",20100107172515,skip
"http://www.press.sk:80/zbrane-a-technika/n,a,10,90","https://web.archive.org/web/20090630025704/http://www.press.sk:80/zbrane-a-technika/n,a,10,90",20090630025704,skip
"http://www.press.sk:80/zbrane-a-technika/n,a,10,90","https://web.archive.org/web/20091218095511/http://www.press.sk:80/zbrane-a-technika/n,a,10,90",20091218095511,skip
"http://www.press.sk:80/zbrane-a-technika/n,a,10,90","https://web.archive.org/web/20100124065940/http://www.press.sk:80/zbrane-a-technika/n,a,10,90",20100124065940,skip
"http://www.press.sk:80/zbrane-a-technika/n,a,100,0","https://web.archive.org/web/20091224231820/http://www.press.sk:80/zbrane-a-technika/n,a,100,0",20091224231820,skip
"http://www.press.sk:80/zbrane-a-technika/n,a,100,0","https://web.archive.org/web/20100127111753/http://www.press.sk:80/zbrane-a-technika/n,a,100,0",20100127111753,skip
"http://www.press.sk:80/zbrane-a-technika/n,a,100,100/","https://web.archive.org/web/20091226171540/http://www.press.sk:80/zbrane-a-technika/n,a,100,100/",20091226171540,skip
"http://www.press.sk:80/zbrane-a-technika/n,a,100,100/","https://web.archive.org/web/20100226144548/http://www.press.sk:80/zbrane-a-technika/n,a,100,100/",20100226144548,skip
"http://www.press.sk:80/zbrane-a-technika/n,a,100,100","https://web.archive.org/web/20101017075853/http://www.press.sk:80/zbrane-a-technika/n,a,100,100",20101017075853,skip
"http://www.press.sk:80/zbrane-a-technika/n,a,100,100","https://web.archive.org/web/20101118123228/http://www.press.sk:80/zbrane-a-technika/n,a,100,100",20101118123228,skip
"http://www.press.sk:80/zbrane-a-technika/n,a,100,200/","https://web.archive.org/web/20091226171541/http://www.press.sk:80/zbrane-a-technika/n,a,100,200/",20091226171541,skip
"http://www.press.sk:80/zbrane-a-technika/n,a,30,0/","https://web.archive.org/web/20090213203921/http://www.press.sk:80/zbrane-a-technika/n,a,30,0/",20090213203921,skip
"http://www.press.sk:80/zbrane-a-technika/n,a,30,0/","https://web.archive.org/web/20100210065624/http://www.press.sk:80/zbrane-a-technika/n,a,30,0/",20100210065624,skip
"http://www.press.sk:80/zbrane-a-technika/n,a,30,120/","https://web.archive.org/web/20090204225542/http://www.press.sk:80/zbrane-a-technika/n,a,30,120/",20090204225542,skip
"http://www.press.sk:80/zbrane-a-technika/n,a,30,120","https://web.archive.org/web/20090212174719/http://www.press.sk:80/zbrane-a-technika/n,a,30,120",20090212174719,skip
"http://www.press.sk:80/zbrane-a-technika/n,a,30,120","https://web.archive.org/web/20090315061738/http://www.press.sk:80/zbrane-a-technika/n,a,30,120",20090315061738,skip
"http://www.press.sk:80/zbrane-a-technika/n,a,30,120","https://web.archive.org/web/20090414213135/http://www.press.sk:80/zbrane-a-technika/n,a,30,120",20090414213135,skip
"http://www.press.sk:80/zbrane-a-technika/n,a,30,120","https://web.archive.org/web/20090520052131/http://www.press.sk:80/zbrane-a-technika/n,a,30,120",20090520052131,skip
"http://www.press.sk:80/zbrane-a-technika/n,a,30,120","https://web.archive.org/web/20100105121223/http://www.press.sk:80/zbrane-a-technika/n,a,30,120",20100105121223,skip
"http://www.press.sk:80/zbrane-a-technika/n,a,30,120/","https://web.archive.org/web/20100210120947/http://www.press.sk:80/zbrane-a-technika/n,a,30,120/",20100210120947,skip
"http://www.press.sk:80/zbrane-a-technika/n,a,30,120","https://web.archive.org/web/20110201023904/http://www.press.sk:80/zbrane-a-technika/n,a,30,120",20110201023904,skip
"http://www.press.sk:80/zbrane-a-technika/n,a,30,120","https://web.archive.org/web/20110305124932/http://www.press.sk:80/zbrane-a-technika/n,a,30,120",20110305124932,skip
"http://www.press.sk:80/zbrane-a-technika/n,a,30,150/","https://web.archive.org/web/20090204200632/http://www.press.sk:80/zbrane-a-technika/n,a,30,150/",20090204200632,skip
"http://www.press.sk:80/zbrane-a-technika/n,a,30,150","https://web.archive.org/web/20090212174724/http://www.press.sk:80/zbrane-a-technika/n,a,30,150",20090212174724,skip
"http://www.press.sk:80/zbrane-a-technika/n,a,30,150","https://web.archive.org/web/20090315062533/http://www.press.sk:80/zbrane-a-technika/n,a,30,150",20090315062533,skip
"http://www.press.sk:80/zbrane-a-technika/n,a,30,150","https://web.archive.org/web/20090414213140/http://www.press.sk:80/zbrane-a-technika/n,a,30,150",20090414213140,skip
"http://www.press.sk:80/zbrane-a-technika/n,a,30,150","https://web.archive.org/web/20090520060141/http://www.press.sk:80/zbrane-a-technika/n,a,30,150",20090520060141,skip
"http://www.press.sk:80/zbrane-a-technika/n,a,30,150","https://web.archive.org/web/20100107033110/http://www.press.sk:80/zbrane-a-technika/n,a,30,150",20100107033110,skip
"http://www.press.sk:80/zbrane-a-technika/n,a,30,150/","https://web.archive.org/web/20100210065031/http://www.press.sk:80/zbrane-a-technika/n,a,30,150/",20100210065031,skip
"http://www.press.sk:80/zbrane-a-technika/n,a,30,150","https://web.archive.org/web/20110201021159/http://www.press.sk:80/zbrane-a-technika/n,a,30,150",20110201021159,skip
"http://www.press.sk:80/zbrane-a-technika/n,a,30,150","https://web.archive.org/web/20110305132305/http://www.press.sk:80/zbrane-a-technika/n,a,30,150",20110305132305,skip
"http://www.press.sk:80/zbrane-a-technika/n,a,30,180","https://web.archive.org/web/20100208212228/http://www.press.sk:80/zbrane-a-technika/n,a,30,180",20100208212228,skip
"http://www.press.sk:80/zbrane-a-technika/n,a,30,180","https://web.archive.org/web/20110201024421/http://www.press.sk:80/zbrane-a-technika/n,a,30,180",20110201024421,skip
"http://www.press.sk:80/zbrane-a-technika/n,a,30,180","https://web.archive.org/web/20110305121253/http://www.press.sk:80/zbrane-a-technika/n,a,30,180",20110305121253,skip
"http://www.press.sk:80/zbrane-a-technika/n,a,30,30/","https://web.archive.org/web/20081109075337/http://www.press.sk:80/zbrane-a-technika/n,a,30,30/",20081109075337,skip
"http://www.press.sk:80/zbrane-a-technika/n,a,30,30/","https://web.archive.org/web/20090204104749/http://www.press.sk:80/zbrane-a-technika/n,a,30,30/",20090204104749,skip
"http://www.press.sk:80/zbrane-a-technika/n,a,30,30","https://web.archive.org/web/20090212174729/http://www.press.sk:80/zbrane-a-technika/n,a,30,30",20090212174729,skip
"http://www.press.sk:80/zbrane-a-technika/n,a,30,30","https://web.archive.org/web/20090315062817/http://www.press.sk:80/zbrane-a-technika/n,a,30,30",20090315062817,skip
"http://www.press.sk:80/zbrane-a-technika/n,a,30,30","https://web.archive.org/web/20090414213754/http://www.press.sk:80/zbrane-a-technika/n,a,30,30",20090414213754,skip
"http://www.press.sk:80/zbrane-a-technika/n,a,30,30","https://web.archive.org/web/20090520052156/http://www.press.sk:80/zbrane-a-technika/n,a,30,30",20090520052156,skip
"http://www.press.sk:80/zbrane-a-technika/n,a,30,30","https://web.archive.org/web/20100107040010/http://www.press.sk:80/zbrane-a-technika/n,a,30,30",20100107040010,skip
"http://www.press.sk:80/zbrane-a-technika/n,a,30,30/","https://web.archive.org/web/20100210113521/http://www.press.sk:80/zbrane-a-technika/n,a,30,30/",20100210113521,skip
"http://www.press.sk:80/zbrane-a-technika/n,a,30,30","https://web.archive.org/web/20110201024452/http://www.press.sk:80/zbrane-a-technika/n,a,30,30",20110201024452,skip
"http://www.press.sk:80/zbrane-a-technika/n,a,30,30","https://web.archive.org/web/20110305125009/http://www.press.sk:80/zbrane-a-technika/n,a,30,30",20110305125009,skip
"http://www.press.sk:80/zbrane-a-technika/n,a,30,60/","https://web.archive.org/web/20090204225609/http://www.press.sk:80/zbrane-a-technika/n,a,30,60/",20090204225609,skip
"http://www.press.sk:80/zbrane-a-technika/n,a,30,60","https://web.archive.org/web/20090212174734/http://www.press.sk:80/zbrane-a-technika/n,a,30,60",20090212174734,skip
"http://www.press.sk:80/zbrane-a-technika/n,a,30,60","https://web.archive.org/web/20090315061748/http://www.press.sk:80/zbrane-a-technika/n,a,30,60",20090315061748,skip
"http://www.press.sk:80/zbrane-a-technika/n,a,30,60","https://web.archive.org/web/20090414212029/http://www.press.sk:80/zbrane-a-technika/n,a,30,60",20090414212029,skip
"http://www.press.sk:80/zbrane-a-technika/n,a,30,60","https://web.archive.org/web/20090520053419/http://www.press.sk:80/zbrane-a-technika/n,a,30,60",20090520053419,skip
"http://www.press.sk:80/zbrane-a-technika/n,a,30,60","https://web.archive.org/web/20100122112334/http://www.press.sk:80/zbrane-a-technika/n,a,30,60",20100122112334,skip
"http://www.press.sk:80/zbrane-a-technika/n,a,30,60/","https://web.archive.org/web/20100310172241/http://www.press.sk:80/zbrane-a-technika/n,a,30,60/",20100310172241,skip
"http://www.press.sk:80/zbrane-a-technika/n,a,30,60","https://web.archive.org/web/20110201024619/http://www.press.sk:80/zbrane-a-technika/n,a,30,60",20110201024619,skip
"http://www.press.sk:80/zbrane-a-technika/n,a,30,60","https://web.archive.org/web/20110305121342/http://www.press.sk:80/zbrane-a-technika/n,a,30,60",20110305121342,skip
"http://www.press.sk:80/zbrane-a-technika/n,a,30,90/","https://web.archive.org/web/20090204225723/http://www.press.sk:80/zbrane-a-technika/n,a,30,90/",20090204225723,skip
"http://www.press.sk:80/zbrane-a-technika/n,a,30,90","https://web.archive.org/web/20090212174805/http://www.press.sk:80/zbrane-a-technika/n,a,30,90",20090212174805,skip
"http://www.press.sk:80/zbrane-a-technika/n,a,30,90","https://web.archive.org/web/20090315061343/http://www.press.sk:80/zbrane-a-technika/n,a,30,90",20090315061343,skip
"http://www.press.sk:80/zbrane-a-technika/n,a,30,90","https://web.archive.org/web/20090414213145/http://www.press.sk:80/zbrane-a-technika/n,a,30,90",20090414213145,skip
"http://www.press.sk:80/zbrane-a-technika/n,a,30,90","https://web.archive.org/web/20090520054802/http://www.press.sk:80/zbrane-a-technika/n,a,30,90",20090520054802,skip
"http://www.press.sk:80/zbrane-a-technika/n,a,30,90","https://web.archive.org/web/20091216060631/http://www.press.sk:80/zbrane-a-technika/n,a,30,90",20091216060631,skip
"http://www.press.sk:80/zbrane-a-technika/n,a,30,90/","https://web.archive.org/web/20100210121039/http://www.press.sk:80/zbrane-a-technika/n,a,30,90/",20100210121039,skip
"http://www.press.sk:80/zbrane-a-technika/n,a,30,90","https://web.archive.org/web/20110201021225/http://www.press.sk:80/zbrane-a-technika/n,a,30,90",20110201021225,skip
"http://www.press.sk:80/zbrane-a-technika/n,a,30,90","https://web.archive.org/web/20110305132745/http://www.press.sk:80/zbrane-a-technika/n,a,30,90",20110305132745,skip
http://www.press.sk:80/zbrane-a-technika/naboje-do-loveckych-kulovnic/,https://web.archive.org/web/20090701021537/http://www.press.sk:80/zbrane-a-technika/naboje-do-loveckych-kulovnic/,20090701021537,skip
http://www.press.sk:80/zbrane-a-technika/naboje-do-loveckych-kulovnic/,https://web.archive.org/web/20091226171546/http://www.press.sk:80/zbrane-a-technika/naboje-do-loveckych-kulovnic/,20091226171546,skip
http://www.press.sk:80/zbrane-a-technika/naboje-do-rucnych-zbrani/,https://web.archive.org/web/20090214002332/http://www.press.sk:80/zbrane-a-technika/naboje-do-rucnych-zbrani/,20090214002332,skip
http://www.press.sk:80/zbrane-a-technika/naboje-do-rucnych-zbrani/,https://web.archive.org/web/20090215005323/http://www.press.sk:80/zbrane-a-technika/naboje-do-rucnych-zbrani/,20090215005323,skip
http://www.press.sk:80/zbrane-a-technika/naboje-do-rucnych-zbrani/,https://web.archive.org/web/20090701021543/http://www.press.sk:80/zbrane-a-technika/naboje-do-rucnych-zbrani/,20090701021543,skip
http://www.press.sk:80/zbrane-a-technika/naboje-do-rucnych-zbrani/,https://web.archive.org/web/20091226171552/http://www.press.sk:80/zbrane-a-technika/naboje-do-rucnych-zbrani/,20091226171552,skip
http://www.press.sk:80/zbrane-a-technika/naboje-do-rucnych-zbrani/,https://web.archive.org/web/20110627143400/http://www.press.sk:80/zbrane-a-technika/naboje-do-rucnych-zbrani/,20110627143400,skip
http://www.press.sk:80/zbrane-a-technika/naboje-do-rucnych-zbrani/,https://web.archive.org/web/20110912033221/http://www.press.sk:80/zbrane-a-technika/naboje-do-rucnych-zbrani/,20110912033221,skip
http://www.press.sk:80/zbrane-a-technika/naboje-do-rucnych-zbrani/,https://web.archive.org/web/20130509002239/http://www.press.sk:80/zbrane-a-technika/naboje-do-rucnych-zbrani/,20130509002239,skip
http://www.press.sk/zbrane-a-technika/naboje-do-rucnych-zbrani/,https://web.archive.org/web/20130623010940/http://www.press.sk/zbrane-a-technika/naboje-do-rucnych-zbrani/,20130623010940,skip
http://www.press.sk:80/zbrane-a-technika/naboje-do-rucnych-zbrani/,https://web.archive.org/web/20150516184302/http://www.press.sk:80/zbrane-a-technika/naboje-do-rucnych-zbrani/,20150516184302,skip
http://www.press.sk:80/zbrane-a-technika/napoleonova-dela-1792-1815/,https://web.archive.org/web/20081218214249/http://www.press.sk:80/zbrane-a-technika/napoleonova-dela-1792-1815/,20081218214249,skip
http://www.press.sk:80/zbrane-a-technika/napoleonova-dela-1792-1815/,https://web.archive.org/web/20090218003721/http://www.press.sk:80/zbrane-a-technika/napoleonova-dela-1792-1815/,20090218003721,skip
http://www.press.sk:80/zbrane-a-technika/napoleonova-dela-1792-1815/,https://web.archive.org/web/20090701021554/http://www.press.sk:80/zbrane-a-technika/napoleonova-dela-1792-1815/,20090701021554,skip
http://www.press.sk:80/zbrane-a-technika/napoleonova-dela-1792-1815/,https://web.archive.org/web/20091226171557/http://www.press.sk:80/zbrane-a-technika/napoleonova-dela-1792-1815/,20091226171557,skip
http://www.press.sk:80/zbrane-a-technika/napoleonova-dela-1792-1815/,https://web.archive.org/web/20130509002244/http://www.press.sk:80/zbrane-a-technika/napoleonova-dela-1792-1815/,20130509002244,skip
http://www.press.sk:80/zbrane-a-technika/napoleonova-dela-1792-1815/,https://web.archive.org/web/20150516183541/http://www.press.sk:80/zbrane-a-technika/napoleonova-dela-1792-1815/,20150516183541,skip
http://www.press.sk:80/zbrane-a-technika/nastroje-muceni/,https://web.archive.org/web/20081217032316/http://www.press.sk:80/zbrane-a-technika/nastroje-muceni/,20081217032316,skip
http://www.press.sk:80/zbrane-a-technika/nastroje-muceni/,https://web.archive.org/web/20090116094837/http://www.press.sk:80/zbrane-a-technika/nastroje-muceni/,20090116094837,skip
http://www.press.sk:80/zbrane-a-technika/nastroje-muceni/,https://web.archive.org/web/20090216042734/http://www.press.sk:80/zbrane-a-technika/nastroje-muceni/,20090216042734,skip
http://www.press.sk:80/zbrane-a-technika/nastroje-muceni/,https://web.archive.org/web/20090318162813/http://www.press.sk:80/zbrane-a-technika/nastroje-muceni/,20090318162813,skip
http://www.press.sk:80/zbrane-a-technika/nastroje-muceni/,https://web.archive.org/web/20090418134209/http://www.press.sk:80/zbrane-a-technika/nastroje-muceni/,20090418134209,skip
http://www.press.sk:80/zbrane-a-technika/nastroje-muceni/,https://web.archive.org/web/20090522050246/http://www.press.sk:80/zbrane-a-technika/nastroje-muceni/,20090522050246,skip
http://www.press.sk:80/zbrane-a-technika/nastroje-muceni,https://web.archive.org/web/20100105092649/http://www.press.sk:80/zbrane-a-technika/nastroje-muceni,20100105092649,skip
http://www.press.sk:80/zbrane-a-technika/nato-trucks-and-vehicles-in-detail/,https://web.archive.org/web/20130509052307/http://www.press.sk:80/zbrane-a-technika/nato-trucks-and-vehicles-in-detail/,20130509052307,skip
http://www.press.sk:80/zbrane-a-technika/nato-trucks-and-vehicles-in-detail/,https://web.archive.org/web/20150822120218/http://www.press.sk:80/zbrane-a-technika/nato-trucks-and-vehicles-in-detail/,20150822120218,skip
http://www.press.sk:80/zbrane-a-technika/nemecka-vojenska-vozidla-druhe-svetove-valky/,https://web.archive.org/web/20150822114151/http://www.press.sk:80/zbrane-a-technika/nemecka-vojenska-vozidla-druhe-svetove-valky/,20150822114151,skip
http://www.press.sk:80/zbrane-a-technika/nemecke-kanony-a-mozdire/,https://web.archive.org/web/20130509002249/http://www.press.sk:80/zbrane-a-technika/nemecke-kanony-a-mozdire/,20130509002249,skip
http://www.press.sk:80/zbrane-a-technika/nemecke-kanony-a-mozdire/,https://web.archive.org/web/20150822115117/http://www.press.sk:80/zbrane-a-technika/nemecke-kanony-a-mozdire/,20150822115117,skip
https://www.press.sk/zbrane-a-technika/nemecke-kanony-a-mozdire/?utm_source=newsletter&utm_campaign=Jun_2011&utm_medium=archive,https://web.archive.org/web/20190820231233/https://www.press.sk/zbrane-a-technika/nemecke-kanony-a-mozdire/?utm_source=newsletter&utm_campaign=Jun_2011&utm_medium=archive,20190820231233,skip
http://www.press.sk:80/zbrane-a-technika/nemecke-obrnene-vlaky/,https://web.archive.org/web/20130509002254/http://www.press.sk:80/zbrane-a-technika/nemecke-obrnene-vlaky/,20130509002254,skip
http://www.press.sk:80/zbrane-a-technika/nemecke-obrnene-vlaky/,https://web.archive.org/web/20150822114616/http://www.press.sk:80/zbrane-a-technika/nemecke-obrnene-vlaky/,20150822114616,skip
http://www.press.sk:80/zbrane-a-technika/nemecke-rucni-zbrane-2.-svetove-valky/,https://web.archive.org/web/20130509002259/http://www.press.sk:80/zbrane-a-technika/nemecke-rucni-zbrane-2.-svetove-valky/,20130509002259,skip
http://www.press.sk:80/zbrane-a-technika/nemecke-rucni-zbrane-2.-svetove-valky/,https://web.archive.org/web/20150822115123/http://www.press.sk:80/zbrane-a-technika/nemecke-rucni-zbrane-2.-svetove-valky/,20150822115123,skip
http://www.press.sk:80/zbrane-a-technika/nemecke-utocne-pusky/,https://web.archive.org/web/20150822114156/http://www.press.sk:80/zbrane-a-technika/nemecke-utocne-pusky/,20150822114156,skip
https://www.press.sk/zbrane-a-technika/nemecke-utocne-pusky/,https://web.archive.org/web/20190826064838/https://www.press.sk/zbrane-a-technika/nemecke-utocne-pusky/,20190826064838,skip
http://www.press.sk:80/zbrane-a-technika/noze-a-noziri-v-ceskoslovensku/,https://web.archive.org/web/20130509052313/http://www.press.sk:80/zbrane-a-technika/noze-a-noziri-v-ceskoslovensku/,20130509052313,skip
http://www.press.sk:80/zbrane-a-technika/noze-a-noziri-v-ceskoslovensku/,https://web.archive.org/web/20150822114201/http://www.press.sk:80/zbrane-a-technika/noze-a-noziri-v-ceskoslovensku/,20150822114201,skip
http://www.press.sk:80/zbrane-a-technika/ntc-fort-irwin-in-detail-the-national-training-center-at-fort-ir/,https://web.archive.org/web/20090214002342/http://www.press.sk:80/zbrane-a-technika/ntc-fort-irwin-in-detail-the-national-training-center-at-fort-ir/,20090214002342,skip
http://www.press.sk:80/zbrane-a-technika/ntc-fort-irwin-in-detail-the-national-training-center-at-fort-ir/,https://web.archive.org/web/20090215005333/http://www.press.sk:80/zbrane-a-technika/ntc-fort-irwin-in-detail-the-national-training-center-at-fort-ir/,20090215005333,skip
http://www.press.sk:80/zbrane-a-technika/ntc-fort-irwin-in-detail-the-national-training-center-at-fort-ir/,https://web.archive.org/web/20090701021605/http://www.press.sk:80/zbrane-a-technika/ntc-fort-irwin-in-detail-the-national-training-center-at-fort-ir/,20090701021605,skip
http://www.press.sk:80/zbrane-a-technika/ntc-fort-irwin-in-detail-the-national-training-center-at-fort-ir/,https://web.archive.org/web/20091226171607/http://www.press.sk:80/zbrane-a-technika/ntc-fort-irwin-in-detail-the-national-training-center-at-fort-ir/,20091226171607,skip
http://www.press.sk:80/zbrane-a-technika/ntc-fort-irwin-in-detail-the-national-training-center-at-fort-ir/,https://web.archive.org/web/20130509002304/http://www.press.sk:80/zbrane-a-technika/ntc-fort-irwin-in-detail-the-national-training-center-at-fort-ir/,20130509002304,skip
http://www.press.sk:80/zbrane-a-technika/ntc-fort-irwin-in-detail-the-national-training-center-at-fort-ir/,https://web.archive.org/web/20150516182242/http://www.press.sk:80/zbrane-a-technika/ntc-fort-irwin-in-detail-the-national-training-center-at-fort-ir/,20150516182242,skip
"http://www.press.sk:80/zbrane-a-technika/o,a,100,100","https://web.archive.org/web/20160901195306/http://www.press.sk:80/zbrane-a-technika/o,a,100,100",20160901195306,skip
"http://www.press.sk:80/zbrane-a-technika/o,a,100,100","https://web.archive.org/web/20160903005849/http://www.press.sk:80/zbrane-a-technika/o,a,100,100",20160903005849,skip
"http://www.press.sk:80/zbrane-a-technika/o,a,100,100","https://web.archive.org/web/20161003205645/http://www.press.sk:80/zbrane-a-technika/o,a,100,100",20161003205645,skip
"http://www.press.sk:80/zbrane-a-technika/o,a,100,100","https://web.archive.org/web/20161005003302/http://www.press.sk:80/zbrane-a-technika/o,a,100,100",20161005003302,skip
"http://www.press.sk:80/zbrane-a-technika/o,a,100,100","https://web.archive.org/web/20161105145806/http://www.press.sk:80/zbrane-a-technika/o,a,100,100",20161105145806,skip
"http://www.press.sk:80/zbrane-a-technika/o,a,100,200","https://web.archive.org/web/20160901195311/http://www.press.sk:80/zbrane-a-technika/o,a,100,200",20160901195311,skip
"http://www.press.sk:80/zbrane-a-technika/o,a,100,200","https://web.archive.org/web/20160903005854/http://www.press.sk:80/zbrane-a-technika/o,a,100,200",20160903005854,skip
"http://www.press.sk:80/zbrane-a-technika/o,a,100,200","https://web.archive.org/web/20161003210053/http://www.press.sk:80/zbrane-a-technika/o,a,100,200",20161003210053,skip
"http://www.press.sk:80/zbrane-a-technika/o,a,100,200","https://web.archive.org/web/20161005002831/http://www.press.sk:80/zbrane-a-technika/o,a,100,200",20161005002831,skip
"http://www.press.sk:80/zbrane-a-technika/o,a,100,200","https://web.archive.org/web/20161105144725/http://www.press.sk:80/zbrane-a-technika/o,a,100,200",20161105144725,skip
"http://www.press.sk:80/zbrane-a-technika/o,a,100,300","https://web.archive.org/web/20160901195316/http://www.press.sk:80/zbrane-a-technika/o,a,100,300",20160901195316,skip
"http://www.press.sk:80/zbrane-a-technika/o,a,100,300","https://web.archive.org/web/20160903005859/http://www.press.sk:80/zbrane-a-technika/o,a,100,300",20160903005859,skip
"http://www.press.sk:80/zbrane-a-technika/o,a,100,300","https://web.archive.org/web/20161003205141/http://www.press.sk:80/zbrane-a-technika/o,a,100,300",20161003205141,skip
"http://www.press.sk:80/zbrane-a-technika/o,a,100,300","https://web.archive.org/web/20161005003418/http://www.press.sk:80/zbrane-a-technika/o,a,100,300",20161005003418,skip
"http://www.press.sk:80/zbrane-a-technika/o,a,100,300","https://web.archive.org/web/20161105144731/http://www.press.sk:80/zbrane-a-technika/o,a,100,300",20161105144731,skip
"http://www.press.sk:80/zbrane-a-technika/o,a,100,400","https://web.archive.org/web/20160901195319/http://www.press.sk:80/zbrane-a-technika/o,a,100,400",20160901195319,skip
"http://www.press.sk:80/zbrane-a-technika/o,a,100,400","https://web.archive.org/web/20160903005903/http://www.press.sk:80/zbrane-a-technika/o,a,100,400",20160903005903,skip
"http://www.press.sk:80/zbrane-a-technika/o,a,100,400","https://web.archive.org/web/20161003205922/http://www.press.sk:80/zbrane-a-technika/o,a,100,400",20161003205922,skip
"http://www.press.sk:80/zbrane-a-technika/o,a,100,400","https://web.archive.org/web/20161005003644/http://www.press.sk:80/zbrane-a-technika/o,a,100,400",20161005003644,skip
"http://www.press.sk:80/zbrane-a-technika/o,a,100,400","https://web.archive.org/web/20161105150236/http://www.press.sk:80/zbrane-a-technika/o,a,100,400",20161105150236,skip
"http://www.press.sk:80/zbrane-a-technika/o,a,30,0/","https://web.archive.org/web/20130510202319/http://www.press.sk:80/zbrane-a-technika/o,a,30,0/",20130510202319,skip
"http://www.press.sk:80/zbrane-a-technika/o,a,30,0/","https://web.archive.org/web/20150515034834/http://www.press.sk:80/zbrane-a-technika/o,a,30,0/",20150515034834,skip
"http://www.press.sk:80/zbrane-a-technika/o,a,30,0/","https://web.archive.org/web/20150822002107/http://www.press.sk:80/zbrane-a-technika/o,a,30,0/",20150822002107,skip
"http://www.press.sk:80/zbrane-a-technika/o,a,30,120","https://web.archive.org/web/20130507101135/http://www.press.sk:80/zbrane-a-technika/o,a,30,120",20130507101135,skip
"http://www.press.sk:80/zbrane-a-technika/o,a,30,120/","https://web.archive.org/web/20130511121519/http://www.press.sk:80/zbrane-a-technika/o,a,30,120/",20130511121519,skip
"http://www.press.sk/zbrane-a-technika/o,a,30,120/","https://web.archive.org/web/20130623031229/http://www.press.sk/zbrane-a-technika/o,a,30,120/",20130623031229,skip
"http://www.press.sk:80/zbrane-a-technika/o,a,30,120/","https://web.archive.org/web/20150515034905/http://www.press.sk:80/zbrane-a-technika/o,a,30,120/",20150515034905,skip
"http://www.press.sk:80/zbrane-a-technika/o,a,30,120","https://web.archive.org/web/20150820235238/http://www.press.sk:80/zbrane-a-technika/o,a,30,120",20150820235238,skip
"http://www.press.sk:80/zbrane-a-technika/o,a,30,120/","https://web.archive.org/web/20150822045231/http://www.press.sk:80/zbrane-a-technika/o,a,30,120/",20150822045231,skip
"http://www.press.sk:80/zbrane-a-technika/o,a,30,120","https://web.archive.org/web/20150921091418/http://www.press.sk:80/zbrane-a-technika/o,a,30,120",20150921091418,skip
"http://www.press.sk:80/zbrane-a-technika/o,a,30,120","https://web.archive.org/web/20160402181227/http://www.press.sk:80/zbrane-a-technika/o,a,30,120",20160402181227,skip
"http://www.press.sk:80/zbrane-a-technika/o,a,30,120","https://web.archive.org/web/20160513101113/http://www.press.sk:80/zbrane-a-technika/o,a,30,120",20160513101113,skip
"http://www.press.sk:80/zbrane-a-technika/o,a,30,150","https://web.archive.org/web/20130507094550/http://www.press.sk:80/zbrane-a-technika/o,a,30,150",20130507094550,skip
"http://www.press.sk:80/zbrane-a-technika/o,a,30,150/","https://web.archive.org/web/20130510202324/http://www.press.sk:80/zbrane-a-technika/o,a,30,150/",20130510202324,skip
"http://www.press.sk:80/zbrane-a-technika/o,a,30,150","https://web.archive.org/web/20150820235243/http://www.press.sk:80/zbrane-a-technika/o,a,30,150",20150820235243,skip
"http://www.press.sk:80/zbrane-a-technika/o,a,30,150/","https://web.archive.org/web/20150822030440/http://www.press.sk:80/zbrane-a-technika/o,a,30,150/",20150822030440,skip
"http://www.press.sk:80/zbrane-a-technika/o,a,30,150","https://web.archive.org/web/20150921090914/http://www.press.sk:80/zbrane-a-technika/o,a,30,150",20150921090914,skip
"http://www.press.sk:80/zbrane-a-technika/o,a,30,150","https://web.archive.org/web/20160330104931/http://www.press.sk:80/zbrane-a-technika/o,a,30,150",20160330104931,skip
"http://www.press.sk:80/zbrane-a-technika/o,a,30,150","https://web.archive.org/web/20160511052559/http://www.press.sk:80/zbrane-a-technika/o,a,30,150",20160511052559,skip
"http://www.press.sk:80/zbrane-a-technika/o,a,30,180","https://web.archive.org/web/20130507101139/http://www.press.sk:80/zbrane-a-technika/o,a,30,180",20130507101139,skip
"http://www.press.sk:80/zbrane-a-technika/o,a,30,180/","https://web.archive.org/web/20130511121525/http://www.press.sk:80/zbrane-a-technika/o,a,30,180/",20130511121525,skip
"http://www.press.sk:80/zbrane-a-technika/o,a,30,180","https://web.archive.org/web/20150820235248/http://www.press.sk:80/zbrane-a-technika/o,a,30,180",20150820235248,skip
"http://www.press.sk:80/zbrane-a-technika/o,a,30,180/","https://web.archive.org/web/20150822030445/http://www.press.sk:80/zbrane-a-technika/o,a,30,180/",20150822030445,skip
"http://www.press.sk:80/zbrane-a-technika/o,a,30,180","https://web.archive.org/web/20150921091422/http://www.press.sk:80/zbrane-a-technika/o,a,30,180",20150921091422,skip
"http://www.press.sk:80/zbrane-a-technika/o,a,30,180","https://web.archive.org/web/20160403011735/http://www.press.sk:80/zbrane-a-technika/o,a,30,180",20160403011735,skip
"http://www.press.sk:80/zbrane-a-technika/o,a,30,180","https://web.archive.org/web/20160404020308/http://www.press.sk:80/zbrane-a-technika/o,a,30,180",20160404020308,skip
"http://www.press.sk:80/zbrane-a-technika/o,a,30,180","https://web.archive.org/web/20160513084438/http://www.press.sk:80/zbrane-a-technika/o,a,30,180",20160513084438,skip
"http://www.press.sk:80/zbrane-a-technika/o,a,30,210","https://web.archive.org/web/20130507105638/http://www.press.sk:80/zbrane-a-technika/o,a,30,210",20130507105638,skip
"http://www.press.sk:80/zbrane-a-technika/o,a,30,210/","https://web.archive.org/web/20130510202330/http://www.press.sk:80/zbrane-a-technika/o,a,30,210/",20130510202330,skip
"http://www.press.sk:80/zbrane-a-technika/o,a,30,210","https://web.archive.org/web/20150820235253/http://www.press.sk:80/zbrane-a-technika/o,a,30,210",20150820235253,skip
"http://www.press.sk:80/zbrane-a-technika/o,a,30,210/","https://web.archive.org/web/20150822005357/http://www.press.sk:80/zbrane-a-technika/o,a,30,210/",20150822005357,skip
"http://www.press.sk:80/zbrane-a-technika/o,a,30,210","https://web.archive.org/web/20150921091429/http://www.press.sk:80/zbrane-a-technika/o,a,30,210",20150921091429,skip
"http://www.press.sk:80/zbrane-a-technika/o,a,30,210","https://web.archive.org/web/20160403114043/http://www.press.sk:80/zbrane-a-technika/o,a,30,210",20160403114043,skip
"http://www.press.sk:80/zbrane-a-technika/o,a,30,210","https://web.archive.org/web/20160404145951/http://www.press.sk:80/zbrane-a-technika/o,a,30,210",20160404145951,skip
"http://www.press.sk:80/zbrane-a-technika/o,a,30,210","https://web.archive.org/web/20160507080809/http://www.press.sk:80/zbrane-a-technika/o,a,30,210",20160507080809,skip
"http://www.press.sk:80/zbrane-a-technika/o,a,30,240","https://web.archive.org/web/20130507101146/http://www.press.sk:80/zbrane-a-technika/o,a,30,240",20130507101146,skip
"http://www.press.sk:80/zbrane-a-technika/o,a,30,240/","https://web.archive.org/web/20130510202337/http://www.press.sk:80/zbrane-a-technika/o,a,30,240/",20130510202337,skip
"http://www.press.sk/zbrane-a-technika/o,a,30,240/","https://web.archive.org/web/20130623031510/http://www.press.sk/zbrane-a-technika/o,a,30,240/",20130623031510,skip
"http://www.press.sk:80/zbrane-a-technika/o,a,30,240","https://web.archive.org/web/20150820235302/http://www.press.sk:80/zbrane-a-technika/o,a,30,240",20150820235302,skip
"http://www.press.sk:80/zbrane-a-technika/o,a,30,240/","https://web.archive.org/web/20150822030453/http://www.press.sk:80/zbrane-a-technika/o,a,30,240/",20150822030453,skip
"http://www.press.sk:80/zbrane-a-technika/o,a,30,240","https://web.archive.org/web/20150921091433/http://www.press.sk:80/zbrane-a-technika/o,a,30,240",20150921091433,skip
"http://www.press.sk:80/zbrane-a-technika/o,a,30,240","https://web.archive.org/web/20160402202315/http://www.press.sk:80/zbrane-a-technika/o,a,30,240",20160402202315,skip
"http://www.press.sk:80/zbrane-a-technika/o,a,30,240","https://web.archive.org/web/20160514165124/http://www.press.sk:80/zbrane-a-technika/o,a,30,240",20160514165124,skip
"http://www.press.sk:80/zbrane-a-technika/o,a,30,270","https://web.archive.org/web/20130507105642/http://www.press.sk:80/zbrane-a-technika/o,a,30,270",20130507105642,skip
"http://www.press.sk:80/zbrane-a-technika/o,a,30,270/","https://web.archive.org/web/20130510202428/http://www.press.sk:80/zbrane-a-technika/o,a,30,270/",20130510202428,skip
"http://www.press.sk/zbrane-a-technika/o,a,30,270/","https://web.archive.org/web/20130623032154/http://www.press.sk/zbrane-a-technika/o,a,30,270/",20130623032154,skip
"http://www.press.sk:80/zbrane-a-technika/o,a,30,270","https://web.archive.org/web/20150820235311/http://www.press.sk:80/zbrane-a-technika/o,a,30,270",20150820235311,skip
"http://www.press.sk:80/zbrane-a-technika/o,a,30,270/","https://web.archive.org/web/20150822030507/http://www.press.sk:80/zbrane-a-technika/o,a,30,270/",20150822030507,skip
"http://www.press.sk:80/zbrane-a-technika/o,a,30,270","https://web.archive.org/web/20150921091439/http://www.press.sk:80/zbrane-a-technika/o,a,30,270",20150921091439,skip
"http://www.press.sk:80/zbrane-a-technika/o,a,30,270","https://web.archive.org/web/20160401151715/http://www.press.sk:80/zbrane-a-technika/o,a,30,270",20160401151715,skip
"http://www.press.sk:80/zbrane-a-technika/o,a,30,270","https://web.archive.org/web/20160402160219/http://www.press.sk:80/zbrane-a-technika/o,a,30,270",20160402160219,skip
"http://www.press.sk:80/zbrane-a-technika/o,a,30,270","https://web.archive.org/web/20160514175859/http://www.press.sk:80/zbrane-a-technika/o,a,30,270",20160514175859,skip
"http://www.press.sk:80/zbrane-a-technika/o,a,30,30","https://web.archive.org/web/20130507105648/http://www.press.sk:80/zbrane-a-technika/o,a,30,30",20130507105648,skip
"http://www.press.sk:80/zbrane-a-technika/o,a,30,30/","https://web.archive.org/web/20130511121548/http://www.press.sk:80/zbrane-a-technika/o,a,30,30/",20130511121548,skip
"http://www.press.sk/zbrane-a-technika/o,a,30,30/","https://web.archive.org/web/20130623020750/http://www.press.sk/zbrane-a-technika/o,a,30,30/",20130623020750,skip
"http://www.press.sk:80/zbrane-a-technika/o,a,30,30","https://web.archive.org/web/20150513231903/http://www.press.sk:80/zbrane-a-technika/o,a,30,30",20150513231903,skip
"http://www.press.sk:80/zbrane-a-technika/o,a,30,30/","https://web.archive.org/web/20150514170356/http://www.press.sk:80/zbrane-a-technika/o,a,30,30/",20150514170356,skip
"http://www.press.sk:80/zbrane-a-technika/o,a,30,30","https://web.archive.org/web/20150613082456/http://www.press.sk:80/zbrane-a-technika/o,a,30,30",20150613082456,skip
"http://www.press.sk:80/zbrane-a-technika/o,a,30,30","https://web.archive.org/web/20150713205432/http://www.press.sk:80/zbrane-a-technika/o,a,30,30",20150713205432,skip
"http://www.press.sk:80/zbrane-a-technika/o,a,30,30","https://web.archive.org/web/20150817083226/http://www.press.sk:80/zbrane-a-technika/o,a,30,30",20150817083226,skip
"http://www.press.sk:80/zbrane-a-technika/o,a,30,30/","https://web.archive.org/web/20150822005420/http://www.press.sk:80/zbrane-a-technika/o,a,30,30/",20150822005420,skip
"http://www.press.sk:80/zbrane-a-technika/o,a,30,30","https://web.archive.org/web/20150917051832/http://www.press.sk:80/zbrane-a-technika/o,a,30,30",20150917051832,skip
"http://www.press.sk:80/zbrane-a-technika/o,a,30,30","https://web.archive.org/web/20160404020950/http://www.press.sk:80/zbrane-a-technika/o,a,30,30",20160404020950,skip
"http://www.press.sk:80/zbrane-a-technika/o,a,30,30","https://web.archive.org/web/20160511040502/http://www.press.sk:80/zbrane-a-technika/o,a,30,30",20160511040502,skip
"http://www.press.sk:80/zbrane-a-technika/o,a,30,300/","https://web.archive.org/web/20150514224937/http://www.press.sk:80/zbrane-a-technika/o,a,30,300/",20150514224937,skip
"http://www.press.sk:80/zbrane-a-technika/o,a,30,300","https://web.archive.org/web/20150820235314/http://www.press.sk:80/zbrane-a-technika/o,a,30,300",20150820235314,skip
"http://www.press.sk:80/zbrane-a-technika/o,a,30,300/","https://web.archive.org/web/20150822005708/http://www.press.sk:80/zbrane-a-technika/o,a,30,300/",20150822005708,skip
"http://www.press.sk:80/zbrane-a-technika/o,a,30,300","https://web.archive.org/web/20150921091443/http://www.press.sk:80/zbrane-a-technika/o,a,30,300",20150921091443,skip
"http://www.press.sk:80/zbrane-a-technika/o,a,30,300","https://web.archive.org/web/20151204105352/http://www.press.sk:80/zbrane-a-technika/o,a,30,300",20151204105352,skip
"http://www.press.sk:80/zbrane-a-technika/o,a,30,300","https://web.archive.org/web/20160104191328/http://www.press.sk:80/zbrane-a-technika/o,a,30,300",20160104191328,skip
"http://www.press.sk:80/zbrane-a-technika/o,a,30,300","https://web.archive.org/web/20160403124047/http://www.press.sk:80/zbrane-a-technika/o,a,30,300",20160403124047,skip
"http://www.press.sk:80/zbrane-a-technika/o,a,30,300","https://web.archive.org/web/20160404140212/http://www.press.sk:80/zbrane-a-technika/o,a,30,300",20160404140212,skip
"http://www.press.sk:80/zbrane-a-technika/o,a,30,300","https://web.archive.org/web/20160513064242/http://www.press.sk:80/zbrane-a-technika/o,a,30,300",20160513064242,skip
"http://www.press.sk:80/zbrane-a-technika/o,a,30,330/","https://web.archive.org/web/20150514170403/http://www.press.sk:80/zbrane-a-technika/o,a,30,330/",20150514170403,skip
"http://www.press.sk:80/zbrane-a-technika/o,a,30,330","https://web.archive.org/web/20150820235341/http://www.press.sk:80/zbrane-a-technika/o,a,30,330",20150820235341,skip
"http://www.press.sk:80/zbrane-a-technika/o,a,30,330/","https://web.archive.org/web/20150822002112/http://www.press.sk:80/zbrane-a-technika/o,a,30,330/",20150822002112,skip
"http://www.press.sk:80/zbrane-a-technika/o,a,30,330","https://web.archive.org/web/20150921090939/http://www.press.sk:80/zbrane-a-technika/o,a,30,330",20150921090939,skip
"http://www.press.sk:80/zbrane-a-technika/o,a,30,330","https://web.archive.org/web/20160330115122/http://www.press.sk:80/zbrane-a-technika/o,a,30,330",20160330115122,skip
"http://www.press.sk:80/zbrane-a-technika/o,a,30,330","https://web.archive.org/web/20160512125027/http://www.press.sk:80/zbrane-a-technika/o,a,30,330",20160512125027,skip
"http://www.press.sk:80/zbrane-a-technika/o,a,30,60","https://web.archive.org/web/20130507101152/http://www.press.sk:80/zbrane-a-technika/o,a,30,60",20130507101152,skip
"http://www.press.sk:80/zbrane-a-technika/o,a,30,60/","https://web.archive.org/web/20130509233243/http://www.press.sk:80/zbrane-a-technika/o,a,30,60/",20130509233243,skip
"http://www.press.sk/zbrane-a-technika/o,a,30,60/","https://web.archive.org/web/20130623015246/http://www.press.sk/zbrane-a-technika/o,a,30,60/",20130623015246,skip
"http://www.press.sk:80/zbrane-a-technika/o,a,30,60","https://web.archive.org/web/20150513215749/http://www.press.sk:80/zbrane-a-technika/o,a,30,60",20150513215749,skip
"http://www.press.sk:80/zbrane-a-technika/o,a,30,60/","https://web.archive.org/web/20150514224941/http://www.press.sk:80/zbrane-a-technika/o,a,30,60/",20150514224941,skip
"http://www.press.sk:80/zbrane-a-technika/o,a,30,60","https://web.archive.org/web/20150613082501/http://www.press.sk:80/zbrane-a-technika/o,a,30,60",20150613082501,skip
"http://www.press.sk:80/zbrane-a-technika/o,a,30,60","https://web.archive.org/web/20150713210757/http://www.press.sk:80/zbrane-a-technika/o,a,30,60",20150713210757,skip
"http://www.press.sk:80/zbrane-a-technika/o,a,30,60","https://web.archive.org/web/20150817072209/http://www.press.sk:80/zbrane-a-technika/o,a,30,60",20150817072209,skip
"http://www.press.sk:80/zbrane-a-technika/o,a,30,60/","https://web.archive.org/web/20150823064636/http://www.press.sk:80/zbrane-a-technika/o,a,30,60/",20150823064636,skip
"http://www.press.sk:80/zbrane-a-technika/o,a,30,60","https://web.archive.org/web/20150917042332/http://www.press.sk:80/zbrane-a-technika/o,a,30,60",20150917042332,skip
"http://www.press.sk:80/zbrane-a-technika/o,a,30,60","https://web.archive.org/web/20160401145848/http://www.press.sk:80/zbrane-a-technika/o,a,30,60",20160401145848,skip
"http://www.press.sk:80/zbrane-a-technika/o,a,30,60","https://web.archive.org/web/20160402191942/http://www.press.sk:80/zbrane-a-technika/o,a,30,60",20160402191942,skip
"http://www.press.sk:80/zbrane-a-technika/o,a,30,60","https://web.archive.org/web/20160511054705/http://www.press.sk:80/zbrane-a-technika/o,a,30,60",20160511054705,skip
"http://www.press.sk:80/zbrane-a-technika/o,a,30,90","https://web.archive.org/web/20130507101216/http://www.press.sk:80/zbrane-a-technika/o,a,30,90",20130507101216,skip
"http://www.press.sk:80/zbrane-a-technika/o,a,30,90/","https://web.archive.org/web/20130510202446/http://www.press.sk:80/zbrane-a-technika/o,a,30,90/",20130510202446,skip
"http://www.press.sk/zbrane-a-technika/o,a,30,90/","https://web.archive.org/web/20130623030415/http://www.press.sk/zbrane-a-technika/o,a,30,90/",20130623030415,skip
"http://www.press.sk:80/zbrane-a-technika/o,a,30,90","https://web.archive.org/web/20150514023920/http://www.press.sk:80/zbrane-a-technika/o,a,30,90",20150514023920,skip
"http://www.press.sk:80/zbrane-a-technika/o,a,30,90/","https://web.archive.org/web/20150514170428/http://www.press.sk:80/zbrane-a-technika/o,a,30,90/",20150514170428,skip
"http://www.press.sk:80/zbrane-a-technika/o,a,30,90","https://web.archive.org/web/20150614063340/http://www.press.sk:80/zbrane-a-technika/o,a,30,90",20150614063340,skip
"http://www.press.sk:80/zbrane-a-technika/o,a,30,90","https://web.archive.org/web/20150715030702/http://www.press.sk:80/zbrane-a-technika/o,a,30,90",20150715030702,skip
"http://www.press.sk:80/zbrane-a-technika/o,a,30,90","https://web.archive.org/web/20150817073049/http://www.press.sk:80/zbrane-a-technika/o,a,30,90",20150817073049,skip
"http://www.press.sk:80/zbrane-a-technika/o,a,30,90/","https://web.archive.org/web/20150822045236/http://www.press.sk:80/zbrane-a-technika/o,a,30,90/",20150822045236,skip
"http://www.press.sk:80/zbrane-a-technika/o,a,30,90","https://web.archive.org/web/20150917094117/http://www.press.sk:80/zbrane-a-technika/o,a,30,90",20150917094117,skip
"http://www.press.sk:80/zbrane-a-technika/o,a,30,90","https://web.archive.org/web/20160331213454/http://www.press.sk:80/zbrane-a-technika/o,a,30,90",20160331213454,skip
"http://www.press.sk:80/zbrane-a-technika/o,a,30,90","https://web.archive.org/web/20160508041058/http://www.press.sk:80/zbrane-a-technika/o,a,30,90",20160508041058,skip
http://www.press.sk:80/zbrane-a-technika/o-nozich-nejen-loveckych/,https://web.archive.org/web/20130508230221/http://www.press.sk:80/zbrane-a-technika/o-nozich-nejen-loveckych/,20130508230221,skip
http://www.press.sk:80/zbrane-a-technika/o-nozich-nejen-loveckych/,https://web.archive.org/web/20150822114617/http://www.press.sk:80/zbrane-a-technika/o-nozich-nejen-loveckych/,20150822114617,skip
http://www.press.sk:80/zbrane-a-technika/obrnena-bojova-vozidla-1945-dodnes/,https://web.archive.org/web/20110912081422/http://www.press.sk:80/zbrane-a-technika/obrnena-bojova-vozidla-1945-dodnes/,20110912081422,skip
http://www.press.sk:80/zbrane-a-technika/obrnena-bojova-vozidla-1945-dodnes/,https://web.archive.org/web/20130508230226/http://www.press.sk:80/zbrane-a-technika/obrnena-bojova-vozidla-1945-dodnes/,20130508230226,skip
http://www.press.sk:80/zbrane-a-technika/obrnena-bojova-vozidla-1945-dodnes/,https://web.archive.org/web/20150822114206/http://www.press.sk:80/zbrane-a-technika/obrnena-bojova-vozidla-1945-dodnes/,20150822114206,skip
http://www.press.sk:80/zbrane-a-technika/obrnena-technika-1.dil/,https://web.archive.org/web/20130508230231/http://www.press.sk:80/zbrane-a-technika/obrnena-technika-1.dil/,20130508230231,skip
http://www.press.sk:80/zbrane-a-technika/obrnena-technika-1.dil/,https://web.archive.org/web/20150822115129/http://www.press.sk:80/zbrane-a-technika/obrnena-technika-1.dil/,20150822115129,skip
http://www.press.sk:80/zbrane-a-technika/obrnena-technika-10-japonsko-1919-1945/,https://web.archive.org/web/20130508230236/http://www.press.sk:80/zbrane-a-technika/obrnena-technika-10-japonsko-1919-1945/,20130508230236,skip
http://www.press.sk:80/zbrane-a-technika/obrnena-technika-10-japonsko-1919-1945/,https://web.archive.org/web/20150822114622/http://www.press.sk:80/zbrane-a-technika/obrnena-technika-10-japonsko-1919-1945/,20150822114622,skip
http://www.press.sk:80/zbrane-a-technika/obrnena-technika-10-japonsko-1919-1945,https://web.archive.org/web/20160901195326/http://www.press.sk:80/zbrane-a-technika/obrnena-technika-10-japonsko-1919-1945,20160901195326,skip
http://www.press.sk:80/zbrane-a-technika/obrnena-technika-10-japonsko-1919-1945,https://web.archive.org/web/20160903005907/http://www.press.sk:80/zbrane-a-technika/obrnena-technika-10-japonsko-1919-1945,20160903005907,skip
http://www.press.sk:80/zbrane-a-technika/obrnena-technika-10-japonsko-1919-1945,https://web.archive.org/web/20161003210056/http://www.press.sk:80/zbrane-a-technika/obrnena-technika-10-japonsko-1919-1945,20161003210056,skip
http://www.press.sk:80/zbrane-a-technika/obrnena-technika-10-japonsko-1919-1945,https://web.archive.org/web/20161005002835/http://www.press.sk:80/zbrane-a-technika/obrnena-technika-10-japonsko-1919-1945,20161005002835,skip
http://www.press.sk:80/zbrane-a-technika/obrnena-technika-10-japonsko-1919-1945,https://web.archive.org/web/20161105144112/http://www.press.sk:80/zbrane-a-technika/obrnena-technika-10-japonsko-1919-1945,20161105144112,skip
http://www.press.sk:80/zbrane-a-technika/obrnena-technika-13/,https://web.archive.org/web/20150822115133/http://www.press.sk:80/zbrane-a-technika/obrnena-technika-13/,20150822115133,skip
http://www.press.sk:80/zbrane-a-technika/obrnena-technika-13,https://web.archive.org/web/20151003021128/http://www.press.sk:80/zbrane-a-technika/obrnena-technika-13,20151003021128,skip
http://www.press.sk:80/zbrane-a-technika/obrnena-technika-13,https://web.archive.org/web/20151103001109/http://www.press.sk:80/zbrane-a-technika/obrnena-technika-13,20151103001109,skip
http://www.press.sk:80/zbrane-a-technika/obrnena-technika-13,https://web.archive.org/web/20160401142223/http://www.press.sk:80/zbrane-a-technika/obrnena-technika-13,20160401142223,skip
http://www.press.sk:80/zbrane-a-technika/obrnena-technika-13,https://web.archive.org/web/20160402193915/http://www.press.sk:80/zbrane-a-technika/obrnena-technika-13,20160402193915,skip
http://www.press.sk:80/zbrane-a-technika/obrnena-technika-13,https://web.archive.org/web/20160511034505/http://www.press.sk:80/zbrane-a-technika/obrnena-technika-13,20160511034505,skip
http://www.press.sk:80/zbrane-a-technika/obrnena-technika-13,https://web.archive.org/web/20160512163502/http://www.press.sk:80/zbrane-a-technika/obrnena-technika-13,20160512163502,skip
http://www.press.sk:80/zbrane-a-technika/obrnena-technika-13,https://web.archive.org/web/20160902004720/http://www.press.sk:80/zbrane-a-technika/obrnena-technika-13,20160902004720,skip
http://www.press.sk:80/zbrane-a-technika/obrnena-technika-13,https://web.archive.org/web/20161002234718/http://www.press.sk:80/zbrane-a-technika/obrnena-technika-13,20161002234718,skip
http://www.press.sk:80/zbrane-a-technika/obrnena-technika-13,https://web.archive.org/web/20161103140203/http://www.press.sk:80/zbrane-a-technika/obrnena-technika-13,20161103140203,skip
http://www.press.sk:80/zbrane-a-technika/obrnena-technika-1944-2001-vyroba-v-slovenskej-republike/,https://web.archive.org/web/20090214003521/http://www.press.sk:80/zbrane-a-technika/obrnena-technika-1944-2001-vyroba-v-slovenskej-republike/,20090214003521,skip
http://www.press.sk:80/zbrane-a-technika/obrnena-technika-1944-2001-vyroba-v-slovenskej-republike/,https://web.archive.org/web/20090215011624/http://www.press.sk:80/zbrane-a-technika/obrnena-technika-1944-2001-vyroba-v-slovenskej-republike/,20090215011624,skip
http://www.press.sk:80/zbrane-a-technika/obrnena-technika-1944-2001-vyroba-v-slovenskej-republike/,https://web.archive.org/web/20091226171612/http://www.press.sk:80/zbrane-a-technika/obrnena-technika-1944-2001-vyroba-v-slovenskej-republike/,20091226171612,skip
http://www.press.sk:80/zbrane-a-technika/obrnena-technika-3-sssr-1919-1945-i.cast/,https://web.archive.org/web/20090214002347/http://www.press.sk:80/zbrane-a-technika/obrnena-technika-3-sssr-1919-1945-i.cast/,20090214002347,skip
http://www.press.sk:80/zbrane-a-technika/obrnena-technika-3-sssr-1919-1945-i.cast/,https://web.archive.org/web/20090215005338/http://www.press.sk:80/zbrane-a-technika/obrnena-technika-3-sssr-1919-1945-i.cast/,20090215005338,skip
http://www.press.sk:80/zbrane-a-technika/obrnena-technika-3-sssr-1919-1945-i.cast/,https://web.archive.org/web/20090701000857/http://www.press.sk:80/zbrane-a-technika/obrnena-technika-3-sssr-1919-1945-i.cast/,20090701000857,skip
http://www.press.sk:80/zbrane-a-technika/obrnena-technika-3-sssr-1919-1945-i.cast/,https://web.archive.org/web/20130509053309/http://www.press.sk:80/zbrane-a-technika/obrnena-technika-3-sssr-1919-1945-i.cast/,20130509053309,skip
http://www.press.sk:80/zbrane-a-technika/obrnena-technika-3-sssr-1919-1945-i.cast/,https://web.archive.org/web/20150515004242/http://www.press.sk:80/zbrane-a-technika/obrnena-technika-3-sssr-1919-1945-i.cast/,20150515004242,skip
http://www.press.sk:80/zbrane-a-technika/obrnena-technika-4.-sssr-1919-45-ii.cast/,https://web.archive.org/web/20090214002352/http://www.press.sk:80/zbrane-a-technika/obrnena-technika-4.-sssr-1919-45-ii.cast/,20090214002352,skip
http://www.press.sk:80/zbrane-a-technika/obrnena-technika-4.-sssr-1919-45-ii.cast/,https://web.archive.org/web/20090215005343/http://www.press.sk:80/zbrane-a-technika/obrnena-technika-4.-sssr-1919-45-ii.cast/,20090215005343,skip
http://www.press.sk:80/zbrane-a-technika/obrnena-technika-5.-stredni-evropa-1919-1945-i.cast/,https://web.archive.org/web/20090214002357/http://www.press.sk:80/zbrane-a-technika/obrnena-technika-5.-stredni-evropa-1919-1945-i.cast/,20090214002357,skip
http://www.press.sk:80/zbrane-a-technika/obrnena-technika-5.-stredni-evropa-1919-1945-i.cast/,https://web.archive.org/web/20090215005348/http://www.press.sk:80/zbrane-a-technika/obrnena-technika-5.-stredni-evropa-1919-1945-i.cast/,20090215005348,skip
http://www.press.sk:80/zbrane-a-technika/obrnena-technika-5.-stredni-evropa-1919-1945-i.cast/,https://web.archive.org/web/20130509002309/http://www.press.sk:80/zbrane-a-technika/obrnena-technika-5.-stredni-evropa-1919-1945-i.cast/,20130509002309,skip
http://www.press.sk/zbrane-a-technika/obrnena-technika-5.-stredni-evropa-1919-1945-i.cast/,https://web.archive.org/web/20130623030535/http://www.press.sk/zbrane-a-technika/obrnena-technika-5.-stredni-evropa-1919-1945-i.cast/,20130623030535,skip
http://www.press.sk:80/zbrane-a-technika/obrnena-technika-5.-stredni-evropa-1919-1945-i.cast/,https://web.archive.org/web/20150516181804/http://www.press.sk:80/zbrane-a-technika/obrnena-technika-5.-stredni-evropa-1919-1945-i.cast/,20150516181804,skip
http://www.press.sk:80/zbrane-a-technika/obrnena-technika-5.-stredni-evropa-1919-1945-i.cast,https://web.archive.org/web/20151003021152/http://www.press.sk:80/zbrane-a-technika/obrnena-technika-5.-stredni-evropa-1919-1945-i.cast,20151003021152,skip
http://www.press.sk:80/zbrane-a-technika/obrnena-technika-5.-stredni-evropa-1919-1945-i.cast,https://web.archive.org/web/20151103001135/http://www.press.sk:80/zbrane-a-technika/obrnena-technika-5.-stredni-evropa-1919-1945-i.cast,20151103001135,skip
http://www.press.sk:80/zbrane-a-technika/obrnena-technika-5.-stredni-evropa-1919-1945-i.cast,https://web.archive.org/web/20160330115139/http://www.press.sk:80/zbrane-a-technika/obrnena-technika-5.-stredni-evropa-1919-1945-i.cast,20160330115139,skip
http://www.press.sk:80/zbrane-a-technika/obrnena-technika-5.-stredni-evropa-1919-1945-i.cast,https://web.archive.org/web/20160511024817/http://www.press.sk:80/zbrane-a-technika/obrnena-technika-5.-stredni-evropa-1919-1945-i.cast,20160511024817,skip
https://www.press.sk/zbrane-a-technika/obrnena-technika-5.-stredni-evropa-1919-1945-i.cast/,https://web.archive.org/web/20190918204627/https://www.press.sk/zbrane-a-technika/obrnena-technika-5.-stredni-evropa-1919-1945-i.cast/,20190918204627,skip
http://www.press.sk:80/zbrane-a-technika/obrnena-technika-7-francie-1919-1945/,https://web.archive.org/web/20090214003526/http://www.press.sk:80/zbrane-a-technika/obrnena-technika-7-francie-1919-1945/,20090214003526,skip
http://www.press.sk:80/zbrane-a-technika/obrnena-technika-7-francie-1919-1945/,https://web.archive.org/web/20090215010822/http://www.press.sk:80/zbrane-a-technika/obrnena-technika-7-francie-1919-1945/,20090215010822,skip
http://www.press.sk:80/zbrane-a-technika/obrnena-technika-7-francie-1919-1945/,https://web.archive.org/web/20150514224947/http://www.press.sk:80/zbrane-a-technika/obrnena-technika-7-francie-1919-1945/,20150514224947,skip
http://www.press.sk:80/zbrane-a-technika/obrnena-technika-7-francie-1919-1945,https://web.archive.org/web/20160901182536/http://www.press.sk:80/zbrane-a-technika/obrnena-technika-7-francie-1919-1945,20160901182536,skip
http://www.press.sk:80/zbrane-a-technika/obrnena-technika-7-francie-1919-1945,https://web.archive.org/web/20160902185945/http://www.press.sk:80/zbrane-a-technika/obrnena-technika-7-francie-1919-1945,20160902185945,skip
http://www.press.sk:80/zbrane-a-technika/obrnena-technika-7-francie-1919-1945,https://web.archive.org/web/20161003205807/http://www.press.sk:80/zbrane-a-technika/obrnena-technika-7-francie-1919-1945,20161003205807,skip
http://www.press.sk:80/zbrane-a-technika/obrnena-technika-7-francie-1919-1945,https://web.archive.org/web/20161005003131/http://www.press.sk:80/zbrane-a-technika/obrnena-technika-7-francie-1919-1945,20161005003131,skip
http://www.press.sk:80/zbrane-a-technika/obrnena-technika-7-francie-1919-1945,https://web.archive.org/web/20161105144811/http://www.press.sk:80/zbrane-a-technika/obrnena-technika-7-francie-1919-1945,20161105144811,skip
http://www.press.sk:80/zbrane-a-technika/obrnena-technika-8-male-staty-evropy-1919-1945/,https://web.archive.org/web/20090214002402/http://www.press.sk:80/zbrane-a-technika/obrnena-technika-8-male-staty-evropy-1919-1945/,20090214002402,skip
http://www.press.sk:80/zbrane-a-technika/obrnena-technika-8-male-staty-evropy-1919-1945/,https://web.archive.org/web/20090215010119/http://www.press.sk:80/zbrane-a-technika/obrnena-technika-8-male-staty-evropy-1919-1945/,20090215010119,skip
http://www.press.sk:80/zbrane-a-technika/obrnena-technika-8-male-staty-evropy-1919-1945,https://web.archive.org/web/20110418203235/http://www.press.sk:80/zbrane-a-technika/obrnena-technika-8-male-staty-evropy-1919-1945,20110418203235,skip
http://www.press.sk:80/zbrane-a-technika/obrnena-technika-8-male-staty-evropy-1919-1945/,https://web.archive.org/web/20110421023604/http://www.press.sk:80/zbrane-a-technika/obrnena-technika-8-male-staty-evropy-1919-1945/,20110421023604,skip
http://www.press.sk:80/zbrane-a-technika/obrnena-technika-8-male-staty-evropy-1919-1945,https://web.archive.org/web/20110520144725/http://www.press.sk:80/zbrane-a-technika/obrnena-technika-8-male-staty-evropy-1919-1945,20110520144725,skip
http://www.press.sk:80/zbrane-a-technika/obrnena-technika-8-male-staty-evropy-1919-1945,https://web.archive.org/web/20110622200440/http://www.press.sk:80/zbrane-a-technika/obrnena-technika-8-male-staty-evropy-1919-1945,20110622200440,skip
http://www.press.sk:80/zbrane-a-technika/obrnena-technika-8-male-staty-evropy-1919-1945,https://web.archive.org/web/20110826080549/http://www.press.sk:80/zbrane-a-technika/obrnena-technika-8-male-staty-evropy-1919-1945,20110826080549,skip
http://www.press.sk:80/zbrane-a-technika/obrnena-technika-8-male-staty-evropy-1919-1945,https://web.archive.org/web/20110910213402/http://www.press.sk:80/zbrane-a-technika/obrnena-technika-8-male-staty-evropy-1919-1945,20110910213402,skip
http://www.press.sk:80/zbrane-a-technika/obrnena-technika-8-male-staty-evropy-1919-1945/,https://web.archive.org/web/20110912014524/http://www.press.sk:80/zbrane-a-technika/obrnena-technika-8-male-staty-evropy-1919-1945/,20110912014524,skip
http://www.press.sk:80/zbrane-a-technika/obrnena-technika-8-male-staty-evropy-1919-1945/,https://web.archive.org/web/20130509002317/http://www.press.sk:80/zbrane-a-technika/obrnena-technika-8-male-staty-evropy-1919-1945/,20130509002317,skip
http://www.press.sk:80/zbrane-a-technika/obrnena-technika-8-male-staty-evropy-1919-1945/,https://web.archive.org/web/20150514224954/http://www.press.sk:80/zbrane-a-technika/obrnena-technika-8-male-staty-evropy-1919-1945/,20150514224954,skip
http://www.press.sk:80/zbrane-a-technika/obrnena-technika-8-male-staty-evropy-1919-1945,https://web.archive.org/web/20160901195338/http://www.press.sk:80/zbrane-a-technika/obrnena-technika-8-male-staty-evropy-1919-1945,20160901195338,skip
http://www.press.sk:80/zbrane-a-technika/obrnena-technika-8-male-staty-evropy-1919-1945,https://web.archive.org/web/20160903005912/http://www.press.sk:80/zbrane-a-technika/obrnena-technika-8-male-staty-evropy-1919-1945,20160903005912,skip
http://www.press.sk:80/zbrane-a-technika/obrnena-technika-8-male-staty-evropy-1919-1945,https://web.archive.org/web/20161003205151/http://www.press.sk:80/zbrane-a-technika/obrnena-technika-8-male-staty-evropy-1919-1945,20161003205151,skip
http://www.press.sk:80/zbrane-a-technika/obrnena-technika-8-male-staty-evropy-1919-1945,https://web.archive.org/web/20161005003422/http://www.press.sk:80/zbrane-a-technika/obrnena-technika-8-male-staty-evropy-1919-1945,20161005003422,skip
http://www.press.sk:80/zbrane-a-technika/obrnena-technika-8-male-staty-evropy-1919-1945,https://web.archive.org/web/20161105144857/http://www.press.sk:80/zbrane-a-technika/obrnena-technika-8-male-staty-evropy-1919-1945,20161105144857,skip
http://www.press.sk:80/zbrane-a-technika/obrnena-technika-9.-dil/,https://web.archive.org/web/20091226171617/http://www.press.sk:80/zbrane-a-technika/obrnena-technika-9.-dil/,20091226171617,skip
http://www.press.sk:80/zbrane-a-technika/obrnena-technika-9.-dil/,https://web.archive.org/web/20100226150843/http://www.press.sk:80/zbrane-a-technika/obrnena-technika-9.-dil/,20100226150843,skip
http://www.press.sk:80/zbrane-a-technika/obrnena-technika-9.-dil/,https://web.archive.org/web/20130509002322/http://www.press.sk:80/zbrane-a-technika/obrnena-technika-9.-dil/,20130509002322,skip
http://www.press.sk:80/zbrane-a-technika/obrnena-technika-9.-dil/,https://web.archive.org/web/20150822115138/http://www.press.sk:80/zbrane-a-technika/obrnena-technika-9.-dil/,20150822115138,skip
http://www.press.sk:80/zbrane-a-technika/obrnena-technika-9.-dil,https://web.archive.org/web/20160901182456/http://www.press.sk:80/zbrane-a-technika/obrnena-technika-9.-dil,20160901182456,skip
http://www.press.sk:80/zbrane-a-technika/obrnena-technika-9.-dil,https://web.archive.org/web/20161002233403/http://www.press.sk:80/zbrane-a-technika/obrnena-technika-9.-dil,20161002233403,skip
http://www.press.sk:80/zbrane-a-technika/obrnena-technika-9.-dil,https://web.archive.org/web/20161103135716/http://www.press.sk:80/zbrane-a-technika/obrnena-technika-9.-dil,20161103135716,skip
http://www.press.sk:80/zbrane-a-technika/obrneny-automobil-oa-vz.30-1.-cast/,https://web.archive.org/web/20090214002407/http://www.press.sk:80/zbrane-a-technika/obrneny-automobil-oa-vz.30-1.-cast/,20090214002407,skip
http://www.press.sk:80/zbrane-a-technika/obrneny-automobil-oa-vz.30-1.-cast/,https://web.archive.org/web/20090215010121/http://www.press.sk:80/zbrane-a-technika/obrneny-automobil-oa-vz.30-1.-cast/,20090215010121,skip
http://www.press.sk:80/zbrane-a-technika/obrneny-automobil-oa-vz.30-1.-cast/,https://web.archive.org/web/20130509053314/http://www.press.sk:80/zbrane-a-technika/obrneny-automobil-oa-vz.30-1.-cast/,20130509053314,skip
http://www.press.sk:80/zbrane-a-technika/obrneny-automobil-oa-vz.30-1.-cast/,https://web.archive.org/web/20150515003921/http://www.press.sk:80/zbrane-a-technika/obrneny-automobil-oa-vz.30-1.-cast/,20150515003921,skip
http://www.press.sk:80/zbrane-a-technika/ocelova-pest/,https://web.archive.org/web/20090214003531/http://www.press.sk:80/zbrane-a-technika/ocelova-pest/,20090214003531,skip
http://www.press.sk:80/zbrane-a-technika/ocelova-pest/,https://web.archive.org/web/20090215010827/http://www.press.sk:80/zbrane-a-technika/ocelova-pest/,20090215010827,skip
http://www.press.sk:80/zbrane-a-technika/od-bodaku-po-tryskace/,https://web.archive.org/web/20130509052317/http://www.press.sk:80/zbrane-a-technika/od-bodaku-po-tryskace/,20130509052317,skip
http://www.press.sk:80/zbrane-a-technika/od-bodaku-po-tryskace/,https://web.archive.org/web/20150822120223/http://www.press.sk:80/zbrane-a-technika/od-bodaku-po-tryskace/,20150822120223,skip
http://www.press.sk:80/zbrane-a-technika/odev-a-zbroj-vojaka-ve-stredoveku-zvovuzrozene-v-barevnych-fotog/,https://web.archive.org/web/20090214003536/http://www.press.sk:80/zbrane-a-technika/odev-a-zbroj-vojaka-ve-stredoveku-zvovuzrozene-v-barevnych-fotog/,20090214003536,skip
http://www.press.sk:80/zbrane-a-technika/odev-a-zbroj-vojaka-ve-stredoveku-zvovuzrozene-v-barevnych-fotog/,https://web.archive.org/web/20090215011629/http://www.press.sk:80/zbrane-a-technika/odev-a-zbroj-vojaka-ve-stredoveku-zvovuzrozene-v-barevnych-fotog/,20090215011629,skip
http://www.press.sk:80/zbrane-a-technika/odstrelovac-sas-a-specialnich-jednotek/,https://web.archive.org/web/20150822050614/http://www.press.sk:80/zbrane-a-technika/odstrelovac-sas-a-specialnich-jednotek/,20150822050614,skip
http://www.press.sk:80/zbrane-a-technika/odstrelovac-vycvik-technika-zbrane/,https://web.archive.org/web/20090214002412/http://www.press.sk:80/zbrane-a-technika/odstrelovac-vycvik-technika-zbrane/,20090214002412,skip
http://www.press.sk:80/zbrane-a-technika/odstrelovac-vycvik-technika-zbrane/,https://web.archive.org/web/20090215010126/http://www.press.sk:80/zbrane-a-technika/odstrelovac-vycvik-technika-zbrane/,20090215010126,skip
http://www.press.sk:80/zbrane-a-technika/odstrelovac-vycvik-technika-zbrane/,https://web.archive.org/web/20090701000902/http://www.press.sk:80/zbrane-a-technika/odstrelovac-vycvik-technika-zbrane/,20090701000902,skip
http://www.press.sk:80/zbrane-a-technika/odstrelovac-vycvik-technika-zbrane/,https://web.archive.org/web/20130509054409/http://www.press.sk:80/zbrane-a-technika/odstrelovac-vycvik-technika-zbrane/,20130509054409,skip
http://www.press.sk:80/zbrane-a-technika/odstrelovac-vycvik-technika-zbrane/,https://web.archive.org/web/20150515004104/http://www.press.sk:80/zbrane-a-technika/odstrelovac-vycvik-technika-zbrane/,20150515004104,skip
http://www.press.sk:80/zbrane-a-technika/odstrelovacske-pusky/,https://web.archive.org/web/20130509002327/http://www.press.sk:80/zbrane-a-technika/odstrelovacske-pusky/,20130509002327,skip
http://www.press.sk:80/zbrane-a-technika/odstrelovacske-pusky/,https://web.archive.org/web/20150822115144/http://www.press.sk:80/zbrane-a-technika/odstrelovacske-pusky/,20150822115144,skip
http://www.press.sk:80/zbrane-a-technika/oh-6-cayuse-in-detail/,https://web.archive.org/web/20090214002417/http://www.press.sk:80/zbrane-a-technika/oh-6-cayuse-in-detail/,20090214002417,skip
http://www.press.sk:80/zbrane-a-technika/oh-6-cayuse-in-detail/,https://web.archive.org/web/20090215010131/http://www.press.sk:80/zbrane-a-technika/oh-6-cayuse-in-detail/,20090215010131,skip
http://www.press.sk:80/zbrane-a-technika/oh-6-cayuse-in-detail/,https://web.archive.org/web/20090701021610/http://www.press.sk:80/zbrane-a-technika/oh-6-cayuse-in-detail/,20090701021610,skip
http://www.press.sk:80/zbrane-a-technika/oh-6-cayuse-in-detail/,https://web.archive.org/web/20130509002332/http://www.press.sk:80/zbrane-a-technika/oh-6-cayuse-in-detail/,20130509002332,skip
http://www.press.sk/zbrane-a-technika/oh-6-cayuse-in-detail/,https://web.archive.org/web/20130623041721/http://www.press.sk/zbrane-a-technika/oh-6-cayuse-in-detail/,20130623041721,skip
http://www.press.sk:80/zbrane-a-technika/oh-6-cayuse-in-detail/,https://web.archive.org/web/20150516182743/http://www.press.sk:80/zbrane-a-technika/oh-6-cayuse-in-detail/,20150516182743,skip
http://www.press.sk:80/zbrane-a-technika/opakovaci-vzduchovka-cz/,https://web.archive.org/web/20081230051239/http://www.press.sk:80/zbrane-a-technika/opakovaci-vzduchovka-cz/,20081230051239,skip
http://www.press.sk:80/zbrane-a-technika/opakovaci-vzduchovka-cz/,https://web.archive.org/web/20090131143422/http://www.press.sk:80/zbrane-a-technika/opakovaci-vzduchovka-cz/,20090131143422,skip
http://www.press.sk:80/zbrane-a-technika/opakovaci-vzduchovka-cz/,https://web.archive.org/web/20090303081223/http://www.press.sk:80/zbrane-a-technika/opakovaci-vzduchovka-cz/,20090303081223,skip
http://www.press.sk:80/zbrane-a-technika/opakovaci-vzduchovka-cz/,https://web.archive.org/web/20090403003748/http://www.press.sk:80/zbrane-a-technika/opakovaci-vzduchovka-cz/,20090403003748,skip
http://www.press.sk:80/zbrane-a-technika/opakovaci-vzduchovka-cz/,https://web.archive.org/web/20090504091442/http://www.press.sk:80/zbrane-a-technika/opakovaci-vzduchovka-cz/,20090504091442,skip
http://www.press.sk:80/zbrane-a-technika/opakovaci-vzduchovka-cz/,https://web.archive.org/web/20100110084635/http://www.press.sk:80/zbrane-a-technika/opakovaci-vzduchovka-cz/,20100110084635,skip
http://www.press.sk:80/zbrane-a-technika/opel-blitz-in-detail/,https://web.archive.org/web/20090214003541/http://www.press.sk:80/zbrane-a-technika/opel-blitz-in-detail/,20090214003541,skip
http://www.press.sk:80/zbrane-a-technika/opel-blitz-in-detail/,https://web.archive.org/web/20090215011634/http://www.press.sk:80/zbrane-a-technika/opel-blitz-in-detail/,20090215011634,skip
http://www.press.sk:80/zbrane-a-technika/opel-blitz-in-detail/,https://web.archive.org/web/20090701021820/http://www.press.sk:80/zbrane-a-technika/opel-blitz-in-detail/,20090701021820,skip
http://www.press.sk:80/zbrane-a-technika/opel-blitz-in-detail/,https://web.archive.org/web/20130509053319/http://www.press.sk:80/zbrane-a-technika/opel-blitz-in-detail/,20130509053319,skip
http://www.press.sk:80/zbrane-a-technika/opel-blitz-in-detail/,https://web.archive.org/web/20150515003926/http://www.press.sk:80/zbrane-a-technika/opel-blitz-in-detail/,20150515003926,skip
https://www.press.sk/zbrane-a-technika/opel-blitz-in-detail/,https://web.archive.org/web/20191123025236/https://www.press.sk/zbrane-a-technika/opel-blitz-in-detail/,20191123025236,skip
https://www.press.sk/zbrane-a-technika/opel-blitz-in-detail+19886/,https://web.archive.org/web/20190819105643/https://www.press.sk/zbrane-a-technika/opel-blitz-in-detail+19886/,20190819105643,skip
https://www.press.sk/zbrane-a-technika/opel-blitz-in-detail+19886/,https://web.archive.org/web/20191019104622/https://www.press.sk/zbrane-a-technika/opel-blitz-in-detail+19886/,20191019104622,skip
https://www.press.sk/zbrane-a-technika/opel-blitz-in-detail+19886/,https://web.archive.org/web/20191123025355/https://www.press.sk/zbrane-a-technika/opel-blitz-in-detail+19886/,20191123025355,skip
http://www.press.sk:80/zbrane-a-technika/opevneni-iv.sboru-cast-3.-tvrz-smolkov/,https://web.archive.org/web/20130511185737/http://www.press.sk:80/zbrane-a-technika/opevneni-iv.sboru-cast-3.-tvrz-smolkov/,20130511185737,skip
http://www.press.sk:80/zbrane-a-technika/opevneni-iv.sboru-cast-3.-tvrz-smolkov/,https://web.archive.org/web/20150822120228/http://www.press.sk:80/zbrane-a-technika/opevneni-iv.sboru-cast-3.-tvrz-smolkov/,20150822120228,skip
http://www.press.sk:80/zbrane-a-technika/opevneni-jindrichohradecka-z-let-1936-1936-priprava-obrany-jindr/,https://web.archive.org/web/20090214002422/http://www.press.sk:80/zbrane-a-technika/opevneni-jindrichohradecka-z-let-1936-1936-priprava-obrany-jindr/,20090214002422,skip
http://www.press.sk:80/zbrane-a-technika/opevneni-jindrichohradecka-z-let-1936-1936-priprava-obrany-jindr/,https://web.archive.org/web/20090215010136/http://www.press.sk:80/zbrane-a-technika/opevneni-jindrichohradecka-z-let-1936-1936-priprava-obrany-jindr/,20090215010136,skip
http://www.press.sk:80/zbrane-a-technika/opevneni-jindrichohradecka-z-let-1936-1936-priprava-obrany-jindr/,https://web.archive.org/web/20090701021825/http://www.press.sk:80/zbrane-a-technika/opevneni-jindrichohradecka-z-let-1936-1936-priprava-obrany-jindr/,20090701021825,skip
http://www.press.sk:80/zbrane-a-technika/opevneni-jindrichohradecka-z-let-1936-1936-priprava-obrany-jindr/,https://web.archive.org/web/20130508230241/http://www.press.sk:80/zbrane-a-technika/opevneni-jindrichohradecka-z-let-1936-1936-priprava-obrany-jindr/,20130508230241,skip
http://www.press.sk:80/zbrane-a-technika/opevneni-jindrichohradecka-z-let-1936-1936-priprava-obrany-jindr/,https://web.archive.org/web/20150514224958/http://www.press.sk:80/zbrane-a-technika/opevneni-jindrichohradecka-z-let-1936-1936-priprava-obrany-jindr/,20150514224958,skip
http://www.press.sk:80/zbrane-a-technika/opevneni-z-roku-1938/,https://web.archive.org/web/20130508230246/http://www.press.sk:80/zbrane-a-technika/opevneni-z-roku-1938/,20130508230246,skip
http://www.press.sk:80/zbrane-a-technika/opevneni-z-roku-1938/,https://web.archive.org/web/20150822114627/http://www.press.sk:80/zbrane-a-technika/opevneni-z-roku-1938/,20150822114627,skip
http://www.press.sk:80/zbrane-a-technika/ot-64-skot/,https://web.archive.org/web/20130508230253/http://www.press.sk:80/zbrane-a-technika/ot-64-skot/,20130508230253,skip
http://www.press.sk:80/zbrane-a-technika/ot-64-skot/,https://web.archive.org/web/20150822114212/http://www.press.sk:80/zbrane-a-technika/ot-64-skot/,20150822114212,skip
http://www.press.sk/zbrane-a-technika/ot-64-skot/,https://web.archive.org/web/20160802143813/http://www.press.sk/zbrane-a-technika/ot-64-skot/,20160802143813,skip
http://www.press.sk:80/zbrane-a-technika/ozivili-sme-pancierovy-vlak/,https://web.archive.org/web/20150822120233/http://www.press.sk:80/zbrane-a-technika/ozivili-sme-pancierovy-vlak/,20150822120233,skip
http://www.press.sk:80/zbrane-a-technika/palase-habsburske-monarchie/,https://web.archive.org/web/20130509002337/http://www.press.sk:80/zbrane-a-technika/palase-habsburske-monarchie/,20130509002337,skip
http://www.press.sk:80/zbrane-a-technika/palase-habsburske-monarchie/,https://web.archive.org/web/20150822120238/http://www.press.sk:80/zbrane-a-technika/palase-habsburske-monarchie/,20150822120238,skip
http://www.press.sk:80/zbrane-a-technika/palne-zbrane-fotograficky-atlas/,https://web.archive.org/web/20090214003546/http://www.press.sk:80/zbrane-a-technika/palne-zbrane-fotograficky-atlas/,20090214003546,skip
http://www.press.sk:80/zbrane-a-technika/palne-zbrane-fotograficky-atlas/,https://web.archive.org/web/20090215010832/http://www.press.sk:80/zbrane-a-technika/palne-zbrane-fotograficky-atlas/,20090215010832,skip
http://www.press.sk:80/zbrane-a-technika/palne-zbrane-fotograficky-atlas/,https://web.archive.org/web/20090701021830/http://www.press.sk:80/zbrane-a-technika/palne-zbrane-fotograficky-atlas/,20090701021830,skip
http://www.press.sk:80/zbrane-a-technika/palne-zbrane-fotograficky-atlas/,https://web.archive.org/web/20130508230256/http://www.press.sk:80/zbrane-a-technika/palne-zbrane-fotograficky-atlas/,20130508230256,skip
http://www.press.sk/zbrane-a-technika/palne-zbrane-fotograficky-atlas/,https://web.archive.org/web/20130623013643/http://www.press.sk/zbrane-a-technika/palne-zbrane-fotograficky-atlas/,20130623013643,skip
http://www.press.sk:80/zbrane-a-technika/palne-zbrane-fotograficky-atlas/,https://web.archive.org/web/20150516183850/http://www.press.sk:80/zbrane-a-technika/palne-zbrane-fotograficky-atlas/,20150516183850,skip
http://www.press.sk:80/zbrane-a-technika/panther-nemecka-snaha-o-dosazeni-prevahy-na-bojisti/,https://web.archive.org/web/20150822050618/http://www.press.sk:80/zbrane-a-technika/panther-nemecka-snaha-o-dosazeni-prevahy-na-bojisti/,20150822050618,skip
http://www.press.sk:80/zbrane-a-technika/panther-vs-sherman/,https://web.archive.org/web/20130508230301/http://www.press.sk:80/zbrane-a-technika/panther-vs-sherman/,20130508230301,skip
http://www.press.sk:80/zbrane-a-technika/panther-vs-sherman/,https://web.archive.org/web/20150822115148/http://www.press.sk:80/zbrane-a-technika/panther-vs-sherman/,20150822115148,skip
http://www.press.sk:80/zbrane-a-technika/panther-vs-t-34/,https://web.archive.org/web/20090701021835/http://www.press.sk:80/zbrane-a-technika/panther-vs-t-34/,20090701021835,skip
http://www.press.sk:80/zbrane-a-technika/panther-vs-t-34/,https://web.archive.org/web/20130508230306/http://www.press.sk:80/zbrane-a-technika/panther-vs-t-34/,20130508230306,skip
http://www.press.sk:80/zbrane-a-technika/panther-vs-t-34/,https://web.archive.org/web/20150516184309/http://www.press.sk:80/zbrane-a-technika/panther-vs-t-34/,20150516184309,skip
http://www.press.sk:80/zbrane-a-technika/panzerhaubitze-pzh-2000-in-detail/,https://web.archive.org/web/20090214002427/http://www.press.sk:80/zbrane-a-technika/panzerhaubitze-pzh-2000-in-detail/,20090214002427,skip
http://www.press.sk:80/zbrane-a-technika/panzerhaubitze-pzh-2000-in-detail/,https://web.archive.org/web/20090215010141/http://www.press.sk:80/zbrane-a-technika/panzerhaubitze-pzh-2000-in-detail/,20090215010141,skip
http://www.press.sk:80/zbrane-a-technika/panzerhaubitze-pzh-2000-in-detail/,https://web.archive.org/web/20090701021840/http://www.press.sk:80/zbrane-a-technika/panzerhaubitze-pzh-2000-in-detail/,20090701021840,skip
http://www.press.sk:80/zbrane-a-technika/panzerhaubitze-pzh-2000-in-detail/,https://web.archive.org/web/20130508230311/http://www.press.sk:80/zbrane-a-technika/panzerhaubitze-pzh-2000-in-detail/,20130508230311,skip
http://www.press.sk/zbrane-a-technika/panzerhaubitze-pzh-2000-in-detail/,https://web.archive.org/web/20130623023108/http://www.press.sk/zbrane-a-technika/panzerhaubitze-pzh-2000-in-detail/,20130623023108,skip
http://www.press.sk:80/zbrane-a-technika/panzerhaubitze-pzh-2000-in-detail/,https://web.archive.org/web/20150516183217/http://www.press.sk:80/zbrane-a-technika/panzerhaubitze-pzh-2000-in-detail/,20150516183217,skip
http://www.press.sk:80/zbrane-a-technika/panzerkampfwagen-iv-ausf.g-h-a-j/,https://web.archive.org/web/20130509002342/http://www.press.sk:80/zbrane-a-technika/panzerkampfwagen-iv-ausf.g-h-a-j/,20130509002342,skip
http://www.press.sk:80/zbrane-a-technika/panzerkampfwagen-iv-ausf.g-h-a-j/,https://web.archive.org/web/20150822115153/http://www.press.sk:80/zbrane-a-technika/panzerkampfwagen-iv-ausf.g-h-a-j/,20150822115153,skip
http://www.press.sk:80/zbrane-a-technika/panzerkampfwagen-iv-in-combat/,https://web.archive.org/web/20130509053325/http://www.press.sk:80/zbrane-a-technika/panzerkampfwagen-iv-in-combat/,20130509053325,skip
http://www.press.sk:80/zbrane-a-technika/panzerkampfwagen-iv-in-combat/,https://web.archive.org/web/20150822115402/http://www.press.sk:80/zbrane-a-technika/panzerkampfwagen-iv-in-combat/,20150822115402,skip
http://www.press.sk:80/zbrane-a-technika/panzerkampfwagen-iv-vs-char-b1-bis/,https://web.archive.org/web/20130508230316/http://www.press.sk:80/zbrane-a-technika/panzerkampfwagen-iv-vs-char-b1-bis/,20130508230316,skip
http://www.press.sk:80/zbrane-a-technika/panzerkampfwagen-iv-vs-char-b1-bis/,https://web.archive.org/web/20150822115404/http://www.press.sk:80/zbrane-a-technika/panzerkampfwagen-iv-vs-char-b1-bis/,20150822115404,skip
http://www.press.sk:80/zbrane-a-technika/panzerkampfwagen-iv-vs-char-b1-bis/,https://web.archive.org/web/20160825231743/http://www.press.sk:80/zbrane-a-technika/panzerkampfwagen-iv-vs-char-b1-bis/,20160825231743,skip
http://www.press.sk/zbrane-a-technika/panzerkampfwagen-iv-vs-char-b1-bis/,https://web.archive.org/web/20170405205836/http://www.press.sk/zbrane-a-technika/panzerkampfwagen-iv-vs-char-b1-bis/,20170405205836,skip
https://www.press.sk/zbrane-a-technika/panzerkampfwagen-iv-vs-char-b1-bis/,https://web.archive.org/web/20170814231944/https://www.press.sk/zbrane-a-technika/panzerkampfwagen-iv-vs-char-b1-bis/,20170814231944,skip
http://www.press.sk:80/zbrane-a-technika/panzerkampfwagen-pz.kpfw.-38t-in-wehrmacht-photo-album-part-1./,https://web.archive.org/web/20150822045241/http://www.press.sk:80/zbrane-a-technika/panzerkampfwagen-pz.kpfw.-38t-in-wehrmacht-photo-album-part-1./,20150822045241,skip
http://www.press.sk:80/zbrane-a-technika/pechotni-srub-k-s14-u-cihelny/,https://web.archive.org/web/20130509053330/http://www.press.sk:80/zbrane-a-technika/pechotni-srub-k-s14-u-cihelny/,20130509053330,skip
http://www.press.sk:80/zbrane-a-technika/pechotni-srub-k-s14-u-cihelny/,https://web.archive.org/web/20150822114216/http://www.press.sk:80/zbrane-a-technika/pechotni-srub-k-s14-u-cihelny/,20150822114216,skip
http://www.press.sk:80/zbrane-a-technika/pechotni-zbrane/,https://web.archive.org/web/20090214002432/http://www.press.sk:80/zbrane-a-technika/pechotni-zbrane/,20090214002432,skip
http://www.press.sk:80/zbrane-a-technika/pechotni-zbrane/,https://web.archive.org/web/20090215010146/http://www.press.sk:80/zbrane-a-technika/pechotni-zbrane/,20090215010146,skip
http://www.press.sk:80/zbrane-a-technika/pechotni-zbrane/,https://web.archive.org/web/20090701021845/http://www.press.sk:80/zbrane-a-technika/pechotni-zbrane/,20090701021845,skip
http://www.press.sk:80/zbrane-a-technika/pechotni-zbrane-dvacateho-stoleti/,https://web.archive.org/web/20130508230321/http://www.press.sk:80/zbrane-a-technika/pechotni-zbrane-dvacateho-stoleti/,20130508230321,skip
http://www.press.sk:80/zbrane-a-technika/pechotni-zbrane-dvacateho-stoleti/,https://web.archive.org/web/20150822114632/http://www.press.sk:80/zbrane-a-technika/pechotni-zbrane-dvacateho-stoleti/,20150822114632,skip
http://www.press.sk:80/zbrane-a-technika/pevnost-asie/,https://web.archive.org/web/20150822114638/http://www.press.sk:80/zbrane-a-technika/pevnost-asie/,20150822114638,skip
http://www.press.sk:80/zbrane-a-technika/pevnosti-26.-netypicke-objekty-cs.-lehkeho-opevneni/,https://web.archive.org/web/20090214003551/http://www.press.sk:80/zbrane-a-technika/pevnosti-26.-netypicke-objekty-cs.-lehkeho-opevneni/,20090214003551,skip
http://www.press.sk:80/zbrane-a-technika/pevnosti-26.-netypicke-objekty-cs.-lehkeho-opevneni/,https://web.archive.org/web/20090215010838/http://www.press.sk:80/zbrane-a-technika/pevnosti-26.-netypicke-objekty-cs.-lehkeho-opevneni/,20090215010838,skip
http://www.press.sk:80/zbrane-a-technika/pevnosti-26.-netypicke-objekty-cs.-lehkeho-opevneni/,https://web.archive.org/web/20090701021850/http://www.press.sk:80/zbrane-a-technika/pevnosti-26.-netypicke-objekty-cs.-lehkeho-opevneni/,20090701021850,skip
http://www.press.sk:80/zbrane-a-technika/pevnosti-26.-netypicke-objekty-cs.-lehkeho-opevneni/,https://web.archive.org/web/20130509054415/http://www.press.sk:80/zbrane-a-technika/pevnosti-26.-netypicke-objekty-cs.-lehkeho-opevneni/,20130509054415,skip
http://www.press.sk:80/zbrane-a-technika/pevnosti-26.-netypicke-objekty-cs.-lehkeho-opevneni/,https://web.archive.org/web/20150515003934/http://www.press.sk:80/zbrane-a-technika/pevnosti-26.-netypicke-objekty-cs.-lehkeho-opevneni/,20150515003934,skip
http://www.press.sk:80/zbrane-a-technika/pevnosti-sv.31/,https://web.archive.org/web/20130508230326/http://www.press.sk:80/zbrane-a-technika/pevnosti-sv.31/,20130508230326,skip
http://www.press.sk:80/zbrane-a-technika/pevnosti-sv.31/,https://web.archive.org/web/20150822114642/http://www.press.sk:80/zbrane-a-technika/pevnosti-sv.31/,20150822114642,skip
http://www.press.sk:80/zbrane-a-technika/pevnosti-sv.33-cs.-lehke-opevneni-z-let-1936-1938-v-orlickych-horach/,https://web.archive.org/web/20130509053336/http://www.press.sk:80/zbrane-a-technika/pevnosti-sv.33-cs.-lehke-opevneni-z-let-1936-1938-v-orlickych-horach/,20130509053336,skip
http://www.press.sk:80/zbrane-a-technika/pevnosti-sv.33-cs.-lehke-opevneni-z-let-1936-1938-v-orlickych-horach/,https://web.archive.org/web/20150822115409/http://www.press.sk:80/zbrane-a-technika/pevnosti-sv.33-cs.-lehke-opevneni-z-let-1936-1938-v-orlickych-horach/,20150822115409,skip
http://www.press.sk:80/zbrane-a-technika/pevnostni-muzeum-vranov-historie-soucasnost/,https://web.archive.org/web/20090214003556/http://www.press.sk:80/zbrane-a-technika/pevnostni-muzeum-vranov-historie-soucasnost/,20090214003556,skip
http://www.press.sk:80/zbrane-a-technika/pevnostni-muzeum-vranov-historie-soucasnost/,https://web.archive.org/web/20090215011644/http://www.press.sk:80/zbrane-a-technika/pevnostni-muzeum-vranov-historie-soucasnost/,20090215011644,skip
http://www.press.sk:80/zbrane-a-technika/pevnostni-muzeum-vranov-historie-soucasnost/,https://web.archive.org/web/20090701021855/http://www.press.sk:80/zbrane-a-technika/pevnostni-muzeum-vranov-historie-soucasnost/,20090701021855,skip
http://www.press.sk:80/zbrane-a-technika/pevnostni-muzeum-vranov-historie-soucasnost/,https://web.archive.org/web/20130508230332/http://www.press.sk:80/zbrane-a-technika/pevnostni-muzeum-vranov-historie-soucasnost/,20130508230332,skip
http://www.press.sk:80/zbrane-a-technika/pevnostni-muzeum-vranov-historie-soucasnost/,https://web.archive.org/web/20150514225003/http://www.press.sk:80/zbrane-a-technika/pevnostni-muzeum-vranov-historie-soucasnost/,20150514225003,skip
http://www.press.sk:80/zbrane-a-technika/pistole/,https://web.archive.org/web/20150822114222/http://www.press.sk:80/zbrane-a-technika/pistole/,20150822114222,skip
http://www.press.sk:80/zbrane-a-technika/pistole-celeho-sveta/,https://web.archive.org/web/20090701021907/http://www.press.sk:80/zbrane-a-technika/pistole-celeho-sveta/,20090701021907,skip
http://www.press.sk:80/zbrane-a-technika/pistole-celeho-sveta+9693/,https://web.archive.org/web/20130509053341/http://www.press.sk:80/zbrane-a-technika/pistole-celeho-sveta+9693/,20130509053341,skip
http://www.press.sk:80/zbrane-a-technika/pistole-celeho-sveta+9693/,https://web.archive.org/web/20150822115413/http://www.press.sk:80/zbrane-a-technika/pistole-celeho-sveta+9693/,20150822115413,skip
http://www.press.sk:80/zbrane-a-technika/pistole-celeho-sveta-uplny-ilustrovany-pruvodce-pistolemi-a-revo/,https://web.archive.org/web/20090214002437/http://www.press.sk:80/zbrane-a-technika/pistole-celeho-sveta-uplny-ilustrovany-pruvodce-pistolemi-a-revo/,20090214002437,skip
http://www.press.sk:80/zbrane-a-technika/pistole-celeho-sveta-uplny-ilustrovany-pruvodce-pistolemi-a-revo/,https://web.archive.org/web/20090215005353/http://www.press.sk:80/zbrane-a-technika/pistole-celeho-sveta-uplny-ilustrovany-pruvodce-pistolemi-a-revo/,20090215005353,skip
http://www.press.sk:80/zbrane-a-technika/pistole-celeho-sveta-uplny-ilustrovany-pruvodce-pistolemi-a-revo/,https://web.archive.org/web/20090701021900/http://www.press.sk:80/zbrane-a-technika/pistole-celeho-sveta-uplny-ilustrovany-pruvodce-pistolemi-a-revo/,20090701021900,skip
http://www.press.sk:80/zbrane-a-technika/pistole-colt-1911/,https://web.archive.org/web/20130509015021/http://www.press.sk:80/zbrane-a-technika/pistole-colt-1911/,20130509015021,skip
http://www.press.sk:80/zbrane-a-technika/pistole-colt-1911/,https://web.archive.org/web/20150822120243/http://www.press.sk:80/zbrane-a-technika/pistole-colt-1911/,20150822120243,skip
http://www.press.sk/zbrane-a-technika/pistole-colt-1911/,https://web.archive.org/web/20160802131824/http://www.press.sk/zbrane-a-technika/pistole-colt-1911/,20160802131824,skip
http://www.press.sk:80/zbrane-a-technika/pistole-cz-75-sp-01/,https://web.archive.org/web/20130509002347/http://www.press.sk:80/zbrane-a-technika/pistole-cz-75-sp-01/,20130509002347,skip
http://www.press.sk:80/zbrane-a-technika/pistole-cz-75-sp-01/,https://web.archive.org/web/20150822115419/http://www.press.sk:80/zbrane-a-technika/pistole-cz-75-sp-01/,20150822115419,skip
http://www.press.sk:80/zbrane-a-technika/pistole-p.08-parabellum,https://web.archive.org/web/20130507105652/http://www.press.sk:80/zbrane-a-technika/pistole-p.08-parabellum,20130507105652,skip
http://www.press.sk:80/zbrane-a-technika/pistole-p.08-parabellum/,https://web.archive.org/web/20130510012233/http://www.press.sk:80/zbrane-a-technika/pistole-p.08-parabellum/,20130510012233,skip
http://www.press.sk:80/zbrane-a-technika/pistole-p.08-parabellum/,https://web.archive.org/web/20150822114647/http://www.press.sk:80/zbrane-a-technika/pistole-p.08-parabellum/,20150822114647,skip
http://www.press.sk:80/zbrane-a-technika/pistole-p.38-a-jeji-vyroba-ve-firme-spreewerk/,https://web.archive.org/web/20130509015026/http://www.press.sk:80/zbrane-a-technika/pistole-p.38-a-jeji-vyroba-ve-firme-spreewerk/,20130509015026,skip
http://www.press.sk:80/zbrane-a-technika/pistole-p.38-a-jeji-vyroba-ve-firme-spreewerk/,https://web.archive.org/web/20150822120249/http://www.press.sk:80/zbrane-a-technika/pistole-p.38-a-jeji-vyroba-ve-firme-spreewerk/,20150822120249,skip
http://www.press.sk:80/zbrane-a-technika/platnerstvi-vyroba-zbroje/,https://web.archive.org/web/20090214003601/http://www.press.sk:80/zbrane-a-technika/platnerstvi-vyroba-zbroje/,20090214003601,skip
http://www.press.sk:80/zbrane-a-technika/platnerstvi-vyroba-zbroje/,https://web.archive.org/web/20090215011649/http://www.press.sk:80/zbrane-a-technika/platnerstvi-vyroba-zbroje/,20090215011649,skip
http://www.press.sk:80/zbrane-a-technika/platnerstvi-vyroba-zbroje/,https://web.archive.org/web/20090701021910/http://www.press.sk:80/zbrane-a-technika/platnerstvi-vyroba-zbroje/,20090701021910,skip
http://www.press.sk:80/zbrane-a-technika/platnerstvi-vyroba-zbroje/,https://web.archive.org/web/20130509002352/http://www.press.sk:80/zbrane-a-technika/platnerstvi-vyroba-zbroje/,20130509002352,skip
http://www.press.sk:80/zbrane-a-technika/platnerstvi-vyroba-zbroje/,https://web.archive.org/web/20150514225009/http://www.press.sk:80/zbrane-a-technika/platnerstvi-vyroba-zbroje/,20150514225009,skip
http://www.press.sk:80/zbrane-a-technika/polish-tracks-wheels-1/,https://web.archive.org/web/20130508230337/http://www.press.sk:80/zbrane-a-technika/polish-tracks-wheels-1/,20130508230337,skip
http://www.press.sk:80/zbrane-a-technika/polish-tracks-wheels-1/,https://web.archive.org/web/20150822115423/http://www.press.sk:80/zbrane-a-technika/polish-tracks-wheels-1/,20150822115423,skip
http://www.press.sk:80/zbrane-a-technika/praga-v3s+8828/,https://web.archive.org/web/20130509002357/http://www.press.sk:80/zbrane-a-technika/praga-v3s+8828/,20130509002357,skip
http://www.press.sk:80/zbrane-a-technika/praga-v3s+8828,https://web.archive.org/web/20150820235716/http://www.press.sk:80/zbrane-a-technika/praga-v3s+8828,20150820235716,skip
http://www.press.sk:80/zbrane-a-technika/praga-v3s+8828/,https://web.archive.org/web/20150822114654/http://www.press.sk:80/zbrane-a-technika/praga-v3s+8828/,20150822114654,skip
http://www.press.sk:80/zbrane-a-technika/praga-v3s+8828,https://web.archive.org/web/20150921090943/http://www.press.sk:80/zbrane-a-technika/praga-v3s+8828,20150921090943,skip
http://www.press.sk:80/zbrane-a-technika/praga-v3s+8828,https://web.archive.org/web/20160330095700/http://www.press.sk:80/zbrane-a-technika/praga-v3s+8828,20160330095700,skip
http://www.press.sk:80/zbrane-a-technika/praga-v3s+8828,https://web.archive.org/web/20160512155833/http://www.press.sk:80/zbrane-a-technika/praga-v3s+8828,20160512155833,skip
http://www.press.sk:80/zbrane-a-technika/predpis-pro-vycvik-ve-strelbe-762mm-pistole-vz.-52/,https://web.archive.org/web/20090214002442/http://www.press.sk:80/zbrane-a-technika/predpis-pro-vycvik-ve-strelbe-762mm-pistole-vz.-52/,20090214002442,skip
http://www.press.sk:80/zbrane-a-technika/predpis-pro-vycvik-ve-strelbe-762mm-pistole-vz.-52/,https://web.archive.org/web/20090215005358/http://www.press.sk:80/zbrane-a-technika/predpis-pro-vycvik-ve-strelbe-762mm-pistole-vz.-52/,20090215005358,skip
http://www.press.sk:80/zbrane-a-technika/predpis-pro-vycvik-ve-strelbe-762mm-pistole-vz.-52/,https://web.archive.org/web/20090723172918/http://www.press.sk:80/zbrane-a-technika/predpis-pro-vycvik-ve-strelbe-762mm-pistole-vz.-52/,20090723172918,skip
http://www.press.sk:80/zbrane-a-technika/predpis-pro-vycvik-ve-strelbe-762mm-pistole-vz.-52/,https://web.archive.org/web/20130508230342/http://www.press.sk:80/zbrane-a-technika/predpis-pro-vycvik-ve-strelbe-762mm-pistole-vz.-52/,20130508230342,skip
http://www.press.sk/zbrane-a-technika/predpis-pro-vycvik-ve-strelbe-762mm-pistole-vz.-52/,https://web.archive.org/web/20130623051129/http://www.press.sk/zbrane-a-technika/predpis-pro-vycvik-ve-strelbe-762mm-pistole-vz.-52/,20130623051129,skip
http://www.press.sk:80/zbrane-a-technika/predpis-pro-vycvik-ve-strelbe-762mm-pistole-vz.-52/,https://web.archive.org/web/20150516184314/http://www.press.sk:80/zbrane-a-technika/predpis-pro-vycvik-ve-strelbe-762mm-pistole-vz.-52/,20150516184314,skip
http://www.press.sk:80/zbrane-a-technika/predpis-pro-vycvik-ve-strelbe-lehky-kulomet-vz.-52/,https://web.archive.org/web/20090214002447/http://www.press.sk:80/zbrane-a-technika/predpis-pro-vycvik-ve-strelbe-lehky-kulomet-vz.-52/,20090214002447,skip
http://www.press.sk:80/zbrane-a-technika/predpis-pro-vycvik-ve-strelbe-lehky-kulomet-vz.-52/,https://web.archive.org/web/20090215005403/http://www.press.sk:80/zbrane-a-technika/predpis-pro-vycvik-ve-strelbe-lehky-kulomet-vz.-52/,20090215005403,skip
http://www.press.sk:80/zbrane-a-technika/predpis-pro-vycvik-ve-strelbe-lehky-kulomet-vz.-52/,https://web.archive.org/web/20090701021915/http://www.press.sk:80/zbrane-a-technika/predpis-pro-vycvik-ve-strelbe-lehky-kulomet-vz.-52/,20090701021915,skip
http://www.press.sk:80/zbrane-a-technika/predpis-pro-vycvik-ve-strelbe-lehky-kulomet-vz.-52/,https://web.archive.org/web/20130509053346/http://www.press.sk:80/zbrane-a-technika/predpis-pro-vycvik-ve-strelbe-lehky-kulomet-vz.-52/,20130509053346,skip
http://www.press.sk:80/zbrane-a-technika/predpis-pro-vycvik-ve-strelbe-lehky-kulomet-vz.-52/,https://web.archive.org/web/20150515004109/http://www.press.sk:80/zbrane-a-technika/predpis-pro-vycvik-ve-strelbe-lehky-kulomet-vz.-52/,20150515004109,skip
http://www.press.sk:80/zbrane-a-technika/predpis-pro-vycvik-ve-strelbe-odstrelovaci-puska-vz.54/,https://web.archive.org/web/20090214002452/http://www.press.sk:80/zbrane-a-technika/predpis-pro-vycvik-ve-strelbe-odstrelovaci-puska-vz.54/,20090214002452,skip
http://www.press.sk:80/zbrane-a-technika/predpis-pro-vycvik-ve-strelbe-odstrelovaci-puska-vz.54/,https://web.archive.org/web/20090215005408/http://www.press.sk:80/zbrane-a-technika/predpis-pro-vycvik-ve-strelbe-odstrelovaci-puska-vz.54/,20090215005408,skip
http://www.press.sk:80/zbrane-a-technika/predpis-pro-vycvik-ve-strelbe-odstrelovaci-puska-vz.54/,https://web.archive.org/web/20090701021920/http://www.press.sk:80/zbrane-a-technika/predpis-pro-vycvik-ve-strelbe-odstrelovaci-puska-vz.54/,20090701021920,skip
http://www.press.sk:80/zbrane-a-technika/predpis-pro-vycvik-ve-strelbe-odstrelovaci-puska-vz.54,https://web.archive.org/web/20090702022546/http://www.press.sk:80/zbrane-a-technika/predpis-pro-vycvik-ve-strelbe-odstrelovaci-puska-vz.54,20090702022546,skip
http://www.press.sk:80/zbrane-a-technika/predpis-pro-vycvik-ve-strelbe-odstrelovaci-puska-vz.54,https://web.archive.org/web/20091217074354/http://www.press.sk:80/zbrane-a-technika/predpis-pro-vycvik-ve-strelbe-odstrelovaci-puska-vz.54,20091217074354,skip
http://www.press.sk:80/zbrane-a-technika/predpis-pro-vycvik-ve-strelbe-odstrelovaci-puska-vz.54,https://web.archive.org/web/20100117142504/http://www.press.sk:80/zbrane-a-technika/predpis-pro-vycvik-ve-strelbe-odstrelovaci-puska-vz.54,20100117142504,skip
http://www.press.sk:80/zbrane-a-technika/predpis-pro-vycvik-ve-strelbe-odstrelovaci-puska-vz.54/,https://web.archive.org/web/20130508230347/http://www.press.sk:80/zbrane-a-technika/predpis-pro-vycvik-ve-strelbe-odstrelovaci-puska-vz.54/,20130508230347,skip
http://www.press.sk/zbrane-a-technika/predpis-pro-vycvik-ve-strelbe-odstrelovaci-puska-vz.54/,https://web.archive.org/web/20130623025732/http://www.press.sk/zbrane-a-technika/predpis-pro-vycvik-ve-strelbe-odstrelovaci-puska-vz.54/,20130623025732,skip
http://www.press.sk:80/zbrane-a-technika/predpis-pro-vycvik-ve-strelbe-odstrelovaci-puska-vz.54/,https://web.archive.org/web/20150516184321/http://www.press.sk:80/zbrane-a-technika/predpis-pro-vycvik-ve-strelbe-odstrelovaci-puska-vz.54/,20150516184321,skip
http://www.press.sk:80/zbrane-a-technika/predpis-pro-vycvik-ve-strelbe-odstrelovaci-puska-vz.54,https://web.archive.org/web/20170104054745/http://www.press.sk:80/zbrane-a-technika/predpis-pro-vycvik-ve-strelbe-odstrelovaci-puska-vz.54,20170104054745,skip
http://www.press.sk:80/zbrane-a-technika/predpis-pro-vycvik-ve-strelbe-samonabijeci-puska-vz.-52/,https://web.archive.org/web/20090214003606/http://www.press.sk:80/zbrane-a-technika/predpis-pro-vycvik-ve-strelbe-samonabijeci-puska-vz.-52/,20090214003606,skip
http://www.press.sk:80/zbrane-a-technika/predpis-pro-vycvik-ve-strelbe-samonabijeci-puska-vz.-52/,https://web.archive.org/web/20090215011654/http://www.press.sk:80/zbrane-a-technika/predpis-pro-vycvik-ve-strelbe-samonabijeci-puska-vz.-52/,20090215011654,skip
http://www.press.sk:80/zbrane-a-technika/predpis-pro-vycvik-ve-strelbe-samonabijeci-puska-vz.-52/,https://web.archive.org/web/20090701021925/http://www.press.sk:80/zbrane-a-technika/predpis-pro-vycvik-ve-strelbe-samonabijeci-puska-vz.-52/,20090701021925,skip
http://www.press.sk:80/zbrane-a-technika/predpis-pro-vycvik-ve-strelbe-samonabijeci-puska-vz.-52/,https://web.archive.org/web/20130508230352/http://www.press.sk:80/zbrane-a-technika/predpis-pro-vycvik-ve-strelbe-samonabijeci-puska-vz.-52/,20130508230352,skip
http://www.press.sk/zbrane-a-technika/predpis-pro-vycvik-ve-strelbe-samonabijeci-puska-vz.-52/,https://web.archive.org/web/20130623024844/http://www.press.sk/zbrane-a-technika/predpis-pro-vycvik-ve-strelbe-samonabijeci-puska-vz.-52/,20130623024844,skip
http://www.press.sk:80/zbrane-a-technika/predpis-pro-vycvik-ve-strelbe-samonabijeci-puska-vz.-52/,https://web.archive.org/web/20150516182246/http://www.press.sk:80/zbrane-a-technika/predpis-pro-vycvik-ve-strelbe-samonabijeci-puska-vz.-52/,20150516182246,skip
http://www.press.sk:80/zbrane-a-technika/predpis-pro-vycvik-ve-strelbe-samopal-24-a-26/,https://web.archive.org/web/20090214002457/http://www.press.sk:80/zbrane-a-technika/predpis-pro-vycvik-ve-strelbe-samopal-24-a-26/,20090214002457,skip
http://www.press.sk:80/zbrane-a-technika/predpis-pro-vycvik-ve-strelbe-samopal-24-a-26/,https://web.archive.org/web/20090215010151/http://www.press.sk:80/zbrane-a-technika/predpis-pro-vycvik-ve-strelbe-samopal-24-a-26/,20090215010151,skip
http://www.press.sk:80/zbrane-a-technika/predpis-pro-vycvik-ve-strelbe-samopal-24-a-26/,https://web.archive.org/web/20090701021930/http://www.press.sk:80/zbrane-a-technika/predpis-pro-vycvik-ve-strelbe-samopal-24-a-26/,20090701021930,skip
http://www.press.sk:80/zbrane-a-technika/predpisy-o-strelnych-zbraniach-a-strelecky-poriadok-do-vrecka/,https://web.archive.org/web/20150822050623/http://www.press.sk:80/zbrane-a-technika/predpisy-o-strelnych-zbraniach-a-strelecky-poriadok-do-vrecka/,20150822050623,skip
http://www.press.sk:80/zbrane-a-technika/protiraketova-obrana-americky-projekt-a-jeho-mezinarodni-souvis/,https://web.archive.org/web/20090214003612/http://www.press.sk:80/zbrane-a-technika/protiraketova-obrana-americky-projekt-a-jeho-mezinarodni-souvis/,20090214003612,skip
http://www.press.sk:80/zbrane-a-technika/protiraketova-obrana-americky-projekt-a-jeho-mezinarodni-souvis/,https://web.archive.org/web/20090215010843/http://www.press.sk:80/zbrane-a-technika/protiraketova-obrana-americky-projekt-a-jeho-mezinarodni-souvis/,20090215010843,skip
http://www.press.sk:80/zbrane-a-technika/protiraketova-obrana-americky-projekt-a-jeho-mezinarodni-souvis/,https://web.archive.org/web/20090701021935/http://www.press.sk:80/zbrane-a-technika/protiraketova-obrana-americky-projekt-a-jeho-mezinarodni-souvis/,20090701021935,skip
http://www.press.sk:80/zbrane-a-technika/pt-76-family-in-detail/,https://web.archive.org/web/20090214003617/http://www.press.sk:80/zbrane-a-technika/pt-76-family-in-detail/,20090214003617,skip
http://www.press.sk:80/zbrane-a-technika/pt-76-family-in-detail/,https://web.archive.org/web/20090215011700/http://www.press.sk:80/zbrane-a-technika/pt-76-family-in-detail/,20090215011700,skip
http://www.press.sk:80/zbrane-a-technika/pt-76-family-in-detail/,https://web.archive.org/web/20090701021940/http://www.press.sk:80/zbrane-a-technika/pt-76-family-in-detail/,20090701021940,skip
http://www.press.sk:80/zbrane-a-technika/pt-76-family-in-detail/,https://web.archive.org/web/20130508230358/http://www.press.sk:80/zbrane-a-technika/pt-76-family-in-detail/,20130508230358,skip
http://www.press.sk:80/zbrane-a-technika/pt-76-family-in-detail/,https://web.archive.org/web/20150516182746/http://www.press.sk:80/zbrane-a-technika/pt-76-family-in-detail/,20150516182746,skip
http://www.press.sk:80/zbrane-a-technika/puska-k98k/,https://web.archive.org/web/20130509002403/http://www.press.sk:80/zbrane-a-technika/puska-k98k/,20130509002403,skip
http://www.press.sk:80/zbrane-a-technika/puska-k98k/,https://web.archive.org/web/20150516183900/http://www.press.sk:80/zbrane-a-technika/puska-k98k/,20150516183900,skip
http://www.press.sk:80/zbrane-a-technika/puskarstvi/,https://web.archive.org/web/20130509002408/http://www.press.sk:80/zbrane-a-technika/puskarstvi/,20130509002408,skip
http://www.press.sk:80/zbrane-a-technika/puskarstvi/,https://web.archive.org/web/20150822115431/http://www.press.sk:80/zbrane-a-technika/puskarstvi/,20150822115431,skip
http://www.press.sk:80/zbrane-a-technika/pusky-a-samopaly/,https://web.archive.org/web/20090214003623/http://www.press.sk:80/zbrane-a-technika/pusky-a-samopaly/,20090214003623,skip
http://www.press.sk:80/zbrane-a-technika/pusky-a-samopaly/,https://web.archive.org/web/20090215011705/http://www.press.sk:80/zbrane-a-technika/pusky-a-samopaly/,20090215011705,skip
http://www.press.sk:80/zbrane-a-technika/pz.-kpfw.-35t-in-detail/,https://web.archive.org/web/20130509002414/http://www.press.sk:80/zbrane-a-technika/pz.-kpfw.-35t-in-detail/,20130509002414,skip
http://www.press.sk:80/zbrane-a-technika/pz.-kpfw.-35t-in-detail/,https://web.archive.org/web/20150822115434/http://www.press.sk:80/zbrane-a-technika/pz.-kpfw.-35t-in-detail/,20150822115434,skip
http://www.press.sk:80/zbrane-a-technika/recka-a-rimska-oblehaci-technika-399-pr.n.l.-363-n.l./,https://web.archive.org/web/20081218214254/http://www.press.sk:80/zbrane-a-technika/recka-a-rimska-oblehaci-technika-399-pr.n.l.-363-n.l./,20081218214254,skip
http://www.press.sk:80/zbrane-a-technika/recka-a-rimska-oblehaci-technika-399-pr.n.l.-363-n.l./,https://web.archive.org/web/20090220005001/http://www.press.sk:80/zbrane-a-technika/recka-a-rimska-oblehaci-technika-399-pr.n.l.-363-n.l./,20090220005001,skip
http://www.press.sk:80/zbrane-a-technika/recka-a-rimska-oblehaci-technika-399-pr.n.l.-363-n.l./,https://web.archive.org/web/20090701000908/http://www.press.sk:80/zbrane-a-technika/recka-a-rimska-oblehaci-technika-399-pr.n.l.-363-n.l./,20090701000908,skip
http://www.press.sk:80/zbrane-a-technika/recka-a-rimska-oblehaci-technika-399-pr.n.l.-363-n.l./,https://web.archive.org/web/20130509002417/http://www.press.sk:80/zbrane-a-technika/recka-a-rimska-oblehaci-technika-399-pr.n.l.-363-n.l./,20130509002417,skip
http://www.press.sk:80/zbrane-a-technika/recka-a-rimska-oblehaci-technika-399-pr.n.l.-363-n.l./,https://web.archive.org/web/20150516184325/http://www.press.sk:80/zbrane-a-technika/recka-a-rimska-oblehaci-technika-399-pr.n.l.-363-n.l./,20150516184325,skip
http://www.press.sk:80/zbrane-a-technika/revolvery-a-pistole-treti-doplnene-vydani/,https://web.archive.org/web/20090214002502/http://www.press.sk:80/zbrane-a-technika/revolvery-a-pistole-treti-doplnene-vydani/,20090214002502,skip
http://www.press.sk:80/zbrane-a-technika/revolvery-a-pistole-treti-doplnene-vydani/,https://web.archive.org/web/20090215005413/http://www.press.sk:80/zbrane-a-technika/revolvery-a-pistole-treti-doplnene-vydani/,20090215005413,skip
http://www.press.sk:80/zbrane-a-technika/rg-31-mrap-part-one-in-detail/,https://web.archive.org/web/20150822114658/http://www.press.sk:80/zbrane-a-technika/rg-31-mrap-part-one-in-detail/,20150822114658,skip
http://www.press.sk:80/zbrane-a-technika/rucni-a-puskove-granaty/,https://web.archive.org/web/20130508230403/http://www.press.sk:80/zbrane-a-technika/rucni-a-puskove-granaty/,20130508230403,skip
http://www.press.sk:80/zbrane-a-technika/rucni-a-puskove-granaty/,https://web.archive.org/web/20150822114703/http://www.press.sk:80/zbrane-a-technika/rucni-a-puskove-granaty/,20150822114703,skip
http://www.press.sk:80/zbrane-a-technika/rucni-palne-zbrane-i./,https://web.archive.org/web/20090214003630/http://www.press.sk:80/zbrane-a-technika/rucni-palne-zbrane-i./,20090214003630,skip
http://www.press.sk:80/zbrane-a-technika/rucni-palne-zbrane-i./,https://web.archive.org/web/20090215011710/http://www.press.sk:80/zbrane-a-technika/rucni-palne-zbrane-i./,20090215011710,skip
http://www.press.sk:80/zbrane-a-technika/rucni-palne-zbrane-i.,https://web.archive.org/web/20090630030431/http://www.press.sk:80/zbrane-a-technika/rucni-palne-zbrane-i.,20090630030431,skip
http://www.press.sk:80/zbrane-a-technika/rucni-palne-zbrane-i./,https://web.archive.org/web/20090701000912/http://www.press.sk:80/zbrane-a-technika/rucni-palne-zbrane-i./,20090701000912,skip
http://www.press.sk:80/zbrane-a-technika/rucni-palne-zbrane-ii.dil/,https://web.archive.org/web/20090214003633/http://www.press.sk:80/zbrane-a-technika/rucni-palne-zbrane-ii.dil/,20090214003633,skip
http://www.press.sk:80/zbrane-a-technika/rucni-palne-zbrane-ii.dil/,https://web.archive.org/web/20090215011715/http://www.press.sk:80/zbrane-a-technika/rucni-palne-zbrane-ii.dil/,20090215011715,skip
http://www.press.sk:80/zbrane-a-technika/rukovet-pro-aspiranty-a-dustojniky-v-zaloze-dil-1-svazek-2/,https://web.archive.org/web/20090214002507/http://www.press.sk:80/zbrane-a-technika/rukovet-pro-aspiranty-a-dustojniky-v-zaloze-dil-1-svazek-2/,20090214002507,skip
http://www.press.sk:80/zbrane-a-technika/rukovet-pro-aspiranty-a-dustojniky-v-zaloze-dil-1-svazek-2/,https://web.archive.org/web/20090215005419/http://www.press.sk:80/zbrane-a-technika/rukovet-pro-aspiranty-a-dustojniky-v-zaloze-dil-1-svazek-2/,20090215005419,skip
http://www.press.sk:80/zbrane-a-technika/rukovet-pro-aspiranty-a-dustojniky-v-zaloze-dil-1-svazek-2/,https://web.archive.org/web/20090701000917/http://www.press.sk:80/zbrane-a-technika/rukovet-pro-aspiranty-a-dustojniky-v-zaloze-dil-1-svazek-2/,20090701000917,skip
http://www.press.sk:80/zbrane-a-technika/rychlopalna-karabina-sten-gun/,https://web.archive.org/web/20090214003638/http://www.press.sk:80/zbrane-a-technika/rychlopalna-karabina-sten-gun/,20090214003638,skip
http://www.press.sk:80/zbrane-a-technika/rychlopalna-karabina-sten-gun/,https://web.archive.org/web/20090215010848/http://www.press.sk:80/zbrane-a-technika/rychlopalna-karabina-sten-gun/,20090215010848,skip
http://www.press.sk:80/zbrane-a-technika/rychlopalna-karabina-sten-gun/,https://web.archive.org/web/20130508230408/http://www.press.sk:80/zbrane-a-technika/rychlopalna-karabina-sten-gun/,20130508230408,skip
http://www.press.sk/zbrane-a-technika/rychlopalna-karabina-sten-gun/,https://web.archive.org/web/20130623005112/http://www.press.sk/zbrane-a-technika/rychlopalna-karabina-sten-gun/,20130623005112,skip
http://www.press.sk:80/zbrane-a-technika/rychlopalna-karabina-sten-gun/,https://web.archive.org/web/20150516180823/http://www.press.sk:80/zbrane-a-technika/rychlopalna-karabina-sten-gun/,20150516180823,skip
http://www.press.sk:80/zbrane-a-technika/sa-6-gainful-in-detail/,https://web.archive.org/web/20090214002513/http://www.press.sk:80/zbrane-a-technika/sa-6-gainful-in-detail/,20090214002513,skip
http://www.press.sk:80/zbrane-a-technika/sa-6-gainful-in-detail/,https://web.archive.org/web/20090215005423/http://www.press.sk:80/zbrane-a-technika/sa-6-gainful-in-detail/,20090215005423,skip
http://www.press.sk:80/zbrane-a-technika/sa-6-gainful-in-detail/,https://web.archive.org/web/20090701000922/http://www.press.sk:80/zbrane-a-technika/sa-6-gainful-in-detail/,20090701000922,skip
http://www.press.sk:80/zbrane-a-technika/sa-6-gainful-in-detail/,https://web.archive.org/web/20130509054419/http://www.press.sk:80/zbrane-a-technika/sa-6-gainful-in-detail/,20130509054419,skip
http://www.press.sk:80/zbrane-a-technika/sa-6-gainful-in-detail/,https://web.archive.org/web/20150515003939/http://www.press.sk:80/zbrane-a-technika/sa-6-gainful-in-detail/,20150515003939,skip
http://www.press.sk:80/zbrane-a-technika/samopal-762-mm-vz.-41/,https://web.archive.org/web/20090214002518/http://www.press.sk:80/zbrane-a-technika/samopal-762-mm-vz.-41/,20090214002518,skip
http://www.press.sk:80/zbrane-a-technika/samopal-762-mm-vz.-41/,https://web.archive.org/web/20090215010156/http://www.press.sk:80/zbrane-a-technika/samopal-762-mm-vz.-41/,20090215010156,skip
http://www.press.sk:80/zbrane-a-technika/samopal-762-mm-vz.-41/,https://web.archive.org/web/20090701000927/http://www.press.sk:80/zbrane-a-technika/samopal-762-mm-vz.-41/,20090701000927,skip
http://www.press.sk:80/zbrane-a-technika/samopal-762-mm-vz.-41,https://web.archive.org/web/20130507105748/http://www.press.sk:80/zbrane-a-technika/samopal-762-mm-vz.-41,20130507105748,skip
http://www.press.sk:80/zbrane-a-technika/samopal-762-mm-vz.-41/,https://web.archive.org/web/20130508230413/http://www.press.sk:80/zbrane-a-technika/samopal-762-mm-vz.-41/,20130508230413,skip
http://www.press.sk:80/zbrane-a-technika/samopal-762-mm-vz.-41/,https://web.archive.org/web/20150514225014/http://www.press.sk:80/zbrane-a-technika/samopal-762-mm-vz.-41/,20150514225014,skip
http://www.press.sk:80/zbrane-a-technika/samopal-vz.-58+6341/,https://web.archive.org/web/20130509002422/http://www.press.sk:80/zbrane-a-technika/samopal-vz.-58+6341/,20130509002422,skip
http://www.press.sk:80/zbrane-a-technika/samopal-vz.-58+6341/,https://web.archive.org/web/20150822114708/http://www.press.sk:80/zbrane-a-technika/samopal-vz.-58+6341/,20150822114708,skip
http://www.press.sk:80/zbrane-a-technika/samopaly/,https://web.archive.org/web/20090214002524/http://www.press.sk:80/zbrane-a-technika/samopaly/,20090214002524,skip
http://www.press.sk:80/zbrane-a-technika/samopaly/,https://web.archive.org/web/20090215005428/http://www.press.sk:80/zbrane-a-technika/samopaly/,20090215005428,skip
http://www.press.sk:80/zbrane-a-technika/samopaly,https://web.archive.org/web/20090630030436/http://www.press.sk:80/zbrane-a-technika/samopaly,20090630030436,skip
http://www.press.sk:80/zbrane-a-technika/samopaly/,https://web.archive.org/web/20090701000932/http://www.press.sk:80/zbrane-a-technika/samopaly/,20090701000932,skip
http://www.press.sk:80/zbrane-a-technika/samopaly,https://web.archive.org/web/20100122142128/http://www.press.sk:80/zbrane-a-technika/samopaly,20100122142128,skip
http://www.press.sk:80/zbrane-a-technika/samopaly/,https://web.archive.org/web/20130508230418/http://www.press.sk:80/zbrane-a-technika/samopaly/,20130508230418,skip
http://www.press.sk:80/zbrane-a-technika/samopaly/,https://web.archive.org/web/20150514225020/http://www.press.sk:80/zbrane-a-technika/samopaly/,20150514225020,skip
http://www.press.sk:80/zbrane-a-technika/samurajsky-mec/,https://web.archive.org/web/20090214002531/http://www.press.sk:80/zbrane-a-technika/samurajsky-mec/,20090214002531,skip
http://www.press.sk:80/zbrane-a-technika/samurajsky-mec/,https://web.archive.org/web/20090215005433/http://www.press.sk:80/zbrane-a-technika/samurajsky-mec/,20090215005433,skip
http://www.press.sk:80/zbrane-a-technika/samurajsky-mec/,https://web.archive.org/web/20130508230423/http://www.press.sk:80/zbrane-a-technika/samurajsky-mec/,20130508230423,skip
http://www.press.sk:80/zbrane-a-technika/samurajsky-mec/,https://web.archive.org/web/20150516183223/http://www.press.sk:80/zbrane-a-technika/samurajsky-mec/,20150516183223,skip
http://www.press.sk:80/zbrane-a-technika/samurajsky-mec,https://web.archive.org/web/20151117201052/http://www.press.sk:80/zbrane-a-technika/samurajsky-mec,20151117201052,skip
http://www.press.sk:80/zbrane-a-technika/samurajsky-mec,https://web.archive.org/web/20151218163432/http://www.press.sk:80/zbrane-a-technika/samurajsky-mec,20151218163432,skip
http://www.press.sk:80/zbrane-a-technika/samurajsky-mec,https://web.archive.org/web/20160401153254/http://www.press.sk:80/zbrane-a-technika/samurajsky-mec,20160401153254,skip
http://www.press.sk:80/zbrane-a-technika/samurajsky-mec,https://web.archive.org/web/20160402190018/http://www.press.sk:80/zbrane-a-technika/samurajsky-mec,20160402190018,skip
http://www.press.sk:80/zbrane-a-technika/samurajsky-mec,https://web.archive.org/web/20160515101227/http://www.press.sk:80/zbrane-a-technika/samurajsky-mec,20160515101227,skip
http://www.press.sk:80/zbrane-a-technika/sas-panthers-in-detail/,https://web.archive.org/web/20110119095236/http://www.press.sk:80/zbrane-a-technika/sas-panthers-in-detail/,20110119095236,skip
http://www.press.sk:80/zbrane-a-technika/sas-panthers-in-detail/,https://web.archive.org/web/20130509002427/http://www.press.sk:80/zbrane-a-technika/sas-panthers-in-detail/,20130509002427,skip
http://www.press.sk:80/zbrane-a-technika/sas-panthers-in-detail/,https://web.archive.org/web/20150822114712/http://www.press.sk:80/zbrane-a-technika/sas-panthers-in-detail/,20150822114712,skip
https://www.press.sk/zbrane-a-technika/sberatel-historickych-palnych-zbrani-nabojove-zadovky-a-revolver/,https://web.archive.org/web/20190819105743/https://www.press.sk/zbrane-a-technika/sberatel-historickych-palnych-zbrani-nabojove-zadovky-a-revolver/,20190819105743,skip
https://www.press.sk/zbrane-a-technika/sberatel-historickych-palnych-zbrani-nabojove-zadovky-a-revolver/,https://web.archive.org/web/20191015220009/https://www.press.sk/zbrane-a-technika/sberatel-historickych-palnych-zbrani-nabojove-zadovky-a-revolver/,20191015220009,skip
http://www.press.sk:80/zbrane-a-technika/sbirka-pistoli-a-revolveru-z-ceskych-soukromych-sbirek/,https://web.archive.org/web/20090214002535/http://www.press.sk:80/zbrane-a-technika/sbirka-pistoli-a-revolveru-z-ceskych-soukromych-sbirek/,20090214002535,skip
http://www.press.sk:80/zbrane-a-technika/sbirka-pistoli-a-revolveru-z-ceskych-soukromych-sbirek/,https://web.archive.org/web/20090215005438/http://www.press.sk:80/zbrane-a-technika/sbirka-pistoli-a-revolveru-z-ceskych-soukromych-sbirek/,20090215005438,skip
http://www.press.sk:80/zbrane-a-technika/sbirka-pistoli-a-revolveru-z-ceskych-soukromych-sbirek/,https://web.archive.org/web/20090701021945/http://www.press.sk:80/zbrane-a-technika/sbirka-pistoli-a-revolveru-z-ceskych-soukromych-sbirek/,20090701021945,skip
http://www.press.sk:80/zbrane-a-technika/schweres-kraftrad-bmw-typ-r12-in-detail/,https://web.archive.org/web/20110912040207/http://www.press.sk:80/zbrane-a-technika/schweres-kraftrad-bmw-typ-r12-in-detail/,20110912040207,skip
http://www.press.sk:80/zbrane-a-technika/schweres-kraftrad-bmw-typ-r12-in-detail/,https://web.archive.org/web/20130508230428/http://www.press.sk:80/zbrane-a-technika/schweres-kraftrad-bmw-typ-r12-in-detail/,20130508230428,skip
http://www.press.sk:80/zbrane-a-technika/schweres-kraftrad-bmw-typ-r12-in-detail/,https://web.archive.org/web/20150822120254/http://www.press.sk:80/zbrane-a-technika/schweres-kraftrad-bmw-typ-r12-in-detail/,20150822120254,skip
http://www.press.sk:80/zbrane-a-technika/scud-rizena-strela-a-odpalovaci-systemy-1955-2005/,https://web.archive.org/web/20090214002542/http://www.press.sk:80/zbrane-a-technika/scud-rizena-strela-a-odpalovaci-systemy-1955-2005/,20090214002542,skip
http://www.press.sk:80/zbrane-a-technika/scud-rizena-strela-a-odpalovaci-systemy-1955-2005/,https://web.archive.org/web/20090215005443/http://www.press.sk:80/zbrane-a-technika/scud-rizena-strela-a-odpalovaci-systemy-1955-2005/,20090215005443,skip
http://www.press.sk:80/zbrane-a-technika/scud-rizena-strela-a-odpalovaci-systemy-1955-2005/,https://web.archive.org/web/20090701021953/http://www.press.sk:80/zbrane-a-technika/scud-rizena-strela-a-odpalovaci-systemy-1955-2005/,20090701021953,skip
http://www.press.sk:80/zbrane-a-technika/scud-rizena-strela-a-odpalovaci-systemy-1955-2005/,https://web.archive.org/web/20130509002432/http://www.press.sk:80/zbrane-a-technika/scud-rizena-strela-a-odpalovaci-systemy-1955-2005/,20130509002432,skip
http://www.press.sk:80/zbrane-a-technika/scud-rizena-strela-a-odpalovaci-systemy-1955-2005/,https://web.archive.org/web/20150516184331/http://www.press.sk:80/zbrane-a-technika/scud-rizena-strela-a-odpalovaci-systemy-1955-2005/,20150516184331,skip
http://www.press.sk:80/zbrane-a-technika/sd.-kfz.-251/,https://web.archive.org/web/20130509053351/http://www.press.sk:80/zbrane-a-technika/sd.-kfz.-251/,20130509053351,skip
http://www.press.sk:80/zbrane-a-technika/sd.-kfz.-251/,https://web.archive.org/web/20150822114717/http://www.press.sk:80/zbrane-a-technika/sd.-kfz.-251/,20150822114717,skip
https://www.press.sk/zbrane-a-technika/sd.-kfz.-251/,https://web.archive.org/web/20190916211027/https://www.press.sk/zbrane-a-technika/sd.-kfz.-251/,20190916211027,skip
https://www.press.sk/zbrane-a-technika/sd.-kfz.-251/,https://web.archive.org/web/20191117055727/https://www.press.sk/zbrane-a-technika/sd.-kfz.-251/,20191117055727,skip
https://www.press.sk/zbrane-a-technika/sd.-kfz.-251/?utm_source=newsletter&utm_campaign=November_2011&utm_medium=archive,https://web.archive.org/web/20190823004453/https://www.press.sk/zbrane-a-technika/sd.-kfz.-251/?utm_source=newsletter&utm_campaign=November_2011&utm_medium=archive,20190823004453,skip
http://www.press.sk:80/zbrane-a-technika/sd.kfz.-10-in-detail/,https://web.archive.org/web/20110119095301/http://www.press.sk:80/zbrane-a-technika/sd.kfz.-10-in-detail/,20110119095301,skip
http://www.press.sk:80/zbrane-a-technika/sd.kfz.-10-in-detail/,https://web.archive.org/web/20130508230433/http://www.press.sk:80/zbrane-a-technika/sd.kfz.-10-in-detail/,20130508230433,skip
http://www.press.sk:80/zbrane-a-technika/sd.kfz.-10-in-detail/,https://web.archive.org/web/20150822114723/http://www.press.sk:80/zbrane-a-technika/sd.kfz.-10-in-detail/,20150822114723,skip
http://www.press.sk:80/zbrane-a-technika/sd.kfz.-2511-in-detail/,https://web.archive.org/web/20090214003650/http://www.press.sk:80/zbrane-a-technika/sd.kfz.-2511-in-detail/,20090214003650,skip
http://www.press.sk:80/zbrane-a-technika/sd.kfz.-2511-in-detail/,https://web.archive.org/web/20090215011727/http://www.press.sk:80/zbrane-a-technika/sd.kfz.-2511-in-detail/,20090215011727,skip
http://www.press.sk:80/zbrane-a-technika/sd.kfz.-2511-in-detail/,https://web.archive.org/web/20090701021957/http://www.press.sk:80/zbrane-a-technika/sd.kfz.-2511-in-detail/,20090701021957,skip
http://www.press.sk:80/zbrane-a-technika/sd.kfz.-2511-in-detail/,https://web.archive.org/web/20130509054424/http://www.press.sk:80/zbrane-a-technika/sd.kfz.-2511-in-detail/,20130509054424,skip
http://www.press.sk:80/zbrane-a-technika/sd.kfz.-2511-in-detail/,https://web.archive.org/web/20150515004137/http://www.press.sk:80/zbrane-a-technika/sd.kfz.-2511-in-detail/,20150515004137,skip
http://www.press.sk/zbrane-a-technika/sd.kfz.-2511-in-detail/,https://web.archive.org/web/20160802164424/http://www.press.sk/zbrane-a-technika/sd.kfz.-2511-in-detail/,20160802164424,skip
http://www.press.sk/zbrane-a-technika/sd.kfz.-2511-in-detail/,https://web.archive.org/web/20170405152755/http://www.press.sk/zbrane-a-technika/sd.kfz.-2511-in-detail/,20170405152755,skip
http://www.press.sk:80/zbrane-a-technika/sfh-18-family/,https://web.archive.org/web/20090214002547/http://www.press.sk:80/zbrane-a-technika/sfh-18-family/,20090214002547,skip
http://www.press.sk:80/zbrane-a-technika/sfh-18-family/,https://web.archive.org/web/20090215010201/http://www.press.sk:80/zbrane-a-technika/sfh-18-family/,20090215010201,skip
http://www.press.sk:80/zbrane-a-technika/sfh-18-family/,https://web.archive.org/web/20090701022002/http://www.press.sk:80/zbrane-a-technika/sfh-18-family/,20090701022002,skip
http://www.press.sk:80/zbrane-a-technika/sfh-18-family/,https://web.archive.org/web/20130508230439/http://www.press.sk:80/zbrane-a-technika/sfh-18-family/,20130508230439,skip
http://www.press.sk:80/zbrane-a-technika/sfh-18-family/,https://web.archive.org/web/20150516183227/http://www.press.sk:80/zbrane-a-technika/sfh-18-family/,20150516183227,skip
http://www.press.sk:80/zbrane-a-technika/sherman-firefly-vs-tiger-normandie-1944/,https://web.archive.org/web/20090214003655/http://www.press.sk:80/zbrane-a-technika/sherman-firefly-vs-tiger-normandie-1944/,20090214003655,skip
http://www.press.sk:80/zbrane-a-technika/sherman-firefly-vs-tiger-normandie-1944/,https://web.archive.org/web/20090215010853/http://www.press.sk:80/zbrane-a-technika/sherman-firefly-vs-tiger-normandie-1944/,20090215010853,skip
http://www.press.sk:80/zbrane-a-technika/sherman-firefly-vs-tiger-normandie-1944/,https://web.archive.org/web/20090701022007/http://www.press.sk:80/zbrane-a-technika/sherman-firefly-vs-tiger-normandie-1944/,20090701022007,skip
http://www.press.sk:80/zbrane-a-technika/sherman-firefly-vs-tiger-normandie-1944/,https://web.archive.org/web/20130509002437/http://www.press.sk:80/zbrane-a-technika/sherman-firefly-vs-tiger-normandie-1944/,20130509002437,skip
http://www.press.sk:80/zbrane-a-technika/sherman-firefly-vs-tiger-normandie-1944/,https://web.archive.org/web/20150516183232/http://www.press.sk:80/zbrane-a-technika/sherman-firefly-vs-tiger-normandie-1944/,20150516183232,skip
http://www.press.sk:80/zbrane-a-technika/shf-18-family-in-detail/,https://web.archive.org/web/20090214002552/http://www.press.sk:80/zbrane-a-technika/shf-18-family-in-detail/,20090214002552,skip
http://www.press.sk:80/zbrane-a-technika/shf-18-family-in-detail/,https://web.archive.org/web/20090215005449/http://www.press.sk:80/zbrane-a-technika/shf-18-family-in-detail/,20090215005449,skip
http://www.press.sk:80/zbrane-a-technika/shf-18-family-in-detail/,https://web.archive.org/web/20090701022012/http://www.press.sk:80/zbrane-a-technika/shf-18-family-in-detail/,20090701022012,skip
http://www.press.sk:80/zbrane-a-technika/shf-18-family-in-detail/,https://web.archive.org/web/20130509002442/http://www.press.sk:80/zbrane-a-technika/shf-18-family-in-detail/,20130509002442,skip
http://www.press.sk:80/zbrane-a-technika/shf-18-family-in-detail/,https://web.archive.org/web/20150516181810/http://www.press.sk:80/zbrane-a-technika/shf-18-family-in-detail/,20150516181810,skip
https://www.press.sk/zbrane-a-technika/shf-18-family-in-detail/,https://web.archive.org/web/20191022094341/https://www.press.sk/zbrane-a-technika/shf-18-family-in-detail/,20191022094341,skip
http://www.press.sk:80/zbrane-a-technika/skoda-rso-typ-175/,https://web.archive.org/web/20130509002447/http://www.press.sk:80/zbrane-a-technika/skoda-rso-typ-175/,20130509002447,skip
http://www.press.sk:80/zbrane-a-technika/skoda-rso-typ-175/,https://web.archive.org/web/20150822114728/http://www.press.sk:80/zbrane-a-technika/skoda-rso-typ-175/,20150822114728,skip
http://www.press.sk:80/zbrane-a-technika/skorpion/,https://web.archive.org/web/20090214003700/http://www.press.sk:80/zbrane-a-technika/skorpion/,20090214003700,skip
http://www.press.sk:80/zbrane-a-technika/skorpion/,https://web.archive.org/web/20090215011733/http://www.press.sk:80/zbrane-a-technika/skorpion/,20090215011733,skip
http://www.press.sk:80/zbrane-a-technika/skorpion/,https://web.archive.org/web/20090701022017/http://www.press.sk:80/zbrane-a-technika/skorpion/,20090701022017,skip
http://www.press.sk:80/zbrane-a-technika/skorpion/,https://web.archive.org/web/20130508230444/http://www.press.sk:80/zbrane-a-technika/skorpion/,20130508230444,skip
http://www.press.sk/zbrane-a-technika/skorpion/,https://web.archive.org/web/20130623045224/http://www.press.sk/zbrane-a-technika/skorpion/,20130623045224,skip
http://www.press.sk:80/zbrane-a-technika/skorpion/,https://web.archive.org/web/20150516183956/http://www.press.sk:80/zbrane-a-technika/skorpion/,20150516183956,skip
http://www.press.sk:80/zbrane-a-technika/slavne-strelne-a-raketove-zbrane/,https://web.archive.org/web/20150822114227/http://www.press.sk:80/zbrane-a-technika/slavne-strelne-a-raketove-zbrane/,20150822114227,skip
http://www.press.sk:80/zbrane-a-technika/slavni-ceskoslovensti-zbranari/,https://web.archive.org/web/20150822120259/http://www.press.sk:80/zbrane-a-technika/slavni-ceskoslovensti-zbranari/,20150822120259,skip
https://www.press.sk/zbrane-a-technika/slavni-ceskoslovensti-zbranari/,https://web.archive.org/web/20190826092324/https://www.press.sk/zbrane-a-technika/slavni-ceskoslovensti-zbranari/,20190826092324,skip
http://www.press.sk:80/zbrane-a-technika/sovetske-opevneni-1928-1945/,https://web.archive.org/web/20130509012523/http://www.press.sk:80/zbrane-a-technika/sovetske-opevneni-1928-1945/,20130509012523,skip
http://www.press.sk:80/zbrane-a-technika/sovetske-opevneni-1928-1945/,https://web.archive.org/web/20150822120304/http://www.press.sk:80/zbrane-a-technika/sovetske-opevneni-1928-1945/,20150822120304,skip
http://www.press.sk:80/zbrane-a-technika/sovetske-strategicke-letectvo-v-dobe-studene-valky/,https://web.archive.org/web/20150822114231/http://www.press.sk:80/zbrane-a-technika/sovetske-strategicke-letectvo-v-dobe-studene-valky/,20150822114231,skip
http://www.press.sk:80/zbrane-a-technika/sovetske-tanky-1939-1945/,https://web.archive.org/web/20110516001420/http://www.press.sk:80/zbrane-a-technika/sovetske-tanky-1939-1945/,20110516001420,skip
http://www.press.sk:80/zbrane-a-technika/sovetske-tanky-1939-1945/,https://web.archive.org/web/20110912101234/http://www.press.sk:80/zbrane-a-technika/sovetske-tanky-1939-1945/,20110912101234,skip
http://www.press.sk:80/zbrane-a-technika/sovetske-tanky-1939-1945/,https://web.archive.org/web/20130509002452/http://www.press.sk:80/zbrane-a-technika/sovetske-tanky-1939-1945/,20130509002452,skip
http://www.press.sk:80/zbrane-a-technika/sovetske-tanky-1939-1945/,https://web.archive.org/web/20130510012236/http://www.press.sk:80/zbrane-a-technika/sovetske-tanky-1939-1945/,20130510012236,skip
http://www.press.sk:80/zbrane-a-technika/sovetske-tanky-1939-1945/,https://web.archive.org/web/20150822115439/http://www.press.sk:80/zbrane-a-technika/sovetske-tanky-1939-1945/,20150822115439,skip
http://www.press.sk:80/zbrane-a-technika/sovetske-tanky-t-54-a-t-55/,https://web.archive.org/web/20110514205611/http://www.press.sk:80/zbrane-a-technika/sovetske-tanky-t-54-a-t-55/,20110514205611,skip
http://www.press.sk:80/zbrane-a-technika/sovetske-tanky-t-54-a-t-55/,https://web.archive.org/web/20110516001639/http://www.press.sk:80/zbrane-a-technika/sovetske-tanky-t-54-a-t-55/,20110516001639,skip
http://www.press.sk:80/zbrane-a-technika/sovetske-tanky-t-54-a-t-55/,https://web.archive.org/web/20110912012304/http://www.press.sk:80/zbrane-a-technika/sovetske-tanky-t-54-a-t-55/,20110912012304,skip
http://www.press.sk:80/zbrane-a-technika/sovetske-tanky-t-54-a-t-55/,https://web.archive.org/web/20130508230449/http://www.press.sk:80/zbrane-a-technika/sovetske-tanky-t-54-a-t-55/,20130508230449,skip
http://www.press.sk:80/zbrane-a-technika/sovetske-tanky-t-54-a-t-55/,https://web.archive.org/web/20150822120309/http://www.press.sk:80/zbrane-a-technika/sovetske-tanky-t-54-a-t-55/,20150822120309,skip
http://www.press.sk:80/zbrane-a-technika/sovetsky-stredni-tank-t-3476-1940-1943/,https://web.archive.org/web/20090214003705/http://www.press.sk:80/zbrane-a-technika/sovetsky-stredni-tank-t-3476-1940-1943/,20090214003705,skip
http://www.press.sk:80/zbrane-a-technika/sovetsky-stredni-tank-t-3476-1940-1943/,https://web.archive.org/web/20090215011740/http://www.press.sk:80/zbrane-a-technika/sovetsky-stredni-tank-t-3476-1940-1943/,20090215011740,skip
http://www.press.sk:80/zbrane-a-technika/sovetsky-stredni-tank-t-3476-1940-1943/,https://web.archive.org/web/20130509054429/http://www.press.sk:80/zbrane-a-technika/sovetsky-stredni-tank-t-3476-1940-1943/,20130509054429,skip
http://www.press.sk:80/zbrane-a-technika/sovetsky-stredni-tank-t-3476-1940-1943/,https://web.archive.org/web/20150514225025/http://www.press.sk:80/zbrane-a-technika/sovetsky-stredni-tank-t-3476-1940-1943/,20150514225025,skip
http://www.press.sk:80/zbrane-a-technika/sovetsky-stredni-tank-t-3485/,https://web.archive.org/web/20150822045246/http://www.press.sk:80/zbrane-a-technika/sovetsky-stredni-tank-t-3485/,20150822045246,skip
http://www.press.sk:80/zbrane-a-technika/sovetsky-stredni-tank-t-3485,https://web.archive.org/web/20160901195412/http://www.press.sk:80/zbrane-a-technika/sovetsky-stredni-tank-t-3485,20160901195412,skip
http://www.press.sk:80/zbrane-a-technika/sovetsky-stredni-tank-t-3485,https://web.archive.org/web/20160903005934/http://www.press.sk:80/zbrane-a-technika/sovetsky-stredni-tank-t-3485,20160903005934,skip
http://www.press.sk:80/zbrane-a-technika/sovetsky-stredni-tank-t-3485,https://web.archive.org/web/20161003205408/http://www.press.sk:80/zbrane-a-technika/sovetsky-stredni-tank-t-3485,20161003205408,skip
http://www.press.sk:80/zbrane-a-technika/sovetsky-stredni-tank-t-3485,https://web.archive.org/web/20161005002921/http://www.press.sk:80/zbrane-a-technika/sovetsky-stredni-tank-t-3485,20161005002921,skip
http://www.press.sk:80/zbrane-a-technika/sovetsky-stredni-tank-t-3485,https://web.archive.org/web/20161105144745/http://www.press.sk:80/zbrane-a-technika/sovetsky-stredni-tank-t-3485,20161105144745,skip
https://www.press.sk/zbrane-a-technika/sovetsky-stredni-tank-t-3485/,https://web.archive.org/web/20210513143627/https://www.press.sk/zbrane-a-technika/sovetsky-stredni-tank-t-3485/,20210513143627,skip
https://www.press.sk/zbrane-a-technika/sovetsky-stredni-tank-t-3485/,https://web.archive.org/web/20210516151113/https://www.press.sk/zbrane-a-technika/sovetsky-stredni-tank-t-3485/,20210516151113,skip
http://www.press.sk:80/zbrane-a-technika/soviet-ml-20-howitzer/,https://web.archive.org/web/20130509054434/http://www.press.sk:80/zbrane-a-technika/soviet-ml-20-howitzer/,20130509054434,skip
http://www.press.sk:80/zbrane-a-technika/soviet-ml-20-howitzer/,https://web.archive.org/web/20150822120314/http://www.press.sk:80/zbrane-a-technika/soviet-ml-20-howitzer/,20150822120314,skip
https://www.press.sk/zbrane-a-technika/soviet-ml-20-howitzer/?utm_source=newsletter&utm_campaign=Oktober_2011&utm_medium=archive,https://web.archive.org/web/20190823010556/https://www.press.sk/zbrane-a-technika/soviet-ml-20-howitzer/?utm_source=newsletter&utm_campaign=Oktober_2011&utm_medium=archive,20190823010556,skip
http://www.press.sk:80/zbrane-a-technika/soviet-wwii-anti-tank-artillery-in-detail/,https://web.archive.org/web/20090214002557/http://www.press.sk:80/zbrane-a-technika/soviet-wwii-anti-tank-artillery-in-detail/,20090214002557,skip
http://www.press.sk:80/zbrane-a-technika/soviet-wwii-anti-tank-artillery-in-detail/,https://web.archive.org/web/20090215005454/http://www.press.sk:80/zbrane-a-technika/soviet-wwii-anti-tank-artillery-in-detail/,20090215005454,skip
http://www.press.sk:80/zbrane-a-technika/soviet-wwii-anti-tank-artillery-in-detail/,https://web.archive.org/web/20090701022022/http://www.press.sk:80/zbrane-a-technika/soviet-wwii-anti-tank-artillery-in-detail/,20090701022022,skip
http://www.press.sk:80/zbrane-a-technika/soviet-wwii-anti-tank-artillery-in-detail/,https://web.archive.org/web/20130509002457/http://www.press.sk:80/zbrane-a-technika/soviet-wwii-anti-tank-artillery-in-detail/,20130509002457,skip
http://www.press.sk/zbrane-a-technika/soviet-wwii-anti-tank-artillery-in-detail/,https://web.archive.org/web/20130623033916/http://www.press.sk/zbrane-a-technika/soviet-wwii-anti-tank-artillery-in-detail/,20130623033916,skip
http://www.press.sk:80/zbrane-a-technika/soviet-wwii-anti-tank-artillery-in-detail/,https://web.archive.org/web/20150516181814/http://www.press.sk:80/zbrane-a-technika/soviet-wwii-anti-tank-artillery-in-detail/,20150516181814,skip
http://www.press.sk:80/zbrane-a-technika/special-operations-landies-in-detail/,https://web.archive.org/web/20130509044056/http://www.press.sk:80/zbrane-a-technika/special-operations-landies-in-detail/,20130509044056,skip
http://www.press.sk:80/zbrane-a-technika/special-operations-landies-in-detail/,https://web.archive.org/web/20150822115444/http://www.press.sk:80/zbrane-a-technika/special-operations-landies-in-detail/,20150822115444,skip
http://www.press.sk:80/zbrane-a-technika/spojenecke-delostrelectvo-2.svetove-valky/,https://web.archive.org/web/20090701022027/http://www.press.sk:80/zbrane-a-technika/spojenecke-delostrelectvo-2.svetove-valky/,20090701022027,skip
http://www.press.sk:80/zbrane-a-technika/ss-bratrstvo-zvonu/,https://web.archive.org/web/20110912144653/http://www.press.sk:80/zbrane-a-technika/ss-bratrstvo-zvonu/,20110912144653,skip
http://www.press.sk:80/zbrane-a-technika/ss-bratrstvo-zvonu/,https://web.archive.org/web/20130509002503/http://www.press.sk:80/zbrane-a-technika/ss-bratrstvo-zvonu/,20130509002503,skip
http://www.press.sk:80/zbrane-a-technika/ss-bratrstvo-zvonu/,https://web.archive.org/web/20150822115449/http://www.press.sk:80/zbrane-a-technika/ss-bratrstvo-zvonu/,20150822115449,skip
http://www.press.sk:80/zbrane-a-technika/staghound-t17e1/,https://web.archive.org/web/20090214003710/http://www.press.sk:80/zbrane-a-technika/staghound-t17e1/,20090214003710,skip
http://www.press.sk:80/zbrane-a-technika/staghound-t17e1/,https://web.archive.org/web/20090215011748/http://www.press.sk:80/zbrane-a-technika/staghound-t17e1/,20090215011748,skip
http://www.press.sk:80/zbrane-a-technika/staghound-t17e1/,https://web.archive.org/web/20130509002508/http://www.press.sk:80/zbrane-a-technika/staghound-t17e1/,20130509002508,skip
http://www.press.sk:80/zbrane-a-technika/staghound-t17e1/,https://web.archive.org/web/20150516182754/http://www.press.sk:80/zbrane-a-technika/staghound-t17e1/,20150516182754,skip
https://www.press.sk/zbrane-a-technika/staghound-t17e1/,https://web.archive.org/web/20191022101022/https://www.press.sk/zbrane-a-technika/staghound-t17e1/,20191022101022,skip
http://www.press.sk:80/zbrane-a-technika/stihac-tanku-m10-vs-utocne-delo-stug-iii/,https://web.archive.org/web/20150822114236/http://www.press.sk:80/zbrane-a-technika/stihac-tanku-m10-vs-utocne-delo-stug-iii/,20150822114236,skip
https://www.press.sk/zbrane-a-technika/stihac-tanku-m10-vs-utocne-delo-stug-iii+19865/,https://web.archive.org/web/20190723180939/https://www.press.sk/zbrane-a-technika/stihac-tanku-m10-vs-utocne-delo-stug-iii+19865/,20190723180939,skip
https://www.press.sk/zbrane-a-technika/stihac-tanku-m10-vs-utocne-delo-stug-iii+19865/,https://web.archive.org/web/20190923162456/https://www.press.sk/zbrane-a-technika/stihac-tanku-m10-vs-utocne-delo-stug-iii+19865/,20190923162456,skip
https://www.press.sk/zbrane-a-technika/stihac-tanku-m10-vs-utocne-delo-stug-iii+19865/,https://web.archive.org/web/20191122134947/https://www.press.sk/zbrane-a-technika/stihac-tanku-m10-vs-utocne-delo-stug-iii+19865/,20191122134947,skip
http://www.press.sk:80/zbrane-a-technika/stihace-tanku/,https://web.archive.org/web/20150822115454/http://www.press.sk:80/zbrane-a-technika/stihace-tanku/,20150822115454,skip
http://www.press.sk:80/zbrane-a-technika/stihace-tanku-vs-kv-1/,https://web.archive.org/web/20130509012528/http://www.press.sk:80/zbrane-a-technika/stihace-tanku-vs-kv-1/,20130509012528,skip
http://www.press.sk:80/zbrane-a-technika/stihace-tanku-vs-kv-1/,https://web.archive.org/web/20150822114241/http://www.press.sk:80/zbrane-a-technika/stihace-tanku-vs-kv-1/,20150822114241,skip
http://www.press.sk:80/zbrane-a-technika/stredni-tank-m3-vs-panzerkampfwagen-iii/,https://web.archive.org/web/20130508230455/http://www.press.sk:80/zbrane-a-technika/stredni-tank-m3-vs-panzerkampfwagen-iii/,20130508230455,skip
http://www.press.sk:80/zbrane-a-technika/stredni-tank-m3-vs-panzerkampfwagen-iii/,https://web.archive.org/web/20150822114246/http://www.press.sk:80/zbrane-a-technika/stredni-tank-m3-vs-panzerkampfwagen-iii/,20150822114246,skip
http://www.press.sk/zbrane-a-technika/stredni-tank-m3-vs-panzerkampfwagen-iii/,https://web.archive.org/web/20160802155918/http://www.press.sk/zbrane-a-technika/stredni-tank-m3-vs-panzerkampfwagen-iii/,20160802155918,skip
http://www.press.sk/zbrane-a-technika/stredni-tank-m3-vs-panzerkampfwagen-iii/,https://web.archive.org/web/20170405230503/http://www.press.sk/zbrane-a-technika/stredni-tank-m3-vs-panzerkampfwagen-iii/,20170405230503,skip
http://www.press.sk:80/zbrane-a-technika/stredni-tank-t-80/,https://web.archive.org/web/20130509002513/http://www.press.sk:80/zbrane-a-technika/stredni-tank-t-80/,20130509002513,skip
http://www.press.sk:80/zbrane-a-technika/stredni-tank-t-80/,https://web.archive.org/web/20150822114252/http://www.press.sk:80/zbrane-a-technika/stredni-tank-t-80/,20150822114252,skip
http://www.press.sk:80/zbrane-a-technika/stredovek-doba-predhusitska-a-husitska-odev-zbroj-zbrane/,https://web.archive.org/web/20090214002602/http://www.press.sk:80/zbrane-a-technika/stredovek-doba-predhusitska-a-husitska-odev-zbroj-zbrane/,20090214002602,skip
http://www.press.sk:80/zbrane-a-technika/stredovek-doba-predhusitska-a-husitska-odev-zbroj-zbrane/,https://web.archive.org/web/20090215010207/http://www.press.sk:80/zbrane-a-technika/stredovek-doba-predhusitska-a-husitska-odev-zbroj-zbrane/,20090215010207,skip
http://www.press.sk:80/zbrane-a-technika/stredoveke-oblehaci-zbrane/,https://web.archive.org/web/20090214002607/http://www.press.sk:80/zbrane-a-technika/stredoveke-oblehaci-zbrane/,20090214002607,skip
http://www.press.sk:80/zbrane-a-technika/stredoveke-oblehaci-zbrane/,https://web.archive.org/web/20090215005500/http://www.press.sk:80/zbrane-a-technika/stredoveke-oblehaci-zbrane/,20090215005500,skip
http://www.press.sk:80/zbrane-a-technika/stredoveke-oblehaci-zbrane/,https://web.archive.org/web/20130508230459/http://www.press.sk:80/zbrane-a-technika/stredoveke-oblehaci-zbrane/,20130508230459,skip
http://www.press.sk:80/zbrane-a-technika/stredoveke-oblehaci-zbrane/,https://web.archive.org/web/20150516183548/http://www.press.sk:80/zbrane-a-technika/stredoveke-oblehaci-zbrane/,20150516183548,skip
http://www.press.sk:80/zbrane-a-technika/strelivo-zvlastniho-urceni/,https://web.archive.org/web/20090214002612/http://www.press.sk:80/zbrane-a-technika/strelivo-zvlastniho-urceni/,20090214002612,skip
http://www.press.sk:80/zbrane-a-technika/strelivo-zvlastniho-urceni/,https://web.archive.org/web/20090215005505/http://www.press.sk:80/zbrane-a-technika/strelivo-zvlastniho-urceni/,20090215005505,skip
http://www.press.sk:80/zbrane-a-technika/strelivo-zvlastniho-urceni,https://web.archive.org/web/20130507105756/http://www.press.sk:80/zbrane-a-technika/strelivo-zvlastniho-urceni,20130507105756,skip
http://www.press.sk:80/zbrane-a-technika/strelivo-zvlastniho-urceni/,https://web.archive.org/web/20130508230504/http://www.press.sk:80/zbrane-a-technika/strelivo-zvlastniho-urceni/,20130508230504,skip
http://www.press.sk:80/zbrane-a-technika/strelivo-zvlastniho-urceni/,https://web.archive.org/web/20150516182809/http://www.press.sk:80/zbrane-a-technika/strelivo-zvlastniho-urceni/,20150516182809,skip
http://www.press.sk:80/zbrane-a-technika/strv-103-bc-in-detail/,https://web.archive.org/web/20090214002617/http://www.press.sk:80/zbrane-a-technika/strv-103-bc-in-detail/,20090214002617,skip
http://www.press.sk:80/zbrane-a-technika/strv-103-bc-in-detail/,https://web.archive.org/web/20090215010214/http://www.press.sk:80/zbrane-a-technika/strv-103-bc-in-detail/,20090215010214,skip
http://www.press.sk:80/zbrane-a-technika/strv-103-bc-in-detail/,https://web.archive.org/web/20130509002518/http://www.press.sk:80/zbrane-a-technika/strv-103-bc-in-detail/,20130509002518,skip
http://www.press.sk:80/zbrane-a-technika/strv-103-bc-in-detail/,https://web.archive.org/web/20150514225030/http://www.press.sk:80/zbrane-a-technika/strv-103-bc-in-detail/,20150514225030,skip
http://www.press.sk:80/zbrane-a-technika/stryker-in-detail/,https://web.archive.org/web/20090214002623/http://www.press.sk:80/zbrane-a-technika/stryker-in-detail/,20090214002623,skip
http://www.press.sk:80/zbrane-a-technika/stryker-in-detail/,https://web.archive.org/web/20090215005510/http://www.press.sk:80/zbrane-a-technika/stryker-in-detail/,20090215005510,skip
http://www.press.sk:80/zbrane-a-technika/stryker-in-detail/,https://web.archive.org/web/20130508230509/http://www.press.sk:80/zbrane-a-technika/stryker-in-detail/,20130508230509,skip
http://www.press.sk:80/zbrane-a-technika/stryker-in-detail/,https://web.archive.org/web/20150514225035/http://www.press.sk:80/zbrane-a-technika/stryker-in-detail/,20150514225035,skip
http://www.press.sk:80/zbrane-a-technika/stryker-in-detail,https://web.archive.org/web/20160901195103/http://www.press.sk:80/zbrane-a-technika/stryker-in-detail,20160901195103,skip
http://www.press.sk:80/zbrane-a-technika/stryker-in-detail,https://web.archive.org/web/20160903010020/http://www.press.sk:80/zbrane-a-technika/stryker-in-detail,20160903010020,skip
http://www.press.sk:80/zbrane-a-technika/stryker-in-detail,https://web.archive.org/web/20161003205413/http://www.press.sk:80/zbrane-a-technika/stryker-in-detail,20161003205413,skip
http://www.press.sk:80/zbrane-a-technika/stryker-in-detail,https://web.archive.org/web/20161005002947/http://www.press.sk:80/zbrane-a-technika/stryker-in-detail,20161005002947,skip
http://www.press.sk:80/zbrane-a-technika/stryker-in-detail,https://web.archive.org/web/20161105145932/http://www.press.sk:80/zbrane-a-technika/stryker-in-detail,20161105145932,skip
http://www.press.sk:80/zbrane-a-technika/stryker-in-detail-part-one-reprint/,https://web.archive.org/web/20130509044102/http://www.press.sk:80/zbrane-a-technika/stryker-in-detail-part-one-reprint/,20130509044102,skip
http://www.press.sk:80/zbrane-a-technika/stryker-in-detail-part-one-reprint/,https://web.archive.org/web/20150822114733/http://www.press.sk:80/zbrane-a-technika/stryker-in-detail-part-one-reprint/,20150822114733,skip
http://www.press.sk:80/zbrane-a-technika/stryker-mgs-in-detail/,https://web.archive.org/web/20130509002523/http://www.press.sk:80/zbrane-a-technika/stryker-mgs-in-detail/,20130509002523,skip
http://www.press.sk:80/zbrane-a-technika/stryker-mgs-in-detail/,https://web.archive.org/web/20130510012242/http://www.press.sk:80/zbrane-a-technika/stryker-mgs-in-detail/,20130510012242,skip
http://www.press.sk:80/zbrane-a-technika/stryker-mgs-in-detail/,https://web.archive.org/web/20150822115459/http://www.press.sk:80/zbrane-a-technika/stryker-mgs-in-detail/,20150822115459,skip
http://www.press.sk:80/zbrane-a-technika/studebaker-us-6-aw05/,https://web.archive.org/web/20130508230514/http://www.press.sk:80/zbrane-a-technika/studebaker-us-6-aw05/,20130508230514,skip
http://www.press.sk:80/zbrane-a-technika/studebaker-us-6-aw05/,https://web.archive.org/web/20150822114738/http://www.press.sk:80/zbrane-a-technika/studebaker-us-6-aw05/,20150822114738,skip
http://www.press.sk:80/zbrane-a-technika/studebaker-us6-in-detail/,https://web.archive.org/web/20090214002628/http://www.press.sk:80/zbrane-a-technika/studebaker-us6-in-detail/,20090214002628,skip
http://www.press.sk:80/zbrane-a-technika/studebaker-us6-in-detail/,https://web.archive.org/web/20090215005515/http://www.press.sk:80/zbrane-a-technika/studebaker-us6-in-detail/,20090215005515,skip
http://www.press.sk:80/zbrane-a-technika/studebaker-us6-in-detail/,https://web.archive.org/web/20090701000937/http://www.press.sk:80/zbrane-a-technika/studebaker-us6-in-detail/,20090701000937,skip
http://www.press.sk:80/zbrane-a-technika/studebaker-us6-in-detail/,https://web.archive.org/web/20130509002528/http://www.press.sk:80/zbrane-a-technika/studebaker-us6-in-detail/,20130509002528,skip
http://www.press.sk/zbrane-a-technika/studebaker-us6-in-detail/,https://web.archive.org/web/20130623011235/http://www.press.sk/zbrane-a-technika/studebaker-us6-in-detail/,20130623011235,skip
http://www.press.sk:80/zbrane-a-technika/studebaker-us6-in-detail/,https://web.archive.org/web/20150515004204/http://www.press.sk:80/zbrane-a-technika/studebaker-us6-in-detail/,20150515004204,skip
http://www.press.sk:80/zbrane-a-technika/su-25-frogfoot-in-detail/,https://web.archive.org/web/20170605000714/http://www.press.sk:80/zbrane-a-technika/su-25-frogfoot-in-detail/,20170605000714,skip
http://www.press.sk:80/zbrane-a-technika/systemy-automatickych-zbrani/,https://web.archive.org/web/20150822050628/http://www.press.sk:80/zbrane-a-technika/systemy-automatickych-zbrani/,20150822050628,skip
http://www.press.sk:80/zbrane-a-technika/t-26-variants-in-detail/,https://web.archive.org/web/20130509015031/http://www.press.sk:80/zbrane-a-technika/t-26-variants-in-detail/,20130509015031,skip
http://www.press.sk:80/zbrane-a-technika/t-26-variants-in-detail/,https://web.archive.org/web/20150822120319/http://www.press.sk:80/zbrane-a-technika/t-26-variants-in-detail/,20150822120319,skip
http://www.press.sk:80/zbrane-a-technika/t-34-85-vs-m26-pershing-korea-1950/,https://web.archive.org/web/20120824123926/http://www.press.sk:80/zbrane-a-technika/t-34-85-vs-m26-pershing-korea-1950/,20120824123926,skip
http://www.press.sk:80/zbrane-a-technika/t-34-85-vs-m26-pershing-korea-1950/,https://web.archive.org/web/20130508230519/http://www.press.sk:80/zbrane-a-technika/t-34-85-vs-m26-pershing-korea-1950/,20130508230519,skip
http://www.press.sk:80/zbrane-a-technika/t-34-85-vs-m26-pershing-korea-1950/,https://web.archive.org/web/20150822120325/http://www.press.sk:80/zbrane-a-technika/t-34-85-vs-m26-pershing-korea-1950/,20150822120325,skip
http://www.press.sk:80/zbrane-a-technika/t-34-85-vs-m26-pershing-korea-1950,https://web.archive.org/web/20150825195010/http://www.press.sk:80/zbrane-a-technika/t-34-85-vs-m26-pershing-korea-1950,20150825195010,skip
http://www.press.sk:80/zbrane-a-technika/t-34-85-vs-m26-pershing-korea-1950,https://web.archive.org/web/20150928171943/http://www.press.sk:80/zbrane-a-technika/t-34-85-vs-m26-pershing-korea-1950,20150928171943,skip
http://www.press.sk:80/zbrane-a-technika/t-34-85-vs-m26-pershing-korea-1950,https://web.archive.org/web/20160402172959/http://www.press.sk:80/zbrane-a-technika/t-34-85-vs-m26-pershing-korea-1950,20160402172959,skip
http://www.press.sk:80/zbrane-a-technika/t-34-85-vs-m26-pershing-korea-1950,https://web.archive.org/web/20160513130137/http://www.press.sk:80/zbrane-a-technika/t-34-85-vs-m26-pershing-korea-1950,20160513130137,skip
http://www.press.sk/zbrane-a-technika/t-34-85-vs-m26-pershing-korea-1950/,https://web.archive.org/web/20160802160815/http://www.press.sk/zbrane-a-technika/t-34-85-vs-m26-pershing-korea-1950/,20160802160815,skip
http://www.press.sk/zbrane-a-technika/t-34-85-vs-m26-pershing-korea-1950/,https://web.archive.org/web/20170405154557/http://www.press.sk/zbrane-a-technika/t-34-85-vs-m26-pershing-korea-1950/,20170405154557,skip
http://www.press.sk:80/zbrane-a-technika/t-5455-variants-in-detail/,https://web.archive.org/web/20090214002633/http://www.press.sk:80/zbrane-a-technika/t-5455-variants-in-detail/,20090214002633,skip
http://www.press.sk:80/zbrane-a-technika/t-5455-variants-in-detail/,https://web.archive.org/web/20090215005520/http://www.press.sk:80/zbrane-a-technika/t-5455-variants-in-detail/,20090215005520,skip
http://www.press.sk:80/zbrane-a-technika/t-55-in-detail-special-and-recovery-vehicles/,https://web.archive.org/web/20090214003715/http://www.press.sk:80/zbrane-a-technika/t-55-in-detail-special-and-recovery-vehicles/,20090214003715,skip
http://www.press.sk:80/zbrane-a-technika/t-55-in-detail-special-and-recovery-vehicles/,https://web.archive.org/web/20090215010859/http://www.press.sk:80/zbrane-a-technika/t-55-in-detail-special-and-recovery-vehicles/,20090215010859,skip
http://www.press.sk:80/zbrane-a-technika/t-55-in-detail-special-and-recovery-vehicles/,https://web.archive.org/web/20130509052322/http://www.press.sk:80/zbrane-a-technika/t-55-in-detail-special-and-recovery-vehicles/,20130509052322,skip
http://www.press.sk:80/zbrane-a-technika/t-55-in-detail-special-and-recovery-vehicles/,https://web.archive.org/web/20150515004249/http://www.press.sk:80/zbrane-a-technika/t-55-in-detail-special-and-recovery-vehicles/,20150515004249,skip
http://www.press.sk:80/zbrane-a-technika/t-55-in-detail-special-and-recovery-vehicles/,https://web.archive.org/web/20151030100130/http://www.press.sk:80/zbrane-a-technika/t-55-in-detail-special-and-recovery-vehicles/,20151030100130,skip
http://www.press.sk/zbrane-a-technika/t-55-in-detail-special-and-recovery-vehicles/,https://web.archive.org/web/20160802162626/http://www.press.sk/zbrane-a-technika/t-55-in-detail-special-and-recovery-vehicles/,20160802162626,skip
http://www.press.sk/zbrane-a-technika/t-55-in-detail-special-and-recovery-vehicles/,https://web.archive.org/web/20170405205545/http://www.press.sk/zbrane-a-technika/t-55-in-detail-special-and-recovery-vehicles/,20170405205545,skip
http://www.press.sk:80/zbrane-a-technika/tajemstvi-radiotechnickeho-patrace-tamara-2.vyd./,https://web.archive.org/web/20090214003720/http://www.press.sk:80/zbrane-a-technika/tajemstvi-radiotechnickeho-patrace-tamara-2.vyd./,20090214003720,skip
http://www.press.sk:80/zbrane-a-technika/tajemstvi-radiotechnickeho-patrace-tamara-2.vyd./,https://web.archive.org/web/20090215010903/http://www.press.sk:80/zbrane-a-technika/tajemstvi-radiotechnickeho-patrace-tamara-2.vyd./,20090215010903,skip
http://www.press.sk:80/zbrane-a-technika/tajne-zbrane-treti-rise/,https://web.archive.org/web/20130509052327/http://www.press.sk:80/zbrane-a-technika/tajne-zbrane-treti-rise/,20130509052327,skip
http://www.press.sk:80/zbrane-a-technika/tajne-zbrane-treti-rise/,https://web.archive.org/web/20150822114743/http://www.press.sk:80/zbrane-a-technika/tajne-zbrane-treti-rise/,20150822114743,skip
http://www.press.sk:80/zbrane-a-technika/tankova-a-automobilova-technika-v-ceske-a-slovenske-armade/,https://web.archive.org/web/20090214003808/http://www.press.sk:80/zbrane-a-technika/tankova-a-automobilova-technika-v-ceske-a-slovenske-armade/,20090214003808,skip
http://www.press.sk:80/zbrane-a-technika/tankova-a-automobilova-technika-v-ceske-a-slovenske-armade/,https://web.archive.org/web/20090215011757/http://www.press.sk:80/zbrane-a-technika/tankova-a-automobilova-technika-v-ceske-a-slovenske-armade/,20090215011757,skip
http://www.press.sk:80/zbrane-a-technika/tankova-valka-v-africe/,https://web.archive.org/web/20130509002533/http://www.press.sk:80/zbrane-a-technika/tankova-valka-v-africe/,20130509002533,skip
http://www.press.sk:80/zbrane-a-technika/tankova-valka-v-africe/,https://web.archive.org/web/20150822114257/http://www.press.sk:80/zbrane-a-technika/tankova-valka-v-africe/,20150822114257,skip
http://www.press.sk:80/zbrane-a-technika/tanks-czechoslovak-independent-armoured-brigade-1943-1945/,https://web.archive.org/web/20130508230524/http://www.press.sk:80/zbrane-a-technika/tanks-czechoslovak-independent-armoured-brigade-1943-1945/,20130508230524,skip
http://www.press.sk:80/zbrane-a-technika/tanks-czechoslovak-independent-armoured-brigade-1943-1945/,https://web.archive.org/web/20150822114302/http://www.press.sk:80/zbrane-a-technika/tanks-czechoslovak-independent-armoured-brigade-1943-1945/,20150822114302,skip
http://www.press.sk:80/zbrane-a-technika/tanky/,https://web.archive.org/web/20130509002548/http://www.press.sk:80/zbrane-a-technika/tanky/,20130509002548,skip
http://www.press.sk:80/zbrane-a-technika/tanky/,https://web.archive.org/web/20150822115509/http://www.press.sk:80/zbrane-a-technika/tanky/,20150822115509,skip
http://www.press.sk:80/zbrane-a-technika/tanky-a-dalsi-vojenska-vozidla/,https://web.archive.org/web/20110912015749/http://www.press.sk:80/zbrane-a-technika/tanky-a-dalsi-vojenska-vozidla/,20110912015749,skip
http://www.press.sk:80/zbrane-a-technika/tanky-a-dalsi-vojenska-vozidla/,https://web.archive.org/web/20130509002540/http://www.press.sk:80/zbrane-a-technika/tanky-a-dalsi-vojenska-vozidla/,20130509002540,skip
http://www.press.sk:80/zbrane-a-technika/tanky-a-dalsi-vojenska-vozidla/,https://web.archive.org/web/20130510012246/http://www.press.sk:80/zbrane-a-technika/tanky-a-dalsi-vojenska-vozidla/,20130510012246,skip
http://www.press.sk/zbrane-a-technika/tanky-a-dalsi-vojenska-vozidla/,https://web.archive.org/web/20130511003739/http://www.press.sk/zbrane-a-technika/tanky-a-dalsi-vojenska-vozidla/,20130511003739,skip
http://www.press.sk:80/zbrane-a-technika/tanky-a-dalsi-vojenska-vozidla/,https://web.archive.org/web/20150822120329/http://www.press.sk:80/zbrane-a-technika/tanky-a-dalsi-vojenska-vozidla/,20150822120329,skip
https://www.press.sk/zbrane-a-technika/tanky-praga/,https://web.archive.org/web/20200327092226/https://www.press.sk/zbrane-a-technika/tanky-praga/,20200327092226,skip
http://www.press.sk:80/zbrane-a-technika/tanky-praga-historie-obrnenych-vozidel-ckd-1918-1956/,https://web.archive.org/web/20090214003813/http://www.press.sk:80/zbrane-a-technika/tanky-praga-historie-obrnenych-vozidel-ckd-1918-1956/,20090214003813,skip
http://www.press.sk:80/zbrane-a-technika/tanky-praga-historie-obrnenych-vozidel-ckd-1918-1956/,https://web.archive.org/web/20090215010908/http://www.press.sk:80/zbrane-a-technika/tanky-praga-historie-obrnenych-vozidel-ckd-1918-1956/,20090215010908,skip
http://www.press.sk:80/zbrane-a-technika/tanky-praga-historie-obrnenych-vozidel-ckd-1918-1956/,https://web.archive.org/web/20090701022032/http://www.press.sk:80/zbrane-a-technika/tanky-praga-historie-obrnenych-vozidel-ckd-1918-1956/,20090701022032,skip
http://www.press.sk:80/zbrane-a-technika/tanky-pres-250-tanku-a-obrnenych-vozidel-z-celeho-sveta/,https://web.archive.org/web/20090214002638/http://www.press.sk:80/zbrane-a-technika/tanky-pres-250-tanku-a-obrnenych-vozidel-z-celeho-sveta/,20090214002638,skip
http://www.press.sk:80/zbrane-a-technika/tanky-pres-250-tanku-a-obrnenych-vozidel-z-celeho-sveta/,https://web.archive.org/web/20090215010217/http://www.press.sk:80/zbrane-a-technika/tanky-pres-250-tanku-a-obrnenych-vozidel-z-celeho-sveta/,20090215010217,skip
http://www.press.sk:80/zbrane-a-technika/tanky-pres-250-tanku-a-obrnenych-vozidel-z-celeho-sveta,https://web.archive.org/web/20090630030444/http://www.press.sk:80/zbrane-a-technika/tanky-pres-250-tanku-a-obrnenych-vozidel-z-celeho-sveta,20090630030444,skip
http://www.press.sk:80/zbrane-a-technika/tanky-pres-250-tanku-a-obrnenych-vozidel-z-celeho-sveta/,https://web.archive.org/web/20090701022037/http://www.press.sk:80/zbrane-a-technika/tanky-pres-250-tanku-a-obrnenych-vozidel-z-celeho-sveta/,20090701022037,skip
http://www.press.sk:80/zbrane-a-technika/tanky-pres-250-tanku-a-obrnenych-vozidel-z-celeho-sveta,https://web.archive.org/web/20100111032323/http://www.press.sk:80/zbrane-a-technika/tanky-pres-250-tanku-a-obrnenych-vozidel-z-celeho-sveta,20100111032323,skip
http://www.press.sk:80/zbrane-a-technika/tanky-pres-250-tanku-a-obrnenych-vozidel-z-celeho-sveta/,https://web.archive.org/web/20130509044107/http://www.press.sk:80/zbrane-a-technika/tanky-pres-250-tanku-a-obrnenych-vozidel-z-celeho-sveta/,20130509044107,skip
http://www.press.sk:80/zbrane-a-technika/tanky-pres-250-tanku-a-obrnenych-vozidel-z-celeho-sveta/,https://web.archive.org/web/20150515004008/http://www.press.sk:80/zbrane-a-technika/tanky-pres-250-tanku-a-obrnenych-vozidel-z-celeho-sveta/,20150515004008,skip
http://www.press.sk:80/zbrane-a-technika/tanky-pres-250-tanku-a-obrnenych-vozidel-z-celeho-sveta,https://web.archive.org/web/20150926004448/http://www.press.sk:80/zbrane-a-technika/tanky-pres-250-tanku-a-obrnenych-vozidel-z-celeho-sveta,20150926004448,skip
http://www.press.sk:80/zbrane-a-technika/tanky-pres-250-tanku-a-obrnenych-vozidel-z-celeho-sveta,https://web.archive.org/web/20151026145730/http://www.press.sk:80/zbrane-a-technika/tanky-pres-250-tanku-a-obrnenych-vozidel-z-celeho-sveta,20151026145730,skip
http://www.press.sk:80/zbrane-a-technika/tanky-pres-250-tanku-a-obrnenych-vozidel-z-celeho-sveta,https://web.archive.org/web/20160401152741/http://www.press.sk:80/zbrane-a-technika/tanky-pres-250-tanku-a-obrnenych-vozidel-z-celeho-sveta,20160401152741,skip
http://www.press.sk:80/zbrane-a-technika/tanky-pres-250-tanku-a-obrnenych-vozidel-z-celeho-sveta,https://web.archive.org/web/20160402220643/http://www.press.sk:80/zbrane-a-technika/tanky-pres-250-tanku-a-obrnenych-vozidel-z-celeho-sveta,20160402220643,skip
http://www.press.sk:80/zbrane-a-technika/tanky-pres-250-tanku-a-obrnenych-vozidel-z-celeho-sveta,https://web.archive.org/web/20160513084611/http://www.press.sk:80/zbrane-a-technika/tanky-pres-250-tanku-a-obrnenych-vozidel-z-celeho-sveta,20160513084611,skip
https://www.press.sk/zbrane-a-technika/tanky-prirucka-pro-rozpoznavani/,https://web.archive.org/web/20191213100658/https://www.press.sk/zbrane-a-technika/tanky-prirucka-pro-rozpoznavani/,20191213100658,skip
http://www.press.sk:80/zbrane-a-technika/tanky-strucna-historie/,https://web.archive.org/web/20090214003836/http://www.press.sk:80/zbrane-a-technika/tanky-strucna-historie/,20090214003836,skip
http://www.press.sk:80/zbrane-a-technika/tanky-strucna-historie/,https://web.archive.org/web/20090215010915/http://www.press.sk:80/zbrane-a-technika/tanky-strucna-historie/,20090215010915,skip
http://www.press.sk:80/zbrane-a-technika/tanky-strucna-historie/,https://web.archive.org/web/20090701022042/http://www.press.sk:80/zbrane-a-technika/tanky-strucna-historie/,20090701022042,skip
http://www.press.sk:80/zbrane-a-technika/tanky-strucna-historie/,https://web.archive.org/web/20130508230529/http://www.press.sk:80/zbrane-a-technika/tanky-strucna-historie/,20130508230529,skip
http://www.press.sk:80/zbrane-a-technika/tanky-strucna-historie/,https://web.archive.org/web/20150514225040/http://www.press.sk:80/zbrane-a-technika/tanky-strucna-historie/,20150514225040,skip
http://www.press.sk:80/zbrane-a-technika/tanky-zapadnich-spojencu-1939-1945/,https://web.archive.org/web/20130509002543/http://www.press.sk:80/zbrane-a-technika/tanky-zapadnich-spojencu-1939-1945/,20130509002543,skip
http://www.press.sk:80/zbrane-a-technika/tanky-zapadnich-spojencu-1939-1945/,https://web.archive.org/web/20150822115505/http://www.press.sk:80/zbrane-a-technika/tanky-zapadnich-spojencu-1939-1945/,20150822115505,skip
http://www.press.sk:80/zbrane-a-technika/tatra-805/,https://web.archive.org/web/20150822114307/http://www.press.sk:80/zbrane-a-technika/tatra-805/,20150822114307,skip
https://www.press.sk/zbrane-a-technika/tatra-813-historie-takticko-technicka-data-modifikace/,https://web.archive.org/web/20190819062255/https://www.press.sk/zbrane-a-technika/tatra-813-historie-takticko-technicka-data-modifikace/,20190819062255,skip
http://www.press.sk:80/zbrane-a-technika/tatra-t-57/,https://web.archive.org/web/20130509002553/http://www.press.sk:80/zbrane-a-technika/tatra-t-57/,20130509002553,skip
http://www.press.sk:80/zbrane-a-technika/tatra-t-57/,https://web.archive.org/web/20130510012251/http://www.press.sk:80/zbrane-a-technika/tatra-t-57/,20130510012251,skip
http://www.press.sk:80/zbrane-a-technika/tatra-t-57/,https://web.archive.org/web/20150822115514/http://www.press.sk:80/zbrane-a-technika/tatra-t-57/,20150822115514,skip
http://www.press.sk/zbrane-a-technika/tatra-t-57/,https://web.archive.org/web/20160802151812/http://www.press.sk/zbrane-a-technika/tatra-t-57/,20160802151812,skip
http://www.press.sk:80/zbrane-a-technika/tezke-kulomety-browning/,https://web.archive.org/web/20130508230534/http://www.press.sk:80/zbrane-a-technika/tezke-kulomety-browning/,20130508230534,skip
http://www.press.sk:80/zbrane-a-technika/tezke-tanky,https://web.archive.org/web/20101015232036/http://www.press.sk:80/zbrane-a-technika/tezke-tanky,20101015232036,skip
http://www.press.sk:80/zbrane-a-technika/tezke-tanky,https://web.archive.org/web/20101016232444/http://www.press.sk:80/zbrane-a-technika/tezke-tanky,20101016232444,skip
http://www.press.sk:80/zbrane-a-technika/tezke-tanky,https://web.archive.org/web/20101118134237/http://www.press.sk:80/zbrane-a-technika/tezke-tanky,20101118134237,skip
http://www.press.sk:80/zbrane-a-technika/tezke-tanky/,https://web.archive.org/web/20130509002558/http://www.press.sk:80/zbrane-a-technika/tezke-tanky/,20130509002558,skip
http://www.press.sk:80/zbrane-a-technika/tezke-tanky/,https://web.archive.org/web/20130510012256/http://www.press.sk:80/zbrane-a-technika/tezke-tanky/,20130510012256,skip
http://www.press.sk:80/zbrane-a-technika/tezke-tanky/,https://web.archive.org/web/20150822120335/http://www.press.sk:80/zbrane-a-technika/tezke-tanky/,20150822120335,skip
http://www.press.sk:80/zbrane-a-technika/the-czechoslovak-army-1945-1954-in-fotography/,https://web.archive.org/web/20130508230742/http://www.press.sk:80/zbrane-a-technika/the-czechoslovak-army-1945-1954-in-fotography/,20130508230742,skip
http://www.press.sk:80/zbrane-a-technika/the-czechoslovak-army-1945-1954-in-fotography/,https://web.archive.org/web/20150822114313/http://www.press.sk:80/zbrane-a-technika/the-czechoslovak-army-1945-1954-in-fotography/,20150822114313,skip
http://www.press.sk:80/zbrane-a-technika/the-standardised-war-time-jeep-2/,https://web.archive.org/web/20130508230746/http://www.press.sk:80/zbrane-a-technika/the-standardised-war-time-jeep-2/,20130508230746,skip
http://www.press.sk:80/zbrane-a-technika/the-standardised-war-time-jeep-2/,https://web.archive.org/web/20150822114748/http://www.press.sk:80/zbrane-a-technika/the-standardised-war-time-jeep-2/,20150822114748,skip
http://www.press.sk:80/zbrane-a-technika/tiger/,https://web.archive.org/web/20090701022100/http://www.press.sk:80/zbrane-a-technika/tiger/,20090701022100,skip
http://www.press.sk:80/zbrane-a-technika/tiger+13017/,https://web.archive.org/web/20150822120341/http://www.press.sk:80/zbrane-a-technika/tiger+13017/,20150822120341,skip
https://www.press.sk/zbrane-a-technika/tiger+13017/,https://web.archive.org/web/20190721073945/https://www.press.sk/zbrane-a-technika/tiger+13017/,20190721073945,skip
http://www.press.sk:80/zbrane-a-technika/tiger-i-na-vychodni-fronte/,https://web.archive.org/web/20090214003901/http://www.press.sk:80/zbrane-a-technika/tiger-i-na-vychodni-fronte/,20090214003901,skip
http://www.press.sk:80/zbrane-a-technika/tiger-i-na-vychodni-fronte/,https://web.archive.org/web/20090215011812/http://www.press.sk:80/zbrane-a-technika/tiger-i-na-vychodni-fronte/,20090215011812,skip
http://www.press.sk:80/zbrane-a-technika/tiger-i-na-vychodni-fronte/,https://web.archive.org/web/20090701022047/http://www.press.sk:80/zbrane-a-technika/tiger-i-na-vychodni-fronte/,20090701022047,skip
http://www.press.sk:80/zbrane-a-technika/u.s.-4x4-mrap-maxxpro/,https://web.archive.org/web/20130509015036/http://www.press.sk:80/zbrane-a-technika/u.s.-4x4-mrap-maxxpro/,20130509015036,skip
http://www.press.sk:80/zbrane-a-technika/u.s.-4x4-mrap-maxxpro/,https://web.archive.org/web/20150822114320/http://www.press.sk:80/zbrane-a-technika/u.s.-4x4-mrap-maxxpro/,20150822114320,skip
https://www.press.sk/zbrane-a-technika/u.s.-army-earth-movers-in-detail%EF%BB%BF-part-2/,https://web.archive.org/web/20190923054440/https://www.press.sk/zbrane-a-technika/u.s.-army-earth-movers-in-detail%EF%BB%BF-part-2/,20190923054440,skip
http://www.press.sk:80/zbrane-a-technika/u.s.-wwii-75mm-howitzer-motor-carriage-m8-hmc-105mm-howitzer-motor-carriage-t82/,https://web.archive.org/web/20130509054440/http://www.press.sk:80/zbrane-a-technika/u.s.-wwii-75mm-howitzer-motor-carriage-m8-hmc-105mm-howitzer-motor-carriage-t82/,20130509054440,skip
http://www.press.sk:80/zbrane-a-technika/u.s.-wwii-75mm-howitzer-motor-carriage-m8-hmc-105mm-howitzer-motor-carriage-t82/,https://web.archive.org/web/20150822114753/http://www.press.sk:80/zbrane-a-technika/u.s.-wwii-75mm-howitzer-motor-carriage-m8-hmc-105mm-howitzer-motor-carriage-t82/,20150822114753,skip
http://www.press.sk:80/zbrane-a-technika/u.s.-wwii-m5-m5a1-stuart-light-tanks/,https://web.archive.org/web/20130508230751/http://www.press.sk:80/zbrane-a-technika/u.s.-wwii-m5-m5a1-stuart-light-tanks/,20130508230751,skip
http://www.press.sk:80/zbrane-a-technika/u.s.-wwii-m5-m5a1-stuart-light-tanks/,https://web.archive.org/web/20150822114804/http://www.press.sk:80/zbrane-a-technika/u.s.-wwii-m5-m5a1-stuart-light-tanks/,20150822114804,skip
http://www.press.sk:80/zbrane-a-technika/ukradene-pevnosti-fotoalbum-ceskoslovenskeho-lehkeho-opevneni/,https://web.archive.org/web/20090214002643/http://www.press.sk:80/zbrane-a-technika/ukradene-pevnosti-fotoalbum-ceskoslovenskeho-lehkeho-opevneni/,20090214002643,skip
http://www.press.sk:80/zbrane-a-technika/ukradene-pevnosti-fotoalbum-ceskoslovenskeho-lehkeho-opevneni/,https://web.archive.org/web/20090215005525/http://www.press.sk:80/zbrane-a-technika/ukradene-pevnosti-fotoalbum-ceskoslovenskeho-lehkeho-opevneni/,20090215005525,skip
http://www.press.sk:80/zbrane-a-technika/ukradene-pevnosti-fotoalbum-ceskoslovenskeho-lehkeho-opevneni/,https://web.archive.org/web/20090701022106/http://www.press.sk:80/zbrane-a-technika/ukradene-pevnosti-fotoalbum-ceskoslovenskeho-lehkeho-opevneni/,20090701022106,skip
http://www.press.sk:80/zbrane-a-technika/univerzalni-kulomet-uk-vz.-59/,https://web.archive.org/web/20130509002603/http://www.press.sk:80/zbrane-a-technika/univerzalni-kulomet-uk-vz.-59/,20130509002603,skip
http://www.press.sk:80/zbrane-a-technika/univerzalni-kulomet-uk-vz.-59/,https://web.archive.org/web/20130510012301/http://www.press.sk:80/zbrane-a-technika/univerzalni-kulomet-uk-vz.-59/,20130510012301,skip
http://www.press.sk:80/zbrane-a-technika/univerzalni-kulomet-uk-vz.-59/,https://web.archive.org/web/20150822120852/http://www.press.sk:80/zbrane-a-technika/univerzalni-kulomet-uk-vz.-59/,20150822120852,skip
http://www.press.sk:80/zbrane-a-technika/up-armoured-landies-in-detail/,https://web.archive.org/web/20150822114805/http://www.press.sk:80/zbrane-a-technika/up-armoured-landies-in-detail/,20150822114805,skip
https://www.press.sk/zbrane-a-technika/up-armoured-landies-in-detail/?utm_source=newsletter&utm_campaign=August_2014&utm_medium=archive,https://web.archive.org/web/20190821033618/https://www.press.sk/zbrane-a-technika/up-armoured-landies-in-detail/?utm_source=newsletter&utm_campaign=August_2014&utm_medium=archive,20190821033618,skip
http://www.press.sk:80/zbrane-a-technika/ural-3754320-in-detail/,https://web.archive.org/web/20090701022112/http://www.press.sk:80/zbrane-a-technika/ural-3754320-in-detail/,20090701022112,skip
http://www.press.sk:80/zbrane-a-technika/ural-3754320-in-detail/,https://web.archive.org/web/20130509054445/http://www.press.sk:80/zbrane-a-technika/ural-3754320-in-detail/,20130509054445,skip
http://www.press.sk:80/zbrane-a-technika/ural-3754320-in-detail/,https://web.archive.org/web/20150515003742/http://www.press.sk:80/zbrane-a-technika/ural-3754320-in-detail/,20150515003742,skip
http://www.press.sk:80/zbrane-a-technika/ural-3754320-in-detail,https://web.archive.org/web/20150820235721/http://www.press.sk:80/zbrane-a-technika/ural-3754320-in-detail,20150820235721,skip
http://www.press.sk:80/zbrane-a-technika/ural-3754320-in-detail,https://web.archive.org/web/20150921091447/http://www.press.sk:80/zbrane-a-technika/ural-3754320-in-detail,20150921091447,skip
http://www.press.sk:80/zbrane-a-technika/ural-3754320-in-detail,https://web.archive.org/web/20160402163415/http://www.press.sk:80/zbrane-a-technika/ural-3754320-in-detail,20160402163415,skip
http://www.press.sk:80/zbrane-a-technika/ural-3754320-in-detail,https://web.archive.org/web/20160513152858/http://www.press.sk:80/zbrane-a-technika/ural-3754320-in-detail,20160513152858,skip
http://www.press.sk:80/zbrane-a-technika/ural-3754320-in-detail,https://web.archive.org/web/20160514172355/http://www.press.sk:80/zbrane-a-technika/ural-3754320-in-detail,20160514172355,skip
http://www.press.sk:80/zbrane-a-technika/us-army-5-ton-truck-m939-series/,https://web.archive.org/web/20130509002609/http://www.press.sk:80/zbrane-a-technika/us-army-5-ton-truck-m939-series/,20130509002609,skip
http://www.press.sk:80/zbrane-a-technika/us-army-5-ton-truck-m939-series/,https://web.archive.org/web/20130510012306/http://www.press.sk:80/zbrane-a-technika/us-army-5-ton-truck-m939-series/,20130510012306,skip
http://www.press.sk:80/zbrane-a-technika/us-army-5-ton-truck-m939-series/,https://web.archive.org/web/20150822115520/http://www.press.sk:80/zbrane-a-technika/us-army-5-ton-truck-m939-series/,20150822115520,skip
http://www.press.sk:80/zbrane-a-technika/us-army-truck-tractors-in-detail/,https://web.archive.org/web/20090214003906/http://www.press.sk:80/zbrane-a-technika/us-army-truck-tractors-in-detail/,20090214003906,skip
http://www.press.sk:80/zbrane-a-technika/us-army-truck-tractors-in-detail/,https://web.archive.org/web/20090215010921/http://www.press.sk:80/zbrane-a-technika/us-army-truck-tractors-in-detail/,20090215010921,skip
http://www.press.sk:80/zbrane-a-technika/us-army-truck-tractors-in-detail/,https://web.archive.org/web/20090701022116/http://www.press.sk:80/zbrane-a-technika/us-army-truck-tractors-in-detail/,20090701022116,skip
http://www.press.sk:80/zbrane-a-technika/us-army-truck-tractors-in-detail/,https://web.archive.org/web/20130509052332/http://www.press.sk:80/zbrane-a-technika/us-army-truck-tractors-in-detail/,20130509052332,skip
http://www.press.sk:80/zbrane-a-technika/us-army-truck-tractors-in-detail/,https://web.archive.org/web/20150515004253/http://www.press.sk:80/zbrane-a-technika/us-army-truck-tractors-in-detail/,20150515004253,skip
http://www.press.sk:80/zbrane-a-technika/us-navy-qf-4bjns-phantom/,https://web.archive.org/web/20110912144457/http://www.press.sk:80/zbrane-a-technika/us-navy-qf-4bjns-phantom/,20110912144457,skip
http://www.press.sk:80/zbrane-a-technika/us-navy-qf-4bjns-phantom/,https://web.archive.org/web/20130509002614/http://www.press.sk:80/zbrane-a-technika/us-navy-qf-4bjns-phantom/,20130509002614,skip
http://www.press.sk:80/zbrane-a-technika/us-navy-qf-4bjns-phantom/,https://web.archive.org/web/20150822114811/http://www.press.sk:80/zbrane-a-technika/us-navy-qf-4bjns-phantom/,20150822114811,skip
http://www.press.sk:80/zbrane-a-technika/us-wwii-field-camp-in-detail/,https://web.archive.org/web/20090213232844/http://www.press.sk:80/zbrane-a-technika/us-wwii-field-camp-in-detail/,20090213232844,skip
http://www.press.sk:80/zbrane-a-technika/us-wwii-field-camp-in-detail/,https://web.archive.org/web/20090215010221/http://www.press.sk:80/zbrane-a-technika/us-wwii-field-camp-in-detail/,20090215010221,skip
http://www.press.sk:80/zbrane-a-technika/us-wwii-field-camp-in-detail/,https://web.archive.org/web/20090701022121/http://www.press.sk:80/zbrane-a-technika/us-wwii-field-camp-in-detail/,20090701022121,skip
http://www.press.sk:80/zbrane-a-technika/us-wwii-field-camp-in-detail/,https://web.archive.org/web/20130509052338/http://www.press.sk:80/zbrane-a-technika/us-wwii-field-camp-in-detail/,20130509052338,skip
http://www.press.sk:80/zbrane-a-technika/us-wwii-field-camp-in-detail/,https://web.archive.org/web/20150515004258/http://www.press.sk:80/zbrane-a-technika/us-wwii-field-camp-in-detail/,20150515004258,skip
http://www.press.sk:80/zbrane-a-technika/utajena-obrana-sumavy/,https://web.archive.org/web/20130509015041/http://www.press.sk:80/zbrane-a-technika/utajena-obrana-sumavy/,20130509015041,skip
http://www.press.sk:80/zbrane-a-technika/utajena-obrana-sumavy/,https://web.archive.org/web/20150822120857/http://www.press.sk:80/zbrane-a-technika/utajena-obrana-sumavy/,20150822120857,skip
https://www.press.sk/zbrane-a-technika/utajena-obrana-sumavy/?utm_source=newsletter&utm_campaign=Januar_2013&utm_medium=archive,https://web.archive.org/web/20190821033617/https://www.press.sk/zbrane-a-technika/utajena-obrana-sumavy/?utm_source=newsletter&utm_campaign=Januar_2013&utm_medium=archive,20190821033617,skip
http://www.press.sk:80/zbrane-a-technika/utocna-puska-ak-47-a-jeji-modifikace/,https://web.archive.org/web/20130509002619/http://www.press.sk:80/zbrane-a-technika/utocna-puska-ak-47-a-jeji-modifikace/,20130509002619,skip
http://www.press.sk:80/zbrane-a-technika/utocna-puska-ak-47-a-jeji-modifikace/,https://web.archive.org/web/20150822114815/http://www.press.sk:80/zbrane-a-technika/utocna-puska-ak-47-a-jeji-modifikace/,20150822114815,skip
http://www.press.sk/zbrane-a-technika/utocna-puska-ak-47-a-jeji-modifikace/,https://web.archive.org/web/20160802163553/http://www.press.sk/zbrane-a-technika/utocna-puska-ak-47-a-jeji-modifikace/,20160802163553,skip
https://www.press.sk/zbrane-a-technika/utocna-puska-ak-47-a-jeji-modifikace/?utm_source=newsletter&utm_campaign=September_2012&utm_medium=archive,https://web.archive.org/web/20190826091645/https://www.press.sk/zbrane-a-technika/utocna-puska-ak-47-a-jeji-modifikace/?utm_source=newsletter&utm_campaign=September_2012&utm_medium=archive,20190826091645,skip
http://www.press.sk:80/zbrane-a-technika/v-1-utoci/,https://web.archive.org/web/20130509044112/http://www.press.sk:80/zbrane-a-technika/v-1-utoci/,20130509044112,skip
http://www.press.sk:80/zbrane-a-technika/v-1-utoci/,https://web.archive.org/web/20150822120902/http://www.press.sk:80/zbrane-a-technika/v-1-utoci/,20150822120902,skip
http://www.press.sk:80/zbrane-a-technika/valecna-technika/,https://web.archive.org/web/20130508230757/http://www.press.sk:80/zbrane-a-technika/valecna-technika/,20130508230757,skip
http://www.press.sk:80/zbrane-a-technika/valecna-technika/,https://web.archive.org/web/20150822114820/http://www.press.sk:80/zbrane-a-technika/valecna-technika/,20150822114820,skip
http://www.press.sk:80/zbrane-a-technika/velka-encyklopedie-moderni-vojenske-zbrane/,https://web.archive.org/web/20090213232850/http://www.press.sk:80/zbrane-a-technika/velka-encyklopedie-moderni-vojenske-zbrane/,20090213232850,skip
http://www.press.sk:80/zbrane-a-technika/velka-encyklopedie-moderni-vojenske-zbrane/,https://web.archive.org/web/20090215010226/http://www.press.sk:80/zbrane-a-technika/velka-encyklopedie-moderni-vojenske-zbrane/,20090215010226,skip
http://www.press.sk:80/zbrane-a-technika/velka-encyklopedie-moderni-vojenske-zbrane/,https://web.archive.org/web/20090701022128/http://www.press.sk:80/zbrane-a-technika/velka-encyklopedie-moderni-vojenske-zbrane/,20090701022128,skip
http://www.press.sk:80/zbrane-a-technika/velka-encyklopedie-nozu/,https://web.archive.org/web/20090213232855/http://www.press.sk:80/zbrane-a-technika/velka-encyklopedie-nozu/,20090213232855,skip
http://www.press.sk:80/zbrane-a-technika/velka-encyklopedie-nozu/,https://web.archive.org/web/20090215011817/http://www.press.sk:80/zbrane-a-technika/velka-encyklopedie-nozu/,20090215011817,skip
http://www.press.sk:80/zbrane-a-technika/velka-encyklopedie-pistoli-a-revolveru/,https://web.archive.org/web/20090213232904/http://www.press.sk:80/zbrane-a-technika/velka-encyklopedie-pistoli-a-revolveru/,20090213232904,skip
http://www.press.sk:80/zbrane-a-technika/velka-encyklopedie-pistoli-a-revolveru/,https://web.archive.org/web/20090215010232/http://www.press.sk:80/zbrane-a-technika/velka-encyklopedie-pistoli-a-revolveru/,20090215010232,skip
http://www.press.sk:80/zbrane-a-technika/velka-kniha-o-malych-bunkrech/,https://web.archive.org/web/20130509002624/http://www.press.sk:80/zbrane-a-technika/velka-kniha-o-malych-bunkrech/,20130509002624,skip
http://www.press.sk:80/zbrane-a-technika/velka-kniha-o-malych-bunkrech/,https://web.archive.org/web/20150822115525/http://www.press.sk:80/zbrane-a-technika/velka-kniha-o-malych-bunkrech/,20150822115525,skip
http://www.press.sk:80/zbrane-a-technika/vlaky-a-valky/,https://web.archive.org/web/20130509002629/http://www.press.sk:80/zbrane-a-technika/vlaky-a-valky/,20130509002629,skip
http://www.press.sk:80/zbrane-a-technika/vlaky-a-valky/,https://web.archive.org/web/20150822115530/http://www.press.sk:80/zbrane-a-technika/vlaky-a-valky/,20150822115530,skip
http://www.press.sk:80/zbrane-a-technika/vojaci-na-zelezne-opone,https://web.archive.org/web/20130507105848/http://www.press.sk:80/zbrane-a-technika/vojaci-na-zelezne-opone,20130507105848,skip
http://www.press.sk:80/zbrane-a-technika/vojaci-na-zelezne-opone/,https://web.archive.org/web/20130508230802/http://www.press.sk:80/zbrane-a-technika/vojaci-na-zelezne-opone/,20130508230802,skip
http://www.press.sk:80/zbrane-a-technika/vojaci-na-zelezne-opone/,https://web.archive.org/web/20150822120907/http://www.press.sk:80/zbrane-a-technika/vojaci-na-zelezne-opone/,20150822120907,skip
http://www.press.sk:80/zbrane-a-technika/vojenska-vozidla/,https://web.archive.org/web/20150415032551/http://www.press.sk:80/zbrane-a-technika/vojenska-vozidla/,20150415032551,skip
http://www.press.sk:80/zbrane-a-technika/vojenska-vozidla/,https://web.archive.org/web/20150416072240/http://www.press.sk:80/zbrane-a-technika/vojenska-vozidla/,20150416072240,skip
http://www.press.sk:80/zbrane-a-technika/vojenska-vozidla/,https://web.archive.org/web/20150822115535/http://www.press.sk:80/zbrane-a-technika/vojenska-vozidla/,20150822115535,skip
http://www.press.sk:80/zbrane-a-technika/vojenska-vozidla-ii.-svetove-valky/,https://web.archive.org/web/20090213232908/http://www.press.sk:80/zbrane-a-technika/vojenska-vozidla-ii.-svetove-valky/,20090213232908,skip
http://www.press.sk:80/zbrane-a-technika/vojenska-vozidla-ii.-svetove-valky/,https://web.archive.org/web/20090215005530/http://www.press.sk:80/zbrane-a-technika/vojenska-vozidla-ii.-svetove-valky/,20090215005530,skip
http://www.press.sk:80/zbrane-a-technika/vojenska-vozidla-ii.-svetove-valky/,https://web.archive.org/web/20090701000947/http://www.press.sk:80/zbrane-a-technika/vojenska-vozidla-ii.-svetove-valky/,20090701000947,skip
http://www.press.sk:80/zbrane-a-technika/vojenske-automobily-tatra/,https://web.archive.org/web/20090213232913/http://www.press.sk:80/zbrane-a-technika/vojenske-automobily-tatra/,20090213232913,skip
http://www.press.sk:80/zbrane-a-technika/vojenske-automobily-tatra/,https://web.archive.org/web/20090215010926/http://www.press.sk:80/zbrane-a-technika/vojenske-automobily-tatra/,20090215010926,skip
http://www.press.sk:80/zbrane-a-technika/vojenske-automobily-tatra/,https://web.archive.org/web/20090701000953/http://www.press.sk:80/zbrane-a-technika/vojenske-automobily-tatra/,20090701000953,skip
http://www.press.sk:80/zbrane-a-technika/vojenske-automobily-tatra/,https://web.archive.org/web/20130508230808/http://www.press.sk:80/zbrane-a-technika/vojenske-automobily-tatra/,20130508230808,skip
http://www.press.sk:80/zbrane-a-technika/vojenske-automobily-tatra/,https://web.archive.org/web/20150514225045/http://www.press.sk:80/zbrane-a-technika/vojenske-automobily-tatra/,20150514225045,skip
http://www.press.sk:80/zbrane-a-technika/vojenske-automobily-tatra-nakladni-a-specialni-automobily/,https://web.archive.org/web/20130509044117/http://www.press.sk:80/zbrane-a-technika/vojenske-automobily-tatra-nakladni-a-specialni-automobily/,20130509044117,skip
http://www.press.sk:80/zbrane-a-technika/vojenske-automobily-tatra-nakladni-a-specialni-automobily/,https://web.archive.org/web/20150822114825/http://www.press.sk:80/zbrane-a-technika/vojenske-automobily-tatra-nakladni-a-specialni-automobily/,20150822114825,skip
https://www.press.sk/zbrane-a-technika/vojenske-automobily-tatra-nakladni-a-specialni-automobily/,https://web.archive.org/web/20191113183209/https://www.press.sk/zbrane-a-technika/vojenske-automobily-tatra-nakladni-a-specialni-automobily/,20191113183209,skip
http://www.press.sk:80/zbrane-a-technika/vojenske-nakladni-automobily-skoda-1919-1950/,https://web.archive.org/web/20150822114323/http://www.press.sk:80/zbrane-a-technika/vojenske-nakladni-automobily-skoda-1919-1950/,20150822114323,skip
http://www.press.sk/zbrane-a-technika/vojenske-nakladni-automobily-skoda-1919-1950/,https://web.archive.org/web/20160802160526/http://www.press.sk/zbrane-a-technika/vojenske-nakladni-automobily-skoda-1919-1950/,20160802160526,skip
http://www.press.sk:80/zbrane-a-technika/vojenske-rucni-palne-zbrane/,https://web.archive.org/web/20090213232918/http://www.press.sk:80/zbrane-a-technika/vojenske-rucni-palne-zbrane/,20090213232918,skip
http://www.press.sk:80/zbrane-a-technika/vojenske-rucni-palne-zbrane/,https://web.archive.org/web/20090215005535/http://www.press.sk:80/zbrane-a-technika/vojenske-rucni-palne-zbrane/,20090215005535,skip
http://www.press.sk:80/zbrane-a-technika/vojenske-rucni-palne-zbrane,https://web.archive.org/web/20090630030505/http://www.press.sk:80/zbrane-a-technika/vojenske-rucni-palne-zbrane,20090630030505,skip
http://www.press.sk:80/zbrane-a-technika/vojenske-rucni-palne-zbrane/,https://web.archive.org/web/20090701000958/http://www.press.sk:80/zbrane-a-technika/vojenske-rucni-palne-zbrane/,20090701000958,skip
http://www.press.sk:80/zbrane-a-technika/vojenske-rucni-palne-zbrane,https://web.archive.org/web/20100124071917/http://www.press.sk:80/zbrane-a-technika/vojenske-rucni-palne-zbrane,20100124071917,skip
http://www.press.sk:80/zbrane-a-technika/vojensky-jeep/,https://web.archive.org/web/20130509052343/http://www.press.sk:80/zbrane-a-technika/vojensky-jeep/,20130509052343,skip
http://www.press.sk:80/zbrane-a-technika/vojensky-jeep/,https://web.archive.org/web/20150822115542/http://www.press.sk:80/zbrane-a-technika/vojensky-jeep/,20150822115542,skip
http://www.press.sk:80/zbrane-a-technika/volaci-znak-salakuska/,https://web.archive.org/web/20150822114830/http://www.press.sk:80/zbrane-a-technika/volaci-znak-salakuska/,20150822114830,skip
http://www.press.sk:80/zbrane-a-technika/vrtulniky/,https://web.archive.org/web/20081224020424/http://www.press.sk:80/zbrane-a-technika/vrtulniky/,20081224020424,skip
http://www.press.sk:80/zbrane-a-technika/vrtulniky/,https://web.archive.org/web/20090223042952/http://www.press.sk:80/zbrane-a-technika/vrtulniky/,20090223042952,skip
http://www.press.sk:80/zbrane-a-technika/vrtulniky/,https://web.archive.org/web/20100308181611/http://www.press.sk:80/zbrane-a-technika/vrtulniky/,20100308181611,skip
http://www.press.sk:80/zbrane-a-technika/vw-schwimmwagen-in-detail/,https://web.archive.org/web/20090213232923/http://www.press.sk:80/zbrane-a-technika/vw-schwimmwagen-in-detail/,20090213232923,skip
http://www.press.sk:80/zbrane-a-technika/vw-schwimmwagen-in-detail/,https://web.archive.org/web/20090215005540/http://www.press.sk:80/zbrane-a-technika/vw-schwimmwagen-in-detail/,20090215005540,skip
http://www.press.sk:80/zbrane-a-technika/vw-schwimmwagen-in-detail/,https://web.archive.org/web/20090701001012/http://www.press.sk:80/zbrane-a-technika/vw-schwimmwagen-in-detail/,20090701001012,skip
http://www.press.sk:80/zbrane-a-technika/vw-schwimmwagen-in-detail/,https://web.archive.org/web/20100210065033/http://www.press.sk:80/zbrane-a-technika/vw-schwimmwagen-in-detail/,20100210065033,skip
http://www.press.sk:80/zbrane-a-technika/vw-schwimmwagen-in-detail/,https://web.archive.org/web/20130509002635/http://www.press.sk:80/zbrane-a-technika/vw-schwimmwagen-in-detail/,20130509002635,skip
http://www.press.sk/zbrane-a-technika/vw-schwimmwagen-in-detail/,https://web.archive.org/web/20130623020142/http://www.press.sk/zbrane-a-technika/vw-schwimmwagen-in-detail/,20130623020142,skip
http://www.press.sk:80/zbrane-a-technika/vw-schwimmwagen-in-detail/,https://web.archive.org/web/20150516181820/http://www.press.sk:80/zbrane-a-technika/vw-schwimmwagen-in-detail/,20150516181820,skip
http://www.press.sk:80/zbrane-a-technika/warmachines-no.01-m108-m109-m109-a1a2/,https://web.archive.org/web/20100210065039/http://www.press.sk:80/zbrane-a-technika/warmachines-no.01-m108-m109-m109-a1a2/,20100210065039,skip
http://www.press.sk:80/zbrane-a-technika/warmachines-no.01-m108-m109-m109-a1a2/,https://web.archive.org/web/20130509002640/http://www.press.sk:80/zbrane-a-technika/warmachines-no.01-m108-m109-m109-a1a2/,20130509002640,skip
http://www.press.sk:80/zbrane-a-technika/warmachines-no.01-m108-m109-m109-a1a2/,https://web.archive.org/web/20150822114836/http://www.press.sk:80/zbrane-a-technika/warmachines-no.01-m108-m109-m109-a1a2/,20150822114836,skip
http://www.press.sk:80/zbrane-a-technika/warmachines-no.10-idf-tiran-4-tiran-5-tiran-6/,https://web.archive.org/web/20100210065043/http://www.press.sk:80/zbrane-a-technika/warmachines-no.10-idf-tiran-4-tiran-5-tiran-6/,20100210065043,skip
http://www.press.sk:80/zbrane-a-technika/warmachines-no.10-idf-tiran-4-tiran-5-tiran-6/,https://web.archive.org/web/20130508230813/http://www.press.sk:80/zbrane-a-technika/warmachines-no.10-idf-tiran-4-tiran-5-tiran-6/,20130508230813,skip
http://www.press.sk:80/zbrane-a-technika/warmachines-no.10-idf-tiran-4-tiran-5-tiran-6/,https://web.archive.org/web/20150822115546/http://www.press.sk:80/zbrane-a-technika/warmachines-no.10-idf-tiran-4-tiran-5-tiran-6/,20150822115546,skip
http://www.press.sk:80/zbrane-a-technika/warmachines-no.11-merkava-mk2mk3/,https://web.archive.org/web/20100210065049/http://www.press.sk:80/zbrane-a-technika/warmachines-no.11-merkava-mk2mk3/,20100210065049,skip
http://www.press.sk:80/zbrane-a-technika/warmachines-no.11-merkava-mk2mk3/,https://web.archive.org/web/20130508230818/http://www.press.sk:80/zbrane-a-technika/warmachines-no.11-merkava-mk2mk3/,20130508230818,skip
http://www.press.sk:80/zbrane-a-technika/warmachines-no.11-merkava-mk2mk3/,https://web.archive.org/web/20150822120912/http://www.press.sk:80/zbrane-a-technika/warmachines-no.11-merkava-mk2mk3/,20150822120912,skip
http://www.press.sk:80/zbrane-a-technika/warmachines-no.11-merkava-mk2mk3,https://web.archive.org/web/20160901195107/http://www.press.sk:80/zbrane-a-technika/warmachines-no.11-merkava-mk2mk3,20160901195107,skip
http://www.press.sk:80/zbrane-a-technika/warmachines-no.11-merkava-mk2mk3,https://web.archive.org/web/20160903010045/http://www.press.sk:80/zbrane-a-technika/warmachines-no.11-merkava-mk2mk3,20160903010045,skip
http://www.press.sk:80/zbrane-a-technika/warmachines-no.11-merkava-mk2mk3,https://web.archive.org/web/20161003205927/http://www.press.sk:80/zbrane-a-technika/warmachines-no.11-merkava-mk2mk3,20161003205927,skip
http://www.press.sk:80/zbrane-a-technika/warmachines-no.11-merkava-mk2mk3,https://web.archive.org/web/20161005003654/http://www.press.sk:80/zbrane-a-technika/warmachines-no.11-merkava-mk2mk3,20161005003654,skip
http://www.press.sk:80/zbrane-a-technika/warmachines-no.11-merkava-mk2mk3,https://web.archive.org/web/20161105144129/http://www.press.sk:80/zbrane-a-technika/warmachines-no.11-merkava-mk2mk3,20161105144129,skip
http://www.press.sk:80/zbrane-a-technika/warszawa-1944-tank-power-vol.-lxxxvii-327/,https://web.archive.org/web/20130508230823/http://www.press.sk:80/zbrane-a-technika/warszawa-1944-tank-power-vol.-lxxxvii-327/,20130508230823,skip
http://www.press.sk:80/zbrane-a-technika/warszawa-1944-tank-power-vol.-lxxxvii-327/,https://web.archive.org/web/20150822115551/http://www.press.sk:80/zbrane-a-technika/warszawa-1944-tank-power-vol.-lxxxvii-327/,20150822115551,skip
http://www.press.sk:80/zbrane-a-technika/wespe-in-detail/,https://web.archive.org/web/20090213232928/http://www.press.sk:80/zbrane-a-technika/wespe-in-detail/,20090213232928,skip
http://www.press.sk:80/zbrane-a-technika/wespe-in-detail/,https://web.archive.org/web/20090215011823/http://www.press.sk:80/zbrane-a-technika/wespe-in-detail/,20090215011823,skip
http://www.press.sk:80/zbrane-a-technika/wespe-in-detail/,https://web.archive.org/web/20100210065628/http://www.press.sk:80/zbrane-a-technika/wespe-in-detail/,20100210065628,skip
http://www.press.sk:80/zbrane-a-technika/wespe-in-detail/,https://web.archive.org/web/20130509053356/http://www.press.sk:80/zbrane-a-technika/wespe-in-detail/,20130509053356,skip
http://www.press.sk:80/zbrane-a-technika/wespe-in-detail/,https://web.archive.org/web/20150515004321/http://www.press.sk:80/zbrane-a-technika/wespe-in-detail/,20150515004321,skip
http://www.press.sk:80/zbrane-a-technika/wireless-for-wehrmacht-in-detail%EF%BB%BF/,https://web.archive.org/web/20130509015046/http://www.press.sk:80/zbrane-a-technika/wireless-for-wehrmacht-in-detail%EF%BB%BF/,20130509015046,skip
http://www.press.sk:80/zbrane-a-technika/wireless-for-wehrmacht-in-detail%EF%BB%BF/,https://web.archive.org/web/20150822115557/http://www.press.sk:80/zbrane-a-technika/wireless-for-wehrmacht-in-detail%EF%BB%BF/,20150822115557,skip
http://www.press.sk:80/zbrane-a-technika/wr-360-c14-in-detail/,https://web.archive.org/web/20100210065633/http://www.press.sk:80/zbrane-a-technika/wr-360-c14-in-detail/,20100210065633,skip
http://www.press.sk:80/zbrane-a-technika/wr-360-c14-in-detail/,https://web.archive.org/web/20130509002645/http://www.press.sk:80/zbrane-a-technika/wr-360-c14-in-detail/,20130509002645,skip
http://www.press.sk:80/zbrane-a-technika/wr-360-c14-in-detail/,https://web.archive.org/web/20150516181825/http://www.press.sk:80/zbrane-a-technika/wr-360-c14-in-detail/,20150516181825,skip
http://www.press.sk:80/zbrane-a-technika/wwii-german-and-soviet-field-howitzers-in-detail/,https://web.archive.org/web/20090213232933/http://www.press.sk:80/zbrane-a-technika/wwii-german-and-soviet-field-howitzers-in-detail/,20090213232933,skip
http://www.press.sk:80/zbrane-a-technika/wwii-german-and-soviet-field-howitzers-in-detail/,https://web.archive.org/web/20090215011828/http://www.press.sk:80/zbrane-a-technika/wwii-german-and-soviet-field-howitzers-in-detail/,20090215011828,skip
http://www.press.sk:80/zbrane-a-technika/wwii-german-and-soviet-field-howitzers-in-detail/,https://web.archive.org/web/20100210065638/http://www.press.sk:80/zbrane-a-technika/wwii-german-and-soviet-field-howitzers-in-detail/,20100210065638,skip
http://www.press.sk:80/zbrane-a-technika/wwii-german-and-soviet-field-howitzers-in-detail/,https://web.archive.org/web/20130509002650/http://www.press.sk:80/zbrane-a-technika/wwii-german-and-soviet-field-howitzers-in-detail/,20130509002650,skip
http://www.press.sk/zbrane-a-technika/wwii-german-and-soviet-field-howitzers-in-detail/,https://web.archive.org/web/20130623032426/http://www.press.sk/zbrane-a-technika/wwii-german-and-soviet-field-howitzers-in-detail/,20130623032426,skip
http://www.press.sk:80/zbrane-a-technika/wwii-german-and-soviet-field-howitzers-in-detail/,https://web.archive.org/web/20150516182814/http://www.press.sk:80/zbrane-a-technika/wwii-german-and-soviet-field-howitzers-in-detail/,20150516182814,skip
http://www.press.sk:80/zbrane-a-technika/wwii-german-solo-motorcycles-in-detail/,https://web.archive.org/web/20150822115601/http://www.press.sk:80/zbrane-a-technika/wwii-german-solo-motorcycles-in-detail/,20150822115601,skip
http://www.press.sk:80/zbrane-a-technika/yakovlev-yak-9u-p/,https://web.archive.org/web/20090213232938/http://www.press.sk:80/zbrane-a-technika/yakovlev-yak-9u-p/,20090213232938,skip
http://www.press.sk:80/zbrane-a-technika/yakovlev-yak-9u-p/,https://web.archive.org/web/20090215010931/http://www.press.sk:80/zbrane-a-technika/yakovlev-yak-9u-p/,20090215010931,skip
http://www.press.sk:80/zbrane-a-technika/yakovlev-yak-9u-p/,https://web.archive.org/web/20100210065643/http://www.press.sk:80/zbrane-a-technika/yakovlev-yak-9u-p/,20100210065643,skip
http://www.press.sk:80/zbrane-a-technika/yakovlev-yak-9u-p/,https://web.archive.org/web/20130509052347/http://www.press.sk:80/zbrane-a-technika/yakovlev-yak-9u-p/,20130509052347,skip
http://www.press.sk:80/zbrane-a-technika/yakovlev-yak-9u-p/,https://web.archive.org/web/20150515004345/http://www.press.sk:80/zbrane-a-technika/yakovlev-yak-9u-p/,20150515004345,skip
http://www.press.sk:80/zbrane-a-technika/zakerne-zbrane/,https://web.archive.org/web/20090213232944/http://www.press.sk:80/zbrane-a-technika/zakerne-zbrane/,20090213232944,skip
http://www.press.sk:80/zbrane-a-technika/zakerne-zbrane/,https://web.archive.org/web/20090215011837/http://www.press.sk:80/zbrane-a-technika/zakerne-zbrane/,20090215011837,skip
http://www.press.sk:80/zbrane-a-technika/zakerne-zbrane/,https://web.archive.org/web/20090701022132/http://www.press.sk:80/zbrane-a-technika/zakerne-zbrane/,20090701022132,skip
http://www.press.sk:80/zbrane-a-technika/zakerne-zbrane/,https://web.archive.org/web/20100210065648/http://www.press.sk:80/zbrane-a-technika/zakerne-zbrane/,20100210065648,skip
http://www.press.sk:80/zbrane-a-technika/zbrane-1.-a-2.-svetove-valky-fotograficky-atlas/,https://web.archive.org/web/20090213232949/http://www.press.sk:80/zbrane-a-technika/zbrane-1.-a-2.-svetove-valky-fotograficky-atlas/,20090213232949,skip
http://www.press.sk:80/zbrane-a-technika/zbrane-1.-a-2.-svetove-valky-fotograficky-atlas/,https://web.archive.org/web/20090215010236/http://www.press.sk:80/zbrane-a-technika/zbrane-1.-a-2.-svetove-valky-fotograficky-atlas/,20090215010236,skip
http://www.press.sk:80/zbrane-a-technika/zbrane-1.-a-2.-svetove-valky-fotograficky-atlas/,https://web.archive.org/web/20090701022137/http://www.press.sk:80/zbrane-a-technika/zbrane-1.-a-2.-svetove-valky-fotograficky-atlas/,20090701022137,skip
http://www.press.sk:80/zbrane-a-technika/zbrane-21.-stoleti/,https://web.archive.org/web/20090701022142/http://www.press.sk:80/zbrane-a-technika/zbrane-21.-stoleti/,20090701022142,skip
http://www.press.sk:80/zbrane-a-technika/zbrane-21.-stoleti/,https://web.archive.org/web/20100210065053/http://www.press.sk:80/zbrane-a-technika/zbrane-21.-stoleti/,20100210065053,skip
http://www.press.sk:80/zbrane-a-technika/zbrane-21.-stoleti/,https://web.archive.org/web/20130509002654/http://www.press.sk:80/zbrane-a-technika/zbrane-21.-stoleti/,20130509002654,skip
http://www.press.sk:80/zbrane-a-technika/zbrane-21.-stoleti/,https://web.archive.org/web/20150516183306/http://www.press.sk:80/zbrane-a-technika/zbrane-21.-stoleti/,20150516183306,skip
http://www.press.sk:80/zbrane-a-technika/zbrane-a-bojove-techniky-stredovekych-valecniku/,https://web.archive.org/web/20130508230828/http://www.press.sk:80/zbrane-a-technika/zbrane-a-bojove-techniky-stredovekych-valecniku/,20130508230828,skip
http://www.press.sk:80/zbrane-a-technika/zbrane-a-bojove-techniky-stredovekych-valecniku/,https://web.archive.org/web/20150822120917/http://www.press.sk:80/zbrane-a-technika/zbrane-a-bojove-techniky-stredovekych-valecniku/,20150822120917,skip
https://www.press.sk/zbrane-a-technika/zbrane-a-naboje-special-2019-testy-zbrani/,https://web.archive.org/web/20190720163359/https://www.press.sk/zbrane-a-technika/zbrane-a-naboje-special-2019-testy-zbrani/,20190720163359,skip
https://www.press.sk/zbrane-a-technika/zbrane-a-naboje-special-2019-testy-zbrani/,https://web.archive.org/web/20190922145518/https://www.press.sk/zbrane-a-technika/zbrane-a-naboje-special-2019-testy-zbrani/,20190922145518,skip
https://www.press.sk/zbrane-a-technika/zbrane-a-naboje-special-2019-testy-zbrani/,https://web.archive.org/web/20191115191123/https://www.press.sk/zbrane-a-technika/zbrane-a-naboje-special-2019-testy-zbrani/,20191115191123,skip
http://www.press.sk:80/zbrane-a-technika/zbrane-a-strelivo/,https://web.archive.org/web/20100210065058/http://www.press.sk:80/zbrane-a-technika/zbrane-a-strelivo/,20100210065058,skip
http://www.press.sk:80/zbrane-a-technika/zbrane-a-taktika/,https://web.archive.org/web/20130509002659/http://www.press.sk:80/zbrane-a-technika/zbrane-a-taktika/,20130509002659,skip
http://www.press.sk:80/zbrane-a-technika/zbrane-a-taktika/,https://web.archive.org/web/20130510012311/http://www.press.sk:80/zbrane-a-technika/zbrane-a-taktika/,20130510012311,skip
http://www.press.sk:80/zbrane-a-technika/zbrane-a-taktika/,https://web.archive.org/web/20150822121229/http://www.press.sk:80/zbrane-a-technika/zbrane-a-taktika/,20150822121229,skip
http://www.press.sk:80/zbrane-a-technika/zbrane-bojovniku/,https://web.archive.org/web/20090213232954/http://www.press.sk:80/zbrane-a-technika/zbrane-bojovniku/,20090213232954,skip
http://www.press.sk:80/zbrane-a-technika/zbrane-bojovniku/,https://web.archive.org/web/20090215005546/http://www.press.sk:80/zbrane-a-technika/zbrane-bojovniku/,20090215005546,skip
http://www.press.sk:80/zbrane-a-technika/zbrane-bojovniku/,https://web.archive.org/web/20090701022147/http://www.press.sk:80/zbrane-a-technika/zbrane-bojovniku/,20090701022147,skip
http://www.press.sk:80/zbrane-a-technika/zbrane-druhe-svetove-valky-velka-encyklopedie/,https://web.archive.org/web/20090213232959/http://www.press.sk:80/zbrane-a-technika/zbrane-druhe-svetove-valky-velka-encyklopedie/,20090213232959,skip
http://www.press.sk:80/zbrane-a-technika/zbrane-druhe-svetove-valky-velka-encyklopedie/,https://web.archive.org/web/20090215010936/http://www.press.sk:80/zbrane-a-technika/zbrane-druhe-svetove-valky-velka-encyklopedie/,20090215010936,skip
http://www.press.sk:80/zbrane-a-technika/zbrane-druhe-svetove-valky-velka-encyklopedie/,https://web.archive.org/web/20090701022152/http://www.press.sk:80/zbrane-a-technika/zbrane-druhe-svetove-valky-velka-encyklopedie/,20090701022152,skip
http://www.press.sk:80/zbrane-a-technika/zbrane-druhe-svetove-valky-velka-encyklopedie/,https://web.archive.org/web/20100210065653/http://www.press.sk:80/zbrane-a-technika/zbrane-druhe-svetove-valky-velka-encyklopedie/,20100210065653,skip
http://www.press.sk:80/zbrane-a-technika/zbrane-i.-a-ii.-svetove-valky/,https://web.archive.org/web/20090213233004/http://www.press.sk:80/zbrane-a-technika/zbrane-i.-a-ii.-svetove-valky/,20090213233004,skip
http://www.press.sk:80/zbrane-a-technika/zbrane-i.-a-ii.-svetove-valky/,https://web.archive.org/web/20090215005551/http://www.press.sk:80/zbrane-a-technika/zbrane-i.-a-ii.-svetove-valky/,20090215005551,skip
http://www.press.sk:80/zbrane-a-technika/zbrane-i.-a-ii.-svetove-valky/,https://web.archive.org/web/20090701022226/http://www.press.sk:80/zbrane-a-technika/zbrane-i.-a-ii.-svetove-valky/,20090701022226,skip
http://www.press.sk:80/zbrane-a-technika/zbrane-i.-a-ii.-svetove-valky/,https://web.archive.org/web/20100210065658/http://www.press.sk:80/zbrane-a-technika/zbrane-i.-a-ii.-svetove-valky/,20100210065658,skip
http://www.press.sk:80/zbrane-a-technika/zbrane-i.-a-ii.-svetove-valky/,https://web.archive.org/web/20130509002705/http://www.press.sk:80/zbrane-a-technika/zbrane-i.-a-ii.-svetove-valky/,20130509002705,skip
http://www.press.sk:80/zbrane-a-technika/zbrane-i.-a-ii.-svetove-valky/,https://web.archive.org/web/20150514225107/http://www.press.sk:80/zbrane-a-technika/zbrane-i.-a-ii.-svetove-valky/,20150514225107,skip
http://www.press.sk:80/zbrane-a-technika/zbrane-ktere-zmenily-svet/,https://web.archive.org/web/20100210065704/http://www.press.sk:80/zbrane-a-technika/zbrane-ktere-zmenily-svet/,20100210065704,skip
http://www.press.sk:80/zbrane-a-technika/zbrane-ktere-zmenily-svet/,https://web.archive.org/web/20130508230833/http://www.press.sk:80/zbrane-a-technika/zbrane-ktere-zmenily-svet/,20130508230833,skip
http://www.press.sk:80/zbrane-a-technika/zbrane-ktere-zmenily-svet/,https://web.archive.org/web/20150822115606/http://www.press.sk:80/zbrane-a-technika/zbrane-ktere-zmenily-svet/,20150822115606,skip
http://www.press.sk:80/zbrane-a-technika/zbrane-obrazove-dejiny-zbrani-a-zbroje/,https://web.archive.org/web/20090213233009/http://www.press.sk:80/zbrane-a-technika/zbrane-obrazove-dejiny-zbrani-a-zbroje/,20090213233009,skip
http://www.press.sk:80/zbrane-a-technika/zbrane-obrazove-dejiny-zbrani-a-zbroje/,https://web.archive.org/web/20090215010941/http://www.press.sk:80/zbrane-a-technika/zbrane-obrazove-dejiny-zbrani-a-zbroje/,20090215010941,skip
http://www.press.sk:80/zbrane-a-technika/zbrane-obrazove-dejiny-zbrani-a-zbroje/,https://web.archive.org/web/20090701022351/http://www.press.sk:80/zbrane-a-technika/zbrane-obrazove-dejiny-zbrani-a-zbroje/,20090701022351,skip
http://www.press.sk:80/zbrane-a-technika/zbrane-obrazove-dejiny-zbrani-a-zbroje/,https://web.archive.org/web/20100210065709/http://www.press.sk:80/zbrane-a-technika/zbrane-obrazove-dejiny-zbrani-a-zbroje/,20100210065709,skip
http://www.press.sk:80/zbrane-a-technika/zbrane-pechoty-dil-i.-rucni-zbrane-opakovaci-pusky/,https://web.archive.org/web/20090213233015/http://www.press.sk:80/zbrane-a-technika/zbrane-pechoty-dil-i.-rucni-zbrane-opakovaci-pusky/,20090213233015,skip
http://www.press.sk:80/zbrane-a-technika/zbrane-pechoty-dil-i.-rucni-zbrane-opakovaci-pusky/,https://web.archive.org/web/20090215010241/http://www.press.sk:80/zbrane-a-technika/zbrane-pechoty-dil-i.-rucni-zbrane-opakovaci-pusky/,20090215010241,skip
http://www.press.sk:80/zbrane-a-technika/zbrane-pechoty-dil-i.-rucni-zbrane-opakovaci-pusky/,https://web.archive.org/web/20100210065103/http://www.press.sk:80/zbrane-a-technika/zbrane-pechoty-dil-i.-rucni-zbrane-opakovaci-pusky/,20100210065103,skip
http://www.press.sk:80/zbrane-a-technika/zbrane-pechoty-dil-iii.-rucni-a-puskove-granaty/,https://web.archive.org/web/20090213233022/http://www.press.sk:80/zbrane-a-technika/zbrane-pechoty-dil-iii.-rucni-a-puskove-granaty/,20090213233022,skip
http://www.press.sk:80/zbrane-a-technika/zbrane-pechoty-dil-iii.-rucni-a-puskove-granaty/,https://web.archive.org/web/20090215010246/http://www.press.sk:80/zbrane-a-technika/zbrane-pechoty-dil-iii.-rucni-a-puskove-granaty/,20090215010246,skip
http://www.press.sk:80/zbrane-a-technika/zbrane-pechoty-dil-iii.-rucni-a-puskove-granaty/,https://web.archive.org/web/20100210065714/http://www.press.sk:80/zbrane-a-technika/zbrane-pechoty-dil-iii.-rucni-a-puskove-granaty/,20100210065714,skip
http://www.press.sk:80/zbrane-a-technika/zbrane-pod-poklickou-vyzkum-zbrani/,https://web.archive.org/web/20090213233027/http://www.press.sk:80/zbrane-a-technika/zbrane-pod-poklickou-vyzkum-zbrani/,20090213233027,skip
http://www.press.sk:80/zbrane-a-technika/zbrane-pod-poklickou-vyzkum-zbrani/,https://web.archive.org/web/20090215011917/http://www.press.sk:80/zbrane-a-technika/zbrane-pod-poklickou-vyzkum-zbrani/,20090215011917,skip
http://www.press.sk:80/zbrane-a-technika/zbrane-pod-poklickou-vyzkum-zbrani,https://web.archive.org/web/20091213025932/http://www.press.sk:80/zbrane-a-technika/zbrane-pod-poklickou-vyzkum-zbrani,20091213025932,skip
http://www.press.sk:80/zbrane-a-technika/zbrane-pod-poklickou-vyzkum-zbrani,https://web.archive.org/web/20100116012109/http://www.press.sk:80/zbrane-a-technika/zbrane-pod-poklickou-vyzkum-zbrani,20100116012109,skip
http://www.press.sk:80/zbrane-a-technika/zbrane-pod-poklickou-vyzkum-zbrani/,https://web.archive.org/web/20100210065109/http://www.press.sk:80/zbrane-a-technika/zbrane-pod-poklickou-vyzkum-zbrani/,20100210065109,skip
http://www.press.sk:80/zbrane-a-technika/zbrane-secne-a-bodne/,https://web.archive.org/web/20090213233032/http://www.press.sk:80/zbrane-a-technika/zbrane-secne-a-bodne/,20090213233032,skip
http://www.press.sk:80/zbrane-a-technika/zbrane-secne-a-bodne/,https://web.archive.org/web/20090215010946/http://www.press.sk:80/zbrane-a-technika/zbrane-secne-a-bodne/,20090215010946,skip
http://www.press.sk:80/zbrane-a-technika/zbrane-secne-a-bodne,https://web.archive.org/web/20091101110924/http://www.press.sk:80/zbrane-a-technika/zbrane-secne-a-bodne,20091101110924,skip
http://www.press.sk:80/zbrane-a-technika/zbrane-secne-a-bodne,https://web.archive.org/web/20091223085535/http://www.press.sk:80/zbrane-a-technika/zbrane-secne-a-bodne,20091223085535,skip
http://www.press.sk:80/zbrane-a-technika/zbrane-secne-a-bodne/,https://web.archive.org/web/20100210065115/http://www.press.sk:80/zbrane-a-technika/zbrane-secne-a-bodne/,20100210065115,skip
http://www.press.sk:80/zbrane-a-technika/zbrane-strelne/,https://web.archive.org/web/20100210065719/http://www.press.sk:80/zbrane-a-technika/zbrane-strelne/,20100210065719,skip
http://www.press.sk:80/zbrane-a-technika/zbrane-strelne/,https://web.archive.org/web/20130508230838/http://www.press.sk:80/zbrane-a-technika/zbrane-strelne/,20130508230838,skip
http://www.press.sk:80/zbrane-a-technika/zbrane-strelne/,https://web.archive.org/web/20150822121231/http://www.press.sk:80/zbrane-a-technika/zbrane-strelne/,20150822121231,skip
http://www.press.sk:80/zbrane-a-technika/zbrane-vysokych-kadenci/,https://web.archive.org/web/20090213233038/http://www.press.sk:80/zbrane-a-technika/zbrane-vysokych-kadenci/,20090213233038,skip
http://www.press.sk:80/zbrane-a-technika/zbrane-vysokych-kadenci/,https://web.archive.org/web/20090215010251/http://www.press.sk:80/zbrane-a-technika/zbrane-vysokych-kadenci/,20090215010251,skip
http://www.press.sk:80/zbrane-a-technika/zbrane-vysokych-kadenci/,https://web.archive.org/web/20090701001030/http://www.press.sk:80/zbrane-a-technika/zbrane-vysokych-kadenci/,20090701001030,skip
http://www.press.sk:80/zbrane-a-technika/zbrane-vysokych-kadenci/,https://web.archive.org/web/20100210065724/http://www.press.sk:80/zbrane-a-technika/zbrane-vysokych-kadenci/,20100210065724,skip
http://www.press.sk:80/zbrane-a-technika/zbroj-a-zbrane-cina/,https://web.archive.org/web/20090701001044/http://www.press.sk:80/zbrane-a-technika/zbroj-a-zbrane-cina/,20090701001044,skip
http://www.press.sk:80/zbrane-a-technika/zbroj-a-zbrane-cina/,https://web.archive.org/web/20100210065120/http://www.press.sk:80/zbrane-a-technika/zbroj-a-zbrane-cina/,20100210065120,skip
http://www.press.sk:80/zbrane-a-technika/zbroj-a-zbrane-cina/,https://web.archive.org/web/20130509002710/http://www.press.sk:80/zbrane-a-technika/zbroj-a-zbrane-cina/,20130509002710,skip
http://www.press.sk:80/zbrane-a-technika/zbroj-a-zbrane-cina/,https://web.archive.org/web/20150516184335/http://www.press.sk:80/zbrane-a-technika/zbroj-a-zbrane-cina/,20150516184335,skip
http://www.press.sk:80/zbrane-a-technika/zbroj-a-zbrane-evropa-6.-17.-stoleti/,https://web.archive.org/web/20090213233043/http://www.press.sk:80/zbrane-a-technika/zbroj-a-zbrane-evropa-6.-17.-stoleti/,20090213233043,skip
http://www.press.sk:80/zbrane-a-technika/zbroj-a-zbrane-evropa-6.-17.-stoleti/,https://web.archive.org/web/20090215010951/http://www.press.sk:80/zbrane-a-technika/zbroj-a-zbrane-evropa-6.-17.-stoleti/,20090215010951,skip
http://www.press.sk:80/zbrane-a-technika/zbroj-a-zbrane-evropa-6.-17.-stoleti/,https://web.archive.org/web/20090701001049/http://www.press.sk:80/zbrane-a-technika/zbroj-a-zbrane-evropa-6.-17.-stoleti/,20090701001049,skip
http://www.press.sk:80/zbrane-a-technika/zbroj-a-zbrane-evropa-6.-17.-stoleti/,https://web.archive.org/web/20100210065125/http://www.press.sk:80/zbrane-a-technika/zbroj-a-zbrane-evropa-6.-17.-stoleti/,20100210065125,skip
https://www.press.sk/zbrane-a-technika/zbrojny-preukaz/,https://web.archive.org/web/20190723183559/https://www.press.sk/zbrane-a-technika/zbrojny-preukaz/,20190723183559,skip
https://www.press.sk/zbrane-a-technika/zbrojny-preukaz/,https://web.archive.org/web/20190923163450/https://www.press.sk/zbrane-a-technika/zbrojny-preukaz/,20190923163450,skip
https://www.press.sk/zbrane-a-technika/zbrojny-preukaz/,https://web.archive.org/web/20191213223339/https://www.press.sk/zbrane-a-technika/zbrojny-preukaz/,20191213223339,skip
http://www.press.sk:80/zbrane-a-technika/zil-157157k-variants-in-detail/,https://web.archive.org/web/20090213233048/http://www.press.sk:80/zbrane-a-technika/zil-157157k-variants-in-detail/,20090213233048,skip
http://www.press.sk:80/zbrane-a-technika/zil-157157k-variants-in-detail/,https://web.archive.org/web/20090215010256/http://www.press.sk:80/zbrane-a-technika/zil-157157k-variants-in-detail/,20090215010256,skip
http://www.press.sk:80/zbrane-a-technika/zil-157157k-variants-in-detail/,https://web.archive.org/web/20100210065729/http://www.press.sk:80/zbrane-a-technika/zil-157157k-variants-in-detail/,20100210065729,skip
http://www.press.sk:80/zbrane-a-technika/zil-157157k-variants-in-detail/,https://web.archive.org/web/20130508230844/http://www.press.sk:80/zbrane-a-technika/zil-157157k-variants-in-detail/,20130508230844,skip
http://www.press.sk:80/zbrane-a-technika/zil-157157k-variants-in-detail/,https://web.archive.org/web/20150516183555/http://www.press.sk:80/zbrane-a-technika/zil-157157k-variants-in-detail/,20150516183555,skip
http://www.press.sk/zbrane-a-technika/zil-157157k-variants-in-detail/,https://web.archive.org/web/20160408162933/http://www.press.sk/zbrane-a-technika/zil-157157k-variants-in-detail/,20160408162933,skip
http://www.press.sk:80/zbrane-a-technika/zil-157157k-variants-in-detail/,https://web.archive.org/web/20160826093127/http://www.press.sk:80/zbrane-a-technika/zil-157157k-variants-in-detail/,20160826093127,skip
http://www.press.sk:80/zbrane-a-technika/zil-157157k-variants-in-detail/,https://web.archive.org/web/20160827100014/http://www.press.sk:80/zbrane-a-technika/zil-157157k-variants-in-detail/,20160827100014,skip
http://www.press.sk:80/zbrane-a-technika/zundapp-ks-750-in-detail/,https://web.archive.org/web/20090213233108/http://www.press.sk:80/zbrane-a-technika/zundapp-ks-750-in-detail/,20090213233108,skip
http://www.press.sk:80/zbrane-a-technika/zundapp-ks-750-in-detail/,https://web.archive.org/web/20090215011938/http://www.press.sk:80/zbrane-a-technika/zundapp-ks-750-in-detail/,20090215011938,skip
http://www.press.sk:80/zbrane-a-technika/zundapp-ks-750-in-detail/,https://web.archive.org/web/20090701001109/http://www.press.sk:80/zbrane-a-technika/zundapp-ks-750-in-detail/,20090701001109,skip
http://www.press.sk:80/zbrane-a-technika/zundapp-ks-750-in-detail/,https://web.archive.org/web/20100210065130/http://www.press.sk:80/zbrane-a-technika/zundapp-ks-750-in-detail/,20100210065130,skip
http://www.press.sk:80/zbrane-a-technika/zundapp-ks-750-in-detail%EF%BB%BF/,https://web.archive.org/web/20120824123936/http://www.press.sk:80/zbrane-a-technika/zundapp-ks-750-in-detail%EF%BB%BF/,20120824123936,skip
http://www.press.sk:80/zbrane-a-technika/zundapp-ks-750-in-detail%EF%BB%BF/,https://web.archive.org/web/20130509002717/http://www.press.sk:80/zbrane-a-technika/zundapp-ks-750-in-detail%EF%BB%BF/,20130509002717,skip
http://www.press.sk:80/zbrane-a-technika/zundapp-ks-750-in-detail%EF%BB%BF/,https://web.archive.org/web/20150822114328/http://www.press.sk:80/zbrane-a-technika/zundapp-ks-750-in-detail%EF%BB%BF/,20150822114328,skip
https://www.press.sk/zbrane-a-technika/zundapp-ks-750-in-detail%EF%BB%BF/?utm_source=newsletter&utm_campaign=August_2012&utm_medium=archive,https://web.archive.org/web/20190826074210/https://www.press.sk/zbrane-a-technika/zundapp-ks-750-in-detail%EF%BB%BF/?utm_source=newsletter&utm_campaign=August_2012&utm_medium=archive,20190826074210,skip
https://www.press.sk/zdrava-vyziva/,https://web.archive.org/web/20170731022834/https://www.press.sk/zdrava-vyziva/,20170731022834,skip
https://www.press.sk/zdrava-vyziva/,https://web.archive.org/web/20190724010226/https://www.press.sk/zdrava-vyziva/,20190724010226,skip
https://www.press.sk/zdrava-vyziva/,https://web.archive.org/web/20190922085515/https://www.press.sk/zdrava-vyziva/,20190922085515,skip
https://www.press.sk/zdrava-vyziva/,https://web.archive.org/web/20191115191112/https://www.press.sk/zdrava-vyziva/,20191115191112,skip
https://www.press.sk/zdrava-vyziva/,https://web.archive.org/web/20230311055302/https://www.press.sk/zdrava-vyziva/,20230311055302,skip
https://www.press.sk/zdrava-vyziva-diety/,https://web.archive.org/web/20170731095600/https://www.press.sk/zdrava-vyziva-diety/,20170731095600,skip
https://www.press.sk/zdrava-vyziva-diety/,https://web.archive.org/web/20190724005950/https://www.press.sk/zdrava-vyziva-diety/,20190724005950,skip
https://www.press.sk/zdrava-vyziva-diety/,https://web.archive.org/web/20190922085239/https://www.press.sk/zdrava-vyziva-diety/,20190922085239,skip
https://www.press.sk/zdrava-vyziva-diety/,https://web.archive.org/web/20191115190950/https://www.press.sk/zdrava-vyziva-diety/,20191115190950,skip
https://www.press.sk/zdrava-vyziva-diety/,https://web.archive.org/web/20230311055303/https://www.press.sk/zdrava-vyziva-diety/,20230311055303,skip
https://www.press.sk/zdrava-vyziva-diety/denik-whole-30-vas-pruvodce-uspesnym-stravovacim-restartem-den-p/,https://web.archive.org/web/20190721214838/https://www.press.sk/zdrava-vyziva-diety/denik-whole-30-vas-pruvodce-uspesnym-stravovacim-restartem-den-p/,20190721214838,skip
https://www.press.sk/zdrava-vyziva-diety/denik-whole-30-vas-pruvodce-uspesnym-stravovacim-restartem-den-p/,https://web.archive.org/web/20190922145600/https://www.press.sk/zdrava-vyziva-diety/denik-whole-30-vas-pruvodce-uspesnym-stravovacim-restartem-den-p/,20190922145600,skip
https://www.press.sk/zdrava-vyziva-diety/denik-whole-30-vas-pruvodce-uspesnym-stravovacim-restartem-den-p/,https://web.archive.org/web/20191122011147/https://www.press.sk/zdrava-vyziva-diety/denik-whole-30-vas-pruvodce-uspesnym-stravovacim-restartem-den-p/,20191122011147,skip
https://www.press.sk/zdrava-vyziva-diety/diety-pri-onemocneni-mononukleozou/,https://web.archive.org/web/20191210043344/https://www.press.sk/zdrava-vyziva-diety/diety-pri-onemocneni-mononukleozou/,20191210043344,skip
https://www.press.sk/zdrava-vyziva-diety/genialni-potraviny-jidlem-proti-unave-spatne-nalade-mozkove-mlze/,https://web.archive.org/web/20230311055305/https://www.press.sk/zdrava-vyziva-diety/genialni-potraviny-jidlem-proti-unave-spatne-nalade-mozkove-mlze/,20230311055305,skip
https://www.press.sk/zdrava-vyziva-diety/hit-kompletny-sprievodca-histaminovou-intoleranciou/,https://web.archive.org/web/20190918013554/https://www.press.sk/zdrava-vyziva-diety/hit-kompletny-sprievodca-histaminovou-intoleranciou/,20190918013554,skip
https://www.press.sk/zdrava-vyziva-diety/ketodieta-jak-zhubnout-rychle-s-chuti-a-bez-hladu/,https://web.archive.org/web/20190721071703/https://www.press.sk/zdrava-vyziva-diety/ketodieta-jak-zhubnout-rychle-s-chuti-a-bez-hladu/,20190721071703,skip
https://www.press.sk/zdrava-vyziva-diety/ketodieta-jak-zhubnout-rychle-s-chuti-a-bez-hladu/,https://web.archive.org/web/20191211164435/https://www.press.sk/zdrava-vyziva-diety/ketodieta-jak-zhubnout-rychle-s-chuti-a-bez-hladu/,20191211164435,skip
https://www.press.sk/zdrava-vyziva-diety/kucharka-pri-onemocneni-zlucniku/,https://web.archive.org/web/20230311055304/https://www.press.sk/zdrava-vyziva-diety/kucharka-pri-onemocneni-zlucniku/,20230311055304,skip
https://www.press.sk/zdrava-vyziva-diety/neber-to-jidlo-tak-vazne-ii/,https://web.archive.org/web/20230311055307/https://www.press.sk/zdrava-vyziva-diety/neber-to-jidlo-tak-vazne-ii/,20230311055307,skip
https://www.press.sk/zdrava-vyziva-diety/polevkovy-detox/,https://web.archive.org/web/20190924092809/https://www.press.sk/zdrava-vyziva-diety/polevkovy-detox/,20190924092809,skip
https://www.press.sk/zdrava-vyziva-diety/urazy-ve-sportu-a-jak-jim-predchazet/,https://web.archive.org/web/20190721074254/https://www.press.sk/zdrava-vyziva-diety/urazy-ve-sportu-a-jak-jim-predchazet/,20190721074254,skip
https://www.press.sk/zdrava-vyziva-diety/urazy-ve-sportu-a-jak-jim-predchazet/,https://web.archive.org/web/20190922145939/https://www.press.sk/zdrava-vyziva-diety/urazy-ve-sportu-a-jak-jim-predchazet/,20190922145939,skip
https://www.press.sk/zdrava-vyziva-diety/urazy-ve-sportu-a-jak-jim-predchazet/,https://web.archive.org/web/20191111210004/https://www.press.sk/zdrava-vyziva-diety/urazy-ve-sportu-a-jak-jim-predchazet/,20191111210004,skip
https://www.press.sk/zdrava-vyziva/cukr-nas-zabijak/,https://web.archive.org/web/20190724005908/https://www.press.sk/zdrava-vyziva/cukr-nas-zabijak/,20190724005908,skip
https://www.press.sk/zdrava-vyziva/cukr-nas-zabijak/,https://web.archive.org/web/20190922085151/https://www.press.sk/zdrava-vyziva/cukr-nas-zabijak/,20190922085151,skip
https://www.press.sk/zdrava-vyziva/cukr-nas-zabijak/,https://web.archive.org/web/20191122010941/https://www.press.sk/zdrava-vyziva/cukr-nas-zabijak/,20191122010941,skip
https://www.press.sk/zdrava-vyziva/jez-a-behej/,https://web.archive.org/web/20190826033135/https://www.press.sk/zdrava-vyziva/jez-a-behej/,20190826033135,skip
https://www.press.sk/zdrava-vyziva/jez-a-behej/,https://web.archive.org/web/20190923182319/https://www.press.sk/zdrava-vyziva/jez-a-behej/,20190923182319,skip
https://www.press.sk/zdrava-vyziva/jez-a-behej/,https://web.archive.org/web/20191016002114/https://www.press.sk/zdrava-vyziva/jez-a-behej/,20191016002114,skip
https://www.press.sk/zdrava-vyziva/jez-a-behej/,https://web.archive.org/web/20191122083813/https://www.press.sk/zdrava-vyziva/jez-a-behej/,20191122083813,skip
https://www.press.sk/zdrava-vyziva/jez-a-behej/,https://web.archive.org/web/20191213154946/https://www.press.sk/zdrava-vyziva/jez-a-behej/,20191213154946,skip
http://www.press.sk:80/zdravotnicka-literatura/,https://web.archive.org/web/20150131195049/http://www.press.sk:80/zdravotnicka-literatura/,20150131195049,skip
http://www.press.sk:80/zdravotnicka-literatura/,https://web.archive.org/web/20150310090913/http://www.press.sk:80/zdravotnicka-literatura/,20150310090913,skip
http://www.press.sk/zdravotnicka-literatura/,https://web.archive.org/web/20150418181826/http://www.press.sk/zdravotnicka-literatura/,20150418181826,skip
http://www.press.sk:80/zdravotnicka-literatura/,https://web.archive.org/web/20150509194433/http://www.press.sk:80/zdravotnicka-literatura/,20150509194433,skip
http://www.press.sk:80/zdravotnicka-literatura/,https://web.archive.org/web/20150711130855/http://www.press.sk:80/zdravotnicka-literatura/,20150711130855,skip
http://www.press.sk:80/zdravotnicka-literatura,https://web.archive.org/web/20150831144146/http://www.press.sk:80/zdravotnicka-literatura,20150831144146,skip
http://www.press.sk:80/zdravotnicka-literatura/,https://web.archive.org/web/20150909214646/http://www.press.sk:80/zdravotnicka-literatura/,20150909214646,skip
http://www.press.sk:80/zdravotnicka-literatura,https://web.archive.org/web/20151001083124/http://www.press.sk:80/zdravotnicka-literatura,20151001083124,skip
http://www.press.sk:80/zdravotnicka-literatura/,https://web.archive.org/web/20151109051450/http://www.press.sk:80/zdravotnicka-literatura/,20151109051450,skip
http://www.press.sk:80/zdravotnicka-literatura/,https://web.archive.org/web/20160110044423/http://www.press.sk:80/zdravotnicka-literatura/,20160110044423,skip
http://www.press.sk:80/zdravotnicka-literatura/,https://web.archive.org/web/20160311074245/http://www.press.sk:80/zdravotnicka-literatura/,20160311074245,skip
http://www.press.sk/zdravotnicka-literatura/,https://web.archive.org/web/20160324112813/http://www.press.sk/zdravotnicka-literatura/,20160324112813,skip
http://www.press.sk:80/zdravotnicka-literatura,https://web.archive.org/web/20160402175535/http://www.press.sk:80/zdravotnicka-literatura,20160402175535,skip
http://www.press.sk:80/zdravotnicka-literatura/,https://web.archive.org/web/20160511111549/http://www.press.sk:80/zdravotnicka-literatura/,20160511111549,skip
http://www.press.sk:80/zdravotnicka-literatura,https://web.archive.org/web/20160513064247/http://www.press.sk:80/zdravotnicka-literatura,20160513064247,skip
http://www.press.sk/zdravotnicka-literatura/,https://web.archive.org/web/20160623191305/http://www.press.sk/zdravotnicka-literatura/,20160623191305,skip
http://www.press.sk:80/zdravotnicka-literatura/,https://web.archive.org/web/20160711072007/http://www.press.sk:80/zdravotnicka-literatura/,20160711072007,skip
http://www.press.sk:80/zdravotnicka-literatura/,https://web.archive.org/web/20160910111632/http://www.press.sk:80/zdravotnicka-literatura/,20160910111632,skip
http://www.press.sk/zdravotnicka-literatura/,https://web.archive.org/web/20161030104749/http://www.press.sk/zdravotnicka-literatura/,20161030104749,skip
http://www.press.sk:80/zdravotnicka-literatura/,https://web.archive.org/web/20161109235304/http://www.press.sk:80/zdravotnicka-literatura/,20161109235304,skip
http://www.press.sk:80/zdravotnicka-literatura/,https://web.archive.org/web/20161207113200/http://www.press.sk:80/zdravotnicka-literatura/,20161207113200,skip
http://www.press.sk:80/zdravotnicka-literatura,https://web.archive.org/web/20170109195912/http://www.press.sk:80/zdravotnicka-literatura,20170109195912,skip
http://www.press.sk:80/zdravotnicka-literatura/,https://web.archive.org/web/20170205172343/http://www.press.sk:80/zdravotnicka-literatura/,20170205172343,skip
http://www.press.sk:80/zdravotnicka-literatura/,https://web.archive.org/web/20170412112016/http://www.press.sk:80/zdravotnicka-literatura/,20170412112016,skip
http://www.press.sk:80/zdravotnicka-literatura,https://web.archive.org/web/20170511074650/http://www.press.sk:80/zdravotnicka-literatura,20170511074650,skip
http://www.press.sk/zdravotnicka-literatura/,https://web.archive.org/web/20170608011100/http://www.press.sk/zdravotnicka-literatura/,20170608011100,skip
https://www.press.sk/zdravotnicka-literatura/,https://web.archive.org/web/20190826032858/https://www.press.sk/zdravotnicka-literatura/,20190826032858,skip
https://www.press.sk/zdravotnicka-literatura/,https://web.archive.org/web/20190923140844/https://www.press.sk/zdravotnicka-literatura/,20190923140844,skip
https://www.press.sk/zdravotnicka-literatura/,https://web.archive.org/web/20191019104256/https://www.press.sk/zdravotnicka-literatura/,20191019104256,skip
https://www.press.sk/zdravotnicka-literatura/,https://web.archive.org/web/20191122135113/https://www.press.sk/zdravotnicka-literatura/,20191122135113,skip
https://www.press.sk/zdravotnicka-literatura/,https://web.archive.org/web/20221212000254/https://www.press.sk/zdravotnicka-literatura/,20221212000254,skip
https://www.press.sk/zdravotnicka-literatura/,https://web.archive.org/web/20230311055244/https://www.press.sk/zdravotnicka-literatura/,20230311055244,skip
https://www.press.sk/zdravotnicka-literatura/,https://web.archive.org/web/20230624111839/https://www.press.sk/zdravotnicka-literatura/,20230624111839,skip
http://www.press.sk:80/zdravotnicka-literatura+365/,https://web.archive.org/web/20170126113733/http://www.press.sk:80/zdravotnicka-literatura+365/,20170126113733,skip
http://www.press.sk:80/zdravotnicka-literatura+365/,https://web.archive.org/web/20170328025643/http://www.press.sk:80/zdravotnicka-literatura+365/,20170328025643,skip
http://www.press.sk:80/zdravotnicka-literatura+365/,https://web.archive.org/web/20170527213039/http://www.press.sk:80/zdravotnicka-literatura+365/,20170527213039,skip
http://www.press.sk/zdravotnicka-literatura+365/,https://web.archive.org/web/20170606130747/http://www.press.sk/zdravotnicka-literatura+365/,20170606130747,skip
https://www.press.sk/zdravotnicka-literatura+365/,https://web.archive.org/web/20190724010342/https://www.press.sk/zdravotnicka-literatura+365/,20190724010342,skip
https://www.press.sk/zdravotnicka-literatura+365/,https://web.archive.org/web/20190922085654/https://www.press.sk/zdravotnicka-literatura+365/,20190922085654,skip
https://www.press.sk/zdravotnicka-literatura+365/,https://web.archive.org/web/20191115191200/https://www.press.sk/zdravotnicka-literatura+365/,20191115191200,skip
https://www.press.sk/zdravotnicka-literatura+365/akutni-a-chronicky-kasel-teorie-a-praxe/,https://web.archive.org/web/20170819140401/https://www.press.sk/zdravotnicka-literatura+365/akutni-a-chronicky-kasel-teorie-a-praxe/,20170819140401,skip
https://www.press.sk/zdravotnicka-literatura+365/biologicka-lecba-v-revmatologii/,https://web.archive.org/web/20170821124322/https://www.press.sk/zdravotnicka-literatura+365/biologicka-lecba-v-revmatologii/,20170821124322,skip
https://www.press.sk/zdravotnicka-literatura+365/biologicka-terapie-v-lecbe-idiopatickych-strevnich-zanetu/,https://web.archive.org/web/20170820143458/https://www.press.sk/zdravotnicka-literatura+365/biologicka-terapie-v-lecbe-idiopatickych-strevnich-zanetu/,20170820143458,skip
https://www.press.sk/zdravotnicka-literatura+365/detska-otorinolaryngologie/,https://web.archive.org/web/20170820023950/https://www.press.sk/zdravotnicka-literatura+365/detska-otorinolaryngologie/,20170820023950,skip
https://www.press.sk/zdravotnicka-literatura+365/karcinom-ledviny-dvd/,https://web.archive.org/web/20190720204948/https://www.press.sk/zdravotnicka-literatura+365/karcinom-ledviny-dvd/,20190720204948,skip
https://www.press.sk/zdravotnicka-literatura+365/karcinom-ledviny-dvd/,https://web.archive.org/web/20190917071559/https://www.press.sk/zdravotnicka-literatura+365/karcinom-ledviny-dvd/,20190917071559,skip
https://www.press.sk/zdravotnicka-literatura+365/karcinom-ledviny-dvd/,https://web.archive.org/web/20191117055800/https://www.press.sk/zdravotnicka-literatura+365/karcinom-ledviny-dvd/,20191117055800,skip
https://www.press.sk/zdravotnicka-literatura+365/kardiostimulacni-technika/,https://web.archive.org/web/20170821043202/https://www.press.sk/zdravotnicka-literatura+365/kardiostimulacni-technika/,20170821043202,skip
https://www.press.sk/zdravotnicka-literatura+365/lecba-bolesti-ve-stari/,https://web.archive.org/web/20170821071310/https://www.press.sk/zdravotnicka-literatura+365/lecba-bolesti-ve-stari/,20170821071310,skip
https://www.press.sk/zdravotnicka-literatura+365/masaze-anatomie/,https://web.archive.org/web/20230311055310/https://www.press.sk/zdravotnicka-literatura+365/masaze-anatomie/,20230311055310,skip
"https://www.press.sk/zdravotnicka-literatura+365/o,a,30,30/","https://web.archive.org/web/20170821091732/https://www.press.sk/zdravotnicka-literatura+365/o,a,30,30/",20170821091732,skip
"https://www.press.sk/zdravotnicka-literatura+365/o,a,30,90/","https://web.archive.org/web/20170820184702/https://www.press.sk/zdravotnicka-literatura+365/o,a,30,90/",20170820184702,skip
http://www.press.sk:80/zdravotnicka-literatura/akutni-a-chronicky-kasel-teorie-a-praxe/,https://web.archive.org/web/20150901124936/http://www.press.sk:80/zdravotnicka-literatura/akutni-a-chronicky-kasel-teorie-a-praxe/,20150901124936,skip
http://www.press.sk/zdravotnicka-literatura/akutni-a-chronicky-kasel-teorie-a-praxe/,https://web.archive.org/web/20160802164736/http://www.press.sk/zdravotnicka-literatura/akutni-a-chronicky-kasel-teorie-a-praxe/,20160802164736,skip
http://www.press.sk/zdravotnicka-literatura/akutni-a-chronicky-kasel-teorie-a-praxe/,https://web.archive.org/web/20170405183428/http://www.press.sk/zdravotnicka-literatura/akutni-a-chronicky-kasel-teorie-a-praxe/,20170405183428,skip
http://www.press.sk:80/zdravotnicka-literatura/akutni-kardiologie-do-kapsy-prehled-soucasnych-diagnostickych-a-lecebnych-postupu-v-akutni-kardiologii/,https://web.archive.org/web/20150901124942/http://www.press.sk:80/zdravotnicka-literatura/akutni-kardiologie-do-kapsy-prehled-soucasnych-diagnostickych-a-lecebnych-postupu-v-akutni-kardiologii/,20150901124942,skip
http://www.press.sk/zdravotnicka-literatura/akutni-kardiologie-do-kapsy-prehled-soucasnych-diagnostickych-a-lecebnych-postupu-v-akutni-kardiologii/,https://web.archive.org/web/20160802130201/http://www.press.sk/zdravotnicka-literatura/akutni-kardiologie-do-kapsy-prehled-soucasnych-diagnostickych-a-lecebnych-postupu-v-akutni-kardiologii/,20160802130201,skip
http://www.press.sk/zdravotnicka-literatura/akutni-kardiologie-do-kapsy-prehled-soucasnych-diagnostickych-a-lecebnych-postupu-v-akutni-kardiologii/,https://web.archive.org/web/20170405204315/http://www.press.sk/zdravotnicka-literatura/akutni-kardiologie-do-kapsy-prehled-soucasnych-diagnostickych-a-lecebnych-postupu-v-akutni-kardiologii/,20170405204315,skip
http://www.press.sk:80/zdravotnicka-literatura/antibioticka-politika-a-prevence-infekci-v-nemocnic/,https://web.archive.org/web/20150901125212/http://www.press.sk:80/zdravotnicka-literatura/antibioticka-politika-a-prevence-infekci-v-nemocnic/,20150901125212,skip
http://www.press.sk/zdravotnicka-literatura/antibioticka-politika-a-prevence-infekci-v-nemocnic/,https://web.archive.org/web/20160802151422/http://www.press.sk/zdravotnicka-literatura/antibioticka-politika-a-prevence-infekci-v-nemocnic/,20160802151422,skip
http://www.press.sk/zdravotnicka-literatura/antibioticka-politika-a-prevence-infekci-v-nemocnic/,https://web.archive.org/web/20170405205747/http://www.press.sk/zdravotnicka-literatura/antibioticka-politika-a-prevence-infekci-v-nemocnic/,20170405205747,skip
http://www.press.sk:80/zdravotnicka-literatura/asthma-bronchiale-a-chopn-moznosti-komplexni-lecby-z-pohledu-fyzioterapeuta/,https://web.archive.org/web/20150901124948/http://www.press.sk:80/zdravotnicka-literatura/asthma-bronchiale-a-chopn-moznosti-komplexni-lecby-z-pohledu-fyzioterapeuta/,20150901124948,skip
http://www.press.sk/zdravotnicka-literatura/asthma-bronchiale-a-chopn-moznosti-komplexni-lecby-z-pohledu-fyzioterapeuta/,https://web.archive.org/web/20160802142137/http://www.press.sk/zdravotnicka-literatura/asthma-bronchiale-a-chopn-moznosti-komplexni-lecby-z-pohledu-fyzioterapeuta/,20160802142137,skip
http://www.press.sk/zdravotnicka-literatura/asthma-bronchiale-a-chopn-moznosti-komplexni-lecby-z-pohledu-fyzioterapeuta/,https://web.archive.org/web/20170405204511/http://www.press.sk/zdravotnicka-literatura/asthma-bronchiale-a-chopn-moznosti-komplexni-lecby-z-pohledu-fyzioterapeuta/,20170405204511,skip
http://www.press.sk:80/zdravotnicka-literatura/bariatricka-a-metabolicka-chirurgie-nove-postupy-v-lecbe-obezity-a-metabolickych-poruch/,https://web.archive.org/web/20150901124954/http://www.press.sk:80/zdravotnicka-literatura/bariatricka-a-metabolicka-chirurgie-nove-postupy-v-lecbe-obezity-a-metabolickych-poruch/,20150901124954,skip
http://www.press.sk/zdravotnicka-literatura/bariatricka-a-metabolicka-chirurgie-nove-postupy-v-lecbe-obezity-a-metabolickych-poruch/,https://web.archive.org/web/20160802160731/http://www.press.sk/zdravotnicka-literatura/bariatricka-a-metabolicka-chirurgie-nove-postupy-v-lecbe-obezity-a-metabolickych-poruch/,20160802160731,skip
http://www.press.sk/zdravotnicka-literatura/bariatricka-a-metabolicka-chirurgie-nove-postupy-v-lecbe-obezity-a-metabolickych-poruch/,https://web.archive.org/web/20170405204123/http://www.press.sk/zdravotnicka-literatura/bariatricka-a-metabolicka-chirurgie-nove-postupy-v-lecbe-obezity-a-metabolickych-poruch/,20170405204123,skip
https://www.press.sk/zdravotnicka-literatura/bezlepkova-a-bezmlecna-dieta/,https://web.archive.org/web/20191207134024/https://www.press.sk/zdravotnicka-literatura/bezlepkova-a-bezmlecna-dieta/,20191207134024,skip
http://www.press.sk:80/zdravotnicka-literatura/biologicka-lecba-v-revmatologii/,https://web.archive.org/web/20150901125217/http://www.press.sk:80/zdravotnicka-literatura/biologicka-lecba-v-revmatologii/,20150901125217,skip
http://www.press.sk/zdravotnicka-literatura/biologicka-lecba-v-revmatologii/,https://web.archive.org/web/20160802160510/http://www.press.sk/zdravotnicka-literatura/biologicka-lecba-v-revmatologii/,20160802160510,skip
http://www.press.sk/zdravotnicka-literatura/biologicka-lecba-v-revmatologii/,https://web.archive.org/web/20170405142157/http://www.press.sk/zdravotnicka-literatura/biologicka-lecba-v-revmatologii/,20170405142157,skip
http://www.press.sk:80/zdravotnicka-literatura/biologicka-terapie-v-lecbe-idiopatickych-strevnich-zanetu/,https://web.archive.org/web/20150901125225/http://www.press.sk:80/zdravotnicka-literatura/biologicka-terapie-v-lecbe-idiopatickych-strevnich-zanetu/,20150901125225,skip
http://www.press.sk/zdravotnicka-literatura/biologicka-terapie-v-lecbe-idiopatickych-strevnich-zanetu/,https://web.archive.org/web/20160802141434/http://www.press.sk/zdravotnicka-literatura/biologicka-terapie-v-lecbe-idiopatickych-strevnich-zanetu/,20160802141434,skip
http://www.press.sk/zdravotnicka-literatura/biologicka-terapie-v-lecbe-idiopatickych-strevnich-zanetu/,https://web.archive.org/web/20170405175053/http://www.press.sk/zdravotnicka-literatura/biologicka-terapie-v-lecbe-idiopatickych-strevnich-zanetu/,20170405175053,skip
http://www.press.sk:80/zdravotnicka-literatura/chirurgie-nohy-a-hlezna-vybrane-kapitoly/,https://web.archive.org/web/20150901125229/http://www.press.sk:80/zdravotnicka-literatura/chirurgie-nohy-a-hlezna-vybrane-kapitoly/,20150901125229,skip
http://www.press.sk/zdravotnicka-literatura/chirurgie-nohy-a-hlezna-vybrane-kapitoly/,https://web.archive.org/web/20160802165127/http://www.press.sk/zdravotnicka-literatura/chirurgie-nohy-a-hlezna-vybrane-kapitoly/,20160802165127,skip
http://www.press.sk/zdravotnicka-literatura/chirurgie-nohy-a-hlezna-vybrane-kapitoly/,https://web.archive.org/web/20170405211344/http://www.press.sk/zdravotnicka-literatura/chirurgie-nohy-a-hlezna-vybrane-kapitoly/,20170405211344,skip
http://www.press.sk:80/zdravotnicka-literatura/detska-alergologie/,https://web.archive.org/web/20150901124959/http://www.press.sk:80/zdravotnicka-literatura/detska-alergologie/,20150901124959,skip
http://www.press.sk/zdravotnicka-literatura/detska-alergologie/,https://web.archive.org/web/20160802160402/http://www.press.sk/zdravotnicka-literatura/detska-alergologie/,20160802160402,skip
http://www.press.sk/zdravotnicka-literatura/detska-alergologie/,https://web.archive.org/web/20170405230728/http://www.press.sk/zdravotnicka-literatura/detska-alergologie/,20170405230728,skip
http://www.press.sk:80/zdravotnicka-literatura/detska-andrologie/,https://web.archive.org/web/20150901125005/http://www.press.sk:80/zdravotnicka-literatura/detska-andrologie/,20150901125005,skip
http://www.press.sk/zdravotnicka-literatura/detska-andrologie/,https://web.archive.org/web/20160802162842/http://www.press.sk/zdravotnicka-literatura/detska-andrologie/,20160802162842,skip
http://www.press.sk/zdravotnicka-literatura/detska-andrologie/,https://web.archive.org/web/20170405210923/http://www.press.sk/zdravotnicka-literatura/detska-andrologie/,20170405210923,skip
http://www.press.sk:80/zdravotnicka-literatura/detska-endokrinologie-do-kapsy/,https://web.archive.org/web/20150901125234/http://www.press.sk:80/zdravotnicka-literatura/detska-endokrinologie-do-kapsy/,20150901125234,skip
http://www.press.sk/zdravotnicka-literatura/detska-endokrinologie-do-kapsy/,https://web.archive.org/web/20160802135826/http://www.press.sk/zdravotnicka-literatura/detska-endokrinologie-do-kapsy/,20160802135826,skip
http://www.press.sk/zdravotnicka-literatura/detska-endokrinologie-do-kapsy/,https://web.archive.org/web/20170405173859/http://www.press.sk/zdravotnicka-literatura/detska-endokrinologie-do-kapsy/,20170405173859,skip
http://www.press.sk:80/zdravotnicka-literatura/detska-kardiologie-do-kapsy/,https://web.archive.org/web/20150901125010/http://www.press.sk:80/zdravotnicka-literatura/detska-kardiologie-do-kapsy/,20150901125010,skip
http://www.press.sk/zdravotnicka-literatura/detska-kardiologie-do-kapsy/,https://web.archive.org/web/20160802140409/http://www.press.sk/zdravotnicka-literatura/detska-kardiologie-do-kapsy/,20160802140409,skip
http://www.press.sk/zdravotnicka-literatura/detska-kardiologie-do-kapsy/,https://web.archive.org/web/20170405174310/http://www.press.sk/zdravotnicka-literatura/detska-kardiologie-do-kapsy/,20170405174310,skip
http://www.press.sk:80/zdravotnicka-literatura/detska-otorinolaryngologie/,https://web.archive.org/web/20150901125239/http://www.press.sk:80/zdravotnicka-literatura/detska-otorinolaryngologie/,20150901125239,skip
http://www.press.sk/zdravotnicka-literatura/detska-otorinolaryngologie/,https://web.archive.org/web/20160802155036/http://www.press.sk/zdravotnicka-literatura/detska-otorinolaryngologie/,20160802155036,skip
http://www.press.sk/zdravotnicka-literatura/detska-otorinolaryngologie/,https://web.archive.org/web/20170406024107/http://www.press.sk/zdravotnicka-literatura/detska-otorinolaryngologie/,20170406024107,skip
http://www.press.sk:80/zdravotnicka-literatura/diabetologie-pro-farmaceuty/,https://web.archive.org/web/20150901125244/http://www.press.sk:80/zdravotnicka-literatura/diabetologie-pro-farmaceuty/,20150901125244,skip
http://www.press.sk/zdravotnicka-literatura/diabetologie-pro-farmaceuty/,https://web.archive.org/web/20160802164325/http://www.press.sk/zdravotnicka-literatura/diabetologie-pro-farmaceuty/,20160802164325,skip
http://www.press.sk/zdravotnicka-literatura/diabetologie-pro-farmaceuty/,https://web.archive.org/web/20170405203409/http://www.press.sk/zdravotnicka-literatura/diabetologie-pro-farmaceuty/,20170405203409,skip
http://www.press.sk:80/zdravotnicka-literatura/dieta-a-nutricni-opatreni-u-chorob-ledvin-a-mocovych-cest/,https://web.archive.org/web/20150901125249/http://www.press.sk:80/zdravotnicka-literatura/dieta-a-nutricni-opatreni-u-chorob-ledvin-a-mocovych-cest/,20150901125249,skip
http://www.press.sk/zdravotnicka-literatura/dieta-a-nutricni-opatreni-u-chorob-ledvin-a-mocovych-cest/,https://web.archive.org/web/20160802163503/http://www.press.sk/zdravotnicka-literatura/dieta-a-nutricni-opatreni-u-chorob-ledvin-a-mocovych-cest/,20160802163503,skip
http://www.press.sk/zdravotnicka-literatura/dieta-a-nutricni-opatreni-u-chorob-ledvin-a-mocovych-cest/,https://web.archive.org/web/20170405222355/http://www.press.sk/zdravotnicka-literatura/dieta-a-nutricni-opatreni-u-chorob-ledvin-a-mocovych-cest/,20170405222355,skip
https://www.press.sk/zdravotnicka-literatura/diety-pri-onemocneni-cukrovkou/,https://web.archive.org/web/20191210043339/https://www.press.sk/zdravotnicka-literatura/diety-pri-onemocneni-cukrovkou/,20191210043339,skip
https://www.press.sk/zdravotnicka-literatura/diety-pri-onemocneni-hepatitidou/,https://web.archive.org/web/20191210055957/https://www.press.sk/zdravotnicka-literatura/diety-pri-onemocneni-hepatitidou/,20191210055957,skip
https://www.press.sk/zdravotnicka-literatura/diety-pri-onemocneni-hypertenzi-vysoky-tlak/,https://web.archive.org/web/20191210053536/https://www.press.sk/zdravotnicka-literatura/diety-pri-onemocneni-hypertenzi-vysoky-tlak/,20191210053536,skip
https://www.press.sk/zdravotnicka-literatura/diety-pri-onemocneni-ledvin/,https://web.archive.org/web/20191207134135/https://www.press.sk/zdravotnicka-literatura/diety-pri-onemocneni-ledvin/,20191207134135,skip
https://www.press.sk/zdravotnicka-literatura/diety-pri-onemocneni-peptickymi-vredy/,https://web.archive.org/web/20191210044117/https://www.press.sk/zdravotnicka-literatura/diety-pri-onemocneni-peptickymi-vredy/,20191210044117,skip
https://www.press.sk/zdravotnicka-literatura/diety-pri-onemocneni-slinivky-brisni/,https://web.archive.org/web/20191210050159/https://www.press.sk/zdravotnicka-literatura/diety-pri-onemocneni-slinivky-brisni/,20191210050159,skip
https://www.press.sk/zdravotnicka-literatura/diety-pri-zanetlivem-onemocneni-strev/,https://web.archive.org/web/20191207140826/https://www.press.sk/zdravotnicka-literatura/diety-pri-zanetlivem-onemocneni-strev/,20191207140826,skip
http://www.press.sk:80/zdravotnicka-literatura/enteralni-a-parenteralni-vyziva-2.-vydani/,https://web.archive.org/web/20150901125254/http://www.press.sk:80/zdravotnicka-literatura/enteralni-a-parenteralni-vyziva-2.-vydani/,20150901125254,skip
http://www.press.sk/zdravotnicka-literatura/enteralni-a-parenteralni-vyziva-2.-vydani/,https://web.archive.org/web/20160802132333/http://www.press.sk/zdravotnicka-literatura/enteralni-a-parenteralni-vyziva-2.-vydani/,20160802132333,skip
http://www.press.sk/zdravotnicka-literatura/enteralni-a-parenteralni-vyziva-2.-vydani/,https://web.archive.org/web/20170405165504/http://www.press.sk/zdravotnicka-literatura/enteralni-a-parenteralni-vyziva-2.-vydani/,20170405165504,skip
http://www.press.sk:80/zdravotnicka-literatura/eticke-problemy-v-onkologii/,https://web.archive.org/web/20150901125303/http://www.press.sk:80/zdravotnicka-literatura/eticke-problemy-v-onkologii/,20150901125303,skip
http://www.press.sk/zdravotnicka-literatura/eticke-problemy-v-onkologii/,https://web.archive.org/web/20160802162902/http://www.press.sk/zdravotnicka-literatura/eticke-problemy-v-onkologii/,20160802162902,skip
http://www.press.sk/zdravotnicka-literatura/eticke-problemy-v-onkologii/,https://web.archive.org/web/20170405211308/http://www.press.sk/zdravotnicka-literatura/eticke-problemy-v-onkologii/,20170405211308,skip
http://www.press.sk:80/zdravotnicka-literatura/hematologicke-kazuistiky-nejen-pro-hematology-aneb-jak-neprehlednout-leukemii-v-kazdodenni-praxi/,https://web.archive.org/web/20150901125310/http://www.press.sk:80/zdravotnicka-literatura/hematologicke-kazuistiky-nejen-pro-hematology-aneb-jak-neprehlednout-leukemii-v-kazdodenni-praxi/,20150901125310,skip
http://www.press.sk/zdravotnicka-literatura/hematologicke-kazuistiky-nejen-pro-hematology-aneb-jak-neprehlednout-leukemii-v-kazdodenni-praxi/,https://web.archive.org/web/20160802145820/http://www.press.sk/zdravotnicka-literatura/hematologicke-kazuistiky-nejen-pro-hematology-aneb-jak-neprehlednout-leukemii-v-kazdodenni-praxi/,20160802145820,skip
http://www.press.sk/zdravotnicka-literatura/hematologicke-kazuistiky-nejen-pro-hematology-aneb-jak-neprehlednout-leukemii-v-kazdodenni-praxi/,https://web.archive.org/web/20170405195528/http://www.press.sk/zdravotnicka-literatura/hematologicke-kazuistiky-nejen-pro-hematology-aneb-jak-neprehlednout-leukemii-v-kazdodenni-praxi/,20170405195528,skip
http://www.press.sk:80/zdravotnicka-literatura/hepatologie-do-kapsy/,https://web.archive.org/web/20150901125314/http://www.press.sk:80/zdravotnicka-literatura/hepatologie-do-kapsy/,20150901125314,skip
http://www.press.sk/zdravotnicka-literatura/hepatologie-do-kapsy/,https://web.archive.org/web/20160802162704/http://www.press.sk/zdravotnicka-literatura/hepatologie-do-kapsy/,20160802162704,skip
http://www.press.sk:80/zdravotnicka-literatura/hiv-infekce-soucasne-trendy-v-diagnostice-lecbe-a-osetrovatelstvi/,https://web.archive.org/web/20150901125319/http://www.press.sk:80/zdravotnicka-literatura/hiv-infekce-soucasne-trendy-v-diagnostice-lecbe-a-osetrovatelstvi/,20150901125319,skip
http://www.press.sk/zdravotnicka-literatura/hiv-infekce-soucasne-trendy-v-diagnostice-lecbe-a-osetrovatelstvi/,https://web.archive.org/web/20160802160611/http://www.press.sk/zdravotnicka-literatura/hiv-infekce-soucasne-trendy-v-diagnostice-lecbe-a-osetrovatelstvi/,20160802160611,skip
http://www.press.sk/zdravotnicka-literatura/hiv-infekce-soucasne-trendy-v-diagnostice-lecbe-a-osetrovatelstvi/,https://web.archive.org/web/20170405203739/http://www.press.sk/zdravotnicka-literatura/hiv-infekce-soucasne-trendy-v-diagnostice-lecbe-a-osetrovatelstvi/,20170405203739,skip
http://www.press.sk:80/zdravotnicka-literatura/inkretinova-lecba-diabetu/,https://web.archive.org/web/20150901125015/http://www.press.sk:80/zdravotnicka-literatura/inkretinova-lecba-diabetu/,20150901125015,skip
http://www.press.sk/zdravotnicka-literatura/inkretinova-lecba-diabetu/,https://web.archive.org/web/20160802154214/http://www.press.sk/zdravotnicka-literatura/inkretinova-lecba-diabetu/,20160802154214,skip
http://www.press.sk/zdravotnicka-literatura/inkretinova-lecba-diabetu/,https://web.archive.org/web/20170405222959/http://www.press.sk/zdravotnicka-literatura/inkretinova-lecba-diabetu/,20170405222959,skip
http://www.press.sk:80/zdravotnicka-literatura/izotretinoin-v-praxi/,https://web.archive.org/web/20150901125020/http://www.press.sk:80/zdravotnicka-literatura/izotretinoin-v-praxi/,20150901125020,skip
http://www.press.sk/zdravotnicka-literatura/izotretinoin-v-praxi/,https://web.archive.org/web/20160802153615/http://www.press.sk/zdravotnicka-literatura/izotretinoin-v-praxi/,20160802153615,skip
http://www.press.sk/zdravotnicka-literatura/izotretinoin-v-praxi/,https://web.archive.org/web/20170405221531/http://www.press.sk/zdravotnicka-literatura/izotretinoin-v-praxi/,20170405221531,skip
https://www.press.sk/zdravotnicka-literatura/jak-prezit-dobu-jedovou/,https://web.archive.org/web/20191209204325/https://www.press.sk/zdravotnicka-literatura/jak-prezit-dobu-jedovou/,20191209204325,skip
http://www.press.sk:80/zdravotnicka-literatura/jod-a-stitna-zlaza/,https://web.archive.org/web/20150901125841/http://www.press.sk:80/zdravotnicka-literatura/jod-a-stitna-zlaza/,20150901125841,skip
http://www.press.sk/zdravotnicka-literatura/jod-a-stitna-zlaza/,https://web.archive.org/web/20160802160752/http://www.press.sk/zdravotnicka-literatura/jod-a-stitna-zlaza/,20160802160752,skip
http://www.press.sk/zdravotnicka-literatura/jod-a-stitna-zlaza/,https://web.archive.org/web/20170405203639/http://www.press.sk/zdravotnicka-literatura/jod-a-stitna-zlaza/,20170405203639,skip
http://www.press.sk:80/zdravotnicka-literatura/karcinom-ledviny-dvd/,https://web.archive.org/web/20150901125027/http://www.press.sk:80/zdravotnicka-literatura/karcinom-ledviny-dvd/,20150901125027,skip
http://www.press.sk/zdravotnicka-literatura/karcinom-ledviny-dvd/,https://web.archive.org/web/20160802160642/http://www.press.sk/zdravotnicka-literatura/karcinom-ledviny-dvd/,20160802160642,skip
http://www.press.sk/zdravotnicka-literatura/karcinom-ledviny-dvd/,https://web.archive.org/web/20170405150057/http://www.press.sk/zdravotnicka-literatura/karcinom-ledviny-dvd/,20170405150057,skip
http://www.press.sk:80/zdravotnicka-literatura/kardiostimulacni-technika/,https://web.archive.org/web/20150901125031/http://www.press.sk:80/zdravotnicka-literatura/kardiostimulacni-technika/,20150901125031,skip
http://www.press.sk/zdravotnicka-literatura/kardiostimulacni-technika/,https://web.archive.org/web/20160802163007/http://www.press.sk/zdravotnicka-literatura/kardiostimulacni-technika/,20160802163007,skip
http://www.press.sk/zdravotnicka-literatura/kardiostimulacni-technika/,https://web.archive.org/web/20170405205636/http://www.press.sk/zdravotnicka-literatura/kardiostimulacni-technika/,20170405205636,skip
http://www.press.sk:80/zdravotnicka-literatura/kazuistiky-z-pediatrie/,https://web.archive.org/web/20150901125036/http://www.press.sk:80/zdravotnicka-literatura/kazuistiky-z-pediatrie/,20150901125036,skip
http://www.press.sk/zdravotnicka-literatura/kazuistiky-z-pediatrie/,https://web.archive.org/web/20160802160800/http://www.press.sk/zdravotnicka-literatura/kazuistiky-z-pediatrie/,20160802160800,skip
http://www.press.sk/zdravotnicka-literatura/kazuistiky-z-pediatrie/,https://web.archive.org/web/20170405160841/http://www.press.sk/zdravotnicka-literatura/kazuistiky-z-pediatrie/,20170405160841,skip
http://www.press.sk:80/zdravotnicka-literatura/lecba-bolesti-2.-vydani-soucastne-pristupy-k-lecbe-bolesti-a-bolestivych-syndromu/,https://web.archive.org/web/20150901125851/http://www.press.sk:80/zdravotnicka-literatura/lecba-bolesti-2.-vydani-soucastne-pristupy-k-lecbe-bolesti-a-bolestivych-syndromu/,20150901125851,skip
http://www.press.sk/zdravotnicka-literatura/lecba-bolesti-2.-vydani-soucastne-pristupy-k-lecbe-bolesti-a-bolestivych-syndromu/,https://web.archive.org/web/20160802165213/http://www.press.sk/zdravotnicka-literatura/lecba-bolesti-2.-vydani-soucastne-pristupy-k-lecbe-bolesti-a-bolestivych-syndromu/,20160802165213,skip
http://www.press.sk/zdravotnicka-literatura/lecba-bolesti-2.-vydani-soucastne-pristupy-k-lecbe-bolesti-a-bolestivych-syndromu/,https://web.archive.org/web/20170405214258/http://www.press.sk/zdravotnicka-literatura/lecba-bolesti-2.-vydani-soucastne-pristupy-k-lecbe-bolesti-a-bolestivych-syndromu/,20170405214258,skip
http://www.press.sk:80/zdravotnicka-literatura/lecba-bolesti-ve-stari/,https://web.archive.org/web/20150901125041/http://www.press.sk:80/zdravotnicka-literatura/lecba-bolesti-ve-stari/,20150901125041,skip
http://www.press.sk/zdravotnicka-literatura/lecba-bolesti-ve-stari/,https://web.archive.org/web/20160802163438/http://www.press.sk/zdravotnicka-literatura/lecba-bolesti-ve-stari/,20160802163438,skip
http://www.press.sk/zdravotnicka-literatura/lecba-bolesti-ve-stari/,https://web.archive.org/web/20170405221640/http://www.press.sk/zdravotnicka-literatura/lecba-bolesti-ve-stari/,20170405221640,skip
http://www.press.sk:80/zdravotnicka-literatura/lecba-diabetu-u-pacientu-s-onemocnenim-ledvin-a-jater/,https://web.archive.org/web/20150901125046/http://www.press.sk:80/zdravotnicka-literatura/lecba-diabetu-u-pacientu-s-onemocnenim-ledvin-a-jater/,20150901125046,skip
http://www.press.sk/zdravotnicka-literatura/lecba-diabetu-u-pacientu-s-onemocnenim-ledvin-a-jater/,https://web.archive.org/web/20160803102956/http://www.press.sk/zdravotnicka-literatura/lecba-diabetu-u-pacientu-s-onemocnenim-ledvin-a-jater/,20160803102956,skip
http://www.press.sk/zdravotnicka-literatura/lecba-diabetu-u-pacientu-s-onemocnenim-ledvin-a-jater/,https://web.archive.org/web/20170405215947/http://www.press.sk/zdravotnicka-literatura/lecba-diabetu-u-pacientu-s-onemocnenim-ledvin-a-jater/,20170405215947,skip
http://www.press.sk:80/zdravotnicka-literatura/lecba-pooperacni-bolesti-3.vydani/,https://web.archive.org/web/20150901125920/http://www.press.sk:80/zdravotnicka-literatura/lecba-pooperacni-bolesti-3.vydani/,20150901125920,skip
http://www.press.sk/zdravotnicka-literatura/lecba-pooperacni-bolesti-3.vydani/,https://web.archive.org/web/20160802160726/http://www.press.sk/zdravotnicka-literatura/lecba-pooperacni-bolesti-3.vydani/,20160802160726,skip
http://www.press.sk/zdravotnicka-literatura/lecba-pooperacni-bolesti-3.vydani/,https://web.archive.org/web/20170405152141/http://www.press.sk/zdravotnicka-literatura/lecba-pooperacni-bolesti-3.vydani/,20170405152141,skip
"http://www.press.sk:80/zdravotnicka-literatura/o,a,30,30/","https://web.archive.org/web/20150901125052/http://www.press.sk:80/zdravotnicka-literatura/o,a,30,30/",20150901125052,skip
"http://www.press.sk/zdravotnicka-literatura/o,a,30,30/","https://web.archive.org/web/20160802152620/http://www.press.sk/zdravotnicka-literatura/o,a,30,30/",20160802152620,skip
"http://www.press.sk/zdravotnicka-literatura/o,a,30,30/","https://web.archive.org/web/20170405213853/http://www.press.sk/zdravotnicka-literatura/o,a,30,30/",20170405213853,skip
"http://www.press.sk:80/zdravotnicka-literatura/o,a,30,60/","https://web.archive.org/web/20150901125057/http://www.press.sk:80/zdravotnicka-literatura/o,a,30,60/",20150901125057,skip
"http://www.press.sk/zdravotnicka-literatura/o,a,30,60/","https://web.archive.org/web/20160802131409/http://www.press.sk/zdravotnicka-literatura/o,a,30,60/",20160802131409,skip
"http://www.press.sk/zdravotnicka-literatura/o,a,30,60/","https://web.archive.org/web/20170405163842/http://www.press.sk/zdravotnicka-literatura/o,a,30,60/",20170405163842,skip
"http://www.press.sk/zdravotnicka-literatura/o,a,30,90/","https://web.archive.org/web/20170405175132/http://www.press.sk/zdravotnicka-literatura/o,a,30,90/",20170405175132,skip
https://www.press.sk/zdravotnicka-literatura/vikingske-copy-a-copanky/,https://web.archive.org/web/20190924093842/https://www.press.sk/zdravotnicka-literatura/vikingske-copy-a-copanky/,20190924093842,skip
https://www.press.sk/zdravoveda/,https://web.archive.org/web/20190724010315/https://www.press.sk/zdravoveda/,20190724010315,skip
https://www.press.sk/zdravoveda/,https://web.archive.org/web/20190922085626/https://www.press.sk/zdravoveda/,20190922085626,skip
https://www.press.sk/zdravoveda/,https://web.archive.org/web/20191115191147/https://www.press.sk/zdravoveda/,20191115191147,skip
https://www.press.sk/zdravoveda/,https://web.archive.org/web/20230311055302/https://www.press.sk/zdravoveda/,20230311055302,skip
https://www.press.sk/zdravoveda/atlas-svalu-anatomie/,https://web.archive.org/web/20190822224046/https://www.press.sk/zdravoveda/atlas-svalu-anatomie/,20190822224046,skip
https://www.press.sk/zdravoveda/atlas-svalu-anatomie/,https://web.archive.org/web/20191013232134/https://www.press.sk/zdravoveda/atlas-svalu-anatomie/,20191013232134,skip
https://www.press.sk/zdravoveda/atlas-svalu-anatomie/,https://web.archive.org/web/20191207084114/https://www.press.sk/zdravoveda/atlas-svalu-anatomie/,20191207084114,skip
https://www.press.sk/zdravy-zivotny-styl-krasa/,https://web.archive.org/web/20170731113508/https://www.press.sk/zdravy-zivotny-styl-krasa/,20170731113508,skip
https://www.press.sk/zdravy-zivotny-styl-krasa/,https://web.archive.org/web/20190724005846/https://www.press.sk/zdravy-zivotny-styl-krasa/,20190724005846,skip
https://www.press.sk/zdravy-zivotny-styl-krasa/,https://web.archive.org/web/20190922085134/https://www.press.sk/zdravy-zivotny-styl-krasa/,20190922085134,skip
https://www.press.sk/zdravy-zivotny-styl-krasa/,https://web.archive.org/web/20191115190922/https://www.press.sk/zdravy-zivotny-styl-krasa/,20191115190922,skip
https://www.press.sk/zdravy-zivotny-styl-krasa/,https://web.archive.org/web/20230311055302/https://www.press.sk/zdravy-zivotny-styl-krasa/,20230311055302,skip
https://www.press.sk/zdravy-zivotny-styl-krasa/arnold-schwarzenegger-encyklopedie-moderni-kulturistiky/,https://web.archive.org/web/20190721073425/https://www.press.sk/zdravy-zivotny-styl-krasa/arnold-schwarzenegger-encyklopedie-moderni-kulturistiky/,20190721073425,skip
https://www.press.sk/zdravy-zivotny-styl-krasa/arnold-schwarzenegger-encyklopedie-moderni-kulturistiky/,https://web.archive.org/web/20190922145853/https://www.press.sk/zdravy-zivotny-styl-krasa/arnold-schwarzenegger-encyklopedie-moderni-kulturistiky/,20190922145853,skip
https://www.press.sk/zdravy-zivotny-styl-krasa/arnold-schwarzenegger-encyklopedie-moderni-kulturistiky/,https://web.archive.org/web/20191113155950/https://www.press.sk/zdravy-zivotny-styl-krasa/arnold-schwarzenegger-encyklopedie-moderni-kulturistiky/,20191113155950,skip
https://www.press.sk/zdravy-zivotny-styl-krasa/cviceni-pri-bolestech-zad/,https://web.archive.org/web/20191020011950/https://www.press.sk/zdravy-zivotny-styl-krasa/cviceni-pri-bolestech-zad/,20191020011950,skip
https://www.press.sk/zdravy-zivotny-styl-krasa/fit-kdykoliv-a-kdekoliv/,https://web.archive.org/web/20230311055306/https://www.press.sk/zdravy-zivotny-styl-krasa/fit-kdykoliv-a-kdekoliv/,20230311055306,skip
https://www.press.sk/zdravy-zivotny-styl-krasa/joga-ocista-a-ritualy/,https://web.archive.org/web/20190826033231/https://www.press.sk/zdravy-zivotny-styl-krasa/joga-ocista-a-ritualy/,20190826033231,skip
https://www.press.sk/zdravy-zivotny-styl-krasa/knihovnicka-medunky-38-zahradkarem-vedome-jak-si-jednoduse-vytvo/,https://web.archive.org/web/20190721071237/https://www.press.sk/zdravy-zivotny-styl-krasa/knihovnicka-medunky-38-zahradkarem-vedome-jak-si-jednoduse-vytvo/,20190721071237,skip
https://www.press.sk/zdravy-zivotny-styl-krasa/knihovnicka-medunky-38-zahradkarem-vedome-jak-si-jednoduse-vytvo/,https://web.archive.org/web/20191211161342/https://www.press.sk/zdravy-zivotny-styl-krasa/knihovnicka-medunky-38-zahradkarem-vedome-jak-si-jednoduse-vytvo/,20191211161342,skip
https://www.press.sk/zdravy-zivotny-styl-krasa/knihovnicka-medunky-42-vesmirne-energie-dokonalost-v-jednoduchos/,https://web.archive.org/web/20190721071450/https://www.press.sk/zdravy-zivotny-styl-krasa/knihovnicka-medunky-42-vesmirne-energie-dokonalost-v-jednoduchos/,20190721071450,skip
https://www.press.sk/zdravy-zivotny-styl-krasa/knihovnicka-medunky-42-vesmirne-energie-dokonalost-v-jednoduchos/,https://web.archive.org/web/20190922145320/https://www.press.sk/zdravy-zivotny-styl-krasa/knihovnicka-medunky-42-vesmirne-energie-dokonalost-v-jednoduchos/,20190922145320,skip
https://www.press.sk/zdravy-zivotny-styl-krasa/knihovnicka-medunky-42-vesmirne-energie-dokonalost-v-jednoduchos/,https://web.archive.org/web/20191122011048/https://www.press.sk/zdravy-zivotny-styl-krasa/knihovnicka-medunky-42-vesmirne-energie-dokonalost-v-jednoduchos/,20191122011048,skip
https://www.press.sk/zdravy-zivotny-styl-krasa/knihovnicka-medunky-43-pruvodce-rodinnymi-konstelacemi/,https://web.archive.org/web/20190721215006/https://www.press.sk/zdravy-zivotny-styl-krasa/knihovnicka-medunky-43-pruvodce-rodinnymi-konstelacemi/,20190721215006,skip
https://www.press.sk/zdravy-zivotny-styl-krasa/knihovnicka-medunky-43-pruvodce-rodinnymi-konstelacemi/,https://web.archive.org/web/20190922145729/https://www.press.sk/zdravy-zivotny-styl-krasa/knihovnicka-medunky-43-pruvodce-rodinnymi-konstelacemi/,20190922145729,skip
https://www.press.sk/zdravy-zivotny-styl-krasa/knihovnicka-medunky-43-pruvodce-rodinnymi-konstelacemi/,https://web.archive.org/web/20191111205825/https://www.press.sk/zdravy-zivotny-styl-krasa/knihovnicka-medunky-43-pruvodce-rodinnymi-konstelacemi/,20191111205825,skip
https://www.press.sk/zdravy-zivotny-styl-krasa/knihovnicka-medunky-bolesti-kloubu-alternativni-lecba/,https://web.archive.org/web/20191022094719/https://www.press.sk/zdravy-zivotny-styl-krasa/knihovnicka-medunky-bolesti-kloubu-alternativni-lecba/,20191022094719,skip
https://www.press.sk/zdravy-zivotny-styl-krasa/knihovnicka-medunky-budme-zdravi-na-jare-i-v-lete/,https://web.archive.org/web/20191022102025/https://www.press.sk/zdravy-zivotny-styl-krasa/knihovnicka-medunky-budme-zdravi-na-jare-i-v-lete/,20191022102025,skip
https://www.press.sk/zdravy-zivotny-styl-krasa/knihovnicka-medunky-byla-jsem-tlusta-jsem-jaka-jsem/,https://web.archive.org/web/20191019055717/https://www.press.sk/zdravy-zivotny-styl-krasa/knihovnicka-medunky-byla-jsem-tlusta-jsem-jaka-jsem/,20191019055717,skip
https://www.press.sk/zdravy-zivotny-styl-krasa/knihovnicka-medunky-deti-a-bylinky/,https://web.archive.org/web/20191022093927/https://www.press.sk/zdravy-zivotny-styl-krasa/knihovnicka-medunky-deti-a-bylinky/,20191022093927,skip
https://www.press.sk/zdravy-zivotny-styl-krasa/knihovnicka-medunky-jak-zmenit-svet-tady-a-ted/,https://web.archive.org/web/20191019052250/https://www.press.sk/zdravy-zivotny-styl-krasa/knihovnicka-medunky-jak-zmenit-svet-tady-a-ted/,20191019052250,skip
https://www.press.sk/zdravy-zivotny-styl-krasa/knihovnicka-medunky-leceni-duse-aneb-cesta-k-sobe/,https://web.archive.org/web/20191019052827/https://www.press.sk/zdravy-zivotny-styl-krasa/knihovnicka-medunky-leceni-duse-aneb-cesta-k-sobe/,20191019052827,skip
https://www.press.sk/zdravy-zivotny-styl-krasa/knihovnicka-medunky-migrena-a-tinnitus/,https://web.archive.org/web/20191022094744/https://www.press.sk/zdravy-zivotny-styl-krasa/knihovnicka-medunky-migrena-a-tinnitus/,20191022094744,skip
https://www.press.sk/zdravy-zivotny-styl-krasa/knihovnicka-medunky-navraty-sobe/,https://web.archive.org/web/20190824000711/https://www.press.sk/zdravy-zivotny-styl-krasa/knihovnicka-medunky-navraty-sobe/,20190824000711,skip
https://www.press.sk/zdravy-zivotny-styl-krasa/knihovnicka-medunky-navraty-sobe/,https://web.archive.org/web/20191022101845/https://www.press.sk/zdravy-zivotny-styl-krasa/knihovnicka-medunky-navraty-sobe/,20191022101845,skip
https://www.press.sk/zdravy-zivotny-styl-krasa/knihovnicka-medunky-nebudme-kyseli-budme-zdravi/,https://web.archive.org/web/20191019052757/https://www.press.sk/zdravy-zivotny-styl-krasa/knihovnicka-medunky-nebudme-kyseli-budme-zdravi/,20191019052757,skip
https://www.press.sk/zdravy-zivotny-styl-krasa/knihovnicka-medunky-nebudme-kyseli-budme-zdravi/,https://web.archive.org/web/20191022095800/https://www.press.sk/zdravy-zivotny-styl-krasa/knihovnicka-medunky-nebudme-kyseli-budme-zdravi/,20191022095800,skip
https://www.press.sk/zdravy-zivotny-styl-krasa/knihovnicka-medunky-nohy-nozky-nozicky/,https://web.archive.org/web/20191019052328/https://www.press.sk/zdravy-zivotny-styl-krasa/knihovnicka-medunky-nohy-nozky-nozicky/,20191019052328,skip
https://www.press.sk/zdravy-zivotny-styl-krasa/knihovnicka-medunky-ockovani-jeho-ucinky-nasledky-a-jejich-lecba/,https://web.archive.org/web/20191022094549/https://www.press.sk/zdravy-zivotny-styl-krasa/knihovnicka-medunky-ockovani-jeho-ucinky-nasledky-a-jejich-lecba/,20191022094549,skip
https://www.press.sk/zdravy-zivotny-styl-krasa/knihovnicka-medunky-ockovani-jeho-ucinky-nasledky-a-jejich-lecba/,https://web.archive.org/web/20191210044042/https://www.press.sk/zdravy-zivotny-styl-krasa/knihovnicka-medunky-ockovani-jeho-ucinky-nasledky-a-jejich-lecba/,20191210044042,skip
https://www.press.sk/zdravy-zivotny-styl-krasa/knihovnicka-medunky-ockovani-jeho-ucinky-nasledky-a-jejich-lecba+12253/,https://web.archive.org/web/20191019052633/https://www.press.sk/zdravy-zivotny-styl-krasa/knihovnicka-medunky-ockovani-jeho-ucinky-nasledky-a-jejich-lecba+12253/,20191019052633,skip
https://www.press.sk/zdravy-zivotny-styl-krasa/knihovnicka-medunky-ockovani-jeho-ucinky-nasledky-a-jejich-lecba+12253/,https://web.archive.org/web/20191210052157/https://www.press.sk/zdravy-zivotny-styl-krasa/knihovnicka-medunky-ockovani-jeho-ucinky-nasledky-a-jejich-lecba+12253/,20191210052157,skip
https://www.press.sk/zdravy-zivotny-styl-krasa/knihovnicka-medunky-ucme-se-zivotu-ii/,https://web.archive.org/web/20191019052244/https://www.press.sk/zdravy-zivotny-styl-krasa/knihovnicka-medunky-ucme-se-zivotu-ii/,20191019052244,skip
https://www.press.sk/zdravy-zivotny-styl-krasa/knihovnicka-medunky-vitej-zimo-bila-recepty-pro-zdravi-a-krasu/,https://web.archive.org/web/20191022094403/https://www.press.sk/zdravy-zivotny-styl-krasa/knihovnicka-medunky-vitej-zimo-bila-recepty-pro-zdravi-a-krasu/,20191022094403,skip
https://www.press.sk/zdravy-zivotny-styl-krasa/knihovnicka-medunky-znamei-v-nas/,https://web.archive.org/web/20191019053134/https://www.press.sk/zdravy-zivotny-styl-krasa/knihovnicka-medunky-znamei-v-nas/,20191019053134,skip
https://www.press.sk/zdravy-zivotny-styl-krasa/masaze-anatomia/,https://web.archive.org/web/20190923075941/https://www.press.sk/zdravy-zivotny-styl-krasa/masaze-anatomia/,20190923075941,skip
https://www.press.sk/zdravy-zivotny-styl-krasa/masaze-anatomia/,https://web.archive.org/web/20191113155841/https://www.press.sk/zdravy-zivotny-styl-krasa/masaze-anatomia/,20191113155841,skip
https://www.press.sk/zdravy-zivotny-styl-krasa/mineralni-kosmetika/,https://web.archive.org/web/20190822224032/https://www.press.sk/zdravy-zivotny-styl-krasa/mineralni-kosmetika/,20190822224032,skip
https://www.press.sk/zdravy-zivotny-styl-krasa/mineralni-kosmetika/,https://web.archive.org/web/20191013232127/https://www.press.sk/zdravy-zivotny-styl-krasa/mineralni-kosmetika/,20191013232127,skip
https://www.press.sk/zdravy-zivotny-styl-krasa/mineralni-kosmetika/,https://web.archive.org/web/20191207084019/https://www.press.sk/zdravy-zivotny-styl-krasa/mineralni-kosmetika/,20191207084019,skip
https://www.press.sk/zdravy-zivotny-styl-krasa/otuzovanie-skandinavska-cesta-k-zdravsiemu-a-stastnejsiemu-zivot/,https://web.archive.org/web/20230311055309/https://www.press.sk/zdravy-zivotny-styl-krasa/otuzovanie-skandinavska-cesta-k-zdravsiemu-a-stastnejsiemu-zivot/,20230311055309,skip
https://www.press.sk/zdravy-zivotny-styl-krasa/rychla-relaxace+19869/,https://web.archive.org/web/20190819105019/https://www.press.sk/zdravy-zivotny-styl-krasa/rychla-relaxace+19869/,20190819105019,skip
https://www.press.sk/zdravy-zivotny-styl-krasa/rychla-relaxace+19869/,https://web.archive.org/web/20191017060116/https://www.press.sk/zdravy-zivotny-styl-krasa/rychla-relaxace+19869/,20191017060116,skip
https://www.press.sk/zdravy-zivotny-styl-krasa/ukaz-svou-silu-posilovani-pro-zeny/,https://web.archive.org/web/20190723163508/https://www.press.sk/zdravy-zivotny-styl-krasa/ukaz-svou-silu-posilovani-pro-zeny/,20190723163508,skip
https://www.press.sk/zdravy-zivotny-styl-krasa/ukaz-svou-silu-posilovani-pro-zeny/,https://web.archive.org/web/20190923163020/https://www.press.sk/zdravy-zivotny-styl-krasa/ukaz-svou-silu-posilovani-pro-zeny/,20190923163020,skip
https://www.press.sk/zdravy-zivotny-styl-krasa/ukaz-svou-silu-posilovani-pro-zeny/,https://web.archive.org/web/20191122135212/https://www.press.sk/zdravy-zivotny-styl-krasa/ukaz-svou-silu-posilovani-pro-zeny/,20191122135212,skip
https://www.press.sk/zdravy-zivotny-styl-krasa/vesele-bylinky-pepy-zentricha-i/,https://web.archive.org/web/20190721093454/https://www.press.sk/zdravy-zivotny-styl-krasa/vesele-bylinky-pepy-zentricha-i/,20190721093454,skip
https://www.press.sk/zdravy-zivotny-styl-krasa/vesele-bylinky-pepy-zentricha-i/,https://web.archive.org/web/20191019052932/https://www.press.sk/zdravy-zivotny-styl-krasa/vesele-bylinky-pepy-zentricha-i/,20191019052932,skip
https://www.press.sk/zdravy-zivotny-styl-krasa/vesele-bylinky-pepy-zentricha-ii/,https://web.archive.org/web/20191022094542/https://www.press.sk/zdravy-zivotny-styl-krasa/vesele-bylinky-pepy-zentricha-ii/,20191022094542,skip
http://www.press.sk:80/zeleznice/,https://web.archive.org/web/20090305233858/http://www.press.sk:80/zeleznice/,20090305233858,skip
http://www.press.sk:80/zeleznice/,https://web.archive.org/web/20090506080416/http://www.press.sk:80/zeleznice/,20090506080416,skip
http://www.press.sk:80/zeleznice,https://web.archive.org/web/20091001173809/http://www.press.sk:80/zeleznice,20091001173809,skip
http://www.press.sk:80/zeleznice,https://web.archive.org/web/20100111023335/http://www.press.sk:80/zeleznice,20100111023335,skip
http://www.press.sk:80/zeleznice/,https://web.archive.org/web/20100604171838/http://www.press.sk:80/zeleznice/,20100604171838,skip
http://www.press.sk:80/zeleznice/,https://web.archive.org/web/20100829102722/http://www.press.sk:80/zeleznice/,20100829102722,skip
http://www.press.sk:80/zeleznice/,https://web.archive.org/web/20110517173253/http://www.press.sk:80/zeleznice/,20110517173253,skip
http://www.press.sk:80/zeleznice/,https://web.archive.org/web/20110802063539/http://www.press.sk:80/zeleznice/,20110802063539,skip
http://www.press.sk:80/zeleznice/,https://web.archive.org/web/20111118094708/http://www.press.sk:80/zeleznice/,20111118094708,skip
http://www.press.sk:80/zeleznice/,https://web.archive.org/web/20120319050632/http://www.press.sk:80/zeleznice/,20120319050632,skip
http://www.press.sk/zeleznice/,https://web.archive.org/web/20130511020135/http://www.press.sk/zeleznice/,20130511020135,skip
http://www.press.sk:80/zeleznice,https://web.archive.org/web/20131108025217/http://www.press.sk:80/zeleznice,20131108025217,skip
http://www.press.sk:80/zeleznice,https://web.archive.org/web/20140219215752/http://www.press.sk:80/zeleznice,20140219215752,skip
http://www.press.sk:80/zeleznice,https://web.archive.org/web/20140708033004/http://www.press.sk:80/zeleznice,20140708033004,skip
http://www.press.sk:80/zeleznice,https://web.archive.org/web/20140828012348/http://www.press.sk:80/zeleznice,20140828012348,skip
http://www.press.sk:80/zeleznice/,https://web.archive.org/web/20150823064641/http://www.press.sk:80/zeleznice/,20150823064641,skip
http://www.press.sk/zeleznice/,https://web.archive.org/web/20160406122633/http://www.press.sk/zeleznice/,20160406122633,skip
http://www.press.sk/zeleznice/,https://web.archive.org/web/20170406004422/http://www.press.sk/zeleznice/,20170406004422,skip
https://www.press.sk/zeleznice/,https://web.archive.org/web/20170731002512/https://www.press.sk/zeleznice/,20170731002512,skip
https://www.press.sk/zeleznice/,https://web.archive.org/web/20190721071347/https://www.press.sk/zeleznice/,20190721071347,skip
https://www.press.sk/zeleznice/,https://web.archive.org/web/20190922145213/https://www.press.sk/zeleznice/,20190922145213,skip
https://www.press.sk/zeleznice/,https://web.archive.org/web/20191111205621/https://www.press.sk/zeleznice/,20191111205621,skip
https://www.press.sk/zeleznice/,https://web.archive.org/web/20230311055302/https://www.press.sk/zeleznice/,20230311055302,skip
http://www.press.sk:80/zeleznice/333-lokomotiv/,https://web.archive.org/web/20090322045958/http://www.press.sk:80/zeleznice/333-lokomotiv/,20090322045958,skip
http://www.press.sk/zeleznice/333-lokomotiv/,https://web.archive.org/web/20130623041000/http://www.press.sk/zeleznice/333-lokomotiv/,20130623041000,skip
https://www.press.sk/zeleznice/anatomie-parnich-lokomotiv/,https://web.archive.org/web/20190825003618/https://www.press.sk/zeleznice/anatomie-parnich-lokomotiv/,20190825003618,skip
https://www.press.sk/zeleznice/dampflok-br-86-train-in-detail-no.-2/,https://web.archive.org/web/20190826055240/https://www.press.sk/zeleznice/dampflok-br-86-train-in-detail-no.-2/,20190826055240,skip
https://www.press.sk/zeleznice/dampflok-br-86-train-in-detail-no.-2/,https://web.archive.org/web/20191117055743/https://www.press.sk/zeleznice/dampflok-br-86-train-in-detail-no.-2/,20191117055743,skip
http://www.press.sk/zeleznice/dejiny-tatranske-elektricke-zeleznice/,https://web.archive.org/web/20160411111632/http://www.press.sk/zeleznice/dejiny-tatranske-elektricke-zeleznice/,20160411111632,skip
http://www.press.sk:80/zeleznice/dejiny-tatranske-elektricke-zeleznice/,https://web.archive.org/web/20160823081236/http://www.press.sk:80/zeleznice/dejiny-tatranske-elektricke-zeleznice/,20160823081236,skip
http://www.press.sk/zeleznice/dlouha-zelezna-stuha/,https://web.archive.org/web/20130622232703/http://www.press.sk/zeleznice/dlouha-zelezna-stuha/,20130622232703,skip
http://www.press.sk/zeleznice/elektricke-jednotky-emu-89.0-tatry-v-tatrach-2/,https://web.archive.org/web/20130623003543/http://www.press.sk/zeleznice/elektricke-jednotky-emu-89.0-tatry-v-tatrach-2/,20130623003543,skip
http://www.press.sk/zeleznice/elektricke-lokomitivy-e-499.0-1/,https://web.archive.org/web/20130622234724/http://www.press.sk/zeleznice/elektricke-lokomitivy-e-499.0-1/,20130622234724,skip
https://www.press.sk/zeleznice/elektricke-lokomotivy-e-499.0-1/,https://web.archive.org/web/20191020123249/https://www.press.sk/zeleznice/elektricke-lokomotivy-e-499.0-1/,20191020123249,skip
http://www.press.sk/zeleznice/elektricke-lokomotivy-e-499.0-2/,https://web.archive.org/web/20130623035407/http://www.press.sk/zeleznice/elektricke-lokomotivy-e-499.0-2/,20130623035407,skip
https://www.press.sk/zeleznice/elektricke-lokomotivy-e-499.0-2/,https://web.archive.org/web/20191020012738/https://www.press.sk/zeleznice/elektricke-lokomotivy-e-499.0-2/,20191020012738,skip
http://www.press.sk/zeleznice/elektricke-lokomotivy-e-499.0-3/,https://web.archive.org/web/20130623051858/http://www.press.sk/zeleznice/elektricke-lokomotivy-e-499.0-3/,20130623051858,skip
https://www.press.sk/zeleznice/elektricke-lokomotivy-e-499.0-3/,https://web.archive.org/web/20191022101133/https://www.press.sk/zeleznice/elektricke-lokomotivy-e-499.0-3/,20191022101133,skip
http://www.press.sk/zeleznice/elektricke-vozy-rady-emu-49.0-tatry-v-tatrach-1/,https://web.archive.org/web/20130623050907/http://www.press.sk/zeleznice/elektricke-vozy-rady-emu-49.0-tatry-v-tatrach-1/,20130623050907,skip
http://www.press.sk/zeleznice/encyklopedie-lokomotivy/,https://web.archive.org/web/20130623040243/http://www.press.sk/zeleznice/encyklopedie-lokomotivy/,20130623040243,skip
http://www.press.sk:80/zeleznice/encyklopedie-zeleznice-5.diel,https://web.archive.org/web/20090322041054/http://www.press.sk:80/zeleznice/encyklopedie-zeleznice-5.diel,20090322041054,skip
http://www.press.sk:80/zeleznice/encyklopedie-zeleznice-5.diel,https://web.archive.org/web/20090421223300/http://www.press.sk:80/zeleznice/encyklopedie-zeleznice-5.diel,20090421223300,skip
http://www.press.sk:80/zeleznice/encyklopedie-zeleznice-5.diel,https://web.archive.org/web/20090523034440/http://www.press.sk:80/zeleznice/encyklopedie-zeleznice-5.diel,20090523034440,skip
http://www.press.sk:80/zeleznice/encyklopedie-zeleznice-5.diel,https://web.archive.org/web/20100105143859/http://www.press.sk:80/zeleznice/encyklopedie-zeleznice-5.diel,20100105143859,skip
http://www.press.sk/zeleznice/encyklopedie-zeleznice-motorove-lokomotivy-csd/,https://web.archive.org/web/20130623031106/http://www.press.sk/zeleznice/encyklopedie-zeleznice-motorove-lokomotivy-csd/,20130623031106,skip
http://www.press.sk/zeleznice/encyklopedie-zleznice-motorove-lokomotivy-csd-2/,https://web.archive.org/web/20130623030013/http://www.press.sk/zeleznice/encyklopedie-zleznice-motorove-lokomotivy-csd-2/,20130623030013,skip
https://www.press.sk/zeleznice/exoticke-zeleznice-50-turisticky-nejzajimavejsich-zeleznicnich-t/,https://web.archive.org/web/20191022094207/https://www.press.sk/zeleznice/exoticke-zeleznice-50-turisticky-nejzajimavejsich-zeleznicnich-t/,20191022094207,skip
https://www.press.sk/zeleznice/fenomen-ckd/,https://web.archive.org/web/20190825224627/https://www.press.sk/zeleznice/fenomen-ckd/,20190825224627,skip
http://www.press.sk:80/zeleznice/fenomen-cme-3,https://web.archive.org/web/20111116233459/http://www.press.sk:80/zeleznice/fenomen-cme-3,20111116233459,skip
http://www.press.sk:80/zeleznice/fenomen-cme-3/,https://web.archive.org/web/20111118094141/http://www.press.sk:80/zeleznice/fenomen-cme-3/,20111118094141,skip
http://www.press.sk:80/zeleznice/fenomen-cme-3,https://web.archive.org/web/20111217082812/http://www.press.sk:80/zeleznice/fenomen-cme-3,20111217082812,skip
http://www.press.sk:80/zeleznice/fenomen-cme-3,https://web.archive.org/web/20120117015202/http://www.press.sk:80/zeleznice/fenomen-cme-3,20120117015202,skip
http://www.press.sk:80/zeleznice/fenomen-cme-3,https://web.archive.org/web/20120118015354/http://www.press.sk:80/zeleznice/fenomen-cme-3,20120118015354,skip
http://www.press.sk:80/zeleznice/fenomen-cme-3,https://web.archive.org/web/20120222233932/http://www.press.sk:80/zeleznice/fenomen-cme-3,20120222233932,skip
http://www.press.sk:80/zeleznice/fenomen-cme-3,https://web.archive.org/web/20120416083159/http://www.press.sk:80/zeleznice/fenomen-cme-3,20120416083159,skip
http://www.press.sk:80/zeleznice/fenomen-cme-3,https://web.archive.org/web/20120627023500/http://www.press.sk:80/zeleznice/fenomen-cme-3,20120627023500,skip
http://www.press.sk:80/zeleznice/fenomen-cme-3,https://web.archive.org/web/20120818090148/http://www.press.sk:80/zeleznice/fenomen-cme-3,20120818090148,skip
http://www.press.sk:80/zeleznice/fenomen-cme-3,https://web.archive.org/web/20121113131740/http://www.press.sk:80/zeleznice/fenomen-cme-3,20121113131740,skip
http://www.press.sk:80/zeleznice/fenomen-cme-3,https://web.archive.org/web/20121230030256/http://www.press.sk:80/zeleznice/fenomen-cme-3,20121230030256,skip
http://www.press.sk:80/zeleznice/fenomen-cme-3,https://web.archive.org/web/20130530105852/http://www.press.sk:80/zeleznice/fenomen-cme-3,20130530105852,skip
https://www.press.sk/zeleznice/kam-za-vlaky-a-vlacky/,https://web.archive.org/web/20190918204601/https://www.press.sk/zeleznice/kam-za-vlaky-a-vlacky/,20190918204601,skip
https://www.press.sk/zeleznice/kolejova-vozidla-i/,https://web.archive.org/web/20190918184003/https://www.press.sk/zeleznice/kolejova-vozidla-i/,20190918184003,skip
https://www.press.sk/zeleznice/kolejova-vozidla-i/,https://web.archive.org/web/20191113004047/https://www.press.sk/zeleznice/kolejova-vozidla-i/,20191113004047,skip
https://www.press.sk/zeleznice/kolejova-vozidla-ii/,https://web.archive.org/web/20190919030333/https://www.press.sk/zeleznice/kolejova-vozidla-ii/,20190919030333,skip
https://www.press.sk/zeleznice/kolejova-vozidla-ii/,https://web.archive.org/web/20191113004115/https://www.press.sk/zeleznice/kolejova-vozidla-ii/,20191113004115,skip
https://www.press.sk/zeleznice/lokomotivfabrik-krauss-comp.-linz-a.-d./,https://web.archive.org/web/20190916211125/https://www.press.sk/zeleznice/lokomotivfabrik-krauss-comp.-linz-a.-d./,20190916211125,skip
http://www.press.sk/zeleznice/maly-atlas-lokomotiv-2009/,https://web.archive.org/web/20130623042345/http://www.press.sk/zeleznice/maly-atlas-lokomotiv-2009/,20130623042345,skip
http://www.press.sk:80/zeleznice/maly-atlas-lokomotiv-2011,https://web.archive.org/web/20120316025333/http://www.press.sk:80/zeleznice/maly-atlas-lokomotiv-2011,20120316025333,skip
http://www.press.sk:80/zeleznice/maly-atlas-lokomotiv-2011/,https://web.archive.org/web/20120319143058/http://www.press.sk:80/zeleznice/maly-atlas-lokomotiv-2011/,20120319143058,skip
http://www.press.sk:80/zeleznice/maly-atlas-lokomotiv-2011,https://web.archive.org/web/20120418174118/http://www.press.sk:80/zeleznice/maly-atlas-lokomotiv-2011,20120418174118,skip
http://www.press.sk:80/zeleznice/maly-atlas-lokomotiv-2011,https://web.archive.org/web/20120630092240/http://www.press.sk:80/zeleznice/maly-atlas-lokomotiv-2011,20120630092240,skip
http://www.press.sk:80/zeleznice/maly-atlas-lokomotiv-2011,https://web.archive.org/web/20120828131332/http://www.press.sk:80/zeleznice/maly-atlas-lokomotiv-2011,20120828131332,skip
http://www.press.sk:80/zeleznice/maly-atlas-lokomotiv-2011,https://web.archive.org/web/20121106013542/http://www.press.sk:80/zeleznice/maly-atlas-lokomotiv-2011,20121106013542,skip
http://www.press.sk:80/zeleznice/maly-atlas-lokomotiv-2011,https://web.archive.org/web/20130102083832/http://www.press.sk:80/zeleznice/maly-atlas-lokomotiv-2011,20130102083832,skip
http://www.press.sk:80/zeleznice/maly-atlas-lokomotiv-2011,https://web.archive.org/web/20130601072812/http://www.press.sk:80/zeleznice/maly-atlas-lokomotiv-2011,20130601072812,skip
https://www.press.sk/zeleznice/maly-atlas-lokomotiv-2011/?utm_source=newsletter&utm_campaign=Januar_2011&utm_medium=archive,https://web.archive.org/web/20190820232523/https://www.press.sk/zeleznice/maly-atlas-lokomotiv-2011/?utm_source=newsletter&utm_campaign=Januar_2011&utm_medium=archive,20190820232523,skip
https://www.press.sk/zeleznice/maly-atlas-lokomotiv-2019/,https://web.archive.org/web/20190823093522/https://www.press.sk/zeleznice/maly-atlas-lokomotiv-2019/,20190823093522,skip
https://www.press.sk/zeleznice/maly-atlas-lokomotiv-2019/,https://web.archive.org/web/20191013232646/https://www.press.sk/zeleznice/maly-atlas-lokomotiv-2019/,20191013232646,skip
https://www.press.sk/zeleznice/maly-atlas-lokomotiv-2019/,https://web.archive.org/web/20191207092825/https://www.press.sk/zeleznice/maly-atlas-lokomotiv-2019/,20191207092825,skip
https://www.press.sk/zeleznice/modelova-zeleznice/,https://web.archive.org/web/20190916210951/https://www.press.sk/zeleznice/modelova-zeleznice/,20190916210951,skip
https://www.press.sk/zeleznice/modelova-zeleznice/,https://web.archive.org/web/20190918204510/https://www.press.sk/zeleznice/modelova-zeleznice/,20190918204510,skip
http://www.press.sk/zeleznice/motorove-lokomotivy-na-uzkorozchodnych-tratich-csd/,https://web.archive.org/web/20130623032502/http://www.press.sk/zeleznice/motorove-lokomotivy-na-uzkorozchodnych-tratich-csd/,20130623032502,skip
http://www.press.sk/zeleznice/motorove-lokomotivy-rad-t478.1-a-t478.2/,https://web.archive.org/web/20130623031003/http://www.press.sk/zeleznice/motorove-lokomotivy-rad-t478.1-a-t478.2/,20130623031003,skip
http://www.press.sk/zeleznice/nadrazi-a-zeleznicni-trate/,https://web.archive.org/web/20130623033634/http://www.press.sk/zeleznice/nadrazi-a-zeleznicni-trate/,20130623033634,skip
"http://www.press.sk/zeleznice/o,a,30,30/","https://web.archive.org/web/20130623005704/http://www.press.sk/zeleznice/o,a,30,30/",20130623005704,skip
"http://www.press.sk/zeleznice/o,a,30,60/","https://web.archive.org/web/20130623011523/http://www.press.sk/zeleznice/o,a,30,60/",20130623011523,skip
http://www.press.sk:80/zeleznice/obrnena-drezina-tatra-t18,https://web.archive.org/web/20100827162323/http://www.press.sk:80/zeleznice/obrnena-drezina-tatra-t18,20100827162323,skip
http://www.press.sk:80/zeleznice/obrnena-drezina-tatra-t18,https://web.archive.org/web/20100929182911/http://www.press.sk:80/zeleznice/obrnena-drezina-tatra-t18,20100929182911,skip
https://www.press.sk/zeleznice/parni-lokomotivy-csd/?utm_source=newsletter&utm_campaign=Oktober_2011&utm_medium=archive,https://web.archive.org/web/20190820075734/https://www.press.sk/zeleznice/parni-lokomotivy-csd/?utm_source=newsletter&utm_campaign=Oktober_2011&utm_medium=archive,20190820075734,skip
http://www.press.sk/zeleznice/parni-lokomotivy-rady-310.0/,https://web.archive.org/web/20130623035748/http://www.press.sk/zeleznice/parni-lokomotivy-rady-310.0/,20130623035748,skip
http://www.press.sk/zeleznice/parni-lokomotivy-rady-475.0-476.1-a-477.0-1.dil/,https://web.archive.org/web/20130623033315/http://www.press.sk/zeleznice/parni-lokomotivy-rady-475.0-476.1-a-477.0-1.dil/,20130623033315,skip
http://www.press.sk/zeleznice/parni-lokomotivy-rady-475.0-476.1-a-477.0-2.dil/,https://web.archive.org/web/20130622235131/http://www.press.sk/zeleznice/parni-lokomotivy-rady-475.0-476.1-a-477.0-2.dil/,20130622235131,skip
https://www.press.sk/zeleznice/pielstici-pielsticks/,https://web.archive.org/web/20190825222331/https://www.press.sk/zeleznice/pielstici-pielsticks/,20190825222331,skip
https://www.press.sk/zeleznice/pielstici-pielsticks/,https://web.archive.org/web/20190918183901/https://www.press.sk/zeleznice/pielstici-pielsticks/,20190918183901,skip
http://www.press.sk/zeleznice/pribehy-z-dejin-nasich-drah/,https://web.archive.org/web/20130623005002/http://www.press.sk/zeleznice/pribehy-z-dejin-nasich-drah/,20130623005002,skip
https://www.press.sk/zeleznice/puzzle-1000-historia-vlaku-history-of-trains/,https://web.archive.org/web/20190823095729/https://www.press.sk/zeleznice/puzzle-1000-historia-vlaku-history-of-trains/,20190823095729,skip
https://www.press.sk/zeleznice/puzzle-1000-historia-vlaku-history-of-trains/,https://web.archive.org/web/20191015094756/https://www.press.sk/zeleznice/puzzle-1000-historia-vlaku-history-of-trains/,20191015094756,skip
https://www.press.sk/zeleznice/puzzle-1000-moderne-lokomotivy-modern-locomotives/,https://web.archive.org/web/20190826053101/https://www.press.sk/zeleznice/puzzle-1000-moderne-lokomotivy-modern-locomotives/,20190826053101,skip
https://www.press.sk/zeleznice/puzzle-1000-moderne-lokomotivy-modern-locomotives/,https://web.archive.org/web/20191015215229/https://www.press.sk/zeleznice/puzzle-1000-moderne-lokomotivy-modern-locomotives/,20191015215229,skip
https://www.press.sk/zeleznice/puzzle-1000-parne-lokomotivy-steam-locomotives/,https://web.archive.org/web/20190826053331/https://www.press.sk/zeleznice/puzzle-1000-parne-lokomotivy-steam-locomotives/,20190826053331,skip
https://www.press.sk/zeleznice/svet-rychlych-vlaku/,https://web.archive.org/web/20191208030515/https://www.press.sk/zeleznice/svet-rychlych-vlaku/,20191208030515,skip
http://www.press.sk/zeleznice/svet-velke-i-male-zeleznice-27/,https://web.archive.org/web/20130623042332/http://www.press.sk/zeleznice/svet-velke-i-male-zeleznice-27/,20130623042332,skip
http://www.press.sk/zeleznice/svet-velke-i-male-zeleznice-28/,https://web.archive.org/web/20130623033245/http://www.press.sk/zeleznice/svet-velke-i-male-zeleznice-28/,20130623033245,skip
http://www.press.sk/zeleznice/svet-velke-i-male-zeleznice-29/,https://web.archive.org/web/20130623042443/http://www.press.sk/zeleznice/svet-velke-i-male-zeleznice-29/,20130623042443,skip
http://www.press.sk:80/zeleznice/svet-velke-i-male-zeleznice-30,https://web.archive.org/web/20100831091729/http://www.press.sk:80/zeleznice/svet-velke-i-male-zeleznice-30,20100831091729,skip
http://www.press.sk:80/zeleznice/svet-velke-i-male-zeleznice-30,https://web.archive.org/web/20101002143043/http://www.press.sk:80/zeleznice/svet-velke-i-male-zeleznice-30,20101002143043,skip
http://www.press.sk/zeleznice/svet-velke-i-male-zeleznice-30/,https://web.archive.org/web/20130623021750/http://www.press.sk/zeleznice/svet-velke-i-male-zeleznice-30/,20130623021750,skip
http://www.press.sk/zeleznice/svet-velke-i-male-zeleznice-31/,https://web.archive.org/web/20130622232936/http://www.press.sk/zeleznice/svet-velke-i-male-zeleznice-31/,20130622232936,skip
http://www.press.sk/zeleznice/svet-velke-i-male-zeleznice-32/,https://web.archive.org/web/20130623050723/http://www.press.sk/zeleznice/svet-velke-i-male-zeleznice-32/,20130623050723,skip
http://www.press.sk/zeleznice/svet-velke-i-male-zeleznice-33/,https://web.archive.org/web/20130623035122/http://www.press.sk/zeleznice/svet-velke-i-male-zeleznice-33/,20130623035122,skip
https://www.press.sk/zeleznice/svet-velke-i-male-zeleznice-39/?utm_source=newsletter&utm_campaign=Oktober_2011&utm_medium=archive,https://web.archive.org/web/20190820080422/https://www.press.sk/zeleznice/svet-velke-i-male-zeleznice-39/?utm_source=newsletter&utm_campaign=Oktober_2011&utm_medium=archive,20190820080422,skip
https://www.press.sk/zeleznice/svet-velke-i-male-zeleznice-41/,https://web.archive.org/web/20191015220114/https://www.press.sk/zeleznice/svet-velke-i-male-zeleznice-41/,20191015220114,skip
https://www.press.sk/zeleznice/svet-velke-i-male-zeleznice-41/,https://web.archive.org/web/20191022101847/https://www.press.sk/zeleznice/svet-velke-i-male-zeleznice-41/,20191022101847,skip
https://www.press.sk/zeleznice/svet-velke-i-male-zeleznice-42/,https://web.archive.org/web/20191019053046/https://www.press.sk/zeleznice/svet-velke-i-male-zeleznice-42/,20191019053046,skip
https://www.press.sk/zeleznice/svet-velke-i-male-zeleznice-43/,https://web.archive.org/web/20191015220205/https://www.press.sk/zeleznice/svet-velke-i-male-zeleznice-43/,20191015220205,skip
https://www.press.sk/zeleznice/svet-velke-i-male-zeleznice-43/,https://web.archive.org/web/20191022094433/https://www.press.sk/zeleznice/svet-velke-i-male-zeleznice-43/,20191022094433,skip
https://www.press.sk/zeleznice/svet-velke-i-male-zeleznice-46/,https://web.archive.org/web/20191015221042/https://www.press.sk/zeleznice/svet-velke-i-male-zeleznice-46/,20191015221042,skip
https://www.press.sk/zeleznice/svet-velke-i-male-zeleznice-64/,https://web.archive.org/web/20190721214329/https://www.press.sk/zeleznice/svet-velke-i-male-zeleznice-64/,20190721214329,skip
https://www.press.sk/zeleznice/svet-velke-i-male-zeleznice-64/,https://web.archive.org/web/20190923210440/https://www.press.sk/zeleznice/svet-velke-i-male-zeleznice-64/,20190923210440,skip
https://www.press.sk/zeleznice/svet-velke-i-male-zeleznice-64/,https://web.archive.org/web/20191114150831/https://www.press.sk/zeleznice/svet-velke-i-male-zeleznice-64/,20191114150831,skip
https://www.press.sk/zeleznice/svet-velke-i-male-zeleznice-65/,https://web.archive.org/web/20190721220312/https://www.press.sk/zeleznice/svet-velke-i-male-zeleznice-65/,20190721220312,skip
https://www.press.sk/zeleznice/svet-velke-i-male-zeleznice-65/,https://web.archive.org/web/20190923211245/https://www.press.sk/zeleznice/svet-velke-i-male-zeleznice-65/,20190923211245,skip
https://www.press.sk/zeleznice/svet-velke-i-male-zeleznice-65/,https://web.archive.org/web/20191114151219/https://www.press.sk/zeleznice/svet-velke-i-male-zeleznice-65/,20191114151219,skip
https://www.press.sk/zeleznice/svet-velke-i-male-zeleznice-special-62018/,https://web.archive.org/web/20190823100046/https://www.press.sk/zeleznice/svet-velke-i-male-zeleznice-special-62018/,20190823100046,skip
https://www.press.sk/zeleznice/svet-velke-i-male-zeleznice-special-62018/,https://web.archive.org/web/20190918203940/https://www.press.sk/zeleznice/svet-velke-i-male-zeleznice-special-62018/,20190918203940,skip
https://www.press.sk/zeleznice/svet-velke-i-male-zeleznice-special-62018/,https://web.archive.org/web/20191113004306/https://www.press.sk/zeleznice/svet-velke-i-male-zeleznice-special-62018/,20191113004306,skip
https://www.press.sk/zeleznice/svet-zeleznice-63-srpen-2017/,https://web.archive.org/web/20190823004329/https://www.press.sk/zeleznice/svet-zeleznice-63-srpen-2017/,20190823004329,skip
https://www.press.sk/zeleznice/svet-zeleznice-63-srpen-2017/,https://web.archive.org/web/20191208045608/https://www.press.sk/zeleznice/svet-zeleznice-63-srpen-2017/,20191208045608,skip
https://www.press.sk/zeleznice/sveta-zeleznice-c.-8-motorove-lokomotivy-rady-t-679.1/,https://web.archive.org/web/20190826053400/https://www.press.sk/zeleznice/sveta-zeleznice-c.-8-motorove-lokomotivy-rady-t-679.1/,20190826053400,skip
https://www.press.sk/zeleznice/tatry-v-tatrach/,https://web.archive.org/web/20191022094137/https://www.press.sk/zeleznice/tatry-v-tatrach/,20191022094137,skip
http://www.press.sk/zeleznice/uzkorozchodne-tramvajove-provozy-liberec/,https://web.archive.org/web/20130623042943/http://www.press.sk/zeleznice/uzkorozchodne-tramvajove-provozy-liberec/,20130623042943,skip
https://www.press.sk/zeleznice/vzpominky-konstruktera-lokomotiv-skoda/,https://web.archive.org/web/20230311055304/https://www.press.sk/zeleznice/vzpominky-konstruktera-lokomotiv-skoda/,20230311055304,skip
https://www.press.sk/zeleznice/za-parnimi-lokomotivami-do-saska/,https://web.archive.org/web/20190826060924/https://www.press.sk/zeleznice/za-parnimi-lokomotivami-do-saska/,20190826060924,skip
https://www.press.sk/zeleznice/zeleznice-objektivem-09-a.-lufta-a-h.-naveho-1/,https://web.archive.org/web/20190718010644/https://www.press.sk/zeleznice/zeleznice-objektivem-09-a.-lufta-a-h.-naveho-1/,20190718010644,skip
https://www.press.sk/zeleznice/zeleznice-objektivem-09-a.-lufta-a-h.-naveho-1/,https://web.archive.org/web/20190917070859/https://www.press.sk/zeleznice/zeleznice-objektivem-09-a.-lufta-a-h.-naveho-1/,20190917070859,skip
https://www.press.sk/zeleznice/zeleznice-objektivem-09-a.-lufta-a-h.-naveho-1/,https://web.archive.org/web/20191116223046/https://www.press.sk/zeleznice/zeleznice-objektivem-09-a.-lufta-a-h.-naveho-1/,20191116223046,skip
https://www.press.sk/zeleznice/zeleznice-objektivem-10-a.-lufta-a-h.-naveho-2/,https://web.archive.org/web/20190718012338/https://www.press.sk/zeleznice/zeleznice-objektivem-10-a.-lufta-a-h.-naveho-2/,20190718012338,skip
https://www.press.sk/zeleznice/zeleznice-objektivem-10-a.-lufta-a-h.-naveho-2/,https://web.archive.org/web/20190917071526/https://www.press.sk/zeleznice/zeleznice-objektivem-10-a.-lufta-a-h.-naveho-2/,20190917071526,skip
https://www.press.sk/zeleznice/zeleznice-objektivem-10-a.-lufta-a-h.-naveho-2/,https://web.archive.org/web/20191206085151/https://www.press.sk/zeleznice/zeleznice-objektivem-10-a.-lufta-a-h.-naveho-2/,20191206085151,skip
http://www.press.sk/zeleznice/zeleznice-od-parnich-lokomotiv-k-vysokorychlostnim-vlakum/,https://web.archive.org/web/20130623043335/http://www.press.sk/zeleznice/zeleznice-od-parnich-lokomotiv-k-vysokorychlostnim-vlakum/,20130623043335,skip
https://www.press.sk/zeleznice/zeleznice-v-srdci-evropy-100-let-nasich-drah/,https://web.archive.org/web/20190819105350/https://www.press.sk/zeleznice/zeleznice-v-srdci-evropy-100-let-nasich-drah/,20190819105350,skip
https://www.press.sk/zeleznice/zeleznice-v-srdci-evropy-100-let-nasich-drah/,https://web.archive.org/web/20191017060508/https://www.press.sk/zeleznice/zeleznice-v-srdci-evropy-100-let-nasich-drah/,20191017060508,skip
https://www.press.sk/zeleznice/zeleznici-kolem-sveta-nejvetsi-zeleznicni-klenoty-vsech-kontinen/,https://web.archive.org/web/20190826060850/https://www.press.sk/zeleznice/zeleznici-kolem-sveta-nejvetsi-zeleznicni-klenoty-vsech-kontinen/,20190826060850,skip
http://www.press.sk/zeleznice/zeleznicne-nehody-na-slovensku/,https://web.archive.org/web/20130623005000/http://www.press.sk/zeleznice/zeleznicne-nehody-na-slovensku/,20130623005000,skip
https://www.press.sk/zeleznice/zeleznicni-motorove-vozy-z-tatry-koprivnice/,https://web.archive.org/web/20190826053211/https://www.press.sk/zeleznice/zeleznicni-motorove-vozy-z-tatry-koprivnice/,20190826053211,skip
http://www.press.sk/zeleznice/zrusene-zeleznicni-trate-v-cechach-na-morave-a-ve-slezsku/,https://web.archive.org/web/20130623011029/http://www.press.sk/zeleznice/zrusene-zeleznicni-trate-v-cechach-na-morave-a-ve-slezsku/,20130623011029,skip
http://www.press.sk:80/zenaty-se-zavazky/,https://web.archive.org/web/20120226165500/http://www.press.sk:80/zenaty-se-zavazky/,20120226165500,skip
