original_url,wayback_url,timestamp,type
http://www.press.sk:80/,https://web.archive.org/web/20081011115747/http://www.press.sk:80/,20081011115747,skip
http://www.press.sk:80/?,https://web.archive.org/web/20081020013511/http://www.press.sk:80/?,20081020013511,skip
http://www.press.sk:80/,https://web.archive.org/web/20081021001155/http://www.press.sk:80/,20081021001155,skip
http://www.press.sk:80/,https://web.archive.org/web/20081028210656/http://www.press.sk:80/,20081028210656,skip
http://www.press.sk:80/,https://web.archive.org/web/20081105082344/http://www.press.sk:80/,20081105082344,skip
http://www.press.sk:80/,https://web.archive.org/web/20081208175430/http://www.press.sk:80/,20081208175430,skip
http://www.press.sk:80/,https://web.archive.org/web/20081216020151/http://www.press.sk:80/,20081216020151,skip
http://www.press.sk:80/,https://web.archive.org/web/20081217002957/http://www.press.sk:80/,20081217002957,skip
http://www.press.sk:80/,https://web.archive.org/web/20081220115714/http://www.press.sk:80/,20081220115714,skip
http://www.press.sk:80/,https://web.archive.org/web/20081224020300/http://www.press.sk:80/,20081224020300,skip
http://www.press.sk:80/.za-vudce-narod-a-otcinu/,https://web.archive.org/web/20081024190932/http://www.press.sk:80/.za-vudce-narod-a-otcinu/,20081024190932,skip
http://www.press.sk:80/?page=shop.browse&root=10&category_id=101&option=com_phpshop,https://web.archive.org/web/20081012224849/http://www.press.sk:80/?page=shop.browse&root=10&category_id=101&option=com_phpshop,20081012224849,skip
http://www.press.sk:80/?page=shop.browse&root=103&category_id=104&option=com_phpshop,https://web.archive.org/web/20081010181233/http://www.press.sk:80/?page=shop.browse&root=103&category_id=104&option=com_phpshop,20081010181233,skip
http://www.press.sk:80/?page=shop.browse&root=103&category_id=105&option=com_phpshop,https://web.archive.org/web/20081010181237/http://www.press.sk:80/?page=shop.browse&root=103&category_id=105&option=com_phpshop,20081010181237,skip
http://www.press.sk:80/?page=shop.browse&root=103&category_id=106&option=com_phpshop,https://web.archive.org/web/20081010181243/http://www.press.sk:80/?page=shop.browse&root=103&category_id=106&option=com_phpshop,20081010181243,skip
http://www.press.sk:80/?page=shop.browse&root=103&category_id=107&option=com_phpshop,https://web.archive.org/web/20081010181247/http://www.press.sk:80/?page=shop.browse&root=103&category_id=107&option=com_phpshop,20081010181247,skip
http://www.press.sk:80/?page=shop.browse&root=10&category_id=112&option=com_phpshop,https://web.archive.org/web/20081012224854/http://www.press.sk:80/?page=shop.browse&root=10&category_id=112&option=com_phpshop,20081012224854,skip
http://www.press.sk:80/?page=shop.browse&root=10&category_id=115&option=com_phpshop,https://web.archive.org/web/20081012224859/http://www.press.sk:80/?page=shop.browse&root=10&category_id=115&option=com_phpshop,20081012224859,skip
http://www.press.sk:80/?page=shop.browse&root=10&category_id=121&option=com_phpshop,https://web.archive.org/web/20081012224904/http://www.press.sk:80/?page=shop.browse&root=10&category_id=121&option=com_phpshop,20081012224904,skip
http://www.press.sk:80/?page=shop.browse&root=10&category_id=51&option=com_phpshop,https://web.archive.org/web/20081012224909/http://www.press.sk:80/?page=shop.browse&root=10&category_id=51&option=com_phpshop,20081012224909,skip
http://www.press.sk:80/?page=shop.browse&root=10&category_id=58&option=com_phpshop,https://web.archive.org/web/20081012224914/http://www.press.sk:80/?page=shop.browse&root=10&category_id=58&option=com_phpshop,20081012224914,skip
http://www.press.sk:80/?page=shop.browse&root=10&category_id=63&option=com_phpshop,https://web.archive.org/web/20081012224919/http://www.press.sk:80/?page=shop.browse&root=10&category_id=63&option=com_phpshop,20081012224919,skip
http://www.press.sk:80/?page=shop.browse&root=10&category_id=66&option=com_phpshop,https://web.archive.org/web/20081012224925/http://www.press.sk:80/?page=shop.browse&root=10&category_id=66&option=com_phpshop,20081012224925,skip
http://www.press.sk:80/?page=shop.browse&root=10&category_id=73&option=com_phpshop,https://web.archive.org/web/20081012224929/http://www.press.sk:80/?page=shop.browse&root=10&category_id=73&option=com_phpshop,20081012224929,skip
http://www.press.sk:80/?page=shop.browse&root=10&category_id=80&option=com_phpshop,https://web.archive.org/web/20081012224935/http://www.press.sk:80/?page=shop.browse&root=10&category_id=80&option=com_phpshop,20081012224935,skip
http://www.press.sk:80/?page=shop.browse&root=10&category_id=87&option=com_phpshop,https://web.archive.org/web/20081012224940/http://www.press.sk:80/?page=shop.browse&root=10&category_id=87&option=com_phpshop,20081012224940,skip
http://www.press.sk:80/?page=shop.browse&root=10&category_id=91&option=com_phpshop,https://web.archive.org/web/20081012224945/http://www.press.sk:80/?page=shop.browse&root=10&category_id=91&option=com_phpshop,20081012224945,skip
http://www.press.sk:80/?page=shop.browse&root=10&category_id=96&option=com_phpshop,https://web.archive.org/web/20081012224950/http://www.press.sk:80/?page=shop.browse&root=10&category_id=96&option=com_phpshop,20081012224950,skip
http://www.press.sk:80/akcie/,https://web.archive.org/web/20081101031230/http://www.press.sk:80/akcie/,20081101031230,skip
http://www.press.sk:80/akcie/,https://web.archive.org/web/20081101031230/http://www.press.sk:80/akcie/,20081101031230,skip
http://www.press.sk:80/akcie/,https://web.archive.org/web/20081217074115/http://www.press.sk:80/akcie/,20081217074115,skip
http://www.press.sk:80/aktuality/,https://web.archive.org/web/20081020211656/http://www.press.sk:80/aktuality/,20081020211656,skip
http://www.press.sk:80/aktuality/,https://web.archive.org/web/20081023064650/http://www.press.sk:80/aktuality/,20081023064650,skip
http://www.press.sk:80/aktuality/,https://web.archive.org/web/20081108104635/http://www.press.sk:80/aktuality/,20081108104635,skip
http://www.press.sk:80/aktuality/,https://web.archive.org/web/20081217074120/http://www.press.sk:80/aktuality/,20081217074120,skip
http://www.press.sk:80/aktuality/ako-nakupovat/,https://web.archive.org/web/20081023093217/http://www.press.sk:80/aktuality/ako-nakupovat/,20081023093217,skip
http://www.press.sk:80/aktuality/ako-nakupovat/,https://web.archive.org/web/20081217032213/http://www.press.sk:80/aktuality/ako-nakupovat/,20081217032213,skip
http://www.press.sk:80/aktuality/expedicia-casopisov-42.tyzden/,https://web.archive.org/web/20081024062055/http://www.press.sk:80/aktuality/expedicia-casopisov-42.tyzden/,20081024062055,skip
http://www.press.sk:80/aktuality/expedicia-casopisov-44.tyzden/,https://web.archive.org/web/20081030035211/http://www.press.sk:80/aktuality/expedicia-casopisov-44.tyzden/,20081030035211,skip
http://www.press.sk:80/bojove-umenia-a-sebaobrana/,https://web.archive.org/web/20081211050014/http://www.press.sk:80/bojove-umenia-a-sebaobrana/,20081211050014,skip
http://www.press.sk:80/bojove-umenia-a-sebaobrana/,https://web.archive.org/web/20081229155024/http://www.press.sk:80/bojove-umenia-a-sebaobrana/,20081229155024,skip
http://www.press.sk:80/bojove-umenia-a-sebaobrana/budo-a-ninpo-zaklady-obrany/,https://web.archive.org/web/20081021150710/http://www.press.sk:80/bojove-umenia-a-sebaobrana/budo-a-ninpo-zaklady-obrany/,20081021150710,skip
http://www.press.sk:80/byvanie-stavebnictvo/,https://web.archive.org/web/20081217032219/http://www.press.sk:80/byvanie-stavebnictvo/,20081217032219,skip
http://www.press.sk:80/byvanie-stavebnictvo/atelier-otvorovych-vyplni-izolaci-a-vybaveni-staveb/,https://web.archive.org/web/20081219164230/http://www.press.sk:80/byvanie-stavebnictvo/atelier-otvorovych-vyplni-izolaci-a-vybaveni-staveb/,20081219164230,skip
http://www.press.sk:80/byvanie-stavebnictvo/atrium/,https://web.archive.org/web/20081219164100/http://www.press.sk:80/byvanie-stavebnictvo/atrium/,20081219164100,skip
http://www.press.sk:80/byvanie-stavebnictvo/domov/,https://web.archive.org/web/20081219164106/http://www.press.sk:80/byvanie-stavebnictvo/domov/,20081219164106,skip
http://www.press.sk:80/byvanie-stavebnictvo/era21/,https://web.archive.org/web/20081219164235/http://www.press.sk:80/byvanie-stavebnictvo/era21/,20081219164235,skip
http://www.press.sk:80/byvanie-stavebnictvo/nas-utulny-byt/,https://web.archive.org/web/20081219164240/http://www.press.sk:80/byvanie-stavebnictvo/nas-utulny-byt/,20081219164240,skip
http://www.press.sk:80/byvanie-stavebnictvo/stavitel/,https://web.archive.org/web/20081219164116/http://www.press.sk:80/byvanie-stavebnictvo/stavitel/,20081219164116,skip
http://www.press.sk:80/cd/c.74-vtak-ohnivak-a-liska-ryska/,https://web.archive.org/web/20081229002037/http://www.press.sk:80/cd/c.74-vtak-ohnivak-a-liska-ryska/,20081229002037,skip
http://www.press.sk:80/cd/c.75-pri-vianocnom-stromceku/,https://web.archive.org/web/20081228211237/http://www.press.sk:80/cd/c.75-pri-vianocnom-stromceku/,20081228211237,skip
http://www.press.sk:80/cd/c.76-cin-cin/,https://web.archive.org/web/20081229061508/http://www.press.sk:80/cd/c.76-cin-cin/,20081229061508,skip
http://www.press.sk:80/cd/c.77-severnejsie-ako-na-sever/,https://web.archive.org/web/20081228210624/http://www.press.sk:80/cd/c.77-severnejsie-ako-na-sever/,20081228210624,skip
http://www.press.sk:80/cd/c.78-o-hlupom-certovi/,https://web.archive.org/web/20081229061514/http://www.press.sk:80/cd/c.78-o-hlupom-certovi/,20081229061514,skip
http://www.press.sk:80/cd/c.79-carovna-zabka/,https://web.archive.org/web/20081228210629/http://www.press.sk:80/cd/c.79-carovna-zabka/,20081228210629,skip
http://www.press.sk:80/cd/c.80-tri-nezbedne-opice/,https://web.archive.org/web/20081228211246/http://www.press.sk:80/cd/c.80-tri-nezbedne-opice/,20081228211246,skip
http://www.press.sk:80/cd/c.81-cesta-do-krajiny-snov/,https://web.archive.org/web/20081228212126/http://www.press.sk:80/cd/c.81-cesta-do-krajiny-snov/,20081228212126,skip
http://www.press.sk:80/cd/c.82-o-princovi-zlostnikovi-a-slachetnom-milkovi/,https://web.archive.org/web/20081228211251/http://www.press.sk:80/cd/c.82-o-princovi-zlostnikovi-a-slachetnom-milkovi/,20081228211251,skip
http://www.press.sk:80/cd/c.83-rozpravky-z-maleho-ostrova/,https://web.archive.org/web/20081228212131/http://www.press.sk:80/cd/c.83-rozpravky-z-maleho-ostrova/,20081228212131,skip
http://www.press.sk:80/cd/c.84-najdlhsie-vlasy-na-svete/,https://web.archive.org/web/20081229012626/http://www.press.sk:80/cd/c.84-najdlhsie-vlasy-na-svete/,20081229012626,skip
http://www.press.sk:80/cd/c.85-pinocchio/,https://web.archive.org/web/20081228210139/http://www.press.sk:80/cd/c.85-pinocchio/,20081228210139,skip
http://www.press.sk:80/cd/c.86-o-dracikovi-hacikovi/,https://web.archive.org/web/20081229005018/http://www.press.sk:80/cd/c.86-o-dracikovi-hacikovi/,20081229005018,skip
http://www.press.sk:80/cd/c.87-sol-nad-zlato/,https://web.archive.org/web/20081229003157/http://www.press.sk:80/cd/c.87-sol-nad-zlato/,20081229003157,skip
http://www.press.sk:80/cd/cd-lovecka-hudba-u-nas-i-za-hranicemi/,https://web.archive.org/web/20081229003534/http://www.press.sk:80/cd/cd-lovecka-hudba-u-nas-i-za-hranicemi/,20081229003534,skip
http://www.press.sk:80/cd/cd-lovu-zdar/,https://web.archive.org/web/20081229011329/http://www.press.sk:80/cd/cd-lovu-zdar/,20081229011329,skip
http://www.press.sk:80/cd/cd-myslivecky-bal/,https://web.archive.org/web/20081228205059/http://www.press.sk:80/cd/cd-myslivecky-bal/,20081228205059,skip
http://www.press.sk:80/cd/glock-safe-action-pistols/,https://web.archive.org/web/20081205050610/http://www.press.sk:80/cd/glock-safe-action-pistols/,20081205050610,skip
http://www.press.sk:80/cd/rozpravkova-kolekcia-od-macka-pusika/,https://web.archive.org/web/20081020211711/http://www.press.sk:80/cd/rozpravkova-kolekcia-od-macka-pusika/,20081020211711,skip
http://www.press.sk:80/cd/rozpravkova-kolekcia-od-macka-pusika/,https://web.archive.org/web/20081217074125/http://www.press.sk:80/cd/rozpravkova-kolekcia-od-macka-pusika/,20081217074125,skip
http://www.press.sk:80/chatar-zahradkar/,https://web.archive.org/web/20081027201335/http://www.press.sk:80/chatar-zahradkar/,20081027201335,skip
http://www.press.sk:80/chatar-zahradkar/,https://web.archive.org/web/20081207082743/http://www.press.sk:80/chatar-zahradkar/,20081207082743,skip
http://www.press.sk:80/chatar-zahradkar/,https://web.archive.org/web/20081217080651/http://www.press.sk:80/chatar-zahradkar/,20081217080651,skip
http://www.press.sk:80/chatar-zahradkar/chatar-a-chalupar/,https://web.archive.org/web/20081207082751/http://www.press.sk:80/chatar-zahradkar/chatar-a-chalupar/,20081207082751,skip
http://www.press.sk:80/chatar-zahradkar/chatar-a-chalupar/,https://web.archive.org/web/20081220104425/http://www.press.sk:80/chatar-zahradkar/chatar-a-chalupar/,20081220104425,skip
http://www.press.sk:80/chatar-zahradkar/nase-krasna-zahrada/,https://web.archive.org/web/20081220104246/http://www.press.sk:80/chatar-zahradkar/nase-krasna-zahrada/,20081220104246,skip
http://www.press.sk:80/chatar-zahradkar/nase-krasna-zahrada-rok-na-zahrade-2009/,https://web.archive.org/web/20081220104234/http://www.press.sk:80/chatar-zahradkar/nase-krasna-zahrada-rok-na-zahrade-2009/,20081220104234,skip
http://www.press.sk:80/chatar-zahradkar/nase-krasna-zahrada-special/,https://web.archive.org/web/20081220104241/http://www.press.sk:80/chatar-zahradkar/nase-krasna-zahrada-special/,20081220104241,skip
http://www.press.sk:80/chatar-zahradkar/receptar/,https://web.archive.org/web/20081220104434/http://www.press.sk:80/chatar-zahradkar/receptar/,20081220104434,skip
http://www.press.sk:80/chatar-zahradkar/recepty-prima-napadu/,https://web.archive.org/web/20081220104500/http://www.press.sk:80/chatar-zahradkar/recepty-prima-napadu/,20081220104500,skip
http://www.press.sk:80/chatar-zahradkar/zahradkar/,https://web.archive.org/web/20081220104303/http://www.press.sk:80/chatar-zahradkar/zahradkar/,20081220104303,skip
http://www.press.sk:80/chovatelstvo/,https://web.archive.org/web/20081211135245/http://www.press.sk:80/chovatelstvo/,20081211135245,skip
http://www.press.sk:80/chovatelstvo/,https://web.archive.org/web/20081224212538/http://www.press.sk:80/chovatelstvo/,20081224212538,skip
http://www.press.sk:80/chovatelstvo-124/,https://web.archive.org/web/20081217032224/http://www.press.sk:80/chovatelstvo-124/,20081217032224,skip
http://www.press.sk:80/chovatelstvo-124/akvarium-terarium/,https://web.archive.org/web/20081220001742/http://www.press.sk:80/chovatelstvo-124/akvarium-terarium/,20081220001742,skip
http://www.press.sk:80/chovatelstvo-124/chovatelsky-magazin/,https://web.archive.org/web/20081220001900/http://www.press.sk:80/chovatelstvo-124/chovatelsky-magazin/,20081220001900,skip
http://www.press.sk:80/chovatelstvo-124/fauna/,https://web.archive.org/web/20081220001828/http://www.press.sk:80/chovatelstvo-124/fauna/,20081220001828,skip
http://www.press.sk:80/chovatelstvo-124/jezdectvi/,https://web.archive.org/web/20081220001908/http://www.press.sk:80/chovatelstvo-124/jezdectvi/,20081220001908,skip
http://www.press.sk:80/chovatelstvo-124/nase-kocky/,https://web.archive.org/web/20081220001641/http://www.press.sk:80/chovatelstvo-124/nase-kocky/,20081220001641,skip
http://www.press.sk:80/chovatelstvo-124/papousci/,https://web.archive.org/web/20081220001747/http://www.press.sk:80/chovatelstvo-124/papousci/,20081220001747,skip
http://www.press.sk:80/chovatelstvo-124/pes-pritel-cloveka/,https://web.archive.org/web/20081220001834/http://www.press.sk:80/chovatelstvo-124/pes-pritel-cloveka/,20081220001834,skip
http://www.press.sk:80/chovatelstvo-124/psi-kusy/,https://web.archive.org/web/20081218082915/http://www.press.sk:80/chovatelstvo-124/psi-kusy/,20081218082915,skip
http://www.press.sk:80/chovatelstvo-124/svet-koni/,https://web.archive.org/web/20081220001752/http://www.press.sk:80/chovatelstvo-124/svet-koni/,20081220001752,skip
http://www.press.sk:80/chovatelstvo-124/svet-psu/,https://web.archive.org/web/20081220001919/http://www.press.sk:80/chovatelstvo-124/svet-psu/,20081220001919,skip
http://www.press.sk:80/chovatelstvo/agama-vousata/,https://web.archive.org/web/20081224020833/http://www.press.sk:80/chovatelstvo/agama-vousata/,20081224020833,skip
http://www.press.sk:80/chovatelstvo/astrildoviti-ptaci-chovatelska-encyklopedie/,https://web.archive.org/web/20081224020839/http://www.press.sk:80/chovatelstvo/astrildoviti-ptaci-chovatelska-encyklopedie/,20081224020839,skip
http://www.press.sk:80/chovatelstvo/jak-na-to-akvarijni-rostliny/,https://web.archive.org/web/20081211004914/http://www.press.sk:80/chovatelstvo/jak-na-to-akvarijni-rostliny/,20081211004914,skip
http://www.press.sk:80/chovatelstvo/krajta-kralovska/,https://web.archive.org/web/20081224020446/http://www.press.sk:80/chovatelstvo/krajta-kralovska/,20081224020446,skip
http://www.press.sk:80/chovatelstvo/kun-od-a-do-z/,https://web.archive.org/web/20081224020305/http://www.press.sk:80/chovatelstvo/kun-od-a-do-z/,20081224020305,skip
http://www.press.sk:80/chovatelstvo/okrasni-ptaci-rady-chovatelum/,https://web.archive.org/web/20081109073258/http://www.press.sk:80/chovatelstvo/okrasni-ptaci-rady-chovatelum/,20081109073258,skip
http://www.press.sk:80/dejiny-vojen-a-vojenskeho-umenia/,https://web.archive.org/web/20081020211717/http://www.press.sk:80/dejiny-vojen-a-vojenskeho-umenia/,20081020211717,skip
http://www.press.sk:80/dejiny-vojen-a-vojenskeho-umenia/nejnebezpecnejsi-nepritel-historie-bitvy-o-britanii/,https://web.archive.org/web/20081228033153/http://www.press.sk:80/dejiny-vojen-a-vojenskeho-umenia/nejnebezpecnejsi-nepritel-historie-bitvy-o-britanii/,20081228033153,skip
http://www.press.sk:80/dejiny-vojen-a-vojenskeho-umenia/vojenske-dejiny-slovenska-5.-a-6.zvazok/,https://web.archive.org/web/20081214155410/http://www.press.sk:80/dejiny-vojen-a-vojenskeho-umenia/vojenske-dejiny-slovenska-5.-a-6.zvazok/,20081214155410,skip
http://www.press.sk:80/dejiny-vojen-a-vojenskeho-umenia/vojenske-dejiny-slovenska-5.-a-6.zvazok/,https://web.archive.org/web/20081218214027/http://www.press.sk:80/dejiny-vojen-a-vojenskeho-umenia/vojenske-dejiny-slovenska-5.-a-6.zvazok/,20081218214027,skip
http://www.press.sk:80/dejiny-vojen-a-vojenskeho-umenia/vojenske-dejiny-slovenska-5.zvazok/,https://web.archive.org/web/20081211101746/http://www.press.sk:80/dejiny-vojen-a-vojenskeho-umenia/vojenske-dejiny-slovenska-5.zvazok/,20081211101746,skip
http://www.press.sk:80/dejiny-vojen-a-vojenskeho-umenia/vojenske-dejiny-slovenska-5.zvazok/,https://web.archive.org/web/20081214155416/http://www.press.sk:80/dejiny-vojen-a-vojenskeho-umenia/vojenske-dejiny-slovenska-5.zvazok/,20081214155416,skip
http://www.press.sk:80/dejiny-vojen-a-vojenskeho-umenia/vojenske-dejiny-slovenska-5.zvazok/,https://web.archive.org/web/20081217074109/http://www.press.sk:80/dejiny-vojen-a-vojenskeho-umenia/vojenske-dejiny-slovenska-5.zvazok/,20081217074109,skip
http://www.press.sk:80/dejiny-vojen-a-vojenskeho-umenia/vojenske-dejiny-slovenska-5.zvazok/,https://web.archive.org/web/20081223105442/http://www.press.sk:80/dejiny-vojen-a-vojenskeho-umenia/vojenske-dejiny-slovenska-5.zvazok/,20081223105442,skip
http://www.press.sk:80/detail-objednavky-13543,https://web.archive.org/web/20081217025906/http://www.press.sk:80/detail-objednavky-13543,20081217025906,skip
http://www.press.sk:80/detail-objednavky-13699,https://web.archive.org/web/20081227023324/http://www.press.sk:80/detail-objednavky-13699,20081227023324,skip
http://www.press.sk:80/detska-literatura/,https://web.archive.org/web/20081020211722/http://www.press.sk:80/detska-literatura/,20081020211722,skip
http://www.press.sk:80/detska-literatura/,https://web.archive.org/web/20081220033510/http://www.press.sk:80/detska-literatura/,20081220033510,skip
http://www.press.sk:80/detska-literatura/12-tancujucich-princezien-knizka-samolepiek/,https://web.archive.org/web/20081024190948/http://www.press.sk:80/detska-literatura/12-tancujucich-princezien-knizka-samolepiek/,20081024190948,skip
http://www.press.sk:80/detska-literatura/12-tancujucich-princezien-knizka-samolepiek/,https://web.archive.org/web/20081107074321/http://www.press.sk:80/detska-literatura/12-tancujucich-princezien-knizka-samolepiek/,20081107074321,skip
http://www.press.sk:80/detska-literatura/aladin/,https://web.archive.org/web/20081024190954/http://www.press.sk:80/detska-literatura/aladin/,20081024190954,skip
http://www.press.sk:80/detska-literatura/ariel-mala-morska-vila/,https://web.archive.org/web/20081024190959/http://www.press.sk:80/detska-literatura/ariel-mala-morska-vila/,20081024190959,skip
http://www.press.sk:80/detska-literatura/ariel-mala-morska-vila/,https://web.archive.org/web/20081214155432/http://www.press.sk:80/detska-literatura/ariel-mala-morska-vila/,20081214155432,skip
http://www.press.sk:80/detska-literatura/asterix-v-hispanii-xviii./,https://web.archive.org/web/20081024191005/http://www.press.sk:80/detska-literatura/asterix-v-hispanii-xviii./,20081024191005,skip
http://www.press.sk:80/detska-literatura/w.i.t.c.h.-expedicia-smaragdovy-vtak/,https://web.archive.org/web/20081206074605/http://www.press.sk:80/detska-literatura/w.i.t.c.h.-expedicia-smaragdovy-vtak/,20081206074605,skip
http://www.press.sk:80/detska-literatura/witch-will-dekoracie/,https://web.archive.org/web/20081223105446/http://www.press.sk:80/detska-literatura/witch-will-dekoracie/,20081223105446,skip
http://www.press.sk:80/dvd/,https://web.archive.org/web/20081227023330/http://www.press.sk:80/dvd/,20081227023330,skip
http://www.press.sk:80/dvd/columbo-kolekcia-dvd/,https://web.archive.org/web/20081208224449/http://www.press.sk:80/dvd/columbo-kolekcia-dvd/,20081208224449,skip
http://www.press.sk:80/dvd/druha-svetova-valka-1.-dil-zacatek-valky/,https://web.archive.org/web/20081208224455/http://www.press.sk:80/dvd/druha-svetova-valka-1.-dil-zacatek-valky/,20081208224455,skip
http://www.press.sk:80/dvd/druha-svetova-valka-2.-dil-vpad-nacistu/,https://web.archive.org/web/20081223105451/http://www.press.sk:80/dvd/druha-svetova-valka-2.-dil-vpad-nacistu/,20081223105451,skip
http://www.press.sk:80/dvd/dvd-kitaro-fantasticke-svety-spatrite-pouhym-okem/,https://web.archive.org/web/20081224044743/http://www.press.sk:80/dvd/dvd-kitaro-fantasticke-svety-spatrite-pouhym-okem/,20081224044743,skip
http://www.press.sk:80/dvd/dvd-pater-pio/,https://web.archive.org/web/20081208224500/http://www.press.sk:80/dvd/dvd-pater-pio/,20081208224500,skip
http://www.press.sk:80/dvd/dvd-pitevna-smrt-neznamena-konec/,https://web.archive.org/web/20081224020845/http://www.press.sk:80/dvd/dvd-pitevna-smrt-neznamena-konec/,20081224020845,skip
http://www.press.sk:80/dvd/dvd-tajne-dejiny-kosmickych-projektu-triumfy-a-trafedie-kosmickych-zavodu-2-casti/,https://web.archive.org/web/20081224020850/http://www.press.sk:80/dvd/dvd-tajne-dejiny-kosmickych-projektu-triumfy-a-trafedie-kosmickych-zavodu-2-casti/,20081224020850,skip
http://www.press.sk:80/dvd/encyklopedie-ii.-svetove-valky-1.diel-bleskova-valka/,https://web.archive.org/web/20081223105456/http://www.press.sk:80/dvd/encyklopedie-ii.-svetove-valky-1.diel-bleskova-valka/,20081223105456,skip
http://www.press.sk:80/dvd/encyklopedie-ii.-svetove-valky-2.diel-dunkerque-a-pad-francie/,https://web.archive.org/web/20081224020311/http://www.press.sk:80/dvd/encyklopedie-ii.-svetove-valky-2.diel-dunkerque-a-pad-francie/,20081224020311,skip
http://www.press.sk:80/dvd/encyklopedie-ii.svetove-valky-kolekcia/,https://web.archive.org/web/20081208224506/http://www.press.sk:80/dvd/encyklopedie-ii.svetove-valky-kolekcia/,20081208224506,skip
http://www.press.sk:80/dvd/focke-wulf-fw190/,https://web.archive.org/web/20081230052858/http://www.press.sk:80/dvd/focke-wulf-fw190/,20081230052858,skip
"http://www.press.sk:80/dvd/n,a,30,120/","https://web.archive.org/web/20081205030348/http://www.press.sk:80/dvd/n,a,30,120/",20081205030348,skip
"http://www.press.sk:80/dvd/n,a,30,60/","https://web.archive.org/web/20081228212516/http://www.press.sk:80/dvd/n,a,30,60/",20081228212516,skip
"http://www.press.sk:80/dvd/n,a,30,90/","https://web.archive.org/web/20081229011334/http://www.press.sk:80/dvd/n,a,30,90/",20081229011334,skip
http://www.press.sk:80/dvd/the-messerschmitt-bf-109/,https://web.archive.org/web/20081026051349/http://www.press.sk:80/dvd/the-messerschmitt-bf-109/,20081026051349,skip
http://www.press.sk:80/ekonomia-pravo/,https://web.archive.org/web/20081020211727/http://www.press.sk:80/ekonomia-pravo/,20081020211727,skip
http://www.press.sk:80/ekonomia-pravo/,https://web.archive.org/web/20081110084541/http://www.press.sk:80/ekonomia-pravo/,20081110084541,skip
http://www.press.sk:80/ekonomia-pravo/,https://web.archive.org/web/20081220033515/http://www.press.sk:80/ekonomia-pravo/,20081220033515,skip
http://www.press.sk:80/ekonomia-pravo/analyza-rozhodovania/,https://web.archive.org/web/20081024191010/http://www.press.sk:80/ekonomia-pravo/analyza-rozhodovania/,20081024191010,skip
http://www.press.sk:80/ekonomia-pravo/aplikace-prava-soudcem-v-ere-stredoevropskeho-komunismu-a-transf/,https://web.archive.org/web/20081024191015/http://www.press.sk:80/ekonomia-pravo/aplikace-prava-soudcem-v-ere-stredoevropskeho-komunismu-a-transf/,20081024191015,skip
http://www.press.sk:80/ekonomia-pravo/aplikace-soutezniho-prava-v-rozhodovaci-praxi-brozovana/,https://web.archive.org/web/20081024191020/http://www.press.sk:80/ekonomia-pravo/aplikace-soutezniho-prava-v-rozhodovaci-praxi-brozovana/,20081024191020,skip
http://www.press.sk:80/ekonomia-pravo/aplikace-soutezniho-prava-v-rozhodovaci-praxi-viazana/,https://web.archive.org/web/20081024191026/http://www.press.sk:80/ekonomia-pravo/aplikace-soutezniho-prava-v-rozhodovaci-praxi-viazana/,20081024191026,skip
http://www.press.sk:80/ekonomia-pravo/asertivita-jako-lek-v-profesnich-a-mezilidskych-vztazich/,https://web.archive.org/web/20081024191031/http://www.press.sk:80/ekonomia-pravo/asertivita-jako-lek-v-profesnich-a-mezilidskych-vztazich/,20081024191031,skip
http://www.press.sk:80/ekonomia-pravo/audit-podniku-a-jeho-operaci/,https://web.archive.org/web/20081024191036/http://www.press.sk:80/ekonomia-pravo/audit-podniku-a-jeho-operaci/,20081024191036,skip
http://www.press.sk:80/ekonomia-pravo/beckuv-diar-pro-pravniky-2006/,https://web.archive.org/web/20081024191046/http://www.press.sk:80/ekonomia-pravo/beckuv-diar-pro-pravniky-2006/,20081024191046,skip
http://www.press.sk:80/ekonomia-pravo/beckuv-diar-pro-pravniky-2009/,https://web.archive.org/web/20081218211801/http://www.press.sk:80/ekonomia-pravo/beckuv-diar-pro-pravniky-2009/,20081218211801,skip
http://www.press.sk:80/ekonomia-pravo/bydleni-v-najemnim-byte/,https://web.archive.org/web/20081024191051/http://www.press.sk:80/ekonomia-pravo/bydleni-v-najemnim-byte/,20081024191051,skip
http://www.press.sk:80/ekonomia-pravo/evropske-dokumenty-texty-zakonu/,https://web.archive.org/web/20081218214032/http://www.press.sk:80/ekonomia-pravo/evropske-dokumenty-texty-zakonu/,20081218214032,skip
http://www.press.sk:80/ekonomia-pravo/management-a-organizacni-chovani/,https://web.archive.org/web/20081110084603/http://www.press.sk:80/ekonomia-pravo/management-a-organizacni-chovani/,20081110084603,skip
http://www.press.sk:80/encyklopedie/,https://web.archive.org/web/20081030010903/http://www.press.sk:80/encyklopedie/,20081030010903,skip
http://www.press.sk:80/encyklopedie/,https://web.archive.org/web/20081229012631/http://www.press.sk:80/encyklopedie/,20081229012631,skip
http://www.press.sk:80/encyklopedie-ucebnice-slovniky/,https://web.archive.org/web/20081020211732/http://www.press.sk:80/encyklopedie-ucebnice-slovniky/,20081020211732,skip
http://www.press.sk:80/encyklopedie-ucebnice-slovniky/,https://web.archive.org/web/20081220033714/http://www.press.sk:80/encyklopedie-ucebnice-slovniky/,20081220033714,skip
http://www.press.sk:80/encyklopedie-ucebnice-slovniky/,https://web.archive.org/web/20081227023335/http://www.press.sk:80/encyklopedie-ucebnice-slovniky/,20081227023335,skip
http://www.press.sk:80/encyklopedie/encyklopedie-kone/,https://web.archive.org/web/20081029025141/http://www.press.sk:80/encyklopedie/encyklopedie-kone/,20081029025141,skip
http://www.press.sk:80/faq/,https://web.archive.org/web/20081020211737/http://www.press.sk:80/faq/,20081020211737,skip
http://www.press.sk:80/faq/,https://web.archive.org/web/20081023033401/http://www.press.sk:80/faq/,20081023033401,skip
http://www.press.sk:80/faq/,https://web.archive.org/web/20081217032229/http://www.press.sk:80/faq/,20081217032229,skip
http://www.press.sk:80/film-video/,https://web.archive.org/web/20081217131245/http://www.press.sk:80/film-video/,20081217131245,skip
http://www.press.sk:80/filozofia/,https://web.archive.org/web/20081020211742/http://www.press.sk:80/filozofia/,20081020211742,skip
http://www.press.sk:80/filozofia/,https://web.archive.org/web/20081220033520/http://www.press.sk:80/filozofia/,20081220033520,skip
http://www.press.sk:80/foto/blesk-v-digitalni-fotografii/,https://web.archive.org/web/20081218214320/http://www.press.sk:80/foto/blesk-v-digitalni-fotografii/,20081218214320,skip
http://www.press.sk:80/foto/fotografie-a-vysoky-dynamicky-rozsah-zaklady-hdr/,https://web.archive.org/web/20081218214326/http://www.press.sk:80/foto/fotografie-a-vysoky-dynamicky-rozsah-zaklady-hdr/,20081218214326,skip
http://www.press.sk:80/foto/fotografie-rozhodujici-momenty/,https://web.archive.org/web/20081218214331/http://www.press.sk:80/foto/fotografie-rozhodujici-momenty/,20081218214331,skip
http://www.press.sk:80/foto/ocima-fotografa-kompozice-pro-lepsi-digitalni-fotografie/,https://web.archive.org/web/20081218214336/http://www.press.sk:80/foto/ocima-fotografa-kompozice-pro-lepsi-digitalni-fotografie/,20081218214336,skip
http://www.press.sk:80/fotografia/,https://web.archive.org/web/20081108071221/http://www.press.sk:80/fotografia/,20081108071221,skip
http://www.press.sk:80/fotografia/,https://web.archive.org/web/20081217131250/http://www.press.sk:80/fotografia/,20081217131250,skip
http://www.press.sk:80/geografia/,https://web.archive.org/web/20081020211747/http://www.press.sk:80/geografia/,20081020211747,skip
http://www.press.sk:80/geografia/,https://web.archive.org/web/20081205050617/http://www.press.sk:80/geografia/,20081205050617,skip
http://www.press.sk:80/geografia/,https://web.archive.org/web/20081220033525/http://www.press.sk:80/geografia/,20081220033525,skip
http://www.press.sk:80/hudba/,https://web.archive.org/web/20081217131256/http://www.press.sk:80/hudba/,20081217131256,skip
http://www.press.sk:80/index.php?,https://web.archive.org/web/20081016193216/http://www.press.sk:80/index.php?,20081016193216,skip
http://www.press.sk:80/index.php?,https://web.archive.org/web/20081024210027/http://www.press.sk:80/index.php?,20081024210027,skip
http://www.press.sk:80/index.php,https://web.archive.org/web/20081029172819/http://www.press.sk:80/index.php,20081029172819,skip
http://www.press.sk:80/index.php?,https://web.archive.org/web/20081104163430/http://www.press.sk:80/index.php?,20081104163430,skip
http://www.press.sk:80/index.php?,https://web.archive.org/web/20081104163430/http://www.press.sk:80/index.php?,20081104163430,skip
http://www.press.sk:80/index.php?,https://web.archive.org/web/20081217032234/http://www.press.sk:80/index.php?,20081217032234,skip
http://www.press.sk:80/index.php,https://web.archive.org/web/20081218011252/http://www.press.sk:80/index.php,20081218011252,skip
http://www.press.sk:80/index.php,https://web.archive.org/web/20081223093742/http://www.press.sk:80/index.php,20081223093742,skip
http://www.press.sk:80/index.php?option=com_virtuemart&,https://web.archive.org/web/20081024083604/http://www.press.sk:80/index.php?option=com_virtuemart&,20081024083604,skip
http://www.press.sk:80/index.php?option=com_virtuemart&,https://web.archive.org/web/20081218211806/http://www.press.sk:80/index.php?option=com_virtuemart&,20081218211806,skip
http://www.press.sk:80/index.php?option=com_virtuemart&keyword=&category_id=&limitstart=&mosmsg=Prep%C3%A1%C4%8Dte%2C+ale+Vami+po%C5%BEadovan%C3%BD+titul+nebol+n%C3%A1jden%C3%BD%21,https://web.archive.org/web/20081224044749/http://www.press.sk:80/index.php?option=com_virtuemart&keyword=&category_id=&limitstart=&mosmsg=Prep%C3%A1%C4%8Dte%2C+ale+Vami+po%C5%BEadovan%C3%BD+titul+nebol+n%C3%A1jden%C3%BD%21,20081224044749,skip
http://www.press.sk:80/index.php?page=shop.flypage&product_id=1121&category_id=&option=com_phpshop,https://web.archive.org/web/20081010115523/http://www.press.sk:80/index.php?page=shop.flypage&product_id=1121&category_id=&option=com_phpshop,20081010115523,skip
http://www.press.sk:80/index.php?option=com_phpshop&page=shop.browse&category_id=1,https://web.archive.org/web/20081013214907/http://www.press.sk:80/index.php?option=com_phpshop&page=shop.browse&category_id=1,20081013214907,skip
http://www.press.sk:80/index.php?page=shop.browse&category_id=10&option=com_phpshop,https://web.archive.org/web/20081012225155/http://www.press.sk:80/index.php?page=shop.browse&category_id=10&option=com_phpshop,20081012225155,skip
http://www.press.sk:80/index.php?page=shop.browse&root=10&category_id=101&option=com_phpshop,https://web.archive.org/web/20081012225202/http://www.press.sk:80/index.php?page=shop.browse&root=10&category_id=101&option=com_phpshop,20081012225202,skip
http://www.press.sk:80/index.php?option=com_phpshop&page=shop.browse&category_id=103,https://web.archive.org/web/20081010012007/http://www.press.sk:80/index.php?option=com_phpshop&page=shop.browse&category_id=103,20081010012007,skip
http://www.press.sk:80/index.php?page=shop.browse&category_id=103&option=com_phpshop,https://web.archive.org/web/20081010181508/http://www.press.sk:80/index.php?page=shop.browse&category_id=103&option=com_phpshop,20081010181508,skip
http://www.press.sk:80/index.php?page=shop.browse&root=103&category_id=104&option=com_phpshop,https://web.archive.org/web/20081010181513/http://www.press.sk:80/index.php?page=shop.browse&root=103&category_id=104&option=com_phpshop,20081010181513,skip
http://www.press.sk:80/index.php?page=shop.browse&root=103&category_id=105&option=com_phpshop,https://web.archive.org/web/20081010181519/http://www.press.sk:80/index.php?page=shop.browse&root=103&category_id=105&option=com_phpshop,20081010181519,skip
http://www.press.sk:80/index.php?page=shop.browse&root=103&category_id=106&option=com_phpshop,https://web.archive.org/web/20081010181524/http://www.press.sk:80/index.php?page=shop.browse&root=103&category_id=106&option=com_phpshop,20081010181524,skip
http://www.press.sk:80/index.php?page=shop.browse&root=103&category_id=107&option=com_phpshop,https://web.archive.org/web/20081010181529/http://www.press.sk:80/index.php?page=shop.browse&root=103&category_id=107&option=com_phpshop,20081010181529,skip
http://www.press.sk:80/index.php?page=shop.browse&root=10&category_id=112&option=com_phpshop,https://web.archive.org/web/20081012225208/http://www.press.sk:80/index.php?page=shop.browse&root=10&category_id=112&option=com_phpshop,20081012225208,skip
http://www.press.sk:80/index.php?page=shop.browse&root=10&category_id=115&option=com_phpshop,https://web.archive.org/web/20081012225213/http://www.press.sk:80/index.php?page=shop.browse&root=10&category_id=115&option=com_phpshop,20081012225213,skip
http://www.press.sk:80/index.php?page=shop.browse&root=10&category_id=121&option=com_phpshop,https://web.archive.org/web/20081012225218/http://www.press.sk:80/index.php?page=shop.browse&root=10&category_id=121&option=com_phpshop,20081012225218,skip
http://www.press.sk:80/index.php?page=shop.browse&root=10&category_id=58&option=com_phpshop,https://web.archive.org/web/20081012225223/http://www.press.sk:80/index.php?page=shop.browse&root=10&category_id=58&option=com_phpshop,20081012225223,skip
http://www.press.sk:80/index.php?page=shop.browse&root=10&category_id=63&option=com_phpshop,https://web.archive.org/web/20081012225228/http://www.press.sk:80/index.php?page=shop.browse&root=10&category_id=63&option=com_phpshop,20081012225228,skip
http://www.press.sk:80/index.php?page=shop.browse&root=10&category_id=66&option=com_phpshop,https://web.archive.org/web/20081012225233/http://www.press.sk:80/index.php?page=shop.browse&root=10&category_id=66&option=com_phpshop,20081012225233,skip
http://www.press.sk:80/index.php?page=shop.browse&root=10&category_id=80&option=com_phpshop,https://web.archive.org/web/20081012225238/http://www.press.sk:80/index.php?page=shop.browse&root=10&category_id=80&option=com_phpshop,20081012225238,skip
http://www.press.sk:80/index.php?page=shop.browse&root=10&category_id=87&option=com_phpshop,https://web.archive.org/web/20081012225243/http://www.press.sk:80/index.php?page=shop.browse&root=10&category_id=87&option=com_phpshop,20081012225243,skip
http://www.press.sk:80/index.php?page=shop.browse&root=10&category_id=96&option=com_phpshop,https://web.archive.org/web/20081012225250/http://www.press.sk:80/index.php?page=shop.browse&root=10&category_id=96&option=com_phpshop,20081012225250,skip
http://www.press.sk:80/index.php?option=com_rsgallery&page=inline&id=99&catid=0&limitstart=22,https://web.archive.org/web/20081011211050/http://www.press.sk:80/index.php?option=com_rsgallery&page=inline&id=99&catid=0&limitstart=22,20081011211050,skip
http://www.press.sk:80/index.php?option=com_rsgallery&page=inline&id=124&catid=10&limitstart=9,https://web.archive.org/web/20081011211027/http://www.press.sk:80/index.php?option=com_rsgallery&page=inline&id=124&catid=10&limitstart=9,20081011211027,skip
http://www.press.sk:80/index.php?option=com_rsgallery&page=inline&id=134&catid=10&limitstart=19,https://web.archive.org/web/20081011211032/http://www.press.sk:80/index.php?option=com_rsgallery&page=inline&id=134&catid=10&limitstart=19,20081011211032,skip
http://www.press.sk:80/index.php?option=com_rsgallery&page=inline&id=20&catid=3&limitstart=1,https://web.archive.org/web/20081011211037/http://www.press.sk:80/index.php?option=com_rsgallery&page=inline&id=20&catid=3&limitstart=1,20081011211037,skip
http://www.press.sk:80/index.php?option=com_rsgallery&page=inline&id=60&catid=7&limitstart=12,https://web.archive.org/web/20081011211045/http://www.press.sk:80/index.php?option=com_rsgallery&page=inline&id=60&catid=7&limitstart=12,20081011211045,skip
http://www.press.sk:80/index.php?option=content&task=view&id=1104&Itemid=,https://web.archive.org/web/20081011211055/http://www.press.sk:80/index.php?option=content&task=view&id=1104&Itemid=,20081011211055,skip
http://www.press.sk:80/index.php?option=content&task=view&id=1105&Itemid=,https://web.archive.org/web/20081011211101/http://www.press.sk:80/index.php?option=content&task=view&id=1105&Itemid=,20081011211101,skip
http://www.press.sk:80/index.php?option=content&task=view&id=1106&Itemid=,https://web.archive.org/web/20081011211109/http://www.press.sk:80/index.php?option=content&task=view&id=1106&Itemid=,20081011211109,skip
http://www.press.sk:80/index.php?option=content&task=view&id=570,https://web.archive.org/web/20081230091824/http://www.press.sk:80/index.php?option=content&task=view&id=570,20081230091824,skip
http://www.press.sk:80/index.php?page=shop.index&option=com_virtuemart&Itemid=1040,https://web.archive.org/web/20081216234640/http://www.press.sk:80/index.php?page=shop.index&option=com_virtuemart&Itemid=1040,20081216234640,skip
http://www.press.sk:80/index.php?option=com_contact&Itemid=3,https://web.archive.org/web/20081220104310/http://www.press.sk:80/index.php?option=com_contact&Itemid=3,20081220104310,skip
http://www.press.sk:80/index.php?option=com_phpshop&page=shop.flypage&product_id=1144,https://web.archive.org/web/20081012224955/http://www.press.sk:80/index.php?option=com_phpshop&page=shop.flypage&product_id=1144,20081012224955,skip
http://www.press.sk:80/index.php?option=com_phpshop&page=shop.flypage&product_id=1222,https://web.archive.org/web/20081012225000/http://www.press.sk:80/index.php?option=com_phpshop&page=shop.flypage&product_id=1222,20081012225000,skip
http://www.press.sk:80/index.php?option=com_phpshop&page=shop.flypage&product_id=1565,https://web.archive.org/web/20081010181253/http://www.press.sk:80/index.php?option=com_phpshop&page=shop.flypage&product_id=1565,20081010181253,skip
http://www.press.sk:80/index.php?option=com_phpshop&page=shop.flypage&product_id=2036,https://web.archive.org/web/20081010181258/http://www.press.sk:80/index.php?option=com_phpshop&page=shop.flypage&product_id=2036,20081010181258,skip
http://www.press.sk:80/index.php?option=com_phpshop&page=shop.flypage&product_id=2393,https://web.archive.org/web/20081012225005/http://www.press.sk:80/index.php?option=com_phpshop&page=shop.flypage&product_id=2393,20081012225005,skip
http://www.press.sk:80/index.php?option=com_phpshop&page=shop.flypage&product_id=2786,https://web.archive.org/web/20081010181303/http://www.press.sk:80/index.php?option=com_phpshop&page=shop.flypage&product_id=2786,20081010181303,skip
http://www.press.sk:80/index.php?option=com_phpshop&page=shop.flypage&product_id=283,https://web.archive.org/web/20081012225010/http://www.press.sk:80/index.php?option=com_phpshop&page=shop.flypage&product_id=283,20081012225010,skip
http://www.press.sk:80/index.php?option=com_phpshop&page=shop.flypage&product_id=2862,https://web.archive.org/web/20081010181308/http://www.press.sk:80/index.php?option=com_phpshop&page=shop.flypage&product_id=2862,20081010181308,skip
http://www.press.sk:80/index.php?option=com_phpshop&page=shop.flypage&product_id=2892,https://web.archive.org/web/20081010181313/http://www.press.sk:80/index.php?option=com_phpshop&page=shop.flypage&product_id=2892,20081010181313,skip
http://www.press.sk:80/index.php?option=com_phpshop&page=shop.flypage&product_id=307,https://web.archive.org/web/20081010181318/http://www.press.sk:80/index.php?option=com_phpshop&page=shop.flypage&product_id=307,20081010181318,skip
http://www.press.sk:80/index.php?option=com_phpshop&page=shop.flypage&product_id=3078,https://web.archive.org/web/20081012225015/http://www.press.sk:80/index.php?option=com_phpshop&page=shop.flypage&product_id=3078,20081012225015,skip
http://www.press.sk:80/index.php?option=com_phpshop&page=shop.flypage&product_id=3344,https://web.archive.org/web/20081012225020/http://www.press.sk:80/index.php?option=com_phpshop&page=shop.flypage&product_id=3344,20081012225020,skip
http://www.press.sk:80/index.php?option=com_phpshop&page=shop.flypage&product_id=3345,https://web.archive.org/web/20081012225025/http://www.press.sk:80/index.php?option=com_phpshop&page=shop.flypage&product_id=3345,20081012225025,skip
http://www.press.sk:80/index.php?option=com_phpshop&page=shop.flypage&product_id=3404,https://web.archive.org/web/20081012225030/http://www.press.sk:80/index.php?option=com_phpshop&page=shop.flypage&product_id=3404,20081012225030,skip
http://www.press.sk:80/index.php?option=com_phpshop&page=shop.flypage&product_id=3406,https://web.archive.org/web/20081012225035/http://www.press.sk:80/index.php?option=com_phpshop&page=shop.flypage&product_id=3406,20081012225035,skip
http://www.press.sk:80/index.php?option=com_phpshop&page=shop.flypage&product_id=3407,https://web.archive.org/web/20081012225040/http://www.press.sk:80/index.php?option=com_phpshop&page=shop.flypage&product_id=3407,20081012225040,skip
http://www.press.sk:80/index.php?option=com_phpshop&page=shop.flypage&product_id=3408,https://web.archive.org/web/20081012225045/http://www.press.sk:80/index.php?option=com_phpshop&page=shop.flypage&product_id=3408,20081012225045,skip
http://www.press.sk:80/index.php?option=com_phpshop&page=shop.flypage&product_id=3409,https://web.archive.org/web/20081012225050/http://www.press.sk:80/index.php?option=com_phpshop&page=shop.flypage&product_id=3409,20081012225050,skip
http://www.press.sk:80/index.php?option=com_phpshop&page=shop.flypage&product_id=3410,https://web.archive.org/web/20081012225055/http://www.press.sk:80/index.php?option=com_phpshop&page=shop.flypage&product_id=3410,20081012225055,skip
http://www.press.sk:80/index.php?option=com_phpshop&page=shop.flypage&product_id=3459,https://web.archive.org/web/20081010181323/http://www.press.sk:80/index.php?option=com_phpshop&page=shop.flypage&product_id=3459,20081010181323,skip
http://www.press.sk:80/index.php?option=com_phpshop&page=shop.flypage&product_id=3547,https://web.archive.org/web/20081010181328/http://www.press.sk:80/index.php?option=com_phpshop&page=shop.flypage&product_id=3547,20081010181328,skip
http://www.press.sk:80/index.php?option=com_phpshop&page=shop.flypage&product_id=3709,https://web.archive.org/web/20081012225100/http://www.press.sk:80/index.php?option=com_phpshop&page=shop.flypage&product_id=3709,20081012225100,skip
http://www.press.sk:80/index.php?option=com_phpshop&page=shop.flypage&product_id=3778,https://web.archive.org/web/20081010181333/http://www.press.sk:80/index.php?option=com_phpshop&page=shop.flypage&product_id=3778,20081010181333,skip
http://www.press.sk:80/index.php?option=com_phpshop&page=shop.flypage&product_id=3785,https://web.archive.org/web/20081010181338/http://www.press.sk:80/index.php?option=com_phpshop&page=shop.flypage&product_id=3785,20081010181338,skip
http://www.press.sk:80/index.php?option=com_phpshop&page=shop.flypage&product_id=3793,https://web.archive.org/web/20081010181343/http://www.press.sk:80/index.php?option=com_phpshop&page=shop.flypage&product_id=3793,20081010181343,skip
http://www.press.sk:80/index.php?option=com_phpshop&page=shop.flypage&product_id=3835,https://web.archive.org/web/20081010181348/http://www.press.sk:80/index.php?option=com_phpshop&page=shop.flypage&product_id=3835,20081010181348,skip
http://www.press.sk:80/index.php?option=com_phpshop&page=shop.flypage&product_id=3895,https://web.archive.org/web/20081010181353/http://www.press.sk:80/index.php?option=com_phpshop&page=shop.flypage&product_id=3895,20081010181353,skip
http://www.press.sk:80/index.php?option=com_phpshop&page=shop.flypage&product_id=3896,https://web.archive.org/web/20081010181358/http://www.press.sk:80/index.php?option=com_phpshop&page=shop.flypage&product_id=3896,20081010181358,skip
http://www.press.sk:80/index.php?option=com_phpshop&page=shop.flypage&product_id=3897,https://web.archive.org/web/20081010181404/http://www.press.sk:80/index.php?option=com_phpshop&page=shop.flypage&product_id=3897,20081010181404,skip
http://www.press.sk:80/index.php?option=com_phpshop&page=shop.flypage&product_id=3905,https://web.archive.org/web/20081010181409/http://www.press.sk:80/index.php?option=com_phpshop&page=shop.flypage&product_id=3905,20081010181409,skip
http://www.press.sk:80/index.php?option=com_phpshop&page=shop.flypage&product_id=3917,https://web.archive.org/web/20081010181414/http://www.press.sk:80/index.php?option=com_phpshop&page=shop.flypage&product_id=3917,20081010181414,skip
http://www.press.sk:80/index.php?option=com_phpshop&page=shop.flypage&product_id=3918,https://web.archive.org/web/20081010181419/http://www.press.sk:80/index.php?option=com_phpshop&page=shop.flypage&product_id=3918,20081010181419,skip
http://www.press.sk:80/index.php?option=com_phpshop&page=shop.flypage&product_id=3919,https://web.archive.org/web/20081012225105/http://www.press.sk:80/index.php?option=com_phpshop&page=shop.flypage&product_id=3919,20081012225105,skip
http://www.press.sk:80/index.php?option=com_phpshop&page=shop.flypage&product_id=3920,https://web.archive.org/web/20081010181424/http://www.press.sk:80/index.php?option=com_phpshop&page=shop.flypage&product_id=3920,20081010181424,skip
http://www.press.sk:80/index.php?option=com_phpshop&page=shop.flypage&product_id=3966,https://web.archive.org/web/20081010181429/http://www.press.sk:80/index.php?option=com_phpshop&page=shop.flypage&product_id=3966,20081010181429,skip
http://www.press.sk:80/index.php?option=com_phpshop&page=shop.flypage&product_id=3967,https://web.archive.org/web/20081010181434/http://www.press.sk:80/index.php?option=com_phpshop&page=shop.flypage&product_id=3967,20081010181434,skip
http://www.press.sk:80/index.php?option=com_phpshop&page=shop.flypage&product_id=3968,https://web.archive.org/web/20081010181439/http://www.press.sk:80/index.php?option=com_phpshop&page=shop.flypage&product_id=3968,20081010181439,skip
http://www.press.sk:80/index.php?option=com_phpshop&page=shop.flypage&product_id=3969,https://web.archive.org/web/20081010181446/http://www.press.sk:80/index.php?option=com_phpshop&page=shop.flypage&product_id=3969,20081010181446,skip
http://www.press.sk:80/index.php?option=com_phpshop&page=shop.flypage&product_id=3970,https://web.archive.org/web/20081010181451/http://www.press.sk:80/index.php?option=com_phpshop&page=shop.flypage&product_id=3970,20081010181451,skip
http://www.press.sk:80/index.php?option=com_phpshop&page=shop.flypage&product_id=4003,https://web.archive.org/web/20081012225110/http://www.press.sk:80/index.php?option=com_phpshop&page=shop.flypage&product_id=4003,20081012225110,skip
http://www.press.sk:80/index.php?option=com_phpshop&page=shop.flypage&product_id=4037,https://web.archive.org/web/20081010181457/http://www.press.sk:80/index.php?option=com_phpshop&page=shop.flypage&product_id=4037,20081010181457,skip
http://www.press.sk:80/index.php?option=com_phpshop&page=shop.flypage&product_id=4046,https://web.archive.org/web/20081012225115/http://www.press.sk:80/index.php?option=com_phpshop&page=shop.flypage&product_id=4046,20081012225115,skip
http://www.press.sk:80/index.php?option=com_phpshop&page=shop.flypage&product_id=4048,https://web.archive.org/web/20081012225120/http://www.press.sk:80/index.php?option=com_phpshop&page=shop.flypage&product_id=4048,20081012225120,skip
http://www.press.sk:80/index.php?option=com_phpshop&page=shop.flypage&product_id=4058,https://web.archive.org/web/20081012225125/http://www.press.sk:80/index.php?option=com_phpshop&page=shop.flypage&product_id=4058,20081012225125,skip
http://www.press.sk:80/index.php?option=com_phpshop&page=shop.flypage&product_id=4061,https://web.archive.org/web/20081012225130/http://www.press.sk:80/index.php?option=com_phpshop&page=shop.flypage&product_id=4061,20081012225130,skip
http://www.press.sk:80/index.php?option=com_phpshop&page=shop.flypage&product_id=4083,https://web.archive.org/web/20081012225135/http://www.press.sk:80/index.php?option=com_phpshop&page=shop.flypage&product_id=4083,20081012225135,skip
http://www.press.sk:80/index.php?option=com_phpshop&page=shop.flypage&product_id=4124,https://web.archive.org/web/20081010181503/http://www.press.sk:80/index.php?option=com_phpshop&page=shop.flypage&product_id=4124,20081010181503,skip
http://www.press.sk:80/index.php?option=com_phpshop&page=shop.flypage&product_id=4146,https://web.archive.org/web/20081012225140/http://www.press.sk:80/index.php?option=com_phpshop&page=shop.flypage&product_id=4146,20081012225140,skip
http://www.press.sk:80/index.php?option=com_phpshop&page=shop.flypage&product_id=4152,https://web.archive.org/web/20081011211021/http://www.press.sk:80/index.php?option=com_phpshop&page=shop.flypage&product_id=4152,20081011211021,skip
http://www.press.sk:80/index.php?option=com_phpshop&page=shop.flypage&product_id=693,https://web.archive.org/web/20081012225145/http://www.press.sk:80/index.php?option=com_phpshop&page=shop.flypage&product_id=693,20081012225145,skip
http://www.press.sk:80/index.php?option=com_phpshop&page=shop.flypage&product_id=735,https://web.archive.org/web/20081012225150/http://www.press.sk:80/index.php?option=com_phpshop&page=shop.flypage&product_id=735,20081012225150,skip
http://www.press.sk:80/index.php?page=shop.flypage&product_id=889&option=com_phpshop,https://web.archive.org/web/20081011211116/http://www.press.sk:80/index.php?page=shop.flypage&product_id=889&option=com_phpshop,20081011211116,skip
http://www.press.sk:80/index.php?option=com_virtuemart&page=shop.tos,https://web.archive.org/web/20081224020901/http://www.press.sk:80/index.php?option=com_virtuemart&page=shop.tos,20081224020901,skip
http://www.press.sk:80/index2.php?option=com_virtuemart&page=shop.tos&pop=1,https://web.archive.org/web/20081224020906/http://www.press.sk:80/index2.php?option=com_virtuemart&page=shop.tos&pop=1,20081224020906,skip
http://www.press.sk:80/ine-produkty/,https://web.archive.org/web/20081020211807/http://www.press.sk:80/ine-produkty/,20081020211807,skip
http://www.press.sk:80/ine-produkty/,https://web.archive.org/web/20081026051353/http://www.press.sk:80/ine-produkty/,20081026051353,skip
http://www.press.sk:80/ine-produkty/,https://web.archive.org/web/20081217074000/http://www.press.sk:80/ine-produkty/,20081217074000,skip
http://www.press.sk:80/kalendare-pohladnice/,https://web.archive.org/web/20081020211813/http://www.press.sk:80/kalendare-pohladnice/,20081020211813,skip
http://www.press.sk:80/kalendare-pohladnice/,https://web.archive.org/web/20081204010857/http://www.press.sk:80/kalendare-pohladnice/,20081204010857,skip
http://www.press.sk:80/kalendare-pohladnice/,https://web.archive.org/web/20081217081636/http://www.press.sk:80/kalendare-pohladnice/,20081217081636,skip
http://www.press.sk:80/kalendare-pohladnice/kalendar-vojenska-technika-2009/,https://web.archive.org/web/20081224020341/http://www.press.sk:80/kalendare-pohladnice/kalendar-vojenska-technika-2009/,20081224020341,skip
"http://www.press.sk:80/kalendare-pohladnice/n,a,30,30/","https://web.archive.org/web/20081231064641/http://www.press.sk:80/kalendare-pohladnice/n,a,30,30/",20081231064641,skip
http://www.press.sk:80/klienti-a-banner-950x200-pozicia-1/,https://web.archive.org/web/20081208175440/http://www.press.sk:80/klienti-a-banner-950x200-pozicia-1/,20081208175440,skip
http://www.press.sk:80/klienti-b-banner-183x390-pozicia-2/,https://web.archive.org/web/20081208175456/http://www.press.sk:80/klienti-b-banner-183x390-pozicia-2/,20081208175456,skip
http://www.press.sk:80/klienti-c-banner-183x390-pozicia-3/,https://web.archive.org/web/20081208175510/http://www.press.sk:80/klienti-c-banner-183x390-pozicia-3/,20081208175510,skip
http://www.press.sk:80/klienti-d-banner-468x60-pozicia-4/,https://web.archive.org/web/20081208175207/http://www.press.sk:80/klienti-d-banner-468x60-pozicia-4/,20081208175207,skip
http://www.press.sk:80/klienti-e-banner-468x60-pozicia-5/,https://web.archive.org/web/20081208175537/http://www.press.sk:80/klienti-e-banner-468x60-pozicia-5/,20081208175537,skip
http://www.press.sk:80/kontakt/,https://web.archive.org/web/20081020211825/http://www.press.sk:80/kontakt/,20081020211825,skip
http://www.press.sk:80/kontakt/,https://web.archive.org/web/20081023064700/http://www.press.sk:80/kontakt/,20081023064700,skip
http://www.press.sk:80/kontakt/,https://web.archive.org/web/20081217030847/http://www.press.sk:80/kontakt/,20081217030847,skip
http://www.press.sk:80/kontakt/magnet-press-slovakia--s.-r.-o./,https://web.archive.org/web/20081023234211/http://www.press.sk:80/kontakt/magnet-press-slovakia--s.-r.-o./,20081023234211,skip
http://www.press.sk:80/kontakt/magnet-press-slovakia--s.-r.-o./,https://web.archive.org/web/20081220001924/http://www.press.sk:80/kontakt/magnet-press-slovakia--s.-r.-o./,20081220001924,skip
http://www.press.sk:80/kriminalistika/,https://web.archive.org/web/20081211050019/http://www.press.sk:80/kriminalistika/,20081211050019,skip
http://www.press.sk:80/kriminalistika/,https://web.archive.org/web/20081229155033/http://www.press.sk:80/kriminalistika/,20081229155033,skip
http://www.press.sk:80/kriminalistika/dejiny-ceskoslovenske-kriminalistiky-slovem-i-obrazem-ii./,https://web.archive.org/web/20081229032118/http://www.press.sk:80/kriminalistika/dejiny-ceskoslovenske-kriminalistiky-slovem-i-obrazem-ii./,20081229032118,skip
http://www.press.sk:80/kucharske-knihy/kucharka-pani-nadlesni/,https://web.archive.org/web/20081218214351/http://www.press.sk:80/kucharske-knihy/kucharka-pani-nadlesni/,20081218214351,skip
http://www.press.sk:80/kultura-a-spolocnost/,https://web.archive.org/web/20081204010902/http://www.press.sk:80/kultura-a-spolocnost/,20081204010902,skip
http://www.press.sk:80/kultura-a-spolocnost/,https://web.archive.org/web/20081217131301/http://www.press.sk:80/kultura-a-spolocnost/,20081217131301,skip
http://www.press.sk:80/kynologia/,https://web.archive.org/web/20081224212543/http://www.press.sk:80/kynologia/,20081224212543,skip
http://www.press.sk:80/kynologia/chov-psu-prirucka-zacinajiciho-chovatele/,https://web.archive.org/web/20081204062618/http://www.press.sk:80/kynologia/chov-psu-prirucka-zacinajiciho-chovatele/,20081204062618,skip
http://www.press.sk:80/kynologia/jak-vychovat-psa-aneb-jak-si-vycvicit-panicka/,https://web.archive.org/web/20081221130913/http://www.press.sk:80/kynologia/jak-vychovat-psa-aneb-jak-si-vycvicit-panicka/,20081221130913,skip
http://www.press.sk:80/kynologia/mazlicek-nebo-zabijak-argentinska-doga-americky-pitbulterier/,https://web.archive.org/web/20081021150715/http://www.press.sk:80/kynologia/mazlicek-nebo-zabijak-argentinska-doga-americky-pitbulterier/,20081021150715,skip
http://www.press.sk:80/letectvo/,https://web.archive.org/web/20081217131306/http://www.press.sk:80/letectvo/,20081217131306,skip
http://www.press.sk:80/letectvo-53/,https://web.archive.org/web/20081020211831/http://www.press.sk:80/letectvo-53/,20081020211831,skip
http://www.press.sk:80/letectvo-53/,https://web.archive.org/web/20081022061349/http://www.press.sk:80/letectvo-53/,20081022061349,skip
http://www.press.sk:80/letectvo-53/,https://web.archive.org/web/20081207014140/http://www.press.sk:80/letectvo-53/,20081207014140,skip
http://www.press.sk:80/letectvo-53/a-detailed-view-at-building-jet-models/,https://web.archive.org/web/20081208130625/http://www.press.sk:80/letectvo-53/a-detailed-view-at-building-jet-models/,20081208130625,skip
http://www.press.sk:80/letectvo-53/albatros-in-detail/,https://web.archive.org/web/20081208130630/http://www.press.sk:80/letectvo-53/albatros-in-detail/,20081208130630,skip
http://www.press.sk:80/letectvo-53/anatomie-letadel-2.-svetove-valky/,https://web.archive.org/web/20081208130635/http://www.press.sk:80/letectvo-53/anatomie-letadel-2.-svetove-valky/,20081208130635,skip
http://www.press.sk:80/letectvo-53/anatomie-modernich-vojenskych-letounu-technicke-kresby/,https://web.archive.org/web/20081208130640/http://www.press.sk:80/letectvo-53/anatomie-modernich-vojenskych-letounu-technicke-kresby/,20081208130640,skip
http://www.press.sk:80/letectvo-53/anglicko-cesky-letecky-slovnik/,https://web.archive.org/web/20081208130646/http://www.press.sk:80/letectvo-53/anglicko-cesky-letecky-slovnik/,20081208130646,skip
http://www.press.sk:80/letectvo-53/atlas-oblaku/,https://web.archive.org/web/20081208130657/http://www.press.sk:80/letectvo-53/atlas-oblaku/,20081208130657,skip
http://www.press.sk:80/letectvo-53/atlas-oblaku+4189/,https://web.archive.org/web/20081208130652/http://www.press.sk:80/letectvo-53/atlas-oblaku+4189/,20081208130652,skip
http://www.press.sk:80/letectvo-53/attacker-the-royal-navy%C2%B4s-first-operation-jet-fighter/,https://web.archive.org/web/20081208130702/http://www.press.sk:80/letectvo-53/attacker-the-royal-navy%C2%B4s-first-operation-jet-fighter/,20081208130702,skip
http://www.press.sk:80/letectvo-53/avenger-tbftbm-in-detail/,https://web.archive.org/web/20081208130707/http://www.press.sk:80/letectvo-53/avenger-tbftbm-in-detail/,20081208130707,skip
http://www.press.sk:80/letectvo-53/avia-b-35-avia-b-135/,https://web.archive.org/web/20081208130712/http://www.press.sk:80/letectvo-53/avia-b-35-avia-b-135/,20081208130712,skip
http://www.press.sk:80/letectvo-53/avia-b-534-czechoslovak-fighter-1933-45/,https://web.archive.org/web/20081208130717/http://www.press.sk:80/letectvo-53/avia-b-534-czechoslovak-fighter-1933-45/,20081208130717,skip
http://www.press.sk:80/letectvo-53/avia-bh-33/,https://web.archive.org/web/20081208130722/http://www.press.sk:80/letectvo-53/avia-bh-33/,20081208130722,skip
http://www.press.sk:80/letectvo-53/aviatik-d.i-d.ii/,https://web.archive.org/web/20081208130727/http://www.press.sk:80/letectvo-53/aviatik-d.i-d.ii/,20081208130727,skip
http://www.press.sk:80/letectvo-53/b-17-letajici-pevnost/,https://web.archive.org/web/20081208130733/http://www.press.sk:80/letectvo-53/b-17-letajici-pevnost/,20081208130733,skip
http://www.press.sk:80/letectvo-53/bac-tsr.2-the-white-ghost/,https://web.archive.org/web/20081208130738/http://www.press.sk:80/letectvo-53/bac-tsr.2-the-white-ghost/,20081208130738,skip
http://www.press.sk:80/letectvo-53/bajecni-muzi-na-letajicich-strojich/,https://web.archive.org/web/20081208130743/http://www.press.sk:80/letectvo-53/bajecni-muzi-na-letajicich-strojich/,20081208130743,skip
http://www.press.sk:80/letectvo-53/bell-p-39-airacobra-1.cast/,https://web.archive.org/web/20081208130748/http://www.press.sk:80/letectvo-53/bell-p-39-airacobra-1.cast/,20081208130748,skip
http://www.press.sk:80/letectvo-53/bell-p-63-kingcobra-xfl-1-airabonita-p-39-airacobra-2.-cast/,https://web.archive.org/web/20081208130754/http://www.press.sk:80/letectvo-53/bell-p-63-kingcobra-xfl-1-airabonita-p-39-airacobra-2.-cast/,20081208130754,skip
http://www.press.sk:80/letectvo-53/biggles/,https://web.archive.org/web/20081208130759/http://www.press.sk:80/letectvo-53/biggles/,20081208130759,skip
http://www.press.sk:80/letectvo-53/bitevni-vrtulnik-mi-24/,https://web.archive.org/web/20081208130804/http://www.press.sk:80/letectvo-53/bitevni-vrtulnik-mi-24/,20081208130804,skip
http://www.press.sk:80/letectvo-53/bitva-o-britanii-cervenec-zari-1940/,https://web.archive.org/web/20081208130809/http://www.press.sk:80/letectvo-53/bitva-o-britanii-cervenec-zari-1940/,20081208130809,skip
http://www.press.sk:80/letectvo-53/blackburn-skua-roc/,https://web.archive.org/web/20081208130814/http://www.press.sk:80/letectvo-53/blackburn-skua-roc/,20081208130814,skip
http://www.press.sk:80/letectvo-53/boeing-fa-18-abcd-hornet/,https://web.archive.org/web/20081208130819/http://www.press.sk:80/letectvo-53/boeing-fa-18-abcd-hornet/,20081208130819,skip
http://www.press.sk:80/letectvo-53/bojova-perut/,https://web.archive.org/web/20081208130824/http://www.press.sk:80/letectvo-53/bojova-perut/,20081208130824,skip
http://www.press.sk:80/letectvo-53/bojove-legendy-avro-lancaster/,https://web.archive.org/web/20081208130829/http://www.press.sk:80/letectvo-53/bojove-legendy-avro-lancaster/,20081208130829,skip
http://www.press.sk:80/letectvo-53/bojove-legendy-b-17-flying-fortress/,https://web.archive.org/web/20081208130834/http://www.press.sk:80/letectvo-53/bojove-legendy-b-17-flying-fortress/,20081208130834,skip
http://www.press.sk:80/letectvo-53/bojove-legendy-consolidated-b-24-liberator/,https://web.archive.org/web/20081208130839/http://www.press.sk:80/letectvo-53/bojove-legendy-consolidated-b-24-liberator/,20081208130839,skip
http://www.press.sk:80/letectvo-53/bojove-legendy-de-havilland-mosquito/,https://web.archive.org/web/20081208130844/http://www.press.sk:80/letectvo-53/bojove-legendy-de-havilland-mosquito/,20081208130844,skip
http://www.press.sk:80/letectvo-53/bojove-legendy-f-117-nighthawk/,https://web.archive.org/web/20081208130849/http://www.press.sk:80/letectvo-53/bojove-legendy-f-117-nighthawk/,20081208130849,skip
http://www.press.sk:80/letectvo-53/bojove-legendy-f-15-eagle-a-strike-eagle/,https://web.archive.org/web/20081208130855/http://www.press.sk:80/letectvo-53/bojove-legendy-f-15-eagle-a-strike-eagle/,20081208130855,skip
http://www.press.sk:80/letectvo-53/bojove-legendy-f-16-fighting-falcon/,https://web.archive.org/web/20081208130901/http://www.press.sk:80/letectvo-53/bojove-legendy-f-16-fighting-falcon/,20081208130901,skip
http://www.press.sk:80/letectvo-53/bojove-legendy-f-4-phantom/,https://web.archive.org/web/20081208130906/http://www.press.sk:80/letectvo-53/bojove-legendy-f-4-phantom/,20081208130906,skip
http://www.press.sk:80/letectvo-53/bojove-legendy-focke-wulf-fw-190/,https://web.archive.org/web/20081208130911/http://www.press.sk:80/letectvo-53/bojove-legendy-focke-wulf-fw-190/,20081208130911,skip
http://www.press.sk:80/letectvo-53/bojove-legendy-ju-87-stuka-2394/,https://web.archive.org/web/20081208130916/http://www.press.sk:80/letectvo-53/bojove-legendy-ju-87-stuka-2394/,20081208130916,skip
http://www.press.sk:80/letectvo-53/bojove-legendy-komplet-9x/,https://web.archive.org/web/20081208130921/http://www.press.sk:80/letectvo-53/bojove-legendy-komplet-9x/,20081208130921,skip
http://www.press.sk:80/letectvo-53/bojove-legendy-messerschmitt-bf-109/,https://web.archive.org/web/20081208130926/http://www.press.sk:80/letectvo-53/bojove-legendy-messerschmitt-bf-109/,20081208130926,skip
http://www.press.sk:80/letectvo-53/bojove-legendy-messerschmitt-me-163-komet/,https://web.archive.org/web/20081208130931/http://www.press.sk:80/letectvo-53/bojove-legendy-messerschmitt-me-163-komet/,20081208130931,skip
http://www.press.sk:80/letectvo-53/bojove-legendy-mitsubishi-zero/,https://web.archive.org/web/20081208130936/http://www.press.sk:80/letectvo-53/bojove-legendy-mitsubishi-zero/,20081208130936,skip
http://www.press.sk:80/letectvo-53/bojove-legendy-north-american-f-86-sabre/,https://web.archive.org/web/20081208130942/http://www.press.sk:80/letectvo-53/bojove-legendy-north-american-f-86-sabre/,20081208130942,skip
http://www.press.sk:80/letectvo-53/bojove-legendy-p-39-airacobra/,https://web.archive.org/web/20081208130948/http://www.press.sk:80/letectvo-53/bojove-legendy-p-39-airacobra/,20081208130948,skip
http://www.press.sk:80/letectvo-53/bojove-legendy-p-47-thunderbolt/,https://web.archive.org/web/20081208130953/http://www.press.sk:80/letectvo-53/bojove-legendy-p-47-thunderbolt/,20081208130953,skip
http://www.press.sk:80/letectvo-53/bojove-legendy-p-51-mustang/,https://web.archive.org/web/20081208130959/http://www.press.sk:80/letectvo-53/bojove-legendy-p-51-mustang/,20081208130959,skip
http://www.press.sk:80/letectvo-53/bojove-legendy-spitfire-mk.-i-v/,https://web.archive.org/web/20081208131004/http://www.press.sk:80/letectvo-53/bojove-legendy-spitfire-mk.-i-v/,20081208131004,skip
http://www.press.sk:80/letectvo-53/bojove-legendy-spitfire-mk.-vi-f.-24/,https://web.archive.org/web/20081208131009/http://www.press.sk:80/letectvo-53/bojove-legendy-spitfire-mk.-vi-f.-24/,20081208131009,skip
http://www.press.sk:80/letectvo-53/bojove-legendy-sr-71-blackbird/,https://web.archive.org/web/20081208131014/http://www.press.sk:80/letectvo-53/bojove-legendy-sr-71-blackbird/,20081208131014,skip
http://www.press.sk:80/letectvo-53/bombardovani-rise-spojenecka-strategicka-bombardovaci-ofenziva-v/,https://web.archive.org/web/20081208131019/http://www.press.sk:80/letectvo-53/bombardovani-rise-spojenecka-strategicka-bombardovaci-ofenziva-v/,20081208131019,skip
http://www.press.sk:80/letectvo-53/bourliva-oblaka/,https://web.archive.org/web/20081208131024/http://www.press.sk:80/letectvo-53/bourliva-oblaka/,20081208131024,skip
http://www.press.sk:80/letectvo-53/byl-jsem-letcem-r.a.f./,https://web.archive.org/web/20081208131029/http://www.press.sk:80/letectvo-53/byl-jsem-letcem-r.a.f./,20081208131029,skip
http://www.press.sk:80/letectvo-53/byli-jsme-v-bitve-o-anglii/,https://web.archive.org/web/20081208131034/http://www.press.sk:80/letectvo-53/byli-jsme-v-bitve-o-anglii/,20081208131034,skip
http://www.press.sk:80/letectvo-53/byli-pri-tom-ctyricet-letcu-ctyricet-osudu/,https://web.archive.org/web/20081208131039/http://www.press.sk:80/letectvo-53/byli-pri-tom-ctyricet-letcu-ctyricet-osudu/,20081208131039,skip
http://www.press.sk:80/letectvo-53/ceskoslovenske-prototypy-1.-dil/,https://web.archive.org/web/20081208131044/http://www.press.sk:80/letectvo-53/ceskoslovenske-prototypy-1.-dil/,20081208131044,skip
http://www.press.sk:80/letectvo-53/ceskoslovenske-prototypy-1938-2.-dil/,https://web.archive.org/web/20081208131049/http://www.press.sk:80/letectvo-53/ceskoslovenske-prototypy-1938-2.-dil/,20081208131049,skip
http://www.press.sk:80/letectvo-53/ceskoslovenske-vojenske-letectvo-1945-1950-i.-dil/,https://web.archive.org/web/20081208100303/http://www.press.sk:80/letectvo-53/ceskoslovenske-vojenske-letectvo-1945-1950-i.-dil/,20081208100303,skip
http://www.press.sk:80/letectvo-53/ceskoslovenske-vojenske-letectvo-1945-1957-oznacovani-zbarveni/,https://web.archive.org/web/20081208100308/http://www.press.sk:80/letectvo-53/ceskoslovenske-vojenske-letectvo-1945-1957-oznacovani-zbarveni/,20081208100308,skip
http://www.press.sk:80/letectvo-53/ceskoslovensti-letci-v-nemeckem-zajeti-1940-1945/,https://web.archive.org/web/20081208100313/http://www.press.sk:80/letectvo-53/ceskoslovensti-letci-v-nemeckem-zajeti-1940-1945/,20081208100313,skip
http://www.press.sk:80/letectvo-53/ceskoslovensti-letci-ve-velke-britanii-a-valecne-fenomeny/,https://web.archive.org/web/20081208100318/http://www.press.sk:80/letectvo-53/ceskoslovensti-letci-ve-velke-britanii-a-valecne-fenomeny/,20081208100318,skip
http://www.press.sk:80/letectvo-53/cesta-za-snem/,https://web.archive.org/web/20081208100323/http://www.press.sk:80/letectvo-53/cesta-za-snem/,20081208100323,skip
http://www.press.sk:80/letectvo-53/chebska-kridla/,https://web.archive.org/web/20081208100328/http://www.press.sk:80/letectvo-53/chebska-kridla/,20081208100328,skip
http://www.press.sk:80/letectvo-53/chinook-in-detail/,https://web.archive.org/web/20081208100333/http://www.press.sk:80/letectvo-53/chinook-in-detail/,20081208100333,skip
http://www.press.sk:80/letectvo-53/cizinci-v-raf-1941-1445-stihaci-z-okupovane-evropy-od-obrany-k-v/,https://web.archive.org/web/20081208100338/http://www.press.sk:80/letectvo-53/cizinci-v-raf-1941-1445-stihaci-z-okupovane-evropy-od-obrany-k-v/,20081208100338,skip
http://www.press.sk:80/letectvo-53/cizinci-v-raf-stihaci-z-okupovane-evropy-v-bitve-o-britanii/,https://web.archive.org/web/20081208100343/http://www.press.sk:80/letectvo-53/cizinci-v-raf-stihaci-z-okupovane-evropy-v-bitve-o-britanii/,20081208100343,skip
http://www.press.sk:80/letectvo-53/combat-colours-number-6-de-havilland-mosquito-day-and-night-figh/,https://web.archive.org/web/20081208100348/http://www.press.sk:80/letectvo-53/combat-colours-number-6-de-havilland-mosquito-day-and-night-figh/,20081208100348,skip
http://www.press.sk:80/letectvo-53/curtiss-p-36-hawk-i./,https://web.archive.org/web/20081208100354/http://www.press.sk:80/letectvo-53/curtiss-p-36-hawk-i./,20081208100354,skip
http://www.press.sk:80/letectvo-53/curtiss-p-36-hawk-ii./,https://web.archive.org/web/20081208100359/http://www.press.sk:80/letectvo-53/curtiss-p-36-hawk-ii./,20081208100359,skip
http://www.press.sk:80/letectvo-53/curtiss-p-36-hawk-iii./,https://web.archive.org/web/20081208100404/http://www.press.sk:80/letectvo-53/curtiss-p-36-hawk-iii./,20081208100404,skip
http://www.press.sk:80/letectvo-53/czechoslovak-spitfires-in-detail/,https://web.archive.org/web/20081208100409/http://www.press.sk:80/letectvo-53/czechoslovak-spitfires-in-detail/,20081208100409,skip
http://www.press.sk:80/letectvo-53/dejiny-parasutizmu-na-slovensku-ii./,https://web.archive.org/web/20081208100415/http://www.press.sk:80/letectvo-53/dejiny-parasutizmu-na-slovensku-ii./,20081208100415,skip
http://www.press.sk:80/letectvo-53/dennik-the-diary/,https://web.archive.org/web/20081208100420/http://www.press.sk:80/letectvo-53/dennik-the-diary/,20081208100420,skip
http://www.press.sk:80/letectvo-53/dobri-vojaci-padli/,https://web.archive.org/web/20081208100425/http://www.press.sk:80/letectvo-53/dobri-vojaci-padli/,20081208100425,skip
http://www.press.sk:80/letectvo-53/dobyti-nebe-bratri-wrightove-a-velky-souboj-o-prvni-let/,https://web.archive.org/web/20081208100430/http://www.press.sk:80/letectvo-53/dobyti-nebe-bratri-wrightove-a-velky-souboj-o-prvni-let/,20081208100430,skip
http://www.press.sk:80/letectvo-53/dobyvatele-vzdusneho-oceanu-male-letecke-etudy-i./,https://web.archive.org/web/20081208100435/http://www.press.sk:80/letectvo-53/dobyvatele-vzdusneho-oceanu-male-letecke-etudy-i./,20081208100435,skip
http://www.press.sk:80/letectvo-53/dornier-do-335-pfeil/,https://web.archive.org/web/20081208100440/http://www.press.sk:80/letectvo-53/dornier-do-335-pfeil/,20081208100440,skip
http://www.press.sk:80/letectvo-53/douglas-dc-2/,https://web.archive.org/web/20081208100446/http://www.press.sk:80/letectvo-53/douglas-dc-2/,20081208100446,skip
http://www.press.sk:80/letectvo-53/douglas-sbd-dauntless/,https://web.archive.org/web/20081208100451/http://www.press.sk:80/letectvo-53/douglas-sbd-dauntless/,20081208100451,skip
http://www.press.sk:80/letectvo-53/dravec-temnot/,https://web.archive.org/web/20081208100456/http://www.press.sk:80/letectvo-53/dravec-temnot/,20081208100456,skip
http://www.press.sk:80/letectvo-53/drazdany-utery-13.-unora-1945/,https://web.archive.org/web/20081208100501/http://www.press.sk:80/letectvo-53/drazdany-utery-13.-unora-1945/,20081208100501,skip
http://www.press.sk:80/letectvo-53/droga-zvana-letadla-ne-skutecne-pribehy-leteckeho-mechanika/,https://web.archive.org/web/20081208100506/http://www.press.sk:80/letectvo-53/droga-zvana-letadla-ne-skutecne-pribehy-leteckeho-mechanika/,20081208100506,skip
http://www.press.sk:80/letectvo-53/dvd-britske-bombardovaci-letectvo-1939-1945-valecne-silenstvi-11/,https://web.archive.org/web/20081208100511/http://www.press.sk:80/letectvo-53/dvd-britske-bombardovaci-letectvo-1939-1945-valecne-silenstvi-11/,20081208100511,skip
http://www.press.sk:80/letectvo-53/dvd-die-ju-52-mythos-traum-wirklichkeit/,https://web.archive.org/web/20081208100516/http://www.press.sk:80/letectvo-53/dvd-die-ju-52-mythos-traum-wirklichkeit/,20081208100516,skip
http://www.press.sk:80/letectvo-53/dvd-german-jet-fighters/,https://web.archive.org/web/20081208100521/http://www.press.sk:80/letectvo-53/dvd-german-jet-fighters/,20081208100521,skip
http://www.press.sk:80/letectvo-53/dvd-kamikaze-cz-verzia/,https://web.archive.org/web/20081208100527/http://www.press.sk:80/letectvo-53/dvd-kamikaze-cz-verzia/,20081208100527,skip
http://www.press.sk:80/letectvo-53/encyklopedie-ceskeho-a-slovenskeho-letectvi-ii/,https://web.archive.org/web/20081207014152/http://www.press.sk:80/letectvo-53/encyklopedie-ceskeho-a-slovenskeho-letectvi-ii/,20081207014152,skip
http://www.press.sk:80/letectvo-53/encyklopedie-ceskeho-a-slovenskeho-letectvi-ii/,https://web.archive.org/web/20081218214356/http://www.press.sk:80/letectvo-53/encyklopedie-ceskeho-a-slovenskeho-letectvi-ii/,20081218214356,skip
http://www.press.sk:80/letectvo-53/focke-wulf-ta-152-ta-152a-ta-152b-ta-152c-ta-152e-ta-152h-ta-153/,https://web.archive.org/web/20081224044758/http://www.press.sk:80/letectvo-53/focke-wulf-ta-152-ta-152a-ta-152b-ta-152c-ta-152e-ta-152h-ta-153/,20081224044758,skip
http://www.press.sk:80/letectvo-53/gloster-gladiator-bojove-legendy/,https://web.archive.org/web/20081102050734/http://www.press.sk:80/letectvo-53/gloster-gladiator-bojove-legendy/,20081102050734,skip
http://www.press.sk:80/letectvo-53/gloster-gladiator-bojove-legendy/,https://web.archive.org/web/20081102050734/http://www.press.sk:80/letectvo-53/gloster-gladiator-bojove-legendy/,20081102050734,skip
http://www.press.sk:80/letectvo-53/heinkel-he-219-uhu/,https://web.archive.org/web/20081218214401/http://www.press.sk:80/letectvo-53/heinkel-he-219-uhu/,20081218214401,skip
http://www.press.sk:80/letectvo-53/iljusin-il-10avia-b-33-1.dil/,https://web.archive.org/web/20081218214406/http://www.press.sk:80/letectvo-53/iljusin-il-10avia-b-33-1.dil/,20081218214406,skip
http://www.press.sk:80/letectvo-53/letali-jsme-se-stroji-luftwaffe/,https://web.archive.org/web/20081022071437/http://www.press.sk:80/letectvo-53/letali-jsme-se-stroji-luftwaffe/,20081022071437,skip
http://www.press.sk:80/letectvo-53/moje-vzpominky-na-letani/,https://web.archive.org/web/20081218214104/http://www.press.sk:80/letectvo-53/moje-vzpominky-na-letani/,20081218214104,skip
http://www.press.sk:80/letectvo-53/morane-saulnier-ms.406-c1-2.dil/,https://web.archive.org/web/20081218214109/http://www.press.sk:80/letectvo-53/morane-saulnier-ms.406-c1-2.dil/,20081218214109,skip
"http://www.press.sk:80/letectvo-53/n,a,30,0/","https://web.archive.org/web/20081208074654/http://www.press.sk:80/letectvo-53/n,a,30,0/",20081208074654,skip
"http://www.press.sk:80/letectvo-53/n,a,30,120/","https://web.archive.org/web/20081022063621/http://www.press.sk:80/letectvo-53/n,a,30,120/",20081022063621,skip
"http://www.press.sk:80/letectvo-53/n,a,30,120/","https://web.archive.org/web/20081208100532/http://www.press.sk:80/letectvo-53/n,a,30,120/",20081208100532,skip
"http://www.press.sk:80/letectvo-53/n,a,30,150/","https://web.archive.org/web/20081022061354/http://www.press.sk:80/letectvo-53/n,a,30,150/",20081022061354,skip
"http://www.press.sk:80/letectvo-53/n,a,30,180/","https://web.archive.org/web/20081022063626/http://www.press.sk:80/letectvo-53/n,a,30,180/",20081022063626,skip
"http://www.press.sk:80/letectvo-53/n,a,30,210/","https://web.archive.org/web/20081022061359/http://www.press.sk:80/letectvo-53/n,a,30,210/",20081022061359,skip
"http://www.press.sk:80/letectvo-53/n,a,30,210/","https://web.archive.org/web/20081208100537/http://www.press.sk:80/letectvo-53/n,a,30,210/",20081208100537,skip
"http://www.press.sk:80/letectvo-53/n,a,30,240/","https://web.archive.org/web/20081022061404/http://www.press.sk:80/letectvo-53/n,a,30,240/",20081022061404,skip
"http://www.press.sk:80/letectvo-53/n,a,30,240/","https://web.archive.org/web/20081208100542/http://www.press.sk:80/letectvo-53/n,a,30,240/",20081208100542,skip
"http://www.press.sk:80/letectvo-53/n,a,30,270/","https://web.archive.org/web/20081022061409/http://www.press.sk:80/letectvo-53/n,a,30,270/",20081022061409,skip
"http://www.press.sk:80/letectvo-53/n,a,30,270/","https://web.archive.org/web/20081208091923/http://www.press.sk:80/letectvo-53/n,a,30,270/",20081208091923,skip
"http://www.press.sk:80/letectvo-53/n,a,30,30/","https://web.archive.org/web/20081022063631/http://www.press.sk:80/letectvo-53/n,a,30,30/",20081022063631,skip
"http://www.press.sk:80/letectvo-53/n,a,30,300/","https://web.archive.org/web/20081022063636/http://www.press.sk:80/letectvo-53/n,a,30,300/",20081022063636,skip
"http://www.press.sk:80/letectvo-53/n,a,30,60/","https://web.archive.org/web/20081022063641/http://www.press.sk:80/letectvo-53/n,a,30,60/",20081022063641,skip
"http://www.press.sk:80/letectvo-53/n,a,30,90/","https://web.archive.org/web/20081022071442/http://www.press.sk:80/letectvo-53/n,a,30,90/",20081022071442,skip
"http://www.press.sk:80/letectvo-53/n,a,30,90/","https://web.archive.org/web/20081208074655/http://www.press.sk:80/letectvo-53/n,a,30,90/",20081208074655,skip
http://www.press.sk:80/letectvo-53/nad-hrebeny-fanxipang/,https://web.archive.org/web/20081224020346/http://www.press.sk:80/letectvo-53/nad-hrebeny-fanxipang/,20081224020346,skip
http://www.press.sk:80/letectvo-53/nebe-neni-raj-aneb-stary-pilot-vypravuje/,https://web.archive.org/web/20081022071447/http://www.press.sk:80/letectvo-53/nebe-neni-raj-aneb-stary-pilot-vypravuje/,20081022071447,skip
http://www.press.sk:80/letectvo-53/spisska-tragedia/,https://web.archive.org/web/20081022071452/http://www.press.sk:80/letectvo-53/spisska-tragedia/,20081022071452,skip
http://www.press.sk:80/letectvo-53/supermarine-spitfire-4.cast/,https://web.archive.org/web/20081208100547/http://www.press.sk:80/letectvo-53/supermarine-spitfire-4.cast/,20081208100547,skip
http://www.press.sk:80/letectvo-53/taktika-vzdusnych-vysadkovych-vojsk-ve-2.-svetove-valce/,https://web.archive.org/web/20081208100552/http://www.press.sk:80/letectvo-53/taktika-vzdusnych-vysadkovych-vojsk-ve-2.-svetove-valce/,20081208100552,skip
http://www.press.sk:80/letectvo-53/the-messerschmitt-bf-109e-on-the-western-front-1940/,https://web.archive.org/web/20081208100557/http://www.press.sk:80/letectvo-53/the-messerschmitt-bf-109e-on-the-western-front-1940/,20081208100557,skip
http://www.press.sk:80/letectvo-53/the-nimrod-mighty-hunter/,https://web.archive.org/web/20081208100602/http://www.press.sk:80/letectvo-53/the-nimrod-mighty-hunter/,20081208100602,skip
http://www.press.sk:80/letectvo-53/ucebnice-pilota-2008/,https://web.archive.org/web/20081208100607/http://www.press.sk:80/letectvo-53/ucebnice-pilota-2008/,20081208100607,skip
http://www.press.sk:80/letectvo-53/uder-tvrde-a-presne/,https://web.archive.org/web/20081208100612/http://www.press.sk:80/letectvo-53/uder-tvrde-a-presne/,20081208100612,skip
http://www.press.sk:80/letectvo-53/v-dratech-stena-vitr/,https://web.archive.org/web/20081208100617/http://www.press.sk:80/letectvo-53/v-dratech-stena-vitr/,20081208100617,skip
http://www.press.sk:80/letectvo-53/v-nebezpecnych-vysinach/,https://web.archive.org/web/20081208100623/http://www.press.sk:80/letectvo-53/v-nebezpecnych-vysinach/,20081208100623,skip
http://www.press.sk:80/letectvo-53/v-pilotnim-vycviku-1947-az-1949/,https://web.archive.org/web/20081208100628/http://www.press.sk:80/letectvo-53/v-pilotnim-vycviku-1947-az-1949/,20081208100628,skip
http://www.press.sk:80/letectvo-53/valecny-dennik-jg-26-1943-1944-2.diel/,https://web.archive.org/web/20081208100635/http://www.press.sk:80/letectvo-53/valecny-dennik-jg-26-1943-1944-2.diel/,20081208100635,skip
http://www.press.sk:80/letectvo-53/velitel-stihaciho-letectva/,https://web.archive.org/web/20081208100641/http://www.press.sk:80/letectvo-53/velitel-stihaciho-letectva/,20081208100641,skip
http://www.press.sk:80/letectvo-53/velitelem-kridla/,https://web.archive.org/web/20081208100646/http://www.press.sk:80/letectvo-53/velitelem-kridla/,20081208100646,skip
http://www.press.sk:80/letectvo-53/velka-valka-rakousko-uherske-a-nemecke-valecne-letectvo/,https://web.archive.org/web/20081208100653/http://www.press.sk:80/letectvo-53/velka-valka-rakousko-uherske-a-nemecke-valecne-letectvo/,20081208100653,skip
http://www.press.sk:80/letectvo-53/velka-valka-rakousko-uherske-armadni-letectvo-svazek-2/,https://web.archive.org/web/20081208100700/http://www.press.sk:80/letectvo-53/velka-valka-rakousko-uherske-armadni-letectvo-svazek-2/,20081208100700,skip
http://www.press.sk:80/letectvo-53/velky-cirkus/,https://web.archive.org/web/20081208100706/http://www.press.sk:80/letectvo-53/velky-cirkus/,20081208100706,skip
http://www.press.sk:80/letectvo-53/vickers-armostrong-wellington/,https://web.archive.org/web/20081208100711/http://www.press.sk:80/letectvo-53/vickers-armostrong-wellington/,20081208100711,skip
http://www.press.sk:80/letectvo-53/vickers-supermarine-spitfire-f-mk.-2224/,https://web.archive.org/web/20081208100716/http://www.press.sk:80/letectvo-53/vickers-supermarine-spitfire-f-mk.-2224/,20081208100716,skip
http://www.press.sk:80/letectvo-53/vzpominky-nebeskeho-jezdce/,https://web.archive.org/web/20081208100721/http://www.press.sk:80/letectvo-53/vzpominky-nebeskeho-jezdce/,20081208100721,skip
http://www.press.sk:80/letectvo-53/warburtonova-valka/,https://web.archive.org/web/20081208100726/http://www.press.sk:80/letectvo-53/warburtonova-valka/,20081208100726,skip
http://www.press.sk:80/letectvo-53/westland-lysander/,https://web.archive.org/web/20081208100731/http://www.press.sk:80/letectvo-53/westland-lysander/,20081208100731,skip
http://www.press.sk:80/letectvo-53/westland-welkin-f-mk.i-nf-mk.ii/,https://web.archive.org/web/20081208100736/http://www.press.sk:80/letectvo-53/westland-welkin-f-mk.i-nf-mk.ii/,20081208100736,skip
http://www.press.sk:80/letectvo-53/westland-whirlwind/,https://web.archive.org/web/20081208100741/http://www.press.sk:80/letectvo-53/westland-whirlwind/,20081208100741,skip
http://www.press.sk:80/letectvo-53/westland-wyvern/,https://web.archive.org/web/20081208100746/http://www.press.sk:80/letectvo-53/westland-wyvern/,20081208100746,skip
http://www.press.sk:80/letectvo-53/wing-ding-pameti-zadniho-strelce/,https://web.archive.org/web/20081208100751/http://www.press.sk:80/letectvo-53/wing-ding-pameti-zadniho-strelce/,20081208100751,skip
http://www.press.sk:80/letectvo-53/za-kniplem-a-kamerou/,https://web.archive.org/web/20081208100756/http://www.press.sk:80/letectvo-53/za-kniplem-a-kamerou/,20081208100756,skip
http://www.press.sk:80/letectvo-53/zdaraci-v-letectvu-krale-anglie-1940-1945/,https://web.archive.org/web/20081208100802/http://www.press.sk:80/letectvo-53/zdaraci-v-letectvu-krale-anglie-1940-1945/,20081208100802,skip
http://www.press.sk:80/letectvo-53/zera-nad-pacifikem/,https://web.archive.org/web/20081208100806/http://www.press.sk:80/letectvo-53/zera-nad-pacifikem/,20081208100806,skip
http://www.press.sk:80/letectvo-53/zero/,https://web.archive.org/web/20081208100812/http://www.press.sk:80/letectvo-53/zero/,20081208100812,skip
http://www.press.sk:80/letectvo-53/znicte-nemecko/,https://web.archive.org/web/20081208100816/http://www.press.sk:80/letectvo-53/znicte-nemecko/,20081208100816,skip
http://www.press.sk:80/mc/,https://web.archive.org/web/20081209073106/http://www.press.sk:80/mc/,20081209073106,skip
http://www.press.sk:80/memoare-a-biografie/,https://web.archive.org/web/20081109075256/http://www.press.sk:80/memoare-a-biografie/,20081109075256,skip
http://www.press.sk:80/memoare-a-biografie/,https://web.archive.org/web/20081204121759/http://www.press.sk:80/memoare-a-biografie/,20081204121759,skip
http://www.press.sk:80/memoare-a-biografie/,https://web.archive.org/web/20081223180805/http://www.press.sk:80/memoare-a-biografie/,20081223180805,skip
http://www.press.sk:80/memoare-a-biografie/ariel-saron/,https://web.archive.org/web/20081224020555/http://www.press.sk:80/memoare-a-biografie/ariel-saron/,20081224020555,skip
http://www.press.sk:80/memoare-a-biografie/el-americano-muz-ktory-bojoval-po-castrove-boku-za-svobodu-kuby/,https://web.archive.org/web/20081021150719/http://www.press.sk:80/memoare-a-biografie/el-americano-muz-ktory-bojoval-po-castrove-boku-za-svobodu-kuby/,20081021150719,skip
http://www.press.sk:80/memoare-a-biografie/moje-druha-svetova-valka/,https://web.archive.org/web/20081224044804/http://www.press.sk:80/memoare-a-biografie/moje-druha-svetova-valka/,20081224044804,skip
"http://www.press.sk:80/memoare-a-biografie/n,a,30,30/","https://web.archive.org/web/20081109075301/http://www.press.sk:80/memoare-a-biografie/n,a,30,30/",20081109075301,skip
"http://www.press.sk:80/memoare-a-biografie/n,a,30,30/","https://web.archive.org/web/20081204121808/http://www.press.sk:80/memoare-a-biografie/n,a,30,30/",20081204121808,skip
"http://www.press.sk:80/memoare-a-biografie/n,a,30,60/","https://web.archive.org/web/20081109075307/http://www.press.sk:80/memoare-a-biografie/n,a,30,60/",20081109075307,skip
"http://www.press.sk:80/memoare-a-biografie/n,a,30,60/","https://web.archive.org/web/20081204121814/http://www.press.sk:80/memoare-a-biografie/n,a,30,60/",20081204121814,skip
"http://www.press.sk:80/memoare-a-biografie/n,a,30,90/","https://web.archive.org/web/20081109075311/http://www.press.sk:80/memoare-a-biografie/n,a,30,90/",20081109075311,skip
"http://www.press.sk:80/memoare-a-biografie/n,a,30,90/","https://web.archive.org/web/20081205050624/http://www.press.sk:80/memoare-a-biografie/n,a,30,90/",20081205050624,skip
http://www.press.sk:80/memoare-a-biografie/stauffenberg-muz-ktery-chtel-zabit-hitlera/,https://web.archive.org/web/20081218214411/http://www.press.sk:80/memoare-a-biografie/stauffenberg-muz-ktery-chtel-zabit-hitlera/,20081218214411,skip
http://www.press.sk:80/mido-film/,https://web.archive.org/web/20081020211836/http://www.press.sk:80/mido-film/,20081020211836,skip
http://www.press.sk:80/mido-film/,https://web.archive.org/web/20081026051358/http://www.press.sk:80/mido-film/,20081026051358,skip
http://www.press.sk:80/mido-film/,https://web.archive.org/web/20081217074005/http://www.press.sk:80/mido-film/,20081217074005,skip
http://www.press.sk:80/mido-film/,https://web.archive.org/web/20081223092853/http://www.press.sk:80/mido-film/,20081223092853,skip
http://www.press.sk:80/mido-film/dvd-100-000-na-slunci/,https://web.archive.org/web/20081223174034/http://www.press.sk:80/mido-film/dvd-100-000-na-slunci/,20081223174034,skip
http://www.press.sk:80/mido-film/dvd-12-podminek-k-dedictvi/,https://web.archive.org/web/20081223174039/http://www.press.sk:80/mido-film/dvd-12-podminek-k-dedictvi/,20081223174039,skip
http://www.press.sk:80/mido-film/dvd-arianin-souboj/,https://web.archive.org/web/20081223174044/http://www.press.sk:80/mido-film/dvd-arianin-souboj/,20081223174044,skip
http://www.press.sk:80/mido-film/dvd-arturovo-patrani/,https://web.archive.org/web/20081223174049/http://www.press.sk:80/mido-film/dvd-arturovo-patrani/,20081223174049,skip
http://www.press.sk:80/mido-film/dvd-besi/,https://web.archive.org/web/20081203123533/http://www.press.sk:80/mido-film/dvd-besi/,20081203123533,skip
http://www.press.sk:80/mido-film/dvd-besi/,https://web.archive.org/web/20081223174054/http://www.press.sk:80/mido-film/dvd-besi/,20081223174054,skip
http://www.press.sk:80/mido-film/dvd-bily-medvedi-kral/,https://web.archive.org/web/20081223174059/http://www.press.sk:80/mido-film/dvd-bily-medvedi-kral/,20081223174059,skip
http://www.press.sk:80/mido-film/dvd-blbec-k-veceri/,https://web.archive.org/web/20081223174104/http://www.press.sk:80/mido-film/dvd-blbec-k-veceri/,20081223174104,skip
http://www.press.sk:80/mido-film/dvd-cerny-korzar/,https://web.archive.org/web/20081223174109/http://www.press.sk:80/mido-film/dvd-cerny-korzar/,20081223174109,skip
http://www.press.sk:80/mido-film/dvd-danton/,https://web.archive.org/web/20081223174114/http://www.press.sk:80/mido-film/dvd-danton/,20081223174114,skip
http://www.press.sk:80/mido-film/dvd-dve-tvare-valky/,https://web.archive.org/web/20081223095540/http://www.press.sk:80/mido-film/dvd-dve-tvare-valky/,20081223095540,skip
http://www.press.sk:80/mido-film/dvd-hellraiser-iv-bloodline/,https://web.archive.org/web/20081223174119/http://www.press.sk:80/mido-film/dvd-hellraiser-iv-bloodline/,20081223174119,skip
http://www.press.sk:80/mido-film/dvd-herkules/,https://web.archive.org/web/20081031185720/http://www.press.sk:80/mido-film/dvd-herkules/,20081031185720,skip
http://www.press.sk:80/mido-film/dvd-herkules/,https://web.archive.org/web/20081031185720/http://www.press.sk:80/mido-film/dvd-herkules/,20081031185720,skip
http://www.press.sk:80/mido-film/dvd-herkules/,https://web.archive.org/web/20081223174125/http://www.press.sk:80/mido-film/dvd-herkules/,20081223174125,skip
http://www.press.sk:80/mido-film/dvd-historie-fasismu-i./,https://web.archive.org/web/20081223174130/http://www.press.sk:80/mido-film/dvd-historie-fasismu-i./,20081223174130,skip
http://www.press.sk:80/mido-film/dvd-historie-fasismu-ii/,https://web.archive.org/web/20081223174134/http://www.press.sk:80/mido-film/dvd-historie-fasismu-ii/,20081223174134,skip
http://www.press.sk:80/mido-film/dvd-historie-nacismu-i./,https://web.archive.org/web/20081223174139/http://www.press.sk:80/mido-film/dvd-historie-nacismu-i./,20081223174139,skip
http://www.press.sk:80/mido-film/dvd-historie-nacismu-ii./,https://web.archive.org/web/20081223174144/http://www.press.sk:80/mido-film/dvd-historie-nacismu-ii./,20081223174144,skip
http://www.press.sk:80/mido-film/dvd-hitlerova-kariera-valecny-dokument/,https://web.archive.org/web/20081223174149/http://www.press.sk:80/mido-film/dvd-hitlerova-kariera-valecny-dokument/,20081223174149,skip
http://www.press.sk:80/mido-film/dvd-hrbac/,https://web.archive.org/web/20081223174155/http://www.press.sk:80/mido-film/dvd-hrbac/,20081223174155,skip
http://www.press.sk:80/mido-film/dvd-il-boss-smrt-na-zakazku/,https://web.archive.org/web/20081223174159/http://www.press.sk:80/mido-film/dvd-il-boss-smrt-na-zakazku/,20081223174159,skip
http://www.press.sk:80/mido-film/dvd-invaze-svetu/,https://web.archive.org/web/20081223174205/http://www.press.sk:80/mido-film/dvd-invaze-svetu/,20081223174205,skip
http://www.press.sk:80/mido-film/dvd-jaguar/,https://web.archive.org/web/20081223174210/http://www.press.sk:80/mido-film/dvd-jaguar/,20081223174210,skip
http://www.press.sk:80/mido-film/dvd-jizda-s-elvisem/,https://web.archive.org/web/20081223174214/http://www.press.sk:80/mido-film/dvd-jizda-s-elvisem/,20081223174214,skip
http://www.press.sk:80/mido-film/dvd-jolly-roger-masakr-v-zalivu/,https://web.archive.org/web/20081223174219/http://www.press.sk:80/mido-film/dvd-jolly-roger-masakr-v-zalivu/,20081223174219,skip
http://www.press.sk:80/mido-film/dvd-kasparek/,https://web.archive.org/web/20081223174225/http://www.press.sk:80/mido-film/dvd-kasparek/,20081223174225,skip
http://www.press.sk:80/mido-film/dvd-kefalonie-8.-zari-1943-i./,https://web.archive.org/web/20081223105506/http://www.press.sk:80/mido-film/dvd-kefalonie-8.-zari-1943-i./,20081223105506,skip
http://www.press.sk:80/mido-film/dvd-kefalonie-8.-zari-1943-ii./,https://web.archive.org/web/20081223095545/http://www.press.sk:80/mido-film/dvd-kefalonie-8.-zari-1943-ii./,20081223095545,skip
http://www.press.sk:80/mido-film/dvd-kondomedie/,https://web.archive.org/web/20081223174230/http://www.press.sk:80/mido-film/dvd-kondomedie/,20081223174230,skip
http://www.press.sk:80/mido-film/dvd-kouzlo-lasky-pribeh-z-kamasutry/,https://web.archive.org/web/20081223174235/http://www.press.sk:80/mido-film/dvd-kouzlo-lasky-pribeh-z-kamasutry/,20081223174235,skip
http://www.press.sk:80/mido-film/dvd-kral-david/,https://web.archive.org/web/20081223174240/http://www.press.sk:80/mido-film/dvd-kral-david/,20081223174240,skip
http://www.press.sk:80/mido-film/dvd-kukuricne-deti-iii./,https://web.archive.org/web/20081223174245/http://www.press.sk:80/mido-film/dvd-kukuricne-deti-iii./,20081223174245,skip
http://www.press.sk:80/mido-film/dvd-manzele-z-roku-ii./,https://web.archive.org/web/20081204001121/http://www.press.sk:80/mido-film/dvd-manzele-z-roku-ii./,20081204001121,skip
http://www.press.sk:80/mido-film/dvd-matka-tereza/,https://web.archive.org/web/20081204001126/http://www.press.sk:80/mido-film/dvd-matka-tereza/,20081204001126,skip
http://www.press.sk:80/mido-film/dvd-mussoliniho-kariera/,https://web.archive.org/web/20081204001131/http://www.press.sk:80/mido-film/dvd-mussoliniho-kariera/,20081204001131,skip
http://www.press.sk:80/mido-film/dvd-muz-s-mecem/,https://web.archive.org/web/20081204001136/http://www.press.sk:80/mido-film/dvd-muz-s-mecem/,20081204001136,skip
http://www.press.sk:80/mido-film/dvd-navrat-sedme-roty/,https://web.archive.org/web/20081204001141/http://www.press.sk:80/mido-film/dvd-navrat-sedme-roty/,20081204001141,skip
http://www.press.sk:80/mido-film/dvd-odyseus/,https://web.archive.org/web/20081204001146/http://www.press.sk:80/mido-film/dvd-odyseus/,20081204001146,skip
http://www.press.sk:80/mido-film/dvd-pad-orlu/,https://web.archive.org/web/20081204001151/http://www.press.sk:80/mido-film/dvd-pad-orlu/,20081204001151,skip
http://www.press.sk:80/mido-film/dvd-pasa/,https://web.archive.org/web/20081204001156/http://www.press.sk:80/mido-film/dvd-pasa/,20081204001156,skip
http://www.press.sk:80/mido-film/dvd-pearl-harbor-valka-v-pacifiku-i./,https://web.archive.org/web/20081204001201/http://www.press.sk:80/mido-film/dvd-pearl-harbor-valka-v-pacifiku-i./,20081204001201,skip
http://www.press.sk:80/mido-film/dvd-pearl-harbor-valka-v-pacifiku-ii./,https://web.archive.org/web/20081204001206/http://www.press.sk:80/mido-film/dvd-pearl-harbor-valka-v-pacifiku-ii./,20081204001206,skip
http://www.press.sk:80/mido-film/dvd-pearl-harbor-valka-v-pacifiku-iii./,https://web.archive.org/web/20081204001212/http://www.press.sk:80/mido-film/dvd-pearl-harbor-valka-v-pacifiku-iii./,20081204001212,skip
http://www.press.sk:80/mido-film/dvd-policajt-nebo-rostak/,https://web.archive.org/web/20081204001217/http://www.press.sk:80/mido-film/dvd-policajt-nebo-rostak/,20081204001217,skip
http://www.press.sk:80/mido-film/dvd-primal-instinct/,https://web.archive.org/web/20081204001222/http://www.press.sk:80/mido-film/dvd-primal-instinct/,20081204001222,skip
http://www.press.sk:80/mido-film/dvd-ramayana-legenda-o-princi-ramovi/,https://web.archive.org/web/20081204001228/http://www.press.sk:80/mido-film/dvd-ramayana-legenda-o-princi-ramovi/,20081204001228,skip
http://www.press.sk:80/mido-film/dvd-reverend-kolt/,https://web.archive.org/web/20081204001233/http://www.press.sk:80/mido-film/dvd-reverend-kolt/,20081204001233,skip
http://www.press.sk:80/mido-film/dvd-rychle-v-baliku/,https://web.archive.org/web/20081204001238/http://www.press.sk:80/mido-film/dvd-rychle-v-baliku/,20081204001238,skip
http://www.press.sk:80/mido-film/dvd-rychle-v-baliku/,https://web.archive.org/web/20081220105435/http://www.press.sk:80/mido-film/dvd-rychle-v-baliku/,20081220105435,skip
http://www.press.sk:80/mido-film/dvd-sedma-rota-za-uplnku/,https://web.archive.org/web/20081204001244/http://www.press.sk:80/mido-film/dvd-sedma-rota-za-uplnku/,20081204001244,skip
http://www.press.sk:80/mido-film/dvd-sissi/,https://web.archive.org/web/20081204001259/http://www.press.sk:80/mido-film/dvd-sissi/,20081204001259,skip
http://www.press.sk:80/mido-film/dvd-sissi-mlada-cisarovna/,https://web.archive.org/web/20081204001249/http://www.press.sk:80/mido-film/dvd-sissi-mlada-cisarovna/,20081204001249,skip
http://www.press.sk:80/mido-film/dvd-sissi-osudova-leta-cisarovny/,https://web.archive.org/web/20081204001254/http://www.press.sk:80/mido-film/dvd-sissi-osudova-leta-cisarovny/,20081204001254,skip
http://www.press.sk:80/mido-film/dvd-stalinova-kariera/,https://web.archive.org/web/20081204001304/http://www.press.sk:80/mido-film/dvd-stalinova-kariera/,20081204001304,skip
http://www.press.sk:80/mido-film/dvd-stin-dabla/,https://web.archive.org/web/20081204001309/http://www.press.sk:80/mido-film/dvd-stin-dabla/,20081204001309,skip
http://www.press.sk:80/mido-film/dvd-strasidelna-kmotra/,https://web.archive.org/web/20081204001314/http://www.press.sk:80/mido-film/dvd-strasidelna-kmotra/,20081204001314,skip
http://www.press.sk:80/mido-film/dvd-stripky-vzpominek/,https://web.archive.org/web/20081204001319/http://www.press.sk:80/mido-film/dvd-stripky-vzpominek/,20081204001319,skip
http://www.press.sk:80/mido-film/dvd-stvanec-casu/,https://web.archive.org/web/20081204001324/http://www.press.sk:80/mido-film/dvd-stvanec-casu/,20081204001324,skip
http://www.press.sk:80/mido-film/dvd-super-lux/,https://web.archive.org/web/20081204010907/http://www.press.sk:80/mido-film/dvd-super-lux/,20081204010907,skip
http://www.press.sk:80/mido-film/dvd-svudnikovo-desatero/,https://web.archive.org/web/20081204001329/http://www.press.sk:80/mido-film/dvd-svudnikovo-desatero/,20081204001329,skip
http://www.press.sk:80/mido-film/dvd-travnikar-travnikar-2/,https://web.archive.org/web/20081204001334/http://www.press.sk:80/mido-film/dvd-travnikar-travnikar-2/,20081204001334,skip
http://www.press.sk:80/mido-film/dvd-tygri-oceanu-i./,https://web.archive.org/web/20081204001339/http://www.press.sk:80/mido-film/dvd-tygri-oceanu-i./,20081204001339,skip
http://www.press.sk:80/mido-film/dvd-tygri-oceanu-i./,https://web.archive.org/web/20081223105511/http://www.press.sk:80/mido-film/dvd-tygri-oceanu-i./,20081223105511,skip
http://www.press.sk:80/mido-film/dvd-tygri-oceanu-ii./,https://web.archive.org/web/20081223180811/http://www.press.sk:80/mido-film/dvd-tygri-oceanu-ii./,20081223180811,skip
http://www.press.sk:80/mido-film/dvd-v-pasti-prizraku/,https://web.archive.org/web/20081223180817/http://www.press.sk:80/mido-film/dvd-v-pasti-prizraku/,20081223180817,skip
http://www.press.sk:80/mido-film/dvd-velky-risk/,https://web.archive.org/web/20081223180822/http://www.press.sk:80/mido-film/dvd-velky-risk/,20081223180822,skip
http://www.press.sk:80/mido-film/dvd-velky-sef/,https://web.archive.org/web/20081223180827/http://www.press.sk:80/mido-film/dvd-velky-sef/,20081223180827,skip
http://www.press.sk:80/mido-film/dvd-wings-of-glory-1.-dil-pocatky-vojenskeho-letectva/,https://web.archive.org/web/20081223180832/http://www.press.sk:80/mido-film/dvd-wings-of-glory-1.-dil-pocatky-vojenskeho-letectva/,20081223180832,skip
http://www.press.sk:80/mido-film/dvd-wings-of-glory-2.-dil-udrzovani-pozic/,https://web.archive.org/web/20081223180837/http://www.press.sk:80/mido-film/dvd-wings-of-glory-2.-dil-udrzovani-pozic/,20081223180837,skip
http://www.press.sk:80/mido-film/dvd-wings-of-glory-3.-dil-ovladnuti-oblohy/,https://web.archive.org/web/20081223180842/http://www.press.sk:80/mido-film/dvd-wings-of-glory-3.-dil-ovladnuti-oblohy/,20081223180842,skip
http://www.press.sk:80/mido-film/dvd-zahada-v-graves-end/,https://web.archive.org/web/20081204010912/http://www.press.sk:80/mido-film/dvd-zahada-v-graves-end/,20081204010912,skip
http://www.press.sk:80/mido-film/dvd-zahada-v-graves-end/,https://web.archive.org/web/20081223180847/http://www.press.sk:80/mido-film/dvd-zahada-v-graves-end/,20081223180847,skip
http://www.press.sk:80/mido-film/dvd-zanik-bitevni-lodi-roma/,https://web.archive.org/web/20081223105516/http://www.press.sk:80/mido-film/dvd-zanik-bitevni-lodi-roma/,20081223105516,skip
http://www.press.sk:80/mido-film/dvd-zivot-za-zivot-maximilian-kolbe/,https://web.archive.org/web/20081223180852/http://www.press.sk:80/mido-film/dvd-zivot-za-zivot-maximilian-kolbe/,20081223180852,skip
http://www.press.sk:80/mido-film/dvd-zorro-mstitel/,https://web.archive.org/web/20081223180857/http://www.press.sk:80/mido-film/dvd-zorro-mstitel/,20081223180857,skip
http://www.press.sk:80/mido-film/dvd-ztracen-v-oblacich-skutecny-pribeh-letce/,https://web.archive.org/web/20081223180902/http://www.press.sk:80/mido-film/dvd-ztracen-v-oblacich-skutecny-pribeh-letce/,20081223180902,skip
"http://www.press.sk:80/mido-film/n,a,30,0/","https://web.archive.org/web/20081204001424/http://www.press.sk:80/mido-film/n,a,30,0/",20081204001424,skip
"http://www.press.sk:80/mido-film/n,a,30,0/","https://web.archive.org/web/20081223105522/http://www.press.sk:80/mido-film/n,a,30,0/",20081223105522,skip
"http://www.press.sk:80/mido-film/n,a,30,30/","https://web.archive.org/web/20081203142046/http://www.press.sk:80/mido-film/n,a,30,30/",20081203142046,skip
"http://www.press.sk:80/mido-film/n,a,30,30/","https://web.archive.org/web/20081223095550/http://www.press.sk:80/mido-film/n,a,30,30/",20081223095550,skip
"http://www.press.sk:80/mido-film/n,a,30,60/","https://web.archive.org/web/20081204010917/http://www.press.sk:80/mido-film/n,a,30,60/",20081204010917,skip
"http://www.press.sk:80/mido-film/n,a,30,60/","https://web.archive.org/web/20081223095555/http://www.press.sk:80/mido-film/n,a,30,60/",20081223095555,skip
http://www.press.sk:80/mido-film/zatykac-mrtvy-nebo-zivy/,https://web.archive.org/web/20081223105528/http://www.press.sk:80/mido-film/zatykac-mrtvy-nebo-zivy/,20081223105528,skip
http://www.press.sk:80/military/,https://web.archive.org/web/20081023064705/http://www.press.sk:80/military/,20081023064705,skip
http://www.press.sk:80/military/,https://web.archive.org/web/20081217131311/http://www.press.sk:80/military/,20081217131311,skip
http://www.press.sk:80/military/,https://web.archive.org/web/20081219041841/http://www.press.sk:80/military/,20081219041841,skip
http://www.press.sk:80/military-51/,https://web.archive.org/web/20081020211840/http://www.press.sk:80/military-51/,20081020211840,skip
http://www.press.sk:80/military-51/,https://web.archive.org/web/20081022061414/http://www.press.sk:80/military-51/,20081022061414,skip
http://www.press.sk:80/military-51/,https://web.archive.org/web/20081220033737/http://www.press.sk:80/military-51/,20081220033737,skip
http://www.press.sk:80/military-51/bitva-o-suez/,https://web.archive.org/web/20081024192016/http://www.press.sk:80/military-51/bitva-o-suez/,20081024192016,skip
http://www.press.sk:80/military-51/bojovali-na-vsech-frontach-vzpominky-zidovskych-vojaku-a-odbojar/,https://web.archive.org/web/20081024192021/http://www.press.sk:80/military-51/bojovali-na-vsech-frontach-vzpominky-zidovskych-vojaku-a-odbojar/,20081024192021,skip
http://www.press.sk:80/military-51/byl-jsem-osobnim-strazcem-adolfa-hitlera-1940-1945/,https://web.archive.org/web/20081024192026/http://www.press.sk:80/military-51/byl-jsem-osobnim-strazcem-adolfa-hitlera-1940-1945/,20081024192026,skip
http://www.press.sk:80/military/atm/,https://web.archive.org/web/20081219214039/http://www.press.sk:80/military/atm/,20081219214039,skip
http://www.press.sk:80/military/encyklopedie-ii.-svetove-valky-1.diel-bleskova-valka/,https://web.archive.org/web/20081219214447/http://www.press.sk:80/military/encyklopedie-ii.-svetove-valky-1.diel-bleskova-valka/,20081219214447,skip
http://www.press.sk:80/military/encyklopedie-ii.-svetove-valky-2.diel-bitva-o-britanii/,https://web.archive.org/web/20081219214452/http://www.press.sk:80/military/encyklopedie-ii.-svetove-valky-2.diel-bitva-o-britanii/,20081219214452,skip
http://www.press.sk:80/military/encyklopedie-ii.-svetove-valky-2.diel-bitva-o-britanii/,https://web.archive.org/web/20081223105533/http://www.press.sk:80/military/encyklopedie-ii.-svetove-valky-2.diel-bitva-o-britanii/,20081223105533,skip
http://www.press.sk:80/military/encyklopedie-ii.-svetove-valky-2.diel-dunkerque-a-pad-francie/,https://web.archive.org/web/20081219214458/http://www.press.sk:80/military/encyklopedie-ii.-svetove-valky-2.diel-dunkerque-a-pad-francie/,20081219214458,skip
http://www.press.sk:80/military/glock-magazine-2007-rocenka/,https://web.archive.org/web/20081219214045/http://www.press.sk:80/military/glock-magazine-2007-rocenka/,20081219214045,skip
http://www.press.sk:80/military/historie-a-vojenstvi/,https://web.archive.org/web/20081109075316/http://www.press.sk:80/military/historie-a-vojenstvi/,20081109075316,skip
http://www.press.sk:80/military/historie-a-vojenstvi/,https://web.archive.org/web/20081219214050/http://www.press.sk:80/military/historie-a-vojenstvi/,20081219214050,skip
http://www.press.sk:80/military/revolvery-special-magazinu-zbrane-a-naboje/,https://web.archive.org/web/20081219214055/http://www.press.sk:80/military/revolvery-special-magazinu-zbrane-a-naboje/,20081219214055,skip
http://www.press.sk:80/military/strelecka-revue/,https://web.archive.org/web/20081219214504/http://www.press.sk:80/military/strelecka-revue/,20081219214504,skip
http://www.press.sk:80/military/strelecka-revue-brokovnice/,https://web.archive.org/web/20081106123043/http://www.press.sk:80/military/strelecka-revue-brokovnice/,20081106123043,skip
http://www.press.sk:80/military/strelecka-revue-brokovnice/,https://web.archive.org/web/20081219214100/http://www.press.sk:80/military/strelecka-revue-brokovnice/,20081219214100,skip
http://www.press.sk:80/military/strelecka-revue-special-vzduchovky/,https://web.archive.org/web/20081219214105/http://www.press.sk:80/military/strelecka-revue-special-vzduchovky/,20081219214105,skip
http://www.press.sk:80/military/testy-zbrani-2008-zbrane-naboje-special/,https://web.archive.org/web/20081219214110/http://www.press.sk:80/military/testy-zbrani-2008-zbrane-naboje-special/,20081219214110,skip
http://www.press.sk:80/military/testy-zbrani-2009-zbrane-naboje-special/,https://web.archive.org/web/20081219214115/http://www.press.sk:80/military/testy-zbrani-2009-zbrane-naboje-special/,20081219214115,skip
http://www.press.sk:80/military/zbrane-naboje/,https://web.archive.org/web/20081219214120/http://www.press.sk:80/military/zbrane-naboje/,20081219214120,skip
http://www.press.sk:80/mimoriadna-ponuka/,https://web.archive.org/web/20081020211845/http://www.press.sk:80/mimoriadna-ponuka/,20081020211845,skip
http://www.press.sk:80/mimoriadna-ponuka/,https://web.archive.org/web/20081023064709/http://www.press.sk:80/mimoriadna-ponuka/,20081023064709,skip
http://www.press.sk:80/mimoriadna-ponuka/,https://web.archive.org/web/20081217074009/http://www.press.sk:80/mimoriadna-ponuka/,20081217074009,skip
http://www.press.sk:80/mimoriadna-ponuka/,https://web.archive.org/web/20081227020909/http://www.press.sk:80/mimoriadna-ponuka/,20081227020909,skip
http://www.press.sk:80/moda-sitie-varenie/,https://web.archive.org/web/20081101031235/http://www.press.sk:80/moda-sitie-varenie/,20081101031235,skip
http://www.press.sk:80/moda-sitie-varenie/,https://web.archive.org/web/20081101031235/http://www.press.sk:80/moda-sitie-varenie/,20081101031235,skip
http://www.press.sk:80/moda-sitie-varenie/,https://web.archive.org/web/20081204010922/http://www.press.sk:80/moda-sitie-varenie/,20081204010922,skip
http://www.press.sk:80/moda-sitie-varenie/,https://web.archive.org/web/20081217131316/http://www.press.sk:80/moda-sitie-varenie/,20081217131316,skip
http://www.press.sk:80/moda-sitie-varenie/burda-sijeme-snadno-rychle/,https://web.archive.org/web/20081208091451/http://www.press.sk:80/moda-sitie-varenie/burda-sijeme-snadno-rychle/,20081208091451,skip
http://www.press.sk:80/moda-sitie-varenie/burda-special-window-color-e-658/,https://web.archive.org/web/20081230061654/http://www.press.sk:80/moda-sitie-varenie/burda-special-window-color-e-658/,20081230061654,skip
http://www.press.sk:80/moda-sitie-varenie/burda-svetova-moda/,https://web.archive.org/web/20081210002055/http://www.press.sk:80/moda-sitie-varenie/burda-svetova-moda/,20081210002055,skip
http://www.press.sk:80/moda-sitie-varenie/burda-svetova-moda/,https://web.archive.org/web/20081217074104/http://www.press.sk:80/moda-sitie-varenie/burda-svetova-moda/,20081217074104,skip
http://www.press.sk:80/moda-sitie-varenie/malovani-jehlou/,https://web.archive.org/web/20081020211850/http://www.press.sk:80/moda-sitie-varenie/malovani-jehlou/,20081020211850,skip
http://www.press.sk:80/moda-sitie-varenie/malovani-jehlou/,https://web.archive.org/web/20081217074135/http://www.press.sk:80/moda-sitie-varenie/malovani-jehlou/,20081217074135,skip
http://www.press.sk:80/moda-sitie-varenie/verena/,https://web.archive.org/web/20081101025530/http://www.press.sk:80/moda-sitie-varenie/verena/,20081101025530,skip
http://www.press.sk:80/moda-sitie-varenie/verena/,https://web.archive.org/web/20081101025530/http://www.press.sk:80/moda-sitie-varenie/verena/,20081101025530,skip
http://www.press.sk:80/moda-sitie-varenie/vino-revue-milovnikov-vina-a-vinnej-kultury/,https://web.archive.org/web/20081218011257/http://www.press.sk:80/moda-sitie-varenie/vino-revue-milovnikov-vina-a-vinnej-kultury/,20081218011257,skip
http://www.press.sk:80/modelarstvo/,https://web.archive.org/web/20081217131321/http://www.press.sk:80/modelarstvo/,20081217131321,skip
http://www.press.sk:80/modelarstvo/,https://web.archive.org/web/20081227023340/http://www.press.sk:80/modelarstvo/,20081227023340,skip
http://www.press.sk:80/modelarstvo/super-automobily-kolekcia-modelov-vynimocnych-aut/,https://web.archive.org/web/20081208175224/http://www.press.sk:80/modelarstvo/super-automobily-kolekcia-modelov-vynimocnych-aut/,20081208175224,skip
http://www.press.sk:80/multimedia/,https://web.archive.org/web/20081020211856/http://www.press.sk:80/multimedia/,20081020211856,skip
http://www.press.sk:80/multimedia/,https://web.archive.org/web/20081026051404/http://www.press.sk:80/multimedia/,20081026051404,skip
http://www.press.sk:80/multimedia/,https://web.archive.org/web/20081217080656/http://www.press.sk:80/multimedia/,20081217080656,skip
"http://www.press.sk:80/multimedia/n,a,30,120/","https://web.archive.org/web/20081026051410/http://www.press.sk:80/multimedia/n,a,30,120/",20081026051410,skip
"http://www.press.sk:80/multimedia/n,a,30,150/","https://web.archive.org/web/20081026051414/http://www.press.sk:80/multimedia/n,a,30,150/",20081026051414,skip
"http://www.press.sk:80/multimedia/n,a,30,180/","https://web.archive.org/web/20081026051419/http://www.press.sk:80/multimedia/n,a,30,180/",20081026051419,skip
"http://www.press.sk:80/multimedia/n,a,30,180/","https://web.archive.org/web/20081229002554/http://www.press.sk:80/multimedia/n,a,30,180/",20081229002554,skip
"http://www.press.sk:80/multimedia/n,a,30,30/","https://web.archive.org/web/20081026051424/http://www.press.sk:80/multimedia/n,a,30,30/",20081026051424,skip
"http://www.press.sk:80/multimedia/n,a,30,30/","https://web.archive.org/web/20081215143301/http://www.press.sk:80/multimedia/n,a,30,30/",20081215143301,skip
"http://www.press.sk:80/multimedia/n,a,30,30/","https://web.archive.org/web/20081228212521/http://www.press.sk:80/multimedia/n,a,30,30/",20081228212521,skip
"http://www.press.sk:80/multimedia/n,a,30,60/","https://web.archive.org/web/20081026051429/http://www.press.sk:80/multimedia/n,a,30,60/",20081026051429,skip
"http://www.press.sk:80/multimedia/n,a,30,90/","https://web.archive.org/web/20081026051434/http://www.press.sk:80/multimedia/n,a,30,90/",20081026051434,skip
http://www.press.sk:80/najdene-produkty/,https://web.archive.org/web/20081020211901/http://www.press.sk:80/najdene-produkty/,20081020211901,skip
http://www.press.sk:80/najdene-produkty/,https://web.archive.org/web/20081026022120/http://www.press.sk:80/najdene-produkty/,20081026022120,skip
http://www.press.sk:80/najdene-produkty/,https://web.archive.org/web/20081209012400/http://www.press.sk:80/najdene-produkty/,20081209012400,skip
http://www.press.sk:80/najdene-produkty/,https://web.archive.org/web/20081217074140/http://www.press.sk:80/najdene-produkty/,20081217074140,skip
http://www.press.sk:80/najdene-produkty/,https://web.archive.org/web/20081227014727/http://www.press.sk:80/najdene-produkty/,20081227014727,skip
"http://www.press.sk:80/najdene-produkty/n,a,30,30,,jota/","https://web.archive.org/web/20081206005300/http://www.press.sk:80/najdene-produkty/n,a,30,30,,jota/",20081206005300,skip
http://www.press.sk:80/nakupny-kosik/,https://web.archive.org/web/20081020211905/http://www.press.sk:80/nakupny-kosik/,20081020211905,skip
http://www.press.sk:80/nakupny-kosik/,https://web.archive.org/web/20081108071232/http://www.press.sk:80/nakupny-kosik/,20081108071232,skip
http://www.press.sk:80/nakupny-kosik/,https://web.archive.org/web/20081208175232/http://www.press.sk:80/nakupny-kosik/,20081208175232,skip
http://www.press.sk:80/nakupny-kosik/,https://web.archive.org/web/20081217025912/http://www.press.sk:80/nakupny-kosik/,20081217025912,skip
http://www.press.sk:80/nakupny-kosik-aktivacia/,https://web.archive.org/web/20081110053946/http://www.press.sk:80/nakupny-kosik-aktivacia/,20081110053946,skip
http://www.press.sk:80/namornictvo/,https://web.archive.org/web/20081020211911/http://www.press.sk:80/namornictvo/,20081020211911,skip
http://www.press.sk:80/namornictvo/az-ke-dnu-vzestupy-a-pady-ruskeho-a-sovetskeho-ponorkoveho-lodst/,https://web.archive.org/web/20081208131054/http://www.press.sk:80/namornictvo/az-ke-dnu-vzestupy-a-pady-ruskeho-a-sovetskeho-ponorkoveho-lodst/,20081208131054,skip
http://www.press.sk:80/namornictvo/bitva-o-midway/,https://web.archive.org/web/20081208131059/http://www.press.sk:80/namornictvo/bitva-o-midway/,20081208131059,skip
http://www.press.sk:80/namornictvo/bitva-u-matapanu/,https://web.archive.org/web/20081208131104/http://www.press.sk:80/namornictvo/bitva-u-matapanu/,20081208131104,skip
http://www.press.sk:80/namornictvo/bojujte-s-nepritelem-zblizka-britske-valecne-namornictvo-za-druh/,https://web.archive.org/web/20081208131109/http://www.press.sk:80/namornictvo/bojujte-s-nepritelem-zblizka-britske-valecne-namornictvo-za-druh/,20081208131109,skip
http://www.press.sk:80/namornictvo/bojujte-s-nepritelem-zblizka-ii.-britske-valecne-namornictvo-za-/,https://web.archive.org/web/20081208131114/http://www.press.sk:80/namornictvo/bojujte-s-nepritelem-zblizka-ii.-britske-valecne-namornictvo-za-/,20081208131114,skip
http://www.press.sk:80/namornictvo/boure-nad-atlantikem-1./,https://web.archive.org/web/20081208131119/http://www.press.sk:80/namornictvo/boure-nad-atlantikem-1./,20081208131119,skip
http://www.press.sk:80/namornictvo/boure-nad-atlantikem-2/,https://web.archive.org/web/20081208131124/http://www.press.sk:80/namornictvo/boure-nad-atlantikem-2/,20081208131124,skip
http://www.press.sk:80/namornictvo/boure-nad-atlantikem-2/,https://web.archive.org/web/20081227030534/http://www.press.sk:80/namornictvo/boure-nad-atlantikem-2/,20081227030534,skip
http://www.press.sk:80/namornictvo/boxeri-v-sanghaji/,https://web.archive.org/web/20081208131129/http://www.press.sk:80/namornictvo/boxeri-v-sanghaji/,20081208131129,skip
http://www.press.sk:80/namornictvo/cesky-doktor-na-mori-iv/,https://web.archive.org/web/20081224020601/http://www.press.sk:80/namornictvo/cesky-doktor-na-mori-iv/,20081224020601,skip
http://www.press.sk:80/namornictvo/dvd-bitevni-lode-druhe-svetove-valky/,https://web.archive.org/web/20081208131134/http://www.press.sk:80/namornictvo/dvd-bitevni-lode-druhe-svetove-valky/,20081208131134,skip
http://www.press.sk:80/namornictvo/dvd-ponorkova-valka/,https://web.archive.org/web/20081208131139/http://www.press.sk:80/namornictvo/dvd-ponorkova-valka/,20081208131139,skip
http://www.press.sk:80/namornictvo/dvd-u-boat-war/,https://web.archive.org/web/20081208131144/http://www.press.sk:80/namornictvo/dvd-u-boat-war/,20081208131144,skip
http://www.press.sk:80/namornictvo/encyklopedie-plachetnich-lodi-2000-pr.n.l.-2006-n.l./,https://web.archive.org/web/20081208131149/http://www.press.sk:80/namornictvo/encyklopedie-plachetnich-lodi-2000-pr.n.l.-2006-n.l./,20081208131149,skip
http://www.press.sk:80/namornictvo/encyklopedie-valecnych-lodi-1798-2006/,https://web.archive.org/web/20081208131154/http://www.press.sk:80/namornictvo/encyklopedie-valecnych-lodi-1798-2006/,20081208131154,skip
http://www.press.sk:80/namornictvo/historicke-lode-16.-az-18.-stoleti/,https://web.archive.org/web/20081208131159/http://www.press.sk:80/namornictvo/historicke-lode-16.-az-18.-stoleti/,20081208131159,skip
http://www.press.sk:80/namornictvo/hitlerova-ponorkova-valka-pronasledovani-1942-1945/,https://web.archive.org/web/20081208131204/http://www.press.sk:80/namornictvo/hitlerova-ponorkova-valka-pronasledovani-1942-1945/,20081208131204,skip
http://www.press.sk:80/namornictvo/hitlerova-ponorkova-valka-pronasledovatele/,https://web.archive.org/web/20081208131209/http://www.press.sk:80/namornictvo/hitlerova-ponorkova-valka-pronasledovatele/,20081208131209,skip
http://www.press.sk:80/namornictvo/hlidkova-lod-president-masaryk-v-pohledu-techniky/,https://web.archive.org/web/20081208131214/http://www.press.sk:80/namornictvo/hlidkova-lod-president-masaryk-v-pohledu-techniky/,20081208131214,skip
http://www.press.sk:80/namornictvo/horatio-nelson-hrdina-od-nilu/,https://web.archive.org/web/20081208131219/http://www.press.sk:80/namornictvo/horatio-nelson-hrdina-od-nilu/,20081208131219,skip
http://www.press.sk:80/namornictvo/horici-atlantik-autor-spencer-dunmore-vyd.-beta-str.325/,https://web.archive.org/web/20081208131226/http://www.press.sk:80/namornictvo/horici-atlantik-autor-spencer-dunmore-vyd.-beta-str.325/,20081208131226,skip
http://www.press.sk:80/namornictvo/hrdinove-pacifiku-kapitan-david-mccampbell-a-jeho-elitni-stiha/,https://web.archive.org/web/20081208131232/http://www.press.sk:80/namornictvo/hrdinove-pacifiku-kapitan-david-mccampbell-a-jeho-elitni-stiha/,20081208131232,skip
http://www.press.sk:80/namornictvo/i-400-obri-japonska-podmorska-letadlova-lod-nenaplnena-hrozba-ko/,https://web.archive.org/web/20081208131237/http://www.press.sk:80/namornictvo/i-400-obri-japonska-podmorska-letadlova-lod-nenaplnena-hrozba-ko/,20081208131237,skip
http://www.press.sk:80/namornictvo/jane%C2%B4s-valecne-lode-prirucka-pro-rozpoznavani/,https://web.archive.org/web/20081208131242/http://www.press.sk:80/namornictvo/jane%C2%B4s-valecne-lode-prirucka-pro-rozpoznavani/,20081208131242,skip
http://www.press.sk:80/namornictvo/japonske-letadlove-lode-z-obdobi-ii.-sv.-valky-monografie-vale/,https://web.archive.org/web/20081208131248/http://www.press.sk:80/namornictvo/japonske-letadlove-lode-z-obdobi-ii.-sv.-valky-monografie-vale/,20081208131248,skip
http://www.press.sk:80/namornictvo/kleberuv-konvoj-velitel-vlci-smecky-utoci/,https://web.archive.org/web/20081208131254/http://www.press.sk:80/namornictvo/kleberuv-konvoj-velitel-vlci-smecky-utoci/,20081208131254,skip
http://www.press.sk:80/namornictvo/kralovske-namornictvo-1939-45/,https://web.archive.org/web/20081208131259/http://www.press.sk:80/namornictvo/kralovske-namornictvo-1939-45/,20081208131259,skip
http://www.press.sk:80/namornictvo/krvave-oceany-od-planu-barbarossa-k-bitve-u-midway/,https://web.archive.org/web/20081208131304/http://www.press.sk:80/namornictvo/krvave-oceany-od-planu-barbarossa-k-bitve-u-midway/,20081208131304,skip
http://www.press.sk:80/namornictvo/letadlove-lode/,https://web.archive.org/web/20081208131314/http://www.press.sk:80/namornictvo/letadlove-lode/,20081208131314,skip
http://www.press.sk:80/namornictvo/letadlove-lode-namornictva-usa-1942-45-lode-postavene-za-2.-svet/,https://web.archive.org/web/20081208131309/http://www.press.sk:80/namornictvo/letadlove-lode-namornictva-usa-1942-45-lode-postavene-za-2.-svet/,20081208131309,skip
http://www.press.sk:80/namornictvo/lode-veslove-a-plachetni-historicky-obrazovy-atlas/,https://web.archive.org/web/20081208131321/http://www.press.sk:80/namornictvo/lode-veslove-a-plachetni-historicky-obrazovy-atlas/,20081208131321,skip
http://www.press.sk:80/namornictvo/luftwaffe-namorni-letectvo-1939-1945/,https://web.archive.org/web/20081208131326/http://www.press.sk:80/namornictvo/luftwaffe-namorni-letectvo-1939-1945/,20081208131326,skip
http://www.press.sk:80/namornictvo/mac-arthurovo-namornictvo/,https://web.archive.org/web/20081208131331/http://www.press.sk:80/namornictvo/mac-arthurovo-namornictvo/,20081208131331,skip
http://www.press.sk:80/namornictvo/marine-commando/,https://web.archive.org/web/20081208131336/http://www.press.sk:80/namornictvo/marine-commando/,20081208131336,skip
http://www.press.sk:80/namornictvo/miniponorky-osameli-lovci/,https://web.archive.org/web/20081208131342/http://www.press.sk:80/namornictvo/miniponorky-osameli-lovci/,20081208131342,skip
"http://www.press.sk:80/namornictvo/n,a,30,0/","https://web.archive.org/web/20081208091933/http://www.press.sk:80/namornictvo/n,a,30,0/",20081208091933,skip
http://www.press.sk:80/namornictvo/najdi-zamer-znic/,https://web.archive.org/web/20081208131346/http://www.press.sk:80/namornictvo/najdi-zamer-znic/,20081208131346,skip
http://www.press.sk:80/namornictvo/namorni-letectvo-kompletni-historie-od-roku-1914-do-dnesnich-dnu/,https://web.archive.org/web/20081208131352/http://www.press.sk:80/namornictvo/namorni-letectvo-kompletni-historie-od-roku-1914-do-dnesnich-dnu/,20081208131352,skip
http://www.press.sk:80/namornictvo/namorni-valky-encyklopedie-konfliktu-20.-stoleti/,https://web.archive.org/web/20081208131357/http://www.press.sk:80/namornictvo/namorni-valky-encyklopedie-konfliktu-20.-stoleti/,20081208131357,skip
http://www.press.sk:80/namornictvo/namorni-vzpoury-ve-dvacatem-stoleti-mezinarodni-souvislosti/,https://web.archive.org/web/20081208131402/http://www.press.sk:80/namornictvo/namorni-vzpoury-ve-dvacatem-stoleti-mezinarodni-souvislosti/,20081208131402,skip
http://www.press.sk:80/namornictvo/namornictvo-usa-za-druhe-svetove-valky/,https://web.archive.org/web/20081208131407/http://www.press.sk:80/namornictvo/namornictvo-usa-za-druhe-svetove-valky/,20081208131407,skip
http://www.press.sk:80/namornictvo/navrat-ponorky-u-720/,https://web.archive.org/web/20081208131412/http://www.press.sk:80/namornictvo/navrat-ponorky-u-720/,20081208131412,skip
http://www.press.sk:80/namornictvo/nejvetsi-namorni-bitvy-xx.-stoleti/,https://web.archive.org/web/20081208131417/http://www.press.sk:80/namornictvo/nejvetsi-namorni-bitvy-xx.-stoleti/,20081208131417,skip
http://www.press.sk:80/namornictvo/nemecke-ponorkove-zakladny-a-bunkry-v-letech-1941-45/,https://web.archive.org/web/20081208131422/http://www.press.sk:80/namornictvo/nemecke-ponorkove-zakladny-a-bunkry-v-letech-1941-45/,20081208131422,skip
http://www.press.sk:80/namornictvo/nemecke-valecne-ponorky-1939-1945-identifikacni-prirucka/,https://web.archive.org/web/20081208131427/http://www.press.sk:80/namornictvo/nemecke-valecne-ponorky-1939-1945-identifikacni-prirucka/,20081208131427,skip
http://www.press.sk:80/namornictvo/nemecti-korzari-pomocne-krizniky-prvni-a-druhe-svetove-valky/,https://web.archive.org/web/20081208131432/http://www.press.sk:80/namornictvo/nemecti-korzari-pomocne-krizniky-prvni-a-druhe-svetove-valky/,20081208131432,skip
http://www.press.sk:80/namornictvo/nuklearni-ponorky-v-akci/,https://web.archive.org/web/20081208131437/http://www.press.sk:80/namornictvo/nuklearni-ponorky-v-akci/,20081208131437,skip
http://www.press.sk:80/namornictvo/ofenziva-v-pacifiku/,https://web.archive.org/web/20081208131442/http://www.press.sk:80/namornictvo/ofenziva-v-pacifiku/,20081208131442,skip
http://www.press.sk:80/namornictvo/pacifik-v-plamenech/,https://web.archive.org/web/20081208131447/http://www.press.sk:80/namornictvo/pacifik-v-plamenech/,20081208131447,skip
http://www.press.sk:80/namornictvo/parnik-civetta-a-lodni-sroub-josefa-ressla/,https://web.archive.org/web/20081208131452/http://www.press.sk:80/namornictvo/parnik-civetta-a-lodni-sroub-josefa-ressla/,20081208131452,skip
http://www.press.sk:80/namornictvo/patraci-ponorka/,https://web.archive.org/web/20081208131457/http://www.press.sk:80/namornictvo/patraci-ponorka/,20081208131457,skip
http://www.press.sk:80/namornictvo/pirati/,https://web.archive.org/web/20081208131507/http://www.press.sk:80/namornictvo/pirati/,20081208131507,skip
http://www.press.sk:80/namornictvo/pirati-1660-1730/,https://web.archive.org/web/20081208131502/http://www.press.sk:80/namornictvo/pirati-1660-1730/,20081208131502,skip
http://www.press.sk:80/namornictvo/plavby-ktere-zmenily-svet/,https://web.archive.org/web/20081208131512/http://www.press.sk:80/namornictvo/plavby-ktere-zmenily-svet/,20081208131512,skip
http://www.press.sk:80/namornictvo/ponorit-ponorit/,https://web.archive.org/web/20081208131517/http://www.press.sk:80/namornictvo/ponorit-ponorit/,20081208131517,skip
http://www.press.sk:80/namornictvo/ponorka/,https://web.archive.org/web/20081208131522/http://www.press.sk:80/namornictvo/ponorka/,20081208131522,skip
http://www.press.sk:80/namornictvo/ponorky-encyklopedie-vojenske-techniky/,https://web.archive.org/web/20081208131528/http://www.press.sk:80/namornictvo/ponorky-encyklopedie-vojenske-techniky/,20081208131528,skip
http://www.press.sk:80/namornictvo/ponorky-soucastnosti-nejnebezpecnejsi-podmorske-zbranove-systemy/,https://web.archive.org/web/20081208131533/http://www.press.sk:80/namornictvo/ponorky-soucastnosti-nejnebezpecnejsi-podmorske-zbranove-systemy/,20081208131533,skip
http://www.press.sk:80/namornictvo/ponorky-valka-pod-vlnami-od-roku-1776-do-soucasnosti/,https://web.archive.org/web/20081208131538/http://www.press.sk:80/namornictvo/ponorky-valka-pod-vlnami-od-roku-1776-do-soucasnosti/,20081208131538,skip
http://www.press.sk:80/namornictvo/posledni-korzar/,https://web.archive.org/web/20081208131543/http://www.press.sk:80/namornictvo/posledni-korzar/,20081208131543,skip
http://www.press.sk:80/namornictvo/potopeni-lusitanie/,https://web.archive.org/web/20081208131548/http://www.press.sk:80/namornictvo/potopeni-lusitanie/,20081208131548,skip
http://www.press.sk:80/namornictvo/pravda-o-kursku/,https://web.archive.org/web/20081208131553/http://www.press.sk:80/namornictvo/pravda-o-kursku/,20081208131553,skip
http://www.press.sk:80/namornictvo/pribeh-ostrostrelce-osudy-rakousko-uherskeho-torpedoborce/,https://web.archive.org/web/20081208131558/http://www.press.sk:80/namornictvo/pribeh-ostrostrelce-osudy-rakousko-uherskeho-torpedoborce/,20081208131558,skip
http://www.press.sk:80/namornictvo/sesta-flotila/,https://web.archive.org/web/20081208131605/http://www.press.sk:80/namornictvo/sesta-flotila/,20081208131605,skip
http://www.press.sk:80/namornictvo/smrt-na-vsech-morich/,https://web.archive.org/web/20081208131612/http://www.press.sk:80/namornictvo/smrt-na-vsech-morich/,20081208131612,skip
http://www.press.sk:80/namornictvo/souboj-v-atlantiku/,https://web.archive.org/web/20081208131617/http://www.press.sk:80/namornictvo/souboj-v-atlantiku/,20081208131617,skip
http://www.press.sk:80/namornictvo/tiche-vitezstvi-ponorkova-valka-spojenych-statu-proti-japonsku-t/,https://web.archive.org/web/20081208131622/http://www.press.sk:80/namornictvo/tiche-vitezstvi-ponorkova-valka-spojenych-statu-proti-japonsku-t/,20081208131622,skip
http://www.press.sk:80/namornictvo/titanic/,https://web.archive.org/web/20081208131627/http://www.press.sk:80/namornictvo/titanic/,20081208131627,skip
http://www.press.sk:80/namornictvo/trafalgar-anatomie-namorni-bitvy/,https://web.archive.org/web/20081208131632/http://www.press.sk:80/namornictvo/trafalgar-anatomie-namorni-bitvy/,20081208131632,skip
http://www.press.sk:80/namornictvo/unos-valecne-lode-odvazna-akce-ceskych-namorniku/,https://web.archive.org/web/20081208131637/http://www.press.sk:80/namornictvo/unos-valecne-lode-odvazna-akce-ceskych-namorniku/,20081208131637,skip
http://www.press.sk:80/namornictvo/utok-na-scapa-flow/,https://web.archive.org/web/20081208131643/http://www.press.sk:80/namornictvo/utok-na-scapa-flow/,20081208131643,skip
http://www.press.sk:80/namornictvo/valecne-lode-8/,https://web.archive.org/web/20081224044809/http://www.press.sk:80/namornictvo/valecne-lode-8/,20081224044809,skip
http://www.press.sk:80/namornictvo/valecne-lode-soucasnosti/,https://web.archive.org/web/20081208131649/http://www.press.sk:80/namornictvo/valecne-lode-soucasnosti/,20081208131649,skip
http://www.press.sk:80/namornictvo/valecne-namornictvo-osudy-nemeckeho-valecneho-namornictva-1939/,https://web.archive.org/web/20081208131655/http://www.press.sk:80/namornictvo/valecne-namornictvo-osudy-nemeckeho-valecneho-namornictva-1939/,20081208131655,skip
http://www.press.sk:80/namornictvo/valka-konci-v-pacifiku-i-pevnost-iwodzima/,https://web.archive.org/web/20081208131700/http://www.press.sk:80/namornictvo/valka-konci-v-pacifiku-i-pevnost-iwodzima/,20081208131700,skip
http://www.press.sk:80/namornictvo/valka-konci-v-pacifiku-ii-dobyvani-okinawy/,https://web.archive.org/web/20081208131706/http://www.press.sk:80/namornictvo/valka-konci-v-pacifiku-ii-dobyvani-okinawy/,20081208131706,skip
http://www.press.sk:80/namornictvo/valka-na-jezere-tanganika/,https://web.archive.org/web/20081208131740/http://www.press.sk:80/namornictvo/valka-na-jezere-tanganika/,20081208131740,skip
http://www.press.sk:80/namornictvo/velka-valka-na-mori-v.dil/,https://web.archive.org/web/20081208131748/http://www.press.sk:80/namornictvo/velka-valka-na-mori-v.dil/,20081208131748,skip
http://www.press.sk:80/namornictvo/vlecne-parniky-na-vltave-a-labi-pecka/,https://web.archive.org/web/20081208131757/http://www.press.sk:80/namornictvo/vlecne-parniky-na-vltave-a-labi-pecka/,20081208131757,skip
http://www.press.sk:80/namornictvo/vlk-atlantiku-valecna-draha-ponorkoveho-esa-otto-kretschmera/,https://web.archive.org/web/20081208131803/http://www.press.sk:80/namornictvo/vlk-atlantiku-valecna-draha-ponorkoveho-esa-otto-kretschmera/,20081208131803,skip
http://www.press.sk:80/namornictvo/vojenske-lode-ceskoslovenska-1918-1959/,https://web.archive.org/web/20081208131812/http://www.press.sk:80/namornictvo/vojenske-lode-ceskoslovenska-1918-1959/,20081208131812,skip
http://www.press.sk:80/namornictvo/vyzdvizeni-ponorky-hunley/,https://web.archive.org/web/20081208131822/http://www.press.sk:80/namornictvo/vyzdvizeni-ponorky-hunley/,20081208131822,skip
http://www.press.sk:80/namornictvo/zkaza-lodi-lancastria/,https://web.archive.org/web/20081208131829/http://www.press.sk:80/namornictvo/zkaza-lodi-lancastria/,20081208131829,skip
http://www.press.sk:80/o-nas/,https://web.archive.org/web/20081020211915/http://www.press.sk:80/o-nas/,20081020211915,skip
http://www.press.sk:80/o-nas/,https://web.archive.org/web/20081023064715/http://www.press.sk:80/o-nas/,20081023064715,skip
http://www.press.sk:80/o-nas/,https://web.archive.org/web/20081217081649/http://www.press.sk:80/o-nas/,20081217081649,skip
http://www.press.sk:80/obchod/,https://web.archive.org/web/20081217032250/http://www.press.sk:80/obchod/,20081217032250,skip
http://www.press.sk:80/obchod/,https://web.archive.org/web/20081224075534/http://www.press.sk:80/obchod/,20081224075534,skip
http://www.press.sk:80/obchod-registracia/,https://web.archive.org/web/20081020211921/http://www.press.sk:80/obchod-registracia/,20081020211921,skip
http://www.press.sk:80/obchod-registracia/,https://web.archive.org/web/20081110053951/http://www.press.sk:80/obchod-registracia/,20081110053951,skip
http://www.press.sk:80/obchod-registracia/,https://web.archive.org/web/20081208131845/http://www.press.sk:80/obchod-registracia/,20081208131845,skip
http://www.press.sk:80/obchod-registracia/,https://web.archive.org/web/20081217032244/http://www.press.sk:80/obchod-registracia/,20081217032244,skip
http://www.press.sk:80/odborne-casopisy/,https://web.archive.org/web/20081217131326/http://www.press.sk:80/odborne-casopisy/,20081217131326,skip
http://www.press.sk:80/odborne-casopisy/psychologie-dnes/,https://web.archive.org/web/20081020211926/http://www.press.sk:80/odborne-casopisy/psychologie-dnes/,20081020211926,skip
http://www.press.sk:80/odborne-casopisy/psychologie-dnes/,https://web.archive.org/web/20081217074145/http://www.press.sk:80/odborne-casopisy/psychologie-dnes/,20081217074145,skip
http://www.press.sk:80/odborne-casopisy/sociologicky-casopis/,https://web.archive.org/web/20081210012651/http://www.press.sk:80/odborne-casopisy/sociologicky-casopis/,20081210012651,skip
http://www.press.sk:80/ostatne/,https://web.archive.org/web/20081110053956/http://www.press.sk:80/ostatne/,20081110053956,skip
http://www.press.sk:80/ostatne/,https://web.archive.org/web/20081204062623/http://www.press.sk:80/ostatne/,20081204062623,skip
http://www.press.sk:80/ostatne/,https://web.archive.org/web/20081217131332/http://www.press.sk:80/ostatne/,20081217131332,skip
http://www.press.sk:80/ostatne/chatar-a-chalupar-kouzlo-zahrady-2008/,https://web.archive.org/web/20081207014157/http://www.press.sk:80/ostatne/chatar-a-chalupar-kouzlo-zahrady-2008/,20081207014157,skip
http://www.press.sk:80/ostatne/katka-top-ucesy/,https://web.archive.org/web/20081113132832/http://www.press.sk:80/ostatne/katka-top-ucesy/,20081113132832,skip
http://www.press.sk:80/plagaty/,https://web.archive.org/web/20081020211931/http://www.press.sk:80/plagaty/,20081020211931,skip
http://www.press.sk:80/plagaty/,https://web.archive.org/web/20081023093222/http://www.press.sk:80/plagaty/,20081023093222,skip
http://www.press.sk:80/plagaty/,https://web.archive.org/web/20081217080701/http://www.press.sk:80/plagaty/,20081217080701,skip
http://www.press.sk:80/plagaty/a01-migy-21mfn-ceskeho-letectva/,https://web.archive.org/web/20081024034925/http://www.press.sk:80/plagaty/a01-migy-21mfn-ceskeho-letectva/,20081024034925,skip
http://www.press.sk:80/plagaty/a01-migy-21mfn-ceskeho-letectva/,https://web.archive.org/web/20081228212531/http://www.press.sk:80/plagaty/a01-migy-21mfn-ceskeho-letectva/,20081228212531,skip
http://www.press.sk:80/plagaty/a02-harrier-gr.7-britskeho-letectva/,https://web.archive.org/web/20081024034930/http://www.press.sk:80/plagaty/a02-harrier-gr.7-britskeho-letectva/,20081024034930,skip
http://www.press.sk:80/plagaty/a02-harrier-gr.7-britskeho-letectva/,https://web.archive.org/web/20081228212145/http://www.press.sk:80/plagaty/a02-harrier-gr.7-britskeho-letectva/,20081228212145,skip
http://www.press.sk:80/plagaty/d01-airbus-a380/,https://web.archive.org/web/20081024034935/http://www.press.sk:80/plagaty/d01-airbus-a380/,20081024034935,skip
http://www.press.sk:80/plagaty/d01-airbus-a380/,https://web.archive.org/web/20081228120556/http://www.press.sk:80/plagaty/d01-airbus-a380/,20081228120556,skip
http://www.press.sk:80/plagaty/d02-boeing-747-4h6-spol.-malaysia-airlines/,https://web.archive.org/web/20081024034940/http://www.press.sk:80/plagaty/d02-boeing-747-4h6-spol.-malaysia-airlines/,20081024034940,skip
http://www.press.sk:80/plagaty/d02-boeing-747-4h6-spol.-malaysia-airlines/,https://web.archive.org/web/20081228210634/http://www.press.sk:80/plagaty/d02-boeing-747-4h6-spol.-malaysia-airlines/,20081228210634,skip
"http://www.press.sk:80/plagaty/p,a,30/","https://web.archive.org/web/20081110054001/http://www.press.sk:80/plagaty/p,a,30/",20081110054001,skip
http://www.press.sk:80/plagaty/s01-suchoj-su-29-z-moravske-trebove/,https://web.archive.org/web/20081024034945/http://www.press.sk:80/plagaty/s01-suchoj-su-29-z-moravske-trebove/,20081024034945,skip
http://www.press.sk:80/plagaty/s01-suchoj-su-29-z-moravske-trebove/,https://web.archive.org/web/20081228210639/http://www.press.sk:80/plagaty/s01-suchoj-su-29-z-moravske-trebove/,20081228210639,skip
http://www.press.sk:80/plagaty/s02-dvojice-an-2/,https://web.archive.org/web/20081024034950/http://www.press.sk:80/plagaty/s02-dvojice-an-2/,20081024034950,skip
http://www.press.sk:80/plagaty/s02-dvojice-an-2/,https://web.archive.org/web/20081229015945/http://www.press.sk:80/plagaty/s02-dvojice-an-2/,20081229015945,skip
http://www.press.sk:80/plagaty/v01-hawker-hurricane-mk.ia/,https://web.archive.org/web/20081024034955/http://www.press.sk:80/plagaty/v01-hawker-hurricane-mk.ia/,20081024034955,skip
http://www.press.sk:80/plagaty/v01-hawker-hurricane-mk.ia/,https://web.archive.org/web/20081228181759/http://www.press.sk:80/plagaty/v01-hawker-hurricane-mk.ia/,20081228181759,skip
http://www.press.sk:80/plagaty/v02-messerschmitt-bf-109g-4/,https://web.archive.org/web/20081024035000/http://www.press.sk:80/plagaty/v02-messerschmitt-bf-109g-4/,20081024035000,skip
http://www.press.sk:80/plagaty/v02-messerschmitt-bf-109g-4/,https://web.archive.org/web/20081229005023/http://www.press.sk:80/plagaty/v02-messerschmitt-bf-109g-4/,20081229005023,skip
http://www.press.sk:80/pocitace-elektronika/,https://web.archive.org/web/20081023093227/http://www.press.sk:80/pocitace-elektronika/,20081023093227,skip
http://www.press.sk:80/pocitace-elektronika/,https://web.archive.org/web/20081204010928/http://www.press.sk:80/pocitace-elektronika/,20081204010928,skip
http://www.press.sk:80/pocitace-elektronika/,https://web.archive.org/web/20081217022912/http://www.press.sk:80/pocitace-elektronika/,20081217022912,skip
http://www.press.sk:80/pocitace-elektronika/a-radio-konstrukcni-elektronika/,https://web.archive.org/web/20081024142126/http://www.press.sk:80/pocitace-elektronika/a-radio-konstrukcni-elektronika/,20081024142126,skip
http://www.press.sk:80/pocitace-elektronika/a-radio-konstrukcni-elektronika/,https://web.archive.org/web/20081218214114/http://www.press.sk:80/pocitace-elektronika/a-radio-konstrukcni-elektronika/,20081218214114,skip
http://www.press.sk:80/pocitace-elektronika/a-radio-prakticka-elektronika/,https://web.archive.org/web/20081024142131/http://www.press.sk:80/pocitace-elektronika/a-radio-prakticka-elektronika/,20081024142131,skip
http://www.press.sk:80/pocitace-elektronika/a-radio-prakticka-elektronika/,https://web.archive.org/web/20081218214119/http://www.press.sk:80/pocitace-elektronika/a-radio-prakticka-elektronika/,20081218214119,skip
http://www.press.sk:80/pocitace-elektronika/akustika/,https://web.archive.org/web/20081024142136/http://www.press.sk:80/pocitace-elektronika/akustika/,20081024142136,skip
http://www.press.sk:80/pocitace-elektronika/akustika/,https://web.archive.org/web/20081218214416/http://www.press.sk:80/pocitace-elektronika/akustika/,20081218214416,skip
http://www.press.sk:80/pocitace-elektronika/amaterske-radio/,https://web.archive.org/web/20081024142144/http://www.press.sk:80/pocitace-elektronika/amaterske-radio/,20081024142144,skip
http://www.press.sk:80/pocitace-elektronika/amaterske-radio/,https://web.archive.org/web/20081218214422/http://www.press.sk:80/pocitace-elektronika/amaterske-radio/,20081218214422,skip
http://www.press.sk:80/pocitace-elektronika/business-world/,https://web.archive.org/web/20081024142151/http://www.press.sk:80/pocitace-elektronika/business-world/,20081024142151,skip
http://www.press.sk:80/pocitace-elektronika/business-world/,https://web.archive.org/web/20081218214124/http://www.press.sk:80/pocitace-elektronika/business-world/,20081218214124,skip
http://www.press.sk:80/pocitace-elektronika/chip-dvd/,https://web.archive.org/web/20081020211936/http://www.press.sk:80/pocitace-elektronika/chip-dvd/,20081020211936,skip
http://www.press.sk:80/pocitace-elektronika/chip-dvd/,https://web.archive.org/web/20081204062628/http://www.press.sk:80/pocitace-elektronika/chip-dvd/,20081204062628,skip
http://www.press.sk:80/pocitace-elektronika/chip-dvd/,https://web.archive.org/web/20081217074150/http://www.press.sk:80/pocitace-elektronika/chip-dvd/,20081217074150,skip
http://www.press.sk:80/pocitace-elektronika/chip-dvd/,https://web.archive.org/web/20081220073340/http://www.press.sk:80/pocitace-elektronika/chip-dvd/,20081220073340,skip
http://www.press.sk:80/pocitace-elektronika/chip-special-jak-na-digitalni-video-a-dvd/,https://web.archive.org/web/20081024142156/http://www.press.sk:80/pocitace-elektronika/chip-special-jak-na-digitalni-video-a-dvd/,20081024142156,skip
http://www.press.sk:80/pocitace-elektronika/chip-special-jak-na-digitalni-video-a-dvd/,https://web.archive.org/web/20081218214431/http://www.press.sk:80/pocitace-elektronika/chip-special-jak-na-digitalni-video-a-dvd/,20081218214431,skip
http://www.press.sk:80/pocitace-elektronika/chip-special-nero-7/,https://web.archive.org/web/20081024142207/http://www.press.sk:80/pocitace-elektronika/chip-special-nero-7/,20081024142207,skip
http://www.press.sk:80/pocitace-elektronika/chip-special-nero-7/,https://web.archive.org/web/20081218214134/http://www.press.sk:80/pocitace-elektronika/chip-special-nero-7/,20081218214134,skip
http://www.press.sk:80/pocitace-elektronika/chip-special-nero-7-2.vydanie/,https://web.archive.org/web/20081024142202/http://www.press.sk:80/pocitace-elektronika/chip-special-nero-7-2.vydanie/,20081024142202,skip
http://www.press.sk:80/pocitace-elektronika/chip-special-nero-7-2.vydanie/,https://web.archive.org/web/20081218214129/http://www.press.sk:80/pocitace-elektronika/chip-special-nero-7-2.vydanie/,20081218214129,skip
http://www.press.sk:80/pocitace-elektronika/chip-special-plne-verze-2006/,https://web.archive.org/web/20081024142213/http://www.press.sk:80/pocitace-elektronika/chip-special-plne-verze-2006/,20081024142213,skip
http://www.press.sk:80/pocitace-elektronika/chip-special-plne-verze-2006/,https://web.archive.org/web/20081218214139/http://www.press.sk:80/pocitace-elektronika/chip-special-plne-verze-2006/,20081218214139,skip
http://www.press.sk:80/pocitace-elektronika/chip-special-plne-verze-2007/,https://web.archive.org/web/20081024142218/http://www.press.sk:80/pocitace-elektronika/chip-special-plne-verze-2007/,20081024142218,skip
http://www.press.sk:80/pocitace-elektronika/chip-special-plne-verze-2007/,https://web.archive.org/web/20081218214144/http://www.press.sk:80/pocitace-elektronika/chip-special-plne-verze-2007/,20081218214144,skip
http://www.press.sk:80/pocitace-elektronika/computerworld-business-world-security-world/,https://web.archive.org/web/20081024142223/http://www.press.sk:80/pocitace-elektronika/computerworld-business-world-security-world/,20081024142223,skip
http://www.press.sk:80/pocitace-elektronika/computerworld-business-world-security-world/,https://web.archive.org/web/20081218214149/http://www.press.sk:80/pocitace-elektronika/computerworld-business-world-security-world/,20081218214149,skip
http://www.press.sk:80/pocitace-elektronika/data-security-management-dsm/,https://web.archive.org/web/20081024142228/http://www.press.sk:80/pocitace-elektronika/data-security-management-dsm/,20081024142228,skip
http://www.press.sk:80/pocitace-elektronika/data-security-management-dsm/,https://web.archive.org/web/20081218214436/http://www.press.sk:80/pocitace-elektronika/data-security-management-dsm/,20081218214436,skip
http://www.press.sk:80/pocitace-elektronika/dvd-movie/,https://web.archive.org/web/20081024142235/http://www.press.sk:80/pocitace-elektronika/dvd-movie/,20081024142235,skip
http://www.press.sk:80/pocitace-elektronika/dvd-movie/,https://web.archive.org/web/20081218214154/http://www.press.sk:80/pocitace-elektronika/dvd-movie/,20081218214154,skip
http://www.press.sk:80/pocitace-elektronika/hd-world/,https://web.archive.org/web/20081024142239/http://www.press.sk:80/pocitace-elektronika/hd-world/,20081024142239,skip
http://www.press.sk:80/pocitace-elektronika/hd-world/,https://web.archive.org/web/20081218214442/http://www.press.sk:80/pocitace-elektronika/hd-world/,20081218214442,skip
http://www.press.sk:80/pocitace-elektronika/level-dvd/,https://web.archive.org/web/20081024142244/http://www.press.sk:80/pocitace-elektronika/level-dvd/,20081024142244,skip
http://www.press.sk:80/pocitace-elektronika/level-dvd/,https://web.archive.org/web/20081204062633/http://www.press.sk:80/pocitace-elektronika/level-dvd/,20081204062633,skip
http://www.press.sk:80/pocitace-elektronika/level-dvd/,https://web.archive.org/web/20081218214447/http://www.press.sk:80/pocitace-elektronika/level-dvd/,20081218214447,skip
http://www.press.sk:80/pocitace-elektronika/level-dvd/,https://web.archive.org/web/20081224031820/http://www.press.sk:80/pocitace-elektronika/level-dvd/,20081224031820,skip
"http://www.press.sk:80/pocitace-elektronika/n,a,30,0/","https://web.archive.org/web/20081218020509/http://www.press.sk:80/pocitace-elektronika/n,a,30,0/",20081218020509,skip
"http://www.press.sk:80/pocitace-elektronika/n,a,30,30/","https://web.archive.org/web/20081024142249/http://www.press.sk:80/pocitace-elektronika/n,a,30,30/",20081024142249,skip
"http://www.press.sk:80/pocitace-elektronika/n,a,30,30/","https://web.archive.org/web/20081204062647/http://www.press.sk:80/pocitace-elektronika/n,a,30,30/",20081204062647,skip
"http://www.press.sk:80/pocitace-elektronika/n,a,30,30/","https://web.archive.org/web/20081217025917/http://www.press.sk:80/pocitace-elektronika/n,a,30,30/",20081217025917,skip
http://www.press.sk:80/pocitace-elektronika/pocitac-pro-kazdeho-cd/,https://web.archive.org/web/20081020211941/http://www.press.sk:80/pocitace-elektronika/pocitac-pro-kazdeho-cd/,20081020211941,skip
http://www.press.sk:80/pocitace-elektronika/pocitac-pro-kazdeho-cd/,https://web.archive.org/web/20081217074155/http://www.press.sk:80/pocitace-elektronika/pocitac-pro-kazdeho-cd/,20081217074155,skip
http://www.press.sk:80/pocitace-elektronika/pocitac-pro-kazdeho-dvd/,https://web.archive.org/web/20081024142341/http://www.press.sk:80/pocitace-elektronika/pocitac-pro-kazdeho-dvd/,20081024142341,skip
http://www.press.sk:80/pocitace-elektronika/pocitac-pro-kazdeho-dvd/,https://web.archive.org/web/20081218214517/http://www.press.sk:80/pocitace-elektronika/pocitac-pro-kazdeho-dvd/,20081218214517,skip
http://www.press.sk:80/pocitace-elektronika/pocitac-pro-kazdeho-special-digitalni-fotografie-pro-kazdeho/,https://web.archive.org/web/20081024142345/http://www.press.sk:80/pocitace-elektronika/pocitac-pro-kazdeho-special-digitalni-fotografie-pro-kazdeho/,20081024142345,skip
http://www.press.sk:80/pocitace-elektronika/pocitac-pro-kazdeho-special-digitalni-fotografie-pro-kazdeho/,https://web.archive.org/web/20081218214522/http://www.press.sk:80/pocitace-elektronika/pocitac-pro-kazdeho-special-digitalni-fotografie-pro-kazdeho/,20081218214522,skip
http://www.press.sk:80/pocitace-elektronika/pocitac-pro-kazdeho-special-prakticke-pocitacove-navody/,https://web.archive.org/web/20081024142350/http://www.press.sk:80/pocitace-elektronika/pocitac-pro-kazdeho-special-prakticke-pocitacove-navody/,20081024142350,skip
http://www.press.sk:80/pocitace-elektronika/pocitac-pro-kazdeho-special-prakticke-pocitacove-navody/,https://web.archive.org/web/20081218214527/http://www.press.sk:80/pocitace-elektronika/pocitac-pro-kazdeho-special-prakticke-pocitacove-navody/,20081218214527,skip
http://www.press.sk:80/pocitace-elektronika/pocitac-pro-kazdeho-special-vybavte-si-pocitac-za-99-kc/,https://web.archive.org/web/20081218214531/http://www.press.sk:80/pocitace-elektronika/pocitac-pro-kazdeho-special-vybavte-si-pocitac-za-99-kc/,20081218214531,skip
http://www.press.sk:80/pocitace-elektronika/stereo-a-video/,https://web.archive.org/web/20081217022931/http://www.press.sk:80/pocitace-elektronika/stereo-a-video/,20081217022931,skip
http://www.press.sk:80/pocitace/asp.net-3-a-c-2008-tvorba-dynamickych-stranek-profesionalne/,https://web.archive.org/web/20081218214214/http://www.press.sk:80/pocitace/asp.net-3-a-c-2008-tvorba-dynamickych-stranek-profesionalne/,20081218214214,skip
http://www.press.sk:80/policajne-zbory/,https://web.archive.org/web/20081211050038/http://www.press.sk:80/policajne-zbory/,20081211050038,skip
http://www.press.sk:80/policajne-zbory/,https://web.archive.org/web/20081229155019/http://www.press.sk:80/policajne-zbory/,20081229155019,skip
http://www.press.sk:80/policia-ochrana/,https://web.archive.org/web/20081020211946/http://www.press.sk:80/policia-ochrana/,20081020211946,skip
http://www.press.sk:80/policia-ochrana/,https://web.archive.org/web/20081220033536/http://www.press.sk:80/policia-ochrana/,20081220033536,skip
http://www.press.sk:80/politologia/nova-studena-valka/,https://web.archive.org/web/20081224020606/http://www.press.sk:80/politologia/nova-studena-valka/,20081224020606,skip
http://www.press.sk:80/polnohospodarstvo/,https://web.archive.org/web/20081205050629/http://www.press.sk:80/polnohospodarstvo/,20081205050629,skip
http://www.press.sk:80/polnohospodarstvo/,https://web.archive.org/web/20081224212548/http://www.press.sk:80/polnohospodarstvo/,20081224212548,skip
http://www.press.sk:80/polovnictvo/,https://web.archive.org/web/20081224212559/http://www.press.sk:80/polovnictvo/,20081224212559,skip
http://www.press.sk:80/polovnictvo-rybarstvo/,https://web.archive.org/web/20081217131340/http://www.press.sk:80/polovnictvo-rybarstvo/,20081217131340,skip
http://www.press.sk:80/polovnictvo/etika-v-myslivosti/,https://web.archive.org/web/20081218214219/http://www.press.sk:80/polovnictvo/etika-v-myslivosti/,20081218214219,skip
http://www.press.sk:80/polovnictvo/hubertuv-pitaval-1.-dil/,https://web.archive.org/web/20081218214224/http://www.press.sk:80/polovnictvo/hubertuv-pitaval-1.-dil/,20081218214224,skip
http://www.press.sk:80/polovnictvo/knizka-nejen-pro-myslivce/,https://web.archive.org/web/20081224020923/http://www.press.sk:80/polovnictvo/knizka-nejen-pro-myslivce/,20081224020923,skip
http://www.press.sk:80/polovnictvo/lovecke-historky+4413/,https://web.archive.org/web/20081224020930/http://www.press.sk:80/polovnictvo/lovecke-historky+4413/,20081224020930,skip
http://www.press.sk:80/polovnictvo/lovy-nelovy/,https://web.archive.org/web/20081218214229/http://www.press.sk:80/polovnictvo/lovy-nelovy/,20081218214229,skip
http://www.press.sk:80/polovnictvo/muj-rok-s-liskami/,https://web.archive.org/web/20081224044814/http://www.press.sk:80/polovnictvo/muj-rok-s-liskami/,20081224044814,skip
http://www.press.sk:80/polovnictvo/nimrodi-z-tanychu/,https://web.archive.org/web/20081224020351/http://www.press.sk:80/polovnictvo/nimrodi-z-tanychu/,20081224020351,skip
http://www.press.sk:80/polovnictvo/prace-v-honitbe/,https://web.archive.org/web/20081021150725/http://www.press.sk:80/polovnictvo/prace-v-honitbe/,20081021150725,skip
http://www.press.sk:80/polovnictvo/vznesenost-lovu-a-kucharskeho-umeni-zverinova-kucharka/,https://web.archive.org/web/20081021150730/http://www.press.sk:80/polovnictvo/vznesenost-lovu-a-kucharskeho-umeni-zverinova-kucharka/,20081021150730,skip
http://www.press.sk:80/polovnictvo/z-lesu-luk-a-strani/,https://web.archive.org/web/20081224020356/http://www.press.sk:80/polovnictvo/z-lesu-luk-a-strani/,20081224020356,skip
http://www.press.sk:80/pouzivatelske-konto-nakup/,https://web.archive.org/web/20081217032255/http://www.press.sk:80/pouzivatelske-konto-nakup/,20081217032255,skip
http://www.press.sk:80/pozemne-vojsko/,https://web.archive.org/web/20081020211952/http://www.press.sk:80/pozemne-vojsko/,20081020211952,skip
http://www.press.sk:80/pre-deti-a-mladez/,https://web.archive.org/web/20081110054006/http://www.press.sk:80/pre-deti-a-mladez/,20081110054006,skip
http://www.press.sk:80/pre-deti-a-mladez/,https://web.archive.org/web/20081217131346/http://www.press.sk:80/pre-deti-a-mladez/,20081217131346,skip
http://www.press.sk:80/pre-deti-a-mladez/auta-svet-na-kolech/,https://web.archive.org/web/20081212002825/http://www.press.sk:80/pre-deti-a-mladez/auta-svet-na-kolech/,20081212002825,skip
http://www.press.sk:80/pre-deti-a-mladez/high-school-musical/,https://web.archive.org/web/20081204062715/http://www.press.sk:80/pre-deti-a-mladez/high-school-musical/,20081204062715,skip
http://www.press.sk:80/pre-deti-a-mladez/jetix/,https://web.archive.org/web/20081210012718/http://www.press.sk:80/pre-deti-a-mladez/jetix/,20081210012718,skip
http://www.press.sk:80/pre-deti-a-mladez/kacer-donald/,https://web.archive.org/web/20081020211957/http://www.press.sk:80/pre-deti-a-mladez/kacer-donald/,20081020211957,skip
http://www.press.sk:80/pre-deti-a-mladez/kacer-donald/,https://web.archive.org/web/20081023093240/http://www.press.sk:80/pre-deti-a-mladez/kacer-donald/,20081023093240,skip
http://www.press.sk:80/pre-deti-a-mladez/kacer-donald/,https://web.archive.org/web/20081217074200/http://www.press.sk:80/pre-deti-a-mladez/kacer-donald/,20081217074200,skip
http://www.press.sk:80/pre-deti-a-mladez/macko-pusik/,https://web.archive.org/web/20081020212002/http://www.press.sk:80/pre-deti-a-mladez/macko-pusik/,20081020212002,skip
http://www.press.sk:80/pre-deti-a-mladez/macko-pusik/,https://web.archive.org/web/20081204000511/http://www.press.sk:80/pre-deti-a-mladez/macko-pusik/,20081204000511,skip
http://www.press.sk:80/pre-deti-a-mladez/macko-pusik/,https://web.archive.org/web/20081217074205/http://www.press.sk:80/pre-deti-a-mladez/macko-pusik/,20081217074205,skip
"http://www.press.sk:80/pre-deti-a-mladez/n,a,25,25/","https://web.archive.org/web/20081108071240/http://www.press.sk:80/pre-deti-a-mladez/n,a,25,25/",20081108071240,skip
"http://www.press.sk:80/pre-deti-a-mladez/n,a,30,0/","https://web.archive.org/web/20081214070111/http://www.press.sk:80/pre-deti-a-mladez/n,a,30,0/",20081214070111,skip
http://www.press.sk:80/pre-deti-a-mladez/power-rangers/,https://web.archive.org/web/20081219045208/http://www.press.sk:80/pre-deti-a-mladez/power-rangers/,20081219045208,skip
http://www.press.sk:80/pre-deti-a-mladez/shrekovy-vypravy-c.18/,https://web.archive.org/web/20081224020611/http://www.press.sk:80/pre-deti-a-mladez/shrekovy-vypravy-c.18/,20081224020611,skip
http://www.press.sk:80/pre-deti-a-mladez/shrekovy-vypravy-c.19/,https://web.archive.org/web/20081224020616/http://www.press.sk:80/pre-deti-a-mladez/shrekovy-vypravy-c.19/,20081224020616,skip
http://www.press.sk:80/pre-deti-a-mladez/shrekovy-vypravy-c.20/,https://web.archive.org/web/20081224044819/http://www.press.sk:80/pre-deti-a-mladez/shrekovy-vypravy-c.20/,20081224044819,skip
http://www.press.sk:80/pre-deti-a-mladez/shrekovy-vypravy-c.3/,https://web.archive.org/web/20081214155457/http://www.press.sk:80/pre-deti-a-mladez/shrekovy-vypravy-c.3/,20081214155457,skip
http://www.press.sk:80/pre-deti-a-mladez/shrekovy-vypravy-predplatne/,https://web.archive.org/web/20081213004421/http://www.press.sk:80/pre-deti-a-mladez/shrekovy-vypravy-predplatne/,20081213004421,skip
http://www.press.sk:80/pre-deti-a-mladez/totally-spies-spionky/,https://web.archive.org/web/20081215040743/http://www.press.sk:80/pre-deti-a-mladez/totally-spies-spionky/,20081215040743,skip
http://www.press.sk:80/pre-deti-a-mladez/velkolepy-spider-man/,https://web.archive.org/web/20081108071244/http://www.press.sk:80/pre-deti-a-mladez/velkolepy-spider-man/,20081108071244,skip
http://www.press.sk:80/pre-deti-a-mladez/w.i.t.c.h./,https://web.archive.org/web/20081221165959/http://www.press.sk:80/pre-deti-a-mladez/w.i.t.c.h./,20081221165959,skip
http://www.press.sk:80/pre-deti-a-mladez/w.i.t.ch./,https://web.archive.org/web/20081020212008/http://www.press.sk:80/pre-deti-a-mladez/w.i.t.ch./,20081020212008,skip
http://www.press.sk:80/pre-deti-a-mladez/w.i.t.ch./,https://web.archive.org/web/20081217074211/http://www.press.sk:80/pre-deti-a-mladez/w.i.t.ch./,20081217074211,skip
http://www.press.sk:80/priroda/,https://web.archive.org/web/20081020212012/http://www.press.sk:80/priroda/,20081020212012,skip
http://www.press.sk:80/priroda/,https://web.archive.org/web/20081026023342/http://www.press.sk:80/priroda/,20081026023342,skip
http://www.press.sk:80/priroda/,https://web.archive.org/web/20081204121836/http://www.press.sk:80/priroda/,20081204121836,skip
http://www.press.sk:80/priroda/,https://web.archive.org/web/20081220033541/http://www.press.sk:80/priroda/,20081220033541,skip
http://www.press.sk:80/registracia/aktivovat-14587265ab8292130d785e156b43b27c/,https://web.archive.org/web/20081227023345/http://www.press.sk:80/registracia/aktivovat-14587265ab8292130d785e156b43b27c/,20081227023345,skip
http://www.press.sk:80/registracia/aktivovat-499e06e3dbf14166b9b3ec04500cd288/,https://web.archive.org/web/20081217032300/http://www.press.sk:80/registracia/aktivovat-499e06e3dbf14166b9b3ec04500cd288/,20081217032300,skip
http://www.press.sk:80/registracia/aktivovat-ba4f291e13dfcef0312281e898fec599/,https://web.archive.org/web/20081217081654/http://www.press.sk:80/registracia/aktivovat-ba4f291e13dfcef0312281e898fec599/,20081217081654,skip
http://www.press.sk:80/registracia/aktivovat-ba4f291e13dfcef0312281e898fec599/index.php,https://web.archive.org/web/20081217032305/http://www.press.sk:80/registracia/aktivovat-ba4f291e13dfcef0312281e898fec599/index.php,20081217032305,skip
http://www.press.sk:80/registracia/aktivovat-c388ab3fd4d77e40b9602be3cbbc0546/,https://web.archive.org/web/20081221130918/http://www.press.sk:80/registracia/aktivovat-c388ab3fd4d77e40b9602be3cbbc0546/,20081221130918,skip
http://www.press.sk:80/registracia/aktivovat-dc8e0315f12f27261add864891a60be8/,https://web.archive.org/web/20081223105539/http://www.press.sk:80/registracia/aktivovat-dc8e0315f12f27261add864891a60be8/,20081223105539,skip
http://www.press.sk:80/registracia/aktivovat-ea427bb607c4365068f5fa17e59f6e96/,https://web.archive.org/web/20081224023935/http://www.press.sk:80/registracia/aktivovat-ea427bb607c4365068f5fa17e59f6e96/,20081224023935,skip
http://www.press.sk:80/registracia/stratene-heslo/,https://web.archive.org/web/20081020212017/http://www.press.sk:80/registracia/stratene-heslo/,20081020212017,skip
http://www.press.sk:80/registracia/stratene-heslo/,https://web.archive.org/web/20081217074216/http://www.press.sk:80/registracia/stratene-heslo/,20081217074216,skip
http://www.press.sk:80/rozne/,https://web.archive.org/web/20081211135250/http://www.press.sk:80/rozne/,20081211135250,skip
http://www.press.sk:80/rozne/,https://web.archive.org/web/20081224212604/http://www.press.sk:80/rozne/,20081224212604,skip
http://www.press.sk:80/rozne-110/,https://web.archive.org/web/20081020212023/http://www.press.sk:80/rozne-110/,20081020212023,skip
http://www.press.sk:80/rozne-110/,https://web.archive.org/web/20081022071457/http://www.press.sk:80/rozne-110/,20081022071457,skip
http://www.press.sk:80/rozne-110/mostecky-benzin-hori/,https://web.archive.org/web/20081230052920/http://www.press.sk:80/rozne-110/mostecky-benzin-hori/,20081230052920,skip
http://www.press.sk:80/rozne-86/materialy-pro-rezne-nastroje/,https://web.archive.org/web/20081218214234/http://www.press.sk:80/rozne-86/materialy-pro-rezne-nastroje/,20081218214234,skip
http://www.press.sk:80/rozne-86/umeni-jizdy-se-sprezenim/,https://web.archive.org/web/20081224020401/http://www.press.sk:80/rozne-86/umeni-jizdy-se-sprezenim/,20081224020401,skip
http://www.press.sk:80/rucne-prace/malujeme-na-folie-a-na-sklo/,https://web.archive.org/web/20081208175305/http://www.press.sk:80/rucne-prace/malujeme-na-folie-a-na-sklo/,20081208175305,skip
http://www.press.sk:80/rybarstvo/,https://web.archive.org/web/20081211135307/http://www.press.sk:80/rybarstvo/,20081211135307,skip
http://www.press.sk:80/rybarstvo/,https://web.archive.org/web/20081224212613/http://www.press.sk:80/rybarstvo/,20081224212613,skip
http://www.press.sk:80/rybarstvo/entomologie-pro-muskare/,https://web.archive.org/web/20081205050646/http://www.press.sk:80/rybarstvo/entomologie-pro-muskare/,20081205050646,skip
http://www.press.sk:80/rybarstvo/lovime-sumce/,https://web.archive.org/web/20081224023940/http://www.press.sk:80/rybarstvo/lovime-sumce/,20081224023940,skip
http://www.press.sk:80/rybarstvo/norsko-fascinujici-rybolov/,https://web.archive.org/web/20081214155626/http://www.press.sk:80/rybarstvo/norsko-fascinujici-rybolov/,20081214155626,skip
http://www.press.sk:80/rybarstvo/postrach-vod-se-vraci-aneb-rybarska-knizka/,https://web.archive.org/web/20081224020406/http://www.press.sk:80/rybarstvo/postrach-vod-se-vraci-aneb-rybarska-knizka/,20081224020406,skip
http://www.press.sk:80/specialne-jednotky/,https://web.archive.org/web/20081020212028/http://www.press.sk:80/specialne-jednotky/,20081020212028,skip
http://www.press.sk:80/specialne-jednotky/vlkodlak/,https://web.archive.org/web/20081020212032/http://www.press.sk:80/specialne-jednotky/vlkodlak/,20081020212032,skip
http://www.press.sk:80/specialne-jednotky/vlkodlak/,https://web.archive.org/web/20081203234052/http://www.press.sk:80/specialne-jednotky/vlkodlak/,20081203234052,skip
http://www.press.sk:80/specialne-jednotky/vlkodlak/,https://web.archive.org/web/20081217074222/http://www.press.sk:80/specialne-jednotky/vlkodlak/,20081217074222,skip
http://www.press.sk:80/specialne-jednotky/vydrzet-4147/,https://web.archive.org/web/20081021150735/http://www.press.sk:80/specialne-jednotky/vydrzet-4147/,20081021150735,skip
http://www.press.sk:80/specialne-jednotky/zaskodnik-prirucka-jednotek-specnaz/,https://web.archive.org/web/20081020212037/http://www.press.sk:80/specialne-jednotky/zaskodnik-prirucka-jednotek-specnaz/,20081020212037,skip
http://www.press.sk:80/specialne-jednotky/zaskodnik-prirucka-jednotek-specnaz/,https://web.archive.org/web/20081217074233/http://www.press.sk:80/specialne-jednotky/zaskodnik-prirucka-jednotek-specnaz/,20081217074233,skip
http://www.press.sk:80/spolocenske-vedy/,https://web.archive.org/web/20081020212042/http://www.press.sk:80/spolocenske-vedy/,20081020212042,skip
http://www.press.sk:80/spolocenske-vedy/,https://web.archive.org/web/20081205050706/http://www.press.sk:80/spolocenske-vedy/,20081205050706,skip
http://www.press.sk:80/spolocenske-vedy/,https://web.archive.org/web/20081220033613/http://www.press.sk:80/spolocenske-vedy/,20081220033613,skip
http://www.press.sk:80/sprava-uctu/,https://web.archive.org/web/20081217081701/http://www.press.sk:80/sprava-uctu/,20081217081701,skip
http://www.press.sk:80/spravodajske-sluzby/,https://web.archive.org/web/20081020212048/http://www.press.sk:80/spravodajske-sluzby/,20081020212048,skip
http://www.press.sk:80/spravodajske-sluzby/,https://web.archive.org/web/20081109071843/http://www.press.sk:80/spravodajske-sluzby/,20081109071843,skip
http://www.press.sk:80/spravodajske-sluzby/cesky-spion-erwin-van-haarlem/,https://web.archive.org/web/20081029025146/http://www.press.sk:80/spravodajske-sluzby/cesky-spion-erwin-van-haarlem/,20081029025146,skip
http://www.press.sk:80/spravodajske-sluzby/historie-svetove-spionaze-agenti-systemy-akce/,https://web.archive.org/web/20081109075321/http://www.press.sk:80/spravodajske-sluzby/historie-svetove-spionaze-agenti-systemy-akce/,20081109075321,skip
"http://www.press.sk:80/spravodajske-sluzby/n,a,30,0/","https://web.archive.org/web/20081109075326/http://www.press.sk:80/spravodajske-sluzby/n,a,30,0/",20081109075326,skip
"http://www.press.sk:80/spravodajske-sluzby/n,a,30,30/","https://web.archive.org/web/20081109073303/http://www.press.sk:80/spravodajske-sluzby/n,a,30,30/",20081109073303,skip
http://www.press.sk:80/spravodajske-sluzby/soukroma-valka-pana-wilsona/,https://web.archive.org/web/20081021150741/http://www.press.sk:80/spravodajske-sluzby/soukroma-valka-pana-wilsona/,20081021150741,skip
http://www.press.sk:80/surviving-prezitie/,https://web.archive.org/web/20081211050127/http://www.press.sk:80/surviving-prezitie/,20081211050127,skip
http://www.press.sk:80/surviving-prezitie/,https://web.archive.org/web/20081229155038/http://www.press.sk:80/surviving-prezitie/,20081229155038,skip
http://www.press.sk:80/suveniry-modely/,https://web.archive.org/web/20081020212053/http://www.press.sk:80/suveniry-modely/,20081020212053,skip
http://www.press.sk:80/suveniry-modely/,https://web.archive.org/web/20081022071502/http://www.press.sk:80/suveniry-modely/,20081022071502,skip
http://www.press.sk:80/suveniry-modely/,https://web.archive.org/web/20081217074017/http://www.press.sk:80/suveniry-modely/,20081217074017,skip
http://www.press.sk:80/suveniry-modely/,https://web.archive.org/web/20081219041845/http://www.press.sk:80/suveniry-modely/,20081219041845,skip
http://www.press.sk:80/suveniry-modely/148-scale-plans-set-no.1/,https://web.archive.org/web/20081220020447/http://www.press.sk:80/suveniry-modely/148-scale-plans-set-no.1/,20081220020447,skip
http://www.press.sk:80/suveniry-modely/curtiss-p-40n-warhawk/,https://web.archive.org/web/20081220020452/http://www.press.sk:80/suveniry-modely/curtiss-p-40n-warhawk/,20081220020452,skip
http://www.press.sk:80/suveniry-modely/focke-wulf-fw-190d-9/,https://web.archive.org/web/20081220020015/http://www.press.sk:80/suveniry-modely/focke-wulf-fw-190d-9/,20081220020015,skip
http://www.press.sk:80/suveniry-modely/hawker-hurricane-mk.-i/,https://web.archive.org/web/20081220020904/http://www.press.sk:80/suveniry-modely/hawker-hurricane-mk.-i/,20081220020904,skip
http://www.press.sk:80/suveniry-modely/jakovlev-jak-3/,https://web.archive.org/web/20081220020020/http://www.press.sk:80/suveniry-modely/jakovlev-jak-3/,20081220020020,skip
http://www.press.sk:80/suveniry-modely/macchi-mc-202-folgore/,https://web.archive.org/web/20081220020025/http://www.press.sk:80/suveniry-modely/macchi-mc-202-folgore/,20081220020025,skip
http://www.press.sk:80/suveniry-modely/mikoyan-gurevitch-mig-3/,https://web.archive.org/web/20081219045213/http://www.press.sk:80/suveniry-modely/mikoyan-gurevitch-mig-3/,20081219045213,skip
"http://www.press.sk:80/suveniry-modely/n,a,30,0/","https://web.archive.org/web/20081227015513/http://www.press.sk:80/suveniry-modely/n,a,30,0/",20081227015513,skip
"http://www.press.sk:80/suveniry-modely/n,a,30,30/","https://web.archive.org/web/20081026025956/http://www.press.sk:80/suveniry-modely/n,a,30,30/",20081026025956,skip
"http://www.press.sk:80/suveniry-modely/n,a,30,30/","https://web.archive.org/web/20081219164136/http://www.press.sk:80/suveniry-modely/n,a,30,30/",20081219164136,skip
"http://www.press.sk:80/suveniry-modely/n,a,30,30/","https://web.archive.org/web/20081227020913/http://www.press.sk:80/suveniry-modely/n,a,30,30/",20081227020913,skip
http://www.press.sk:80/suveniry-modely/obtlackovy-arsik/,https://web.archive.org/web/20081218214239/http://www.press.sk:80/suveniry-modely/obtlackovy-arsik/,20081218214239,skip
http://www.press.sk:80/suveniry-modely/planky-modelar-christen-eagle-ii-145s/,https://web.archive.org/web/20081220020709/http://www.press.sk:80/suveniry-modely/planky-modelar-christen-eagle-ii-145s/,20081220020709,skip
http://www.press.sk:80/suveniry-modely/planky-modelar-zuch-157s/,https://web.archive.org/web/20081220020909/http://www.press.sk:80/suveniry-modely/planky-modelar-zuch-157s/,20081220020909,skip
http://www.press.sk:80/suveniry-modely/policie-c.1-lamborghini-callardo-polizia/,https://web.archive.org/web/20081203123633/http://www.press.sk:80/suveniry-modely/policie-c.1-lamborghini-callardo-polizia/,20081203123633,skip
http://www.press.sk:80/suveniry-modely/policie-c.1-lamborghini-callardo-polizia/,https://web.archive.org/web/20081220020914/http://www.press.sk:80/suveniry-modely/policie-c.1-lamborghini-callardo-polizia/,20081220020914,skip
http://www.press.sk:80/suveniry-modely/policie-c.2-ford-crown-victoria-police-nypd/,https://web.archive.org/web/20081220020919/http://www.press.sk:80/suveniry-modely/policie-c.2-ford-crown-victoria-police-nypd/,20081220020919,skip
http://www.press.sk:80/suveniry-modely/policie-c.2-ford-crown-victoria-police-nypd-3952/,https://web.archive.org/web/20081220020030/http://www.press.sk:80/suveniry-modely/policie-c.2-ford-crown-victoria-police-nypd-3952/,20081220020030,skip
http://www.press.sk:80/suveniry-modely/policie-c.3-subaru-impreza-wrx-sti/,https://web.archive.org/web/20081112043000/http://www.press.sk:80/suveniry-modely/policie-c.3-subaru-impreza-wrx-sti/,20081112043000,skip
http://www.press.sk:80/suveniry-modely/policie-c.3-subaru-impreza-wrx-sti/,https://web.archive.org/web/20081220020924/http://www.press.sk:80/suveniry-modely/policie-c.3-subaru-impreza-wrx-sti/,20081220020924,skip
http://www.press.sk:80/suveniry-modely/policie-c.4-mercedes-benz-180d-vozidlo-nemeckej-policie/,https://web.archive.org/web/20081220020716/http://www.press.sk:80/suveniry-modely/policie-c.4-mercedes-benz-180d-vozidlo-nemeckej-policie/,20081220020716,skip
http://www.press.sk:80/suveniry-modely/policie-c.5-nissan-350z-vozidlo-madarskej-policie/,https://web.archive.org/web/20081220020929/http://www.press.sk:80/suveniry-modely/policie-c.5-nissan-350z-vozidlo-madarskej-policie/,20081220020929,skip
http://www.press.sk:80/suveniry-modely/revi-decals-czechoslovak-liberators/,https://web.archive.org/web/20081220020509/http://www.press.sk:80/suveniry-modely/revi-decals-czechoslovak-liberators/,20081220020509,skip
http://www.press.sk:80/suveniry-modely/revi-decals-hunter-killer-part-one/,https://web.archive.org/web/20081220020934/http://www.press.sk:80/suveniry-modely/revi-decals-hunter-killer-part-one/,20081220020934,skip
http://www.press.sk:80/suveniry-modely/revi-decals-hunter-killer-part-one-3889/,https://web.archive.org/web/20081220020038/http://www.press.sk:80/suveniry-modely/revi-decals-hunter-killer-part-one-3889/,20081220020038,skip
http://www.press.sk:80/suveniry-modely/revi-decals-japanese-schragemusik-japanese-aircraft-with-oblique/,https://web.archive.org/web/20081220020042/http://www.press.sk:80/suveniry-modely/revi-decals-japanese-schragemusik-japanese-aircraft-with-oblique/,20081220020042,skip
http://www.press.sk:80/suveniry-modely/super-automobily-c.1-bugatti-veyron/,https://web.archive.org/web/20081220020939/http://www.press.sk:80/suveniry-modely/super-automobily-c.1-bugatti-veyron/,20081220020939,skip
http://www.press.sk:80/suveniry-modely/super-automobily-c.2-maserati-coupe/,https://web.archive.org/web/20081220020944/http://www.press.sk:80/suveniry-modely/super-automobily-c.2-maserati-coupe/,20081220020944,skip
http://www.press.sk:80/suveniry-modely/super-automobily-c.3-ferrari-f40/,https://web.archive.org/web/20081220020721/http://www.press.sk:80/suveniry-modely/super-automobily-c.3-ferrari-f40/,20081220020721,skip
http://www.press.sk:80/suveniry-modely/tanky-c.1-m4105-sherman/,https://web.archive.org/web/20081220020949/http://www.press.sk:80/suveniry-modely/tanky-c.1-m4105-sherman/,20081220020949,skip
http://www.press.sk:80/suveniry-modely/tanky-c.11-pzkpfw-vi-ausf.-e-tiger/,https://web.archive.org/web/20081021150744/http://www.press.sk:80/suveniry-modely/tanky-c.11-pzkpfw-vi-ausf.-e-tiger/,20081021150744,skip
http://www.press.sk:80/suveniry-modely/tanky-c.11-pzkpfw-vi-ausf.-e-tiger/,https://web.archive.org/web/20081220020954/http://www.press.sk:80/suveniry-modely/tanky-c.11-pzkpfw-vi-ausf.-e-tiger/,20081220020954,skip
http://www.press.sk:80/suveniry-modely/tanky-c.11-pzkpfw-vi-ausf.-e-tiger/,https://web.archive.org/web/20081227023350/http://www.press.sk:80/suveniry-modely/tanky-c.11-pzkpfw-vi-ausf.-e-tiger/,20081227023350,skip
http://www.press.sk:80/suveniry-modely/tanky-c.2-amx-30b/,https://web.archive.org/web/20081220020107/http://www.press.sk:80/suveniry-modely/tanky-c.2-amx-30b/,20081220020107,skip
http://www.press.sk:80/suveniry-modely/tanky-c.3-sdkfz-182-pzkpfw-vi-ausf.b-tiger-ii/,https://web.archive.org/web/20081220020514/http://www.press.sk:80/suveniry-modely/tanky-c.3-sdkfz-182-pzkpfw-vi-ausf.b-tiger-ii/,20081220020514,skip
http://www.press.sk:80/suveniry-modely/tanky-c.4-m48a3-patton-2/,https://web.archive.org/web/20081220020748/http://www.press.sk:80/suveniry-modely/tanky-c.4-m48a3-patton-2/,20081220020748,skip
http://www.press.sk:80/suveniry-modely/tanky-c.5-pzkpfw-v-ausf-a-panther/,https://web.archive.org/web/20081220020754/http://www.press.sk:80/suveniry-modely/tanky-c.5-pzkpfw-v-ausf-a-panther/,20081220020754,skip
http://www.press.sk:80/suveniry-modely/tanky-c.6-t-3476/,https://web.archive.org/web/20081220021325/http://www.press.sk:80/suveniry-modely/tanky-c.6-t-3476/,20081220021325,skip
http://www.press.sk:80/suveniry-modely/tanky-c.7-t-80-bv/,https://web.archive.org/web/20081227111156/http://www.press.sk:80/suveniry-modely/tanky-c.7-t-80-bv/,20081227111156,skip
http://www.press.sk:80/suveniry-modely/tanky-c.8-merkava-iii/,https://web.archive.org/web/20081227111201/http://www.press.sk:80/suveniry-modely/tanky-c.8-merkava-iii/,20081227111201,skip
http://www.press.sk:80/suveniry-modely/tanky-c.9-m26-pershing/,https://web.archive.org/web/20081021150750/http://www.press.sk:80/suveniry-modely/tanky-c.9-m26-pershing/,20081021150750,skip
http://www.press.sk:80/suveniry-modely/tanky-c.9-m26-pershing/,https://web.archive.org/web/20081227111217/http://www.press.sk:80/suveniry-modely/tanky-c.9-m26-pershing/,20081227111217,skip
http://www.press.sk:80/terorizmus/,https://web.archive.org/web/20081210012839/http://www.press.sk:80/terorizmus/,20081210012839,skip
http://www.press.sk:80/terorizmus/,https://web.archive.org/web/20081229155055/http://www.press.sk:80/terorizmus/,20081229155055,skip
http://www.press.sk:80/terorizmus/al-kajda-a-co-to-znamena-byt-moderni/,https://web.archive.org/web/20081210063908/http://www.press.sk:80/terorizmus/al-kajda-a-co-to-znamena-byt-moderni/,20081210063908,skip
http://www.press.sk:80/terorizmus/bojoval-jsem-s-al-kaidou/,https://web.archive.org/web/20081210063914/http://www.press.sk:80/terorizmus/bojoval-jsem-s-al-kaidou/,20081210063914,skip
http://www.press.sk:80/terorizmus/encyklopedie-blizkovychodniho-terorismu/,https://web.archive.org/web/20081210063919/http://www.press.sk:80/terorizmus/encyklopedie-blizkovychodniho-terorismu/,20081210063919,skip
http://www.press.sk:80/terorizmus/extremismus-hrozba-demokracie/,https://web.archive.org/web/20081210063924/http://www.press.sk:80/terorizmus/extremismus-hrozba-demokracie/,20081210063924,skip
http://www.press.sk:80/terorizmus/litvinenkuv-spis/,https://web.archive.org/web/20081210063929/http://www.press.sk:80/terorizmus/litvinenkuv-spis/,20081210063929,skip
http://www.press.sk:80/terorizmus/strategie-valky-proti-terorismu/,https://web.archive.org/web/20081210063934/http://www.press.sk:80/terorizmus/strategie-valky-proti-terorismu/,20081210063934,skip
http://www.press.sk:80/terorizmus/teror-s.r.o./,https://web.archive.org/web/20081210063939/http://www.press.sk:80/terorizmus/teror-s.r.o./,20081210063939,skip
http://www.press.sk:80/terorizmus/terorismus-i./,https://web.archive.org/web/20081210063945/http://www.press.sk:80/terorizmus/terorismus-i./,20081210063945,skip
http://www.press.sk:80/terorizmus/terorismus-ii./,https://web.archive.org/web/20081210063950/http://www.press.sk:80/terorizmus/terorismus-ii./,20081210063950,skip
http://www.press.sk:80/terorizmus/terorismus-iii.-protiteroristicke-jednotky/,https://web.archive.org/web/20081210063955/http://www.press.sk:80/terorizmus/terorismus-iii.-protiteroristicke-jednotky/,20081210063955,skip
http://www.press.sk:80/terorizmus/valka-teprve-zacina-scenare-pro-21.-stoleti/,https://web.archive.org/web/20081210064000/http://www.press.sk:80/terorizmus/valka-teprve-zacina-scenare-pro-21.-stoleti/,20081210064000,skip
http://www.press.sk:80/terorizmus/werwolf/,https://web.archive.org/web/20081210064005/http://www.press.sk:80/terorizmus/werwolf/,20081210064005,skip
http://www.press.sk:80/ucebnice-a-slovniky-ine/,https://web.archive.org/web/20081030010909/http://www.press.sk:80/ucebnice-a-slovniky-ine/,20081030010909,skip
http://www.press.sk:80/ucebnice-a-slovniky-ine/,https://web.archive.org/web/20081228181815/http://www.press.sk:80/ucebnice-a-slovniky-ine/,20081228181815,skip
http://www.press.sk:80/ucebnice-a-slovniky-jazykove/,https://web.archive.org/web/20081030010914/http://www.press.sk:80/ucebnice-a-slovniky-jazykove/,20081030010914,skip
http://www.press.sk:80/ucebnice-a-slovniky-jazykove/,https://web.archive.org/web/20081228210645/http://www.press.sk:80/ucebnice-a-slovniky-jazykove/,20081228210645,skip
http://www.press.sk:80/ucebnice-pre-cub/,https://web.archive.org/web/20081030010929/http://www.press.sk:80/ucebnice-pre-cub/,20081030010929,skip
http://www.press.sk:80/ucebnice-pre-cub/,https://web.archive.org/web/20081228211313/http://www.press.sk:80/ucebnice-pre-cub/,20081228211313,skip
http://www.press.sk:80/vhs/,https://web.archive.org/web/20081209073112/http://www.press.sk:80/vhs/,20081209073112,skip
http://www.press.sk:80/vojnovy-roman/,https://web.archive.org/web/20081020212105/http://www.press.sk:80/vojnovy-roman/,20081020212105,skip
http://www.press.sk:80/vojnovy-roman/absolutni-zbran/,https://web.archive.org/web/20081021150756/http://www.press.sk:80/vojnovy-roman/absolutni-zbran/,20081021150756,skip
http://www.press.sk:80/vojnovy-roman/kontrola/,https://web.archive.org/web/20081224020411/http://www.press.sk:80/vojnovy-roman/kontrola/,20081224020411,skip
http://www.press.sk:80/vseobecna/,https://web.archive.org/web/20081022071512/http://www.press.sk:80/vseobecna/,20081022071512,skip
http://www.press.sk:80/vseobecna/,https://web.archive.org/web/20081223180907/http://www.press.sk:80/vseobecna/,20081223180907,skip
http://www.press.sk:80/vseobecna/encyklopedie-rimskych-cisaru-a-cisaroven-z-pohledu-jejich-minci/,https://web.archive.org/web/20081021150801/http://www.press.sk:80/vseobecna/encyklopedie-rimskych-cisaru-a-cisaroven-z-pohledu-jejich-minci/,20081021150801,skip
http://www.press.sk:80/vseobecna/hitleruv-papez-tajny-pribeh-pia-xii./,https://web.archive.org/web/20081021150806/http://www.press.sk:80/vseobecna/hitleruv-papez-tajny-pribeh-pia-xii./,20081021150806,skip
http://www.press.sk:80/vseobecna/kralovske-vrazdeni-pribehy-z-francouzskych-dejin/,https://web.archive.org/web/20081021150816/http://www.press.sk:80/vseobecna/kralovske-vrazdeni-pribehy-z-francouzskych-dejin/,20081021150816,skip
http://www.press.sk:80/vseobecna/naciste-a-okultismus-temne-sily-ve-sluzbach-treti-rise/,https://web.archive.org/web/20081223105547/http://www.press.sk:80/vseobecna/naciste-a-okultismus-temne-sily-ve-sluzbach-treti-rise/,20081223105547,skip
http://www.press.sk:80/vseobecna/proc-spojenci-zvitezili/,https://web.archive.org/web/20081021150821/http://www.press.sk:80/vseobecna/proc-spojenci-zvitezili/,20081021150821,skip
http://www.press.sk:80/vseobecna/rimska-bojova-taktika-109-pr.n.l.-.-313-n.l./,https://web.archive.org/web/20081021150826/http://www.press.sk:80/vseobecna/rimska-bojova-taktika-109-pr.n.l.-.-313-n.l./,20081021150826,skip
http://www.press.sk:80/vseobecna/slovenska-armada-v-tazeni-proti-sovietskemu-zvazu-ii.-1941-1944-zaistovacia-divizia-a-zeleznicni-pionieri/,https://web.archive.org/web/20081224020633/http://www.press.sk:80/vseobecna/slovenska-armada-v-tazeni-proti-sovietskemu-zvazu-ii.-1941-1944-zaistovacia-divizia-a-zeleznicni-pionieri/,20081224020633,skip
http://www.press.sk:80/vseobecna/velka-vlastenecka-katastrofa-tragedie-roku-1941/,https://web.archive.org/web/20081026030017/http://www.press.sk:80/vseobecna/velka-vlastenecka-katastrofa-tragedie-roku-1941/,20081026030017,skip
http://www.press.sk:80/vseobecna/vzestup-a-pad-velkych-risi/,https://web.archive.org/web/20081209073125/http://www.press.sk:80/vseobecna/vzestup-a-pad-velkych-risi/,20081209073125,skip
http://www.press.sk:80/vychova-vzdelavanie/,https://web.archive.org/web/20081203142050/http://www.press.sk:80/vychova-vzdelavanie/,20081203142050,skip
http://www.press.sk:80/vychova-vzdelavanie/,https://web.archive.org/web/20081217131358/http://www.press.sk:80/vychova-vzdelavanie/,20081217131358,skip
http://www.press.sk:80/vychova-vzdelavanie/rodina-a-skola/,https://web.archive.org/web/20081217032310/http://www.press.sk:80/vychova-vzdelavanie/rodina-a-skola/,20081217032310,skip
http://www.press.sk:80/web/expedicia-casopisov-45.tyzden/,https://web.archive.org/web/20081106104503/http://www.press.sk:80/web/expedicia-casopisov-45.tyzden/,20081106104503,skip
http://www.press.sk:80/web/expedicia-casopisov-46.-tyzden/,https://web.archive.org/web/20081113121053/http://www.press.sk:80/web/expedicia-casopisov-46.-tyzden/,20081113121053,skip
http://www.press.sk:80/web/expedicia-casopisov-50.tyzden/,https://web.archive.org/web/20081212010047/http://www.press.sk:80/web/expedicia-casopisov-50.tyzden/,20081212010047,skip
http://www.press.sk:80/web/expedicia-casopisov-51.tyzden/,https://web.archive.org/web/20081218085820/http://www.press.sk:80/web/expedicia-casopisov-51.tyzden/,20081218085820,skip
http://www.press.sk:80/web/novy-exkluzivny-casopis-v-nasej-ponuke/,https://web.archive.org/web/20081218020518/http://www.press.sk:80/web/novy-exkluzivny-casopis-v-nasej-ponuke/,20081218020518,skip
http://www.press.sk:80/web/vyber-z-periodik-49.tyzden/,https://web.archive.org/web/20081218020524/http://www.press.sk:80/web/vyber-z-periodik-49.tyzden/,20081218020524,skip
http://www.press.sk:80/zahradkarstvo/,https://web.archive.org/web/20081211135326/http://www.press.sk:80/zahradkarstvo/,20081211135326,skip
http://www.press.sk:80/zahradkarstvo/,https://web.archive.org/web/20081224212623/http://www.press.sk:80/zahradkarstvo/,20081224212623,skip
http://www.press.sk:80/zaujimave-stranky/,https://web.archive.org/web/20081020212111/http://www.press.sk:80/zaujimave-stranky/,20081020212111,skip
http://www.press.sk:80/zaujimave-stranky/,https://web.archive.org/web/20081023033414/http://www.press.sk:80/zaujimave-stranky/,20081023033414,skip
http://www.press.sk:80/zbrane-a-technika/,https://web.archive.org/web/20081020212117/http://www.press.sk:80/zbrane-a-technika/,20081020212117,skip
http://www.press.sk:80/zbrane-a-technika/,https://web.archive.org/web/20081109075332/http://www.press.sk:80/zbrane-a-technika/,20081109075332,skip
http://www.press.sk:80/zbrane-a-technika/balistika-strely-presnost-strelby-ucinek/,https://web.archive.org/web/20081211045710/http://www.press.sk:80/zbrane-a-technika/balistika-strely-presnost-strelby-ucinek/,20081211045710,skip
http://www.press.sk:80/zbrane-a-technika/fmtv-trucks-in-detail/,https://web.archive.org/web/20081224020416/http://www.press.sk:80/zbrane-a-technika/fmtv-trucks-in-detail/,20081224020416,skip
http://www.press.sk:80/zbrane-a-technika/jak-cisar-pan-nechodil-pesky/,https://web.archive.org/web/20081224020640/http://www.press.sk:80/zbrane-a-technika/jak-cisar-pan-nechodil-pesky/,20081224020640,skip
"http://www.press.sk:80/zbrane-a-technika/n,a,30,30/","https://web.archive.org/web/20081109075337/http://www.press.sk:80/zbrane-a-technika/n,a,30,30/",20081109075337,skip
http://www.press.sk:80/zbrane-a-technika/napoleonova-dela-1792-1815/,https://web.archive.org/web/20081218214249/http://www.press.sk:80/zbrane-a-technika/napoleonova-dela-1792-1815/,20081218214249,skip
http://www.press.sk:80/zbrane-a-technika/nastroje-muceni/,https://web.archive.org/web/20081217032316/http://www.press.sk:80/zbrane-a-technika/nastroje-muceni/,20081217032316,skip
http://www.press.sk:80/zbrane-a-technika/opakovaci-vzduchovka-cz/,https://web.archive.org/web/20081230051239/http://www.press.sk:80/zbrane-a-technika/opakovaci-vzduchovka-cz/,20081230051239,skip
http://www.press.sk:80/zbrane-a-technika/recka-a-rimska-oblehaci-technika-399-pr.n.l.-363-n.l./,https://web.archive.org/web/20081218214254/http://www.press.sk:80/zbrane-a-technika/recka-a-rimska-oblehaci-technika-399-pr.n.l.-363-n.l./,20081218214254,skip
http://www.press.sk:80/zbrane-a-technika/vrtulniky/,https://web.archive.org/web/20081224020424/http://www.press.sk:80/zbrane-a-technika/vrtulniky/,20081224020424,skip
