original_url,wayback_url,timestamp,type
http://www.press.sk:80/?,https://web.archive.org/web/20080706142316/http://www.press.sk:80/?,20080706142316,skip
http://www.press.sk:80/?,https://web.archive.org/web/20080814151817/http://www.press.sk:80/?,20080814151817,skip
http://www.press.sk:80/?,https://web.archive.org/web/20080815160014/http://www.press.sk:80/?,20080815160014,skip
http://www.press.sk:80/?,https://web.archive.org/web/20080817053746/http://www.press.sk:80/?,20080817053746,skip
http://www.press.sk:80/,https://web.archive.org/web/20080913064725/http://www.press.sk:80/,20080913064725,skip
http://www.press.sk:80/?,https://web.archive.org/web/20080918232434/http://www.press.sk:80/?,20080918232434,skip
http://www.press.sk:80/,https://web.archive.org/web/20080922110246/http://www.press.sk:80/,20080922110246,skip
http://www.press.sk:80/index.php,https://web.archive.org/web/20080701075736/http://www.press.sk:80/index.php,20080701075736,skip
http://www.press.sk:80/index.php?,https://web.archive.org/web/20080702075719/http://www.press.sk:80/index.php?,20080702075719,skip
http://www.press.sk:80/index.php,https://web.archive.org/web/20080702120039/http://www.press.sk:80/index.php,20080702120039,skip
http://www.press.sk:80/index.php?,https://web.archive.org/web/20080703081415/http://www.press.sk:80/index.php?,20080703081415,skip
http://www.press.sk:80/index.php,https://web.archive.org/web/20080703163222/http://www.press.sk:80/index.php,20080703163222,skip
http://www.press.sk:80/index.php?,https://web.archive.org/web/20080704101710/http://www.press.sk:80/index.php?,20080704101710,skip
http://www.press.sk:80/index.php,https://web.archive.org/web/20080704172232/http://www.press.sk:80/index.php,20080704172232,skip
http://www.press.sk:80/index.php?,https://web.archive.org/web/20080705104318/http://www.press.sk:80/index.php?,20080705104318,skip
http://www.press.sk:80/index.php,https://web.archive.org/web/20080705195018/http://www.press.sk:80/index.php,20080705195018,skip
http://www.press.sk:80/index.php?,https://web.archive.org/web/20080706120945/http://www.press.sk:80/index.php?,20080706120945,skip
http://www.press.sk:80/index.php,https://web.archive.org/web/20080707215007/http://www.press.sk:80/index.php,20080707215007,skip
http://www.press.sk:80/index.php?,https://web.archive.org/web/20080708140650/http://www.press.sk:80/index.php?,20080708140650,skip
http://www.press.sk:80/index.php?,https://web.archive.org/web/20080709143340/http://www.press.sk:80/index.php?,20080709143340,skip
http://www.press.sk:80/index.php?,https://web.archive.org/web/20080710192658/http://www.press.sk:80/index.php?,20080710192658,skip
http://www.press.sk:80/index.php?,https://web.archive.org/web/20080711210733/http://www.press.sk:80/index.php?,20080711210733,skip
http://www.press.sk:80/index.php?,https://web.archive.org/web/20080712212957/http://www.press.sk:80/index.php?,20080712212957,skip
http://www.press.sk:80/index.php?,https://web.archive.org/web/20080714001409/http://www.press.sk:80/index.php?,20080714001409,skip
http://www.press.sk:80/index.php?,https://web.archive.org/web/20080715033324/http://www.press.sk:80/index.php?,20080715033324,skip
http://www.press.sk:80/index.php?,https://web.archive.org/web/20080716045622/http://www.press.sk:80/index.php?,20080716045622,skip
http://www.press.sk:80/index.php?,https://web.archive.org/web/20080717053349/http://www.press.sk:80/index.php?,20080717053349,skip
http://www.press.sk:80/index.php,https://web.archive.org/web/20080718024703/http://www.press.sk:80/index.php,20080718024703,skip
http://www.press.sk:80/index.php?,https://web.archive.org/web/20080718081225/http://www.press.sk:80/index.php?,20080718081225,skip
http://www.press.sk:80/index.php,https://web.archive.org/web/20080719073423/http://www.press.sk:80/index.php,20080719073423,skip
http://www.press.sk:80/index.php?,https://web.archive.org/web/20080719100738/http://www.press.sk:80/index.php?,20080719100738,skip
http://www.press.sk:80/index.php,https://web.archive.org/web/20080720095236/http://www.press.sk:80/index.php,20080720095236,skip
http://www.press.sk:80/index.php?,https://web.archive.org/web/20080720131150/http://www.press.sk:80/index.php?,20080720131150,skip
http://www.press.sk:80/index.php,https://web.archive.org/web/20080721100043/http://www.press.sk:80/index.php,20080721100043,skip
http://www.press.sk:80/index.php?,https://web.archive.org/web/20080721144307/http://www.press.sk:80/index.php?,20080721144307,skip
http://www.press.sk:80/index.php,https://web.archive.org/web/20080722103825/http://www.press.sk:80/index.php,20080722103825,skip
http://www.press.sk:80/index.php?,https://web.archive.org/web/20080722152236/http://www.press.sk:80/index.php?,20080722152236,skip
http://www.press.sk:80/index.php,https://web.archive.org/web/20080723104242/http://www.press.sk:80/index.php,20080723104242,skip
http://www.press.sk:80/index.php?,https://web.archive.org/web/20080723152914/http://www.press.sk:80/index.php?,20080723152914,skip
http://www.press.sk:80/index.php,https://web.archive.org/web/20080724124742/http://www.press.sk:80/index.php,20080724124742,skip
http://www.press.sk:80/index.php?,https://web.archive.org/web/20080724184434/http://www.press.sk:80/index.php?,20080724184434,skip
http://www.press.sk:80/index.php,https://web.archive.org/web/20080725163819/http://www.press.sk:80/index.php,20080725163819,skip
http://www.press.sk:80/index.php?,https://web.archive.org/web/20080725193235/http://www.press.sk:80/index.php?,20080725193235,skip
http://www.press.sk:80/index.php?,https://web.archive.org/web/20080726204743/http://www.press.sk:80/index.php?,20080726204743,skip
http://www.press.sk:80/index.php?,https://web.archive.org/web/20080727212903/http://www.press.sk:80/index.php?,20080727212903,skip
http://www.press.sk:80/index.php?,https://web.archive.org/web/20080728215558/http://www.press.sk:80/index.php?,20080728215558,skip
http://www.press.sk:80/index.php?,https://web.archive.org/web/20080729224037/http://www.press.sk:80/index.php?,20080729224037,skip
http://www.press.sk:80/index.php?,https://web.archive.org/web/20080730230757/http://www.press.sk:80/index.php?,20080730230757,skip
http://www.press.sk:80/index.php?,https://web.archive.org/web/20080804234544/http://www.press.sk:80/index.php?,20080804234544,skip
http://www.press.sk:80/index.php?,https://web.archive.org/web/20080806015141/http://www.press.sk:80/index.php?,20080806015141,skip
http://www.press.sk:80/index.php,https://web.archive.org/web/20080806025250/http://www.press.sk:80/index.php,20080806025250,skip
http://press.sk:80/index.php?,https://web.archive.org/web/20080807023049/http://press.sk:80/index.php?,20080807023049,skip
http://www.press.sk:80/index.php,https://web.archive.org/web/20080807033358/http://www.press.sk:80/index.php,20080807033358,skip
http://www.press.sk:80/index.php?,https://web.archive.org/web/20080808035422/http://www.press.sk:80/index.php?,20080808035422,skip
http://www.press.sk:80/index.php,https://web.archive.org/web/20080808045540/http://www.press.sk:80/index.php,20080808045540,skip
http://www.press.sk:80/index.php?,https://web.archive.org/web/20080809054555/http://www.press.sk:80/index.php?,20080809054555,skip
http://www.press.sk:80/index.php,https://web.archive.org/web/20080809074508/http://www.press.sk:80/index.php,20080809074508,skip
http://www.press.sk:80/index.php?,https://web.archive.org/web/20080810055922/http://www.press.sk:80/index.php?,20080810055922,skip
http://www.press.sk:80/index.php,https://web.archive.org/web/20080810095127/http://www.press.sk:80/index.php,20080810095127,skip
http://www.press.sk.:80/index.php?,https://web.archive.org/web/20080811063232/http://www.press.sk.:80/index.php?,20080811063232,skip
http://www.press.sk.:80/index.php,https://web.archive.org/web/20080811135536/http://www.press.sk.:80/index.php,20080811135536,skip
http://www.press.sk:80/index.php?,https://web.archive.org/web/20080812071541/http://www.press.sk:80/index.php?,20080812071541,skip
http://www.press.sk:80/index.php,https://web.archive.org/web/20080812151122/http://www.press.sk:80/index.php,20080812151122,skip
http://www.press.sk:80/index.php?,https://web.archive.org/web/20080813075106/http://www.press.sk:80/index.php?,20080813075106,skip
http://www.press.sk:80/index.php?,https://web.archive.org/web/20080814082151/http://www.press.sk:80/index.php?,20080814082151,skip
http://www.press.sk:80/index.php?,https://web.archive.org/web/20080815091312/http://www.press.sk:80/index.php?,20080815091312,skip
http://www.press.sk:80/index.php?,https://web.archive.org/web/20080816100011/http://www.press.sk:80/index.php?,20080816100011,skip
http://www.press.sk:80/index.php,https://web.archive.org/web/20080817053800/http://www.press.sk:80/index.php,20080817053800,skip
http://www.press.sk:80/index.php?,https://web.archive.org/web/20080817111349/http://www.press.sk:80/index.php?,20080817111349,skip
http://www.press.sk:80/index.php?,https://web.archive.org/web/20080818113947/http://www.press.sk:80/index.php?,20080818113947,skip
http://www.press.sk:80/index.php?,https://web.archive.org/web/20080819134105/http://www.press.sk:80/index.php?,20080819134105,skip
http://www.press.sk:80/index.php?,https://web.archive.org/web/20080820142709/http://www.press.sk:80/index.php?,20080820142709,skip
http://www.press.sk:80/index.php?,https://web.archive.org/web/20080821144842/http://www.press.sk:80/index.php?,20080821144842,skip
http://www.press.sk:80/index.php?,https://web.archive.org/web/20080822150928/http://www.press.sk:80/index.php?,20080822150928,skip
http://www.press.sk:80/index.php?,https://web.archive.org/web/20080824172129/http://www.press.sk:80/index.php?,20080824172129,skip
http://www.press.sk:80/index.php?,https://web.archive.org/web/20080825191011/http://www.press.sk:80/index.php?,20080825191011,skip
http://www.press.sk:80/index.php?,https://web.archive.org/web/20080826220829/http://www.press.sk:80/index.php?,20080826220829,skip
http://www.press.sk:80/index.php?,https://web.archive.org/web/20080828001655/http://www.press.sk:80/index.php?,20080828001655,skip
http://www.press.sk:80/index.php?,https://web.archive.org/web/20080829053521/http://www.press.sk:80/index.php?,20080829053521,skip
http://www.press.sk:80/index.php?,https://web.archive.org/web/20080830073724/http://www.press.sk:80/index.php?,20080830073724,skip
http://www.press.sk:80/index.php?,https://web.archive.org/web/20080831083459/http://www.press.sk:80/index.php?,20080831083459,skip
http://www.press.sk:80/index.php?,https://web.archive.org/web/20080901083811/http://www.press.sk:80/index.php?,20080901083811,skip
http://www.press.sk:80/index.php?,https://web.archive.org/web/20080902101848/http://www.press.sk:80/index.php?,20080902101848,skip
http://www.press.sk:80/index.php?,https://web.archive.org/web/20080903110047/http://www.press.sk:80/index.php?,20080903110047,skip
http://www.press.sk:80/index.php?,https://web.archive.org/web/20080904205725/http://www.press.sk:80/index.php?,20080904205725,skip
http://www.press.sk:80/index.php,https://web.archive.org/web/20080905013845/http://www.press.sk:80/index.php,20080905013845,skip
http://www.press.sk:80/index.php?,https://web.archive.org/web/20080905213004/http://www.press.sk:80/index.php?,20080905213004,skip
http://www.press.sk:80/index.php,https://web.archive.org/web/20080906204704/http://www.press.sk:80/index.php,20080906204704,skip
http://www.press.sk:80/index.php?,https://web.archive.org/web/20080906224110/http://www.press.sk:80/index.php?,20080906224110,skip
http://www.press.sk:80/index.php?,https://web.archive.org/web/20080909000913/http://www.press.sk:80/index.php?,20080909000913,skip
http://www.press.sk:80/index.php?,https://web.archive.org/web/20080910001203/http://www.press.sk:80/index.php?,20080910001203,skip
http://www.press.sk:80/index.php?,https://web.archive.org/web/20080911015520/http://www.press.sk:80/index.php?,20080911015520,skip
http://www.press.sk:80/index.php?,https://web.archive.org/web/20080912021907/http://www.press.sk:80/index.php?,20080912021907,skip
http://www.press.sk:80/index.php?,https://web.archive.org/web/20080913032410/http://www.press.sk:80/index.php?,20080913032410,skip
http://www.press.sk:80/index.php,https://web.archive.org/web/20080915000942/http://www.press.sk:80/index.php,20080915000942,skip
http://www.press.sk:80/index.php?,https://web.archive.org/web/20080920125359/http://www.press.sk:80/index.php?,20080920125359,skip
http://www.press.sk:80/index.php?,https://web.archive.org/web/20080928095336/http://www.press.sk:80/index.php?,20080928095336,skip
http://www.press.sk:80/index.php,https://web.archive.org/web/20080929031932/http://www.press.sk:80/index.php,20080929031932,skip
http://www.press.sk:80/index.php/images/images/index.php?,https://web.archive.org/web/20080927094906/http://www.press.sk:80/index.php/images/images/index.php?,20080927094906,skip
http://www.press.sk:80/index.php/images/obchod/ps_image/images/index.php?,https://web.archive.org/web/20080817053850/http://www.press.sk:80/index.php/images/obchod/ps_image/images/index.php?,20080817053850,skip
http://www.press.sk:80/index.php/index.php?,https://web.archive.org/web/20080919021246/http://www.press.sk:80/index.php/index.php?,20080919021246,skip
http://www.press.sk:80/index.php?page=shop.flypage&product_id=1054&category_id=&option=com_phpshop,https://web.archive.org/web/20080922173141/http://www.press.sk:80/index.php?page=shop.flypage&product_id=1054&category_id=&option=com_phpshop,20080922173141,skip
http://www.press.sk:80/index.php?page=shop.flypage&product_id=179&category_id=&option=com_phpshop,https://web.archive.org/web/20080701095023/http://www.press.sk:80/index.php?page=shop.flypage&product_id=179&category_id=&option=com_phpshop,20080701095023,skip
http://www.press.sk:80/index.php?page=shop.flypage&product_id=179&category_id=&option=com_phpshop,https://web.archive.org/web/20080702113612/http://www.press.sk:80/index.php?page=shop.flypage&product_id=179&category_id=&option=com_phpshop,20080702113612,skip
http://www.press.sk:80/index.php?page=shop.flypage&product_id=179&category_id=&option=com_phpshop,https://web.archive.org/web/20080703175027/http://www.press.sk:80/index.php?page=shop.flypage&product_id=179&category_id=&option=com_phpshop,20080703175027,skip
http://www.press.sk:80/index.php?page=shop.flypage&product_id=179&category_id=&option=com_phpshop,https://web.archive.org/web/20080705193748/http://www.press.sk:80/index.php?page=shop.flypage&product_id=179&category_id=&option=com_phpshop,20080705193748,skip
http://www.press.sk:80/index.php?page=shop.flypage&product_id=179&category_id=&option=com_phpshop,https://web.archive.org/web/20080706202809/http://www.press.sk:80/index.php?page=shop.flypage&product_id=179&category_id=&option=com_phpshop,20080706202809,skip
http://www.press.sk:80/index.php?page=shop.flypage&product_id=179&category_id=&option=com_phpshop,https://web.archive.org/web/20080708221449/http://www.press.sk:80/index.php?page=shop.flypage&product_id=179&category_id=&option=com_phpshop,20080708221449,skip
http://www.press.sk:80/index.php?page=shop.flypage&product_id=179&category_id=&option=com_phpshop,https://web.archive.org/web/20080709222925/http://www.press.sk:80/index.php?page=shop.flypage&product_id=179&category_id=&option=com_phpshop,20080709222925,skip
http://www.press.sk:80/index.php?page=shop.flypage&product_id=179&category_id=&option=com_phpshop,https://web.archive.org/web/20080710224935/http://www.press.sk:80/index.php?page=shop.flypage&product_id=179&category_id=&option=com_phpshop,20080710224935,skip
http://www.press.sk:80/index.php?page=shop.flypage&product_id=179&category_id=&option=com_phpshop,https://web.archive.org/web/20080712002414/http://www.press.sk:80/index.php?page=shop.flypage&product_id=179&category_id=&option=com_phpshop,20080712002414,skip
http://www.press.sk:80/index.php?page=shop.flypage&product_id=179&category_id=&option=com_phpshop,https://web.archive.org/web/20080713061350/http://www.press.sk:80/index.php?page=shop.flypage&product_id=179&category_id=&option=com_phpshop,20080713061350,skip
http://www.press.sk:80/index.php?page=shop.flypage&product_id=179&category_id=&option=com_phpshop,https://web.archive.org/web/20080714070124/http://www.press.sk:80/index.php?page=shop.flypage&product_id=179&category_id=&option=com_phpshop,20080714070124,skip
http://www.press.sk:80/index.php?page=shop.flypage&product_id=179&category_id=&option=com_phpshop,https://web.archive.org/web/20080715132104/http://www.press.sk:80/index.php?page=shop.flypage&product_id=179&category_id=&option=com_phpshop,20080715132104,skip
http://www.press.sk:80/index.php?page=shop.flypage&product_id=179&category_id=&option=com_phpshop,https://web.archive.org/web/20080716230921/http://www.press.sk:80/index.php?page=shop.flypage&product_id=179&category_id=&option=com_phpshop,20080716230921,skip
http://www.press.sk:80/index.php?page=shop.flypage&product_id=179&category_id=&option=com_phpshop,https://web.archive.org/web/20080718005316/http://www.press.sk:80/index.php?page=shop.flypage&product_id=179&category_id=&option=com_phpshop,20080718005316,skip
http://www.press.sk:80/index.php?page=shop.flypage&product_id=179&category_id=&option=com_phpshop,https://web.archive.org/web/20080719073425/http://www.press.sk:80/index.php?page=shop.flypage&product_id=179&category_id=&option=com_phpshop,20080719073425,skip
http://www.press.sk:80/index.php?page=shop.flypage&product_id=179&category_id=&option=com_phpshop,https://web.archive.org/web/20080720105157/http://www.press.sk:80/index.php?page=shop.flypage&product_id=179&category_id=&option=com_phpshop,20080720105157,skip
http://www.press.sk:80/index.php?page=shop.flypage&product_id=179&category_id=&option=com_phpshop,https://web.archive.org/web/20080721160126/http://www.press.sk:80/index.php?page=shop.flypage&product_id=179&category_id=&option=com_phpshop,20080721160126,skip
http://www.press.sk:80/index.php?page=shop.flypage&product_id=179&category_id=&option=com_phpshop,https://web.archive.org/web/20080722180157/http://www.press.sk:80/index.php?page=shop.flypage&product_id=179&category_id=&option=com_phpshop,20080722180157,skip
http://www.press.sk:80/index.php?page=shop.flypage&product_id=179&category_id=&option=com_phpshop,https://web.archive.org/web/20080725041631/http://www.press.sk:80/index.php?page=shop.flypage&product_id=179&category_id=&option=com_phpshop,20080725041631,skip
http://www.press.sk:80/index.php?page=shop.flypage&product_id=179&category_id=&option=com_phpshop,https://web.archive.org/web/20080727043658/http://www.press.sk:80/index.php?page=shop.flypage&product_id=179&category_id=&option=com_phpshop,20080727043658,skip
http://www.press.sk:80/index.php?page=shop.flypage&product_id=179&category_id=&option=com_phpshop,https://web.archive.org/web/20080728072314/http://www.press.sk:80/index.php?page=shop.flypage&product_id=179&category_id=&option=com_phpshop,20080728072314,skip
http://www.press.sk:80/index.php?page=shop.flypage&product_id=179&category_id=&option=com_phpshop,https://web.archive.org/web/20080729192937/http://www.press.sk:80/index.php?page=shop.flypage&product_id=179&category_id=&option=com_phpshop,20080729192937,skip
http://www.press.sk:80/index.php?page=shop.flypage&product_id=179&category_id=&option=com_phpshop,https://web.archive.org/web/20080731114610/http://www.press.sk:80/index.php?page=shop.flypage&product_id=179&category_id=&option=com_phpshop,20080731114610,skip
http://www.press.sk:80/index.php?page=shop.flypage&product_id=179&category_id=&option=com_phpshop,https://web.archive.org/web/20080806062029/http://www.press.sk:80/index.php?page=shop.flypage&product_id=179&category_id=&option=com_phpshop,20080806062029,skip
http://www.press.sk:80/index.php?page=shop.flypage&product_id=179&category_id=&option=com_phpshop,https://web.archive.org/web/20080807064541/http://www.press.sk:80/index.php?page=shop.flypage&product_id=179&category_id=&option=com_phpshop,20080807064541,skip
http://www.press.sk:80/index.php?page=shop.flypage&product_id=179&category_id=&option=com_phpshop,https://web.archive.org/web/20080808084915/http://www.press.sk:80/index.php?page=shop.flypage&product_id=179&category_id=&option=com_phpshop,20080808084915,skip
http://www.press.sk:80/index.php?page=shop.flypage&product_id=179&category_id=&option=com_phpshop,https://web.archive.org/web/20080809123958/http://www.press.sk:80/index.php?page=shop.flypage&product_id=179&category_id=&option=com_phpshop,20080809123958,skip
http://www.press.sk:80/index.php?page=shop.flypage&product_id=179&category_id=&option=com_phpshop,https://web.archive.org/web/20080810183613/http://www.press.sk:80/index.php?page=shop.flypage&product_id=179&category_id=&option=com_phpshop,20080810183613,skip
http://www.press.sk.:80/index.php?page=shop.flypage&product_id=179&category_id=&option=com_phpshop,https://web.archive.org/web/20080811205326/http://www.press.sk.:80/index.php?page=shop.flypage&product_id=179&category_id=&option=com_phpshop,20080811205326,skip
http://www.press.sk:80/index.php?page=shop.flypage&product_id=179&category_id=&option=com_phpshop,https://web.archive.org/web/20080812215608/http://www.press.sk:80/index.php?page=shop.flypage&product_id=179&category_id=&option=com_phpshop,20080812215608,skip
http://www.press.sk:80/index.php?page=shop.flypage&product_id=179&category_id=&option=com_phpshop,https://web.archive.org/web/20080814010812/http://www.press.sk:80/index.php?page=shop.flypage&product_id=179&category_id=&option=com_phpshop,20080814010812,skip
http://www.press.sk:80/index.php?page=shop.flypage&product_id=179&category_id=&option=com_phpshop,https://web.archive.org/web/20080815030045/http://www.press.sk:80/index.php?page=shop.flypage&product_id=179&category_id=&option=com_phpshop,20080815030045,skip
http://www.press.sk:80/index.php?page=shop.flypage&product_id=179&category_id=&option=com_phpshop,https://web.archive.org/web/20080816033413/http://www.press.sk:80/index.php?page=shop.flypage&product_id=179&category_id=&option=com_phpshop,20080816033413,skip
http://www.press.sk:80/index.php?page=shop.flypage&product_id=179&category_id=&option=com_phpshop,https://web.archive.org/web/20080817062138/http://www.press.sk:80/index.php?page=shop.flypage&product_id=179&category_id=&option=com_phpshop,20080817062138,skip
http://www.press.sk:80/index.php?page=shop.flypage&product_id=179&category_id=&option=com_phpshop,https://web.archive.org/web/20080818081926/http://www.press.sk:80/index.php?page=shop.flypage&product_id=179&category_id=&option=com_phpshop,20080818081926,skip
http://www.press.sk:80/index.php?page=shop.flypage&product_id=179&category_id=&option=com_phpshop,https://web.archive.org/web/20080819085315/http://www.press.sk:80/index.php?page=shop.flypage&product_id=179&category_id=&option=com_phpshop,20080819085315,skip
http://www.press.sk:80/index.php?page=shop.flypage&product_id=179&category_id=&option=com_phpshop,https://web.archive.org/web/20080820103610/http://www.press.sk:80/index.php?page=shop.flypage&product_id=179&category_id=&option=com_phpshop,20080820103610,skip
http://www.press.sk:80/index.php?page=shop.flypage&product_id=179&category_id=&option=com_phpshop,https://web.archive.org/web/20080822110414/http://www.press.sk:80/index.php?page=shop.flypage&product_id=179&category_id=&option=com_phpshop,20080822110414,skip
http://www.press.sk:80/index.php?page=shop.flypage&product_id=179&category_id=&option=com_phpshop,https://web.archive.org/web/20080823114418/http://www.press.sk:80/index.php?page=shop.flypage&product_id=179&category_id=&option=com_phpshop,20080823114418,skip
http://www.press.sk:80/index.php?page=shop.flypage&product_id=179&category_id=&option=com_phpshop,https://web.archive.org/web/20080824152517/http://www.press.sk:80/index.php?page=shop.flypage&product_id=179&category_id=&option=com_phpshop,20080824152517,skip
http://www.press.sk:80/index.php?page=shop.flypage&product_id=179&category_id=&option=com_phpshop,https://web.archive.org/web/20080826023535/http://www.press.sk:80/index.php?page=shop.flypage&product_id=179&category_id=&option=com_phpshop,20080826023535,skip
http://www.press.sk:80/index.php?page=shop.flypage&product_id=179&category_id=&option=com_phpshop,https://web.archive.org/web/20080827105248/http://www.press.sk:80/index.php?page=shop.flypage&product_id=179&category_id=&option=com_phpshop,20080827105248,skip
http://www.press.sk:80/index.php?page=shop.flypage&product_id=179&category_id=&option=com_phpshop,https://web.archive.org/web/20080828214834/http://www.press.sk:80/index.php?page=shop.flypage&product_id=179&category_id=&option=com_phpshop,20080828214834,skip
http://www.press.sk:80/index.php?page=shop.flypage&product_id=179&category_id=&option=com_phpshop,https://web.archive.org/web/20080830110109/http://www.press.sk:80/index.php?page=shop.flypage&product_id=179&category_id=&option=com_phpshop,20080830110109,skip
http://www.press.sk:80/index.php?page=shop.flypage&product_id=179&category_id=&option=com_phpshop,https://web.archive.org/web/20080902010808/http://www.press.sk:80/index.php?page=shop.flypage&product_id=179&category_id=&option=com_phpshop,20080902010808,skip
http://www.press.sk:80/index.php?page=shop.flypage&product_id=179&category_id=&option=com_phpshop,https://web.archive.org/web/20080903013353/http://www.press.sk:80/index.php?page=shop.flypage&product_id=179&category_id=&option=com_phpshop,20080903013353,skip
http://www.press.sk:80/index.php?page=shop.flypage&product_id=179&category_id=&option=com_phpshop,https://web.archive.org/web/20080905071113/http://www.press.sk:80/index.php?page=shop.flypage&product_id=179&category_id=&option=com_phpshop,20080905071113,skip
http://www.press.sk:80/index.php?page=shop.flypage&product_id=179&category_id=&option=com_phpshop,https://web.archive.org/web/20080906075808/http://www.press.sk:80/index.php?page=shop.flypage&product_id=179&category_id=&option=com_phpshop,20080906075808,skip
http://www.press.sk:80/index.php?page=shop.flypage&product_id=179&category_id=&option=com_phpshop,https://web.archive.org/web/20080908091349/http://www.press.sk:80/index.php?page=shop.flypage&product_id=179&category_id=&option=com_phpshop,20080908091349,skip
http://www.press.sk:80/index.php?page=shop.flypage&product_id=179&category_id=&option=com_phpshop,https://web.archive.org/web/20080909110425/http://www.press.sk:80/index.php?page=shop.flypage&product_id=179&category_id=&option=com_phpshop,20080909110425,skip
http://www.press.sk:80/index.php?page=shop.flypage&product_id=179&category_id=&option=com_phpshop,https://web.archive.org/web/20080910112252/http://www.press.sk:80/index.php?page=shop.flypage&product_id=179&category_id=&option=com_phpshop,20080910112252,skip
http://www.press.sk:80/index.php?page=shop.flypage&product_id=179&category_id=&option=com_phpshop,https://web.archive.org/web/20080911124016/http://www.press.sk:80/index.php?page=shop.flypage&product_id=179&category_id=&option=com_phpshop,20080911124016,skip
http://www.press.sk:80/index.php?page=shop.flypage&product_id=179&category_id=&option=com_phpshop,https://web.archive.org/web/20080912124650/http://www.press.sk:80/index.php?page=shop.flypage&product_id=179&category_id=&option=com_phpshop,20080912124650,skip
http://www.press.sk:80/index.php?page=shop.flypage&product_id=20&category_id=&option=com_phpshop,https://web.archive.org/web/20080922173150/http://www.press.sk:80/index.php?page=shop.flypage&product_id=20&category_id=&option=com_phpshop,20080922173150,skip
http://www.press.sk:80/index.php?page=shop.flypage&product_id=2041&category_id=&option=com_phpshop,https://web.archive.org/web/20080701055031/http://www.press.sk:80/index.php?page=shop.flypage&product_id=2041&category_id=&option=com_phpshop,20080701055031,skip
http://www.press.sk:80/index.php?page=shop.flypage&product_id=2041&category_id=&option=com_phpshop,https://web.archive.org/web/20080702063409/http://www.press.sk:80/index.php?page=shop.flypage&product_id=2041&category_id=&option=com_phpshop,20080702063409,skip
http://www.press.sk:80/index.php?page=shop.flypage&product_id=2041&category_id=&option=com_phpshop,https://web.archive.org/web/20080703110522/http://www.press.sk:80/index.php?page=shop.flypage&product_id=2041&category_id=&option=com_phpshop,20080703110522,skip
http://www.press.sk:80/index.php?page=shop.flypage&product_id=2041&category_id=&option=com_phpshop,https://web.archive.org/web/20080704113241/http://www.press.sk:80/index.php?page=shop.flypage&product_id=2041&category_id=&option=com_phpshop,20080704113241,skip
http://www.press.sk:80/index.php?page=shop.flypage&product_id=2041&category_id=&option=com_phpshop,https://web.archive.org/web/20080706152353/http://www.press.sk:80/index.php?page=shop.flypage&product_id=2041&category_id=&option=com_phpshop,20080706152353,skip
http://www.press.sk:80/index.php?page=shop.flypage&product_id=2041&category_id=&option=com_phpshop,https://web.archive.org/web/20080707154340/http://www.press.sk:80/index.php?page=shop.flypage&product_id=2041&category_id=&option=com_phpshop,20080707154340,skip
http://www.press.sk:80/index.php?page=shop.flypage&product_id=2041&category_id=&option=com_phpshop,https://web.archive.org/web/20080708221454/http://www.press.sk:80/index.php?page=shop.flypage&product_id=2041&category_id=&option=com_phpshop,20080708221454,skip
http://www.press.sk:80/index.php?page=shop.flypage&product_id=2041&category_id=&option=com_phpshop,https://web.archive.org/web/20080709222934/http://www.press.sk:80/index.php?page=shop.flypage&product_id=2041&category_id=&option=com_phpshop,20080709222934,skip
http://www.press.sk:80/index.php?page=shop.flypage&product_id=2041&category_id=&option=com_phpshop,https://web.archive.org/web/20080710224501/http://www.press.sk:80/index.php?page=shop.flypage&product_id=2041&category_id=&option=com_phpshop,20080710224501,skip
http://www.press.sk:80/index.php?page=shop.flypage&product_id=2041&category_id=&option=com_phpshop,https://web.archive.org/web/20080712002420/http://www.press.sk:80/index.php?page=shop.flypage&product_id=2041&category_id=&option=com_phpshop,20080712002420,skip
http://www.press.sk:80/index.php?page=shop.flypage&product_id=2041&category_id=&option=com_phpshop,https://web.archive.org/web/20080713061152/http://www.press.sk:80/index.php?page=shop.flypage&product_id=2041&category_id=&option=com_phpshop,20080713061152,skip
http://www.press.sk:80/index.php?page=shop.flypage&product_id=2041&category_id=&option=com_phpshop,https://web.archive.org/web/20080714070129/http://www.press.sk:80/index.php?page=shop.flypage&product_id=2041&category_id=&option=com_phpshop,20080714070129,skip
http://www.press.sk:80/index.php?page=shop.flypage&product_id=2041&category_id=&option=com_phpshop,https://web.archive.org/web/20080715132209/http://www.press.sk:80/index.php?page=shop.flypage&product_id=2041&category_id=&option=com_phpshop,20080715132209,skip
http://www.press.sk:80/index.php?page=shop.flypage&product_id=2041&category_id=&option=com_phpshop,https://web.archive.org/web/20080716230946/http://www.press.sk:80/index.php?page=shop.flypage&product_id=2041&category_id=&option=com_phpshop,20080716230946,skip
http://www.press.sk:80/index.php?page=shop.flypage&product_id=2041&category_id=&option=com_phpshop,https://web.archive.org/web/20080718005706/http://www.press.sk:80/index.php?page=shop.flypage&product_id=2041&category_id=&option=com_phpshop,20080718005706,skip
http://www.press.sk:80/index.php?page=shop.flypage&product_id=2041&category_id=&option=com_phpshop,https://web.archive.org/web/20080719073521/http://www.press.sk:80/index.php?page=shop.flypage&product_id=2041&category_id=&option=com_phpshop,20080719073521,skip
http://www.press.sk:80/index.php?page=shop.flypage&product_id=2041&category_id=&option=com_phpshop,https://web.archive.org/web/20080720105008/http://www.press.sk:80/index.php?page=shop.flypage&product_id=2041&category_id=&option=com_phpshop,20080720105008,skip
http://www.press.sk:80/index.php?page=shop.flypage&product_id=2041&category_id=&option=com_phpshop,https://web.archive.org/web/20080721160141/http://www.press.sk:80/index.php?page=shop.flypage&product_id=2041&category_id=&option=com_phpshop,20080721160141,skip
http://www.press.sk:80/index.php?page=shop.flypage&product_id=2041&category_id=&option=com_phpshop,https://web.archive.org/web/20080722175949/http://www.press.sk:80/index.php?page=shop.flypage&product_id=2041&category_id=&option=com_phpshop,20080722175949,skip
http://www.press.sk:80/index.php?page=shop.flypage&product_id=2041&category_id=&option=com_phpshop,https://web.archive.org/web/20080725041646/http://www.press.sk:80/index.php?page=shop.flypage&product_id=2041&category_id=&option=com_phpshop,20080725041646,skip
http://www.press.sk:80/index.php?page=shop.flypage&product_id=2041&category_id=&option=com_phpshop,https://web.archive.org/web/20080727043857/http://www.press.sk:80/index.php?page=shop.flypage&product_id=2041&category_id=&option=com_phpshop,20080727043857,skip
http://www.press.sk:80/index.php?page=shop.flypage&product_id=2041&category_id=&option=com_phpshop,https://web.archive.org/web/20080728072321/http://www.press.sk:80/index.php?page=shop.flypage&product_id=2041&category_id=&option=com_phpshop,20080728072321,skip
http://www.press.sk:80/index.php?page=shop.flypage&product_id=2041&category_id=&option=com_phpshop,https://web.archive.org/web/20080729192911/http://www.press.sk:80/index.php?page=shop.flypage&product_id=2041&category_id=&option=com_phpshop,20080729192911,skip
http://www.press.sk:80/index.php?page=shop.flypage&product_id=2041&category_id=&option=com_phpshop,https://web.archive.org/web/20080731114617/http://www.press.sk:80/index.php?page=shop.flypage&product_id=2041&category_id=&option=com_phpshop,20080731114617,skip
http://www.press.sk:80/index.php?page=shop.flypage&product_id=2041&category_id=&option=com_phpshop,https://web.archive.org/web/20080806062040/http://www.press.sk:80/index.php?page=shop.flypage&product_id=2041&category_id=&option=com_phpshop,20080806062040,skip
http://www.press.sk:80/index.php?page=shop.flypage&product_id=2041&category_id=&option=com_phpshop,https://web.archive.org/web/20080807064554/http://www.press.sk:80/index.php?page=shop.flypage&product_id=2041&category_id=&option=com_phpshop,20080807064554,skip
http://www.press.sk:80/index.php?page=shop.flypage&product_id=2041&category_id=&option=com_phpshop,https://web.archive.org/web/20080808084926/http://www.press.sk:80/index.php?page=shop.flypage&product_id=2041&category_id=&option=com_phpshop,20080808084926,skip
http://www.press.sk:80/index.php?page=shop.flypage&product_id=2041&category_id=&option=com_phpshop,https://web.archive.org/web/20080809124008/http://www.press.sk:80/index.php?page=shop.flypage&product_id=2041&category_id=&option=com_phpshop,20080809124008,skip
http://www.press.sk:80/index.php?page=shop.flypage&product_id=2041&category_id=&option=com_phpshop,https://web.archive.org/web/20080810183548/http://www.press.sk:80/index.php?page=shop.flypage&product_id=2041&category_id=&option=com_phpshop,20080810183548,skip
http://www.press.sk.:80/index.php?page=shop.flypage&product_id=2041&category_id=&option=com_phpshop,https://web.archive.org/web/20080811205338/http://www.press.sk.:80/index.php?page=shop.flypage&product_id=2041&category_id=&option=com_phpshop,20080811205338,skip
http://www.press.sk:80/index.php?page=shop.flypage&product_id=2041&category_id=&option=com_phpshop,https://web.archive.org/web/20080812215621/http://www.press.sk:80/index.php?page=shop.flypage&product_id=2041&category_id=&option=com_phpshop,20080812215621,skip
http://www.press.sk:80/index.php?page=shop.flypage&product_id=2041&category_id=&option=com_phpshop,https://web.archive.org/web/20080814010821/http://www.press.sk:80/index.php?page=shop.flypage&product_id=2041&category_id=&option=com_phpshop,20080814010821,skip
http://www.press.sk:80/index.php?page=shop.flypage&product_id=2041&category_id=&option=com_phpshop,https://web.archive.org/web/20080815030053/http://www.press.sk:80/index.php?page=shop.flypage&product_id=2041&category_id=&option=com_phpshop,20080815030053,skip
http://www.press.sk:80/index.php?page=shop.flypage&product_id=2041&category_id=&option=com_phpshop,https://web.archive.org/web/20080816033424/http://www.press.sk:80/index.php?page=shop.flypage&product_id=2041&category_id=&option=com_phpshop,20080816033424,skip
http://www.press.sk:80/index.php?page=shop.flypage&product_id=2041&category_id=&option=com_phpshop,https://web.archive.org/web/20080817062149/http://www.press.sk:80/index.php?page=shop.flypage&product_id=2041&category_id=&option=com_phpshop,20080817062149,skip
http://www.press.sk:80/index.php?page=shop.flypage&product_id=2041&category_id=&option=com_phpshop,https://web.archive.org/web/20080818081956/http://www.press.sk:80/index.php?page=shop.flypage&product_id=2041&category_id=&option=com_phpshop,20080818081956,skip
http://www.press.sk:80/index.php?page=shop.flypage&product_id=2041&category_id=&option=com_phpshop,https://web.archive.org/web/20080819085323/http://www.press.sk:80/index.php?page=shop.flypage&product_id=2041&category_id=&option=com_phpshop,20080819085323,skip
http://www.press.sk:80/index.php?page=shop.flypage&product_id=2041&category_id=&option=com_phpshop,https://web.archive.org/web/20080820103620/http://www.press.sk:80/index.php?page=shop.flypage&product_id=2041&category_id=&option=com_phpshop,20080820103620,skip
http://www.press.sk:80/index.php?page=shop.flypage&product_id=2041&category_id=&option=com_phpshop,https://web.archive.org/web/20080822110427/http://www.press.sk:80/index.php?page=shop.flypage&product_id=2041&category_id=&option=com_phpshop,20080822110427,skip
http://www.press.sk:80/index.php?page=shop.flypage&product_id=2041&category_id=&option=com_phpshop,https://web.archive.org/web/20080823114428/http://www.press.sk:80/index.php?page=shop.flypage&product_id=2041&category_id=&option=com_phpshop,20080823114428,skip
http://www.press.sk:80/index.php?page=shop.flypage&product_id=2041&category_id=&option=com_phpshop,https://web.archive.org/web/20080824152528/http://www.press.sk:80/index.php?page=shop.flypage&product_id=2041&category_id=&option=com_phpshop,20080824152528,skip
http://www.press.sk:80/index.php?page=shop.flypage&product_id=2041&category_id=&option=com_phpshop,https://web.archive.org/web/20080826023545/http://www.press.sk:80/index.php?page=shop.flypage&product_id=2041&category_id=&option=com_phpshop,20080826023545,skip
http://www.press.sk:80/index.php?page=shop.flypage&product_id=2041&category_id=&option=com_phpshop,https://web.archive.org/web/20080827105302/http://www.press.sk:80/index.php?page=shop.flypage&product_id=2041&category_id=&option=com_phpshop,20080827105302,skip
http://www.press.sk:80/index.php?page=shop.flypage&product_id=2041&category_id=&option=com_phpshop,https://web.archive.org/web/20080828214844/http://www.press.sk:80/index.php?page=shop.flypage&product_id=2041&category_id=&option=com_phpshop,20080828214844,skip
http://www.press.sk:80/index.php?page=shop.flypage&product_id=2041&category_id=&option=com_phpshop,https://web.archive.org/web/20080830110119/http://www.press.sk:80/index.php?page=shop.flypage&product_id=2041&category_id=&option=com_phpshop,20080830110119,skip
http://www.press.sk:80/index.php?page=shop.flypage&product_id=2041&category_id=&option=com_phpshop,https://web.archive.org/web/20080902010818/http://www.press.sk:80/index.php?page=shop.flypage&product_id=2041&category_id=&option=com_phpshop,20080902010818,skip
http://www.press.sk:80/index.php?page=shop.flypage&product_id=2041&category_id=&option=com_phpshop,https://web.archive.org/web/20080903013403/http://www.press.sk:80/index.php?page=shop.flypage&product_id=2041&category_id=&option=com_phpshop,20080903013403,skip
http://www.press.sk:80/index.php?page=shop.flypage&product_id=2041&category_id=&option=com_phpshop,https://web.archive.org/web/20080905071123/http://www.press.sk:80/index.php?page=shop.flypage&product_id=2041&category_id=&option=com_phpshop,20080905071123,skip
http://www.press.sk:80/index.php?page=shop.flypage&product_id=2041&category_id=&option=com_phpshop,https://web.archive.org/web/20080906075818/http://www.press.sk:80/index.php?page=shop.flypage&product_id=2041&category_id=&option=com_phpshop,20080906075818,skip
http://www.press.sk:80/index.php?page=shop.flypage&product_id=2041&category_id=&option=com_phpshop,https://web.archive.org/web/20080908091403/http://www.press.sk:80/index.php?page=shop.flypage&product_id=2041&category_id=&option=com_phpshop,20080908091403,skip
http://www.press.sk:80/index.php?page=shop.flypage&product_id=2041&category_id=&option=com_phpshop,https://web.archive.org/web/20080909110436/http://www.press.sk:80/index.php?page=shop.flypage&product_id=2041&category_id=&option=com_phpshop,20080909110436,skip
http://www.press.sk:80/index.php?page=shop.flypage&product_id=2041&category_id=&option=com_phpshop,https://web.archive.org/web/20080910112306/http://www.press.sk:80/index.php?page=shop.flypage&product_id=2041&category_id=&option=com_phpshop,20080910112306,skip
http://www.press.sk:80/index.php?page=shop.flypage&product_id=2041&category_id=&option=com_phpshop,https://web.archive.org/web/20080911124028/http://www.press.sk:80/index.php?page=shop.flypage&product_id=2041&category_id=&option=com_phpshop,20080911124028,skip
http://www.press.sk:80/index.php?page=shop.flypage&product_id=2041&category_id=&option=com_phpshop,https://web.archive.org/web/20080912124700/http://www.press.sk:80/index.php?page=shop.flypage&product_id=2041&category_id=&option=com_phpshop,20080912124700,skip
http://www.press.sk:80/index.php?page=shop.flypage&product_id=21&category_id=&option=com_phpshop,https://web.archive.org/web/20080922173155/http://www.press.sk:80/index.php?page=shop.flypage&product_id=21&category_id=&option=com_phpshop,20080922173155,skip
http://www.press.sk:80/index.php?page=shop.flypage&product_id=211&category_id=&option=com_phpshop,https://web.archive.org/web/20080922173200/http://www.press.sk:80/index.php?page=shop.flypage&product_id=211&category_id=&option=com_phpshop,20080922173200,skip
http://www.press.sk:80/index.php?page=shop.flypage&product_id=223&category_id=&option=com_phpshop,https://web.archive.org/web/20080701095033/http://www.press.sk:80/index.php?page=shop.flypage&product_id=223&category_id=&option=com_phpshop,20080701095033,skip
http://www.press.sk:80/index.php?page=shop.flypage&product_id=223&category_id=&option=com_phpshop,https://web.archive.org/web/20080702113619/http://www.press.sk:80/index.php?page=shop.flypage&product_id=223&category_id=&option=com_phpshop,20080702113619,skip
http://www.press.sk:80/index.php?page=shop.flypage&product_id=223&category_id=&option=com_phpshop,https://web.archive.org/web/20080703162918/http://www.press.sk:80/index.php?page=shop.flypage&product_id=223&category_id=&option=com_phpshop,20080703162918,skip
http://www.press.sk:80/index.php?page=shop.flypage&product_id=223&category_id=&option=com_phpshop,https://web.archive.org/web/20080706202821/http://www.press.sk:80/index.php?page=shop.flypage&product_id=223&category_id=&option=com_phpshop,20080706202821,skip
http://www.press.sk:80/index.php?page=shop.flypage&product_id=223&category_id=&option=com_phpshop,https://web.archive.org/web/20080708221122/http://www.press.sk:80/index.php?page=shop.flypage&product_id=223&category_id=&option=com_phpshop,20080708221122,skip
http://www.press.sk:80/index.php?page=shop.flypage&product_id=223&category_id=&option=com_phpshop,https://web.archive.org/web/20080709222940/http://www.press.sk:80/index.php?page=shop.flypage&product_id=223&category_id=&option=com_phpshop,20080709222940,skip
http://www.press.sk:80/index.php?page=shop.flypage&product_id=223&category_id=&option=com_phpshop,https://web.archive.org/web/20080710224807/http://www.press.sk:80/index.php?page=shop.flypage&product_id=223&category_id=&option=com_phpshop,20080710224807,skip
http://www.press.sk:80/index.php?page=shop.flypage&product_id=223&category_id=&option=com_phpshop,https://web.archive.org/web/20080712002435/http://www.press.sk:80/index.php?page=shop.flypage&product_id=223&category_id=&option=com_phpshop,20080712002435,skip
http://www.press.sk:80/index.php?page=shop.flypage&product_id=223&category_id=&option=com_phpshop,https://web.archive.org/web/20080713061156/http://www.press.sk:80/index.php?page=shop.flypage&product_id=223&category_id=&option=com_phpshop,20080713061156,skip
http://www.press.sk:80/index.php?page=shop.flypage&product_id=223&category_id=&option=com_phpshop,https://web.archive.org/web/20080714070458/http://www.press.sk:80/index.php?page=shop.flypage&product_id=223&category_id=&option=com_phpshop,20080714070458,skip
http://www.press.sk:80/index.php?page=shop.flypage&product_id=223&category_id=&option=com_phpshop,https://web.archive.org/web/20080715132214/http://www.press.sk:80/index.php?page=shop.flypage&product_id=223&category_id=&option=com_phpshop,20080715132214,skip
http://www.press.sk:80/index.php?page=shop.flypage&product_id=223&category_id=&option=com_phpshop,https://web.archive.org/web/20080716230954/http://www.press.sk:80/index.php?page=shop.flypage&product_id=223&category_id=&option=com_phpshop,20080716230954,skip
http://www.press.sk:80/index.php?page=shop.flypage&product_id=223&category_id=&option=com_phpshop,https://web.archive.org/web/20080718005627/http://www.press.sk:80/index.php?page=shop.flypage&product_id=223&category_id=&option=com_phpshop,20080718005627,skip
http://www.press.sk:80/index.php?page=shop.flypage&product_id=223&category_id=&option=com_phpshop,https://web.archive.org/web/20080719073526/http://www.press.sk:80/index.php?page=shop.flypage&product_id=223&category_id=&option=com_phpshop,20080719073526,skip
http://www.press.sk:80/index.php?page=shop.flypage&product_id=223&category_id=&option=com_phpshop,https://web.archive.org/web/20080720105014/http://www.press.sk:80/index.php?page=shop.flypage&product_id=223&category_id=&option=com_phpshop,20080720105014,skip
http://www.press.sk:80/index.php?page=shop.flypage&product_id=223&category_id=&option=com_phpshop,https://web.archive.org/web/20080721160159/http://www.press.sk:80/index.php?page=shop.flypage&product_id=223&category_id=&option=com_phpshop,20080721160159,skip
http://www.press.sk:80/index.php?page=shop.flypage&product_id=223&category_id=&option=com_phpshop,https://web.archive.org/web/20080722175954/http://www.press.sk:80/index.php?page=shop.flypage&product_id=223&category_id=&option=com_phpshop,20080722175954,skip
http://www.press.sk:80/index.php?page=shop.flypage&product_id=223&category_id=&option=com_phpshop,https://web.archive.org/web/20080725041651/http://www.press.sk:80/index.php?page=shop.flypage&product_id=223&category_id=&option=com_phpshop,20080725041651,skip
http://www.press.sk:80/index.php?page=shop.flypage&product_id=223&category_id=&option=com_phpshop,https://web.archive.org/web/20080727043907/http://www.press.sk:80/index.php?page=shop.flypage&product_id=223&category_id=&option=com_phpshop,20080727043907,skip
http://www.press.sk:80/index.php?page=shop.flypage&product_id=223&category_id=&option=com_phpshop,https://web.archive.org/web/20080728073113/http://www.press.sk:80/index.php?page=shop.flypage&product_id=223&category_id=&option=com_phpshop,20080728073113,skip
http://www.press.sk:80/index.php?page=shop.flypage&product_id=223&category_id=&option=com_phpshop,https://web.archive.org/web/20080729192952/http://www.press.sk:80/index.php?page=shop.flypage&product_id=223&category_id=&option=com_phpshop,20080729192952,skip
http://www.press.sk:80/index.php?page=shop.flypage&product_id=223&category_id=&option=com_phpshop,https://web.archive.org/web/20080731114622/http://www.press.sk:80/index.php?page=shop.flypage&product_id=223&category_id=&option=com_phpshop,20080731114622,skip
http://www.press.sk:80/index.php?page=shop.flypage&product_id=223&category_id=&option=com_phpshop,https://web.archive.org/web/20080806062046/http://www.press.sk:80/index.php?page=shop.flypage&product_id=223&category_id=&option=com_phpshop,20080806062046,skip
http://www.press.sk:80/index.php?page=shop.flypage&product_id=223&category_id=&option=com_phpshop,https://web.archive.org/web/20080807064557/http://www.press.sk:80/index.php?page=shop.flypage&product_id=223&category_id=&option=com_phpshop,20080807064557,skip
http://www.press.sk:80/index.php?page=shop.flypage&product_id=223&category_id=&option=com_phpshop,https://web.archive.org/web/20080808084932/http://www.press.sk:80/index.php?page=shop.flypage&product_id=223&category_id=&option=com_phpshop,20080808084932,skip
http://www.press.sk:80/index.php?page=shop.flypage&product_id=223&category_id=&option=com_phpshop,https://web.archive.org/web/20080809124013/http://www.press.sk:80/index.php?page=shop.flypage&product_id=223&category_id=&option=com_phpshop,20080809124013,skip
http://www.press.sk:80/index.php?page=shop.flypage&product_id=223&category_id=&option=com_phpshop,https://web.archive.org/web/20080810183557/http://www.press.sk:80/index.php?page=shop.flypage&product_id=223&category_id=&option=com_phpshop,20080810183557,skip
http://www.press.sk.:80/index.php?page=shop.flypage&product_id=223&category_id=&option=com_phpshop,https://web.archive.org/web/20080811205343/http://www.press.sk.:80/index.php?page=shop.flypage&product_id=223&category_id=&option=com_phpshop,20080811205343,skip
http://www.press.sk:80/index.php?page=shop.flypage&product_id=223&category_id=&option=com_phpshop,https://web.archive.org/web/20080812215625/http://www.press.sk:80/index.php?page=shop.flypage&product_id=223&category_id=&option=com_phpshop,20080812215625,skip
http://www.press.sk:80/index.php?page=shop.flypage&product_id=223&category_id=&option=com_phpshop,https://web.archive.org/web/20080814010827/http://www.press.sk:80/index.php?page=shop.flypage&product_id=223&category_id=&option=com_phpshop,20080814010827,skip
http://www.press.sk:80/index.php?page=shop.flypage&product_id=223&category_id=&option=com_phpshop,https://web.archive.org/web/20080815030059/http://www.press.sk:80/index.php?page=shop.flypage&product_id=223&category_id=&option=com_phpshop,20080815030059,skip
http://www.press.sk:80/index.php?page=shop.flypage&product_id=223&category_id=&option=com_phpshop,https://web.archive.org/web/20080816033430/http://www.press.sk:80/index.php?page=shop.flypage&product_id=223&category_id=&option=com_phpshop,20080816033430,skip
http://www.press.sk:80/index.php?page=shop.flypage&product_id=223&category_id=&option=com_phpshop,https://web.archive.org/web/20080817062154/http://www.press.sk:80/index.php?page=shop.flypage&product_id=223&category_id=&option=com_phpshop,20080817062154,skip
http://www.press.sk:80/index.php?page=shop.flypage&product_id=223&category_id=&option=com_phpshop,https://web.archive.org/web/20080818082000/http://www.press.sk:80/index.php?page=shop.flypage&product_id=223&category_id=&option=com_phpshop,20080818082000,skip
http://www.press.sk:80/index.php?page=shop.flypage&product_id=223&category_id=&option=com_phpshop,https://web.archive.org/web/20080819085336/http://www.press.sk:80/index.php?page=shop.flypage&product_id=223&category_id=&option=com_phpshop,20080819085336,skip
http://www.press.sk:80/index.php?page=shop.flypage&product_id=223&category_id=&option=com_phpshop,https://web.archive.org/web/20080820103626/http://www.press.sk:80/index.php?page=shop.flypage&product_id=223&category_id=&option=com_phpshop,20080820103626,skip
http://www.press.sk:80/index.php?page=shop.flypage&product_id=223&category_id=&option=com_phpshop,https://web.archive.org/web/20080822110438/http://www.press.sk:80/index.php?page=shop.flypage&product_id=223&category_id=&option=com_phpshop,20080822110438,skip
http://www.press.sk:80/index.php?page=shop.flypage&product_id=223&category_id=&option=com_phpshop,https://web.archive.org/web/20080823114436/http://www.press.sk:80/index.php?page=shop.flypage&product_id=223&category_id=&option=com_phpshop,20080823114436,skip
http://www.press.sk:80/index.php?page=shop.flypage&product_id=223&category_id=&option=com_phpshop,https://web.archive.org/web/20080824152533/http://www.press.sk:80/index.php?page=shop.flypage&product_id=223&category_id=&option=com_phpshop,20080824152533,skip
http://www.press.sk:80/index.php?page=shop.flypage&product_id=223&category_id=&option=com_phpshop,https://web.archive.org/web/20080826023552/http://www.press.sk:80/index.php?page=shop.flypage&product_id=223&category_id=&option=com_phpshop,20080826023552,skip
http://www.press.sk:80/index.php?page=shop.flypage&product_id=223&category_id=&option=com_phpshop,https://web.archive.org/web/20080827105307/http://www.press.sk:80/index.php?page=shop.flypage&product_id=223&category_id=&option=com_phpshop,20080827105307,skip
http://www.press.sk:80/index.php?page=shop.flypage&product_id=223&category_id=&option=com_phpshop,https://web.archive.org/web/20080828214901/http://www.press.sk:80/index.php?page=shop.flypage&product_id=223&category_id=&option=com_phpshop,20080828214901,skip
http://www.press.sk:80/index.php?page=shop.flypage&product_id=223&category_id=&option=com_phpshop,https://web.archive.org/web/20080830110124/http://www.press.sk:80/index.php?page=shop.flypage&product_id=223&category_id=&option=com_phpshop,20080830110124,skip
http://www.press.sk:80/index.php?page=shop.flypage&product_id=223&category_id=&option=com_phpshop,https://web.archive.org/web/20080902010823/http://www.press.sk:80/index.php?page=shop.flypage&product_id=223&category_id=&option=com_phpshop,20080902010823,skip
http://www.press.sk:80/index.php?page=shop.flypage&product_id=223&category_id=&option=com_phpshop,https://web.archive.org/web/20080903013408/http://www.press.sk:80/index.php?page=shop.flypage&product_id=223&category_id=&option=com_phpshop,20080903013408,skip
http://www.press.sk:80/index.php?page=shop.flypage&product_id=223&category_id=&option=com_phpshop,https://web.archive.org/web/20080905071128/http://www.press.sk:80/index.php?page=shop.flypage&product_id=223&category_id=&option=com_phpshop,20080905071128,skip
http://www.press.sk:80/index.php?page=shop.flypage&product_id=223&category_id=&option=com_phpshop,https://web.archive.org/web/20080906075828/http://www.press.sk:80/index.php?page=shop.flypage&product_id=223&category_id=&option=com_phpshop,20080906075828,skip
http://www.press.sk:80/index.php?page=shop.flypage&product_id=223&category_id=&option=com_phpshop,https://web.archive.org/web/20080908091408/http://www.press.sk:80/index.php?page=shop.flypage&product_id=223&category_id=&option=com_phpshop,20080908091408,skip
http://www.press.sk:80/index.php?page=shop.flypage&product_id=223&category_id=&option=com_phpshop,https://web.archive.org/web/20080909110441/http://www.press.sk:80/index.php?page=shop.flypage&product_id=223&category_id=&option=com_phpshop,20080909110441,skip
http://www.press.sk:80/index.php?page=shop.flypage&product_id=223&category_id=&option=com_phpshop,https://web.archive.org/web/20080910112311/http://www.press.sk:80/index.php?page=shop.flypage&product_id=223&category_id=&option=com_phpshop,20080910112311,skip
http://www.press.sk:80/index.php?page=shop.flypage&product_id=223&category_id=&option=com_phpshop,https://web.archive.org/web/20080911124035/http://www.press.sk:80/index.php?page=shop.flypage&product_id=223&category_id=&option=com_phpshop,20080911124035,skip
http://www.press.sk:80/index.php?page=shop.flypage&product_id=223&category_id=&option=com_phpshop,https://web.archive.org/web/20080912124706/http://www.press.sk:80/index.php?page=shop.flypage&product_id=223&category_id=&option=com_phpshop,20080912124706,skip
http://www.press.sk:80/index.php?page=shop.flypage&product_id=232&category_id=&option=com_phpshop,https://web.archive.org/web/20080703175043/http://www.press.sk:80/index.php?page=shop.flypage&product_id=232&category_id=&option=com_phpshop,20080703175043,skip
http://www.press.sk:80/index.php?page=shop.flypage&product_id=232&category_id=&option=com_phpshop,https://web.archive.org/web/20080705152004/http://www.press.sk:80/index.php?page=shop.flypage&product_id=232&category_id=&option=com_phpshop,20080705152004,skip
http://www.press.sk:80/index.php?page=shop.flypage&product_id=2412&category_id=&option=com_phpshop,https://web.archive.org/web/20080922173205/http://www.press.sk:80/index.php?page=shop.flypage&product_id=2412&category_id=&option=com_phpshop,20080922173205,skip
http://www.press.sk:80/index.php?page=shop.flypage&product_id=2418&category_id=&option=com_phpshop,https://web.archive.org/web/20080701095038/http://www.press.sk:80/index.php?page=shop.flypage&product_id=2418&category_id=&option=com_phpshop,20080701095038,skip
http://www.press.sk:80/index.php?page=shop.flypage&product_id=2418&category_id=&option=com_phpshop,https://web.archive.org/web/20080702113720/http://www.press.sk:80/index.php?page=shop.flypage&product_id=2418&category_id=&option=com_phpshop,20080702113720,skip
http://www.press.sk:80/index.php?page=shop.flypage&product_id=2418&category_id=&option=com_phpshop,https://web.archive.org/web/20080703175048/http://www.press.sk:80/index.php?page=shop.flypage&product_id=2418&category_id=&option=com_phpshop,20080703175048,skip
http://www.press.sk:80/index.php?page=shop.flypage&product_id=2418&category_id=&option=com_phpshop,https://web.archive.org/web/20080705193753/http://www.press.sk:80/index.php?page=shop.flypage&product_id=2418&category_id=&option=com_phpshop,20080705193753,skip
http://www.press.sk:80/index.php?page=shop.flypage&product_id=2418&category_id=&option=com_phpshop,https://web.archive.org/web/20080706202827/http://www.press.sk:80/index.php?page=shop.flypage&product_id=2418&category_id=&option=com_phpshop,20080706202827,skip
http://www.press.sk:80/index.php?page=shop.flypage&product_id=2418&category_id=&option=com_phpshop,https://web.archive.org/web/20080708221459/http://www.press.sk:80/index.php?page=shop.flypage&product_id=2418&category_id=&option=com_phpshop,20080708221459,skip
http://www.press.sk:80/index.php?page=shop.flypage&product_id=2418&category_id=&option=com_phpshop,https://web.archive.org/web/20080709222945/http://www.press.sk:80/index.php?page=shop.flypage&product_id=2418&category_id=&option=com_phpshop,20080709222945,skip
http://www.press.sk:80/index.php?page=shop.flypage&product_id=2418&category_id=&option=com_phpshop,https://web.archive.org/web/20080710224947/http://www.press.sk:80/index.php?page=shop.flypage&product_id=2418&category_id=&option=com_phpshop,20080710224947,skip
http://www.press.sk:80/index.php?page=shop.flypage&product_id=2418&category_id=&option=com_phpshop,https://web.archive.org/web/20080712002441/http://www.press.sk:80/index.php?page=shop.flypage&product_id=2418&category_id=&option=com_phpshop,20080712002441,skip
http://www.press.sk:80/index.php?page=shop.flypage&product_id=2418&category_id=&option=com_phpshop,https://web.archive.org/web/20080713061407/http://www.press.sk:80/index.php?page=shop.flypage&product_id=2418&category_id=&option=com_phpshop,20080713061407,skip
http://www.press.sk:80/index.php?page=shop.flypage&product_id=2418&category_id=&option=com_phpshop,https://web.archive.org/web/20080714070503/http://www.press.sk:80/index.php?page=shop.flypage&product_id=2418&category_id=&option=com_phpshop,20080714070503,skip
http://www.press.sk:80/index.php?page=shop.flypage&product_id=2418&category_id=&option=com_phpshop,https://web.archive.org/web/20080715132118/http://www.press.sk:80/index.php?page=shop.flypage&product_id=2418&category_id=&option=com_phpshop,20080715132118,skip
http://www.press.sk:80/index.php?page=shop.flypage&product_id=2418&category_id=&option=com_phpshop,https://web.archive.org/web/20080716230959/http://www.press.sk:80/index.php?page=shop.flypage&product_id=2418&category_id=&option=com_phpshop,20080716230959,skip
http://www.press.sk:80/index.php?page=shop.flypage&product_id=2418&category_id=&option=com_phpshop,https://web.archive.org/web/20080718005711/http://www.press.sk:80/index.php?page=shop.flypage&product_id=2418&category_id=&option=com_phpshop,20080718005711,skip
http://www.press.sk:80/index.php?page=shop.flypage&product_id=2418&category_id=&option=com_phpshop,https://web.archive.org/web/20080719073436/http://www.press.sk:80/index.php?page=shop.flypage&product_id=2418&category_id=&option=com_phpshop,20080719073436,skip
http://www.press.sk:80/index.php?page=shop.flypage&product_id=2418&category_id=&option=com_phpshop,https://web.archive.org/web/20080720105208/http://www.press.sk:80/index.php?page=shop.flypage&product_id=2418&category_id=&option=com_phpshop,20080720105208,skip
http://www.press.sk:80/index.php?page=shop.flypage&product_id=2418&category_id=&option=com_phpshop,https://web.archive.org/web/20080721160204/http://www.press.sk:80/index.php?page=shop.flypage&product_id=2418&category_id=&option=com_phpshop,20080721160204,skip
http://www.press.sk:80/index.php?page=shop.flypage&product_id=2418&category_id=&option=com_phpshop,https://web.archive.org/web/20080722175959/http://www.press.sk:80/index.php?page=shop.flypage&product_id=2418&category_id=&option=com_phpshop,20080722175959,skip
http://www.press.sk:80/index.php?page=shop.flypage&product_id=2418&category_id=&option=com_phpshop,https://web.archive.org/web/20080725041656/http://www.press.sk:80/index.php?page=shop.flypage&product_id=2418&category_id=&option=com_phpshop,20080725041656,skip
http://www.press.sk:80/index.php?page=shop.flypage&product_id=2418&category_id=&option=com_phpshop,https://web.archive.org/web/20080727043615/http://www.press.sk:80/index.php?page=shop.flypage&product_id=2418&category_id=&option=com_phpshop,20080727043615,skip
http://www.press.sk:80/index.php?page=shop.flypage&product_id=2418&category_id=&option=com_phpshop,https://web.archive.org/web/20080728073119/http://www.press.sk:80/index.php?page=shop.flypage&product_id=2418&category_id=&option=com_phpshop,20080728073119,skip
http://www.press.sk:80/index.php?page=shop.flypage&product_id=2418&category_id=&option=com_phpshop,https://web.archive.org/web/20080729192957/http://www.press.sk:80/index.php?page=shop.flypage&product_id=2418&category_id=&option=com_phpshop,20080729192957,skip
http://www.press.sk:80/index.php?page=shop.flypage&product_id=2418&category_id=&option=com_phpshop,https://web.archive.org/web/20080731114634/http://www.press.sk:80/index.php?page=shop.flypage&product_id=2418&category_id=&option=com_phpshop,20080731114634,skip
http://www.press.sk:80/index.php?page=shop.flypage&product_id=2418&category_id=&option=com_phpshop,https://web.archive.org/web/20080806062049/http://www.press.sk:80/index.php?page=shop.flypage&product_id=2418&category_id=&option=com_phpshop,20080806062049,skip
http://www.press.sk:80/index.php?page=shop.flypage&product_id=2418&category_id=&option=com_phpshop,https://web.archive.org/web/20080807064602/http://www.press.sk:80/index.php?page=shop.flypage&product_id=2418&category_id=&option=com_phpshop,20080807064602,skip
http://www.press.sk:80/index.php?page=shop.flypage&product_id=2418&category_id=&option=com_phpshop,https://web.archive.org/web/20080808084940/http://www.press.sk:80/index.php?page=shop.flypage&product_id=2418&category_id=&option=com_phpshop,20080808084940,skip
http://www.press.sk:80/index.php?page=shop.flypage&product_id=2418&category_id=&option=com_phpshop,https://web.archive.org/web/20080809123943/http://www.press.sk:80/index.php?page=shop.flypage&product_id=2418&category_id=&option=com_phpshop,20080809123943,skip
http://www.press.sk:80/index.php?page=shop.flypage&product_id=2418&category_id=&option=com_phpshop,https://web.archive.org/web/20080810183559/http://www.press.sk:80/index.php?page=shop.flypage&product_id=2418&category_id=&option=com_phpshop,20080810183559,skip
http://www.press.sk.:80/index.php?page=shop.flypage&product_id=2418&category_id=&option=com_phpshop,https://web.archive.org/web/20080811205348/http://www.press.sk.:80/index.php?page=shop.flypage&product_id=2418&category_id=&option=com_phpshop,20080811205348,skip
http://www.press.sk:80/index.php?page=shop.flypage&product_id=2418&category_id=&option=com_phpshop,https://web.archive.org/web/20080812215631/http://www.press.sk:80/index.php?page=shop.flypage&product_id=2418&category_id=&option=com_phpshop,20080812215631,skip
http://www.press.sk:80/index.php?page=shop.flypage&product_id=2418&category_id=&option=com_phpshop,https://web.archive.org/web/20080814010832/http://www.press.sk:80/index.php?page=shop.flypage&product_id=2418&category_id=&option=com_phpshop,20080814010832,skip
http://www.press.sk:80/index.php?page=shop.flypage&product_id=2418&category_id=&option=com_phpshop,https://web.archive.org/web/20080815030104/http://www.press.sk:80/index.php?page=shop.flypage&product_id=2418&category_id=&option=com_phpshop,20080815030104,skip
http://www.press.sk:80/index.php?page=shop.flypage&product_id=2418&category_id=&option=com_phpshop,https://web.archive.org/web/20080816033436/http://www.press.sk:80/index.php?page=shop.flypage&product_id=2418&category_id=&option=com_phpshop,20080816033436,skip
http://www.press.sk:80/index.php?page=shop.flypage&product_id=2418&category_id=&option=com_phpshop,https://web.archive.org/web/20080817062159/http://www.press.sk:80/index.php?page=shop.flypage&product_id=2418&category_id=&option=com_phpshop,20080817062159,skip
http://www.press.sk:80/index.php?page=shop.flypage&product_id=2418&category_id=&option=com_phpshop,https://web.archive.org/web/20080818082008/http://www.press.sk:80/index.php?page=shop.flypage&product_id=2418&category_id=&option=com_phpshop,20080818082008,skip
http://www.press.sk:80/index.php?page=shop.flypage&product_id=2418&category_id=&option=com_phpshop,https://web.archive.org/web/20080819085343/http://www.press.sk:80/index.php?page=shop.flypage&product_id=2418&category_id=&option=com_phpshop,20080819085343,skip
http://www.press.sk:80/index.php?page=shop.flypage&product_id=2418&category_id=&option=com_phpshop,https://web.archive.org/web/20080820103631/http://www.press.sk:80/index.php?page=shop.flypage&product_id=2418&category_id=&option=com_phpshop,20080820103631,skip
http://www.press.sk:80/index.php?page=shop.flypage&product_id=2418&category_id=&option=com_phpshop,https://web.archive.org/web/20080822110443/http://www.press.sk:80/index.php?page=shop.flypage&product_id=2418&category_id=&option=com_phpshop,20080822110443,skip
http://www.press.sk:80/index.php?page=shop.flypage&product_id=2418&category_id=&option=com_phpshop,https://web.archive.org/web/20080823114439/http://www.press.sk:80/index.php?page=shop.flypage&product_id=2418&category_id=&option=com_phpshop,20080823114439,skip
http://www.press.sk:80/index.php?page=shop.flypage&product_id=2418&category_id=&option=com_phpshop,https://web.archive.org/web/20080824152538/http://www.press.sk:80/index.php?page=shop.flypage&product_id=2418&category_id=&option=com_phpshop,20080824152538,skip
http://www.press.sk:80/index.php?page=shop.flypage&product_id=2418&category_id=&option=com_phpshop,https://web.archive.org/web/20080826023557/http://www.press.sk:80/index.php?page=shop.flypage&product_id=2418&category_id=&option=com_phpshop,20080826023557,skip
http://www.press.sk:80/index.php?page=shop.flypage&product_id=2418&category_id=&option=com_phpshop,https://web.archive.org/web/20080827105312/http://www.press.sk:80/index.php?page=shop.flypage&product_id=2418&category_id=&option=com_phpshop,20080827105312,skip
http://www.press.sk:80/index.php?page=shop.flypage&product_id=2418&category_id=&option=com_phpshop,https://web.archive.org/web/20080828214910/http://www.press.sk:80/index.php?page=shop.flypage&product_id=2418&category_id=&option=com_phpshop,20080828214910,skip
http://www.press.sk:80/index.php?page=shop.flypage&product_id=2418&category_id=&option=com_phpshop,https://web.archive.org/web/20080830110129/http://www.press.sk:80/index.php?page=shop.flypage&product_id=2418&category_id=&option=com_phpshop,20080830110129,skip
http://www.press.sk:80/index.php?page=shop.flypage&product_id=2418&category_id=&option=com_phpshop,https://web.archive.org/web/20080902010828/http://www.press.sk:80/index.php?page=shop.flypage&product_id=2418&category_id=&option=com_phpshop,20080902010828,skip
http://www.press.sk:80/index.php?page=shop.flypage&product_id=2418&category_id=&option=com_phpshop,https://web.archive.org/web/20080903013422/http://www.press.sk:80/index.php?page=shop.flypage&product_id=2418&category_id=&option=com_phpshop,20080903013422,skip
http://www.press.sk:80/index.php?page=shop.flypage&product_id=2418&category_id=&option=com_phpshop,https://web.archive.org/web/20080905071134/http://www.press.sk:80/index.php?page=shop.flypage&product_id=2418&category_id=&option=com_phpshop,20080905071134,skip
http://www.press.sk:80/index.php?page=shop.flypage&product_id=2418&category_id=&option=com_phpshop,https://web.archive.org/web/20080906075833/http://www.press.sk:80/index.php?page=shop.flypage&product_id=2418&category_id=&option=com_phpshop,20080906075833,skip
http://www.press.sk:80/index.php?page=shop.flypage&product_id=2418&category_id=&option=com_phpshop,https://web.archive.org/web/20080908091413/http://www.press.sk:80/index.php?page=shop.flypage&product_id=2418&category_id=&option=com_phpshop,20080908091413,skip
http://www.press.sk:80/index.php?page=shop.flypage&product_id=2418&category_id=&option=com_phpshop,https://web.archive.org/web/20080909110447/http://www.press.sk:80/index.php?page=shop.flypage&product_id=2418&category_id=&option=com_phpshop,20080909110447,skip
http://www.press.sk:80/index.php?page=shop.flypage&product_id=2418&category_id=&option=com_phpshop,https://web.archive.org/web/20080910112316/http://www.press.sk:80/index.php?page=shop.flypage&product_id=2418&category_id=&option=com_phpshop,20080910112316,skip
http://www.press.sk:80/index.php?page=shop.flypage&product_id=2418&category_id=&option=com_phpshop,https://web.archive.org/web/20080911124040/http://www.press.sk:80/index.php?page=shop.flypage&product_id=2418&category_id=&option=com_phpshop,20080911124040,skip
http://www.press.sk:80/index.php?page=shop.flypage&product_id=2418&category_id=&option=com_phpshop,https://web.archive.org/web/20080912124710/http://www.press.sk:80/index.php?page=shop.flypage&product_id=2418&category_id=&option=com_phpshop,20080912124710,skip
http://www.press.sk:80/index.php?page=shop.flypage&product_id=253&category_id=&option=com_phpshop,https://web.archive.org/web/20080818121303/http://www.press.sk:80/index.php?page=shop.flypage&product_id=253&category_id=&option=com_phpshop,20080818121303,skip
http://www.press.sk:80/index.php?page=shop.flypage&product_id=253&category_id=&option=com_phpshop,https://web.archive.org/web/20080819185012/http://www.press.sk:80/index.php?page=shop.flypage&product_id=253&category_id=&option=com_phpshop,20080819185012,skip
http://www.press.sk:80/index.php?page=shop.flypage&product_id=253&category_id=&option=com_phpshop,https://web.archive.org/web/20080821011702/http://www.press.sk:80/index.php?page=shop.flypage&product_id=253&category_id=&option=com_phpshop,20080821011702,skip
http://www.press.sk:80/index.php?page=shop.flypage&product_id=253&category_id=&option=com_phpshop,https://web.archive.org/web/20080822044940/http://www.press.sk:80/index.php?page=shop.flypage&product_id=253&category_id=&option=com_phpshop,20080822044940,skip
http://www.press.sk:80/index.php?page=shop.flypage&product_id=253&category_id=&option=com_phpshop,https://web.archive.org/web/20080823130155/http://www.press.sk:80/index.php?page=shop.flypage&product_id=253&category_id=&option=com_phpshop,20080823130155,skip
http://www.press.sk:80/index.php?page=shop.flypage&product_id=253&category_id=&option=com_phpshop,https://web.archive.org/web/20080824214705/http://www.press.sk:80/index.php?page=shop.flypage&product_id=253&category_id=&option=com_phpshop,20080824214705,skip
http://www.press.sk:80/index.php?page=shop.flypage&product_id=253&category_id=&option=com_phpshop,https://web.archive.org/web/20080826053640/http://www.press.sk:80/index.php?page=shop.flypage&product_id=253&category_id=&option=com_phpshop,20080826053640,skip
http://www.press.sk:80/index.php?page=shop.flypage&product_id=2546&category_id=&option=com_phpshop,https://web.archive.org/web/20080921205033/http://www.press.sk:80/index.php?page=shop.flypage&product_id=2546&category_id=&option=com_phpshop,20080921205033,skip
http://www.press.sk:80/index.php?page=shop.flypage&product_id=2585&category_id=&option=com_phpshop,https://web.archive.org/web/20080917154811/http://www.press.sk:80/index.php?page=shop.flypage&product_id=2585&category_id=&option=com_phpshop,20080917154811,skip
http://www.press.sk:80/index.php?page=shop.flypage&product_id=3057&category_id=&option=com_phpshop,https://web.archive.org/web/20080701075859/http://www.press.sk:80/index.php?page=shop.flypage&product_id=3057&category_id=&option=com_phpshop,20080701075859,skip
http://www.press.sk:80/index.php?page=shop.flypage&product_id=3619&category_id=&option=com_phpshop,https://web.archive.org/web/20080922173210/http://www.press.sk:80/index.php?page=shop.flypage&product_id=3619&category_id=&option=com_phpshop,20080922173210,skip
http://www.press.sk:80/index.php?page=shop.flypage&product_id=3805&category_id=&option=com_phpshop,https://web.archive.org/web/20080814165522/http://www.press.sk:80/index.php?page=shop.flypage&product_id=3805&category_id=&option=com_phpshop,20080814165522,skip
http://www.press.sk:80/index.php?page=shop.flypage&product_id=3805&category_id=&option=com_phpshop,https://web.archive.org/web/20080815183620/http://www.press.sk:80/index.php?page=shop.flypage&product_id=3805&category_id=&option=com_phpshop,20080815183620,skip
http://www.press.sk:80/index.php?page=shop.flypage&product_id=3805&category_id=&option=com_phpshop,https://web.archive.org/web/20080817012239/http://www.press.sk:80/index.php?page=shop.flypage&product_id=3805&category_id=&option=com_phpshop,20080817012239,skip
http://www.press.sk:80/index.php?page=shop.flypage&product_id=3805&category_id=&option=com_phpshop,https://web.archive.org/web/20080818102505/http://www.press.sk:80/index.php?page=shop.flypage&product_id=3805&category_id=&option=com_phpshop,20080818102505,skip
http://www.press.sk:80/index.php?page=shop.flypage&product_id=3805&category_id=&option=com_phpshop,https://web.archive.org/web/20080819214838/http://www.press.sk:80/index.php?page=shop.flypage&product_id=3805&category_id=&option=com_phpshop,20080819214838,skip
http://www.press.sk:80/index.php?page=shop.flypage&product_id=3805&category_id=&option=com_phpshop,https://web.archive.org/web/20080822053121/http://www.press.sk:80/index.php?page=shop.flypage&product_id=3805&category_id=&option=com_phpshop,20080822053121,skip
http://www.press.sk:80/index.php?page=shop.flypage&product_id=3805&category_id=&option=com_phpshop,https://web.archive.org/web/20080823130201/http://www.press.sk:80/index.php?page=shop.flypage&product_id=3805&category_id=&option=com_phpshop,20080823130201,skip
http://www.press.sk:80/index.php?page=shop.flypage&product_id=3892&category_id=&option=com_phpshop,https://web.archive.org/web/20080701205117/http://www.press.sk:80/index.php?page=shop.flypage&product_id=3892&category_id=&option=com_phpshop,20080701205117,skip
http://www.press.sk:80/index.php?page=shop.flypage&product_id=3892&category_id=&option=com_phpshop,https://web.archive.org/web/20080703200427/http://www.press.sk:80/index.php?page=shop.flypage&product_id=3892&category_id=&option=com_phpshop,20080703200427,skip
http://www.press.sk:80/index.php?page=shop.flypage&product_id=3892&category_id=&option=com_phpshop,https://web.archive.org/web/20080704214311/http://www.press.sk:80/index.php?page=shop.flypage&product_id=3892&category_id=&option=com_phpshop,20080704214311,skip
http://www.press.sk:80/index.php?page=shop.flypage&product_id=3892&category_id=&option=com_phpshop,https://web.archive.org/web/20080705233920/http://www.press.sk:80/index.php?page=shop.flypage&product_id=3892&category_id=&option=com_phpshop,20080705233920,skip
http://www.press.sk:80/index.php?page=shop.flypage&product_id=3892&category_id=&option=com_phpshop,https://web.archive.org/web/20080709045755/http://www.press.sk:80/index.php?page=shop.flypage&product_id=3892&category_id=&option=com_phpshop,20080709045755,skip
http://www.press.sk:80/index.php?page=shop.flypage&product_id=3892&category_id=&option=com_phpshop,https://web.archive.org/web/20080710084350/http://www.press.sk:80/index.php?page=shop.flypage&product_id=3892&category_id=&option=com_phpshop,20080710084350,skip
http://www.press.sk:80/index.php?page=shop.flypage&product_id=3892&category_id=&option=com_phpshop,https://web.archive.org/web/20080711225321/http://www.press.sk:80/index.php?page=shop.flypage&product_id=3892&category_id=&option=com_phpshop,20080711225321,skip
http://www.press.sk:80/index.php?page=shop.flypage&product_id=3892&category_id=&option=com_phpshop,https://web.archive.org/web/20080715171345/http://www.press.sk:80/index.php?page=shop.flypage&product_id=3892&category_id=&option=com_phpshop,20080715171345,skip
http://www.press.sk:80/index.php?page=shop.flypage&product_id=3892&category_id=&option=com_phpshop,https://web.archive.org/web/20080720211713/http://www.press.sk:80/index.php?page=shop.flypage&product_id=3892&category_id=&option=com_phpshop,20080720211713,skip
http://www.press.sk:80/index.php?page=shop.flypage&product_id=3892&category_id=&option=com_phpshop,https://web.archive.org/web/20080723183830/http://www.press.sk:80/index.php?page=shop.flypage&product_id=3892&category_id=&option=com_phpshop,20080723183830,skip
http://www.press.sk:80/index.php?page=shop.flypage&product_id=3892&category_id=&option=com_phpshop,https://web.archive.org/web/20080726153027/http://www.press.sk:80/index.php?page=shop.flypage&product_id=3892&category_id=&option=com_phpshop,20080726153027,skip
http://www.press.sk:80/index.php?page=shop.flypage&product_id=3892&category_id=&option=com_phpshop,https://web.archive.org/web/20080731190046/http://www.press.sk:80/index.php?page=shop.flypage&product_id=3892&category_id=&option=com_phpshop,20080731190046,skip
http://www.press.sk:80/index.php?page=shop.flypage&product_id=3892&category_id=&option=com_phpshop,https://web.archive.org/web/20080806143922/http://www.press.sk:80/index.php?page=shop.flypage&product_id=3892&category_id=&option=com_phpshop,20080806143922,skip
http://www.press.sk:80/index.php?page=shop.flypage&product_id=3892&category_id=&option=com_phpshop,https://web.archive.org/web/20080807042530/http://www.press.sk:80/index.php?page=shop.flypage&product_id=3892&category_id=&option=com_phpshop,20080807042530,skip
http://www.press.sk:80/index.php?page=shop.flypage&product_id=3892&category_id=&option=com_phpshop,https://web.archive.org/web/20080808053926/http://www.press.sk:80/index.php?page=shop.flypage&product_id=3892&category_id=&option=com_phpshop,20080808053926,skip
http://www.press.sk:80/index.php?page=shop.flypage&product_id=3892&category_id=&option=com_phpshop,https://web.archive.org/web/20080809133351/http://www.press.sk:80/index.php?page=shop.flypage&product_id=3892&category_id=&option=com_phpshop,20080809133351,skip
http://www.press.sk.:80/index.php?page=shop.flypage&product_id=3892&category_id=&option=com_phpshop,https://web.archive.org/web/20080811232821/http://www.press.sk.:80/index.php?page=shop.flypage&product_id=3892&category_id=&option=com_phpshop,20080811232821,skip
http://www.press.sk:80/index.php?page=shop.flypage&product_id=3892&category_id=&option=com_phpshop,https://web.archive.org/web/20080813123630/http://www.press.sk:80/index.php?page=shop.flypage&product_id=3892&category_id=&option=com_phpshop,20080813123630,skip
http://www.press.sk:80/index.php?page=shop.flypage&product_id=3892&category_id=&option=com_phpshop,https://web.archive.org/web/20080814165527/http://www.press.sk:80/index.php?page=shop.flypage&product_id=3892&category_id=&option=com_phpshop,20080814165527,skip
http://www.press.sk:80/index.php?page=shop.flypage&product_id=3892&category_id=&option=com_phpshop,https://web.archive.org/web/20080815183625/http://www.press.sk:80/index.php?page=shop.flypage&product_id=3892&category_id=&option=com_phpshop,20080815183625,skip
http://www.press.sk:80/index.php?page=shop.flypage&product_id=3892&category_id=&option=com_phpshop,https://web.archive.org/web/20080817011430/http://www.press.sk:80/index.php?page=shop.flypage&product_id=3892&category_id=&option=com_phpshop,20080817011430,skip
http://www.press.sk:80/index.php?page=shop.flypage&product_id=3892&category_id=&option=com_phpshop,https://web.archive.org/web/20080818102510/http://www.press.sk:80/index.php?page=shop.flypage&product_id=3892&category_id=&option=com_phpshop,20080818102510,skip
http://www.press.sk:80/index.php?page=shop.flypage&product_id=3892&category_id=&option=com_phpshop,https://web.archive.org/web/20080819214842/http://www.press.sk:80/index.php?page=shop.flypage&product_id=3892&category_id=&option=com_phpshop,20080819214842,skip
http://www.press.sk:80/index.php?page=shop.flypage&product_id=3892&category_id=&option=com_phpshop,https://web.archive.org/web/20080822044945/http://www.press.sk:80/index.php?page=shop.flypage&product_id=3892&category_id=&option=com_phpshop,20080822044945,skip
http://www.press.sk:80/index.php?page=shop.flypage&product_id=3892&category_id=&option=com_phpshop,https://web.archive.org/web/20080823130208/http://www.press.sk:80/index.php?page=shop.flypage&product_id=3892&category_id=&option=com_phpshop,20080823130208,skip
http://www.press.sk:80/index.php?page=shop.flypage&product_id=3892&category_id=&option=com_phpshop,https://web.archive.org/web/20080824214708/http://www.press.sk:80/index.php?page=shop.flypage&product_id=3892&category_id=&option=com_phpshop,20080824214708,skip
http://www.press.sk:80/index.php?page=shop.flypage&product_id=3892&category_id=&option=com_phpshop,https://web.archive.org/web/20080826053645/http://www.press.sk:80/index.php?page=shop.flypage&product_id=3892&category_id=&option=com_phpshop,20080826053645,skip
http://www.press.sk:80/index.php?page=shop.flypage&product_id=3892&category_id=&option=com_phpshop,https://web.archive.org/web/20080827150455/http://www.press.sk:80/index.php?page=shop.flypage&product_id=3892&category_id=&option=com_phpshop,20080827150455,skip
http://www.press.sk:80/index.php?page=shop.flypage&product_id=3892&category_id=&option=com_phpshop,https://web.archive.org/web/20080828221320/http://www.press.sk:80/index.php?page=shop.flypage&product_id=3892&category_id=&option=com_phpshop,20080828221320,skip
http://www.press.sk:80/index.php?page=shop.flypage&product_id=3892&category_id=&option=com_phpshop,https://web.archive.org/web/20080830211724/http://www.press.sk:80/index.php?page=shop.flypage&product_id=3892&category_id=&option=com_phpshop,20080830211724,skip
http://www.press.sk:80/index.php?page=shop.flypage&product_id=3892&category_id=&option=com_phpshop,https://web.archive.org/web/20080905150307/http://www.press.sk:80/index.php?page=shop.flypage&product_id=3892&category_id=&option=com_phpshop,20080905150307,skip
http://www.press.sk:80/index.php?page=shop.flypage&product_id=3892&category_id=&option=com_phpshop,https://web.archive.org/web/20080908034527/http://www.press.sk:80/index.php?page=shop.flypage&product_id=3892&category_id=&option=com_phpshop,20080908034527,skip
http://www.press.sk:80/index.php?page=shop.flypage&product_id=3892&category_id=&option=com_phpshop,https://web.archive.org/web/20080910072354/http://www.press.sk:80/index.php?page=shop.flypage&product_id=3892&category_id=&option=com_phpshop,20080910072354,skip
http://www.press.sk:80/index.php?page=shop.flypage&product_id=3892&category_id=&option=com_phpshop,https://web.archive.org/web/20080911234707/http://www.press.sk:80/index.php?page=shop.flypage&product_id=3892&category_id=&option=com_phpshop,20080911234707,skip
http://www.press.sk:80/index.php?page=shop.flypage&product_id=3893&category_id=&option=com_phpshop,https://web.archive.org/web/20080701055036/http://www.press.sk:80/index.php?page=shop.flypage&product_id=3893&category_id=&option=com_phpshop,20080701055036,skip
http://www.press.sk:80/index.php?page=shop.flypage&product_id=3893&category_id=&option=com_phpshop,https://web.archive.org/web/20080702063537/http://www.press.sk:80/index.php?page=shop.flypage&product_id=3893&category_id=&option=com_phpshop,20080702063537,skip
http://www.press.sk:80/index.php?page=shop.flypage&product_id=3893&category_id=&option=com_phpshop,https://web.archive.org/web/20080703110525/http://www.press.sk:80/index.php?page=shop.flypage&product_id=3893&category_id=&option=com_phpshop,20080703110525,skip
http://www.press.sk:80/index.php?page=shop.flypage&product_id=3893&category_id=&option=com_phpshop,https://web.archive.org/web/20080704113155/http://www.press.sk:80/index.php?page=shop.flypage&product_id=3893&category_id=&option=com_phpshop,20080704113155,skip
http://www.press.sk:80/index.php?page=shop.flypage&product_id=3893&category_id=&option=com_phpshop,https://web.archive.org/web/20080706152406/http://www.press.sk:80/index.php?page=shop.flypage&product_id=3893&category_id=&option=com_phpshop,20080706152406,skip
http://www.press.sk:80/index.php?page=shop.flypage&product_id=3893&category_id=&option=com_phpshop,https://web.archive.org/web/20080707154343/http://www.press.sk:80/index.php?page=shop.flypage&product_id=3893&category_id=&option=com_phpshop,20080707154343,skip
http://www.press.sk:80/index.php?page=shop.flypage&product_id=3893&category_id=&option=com_phpshop,https://web.archive.org/web/20080708221127/http://www.press.sk:80/index.php?page=shop.flypage&product_id=3893&category_id=&option=com_phpshop,20080708221127,skip
http://www.press.sk:80/index.php?page=shop.flypage&product_id=3893&category_id=&option=com_phpshop,https://web.archive.org/web/20080710010658/http://www.press.sk:80/index.php?page=shop.flypage&product_id=3893&category_id=&option=com_phpshop,20080710010658,skip
http://www.press.sk:80/index.php?page=shop.flypage&product_id=3893&category_id=&option=com_phpshop,https://web.archive.org/web/20080711031915/http://www.press.sk:80/index.php?page=shop.flypage&product_id=3893&category_id=&option=com_phpshop,20080711031915,skip
http://www.press.sk:80/index.php?page=shop.flypage&product_id=3893&category_id=&option=com_phpshop,https://web.archive.org/web/20080712062719/http://www.press.sk:80/index.php?page=shop.flypage&product_id=3893&category_id=&option=com_phpshop,20080712062719,skip
http://www.press.sk:80/index.php?page=shop.flypage&product_id=3893&category_id=&option=com_phpshop,https://web.archive.org/web/20080714040133/http://www.press.sk:80/index.php?page=shop.flypage&product_id=3893&category_id=&option=com_phpshop,20080714040133,skip
http://www.press.sk:80/index.php?page=shop.flypage&product_id=3893&category_id=&option=com_phpshop,https://web.archive.org/web/20080715171353/http://www.press.sk:80/index.php?page=shop.flypage&product_id=3893&category_id=&option=com_phpshop,20080715171353,skip
http://www.press.sk:80/index.php?page=shop.flypage&product_id=3893&category_id=&option=com_phpshop,https://web.archive.org/web/20080717084955/http://www.press.sk:80/index.php?page=shop.flypage&product_id=3893&category_id=&option=com_phpshop,20080717084955,skip
http://www.press.sk:80/index.php?page=shop.flypage&product_id=3893&category_id=&option=com_phpshop,https://web.archive.org/web/20080723183409/http://www.press.sk:80/index.php?page=shop.flypage&product_id=3893&category_id=&option=com_phpshop,20080723183409,skip
http://www.press.sk:80/index.php?page=shop.flypage&product_id=3893&category_id=&option=com_phpshop,https://web.archive.org/web/20080726153032/http://www.press.sk:80/index.php?page=shop.flypage&product_id=3893&category_id=&option=com_phpshop,20080726153032,skip
http://www.press.sk:80/index.php?page=shop.flypage&product_id=3893&category_id=&option=com_phpshop,https://web.archive.org/web/20080801174446/http://www.press.sk:80/index.php?page=shop.flypage&product_id=3893&category_id=&option=com_phpshop,20080801174446,skip
http://www.press.sk:80/index.php?page=shop.flypage&product_id=3894&category_id=&option=com_phpshop,https://web.archive.org/web/20080701055144/http://www.press.sk:80/index.php?page=shop.flypage&product_id=3894&category_id=&option=com_phpshop,20080701055144,skip
http://www.press.sk:80/index.php?page=shop.flypage&product_id=3894&category_id=&option=com_phpshop,https://web.archive.org/web/20080702063414/http://www.press.sk:80/index.php?page=shop.flypage&product_id=3894&category_id=&option=com_phpshop,20080702063414,skip
http://www.press.sk:80/index.php?page=shop.flypage&product_id=3894&category_id=&option=com_phpshop,https://web.archive.org/web/20080703110414/http://www.press.sk:80/index.php?page=shop.flypage&product_id=3894&category_id=&option=com_phpshop,20080703110414,skip
http://www.press.sk:80/index.php?page=shop.flypage&product_id=3894&category_id=&option=com_phpshop,https://web.archive.org/web/20080704113246/http://www.press.sk:80/index.php?page=shop.flypage&product_id=3894&category_id=&option=com_phpshop,20080704113246,skip
http://www.press.sk:80/index.php?page=shop.flypage&product_id=3894&category_id=&option=com_phpshop,https://web.archive.org/web/20080706152422/http://www.press.sk:80/index.php?page=shop.flypage&product_id=3894&category_id=&option=com_phpshop,20080706152422,skip
http://www.press.sk:80/index.php?page=shop.flypage&product_id=3894&category_id=&option=com_phpshop,https://web.archive.org/web/20080707160546/http://www.press.sk:80/index.php?page=shop.flypage&product_id=3894&category_id=&option=com_phpshop,20080707160546,skip
http://www.press.sk:80/index.php?page=shop.flypage&product_id=3894&category_id=&option=com_phpshop,https://web.archive.org/web/20080708221510/http://www.press.sk:80/index.php?page=shop.flypage&product_id=3894&category_id=&option=com_phpshop,20080708221510,skip
http://www.press.sk:80/index.php?page=shop.flypage&product_id=3894&category_id=&option=com_phpshop,https://web.archive.org/web/20080710010703/http://www.press.sk:80/index.php?page=shop.flypage&product_id=3894&category_id=&option=com_phpshop,20080710010703,skip
http://www.press.sk:80/index.php?page=shop.flypage&product_id=3894&category_id=&option=com_phpshop,https://web.archive.org/web/20080711032044/http://www.press.sk:80/index.php?page=shop.flypage&product_id=3894&category_id=&option=com_phpshop,20080711032044,skip
http://www.press.sk:80/index.php?page=shop.flypage&product_id=3894&category_id=&option=com_phpshop,https://web.archive.org/web/20080712041350/http://www.press.sk:80/index.php?page=shop.flypage&product_id=3894&category_id=&option=com_phpshop,20080712041350,skip
http://www.press.sk:80/index.php?page=shop.flypage&product_id=3894&category_id=&option=com_phpshop,https://web.archive.org/web/20080715171355/http://www.press.sk:80/index.php?page=shop.flypage&product_id=3894&category_id=&option=com_phpshop,20080715171355,skip
http://www.press.sk:80/index.php?page=shop.flypage&product_id=3894&category_id=&option=com_phpshop,https://web.archive.org/web/20080723183414/http://www.press.sk:80/index.php?page=shop.flypage&product_id=3894&category_id=&option=com_phpshop,20080723183414,skip
http://www.press.sk:80/index.php?page=shop.flypage&product_id=3894&category_id=&option=com_phpshop,https://web.archive.org/web/20080726153037/http://www.press.sk:80/index.php?page=shop.flypage&product_id=3894&category_id=&option=com_phpshop,20080726153037,skip
http://www.press.sk:80/index.php?page=shop.flypage&product_id=3894&category_id=&option=com_phpshop,https://web.archive.org/web/20080801174452/http://www.press.sk:80/index.php?page=shop.flypage&product_id=3894&category_id=&option=com_phpshop,20080801174452,skip
http://www.press.sk:80/index.php?page=shop.flypage&product_id=3894&category_id=&option=com_phpshop,https://web.archive.org/web/20080822100953/http://www.press.sk:80/index.php?page=shop.flypage&product_id=3894&category_id=&option=com_phpshop,20080822100953,skip
http://www.press.sk:80/index.php?page=shop.flypage&product_id=3894&category_id=&option=com_phpshop,https://web.archive.org/web/20080823130210/http://www.press.sk:80/index.php?page=shop.flypage&product_id=3894&category_id=&option=com_phpshop,20080823130210,skip
http://www.press.sk:80/index.php?page=shop.flypage&product_id=3895&category_id=&option=com_phpshop,https://web.archive.org/web/20080701095814/http://www.press.sk:80/index.php?page=shop.flypage&product_id=3895&category_id=&option=com_phpshop,20080701095814,skip
http://www.press.sk:80/index.php?page=shop.flypage&product_id=3895&category_id=&option=com_phpshop,https://web.archive.org/web/20080702113623/http://www.press.sk:80/index.php?page=shop.flypage&product_id=3895&category_id=&option=com_phpshop,20080702113623,skip
http://www.press.sk:80/index.php?page=shop.flypage&product_id=3895&category_id=&option=com_phpshop,https://web.archive.org/web/20080703162920/http://www.press.sk:80/index.php?page=shop.flypage&product_id=3895&category_id=&option=com_phpshop,20080703162920,skip
http://www.press.sk:80/index.php?page=shop.flypage&product_id=3895&category_id=&option=com_phpshop,https://web.archive.org/web/20080706202840/http://www.press.sk:80/index.php?page=shop.flypage&product_id=3895&category_id=&option=com_phpshop,20080706202840,skip
http://www.press.sk:80/index.php?page=shop.flypage&product_id=3895&category_id=&option=com_phpshop,https://web.archive.org/web/20080708221132/http://www.press.sk:80/index.php?page=shop.flypage&product_id=3895&category_id=&option=com_phpshop,20080708221132,skip
http://www.press.sk:80/index.php?page=shop.flypage&product_id=3895&category_id=&option=com_phpshop,https://web.archive.org/web/20080710010708/http://www.press.sk:80/index.php?page=shop.flypage&product_id=3895&category_id=&option=com_phpshop,20080710010708,skip
http://www.press.sk:80/index.php?page=shop.flypage&product_id=3895&category_id=&option=com_phpshop,https://web.archive.org/web/20080711031918/http://www.press.sk:80/index.php?page=shop.flypage&product_id=3895&category_id=&option=com_phpshop,20080711031918,skip
http://www.press.sk:80/index.php?page=shop.flypage&product_id=3895&category_id=&option=com_phpshop,https://web.archive.org/web/20080712041355/http://www.press.sk:80/index.php?page=shop.flypage&product_id=3895&category_id=&option=com_phpshop,20080712041355,skip
http://www.press.sk:80/index.php?page=shop.flypage&product_id=3895&category_id=&option=com_phpshop,https://web.archive.org/web/20080715171400/http://www.press.sk:80/index.php?page=shop.flypage&product_id=3895&category_id=&option=com_phpshop,20080715171400,skip
http://www.press.sk:80/index.php?page=shop.flypage&product_id=3895&category_id=&option=com_phpshop,https://web.archive.org/web/20080723183834/http://www.press.sk:80/index.php?page=shop.flypage&product_id=3895&category_id=&option=com_phpshop,20080723183834,skip
http://www.press.sk:80/index.php?page=shop.flypage&product_id=3895&category_id=&option=com_phpshop,https://web.archive.org/web/20080726153042/http://www.press.sk:80/index.php?page=shop.flypage&product_id=3895&category_id=&option=com_phpshop,20080726153042,skip
http://www.press.sk:80/index.php?page=shop.flypage&product_id=3895&category_id=&option=com_phpshop,https://web.archive.org/web/20080801174456/http://www.press.sk:80/index.php?page=shop.flypage&product_id=3895&category_id=&option=com_phpshop,20080801174456,skip
http://www.press.sk:80/index.php?page=shop.flypage&product_id=3896&category_id=&option=com_phpshop,https://web.archive.org/web/20080916220008/http://www.press.sk:80/index.php?page=shop.flypage&product_id=3896&category_id=&option=com_phpshop,20080916220008,skip
http://www.press.sk:80/index.php?page=shop.flypage&product_id=3897&category_id=&option=com_phpshop,https://web.archive.org/web/20080701095819/http://www.press.sk:80/index.php?page=shop.flypage&product_id=3897&category_id=&option=com_phpshop,20080701095819,skip
http://www.press.sk:80/index.php?page=shop.flypage&product_id=3897&category_id=&option=com_phpshop,https://web.archive.org/web/20080702113628/http://www.press.sk:80/index.php?page=shop.flypage&product_id=3897&category_id=&option=com_phpshop,20080702113628,skip
http://www.press.sk:80/index.php?page=shop.flypage&product_id=3897&category_id=&option=com_phpshop,https://web.archive.org/web/20080703162925/http://www.press.sk:80/index.php?page=shop.flypage&product_id=3897&category_id=&option=com_phpshop,20080703162925,skip
http://www.press.sk:80/index.php?page=shop.flypage&product_id=3897&category_id=&option=com_phpshop,https://web.archive.org/web/20080706202420/http://www.press.sk:80/index.php?page=shop.flypage&product_id=3897&category_id=&option=com_phpshop,20080706202420,skip
http://www.press.sk:80/index.php?page=shop.flypage&product_id=3897&category_id=&option=com_phpshop,https://web.archive.org/web/20080708221137/http://www.press.sk:80/index.php?page=shop.flypage&product_id=3897&category_id=&option=com_phpshop,20080708221137,skip
http://www.press.sk:80/index.php?page=shop.flypage&product_id=3897&category_id=&option=com_phpshop,https://web.archive.org/web/20080710010713/http://www.press.sk:80/index.php?page=shop.flypage&product_id=3897&category_id=&option=com_phpshop,20080710010713,skip
http://www.press.sk:80/index.php?page=shop.flypage&product_id=3897&category_id=&option=com_phpshop,https://web.archive.org/web/20080711032049/http://www.press.sk:80/index.php?page=shop.flypage&product_id=3897&category_id=&option=com_phpshop,20080711032049,skip
http://www.press.sk:80/index.php?page=shop.flypage&product_id=3897&category_id=&option=com_phpshop,https://web.archive.org/web/20080712041400/http://www.press.sk:80/index.php?page=shop.flypage&product_id=3897&category_id=&option=com_phpshop,20080712041400,skip
http://www.press.sk:80/index.php?page=shop.flypage&product_id=3897&category_id=&option=com_phpshop,https://web.archive.org/web/20080715171407/http://www.press.sk:80/index.php?page=shop.flypage&product_id=3897&category_id=&option=com_phpshop,20080715171407,skip
http://www.press.sk:80/index.php?page=shop.flypage&product_id=3897&category_id=&option=com_phpshop,https://web.archive.org/web/20080723183908/http://www.press.sk:80/index.php?page=shop.flypage&product_id=3897&category_id=&option=com_phpshop,20080723183908,skip
http://www.press.sk:80/index.php?page=shop.flypage&product_id=3897&category_id=&option=com_phpshop,https://web.archive.org/web/20080726153048/http://www.press.sk:80/index.php?page=shop.flypage&product_id=3897&category_id=&option=com_phpshop,20080726153048,skip
http://www.press.sk:80/index.php?page=shop.flypage&product_id=3897&category_id=&option=com_phpshop,https://web.archive.org/web/20080801174502/http://www.press.sk:80/index.php?page=shop.flypage&product_id=3897&category_id=&option=com_phpshop,20080801174502,skip
http://www.press.sk:80/index.php?page=shop.flypage&product_id=3914&category_id=&option=com_phpshop,https://web.archive.org/web/20080701055149/http://www.press.sk:80/index.php?page=shop.flypage&product_id=3914&category_id=&option=com_phpshop,20080701055149,skip
http://www.press.sk:80/index.php?page=shop.flypage&product_id=3914&category_id=&option=com_phpshop,https://web.archive.org/web/20080702063855/http://www.press.sk:80/index.php?page=shop.flypage&product_id=3914&category_id=&option=com_phpshop,20080702063855,skip
http://www.press.sk:80/index.php?page=shop.flypage&product_id=3914&category_id=&option=com_phpshop,https://web.archive.org/web/20080703110530/http://www.press.sk:80/index.php?page=shop.flypage&product_id=3914&category_id=&option=com_phpshop,20080703110530,skip
http://www.press.sk:80/index.php?page=shop.flypage&product_id=3914&category_id=&option=com_phpshop,https://web.archive.org/web/20080704113256/http://www.press.sk:80/index.php?page=shop.flypage&product_id=3914&category_id=&option=com_phpshop,20080704113256,skip
http://www.press.sk:80/index.php?page=shop.flypage&product_id=3914&category_id=&option=com_phpshop,https://web.archive.org/web/20080706152436/http://www.press.sk:80/index.php?page=shop.flypage&product_id=3914&category_id=&option=com_phpshop,20080706152436,skip
http://www.press.sk:80/index.php?page=shop.flypage&product_id=3914&category_id=&option=com_phpshop,https://web.archive.org/web/20080707154350/http://www.press.sk:80/index.php?page=shop.flypage&product_id=3914&category_id=&option=com_phpshop,20080707154350,skip
http://www.press.sk:80/index.php?page=shop.flypage&product_id=3914&category_id=&option=com_phpshop,https://web.archive.org/web/20080708221142/http://www.press.sk:80/index.php?page=shop.flypage&product_id=3914&category_id=&option=com_phpshop,20080708221142,skip
http://www.press.sk:80/index.php?page=shop.flypage&product_id=3914&category_id=&option=com_phpshop,https://web.archive.org/web/20080710010823/http://www.press.sk:80/index.php?page=shop.flypage&product_id=3914&category_id=&option=com_phpshop,20080710010823,skip
http://www.press.sk:80/index.php?page=shop.flypage&product_id=3914&category_id=&option=com_phpshop,https://web.archive.org/web/20080711032054/http://www.press.sk:80/index.php?page=shop.flypage&product_id=3914&category_id=&option=com_phpshop,20080711032054,skip
http://www.press.sk:80/index.php?page=shop.flypage&product_id=3914&category_id=&option=com_phpshop,https://web.archive.org/web/20080712041405/http://www.press.sk:80/index.php?page=shop.flypage&product_id=3914&category_id=&option=com_phpshop,20080712041405,skip
http://www.press.sk:80/index.php?page=shop.flypage&product_id=3914&category_id=&option=com_phpshop,https://web.archive.org/web/20080715171441/http://www.press.sk:80/index.php?page=shop.flypage&product_id=3914&category_id=&option=com_phpshop,20080715171441,skip
http://www.press.sk:80/index.php?page=shop.flypage&product_id=3914&category_id=&option=com_phpshop,https://web.archive.org/web/20080723183915/http://www.press.sk:80/index.php?page=shop.flypage&product_id=3914&category_id=&option=com_phpshop,20080723183915,skip
http://www.press.sk:80/index.php?page=shop.flypage&product_id=3914&category_id=&option=com_phpshop,https://web.archive.org/web/20080801174516/http://www.press.sk:80/index.php?page=shop.flypage&product_id=3914&category_id=&option=com_phpshop,20080801174516,skip
http://www.press.sk:80/index.php?page=shop.flypage&product_id=3917&category_id=&option=com_phpshop,https://web.archive.org/web/20080701095826/http://www.press.sk:80/index.php?page=shop.flypage&product_id=3917&category_id=&option=com_phpshop,20080701095826,skip
http://www.press.sk:80/index.php?page=shop.flypage&product_id=3917&category_id=&option=com_phpshop,https://web.archive.org/web/20080702113725/http://www.press.sk:80/index.php?page=shop.flypage&product_id=3917&category_id=&option=com_phpshop,20080702113725,skip
http://www.press.sk:80/index.php?page=shop.flypage&product_id=3917&category_id=&option=com_phpshop,https://web.archive.org/web/20080703162932/http://www.press.sk:80/index.php?page=shop.flypage&product_id=3917&category_id=&option=com_phpshop,20080703162932,skip
http://www.press.sk:80/index.php?page=shop.flypage&product_id=3917&category_id=&option=com_phpshop,https://web.archive.org/web/20080706202854/http://www.press.sk:80/index.php?page=shop.flypage&product_id=3917&category_id=&option=com_phpshop,20080706202854,skip
http://www.press.sk:80/index.php?page=shop.flypage&product_id=3917&category_id=&option=com_phpshop,https://web.archive.org/web/20080708221515/http://www.press.sk:80/index.php?page=shop.flypage&product_id=3917&category_id=&option=com_phpshop,20080708221515,skip
http://www.press.sk:80/index.php?page=shop.flypage&product_id=3917&category_id=&option=com_phpshop,https://web.archive.org/web/20080710010828/http://www.press.sk:80/index.php?page=shop.flypage&product_id=3917&category_id=&option=com_phpshop,20080710010828,skip
http://www.press.sk:80/index.php?page=shop.flypage&product_id=3917&category_id=&option=com_phpshop,https://web.archive.org/web/20080711032059/http://www.press.sk:80/index.php?page=shop.flypage&product_id=3917&category_id=&option=com_phpshop,20080711032059,skip
http://www.press.sk:80/index.php?page=shop.flypage&product_id=3917&category_id=&option=com_phpshop,https://web.archive.org/web/20080712041410/http://www.press.sk:80/index.php?page=shop.flypage&product_id=3917&category_id=&option=com_phpshop,20080712041410,skip
http://www.press.sk:80/index.php?page=shop.flypage&product_id=3917&category_id=&option=com_phpshop,https://web.archive.org/web/20080715171445/http://www.press.sk:80/index.php?page=shop.flypage&product_id=3917&category_id=&option=com_phpshop,20080715171445,skip
http://www.press.sk:80/index.php?page=shop.flypage&product_id=3917&category_id=&option=com_phpshop,https://web.archive.org/web/20080720211725/http://www.press.sk:80/index.php?page=shop.flypage&product_id=3917&category_id=&option=com_phpshop,20080720211725,skip
http://www.press.sk:80/index.php?page=shop.flypage&product_id=3917&category_id=&option=com_phpshop,https://web.archive.org/web/20080723183419/http://www.press.sk:80/index.php?page=shop.flypage&product_id=3917&category_id=&option=com_phpshop,20080723183419,skip
http://www.press.sk:80/index.php?page=shop.flypage&product_id=3917&category_id=&option=com_phpshop,https://web.archive.org/web/20080731190049/http://www.press.sk:80/index.php?page=shop.flypage&product_id=3917&category_id=&option=com_phpshop,20080731190049,skip
http://www.press.sk:80/index.php?page=shop.flypage&product_id=3917&category_id=&option=com_phpshop,https://web.archive.org/web/20080806143929/http://www.press.sk:80/index.php?page=shop.flypage&product_id=3917&category_id=&option=com_phpshop,20080806143929,skip
http://www.press.sk:80/index.php?page=shop.flypage&product_id=3917&category_id=&option=com_phpshop,https://web.archive.org/web/20080808131121/http://www.press.sk:80/index.php?page=shop.flypage&product_id=3917&category_id=&option=com_phpshop,20080808131121,skip
http://www.press.sk:80/index.php?page=shop.flypage&product_id=3949&category_id=&option=com_phpshop,https://web.archive.org/web/20080731192014/http://www.press.sk:80/index.php?page=shop.flypage&product_id=3949&category_id=&option=com_phpshop,20080731192014,skip
http://www.press.sk:80/index.php?page=shop.flypage&product_id=3949&category_id=&option=com_phpshop,https://web.archive.org/web/20080806143936/http://www.press.sk:80/index.php?page=shop.flypage&product_id=3949&category_id=&option=com_phpshop,20080806143936,skip
http://www.press.sk:80/index.php?page=shop.flypage&product_id=3949&category_id=&option=com_phpshop,https://web.archive.org/web/20080808131126/http://www.press.sk:80/index.php?page=shop.flypage&product_id=3949&category_id=&option=com_phpshop,20080808131126,skip
http://www.press.sk.:80/index.php?page=shop.flypage&product_id=3949&category_id=&option=com_phpshop,https://web.archive.org/web/20080812014302/http://www.press.sk.:80/index.php?page=shop.flypage&product_id=3949&category_id=&option=com_phpshop,20080812014302,skip
http://www.press.sk:80/index.php?page=shop.flypage&product_id=3949&category_id=&option=com_phpshop,https://web.archive.org/web/20080813123652/http://www.press.sk:80/index.php?page=shop.flypage&product_id=3949&category_id=&option=com_phpshop,20080813123652,skip
http://www.press.sk:80/index.php?page=shop.flypage&product_id=3949&category_id=&option=com_phpshop,https://web.archive.org/web/20080814165303/http://www.press.sk:80/index.php?page=shop.flypage&product_id=3949&category_id=&option=com_phpshop,20080814165303,skip
http://www.press.sk:80/index.php?page=shop.flypage&product_id=3949&category_id=&option=com_phpshop,https://web.archive.org/web/20080815183634/http://www.press.sk:80/index.php?page=shop.flypage&product_id=3949&category_id=&option=com_phpshop,20080815183634,skip
http://www.press.sk:80/index.php?page=shop.flypage&product_id=3949&category_id=&option=com_phpshop,https://web.archive.org/web/20080817011435/http://www.press.sk:80/index.php?page=shop.flypage&product_id=3949&category_id=&option=com_phpshop,20080817011435,skip
http://www.press.sk:80/index.php?page=shop.flypage&product_id=3949&category_id=&option=com_phpshop,https://web.archive.org/web/20080818102514/http://www.press.sk:80/index.php?page=shop.flypage&product_id=3949&category_id=&option=com_phpshop,20080818102514,skip
http://www.press.sk:80/index.php?page=shop.flypage&product_id=3949&category_id=&option=com_phpshop,https://web.archive.org/web/20080819214848/http://www.press.sk:80/index.php?page=shop.flypage&product_id=3949&category_id=&option=com_phpshop,20080819214848,skip
http://www.press.sk:80/index.php?page=shop.flypage&product_id=3949&category_id=&option=com_phpshop,https://web.archive.org/web/20080822053126/http://www.press.sk:80/index.php?page=shop.flypage&product_id=3949&category_id=&option=com_phpshop,20080822053126,skip
http://www.press.sk:80/index.php?page=shop.flypage&product_id=3949&category_id=&option=com_phpshop,https://web.archive.org/web/20080823130216/http://www.press.sk:80/index.php?page=shop.flypage&product_id=3949&category_id=&option=com_phpshop,20080823130216,skip
http://www.press.sk:80/index.php?page=shop.flypage&product_id=3949&category_id=&option=com_phpshop,https://web.archive.org/web/20080824214714/http://www.press.sk:80/index.php?page=shop.flypage&product_id=3949&category_id=&option=com_phpshop,20080824214714,skip
http://www.press.sk:80/index.php?page=shop.flypage&product_id=3949&category_id=&option=com_phpshop,https://web.archive.org/web/20080826053650/http://www.press.sk:80/index.php?page=shop.flypage&product_id=3949&category_id=&option=com_phpshop,20080826053650,skip
http://www.press.sk:80/index.php?page=shop.flypage&product_id=3949&category_id=&option=com_phpshop,https://web.archive.org/web/20080827150502/http://www.press.sk:80/index.php?page=shop.flypage&product_id=3949&category_id=&option=com_phpshop,20080827150502,skip
http://www.press.sk:80/index.php?page=shop.flypage&product_id=3949&category_id=&option=com_phpshop,https://web.archive.org/web/20080828221325/http://www.press.sk:80/index.php?page=shop.flypage&product_id=3949&category_id=&option=com_phpshop,20080828221325,skip
http://www.press.sk:80/index.php?page=shop.flypage&product_id=3949&category_id=&option=com_phpshop,https://web.archive.org/web/20080830211729/http://www.press.sk:80/index.php?page=shop.flypage&product_id=3949&category_id=&option=com_phpshop,20080830211729,skip
http://www.press.sk:80/index.php?page=shop.flypage&product_id=3949&category_id=&option=com_phpshop,https://web.archive.org/web/20080905150312/http://www.press.sk:80/index.php?page=shop.flypage&product_id=3949&category_id=&option=com_phpshop,20080905150312,skip
http://www.press.sk:80/index.php?page=shop.flypage&product_id=3949&category_id=&option=com_phpshop,https://web.archive.org/web/20080908060526/http://www.press.sk:80/index.php?page=shop.flypage&product_id=3949&category_id=&option=com_phpshop,20080908060526,skip
http://www.press.sk:80/index.php?page=shop.flypage&product_id=3949&category_id=&option=com_phpshop,https://web.archive.org/web/20080910072359/http://www.press.sk:80/index.php?page=shop.flypage&product_id=3949&category_id=&option=com_phpshop,20080910072359,skip
http://www.press.sk:80/index.php?page=shop.flypage&product_id=3949&category_id=&option=com_phpshop,https://web.archive.org/web/20080911234712/http://www.press.sk:80/index.php?page=shop.flypage&product_id=3949&category_id=&option=com_phpshop,20080911234712,skip
http://www.press.sk:80/index.php?page=shop.flypage&product_id=3950&category_id=&option=com_phpshop,https://web.archive.org/web/20080731114708/http://www.press.sk:80/index.php?page=shop.flypage&product_id=3950&category_id=&option=com_phpshop,20080731114708,skip
http://www.press.sk:80/index.php?page=shop.flypage&product_id=3950&category_id=&option=com_phpshop,https://web.archive.org/web/20080806062113/http://www.press.sk:80/index.php?page=shop.flypage&product_id=3950&category_id=&option=com_phpshop,20080806062113,skip
http://www.press.sk:80/index.php?page=shop.flypage&product_id=3950&category_id=&option=com_phpshop,https://web.archive.org/web/20080807074734/http://www.press.sk:80/index.php?page=shop.flypage&product_id=3950&category_id=&option=com_phpshop,20080807074734,skip
http://www.press.sk:80/index.php?page=shop.flypage&product_id=3950&category_id=&option=com_phpshop,https://web.archive.org/web/20080808121047/http://www.press.sk:80/index.php?page=shop.flypage&product_id=3950&category_id=&option=com_phpshop,20080808121047,skip
http://www.press.sk:80/index.php?page=shop.flypage&product_id=3950&category_id=&option=com_phpshop,https://web.archive.org/web/20080813144753/http://www.press.sk:80/index.php?page=shop.flypage&product_id=3950&category_id=&option=com_phpshop,20080813144753,skip
http://www.press.sk:80/index.php?page=shop.flypage&product_id=3950&category_id=&option=com_phpshop,https://web.archive.org/web/20080905090811/http://www.press.sk:80/index.php?page=shop.flypage&product_id=3950&category_id=&option=com_phpshop,20080905090811,skip
http://www.press.sk:80/index.php?page=shop.flypage&product_id=3950&category_id=&option=com_phpshop,https://web.archive.org/web/20080908034538/http://www.press.sk:80/index.php?page=shop.flypage&product_id=3950&category_id=&option=com_phpshop,20080908034538,skip
http://www.press.sk:80/index.php?page=shop.flypage&product_id=3950&category_id=&option=com_phpshop,https://web.archive.org/web/20080910072405/http://www.press.sk:80/index.php?page=shop.flypage&product_id=3950&category_id=&option=com_phpshop,20080910072405,skip
http://www.press.sk:80/index.php?page=shop.flypage&product_id=3950&category_id=&option=com_phpshop,https://web.archive.org/web/20080911234717/http://www.press.sk:80/index.php?page=shop.flypage&product_id=3950&category_id=&option=com_phpshop,20080911234717,skip
http://www.press.sk:80/index.php?page=shop.flypage&product_id=3974&category_id=&option=com_phpshop,https://web.archive.org/web/20080731192019/http://www.press.sk:80/index.php?page=shop.flypage&product_id=3974&category_id=&option=com_phpshop,20080731192019,skip
http://www.press.sk:80/index.php?page=shop.flypage&product_id=3974&category_id=&option=com_phpshop,https://web.archive.org/web/20080806143938/http://www.press.sk:80/index.php?page=shop.flypage&product_id=3974&category_id=&option=com_phpshop,20080806143938,skip
http://www.press.sk:80/index.php?page=shop.flypage&product_id=3975&category_id=&option=com_phpshop,https://web.archive.org/web/20080731192025/http://www.press.sk:80/index.php?page=shop.flypage&product_id=3975&category_id=&option=com_phpshop,20080731192025,skip
http://www.press.sk:80/index.php?page=shop.flypage&product_id=3975&category_id=&option=com_phpshop,https://web.archive.org/web/20080806143944/http://www.press.sk:80/index.php?page=shop.flypage&product_id=3975&category_id=&option=com_phpshop,20080806143944,skip
http://www.press.sk:80/index.php?page=shop.flypage&product_id=4038&category_id=&option=com_phpshop,https://web.archive.org/web/20080712102806/http://www.press.sk:80/index.php?page=shop.flypage&product_id=4038&category_id=&option=com_phpshop,20080712102806,skip
http://www.press.sk:80/index.php?page=shop.flypage&product_id=4038&category_id=&option=com_phpshop,https://web.archive.org/web/20080723153505/http://www.press.sk:80/index.php?page=shop.flypage&product_id=4038&category_id=&option=com_phpshop,20080723153505,skip
http://www.press.sk:80/index.php?page=shop.flypage&product_id=4038&category_id=&option=com_phpshop,https://web.archive.org/web/20080815183836/http://www.press.sk:80/index.php?page=shop.flypage&product_id=4038&category_id=&option=com_phpshop,20080815183836,skip
http://www.press.sk:80/index.php?page=shop.flypage&product_id=4038&category_id=&option=com_phpshop,https://web.archive.org/web/20080817011212/http://www.press.sk:80/index.php?page=shop.flypage&product_id=4038&category_id=&option=com_phpshop,20080817011212,skip
http://www.press.sk:80/index.php?page=shop.flypage&product_id=4038&category_id=&option=com_phpshop,https://web.archive.org/web/20080818101359/http://www.press.sk:80/index.php?page=shop.flypage&product_id=4038&category_id=&option=com_phpshop,20080818101359,skip
http://www.press.sk:80/index.php?page=shop.flypage&product_id=4038&category_id=&option=com_phpshop,https://web.archive.org/web/20080819185018/http://www.press.sk:80/index.php?page=shop.flypage&product_id=4038&category_id=&option=com_phpshop,20080819185018,skip
http://www.press.sk:80/index.php?page=shop.flypage&product_id=4038&category_id=&option=com_phpshop,https://web.archive.org/web/20080821082745/http://www.press.sk:80/index.php?page=shop.flypage&product_id=4038&category_id=&option=com_phpshop,20080821082745,skip
http://www.press.sk:80/index.php?page=shop.flypage&product_id=4038&category_id=&option=com_phpshop,https://web.archive.org/web/20080828214955/http://www.press.sk:80/index.php?page=shop.flypage&product_id=4038&category_id=&option=com_phpshop,20080828214955,skip
http://www.press.sk:80/index.php?page=shop.flypage&product_id=4038&category_id=&option=com_phpshop,https://web.archive.org/web/20080830073726/http://www.press.sk:80/index.php?page=shop.flypage&product_id=4038&category_id=&option=com_phpshop,20080830073726,skip
http://www.press.sk:80/index.php?page=shop.flypage&product_id=4038&category_id=&option=com_phpshop,https://web.archive.org/web/20080831083507/http://www.press.sk:80/index.php?page=shop.flypage&product_id=4038&category_id=&option=com_phpshop,20080831083507,skip
http://www.press.sk:80/index.php?page=shop.flypage&product_id=4038&category_id=&option=com_phpshop,https://web.archive.org/web/20080901083814/http://www.press.sk:80/index.php?page=shop.flypage&product_id=4038&category_id=&option=com_phpshop,20080901083814,skip
http://www.press.sk:80/index.php?page=shop.flypage&product_id=4038&category_id=&option=com_phpshop,https://web.archive.org/web/20080902192601/http://www.press.sk:80/index.php?page=shop.flypage&product_id=4038&category_id=&option=com_phpshop,20080902192601,skip
http://www.press.sk:80/index.php?page=shop.flypage&product_id=4038&category_id=&option=com_phpshop,https://web.archive.org/web/20080904165205/http://www.press.sk:80/index.php?page=shop.flypage&product_id=4038&category_id=&option=com_phpshop,20080904165205,skip
http://www.press.sk:80/index.php?page=shop.flypage&product_id=4038&category_id=&option=com_phpshop,https://web.archive.org/web/20080905204533/http://www.press.sk:80/index.php?page=shop.flypage&product_id=4038&category_id=&option=com_phpshop,20080905204533,skip
http://www.press.sk:80/index.php?page=shop.flypage&product_id=4038&category_id=&option=com_phpshop,https://web.archive.org/web/20080908054540/http://www.press.sk:80/index.php?page=shop.flypage&product_id=4038&category_id=&option=com_phpshop,20080908054540,skip
http://www.press.sk:80/index.php?page=shop.flypage&product_id=4038&category_id=&option=com_phpshop,https://web.archive.org/web/20080911223123/http://www.press.sk:80/index.php?page=shop.flypage&product_id=4038&category_id=&option=com_phpshop,20080911223123,skip
http://www.press.sk:80/index.php?page=shop.flypage&product_id=4106&category_id=&option=com_phpshop,https://web.archive.org/web/20080731192107/http://www.press.sk:80/index.php?page=shop.flypage&product_id=4106&category_id=&option=com_phpshop,20080731192107,skip
http://www.press.sk:80/index.php?page=shop.flypage&product_id=4106&category_id=&option=com_phpshop,https://web.archive.org/web/20080806143949/http://www.press.sk:80/index.php?page=shop.flypage&product_id=4106&category_id=&option=com_phpshop,20080806143949,skip
http://www.press.sk:80/index.php?page=shop.flypage&product_id=4107&category_id=&option=com_phpshop,https://web.archive.org/web/20080731190055/http://www.press.sk:80/index.php?page=shop.flypage&product_id=4107&category_id=&option=com_phpshop,20080731190055,skip
http://www.press.sk:80/index.php?page=shop.flypage&product_id=4119&category_id=&option=com_phpshop,https://web.archive.org/web/20080813144848/http://www.press.sk:80/index.php?page=shop.flypage&product_id=4119&category_id=&option=com_phpshop,20080813144848,skip
http://www.press.sk:80/index.php?page=shop.flypage&product_id=4119&category_id=&option=com_phpshop,https://web.archive.org/web/20080815161919/http://www.press.sk:80/index.php?page=shop.flypage&product_id=4119&category_id=&option=com_phpshop,20080815161919,skip
http://www.press.sk:80/index.php?page=shop.flypage&product_id=4119&category_id=&option=com_phpshop,https://web.archive.org/web/20080817011440/http://www.press.sk:80/index.php?page=shop.flypage&product_id=4119&category_id=&option=com_phpshop,20080817011440,skip
http://www.press.sk:80/index.php?page=shop.flypage&product_id=4119&category_id=&option=com_phpshop,https://web.archive.org/web/20080818124141/http://www.press.sk:80/index.php?page=shop.flypage&product_id=4119&category_id=&option=com_phpshop,20080818124141,skip
http://www.press.sk:80/index.php?page=shop.flypage&product_id=4119&category_id=&option=com_phpshop,https://web.archive.org/web/20080819214950/http://www.press.sk:80/index.php?page=shop.flypage&product_id=4119&category_id=&option=com_phpshop,20080819214950,skip
http://www.press.sk:80/index.php?page=shop.flypage&product_id=4119&category_id=&option=com_phpshop,https://web.archive.org/web/20080822053735/http://www.press.sk:80/index.php?page=shop.flypage&product_id=4119&category_id=&option=com_phpshop,20080822053735,skip
http://www.press.sk:80/index.php?page=shop.flypage&product_id=4119&category_id=&option=com_phpshop,https://web.archive.org/web/20080823132852/http://www.press.sk:80/index.php?page=shop.flypage&product_id=4119&category_id=&option=com_phpshop,20080823132852,skip
http://www.press.sk:80/index.php?page=shop.flypage&product_id=4119&category_id=&option=com_phpshop,https://web.archive.org/web/20080824214809/http://www.press.sk:80/index.php?page=shop.flypage&product_id=4119&category_id=&option=com_phpshop,20080824214809,skip
http://www.press.sk:80/index.php?page=shop.flypage&product_id=4119&category_id=&option=com_phpshop,https://web.archive.org/web/20080826053655/http://www.press.sk:80/index.php?page=shop.flypage&product_id=4119&category_id=&option=com_phpshop,20080826053655,skip
http://www.press.sk:80/index.php?page=shop.flypage&product_id=4119&category_id=&option=com_phpshop,https://web.archive.org/web/20080828221330/http://www.press.sk:80/index.php?page=shop.flypage&product_id=4119&category_id=&option=com_phpshop,20080828221330,skip
http://www.press.sk:80/index.php?page=shop.flypage&product_id=4119&category_id=&option=com_phpshop,https://web.archive.org/web/20080830211734/http://www.press.sk:80/index.php?page=shop.flypage&product_id=4119&category_id=&option=com_phpshop,20080830211734,skip
http://www.press.sk:80/index.php?page=shop.flypage&product_id=4119&category_id=&option=com_phpshop,https://web.archive.org/web/20080905150317/http://www.press.sk:80/index.php?page=shop.flypage&product_id=4119&category_id=&option=com_phpshop,20080905150317,skip
http://www.press.sk:80/index.php?page=shop.flypage&product_id=4119&category_id=&option=com_phpshop,https://web.archive.org/web/20080908060531/http://www.press.sk:80/index.php?page=shop.flypage&product_id=4119&category_id=&option=com_phpshop,20080908060531,skip
http://www.press.sk:80/index.php?page=shop.flypage&product_id=4119&category_id=&option=com_phpshop,https://web.archive.org/web/20080910072411/http://www.press.sk:80/index.php?page=shop.flypage&product_id=4119&category_id=&option=com_phpshop,20080910072411,skip
http://www.press.sk:80/index.php?page=shop.flypage&product_id=4119&category_id=&option=com_phpshop,https://web.archive.org/web/20080911234722/http://www.press.sk:80/index.php?page=shop.flypage&product_id=4119&category_id=&option=com_phpshop,20080911234722,skip
http://www.press.sk:80/index.php?page=shop.flypage&product_id=4120&category_id=&option=com_phpshop,https://web.archive.org/web/20080813144853/http://www.press.sk:80/index.php?page=shop.flypage&product_id=4120&category_id=&option=com_phpshop,20080813144853,skip
http://www.press.sk:80/index.php?page=shop.flypage&product_id=4120&category_id=&option=com_phpshop,https://web.archive.org/web/20080815161924/http://www.press.sk:80/index.php?page=shop.flypage&product_id=4120&category_id=&option=com_phpshop,20080815161924,skip
http://www.press.sk:80/index.php?page=shop.flypage&product_id=4120&category_id=&option=com_phpshop,https://web.archive.org/web/20080817011445/http://www.press.sk:80/index.php?page=shop.flypage&product_id=4120&category_id=&option=com_phpshop,20080817011445,skip
http://www.press.sk:80/index.php?page=shop.flypage&product_id=4120&category_id=&option=com_phpshop,https://web.archive.org/web/20080818124158/http://www.press.sk:80/index.php?page=shop.flypage&product_id=4120&category_id=&option=com_phpshop,20080818124158,skip
http://www.press.sk:80/index.php?page=shop.flypage&product_id=4120&category_id=&option=com_phpshop,https://web.archive.org/web/20080819214956/http://www.press.sk:80/index.php?page=shop.flypage&product_id=4120&category_id=&option=com_phpshop,20080819214956,skip
http://www.press.sk:80/index.php?page=shop.flypage&product_id=4120&category_id=&option=com_phpshop,https://web.archive.org/web/20080822053740/http://www.press.sk:80/index.php?page=shop.flypage&product_id=4120&category_id=&option=com_phpshop,20080822053740,skip
http://www.press.sk:80/index.php?page=shop.flypage&product_id=4120&category_id=&option=com_phpshop,https://web.archive.org/web/20080823132857/http://www.press.sk:80/index.php?page=shop.flypage&product_id=4120&category_id=&option=com_phpshop,20080823132857,skip
http://www.press.sk:80/index.php?page=shop.flypage&product_id=4120&category_id=&option=com_phpshop,https://web.archive.org/web/20080824214816/http://www.press.sk:80/index.php?page=shop.flypage&product_id=4120&category_id=&option=com_phpshop,20080824214816,skip
http://www.press.sk:80/index.php?page=shop.flypage&product_id=4120&category_id=&option=com_phpshop,https://web.archive.org/web/20080826053701/http://www.press.sk:80/index.php?page=shop.flypage&product_id=4120&category_id=&option=com_phpshop,20080826053701,skip
http://www.press.sk:80/index.php?page=shop.flypage&product_id=4120&category_id=&option=com_phpshop,https://web.archive.org/web/20080828221335/http://www.press.sk:80/index.php?page=shop.flypage&product_id=4120&category_id=&option=com_phpshop,20080828221335,skip
http://www.press.sk:80/index.php?page=shop.flypage&product_id=4120&category_id=&option=com_phpshop,https://web.archive.org/web/20080830211739/http://www.press.sk:80/index.php?page=shop.flypage&product_id=4120&category_id=&option=com_phpshop,20080830211739,skip
http://www.press.sk:80/index.php?page=shop.flypage&product_id=4120&category_id=&option=com_phpshop,https://web.archive.org/web/20080905150322/http://www.press.sk:80/index.php?page=shop.flypage&product_id=4120&category_id=&option=com_phpshop,20080905150322,skip
http://www.press.sk:80/index.php?page=shop.flypage&product_id=4120&category_id=&option=com_phpshop,https://web.archive.org/web/20080908060536/http://www.press.sk:80/index.php?page=shop.flypage&product_id=4120&category_id=&option=com_phpshop,20080908060536,skip
http://www.press.sk:80/index.php?page=shop.flypage&product_id=4120&category_id=&option=com_phpshop,https://web.archive.org/web/20080910072415/http://www.press.sk:80/index.php?page=shop.flypage&product_id=4120&category_id=&option=com_phpshop,20080910072415,skip
http://www.press.sk:80/index.php?page=shop.flypage&product_id=4120&category_id=&option=com_phpshop,https://web.archive.org/web/20080911234727/http://www.press.sk:80/index.php?page=shop.flypage&product_id=4120&category_id=&option=com_phpshop,20080911234727,skip
http://www.press.sk:80/index.php?page=shop.flypage&product_id=4121&category_id=&option=com_phpshop,https://web.archive.org/web/20080813144859/http://www.press.sk:80/index.php?page=shop.flypage&product_id=4121&category_id=&option=com_phpshop,20080813144859,skip
http://www.press.sk:80/index.php?page=shop.flypage&product_id=4121&category_id=&option=com_phpshop,https://web.archive.org/web/20080815161929/http://www.press.sk:80/index.php?page=shop.flypage&product_id=4121&category_id=&option=com_phpshop,20080815161929,skip
http://www.press.sk:80/index.php?page=shop.flypage&product_id=4121&category_id=&option=com_phpshop,https://web.archive.org/web/20080817011450/http://www.press.sk:80/index.php?page=shop.flypage&product_id=4121&category_id=&option=com_phpshop,20080817011450,skip
http://www.press.sk:80/index.php?page=shop.flypage&product_id=4121&category_id=&option=com_phpshop,https://web.archive.org/web/20080818124201/http://www.press.sk:80/index.php?page=shop.flypage&product_id=4121&category_id=&option=com_phpshop,20080818124201,skip
http://www.press.sk:80/index.php?page=shop.flypage&product_id=4121&category_id=&option=com_phpshop,https://web.archive.org/web/20080819215002/http://www.press.sk:80/index.php?page=shop.flypage&product_id=4121&category_id=&option=com_phpshop,20080819215002,skip
http://www.press.sk:80/index.php?page=shop.flypage&product_id=4121&category_id=&option=com_phpshop,https://web.archive.org/web/20080822053745/http://www.press.sk:80/index.php?page=shop.flypage&product_id=4121&category_id=&option=com_phpshop,20080822053745,skip
http://www.press.sk:80/index.php?page=shop.flypage&product_id=4121&category_id=&option=com_phpshop,https://web.archive.org/web/20080823132908/http://www.press.sk:80/index.php?page=shop.flypage&product_id=4121&category_id=&option=com_phpshop,20080823132908,skip
http://www.press.sk:80/index.php?page=shop.flypage&product_id=4121&category_id=&option=com_phpshop,https://web.archive.org/web/20080824214820/http://www.press.sk:80/index.php?page=shop.flypage&product_id=4121&category_id=&option=com_phpshop,20080824214820,skip
http://www.press.sk:80/index.php?page=shop.flypage&product_id=4121&category_id=&option=com_phpshop,https://web.archive.org/web/20080826053715/http://www.press.sk:80/index.php?page=shop.flypage&product_id=4121&category_id=&option=com_phpshop,20080826053715,skip
http://www.press.sk:80/index.php?page=shop.flypage&product_id=4121&category_id=&option=com_phpshop,https://web.archive.org/web/20080828221341/http://www.press.sk:80/index.php?page=shop.flypage&product_id=4121&category_id=&option=com_phpshop,20080828221341,skip
http://www.press.sk:80/index.php?page=shop.flypage&product_id=4121&category_id=&option=com_phpshop,https://web.archive.org/web/20080830211745/http://www.press.sk:80/index.php?page=shop.flypage&product_id=4121&category_id=&option=com_phpshop,20080830211745,skip
http://www.press.sk:80/index.php?page=shop.flypage&product_id=4121&category_id=&option=com_phpshop,https://web.archive.org/web/20080905150327/http://www.press.sk:80/index.php?page=shop.flypage&product_id=4121&category_id=&option=com_phpshop,20080905150327,skip
http://www.press.sk:80/index.php?page=shop.flypage&product_id=4121&category_id=&option=com_phpshop,https://web.archive.org/web/20080908060541/http://www.press.sk:80/index.php?page=shop.flypage&product_id=4121&category_id=&option=com_phpshop,20080908060541,skip
http://www.press.sk:80/index.php?page=shop.flypage&product_id=4121&category_id=&option=com_phpshop,https://web.archive.org/web/20080910072420/http://www.press.sk:80/index.php?page=shop.flypage&product_id=4121&category_id=&option=com_phpshop,20080910072420,skip
http://www.press.sk:80/index.php?page=shop.flypage&product_id=4121&category_id=&option=com_phpshop,https://web.archive.org/web/20080911234732/http://www.press.sk:80/index.php?page=shop.flypage&product_id=4121&category_id=&option=com_phpshop,20080911234732,skip
http://www.press.sk:80/index.php?page=shop.flypage&product_id=4122&category_id=&option=com_phpshop,https://web.archive.org/web/20080813144904/http://www.press.sk:80/index.php?page=shop.flypage&product_id=4122&category_id=&option=com_phpshop,20080813144904,skip
http://www.press.sk:80/index.php?page=shop.flypage&product_id=4122&category_id=&option=com_phpshop,https://web.archive.org/web/20080815161935/http://www.press.sk:80/index.php?page=shop.flypage&product_id=4122&category_id=&option=com_phpshop,20080815161935,skip
http://www.press.sk:80/index.php?page=shop.flypage&product_id=4122&category_id=&option=com_phpshop,https://web.archive.org/web/20080817011455/http://www.press.sk:80/index.php?page=shop.flypage&product_id=4122&category_id=&option=com_phpshop,20080817011455,skip
http://www.press.sk:80/index.php?page=shop.flypage&product_id=4122&category_id=&option=com_phpshop,https://web.archive.org/web/20080818124204/http://www.press.sk:80/index.php?page=shop.flypage&product_id=4122&category_id=&option=com_phpshop,20080818124204,skip
http://www.press.sk:80/index.php?page=shop.flypage&product_id=4122&category_id=&option=com_phpshop,https://web.archive.org/web/20080819215011/http://www.press.sk:80/index.php?page=shop.flypage&product_id=4122&category_id=&option=com_phpshop,20080819215011,skip
http://www.press.sk:80/index.php?page=shop.flypage&product_id=4122&category_id=&option=com_phpshop,https://web.archive.org/web/20080822053750/http://www.press.sk:80/index.php?page=shop.flypage&product_id=4122&category_id=&option=com_phpshop,20080822053750,skip
http://www.press.sk:80/index.php?page=shop.flypage&product_id=4122&category_id=&option=com_phpshop,https://web.archive.org/web/20080823132910/http://www.press.sk:80/index.php?page=shop.flypage&product_id=4122&category_id=&option=com_phpshop,20080823132910,skip
http://www.press.sk:80/index.php?page=shop.flypage&product_id=4122&category_id=&option=com_phpshop,https://web.archive.org/web/20080824214825/http://www.press.sk:80/index.php?page=shop.flypage&product_id=4122&category_id=&option=com_phpshop,20080824214825,skip
http://www.press.sk:80/index.php?page=shop.flypage&product_id=4122&category_id=&option=com_phpshop,https://web.archive.org/web/20080826053720/http://www.press.sk:80/index.php?page=shop.flypage&product_id=4122&category_id=&option=com_phpshop,20080826053720,skip
http://www.press.sk:80/index.php?page=shop.flypage&product_id=4122&category_id=&option=com_phpshop,https://web.archive.org/web/20080828221347/http://www.press.sk:80/index.php?page=shop.flypage&product_id=4122&category_id=&option=com_phpshop,20080828221347,skip
http://www.press.sk:80/index.php?page=shop.flypage&product_id=4122&category_id=&option=com_phpshop,https://web.archive.org/web/20080830211751/http://www.press.sk:80/index.php?page=shop.flypage&product_id=4122&category_id=&option=com_phpshop,20080830211751,skip
http://www.press.sk:80/index.php?page=shop.flypage&product_id=4122&category_id=&option=com_phpshop,https://web.archive.org/web/20080905150332/http://www.press.sk:80/index.php?page=shop.flypage&product_id=4122&category_id=&option=com_phpshop,20080905150332,skip
http://www.press.sk:80/index.php?page=shop.flypage&product_id=4122&category_id=&option=com_phpshop,https://web.archive.org/web/20080908060546/http://www.press.sk:80/index.php?page=shop.flypage&product_id=4122&category_id=&option=com_phpshop,20080908060546,skip
http://www.press.sk:80/index.php?page=shop.flypage&product_id=4122&category_id=&option=com_phpshop,https://web.archive.org/web/20080910072427/http://www.press.sk:80/index.php?page=shop.flypage&product_id=4122&category_id=&option=com_phpshop,20080910072427,skip
http://www.press.sk:80/index.php?page=shop.flypage&product_id=4122&category_id=&option=com_phpshop,https://web.archive.org/web/20080911234737/http://www.press.sk:80/index.php?page=shop.flypage&product_id=4122&category_id=&option=com_phpshop,20080911234737,skip
http://www.press.sk:80/index.php?page=shop.flypage&product_id=4124&category_id=&option=com_phpshop,https://web.archive.org/web/20080813144937/http://www.press.sk:80/index.php?page=shop.flypage&product_id=4124&category_id=&option=com_phpshop,20080813144937,skip
http://www.press.sk:80/index.php?page=shop.flypage&product_id=4124&category_id=&option=com_phpshop,https://web.archive.org/web/20080815161939/http://www.press.sk:80/index.php?page=shop.flypage&product_id=4124&category_id=&option=com_phpshop,20080815161939,skip
http://www.press.sk:80/index.php?page=shop.flypage&product_id=4124&category_id=&option=com_phpshop,https://web.archive.org/web/20080817011500/http://www.press.sk:80/index.php?page=shop.flypage&product_id=4124&category_id=&option=com_phpshop,20080817011500,skip
http://www.press.sk:80/index.php?page=shop.flypage&product_id=4124&category_id=&option=com_phpshop,https://web.archive.org/web/20080818124213/http://www.press.sk:80/index.php?page=shop.flypage&product_id=4124&category_id=&option=com_phpshop,20080818124213,skip
http://www.press.sk:80/index.php?page=shop.flypage&product_id=4124&category_id=&option=com_phpshop,https://web.archive.org/web/20080819215020/http://www.press.sk:80/index.php?page=shop.flypage&product_id=4124&category_id=&option=com_phpshop,20080819215020,skip
http://www.press.sk:80/index.php?page=shop.flypage&product_id=4124&category_id=&option=com_phpshop,https://web.archive.org/web/20080822053755/http://www.press.sk:80/index.php?page=shop.flypage&product_id=4124&category_id=&option=com_phpshop,20080822053755,skip
http://www.press.sk:80/index.php?page=shop.flypage&product_id=4124&category_id=&option=com_phpshop,https://web.archive.org/web/20080823132915/http://www.press.sk:80/index.php?page=shop.flypage&product_id=4124&category_id=&option=com_phpshop,20080823132915,skip
http://www.press.sk:80/index.php?page=shop.flypage&product_id=4124&category_id=&option=com_phpshop,https://web.archive.org/web/20080824214837/http://www.press.sk:80/index.php?page=shop.flypage&product_id=4124&category_id=&option=com_phpshop,20080824214837,skip
http://www.press.sk:80/index.php?page=shop.flypage&product_id=4124&category_id=&option=com_phpshop,https://web.archive.org/web/20080826053725/http://www.press.sk:80/index.php?page=shop.flypage&product_id=4124&category_id=&option=com_phpshop,20080826053725,skip
http://www.press.sk:80/index.php?page=shop.flypage&product_id=4124&category_id=&option=com_phpshop,https://web.archive.org/web/20080828221353/http://www.press.sk:80/index.php?page=shop.flypage&product_id=4124&category_id=&option=com_phpshop,20080828221353,skip
http://www.press.sk:80/index.php?page=shop.flypage&product_id=4124&category_id=&option=com_phpshop,https://web.archive.org/web/20080830211756/http://www.press.sk:80/index.php?page=shop.flypage&product_id=4124&category_id=&option=com_phpshop,20080830211756,skip
http://www.press.sk:80/index.php?page=shop.flypage&product_id=4124&category_id=&option=com_phpshop,https://web.archive.org/web/20080905150337/http://www.press.sk:80/index.php?page=shop.flypage&product_id=4124&category_id=&option=com_phpshop,20080905150337,skip
http://www.press.sk:80/index.php?page=shop.flypage&product_id=4124&category_id=&option=com_phpshop,https://web.archive.org/web/20080908060551/http://www.press.sk:80/index.php?page=shop.flypage&product_id=4124&category_id=&option=com_phpshop,20080908060551,skip
http://www.press.sk:80/index.php?page=shop.flypage&product_id=4124&category_id=&option=com_phpshop,https://web.archive.org/web/20080910072432/http://www.press.sk:80/index.php?page=shop.flypage&product_id=4124&category_id=&option=com_phpshop,20080910072432,skip
http://www.press.sk:80/index.php?page=shop.flypage&product_id=4124&category_id=&option=com_phpshop,https://web.archive.org/web/20080911234742/http://www.press.sk:80/index.php?page=shop.flypage&product_id=4124&category_id=&option=com_phpshop,20080911234742,skip
http://www.press.sk:80/index.php?page=shop.flypage&product_id=546&category_id=&option=com_phpshop,https://web.archive.org/web/20080922173215/http://www.press.sk:80/index.php?page=shop.flypage&product_id=546&category_id=&option=com_phpshop,20080922173215,skip
http://www.press.sk:80/index.php?page=shop.flypage&product_id=567&category_id=&option=com_phpshop,https://web.archive.org/web/20080731190100/http://www.press.sk:80/index.php?page=shop.flypage&product_id=567&category_id=&option=com_phpshop,20080731190100,skip
http://www.press.sk:80/index.php?page=shop.flypage&product_id=567&category_id=&option=com_phpshop,https://web.archive.org/web/20080930075736/http://www.press.sk:80/index.php?page=shop.flypage&product_id=567&category_id=&option=com_phpshop,20080930075736,skip
http://www.press.sk:80/index.php?page=shop.flypage&product_id=63&category_id=&option=com_phpshop,https://web.archive.org/web/20080920233508/http://www.press.sk:80/index.php?page=shop.flypage&product_id=63&category_id=&option=com_phpshop,20080920233508,skip
http://www.press.sk:80/index.php?page=shop.flypage&product_id=889&category_id=&option=com_phpshop,https://web.archive.org/web/20080922173220/http://www.press.sk:80/index.php?page=shop.flypage&product_id=889&category_id=&option=com_phpshop,20080922173220,skip
http://www.press.sk:80/index.php?page=shop.flypage&product_id=98&category_id=&option=com_phpshop,https://web.archive.org/web/20080922173225/http://www.press.sk:80/index.php?page=shop.flypage&product_id=98&category_id=&option=com_phpshop,20080922173225,skip
http://www.press.sk:80/index.php?page=shop.flypage&product_id=id=4123&category_id=&option=com_phpshop,https://web.archive.org/web/20080813144940/http://www.press.sk:80/index.php?page=shop.flypage&product_id=id=4123&category_id=&option=com_phpshop,20080813144940,skip
http://www.press.sk:80/index.php?page=shop.flypage&product_id=id=4123&category_id=&option=com_phpshop,https://web.archive.org/web/20080815161944/http://www.press.sk:80/index.php?page=shop.flypage&product_id=id=4123&category_id=&option=com_phpshop,20080815161944,skip
http://www.press.sk:80/index.php?page=shop.flypage&product_id=id=4123&category_id=&option=com_phpshop,https://web.archive.org/web/20080817011511/http://www.press.sk:80/index.php?page=shop.flypage&product_id=id=4123&category_id=&option=com_phpshop,20080817011511,skip
http://www.press.sk:80/index.php?page=shop.flypage&product_id=id=4123&category_id=&option=com_phpshop,https://web.archive.org/web/20080818124214/http://www.press.sk:80/index.php?page=shop.flypage&product_id=id=4123&category_id=&option=com_phpshop,20080818124214,skip
http://www.press.sk:80/index.php?page=shop.flypage&product_id=id=4123&category_id=&option=com_phpshop,https://web.archive.org/web/20080819215026/http://www.press.sk:80/index.php?page=shop.flypage&product_id=id=4123&category_id=&option=com_phpshop,20080819215026,skip
http://www.press.sk:80/index.php?page=shop.flypage&product_id=id=4123&category_id=&option=com_phpshop,https://web.archive.org/web/20080822053800/http://www.press.sk:80/index.php?page=shop.flypage&product_id=id=4123&category_id=&option=com_phpshop,20080822053800,skip
http://www.press.sk:80/index.php?page=shop.flypage&product_id=id=4123&category_id=&option=com_phpshop,https://web.archive.org/web/20080823132919/http://www.press.sk:80/index.php?page=shop.flypage&product_id=id=4123&category_id=&option=com_phpshop,20080823132919,skip
http://www.press.sk:80/index.php?page=shop.flypage&product_id=id=4123&category_id=&option=com_phpshop,https://web.archive.org/web/20080824214851/http://www.press.sk:80/index.php?page=shop.flypage&product_id=id=4123&category_id=&option=com_phpshop,20080824214851,skip
http://www.press.sk:80/index.php?page=shop.flypage&product_id=id=4123&category_id=&option=com_phpshop,https://web.archive.org/web/20080826053740/http://www.press.sk:80/index.php?page=shop.flypage&product_id=id=4123&category_id=&option=com_phpshop,20080826053740,skip
http://www.press.sk:80/index.php?page=shop.flypage&product_id=id=4123&category_id=&option=com_phpshop,https://web.archive.org/web/20080828221357/http://www.press.sk:80/index.php?page=shop.flypage&product_id=id=4123&category_id=&option=com_phpshop,20080828221357,skip
http://www.press.sk:80/index.php?page=shop.flypage&product_id=id=4123&category_id=&option=com_phpshop,https://web.archive.org/web/20080830211801/http://www.press.sk:80/index.php?page=shop.flypage&product_id=id=4123&category_id=&option=com_phpshop,20080830211801,skip
http://www.press.sk:80/index.php?page=shop.flypage&product_id=id=4123&category_id=&option=com_phpshop,https://web.archive.org/web/20080905150342/http://www.press.sk:80/index.php?page=shop.flypage&product_id=id=4123&category_id=&option=com_phpshop,20080905150342,skip
http://www.press.sk:80/index.php?page=shop.flypage&product_id=id=4123&category_id=&option=com_phpshop,https://web.archive.org/web/20080908060900/http://www.press.sk:80/index.php?page=shop.flypage&product_id=id=4123&category_id=&option=com_phpshop,20080908060900,skip
http://www.press.sk:80/index.php?page=shop.flypage&product_id=id=4123&category_id=&option=com_phpshop,https://web.archive.org/web/20080910072617/http://www.press.sk:80/index.php?page=shop.flypage&product_id=id=4123&category_id=&option=com_phpshop,20080910072617,skip
http://www.press.sk:80/index.php?page=shop.flypage&product_id=id=4123&category_id=&option=com_phpshop,https://web.archive.org/web/20080911234925/http://www.press.sk:80/index.php?page=shop.flypage&product_id=id=4123&category_id=&option=com_phpshop,20080911234925,skip
http://www.press.sk:80/index.php?option=com_phpshop&page=shop.browse&category_id=1,https://web.archive.org/web/20080913113915/http://www.press.sk:80/index.php?option=com_phpshop&page=shop.browse&category_id=1,20080913113915,skip
http://www.press.sk:80/index.php?option=com_phpshop&page=shop.browse&category_id=10&Itemid=43,https://web.archive.org/web/20080701203707/http://www.press.sk:80/index.php?option=com_phpshop&page=shop.browse&category_id=10&Itemid=43,20080701203707,skip
http://www.press.sk:80/index.php?option=com_phpshop&page=shop.browse&category_id=10&Itemid=43,https://web.archive.org/web/20080926201221/http://www.press.sk:80/index.php?option=com_phpshop&page=shop.browse&category_id=10&Itemid=43,20080926201221,skip
http://www.press.sk:80/index.php?option=com_phpshop&page=shop.browse&category_id=10,https://web.archive.org/web/20080701143205/http://www.press.sk:80/index.php?option=com_phpshop&page=shop.browse&category_id=10,20080701143205,skip
http://www.press.sk:80/index.php?option=com_phpshop&page=shop.browse&category_id=10,https://web.archive.org/web/20080704214300/http://www.press.sk:80/index.php?option=com_phpshop&page=shop.browse&category_id=10,20080704214300,skip
http://www.press.sk:80/index.php?option=com_phpshop&page=shop.browse&category_id=10,https://web.archive.org/web/20080705233915/http://www.press.sk:80/index.php?option=com_phpshop&page=shop.browse&category_id=10,20080705233915,skip
http://www.press.sk:80/index.php?option=com_phpshop&page=shop.browse&category_id=10,https://web.archive.org/web/20080708030955/http://www.press.sk:80/index.php?option=com_phpshop&page=shop.browse&category_id=10,20080708030955,skip
http://www.press.sk:80/index.php?option=com_phpshop&page=shop.browse&category_id=10,https://web.archive.org/web/20080709045751/http://www.press.sk:80/index.php?option=com_phpshop&page=shop.browse&category_id=10,20080709045751,skip
http://www.press.sk:80/index.php?option=com_phpshop&page=shop.browse&category_id=10,https://web.archive.org/web/20080710084327/http://www.press.sk:80/index.php?option=com_phpshop&page=shop.browse&category_id=10,20080710084327,skip
http://www.press.sk:80/index.php?option=com_phpshop&page=shop.browse&category_id=10,https://web.archive.org/web/20080711115536/http://www.press.sk:80/index.php?option=com_phpshop&page=shop.browse&category_id=10,20080711115536,skip
http://www.press.sk:80/index.php?option=com_phpshop&page=shop.browse&category_id=10,https://web.archive.org/web/20080712152722/http://www.press.sk:80/index.php?option=com_phpshop&page=shop.browse&category_id=10,20080712152722,skip
http://www.press.sk:80/index.php?option=com_phpshop&page=shop.browse&category_id=10,https://web.archive.org/web/20080713154235/http://www.press.sk:80/index.php?option=com_phpshop&page=shop.browse&category_id=10,20080713154235,skip
http://www.press.sk:80/index.php?option=com_phpshop&page=shop.browse&category_id=10,https://web.archive.org/web/20080714190928/http://www.press.sk:80/index.php?option=com_phpshop&page=shop.browse&category_id=10,20080714190928,skip
http://www.press.sk:80/index.php?option=com_phpshop&page=shop.browse&category_id=10,https://web.archive.org/web/20080715200505/http://www.press.sk:80/index.php?option=com_phpshop&page=shop.browse&category_id=10,20080715200505,skip
http://www.press.sk:80/index.php?option=com_phpshop&page=shop.browse&category_id=10,https://web.archive.org/web/20080716230936/http://www.press.sk:80/index.php?option=com_phpshop&page=shop.browse&category_id=10,20080716230936,skip
http://www.press.sk:80/index.php?option=com_phpshop&page=shop.browse&category_id=10,https://web.archive.org/web/20080718005311/http://www.press.sk:80/index.php?option=com_phpshop&page=shop.browse&category_id=10,20080718005311,skip
http://www.press.sk:80/index.php?option=com_phpshop&page=shop.browse&category_id=10,https://web.archive.org/web/20080719073453/http://www.press.sk:80/index.php?option=com_phpshop&page=shop.browse&category_id=10,20080719073453,skip
http://www.press.sk:80/index.php?option=com_phpshop&page=shop.browse&category_id=10,https://web.archive.org/web/20080720105151/http://www.press.sk:80/index.php?option=com_phpshop&page=shop.browse&category_id=10,20080720105151,skip
http://www.press.sk:80/index.php?option=com_phpshop&page=shop.browse&category_id=10,https://web.archive.org/web/20080721160153/http://www.press.sk:80/index.php?option=com_phpshop&page=shop.browse&category_id=10,20080721160153,skip
http://www.press.sk:80/index.php?option=com_phpshop&page=shop.browse&category_id=10,https://web.archive.org/web/20080722175945/http://www.press.sk:80/index.php?option=com_phpshop&page=shop.browse&category_id=10,20080722175945,skip
http://www.press.sk:80/index.php?option=com_phpshop&page=shop.browse&category_id=10,https://web.archive.org/web/20080723192039/http://www.press.sk:80/index.php?option=com_phpshop&page=shop.browse&category_id=10,20080723192039,skip
http://www.press.sk:80/index.php?option=com_phpshop&page=shop.browse&category_id=10,https://web.archive.org/web/20080724232629/http://www.press.sk:80/index.php?option=com_phpshop&page=shop.browse&category_id=10,20080724232629,skip
http://www.press.sk:80/index.php?option=com_phpshop&page=shop.browse&category_id=10,https://web.archive.org/web/20080726064455/http://www.press.sk:80/index.php?option=com_phpshop&page=shop.browse&category_id=10,20080726064455,skip
http://www.press.sk:80/index.php?option=com_phpshop&page=shop.browse&category_id=10,https://web.archive.org/web/20080727004446/http://www.press.sk:80/index.php?option=com_phpshop&page=shop.browse&category_id=10,20080727004446,skip
http://www.press.sk:80/index.php?option=com_phpshop&page=shop.browse&category_id=10,https://web.archive.org/web/20080729173956/http://www.press.sk:80/index.php?option=com_phpshop&page=shop.browse&category_id=10,20080729173956,skip
http://www.press.sk:80/index.php?option=com_phpshop&page=shop.browse&category_id=10,https://web.archive.org/web/20080730191148/http://www.press.sk:80/index.php?option=com_phpshop&page=shop.browse&category_id=10,20080730191148,skip
http://www.press.sk:80/index.php?page=shop.browse&category_id=10&option=com_phpshop,https://web.archive.org/web/20080801172733/http://www.press.sk:80/index.php?page=shop.browse&category_id=10&option=com_phpshop,20080801172733,skip
http://www.press.sk:80/index.php?option=com_phpshop&page=shop.browse&category_id=10,https://web.archive.org/web/20080805113151/http://www.press.sk:80/index.php?option=com_phpshop&page=shop.browse&category_id=10,20080805113151,skip
http://www.press.sk:80/index.php?option=com_phpshop&page=shop.browse&category_id=10,https://web.archive.org/web/20080806124956/http://www.press.sk:80/index.php?option=com_phpshop&page=shop.browse&category_id=10,20080806124956,skip
http://www.press.sk:80/index.php?option=com_phpshop&page=shop.browse&category_id=10,https://web.archive.org/web/20080808020810/http://www.press.sk:80/index.php?option=com_phpshop&page=shop.browse&category_id=10,20080808020810,skip
http://www.press.sk:80/index.php?option=com_phpshop&page=shop.browse&category_id=10,https://web.archive.org/web/20080809021427/http://www.press.sk:80/index.php?option=com_phpshop&page=shop.browse&category_id=10,20080809021427,skip
http://www.press.sk:80/index.php?option=com_phpshop&page=shop.browse&category_id=10,https://web.archive.org/web/20080810095130/http://www.press.sk:80/index.php?option=com_phpshop&page=shop.browse&category_id=10,20080810095130,skip
http://www.press.sk:80/index.php?option=com_phpshop&page=shop.browse&category_id=10,https://web.archive.org/web/20080811135534/http://www.press.sk:80/index.php?option=com_phpshop&page=shop.browse&category_id=10,20080811135534,skip
http://www.press.sk:80/index.php?option=com_phpshop&page=shop.browse&category_id=10,https://web.archive.org/web/20080812145654/http://www.press.sk:80/index.php?option=com_phpshop&page=shop.browse&category_id=10,20080812145654,skip
http://www.press.sk:80/index.php?option=com_phpshop&page=shop.browse&category_id=10,https://web.archive.org/web/20080813164706/http://www.press.sk:80/index.php?option=com_phpshop&page=shop.browse&category_id=10,20080813164706,skip
http://www.press.sk:80/index.php?option=com_phpshop&page=shop.browse&category_id=10,https://web.archive.org/web/20080814182835/http://www.press.sk:80/index.php?option=com_phpshop&page=shop.browse&category_id=10,20080814182835,skip
http://www.press.sk:80/index.php?option=com_phpshop&page=shop.browse&category_id=10,https://web.archive.org/web/20080815203059/http://www.press.sk:80/index.php?option=com_phpshop&page=shop.browse&category_id=10,20080815203059,skip
http://www.press.sk:80/index.php?option=com_phpshop&page=shop.browse&category_id=10,https://web.archive.org/web/20080816215030/http://www.press.sk:80/index.php?option=com_phpshop&page=shop.browse&category_id=10,20080816215030,skip
http://www.press.sk:80/index.php?option=com_phpshop&page=shop.browse&category_id=10,https://web.archive.org/web/20080817231113/http://www.press.sk:80/index.php?option=com_phpshop&page=shop.browse&category_id=10,20080817231113,skip
http://www.press.sk:80/index.php?option=com_phpshop&page=shop.browse&category_id=10,https://web.archive.org/web/20080818233721/http://www.press.sk:80/index.php?option=com_phpshop&page=shop.browse&category_id=10,20080818233721,skip
http://www.press.sk:80/index.php?option=com_phpshop&page=shop.browse&category_id=10,https://web.archive.org/web/20080819235709/http://www.press.sk:80/index.php?option=com_phpshop&page=shop.browse&category_id=10,20080819235709,skip
http://www.press.sk:80/index.php?option=com_phpshop&page=shop.browse&category_id=10,https://web.archive.org/web/20080821011650/http://www.press.sk:80/index.php?option=com_phpshop&page=shop.browse&category_id=10,20080821011650,skip
http://www.press.sk:80/index.php?option=com_phpshop&page=shop.browse&category_id=10,https://web.archive.org/web/20080822024447/http://www.press.sk:80/index.php?option=com_phpshop&page=shop.browse&category_id=10,20080822024447,skip
http://www.press.sk:80/index.php?option=com_phpshop&page=shop.browse&category_id=10,https://web.archive.org/web/20080823033925/http://www.press.sk:80/index.php?option=com_phpshop&page=shop.browse&category_id=10,20080823033925,skip
http://www.press.sk:80/index.php?option=com_phpshop&page=shop.browse&category_id=10,https://web.archive.org/web/20080824050542/http://www.press.sk:80/index.php?option=com_phpshop&page=shop.browse&category_id=10,20080824050542,skip
http://www.press.sk:80/index.php?option=com_phpshop&page=shop.browse&category_id=10,https://web.archive.org/web/20080825060225/http://www.press.sk:80/index.php?option=com_phpshop&page=shop.browse&category_id=10,20080825060225,skip
http://www.press.sk:80/index.php?option=com_phpshop&page=shop.browse&category_id=10,https://web.archive.org/web/20080826083545/http://www.press.sk:80/index.php?option=com_phpshop&page=shop.browse&category_id=10,20080826083545,skip
http://www.press.sk:80/index.php?option=com_phpshop&page=shop.browse&category_id=10,https://web.archive.org/web/20080827105241/http://www.press.sk:80/index.php?option=com_phpshop&page=shop.browse&category_id=10,20080827105241,skip
http://www.press.sk:80/index.php?option=com_phpshop&page=shop.browse&category_id=10,https://web.archive.org/web/20080828214829/http://www.press.sk:80/index.php?option=com_phpshop&page=shop.browse&category_id=10,20080828214829,skip
http://www.press.sk:80/index.php?option=com_phpshop&page=shop.browse&category_id=10,https://web.archive.org/web/20080830110104/http://www.press.sk:80/index.php?option=com_phpshop&page=shop.browse&category_id=10,20080830110104,skip
http://www.press.sk:80/index.php?option=com_phpshop&page=shop.browse&category_id=10,https://web.archive.org/web/20080831211223/http://www.press.sk:80/index.php?option=com_phpshop&page=shop.browse&category_id=10,20080831211223,skip
http://www.press.sk:80/index.php?option=com_phpshop&page=shop.browse&category_id=10,https://web.archive.org/web/20080902010805/http://www.press.sk:80/index.php?option=com_phpshop&page=shop.browse&category_id=10,20080902010805,skip
http://www.press.sk:80/index.php?option=com_phpshop&page=shop.browse&category_id=10,https://web.archive.org/web/20080903013349/http://www.press.sk:80/index.php?option=com_phpshop&page=shop.browse&category_id=10,20080903013349,skip
http://www.press.sk:80/index.php?option=com_phpshop&page=shop.browse&category_id=10,https://web.archive.org/web/20080904044932/http://www.press.sk:80/index.php?option=com_phpshop&page=shop.browse&category_id=10,20080904044932,skip
http://www.press.sk:80/index.php?option=com_phpshop&page=shop.browse&category_id=10,https://web.archive.org/web/20080906075804/http://www.press.sk:80/index.php?option=com_phpshop&page=shop.browse&category_id=10,20080906075804,skip
http://www.press.sk:80/index.php?option=com_phpshop&page=shop.browse&category_id=10,https://web.archive.org/web/20080908091344/http://www.press.sk:80/index.php?option=com_phpshop&page=shop.browse&category_id=10,20080908091344,skip
http://www.press.sk:80/index.php?option=com_phpshop&page=shop.browse&category_id=10,https://web.archive.org/web/20080909110420/http://www.press.sk:80/index.php?option=com_phpshop&page=shop.browse&category_id=10,20080909110420,skip
http://www.press.sk:80/index.php?option=com_phpshop&page=shop.browse&category_id=10,https://web.archive.org/web/20080910112247/http://www.press.sk:80/index.php?option=com_phpshop&page=shop.browse&category_id=10,20080910112247,skip
http://www.press.sk:80/index.php?option=com_phpshop&page=shop.browse&category_id=10,https://web.archive.org/web/20080911124008/http://www.press.sk:80/index.php?option=com_phpshop&page=shop.browse&category_id=10,20080911124008,skip
http://www.press.sk:80/index.php?option=com_phpshop&page=shop.browse&category_id=10,https://web.archive.org/web/20080912124646/http://www.press.sk:80/index.php?option=com_phpshop&page=shop.browse&category_id=10,20080912124646,skip
http://www.press.sk:80/index.php?option=com_phpshop&page=shop.browse&category_id=10,https://web.archive.org/web/20080915000944/http://www.press.sk:80/index.php?option=com_phpshop&page=shop.browse&category_id=10,20080915000944,skip
http://www.press.sk:80/index.php?option=com_phpshop&page=shop.browse&category_id=102,https://web.archive.org/web/20080919021249/http://www.press.sk:80/index.php?option=com_phpshop&page=shop.browse&category_id=102,20080919021249,skip
http://www.press.sk:80/index.php?option=com_phpshop&page=shop.browse&category_id=103,https://web.archive.org/web/20080806113720/http://www.press.sk:80/index.php?option=com_phpshop&page=shop.browse&category_id=103,20080806113720,skip
http://www.press.sk:80/index.php?option=com_phpshop&page=shop.browse&category_id=103,https://web.archive.org/web/20080808084753/http://www.press.sk:80/index.php?option=com_phpshop&page=shop.browse&category_id=103,20080808084753,skip
http://www.press.sk:80/index.php?option=com_phpshop&page=shop.browse&category_id=103,https://web.archive.org/web/20080913123332/http://www.press.sk:80/index.php?option=com_phpshop&page=shop.browse&category_id=103,20080913123332,skip
http://www.press.sk:80/index.php?page=shop.browse&offset=20&category_id=113&keyword=&manufacturer_id=&option=com_phpshop,https://web.archive.org/web/20080806060605/http://www.press.sk:80/index.php?page=shop.browse&offset=20&category_id=113&keyword=&manufacturer_id=&option=com_phpshop,20080806060605,skip
http://www.press.sk:80/index.php?page=shop.browse&offset=20&category_id=113&keyword=&manufacturer_id=&option=com_phpshop,https://web.archive.org/web/20080807065227/http://www.press.sk:80/index.php?page=shop.browse&offset=20&category_id=113&keyword=&manufacturer_id=&option=com_phpshop,20080807065227,skip
http://www.press.sk:80/index.php?page=shop.browse&offset=20&category_id=113&keyword=&manufacturer_id=&option=com_phpshop,https://web.archive.org/web/20080808084758/http://www.press.sk:80/index.php?page=shop.browse&offset=20&category_id=113&keyword=&manufacturer_id=&option=com_phpshop,20080808084758,skip
http://www.press.sk:80/index.php?page=shop.browse&offset=20&category_id=113&keyword=&manufacturer_id=&option=com_phpshop,https://web.archive.org/web/20080809133346/http://www.press.sk:80/index.php?page=shop.browse&offset=20&category_id=113&keyword=&manufacturer_id=&option=com_phpshop,20080809133346,skip
http://www.press.sk:80/index.php?option=com_phpshop&page=shop.browse&category_id=113,https://web.archive.org/web/20080701111943/http://www.press.sk:80/index.php?option=com_phpshop&page=shop.browse&category_id=113,20080701111943,skip
http://www.press.sk:80/index.php?option=com_phpshop&page=shop.browse&category_id=113,https://web.archive.org/web/20080702123145/http://www.press.sk:80/index.php?option=com_phpshop&page=shop.browse&category_id=113,20080702123145,skip
http://www.press.sk:80/index.php?option=com_phpshop&page=shop.browse&category_id=113,https://web.archive.org/web/20080704201544/http://www.press.sk:80/index.php?option=com_phpshop&page=shop.browse&category_id=113,20080704201544,skip
http://www.press.sk:80/index.php?option=com_phpshop&page=shop.browse&category_id=113,https://web.archive.org/web/20080727004504/http://www.press.sk:80/index.php?option=com_phpshop&page=shop.browse&category_id=113,20080727004504,skip
http://www.press.sk:80/index.php?option=com_phpshop&page=shop.browse&category_id=113,https://web.archive.org/web/20080728071223/http://www.press.sk:80/index.php?option=com_phpshop&page=shop.browse&category_id=113,20080728071223,skip
http://www.press.sk:80/index.php?option=com_phpshop&page=shop.browse&category_id=113,https://web.archive.org/web/20080729104802/http://www.press.sk:80/index.php?option=com_phpshop&page=shop.browse&category_id=113,20080729104802,skip
http://www.press.sk:80/index.php?option=com_phpshop&page=shop.browse&category_id=113,https://web.archive.org/web/20080805191501/http://www.press.sk:80/index.php?option=com_phpshop&page=shop.browse&category_id=113,20080805191501,skip
http://www.press.sk:80/index.php?option=com_phpshop&page=shop.browse&category_id=113,https://web.archive.org/web/20080807003815/http://www.press.sk:80/index.php?option=com_phpshop&page=shop.browse&category_id=113,20080807003815,skip
http://www.press.sk:80/index.php?option=com_phpshop&page=shop.browse&category_id=113,https://web.archive.org/web/20080808030128/http://www.press.sk:80/index.php?option=com_phpshop&page=shop.browse&category_id=113,20080808030128,skip
http://www.press.sk:80/index.php?option=com_phpshop&page=shop.browse&category_id=113,https://web.archive.org/web/20080809133341/http://www.press.sk:80/index.php?option=com_phpshop&page=shop.browse&category_id=113,20080809133341,skip
http://www.press.sk:80/index.php?option=com_phpshop&page=shop.browse&category_id=113,https://web.archive.org/web/20080810135731/http://www.press.sk:80/index.php?option=com_phpshop&page=shop.browse&category_id=113,20080810135731,skip
http://www.press.sk:80/index.php?option=com_phpshop&page=shop.browse&category_id=113,https://web.archive.org/web/20080913123337/http://www.press.sk:80/index.php?option=com_phpshop&page=shop.browse&category_id=113,20080913123337,skip
http://www.press.sk:80/index.php?option=com_phpshop&page=shop.browse&category_id=114,https://web.archive.org/web/20080806113724/http://www.press.sk:80/index.php?option=com_phpshop&page=shop.browse&category_id=114,20080806113724,skip
http://www.press.sk:80/index.php?option=com_phpshop&page=shop.browse&category_id=114,https://web.archive.org/web/20080913123343/http://www.press.sk:80/index.php?option=com_phpshop&page=shop.browse&category_id=114,20080913123343,skip
http://www.press.sk:80/index.php?option=com_phpshop&page=shop.browse&category_id=116,https://web.archive.org/web/20080701054457/http://www.press.sk:80/index.php?option=com_phpshop&page=shop.browse&category_id=116,20080701054457,skip
http://www.press.sk:80/index.php?option=com_phpshop&page=shop.browse&category_id=116,https://web.archive.org/web/20080702063511/http://www.press.sk:80/index.php?option=com_phpshop&page=shop.browse&category_id=116,20080702063511,skip
http://www.press.sk:80/index.php?option=com_phpshop&page=shop.browse&category_id=116,https://web.archive.org/web/20080703110500/http://www.press.sk:80/index.php?option=com_phpshop&page=shop.browse&category_id=116,20080703110500,skip
http://www.press.sk:80/index.php?option=com_phpshop&page=shop.browse&category_id=116,https://web.archive.org/web/20080704113126/http://www.press.sk:80/index.php?option=com_phpshop&page=shop.browse&category_id=116,20080704113126,skip
http://www.press.sk:80/index.php?option=com_phpshop&page=shop.browse&category_id=116,https://web.archive.org/web/20080706152221/http://www.press.sk:80/index.php?option=com_phpshop&page=shop.browse&category_id=116,20080706152221,skip
http://www.press.sk:80/index.php?option=com_phpshop&page=shop.browse&category_id=116,https://web.archive.org/web/20080707160520/http://www.press.sk:80/index.php?option=com_phpshop&page=shop.browse&category_id=116,20080707160520,skip
http://www.press.sk:80/index.php?option=com_phpshop&page=shop.browse&category_id=116,https://web.archive.org/web/20080708220802/http://www.press.sk:80/index.php?option=com_phpshop&page=shop.browse&category_id=116,20080708220802,skip
http://www.press.sk:80/index.php?option=com_phpshop&page=shop.browse&category_id=116,https://web.archive.org/web/20080710010610/http://www.press.sk:80/index.php?option=com_phpshop&page=shop.browse&category_id=116,20080710010610,skip
http://www.press.sk:80/index.php?option=com_phpshop&page=shop.browse&category_id=116,https://web.archive.org/web/20080711031933/http://www.press.sk:80/index.php?option=com_phpshop&page=shop.browse&category_id=116,20080711031933,skip
http://www.press.sk:80/index.php?option=com_phpshop&page=shop.browse&category_id=116,https://web.archive.org/web/20080712040844/http://www.press.sk:80/index.php?option=com_phpshop&page=shop.browse&category_id=116,20080712040844,skip
http://www.press.sk:80/index.php?option=com_phpshop&page=shop.browse&category_id=116,https://web.archive.org/web/20080715171140/http://www.press.sk:80/index.php?option=com_phpshop&page=shop.browse&category_id=116,20080715171140,skip
http://www.press.sk:80/index.php?option=com_phpshop&page=shop.browse&category_id=116,https://web.archive.org/web/20080720205538/http://www.press.sk:80/index.php?option=com_phpshop&page=shop.browse&category_id=116,20080720205538,skip
http://www.press.sk:80/index.php?option=com_phpshop&page=shop.browse&category_id=116,https://web.archive.org/web/20080723183146/http://www.press.sk:80/index.php?option=com_phpshop&page=shop.browse&category_id=116,20080723183146,skip
http://www.press.sk:80/index.php?option=com_phpshop&page=shop.browse&category_id=116,https://web.archive.org/web/20080731184628/http://www.press.sk:80/index.php?option=com_phpshop&page=shop.browse&category_id=116,20080731184628,skip
http://www.press.sk:80/index.php?option=com_phpshop&page=shop.browse&category_id=116,https://web.archive.org/web/20080806143534/http://www.press.sk:80/index.php?option=com_phpshop&page=shop.browse&category_id=116,20080806143534,skip
http://www.press.sk:80/index.php?option=com_phpshop&page=shop.browse&category_id=116,https://web.archive.org/web/20080808115421/http://www.press.sk:80/index.php?option=com_phpshop&page=shop.browse&category_id=116,20080808115421,skip
http://www.press.sk:80/index.php?option=com_phpshop&page=shop.browse&category_id=116,https://web.archive.org/web/20080809183639/http://www.press.sk:80/index.php?option=com_phpshop&page=shop.browse&category_id=116,20080809183639,skip
http://www.press.sk.:80/index.php?option=com_phpshop&page=shop.browse&category_id=116,https://web.archive.org/web/20080811232621/http://www.press.sk.:80/index.php?option=com_phpshop&page=shop.browse&category_id=116,20080811232621,skip
http://www.press.sk:80/index.php?option=com_phpshop&page=shop.browse&category_id=116,https://web.archive.org/web/20080813122833/http://www.press.sk:80/index.php?option=com_phpshop&page=shop.browse&category_id=116,20080813122833,skip
http://www.press.sk:80/index.php?option=com_phpshop&page=shop.browse&category_id=116,https://web.archive.org/web/20080814165328/http://www.press.sk:80/index.php?option=com_phpshop&page=shop.browse&category_id=116,20080814165328,skip
http://www.press.sk:80/index.php?option=com_phpshop&page=shop.browse&category_id=116,https://web.archive.org/web/20080815181631/http://www.press.sk:80/index.php?option=com_phpshop&page=shop.browse&category_id=116,20080815181631,skip
http://www.press.sk:80/index.php?option=com_phpshop&page=shop.browse&category_id=116,https://web.archive.org/web/20080817011240/http://www.press.sk:80/index.php?option=com_phpshop&page=shop.browse&category_id=116,20080817011240,skip
http://www.press.sk:80/index.php?option=com_phpshop&page=shop.browse&category_id=116,https://web.archive.org/web/20080818101726/http://www.press.sk:80/index.php?option=com_phpshop&page=shop.browse&category_id=116,20080818101726,skip
http://www.press.sk:80/index.php?option=com_phpshop&page=shop.browse&category_id=116,https://web.archive.org/web/20080819214236/http://www.press.sk:80/index.php?option=com_phpshop&page=shop.browse&category_id=116,20080819214236,skip
http://www.press.sk:80/index.php?option=com_phpshop&page=shop.browse&category_id=116,https://web.archive.org/web/20080822044745/http://www.press.sk:80/index.php?option=com_phpshop&page=shop.browse&category_id=116,20080822044745,skip
http://www.press.sk:80/index.php?option=com_phpshop&page=shop.browse&category_id=116,https://web.archive.org/web/20080823123604/http://www.press.sk:80/index.php?option=com_phpshop&page=shop.browse&category_id=116,20080823123604,skip
http://www.press.sk:80/index.php?option=com_phpshop&page=shop.browse&category_id=116,https://web.archive.org/web/20080824212116/http://www.press.sk:80/index.php?option=com_phpshop&page=shop.browse&category_id=116,20080824212116,skip
http://www.press.sk:80/index.php?option=com_phpshop&page=shop.browse&category_id=116,https://web.archive.org/web/20080826052942/http://www.press.sk:80/index.php?option=com_phpshop&page=shop.browse&category_id=116,20080826052942,skip
http://www.press.sk:80/index.php?option=com_phpshop&page=shop.browse&category_id=116,https://web.archive.org/web/20080827150006/http://www.press.sk:80/index.php?option=com_phpshop&page=shop.browse&category_id=116,20080827150006,skip
http://www.press.sk:80/index.php?option=com_phpshop&page=shop.browse&category_id=116,https://web.archive.org/web/20080828221128/http://www.press.sk:80/index.php?option=com_phpshop&page=shop.browse&category_id=116,20080828221128,skip
http://www.press.sk:80/index.php?option=com_phpshop&page=shop.browse&category_id=116,https://web.archive.org/web/20080830211531/http://www.press.sk:80/index.php?option=com_phpshop&page=shop.browse&category_id=116,20080830211531,skip
http://www.press.sk:80/index.php?option=com_phpshop&page=shop.browse&category_id=116,https://web.archive.org/web/20080905145840/http://www.press.sk:80/index.php?option=com_phpshop&page=shop.browse&category_id=116,20080905145840,skip
http://www.press.sk:80/index.php?option=com_phpshop&page=shop.browse&category_id=116,https://web.archive.org/web/20080908034345/http://www.press.sk:80/index.php?option=com_phpshop&page=shop.browse&category_id=116,20080908034345,skip
http://www.press.sk:80/index.php?option=com_phpshop&page=shop.browse&category_id=116,https://web.archive.org/web/20080910071842/http://www.press.sk:80/index.php?option=com_phpshop&page=shop.browse&category_id=116,20080910071842,skip
http://www.press.sk:80/index.php?option=com_phpshop&page=shop.browse&category_id=116,https://web.archive.org/web/20080911234207/http://www.press.sk:80/index.php?option=com_phpshop&page=shop.browse&category_id=116,20080911234207,skip
http://www.press.sk:80/index.php?page=shop.browse&category_id=119&option=com_phpshop,https://web.archive.org/web/20080801174435/http://www.press.sk:80/index.php?page=shop.browse&category_id=119&option=com_phpshop,20080801174435,skip
http://www.press.sk:80/index.php?option=com_phpshop&page=shop.browse&category_id=122,https://web.archive.org/web/20080913123350/http://www.press.sk:80/index.php?option=com_phpshop&page=shop.browse&category_id=122,20080913123350,skip
http://www.press.sk:80/index.php?page=shop.browse&root=1&category_id=29&option=com_phpshop,https://web.archive.org/web/20080707031503/http://www.press.sk:80/index.php?page=shop.browse&root=1&category_id=29&option=com_phpshop,20080707031503,skip
http://www.press.sk:80/index.php?page=shop.browse&root=1&category_id=29&option=com_phpshop,https://web.archive.org/web/20080708082104/http://www.press.sk:80/index.php?page=shop.browse&root=1&category_id=29&option=com_phpshop,20080708082104,skip
http://www.press.sk:80/index.php?page=shop.flypage&product_id=79&category_id=29&option=com_phpshop,https://web.archive.org/web/20080925094305/http://www.press.sk:80/index.php?page=shop.flypage&product_id=79&category_id=29&option=com_phpshop,20080925094305,skip
http://www.press.sk:80/index.php?page=shop.flypage&product_id=180&category_id=3&option=com_phpshop,https://web.archive.org/web/20080701095028/http://www.press.sk:80/index.php?page=shop.flypage&product_id=180&category_id=3&option=com_phpshop,20080701095028,skip
http://www.press.sk:80/index.php?page=shop.flypage&product_id=180&category_id=3&option=com_phpshop,https://web.archive.org/web/20080702113715/http://www.press.sk:80/index.php?page=shop.flypage&product_id=180&category_id=3&option=com_phpshop,20080702113715,skip
http://www.press.sk:80/index.php?page=shop.flypage&product_id=180&category_id=3&option=com_phpshop,https://web.archive.org/web/20080703175032/http://www.press.sk:80/index.php?page=shop.flypage&product_id=180&category_id=3&option=com_phpshop,20080703175032,skip
http://www.press.sk:80/index.php?page=shop.flypage&product_id=180&category_id=3&option=com_phpshop,https://web.archive.org/web/20080706202814/http://www.press.sk:80/index.php?page=shop.flypage&product_id=180&category_id=3&option=com_phpshop,20080706202814,skip
http://www.press.sk:80/index.php?page=shop.flypage&product_id=180&category_id=3&option=com_phpshop,https://web.archive.org/web/20080708221112/http://www.press.sk:80/index.php?page=shop.flypage&product_id=180&category_id=3&option=com_phpshop,20080708221112,skip
http://www.press.sk:80/index.php?page=shop.flypage&product_id=180&category_id=3&option=com_phpshop,https://web.archive.org/web/20080709222929/http://www.press.sk:80/index.php?page=shop.flypage&product_id=180&category_id=3&option=com_phpshop,20080709222929,skip
http://www.press.sk:80/index.php?page=shop.flypage&product_id=180&category_id=3&option=com_phpshop,https://web.archive.org/web/20080710224941/http://www.press.sk:80/index.php?page=shop.flypage&product_id=180&category_id=3&option=com_phpshop,20080710224941,skip
http://www.press.sk:80/index.php?page=shop.flypage&product_id=180&category_id=3&option=com_phpshop,https://web.archive.org/web/20080712002429/http://www.press.sk:80/index.php?page=shop.flypage&product_id=180&category_id=3&option=com_phpshop,20080712002429,skip
http://www.press.sk:80/index.php?page=shop.flypage&product_id=180&category_id=3&option=com_phpshop,https://web.archive.org/web/20080713061357/http://www.press.sk:80/index.php?page=shop.flypage&product_id=180&category_id=3&option=com_phpshop,20080713061357,skip
http://www.press.sk:80/index.php?page=shop.flypage&product_id=180&category_id=3&option=com_phpshop,https://web.archive.org/web/20080714070447/http://www.press.sk:80/index.php?page=shop.flypage&product_id=180&category_id=3&option=com_phpshop,20080714070447,skip
http://www.press.sk:80/index.php?page=shop.flypage&product_id=180&category_id=3&option=com_phpshop,https://web.archive.org/web/20080715132113/http://www.press.sk:80/index.php?page=shop.flypage&product_id=180&category_id=3&option=com_phpshop,20080715132113,skip
http://www.press.sk:80/index.php?page=shop.flypage&product_id=180&category_id=3&option=com_phpshop,https://web.archive.org/web/20080716230941/http://www.press.sk:80/index.php?page=shop.flypage&product_id=180&category_id=3&option=com_phpshop,20080716230941,skip
http://www.press.sk:80/index.php?page=shop.flypage&product_id=180&category_id=3&option=com_phpshop,https://web.archive.org/web/20080718005659/http://www.press.sk:80/index.php?page=shop.flypage&product_id=180&category_id=3&option=com_phpshop,20080718005659,skip
http://www.press.sk:80/index.php?page=shop.flypage&product_id=180&category_id=3&option=com_phpshop,https://web.archive.org/web/20080719073430/http://www.press.sk:80/index.php?page=shop.flypage&product_id=180&category_id=3&option=com_phpshop,20080719073430,skip
http://www.press.sk:80/index.php?page=shop.flypage&product_id=180&category_id=3&option=com_phpshop,https://web.archive.org/web/20080720105003/http://www.press.sk:80/index.php?page=shop.flypage&product_id=180&category_id=3&option=com_phpshop,20080720105003,skip
http://www.press.sk:80/index.php?page=shop.flypage&product_id=180&category_id=3&option=com_phpshop,https://web.archive.org/web/20080721160132/http://www.press.sk:80/index.php?page=shop.flypage&product_id=180&category_id=3&option=com_phpshop,20080721160132,skip
http://www.press.sk:80/index.php?page=shop.flypage&product_id=180&category_id=3&option=com_phpshop,https://web.archive.org/web/20080722180203/http://www.press.sk:80/index.php?page=shop.flypage&product_id=180&category_id=3&option=com_phpshop,20080722180203,skip
http://www.press.sk:80/index.php?page=shop.flypage&product_id=180&category_id=3&option=com_phpshop,https://web.archive.org/web/20080725041636/http://www.press.sk:80/index.php?page=shop.flypage&product_id=180&category_id=3&option=com_phpshop,20080725041636,skip
http://www.press.sk:80/index.php?page=shop.flypage&product_id=180&category_id=3&option=com_phpshop,https://web.archive.org/web/20080727043611/http://www.press.sk:80/index.php?page=shop.flypage&product_id=180&category_id=3&option=com_phpshop,20080727043611,skip
http://www.press.sk:80/index.php?page=shop.flypage&product_id=180&category_id=3&option=com_phpshop,https://web.archive.org/web/20080728072357/http://www.press.sk:80/index.php?page=shop.flypage&product_id=180&category_id=3&option=com_phpshop,20080728072357,skip
http://www.press.sk:80/index.php?page=shop.flypage&product_id=180&category_id=3&option=com_phpshop,https://web.archive.org/web/20080729192942/http://www.press.sk:80/index.php?page=shop.flypage&product_id=180&category_id=3&option=com_phpshop,20080729192942,skip
http://www.press.sk:80/index.php?page=shop.flypage&product_id=180&category_id=3&option=com_phpshop,https://web.archive.org/web/20080731114611/http://www.press.sk:80/index.php?page=shop.flypage&product_id=180&category_id=3&option=com_phpshop,20080731114611,skip
http://www.press.sk:80/index.php?page=shop.flypage&product_id=180&category_id=3&option=com_phpshop,https://web.archive.org/web/20080806062035/http://www.press.sk:80/index.php?page=shop.flypage&product_id=180&category_id=3&option=com_phpshop,20080806062035,skip
http://www.press.sk:80/index.php?page=shop.flypage&product_id=180&category_id=3&option=com_phpshop,https://web.archive.org/web/20080807064547/http://www.press.sk:80/index.php?page=shop.flypage&product_id=180&category_id=3&option=com_phpshop,20080807064547,skip
http://www.press.sk:80/index.php?page=shop.flypage&product_id=180&category_id=3&option=com_phpshop,https://web.archive.org/web/20080808084921/http://www.press.sk:80/index.php?page=shop.flypage&product_id=180&category_id=3&option=com_phpshop,20080808084921,skip
http://www.press.sk:80/index.php?page=shop.flypage&product_id=180&category_id=3&option=com_phpshop,https://web.archive.org/web/20080809124003/http://www.press.sk:80/index.php?page=shop.flypage&product_id=180&category_id=3&option=com_phpshop,20080809124003,skip
http://www.press.sk:80/index.php?page=shop.flypage&product_id=180&category_id=3&option=com_phpshop,https://web.archive.org/web/20080810183543/http://www.press.sk:80/index.php?page=shop.flypage&product_id=180&category_id=3&option=com_phpshop,20080810183543,skip
http://www.press.sk.:80/index.php?page=shop.flypage&product_id=180&category_id=3&option=com_phpshop,https://web.archive.org/web/20080811205332/http://www.press.sk.:80/index.php?page=shop.flypage&product_id=180&category_id=3&option=com_phpshop,20080811205332,skip
http://www.press.sk:80/index.php?page=shop.flypage&product_id=180&category_id=3&option=com_phpshop,https://web.archive.org/web/20080812215613/http://www.press.sk:80/index.php?page=shop.flypage&product_id=180&category_id=3&option=com_phpshop,20080812215613,skip
http://www.press.sk:80/index.php?page=shop.flypage&product_id=180&category_id=3&option=com_phpshop,https://web.archive.org/web/20080814010816/http://www.press.sk:80/index.php?page=shop.flypage&product_id=180&category_id=3&option=com_phpshop,20080814010816,skip
http://www.press.sk:80/index.php?page=shop.flypage&product_id=180&category_id=3&option=com_phpshop,https://web.archive.org/web/20080815030048/http://www.press.sk:80/index.php?page=shop.flypage&product_id=180&category_id=3&option=com_phpshop,20080815030048,skip
http://www.press.sk:80/index.php?page=shop.flypage&product_id=180&category_id=3&option=com_phpshop,https://web.archive.org/web/20080816033418/http://www.press.sk:80/index.php?page=shop.flypage&product_id=180&category_id=3&option=com_phpshop,20080816033418,skip
http://www.press.sk:80/index.php?page=shop.flypage&product_id=180&category_id=3&option=com_phpshop,https://web.archive.org/web/20080817062143/http://www.press.sk:80/index.php?page=shop.flypage&product_id=180&category_id=3&option=com_phpshop,20080817062143,skip
http://www.press.sk:80/index.php?page=shop.flypage&product_id=180&category_id=3&option=com_phpshop,https://web.archive.org/web/20080818081930/http://www.press.sk:80/index.php?page=shop.flypage&product_id=180&category_id=3&option=com_phpshop,20080818081930,skip
http://www.press.sk:80/index.php?page=shop.flypage&product_id=180&category_id=3&option=com_phpshop,https://web.archive.org/web/20080819085322/http://www.press.sk:80/index.php?page=shop.flypage&product_id=180&category_id=3&option=com_phpshop,20080819085322,skip
http://www.press.sk:80/index.php?page=shop.flypage&product_id=180&category_id=3&option=com_phpshop,https://web.archive.org/web/20080820103615/http://www.press.sk:80/index.php?page=shop.flypage&product_id=180&category_id=3&option=com_phpshop,20080820103615,skip
http://www.press.sk:80/index.php?page=shop.flypage&product_id=180&category_id=3&option=com_phpshop,https://web.archive.org/web/20080822110421/http://www.press.sk:80/index.php?page=shop.flypage&product_id=180&category_id=3&option=com_phpshop,20080822110421,skip
http://www.press.sk:80/index.php?page=shop.flypage&product_id=180&category_id=3&option=com_phpshop,https://web.archive.org/web/20080823114424/http://www.press.sk:80/index.php?page=shop.flypage&product_id=180&category_id=3&option=com_phpshop,20080823114424,skip
http://www.press.sk:80/index.php?page=shop.flypage&product_id=180&category_id=3&option=com_phpshop,https://web.archive.org/web/20080824152522/http://www.press.sk:80/index.php?page=shop.flypage&product_id=180&category_id=3&option=com_phpshop,20080824152522,skip
http://www.press.sk:80/index.php?page=shop.flypage&product_id=180&category_id=3&option=com_phpshop,https://web.archive.org/web/20080826023540/http://www.press.sk:80/index.php?page=shop.flypage&product_id=180&category_id=3&option=com_phpshop,20080826023540,skip
http://www.press.sk:80/index.php?page=shop.flypage&product_id=180&category_id=3&option=com_phpshop,https://web.archive.org/web/20080827105256/http://www.press.sk:80/index.php?page=shop.flypage&product_id=180&category_id=3&option=com_phpshop,20080827105256,skip
http://www.press.sk:80/index.php?page=shop.flypage&product_id=180&category_id=3&option=com_phpshop,https://web.archive.org/web/20080828214839/http://www.press.sk:80/index.php?page=shop.flypage&product_id=180&category_id=3&option=com_phpshop,20080828214839,skip
http://www.press.sk:80/index.php?page=shop.flypage&product_id=180&category_id=3&option=com_phpshop,https://web.archive.org/web/20080830110113/http://www.press.sk:80/index.php?page=shop.flypage&product_id=180&category_id=3&option=com_phpshop,20080830110113,skip
http://www.press.sk:80/index.php?page=shop.flypage&product_id=180&category_id=3&option=com_phpshop,https://web.archive.org/web/20080902010813/http://www.press.sk:80/index.php?page=shop.flypage&product_id=180&category_id=3&option=com_phpshop,20080902010813,skip
http://www.press.sk:80/index.php?page=shop.flypage&product_id=180&category_id=3&option=com_phpshop,https://web.archive.org/web/20080903013358/http://www.press.sk:80/index.php?page=shop.flypage&product_id=180&category_id=3&option=com_phpshop,20080903013358,skip
http://www.press.sk:80/index.php?page=shop.flypage&product_id=180&category_id=3&option=com_phpshop,https://web.archive.org/web/20080905071119/http://www.press.sk:80/index.php?page=shop.flypage&product_id=180&category_id=3&option=com_phpshop,20080905071119,skip
http://www.press.sk:80/index.php?page=shop.flypage&product_id=180&category_id=3&option=com_phpshop,https://web.archive.org/web/20080906075813/http://www.press.sk:80/index.php?page=shop.flypage&product_id=180&category_id=3&option=com_phpshop,20080906075813,skip
http://www.press.sk:80/index.php?page=shop.flypage&product_id=180&category_id=3&option=com_phpshop,https://web.archive.org/web/20080908091357/http://www.press.sk:80/index.php?page=shop.flypage&product_id=180&category_id=3&option=com_phpshop,20080908091357,skip
http://www.press.sk:80/index.php?page=shop.flypage&product_id=180&category_id=3&option=com_phpshop,https://web.archive.org/web/20080909110430/http://www.press.sk:80/index.php?page=shop.flypage&product_id=180&category_id=3&option=com_phpshop,20080909110430,skip
http://www.press.sk:80/index.php?page=shop.flypage&product_id=180&category_id=3&option=com_phpshop,https://web.archive.org/web/20080910112301/http://www.press.sk:80/index.php?page=shop.flypage&product_id=180&category_id=3&option=com_phpshop,20080910112301,skip
http://www.press.sk:80/index.php?page=shop.flypage&product_id=180&category_id=3&option=com_phpshop,https://web.archive.org/web/20080911124023/http://www.press.sk:80/index.php?page=shop.flypage&product_id=180&category_id=3&option=com_phpshop,20080911124023,skip
http://www.press.sk:80/index.php?page=shop.flypage&product_id=180&category_id=3&option=com_phpshop,https://web.archive.org/web/20080912124655/http://www.press.sk:80/index.php?page=shop.flypage&product_id=180&category_id=3&option=com_phpshop,20080912124655,skip
http://www.press.sk:80/index.php?option=com_phpshop&page=shop.browse&category_id=35,https://web.archive.org/web/20080927094737/http://www.press.sk:80/index.php?option=com_phpshop&page=shop.browse&category_id=35,20080927094737,skip
http://www.press.sk:80/index.php?page=shop.browse&category_id=51&option=com_phpshop,https://web.archive.org/web/20080801174440/http://www.press.sk:80/index.php?page=shop.browse&category_id=51&option=com_phpshop,20080801174440,skip
http://www.press.sk:80/index.php?page=shop.browse&root=10&category_id=51&option=com_phpshop,https://web.archive.org/web/20080915152903/http://www.press.sk:80/index.php?page=shop.browse&root=10&category_id=51&option=com_phpshop,20080915152903,skip
http://www.press.sk:80/index.php?page=shop.flypage&product_id=3919&category_id=53&option=com_phpshop,https://web.archive.org/web/20080701205126/http://www.press.sk:80/index.php?page=shop.flypage&product_id=3919&category_id=53&option=com_phpshop,20080701205126,skip
http://www.press.sk:80/index.php?page=shop.browse&root=1&category_id=6&option=com_phpshop,https://web.archive.org/web/20080917200924/http://www.press.sk:80/index.php?page=shop.browse&root=1&category_id=6&option=com_phpshop,20080917200924,skip
http://www.press.sk:80/index.php?page=shop.flypage&product_id=957&category_id=6&option=com_phpshop,https://web.archive.org/web/20080701095853/http://www.press.sk:80/index.php?page=shop.flypage&product_id=957&category_id=6&option=com_phpshop,20080701095853,skip
http://www.press.sk:80/index.php?page=shop.flypage&product_id=957&category_id=6&option=com_phpshop,https://web.archive.org/web/20080702113638/http://www.press.sk:80/index.php?page=shop.flypage&product_id=957&category_id=6&option=com_phpshop,20080702113638,skip
http://www.press.sk:80/index.php?page=shop.flypage&product_id=957&category_id=6&option=com_phpshop,https://web.archive.org/web/20080703175118/http://www.press.sk:80/index.php?page=shop.flypage&product_id=957&category_id=6&option=com_phpshop,20080703175118,skip
http://www.press.sk:80/index.php?page=shop.flypage&product_id=957&category_id=6&option=com_phpshop,https://web.archive.org/web/20080705193757/http://www.press.sk:80/index.php?page=shop.flypage&product_id=957&category_id=6&option=com_phpshop,20080705193757,skip
http://www.press.sk:80/index.php?page=shop.flypage&product_id=957&category_id=6&option=com_phpshop,https://web.archive.org/web/20080706202926/http://www.press.sk:80/index.php?page=shop.flypage&product_id=957&category_id=6&option=com_phpshop,20080706202926,skip
http://www.press.sk:80/index.php?page=shop.flypage&product_id=957&category_id=6&option=com_phpshop,https://web.archive.org/web/20080708221148/http://www.press.sk:80/index.php?page=shop.flypage&product_id=957&category_id=6&option=com_phpshop,20080708221148,skip
http://www.press.sk:80/index.php?page=shop.flypage&product_id=957&category_id=6&option=com_phpshop,https://web.archive.org/web/20080709222958/http://www.press.sk:80/index.php?page=shop.flypage&product_id=957&category_id=6&option=com_phpshop,20080709222958,skip
http://www.press.sk:80/index.php?page=shop.flypage&product_id=957&category_id=6&option=com_phpshop,https://web.archive.org/web/20080710224957/http://www.press.sk:80/index.php?page=shop.flypage&product_id=957&category_id=6&option=com_phpshop,20080710224957,skip
http://www.press.sk:80/index.php?page=shop.flypage&product_id=957&category_id=6&option=com_phpshop,https://web.archive.org/web/20080712002446/http://www.press.sk:80/index.php?page=shop.flypage&product_id=957&category_id=6&option=com_phpshop,20080712002446,skip
http://www.press.sk:80/index.php?page=shop.flypage&product_id=957&category_id=6&option=com_phpshop,https://web.archive.org/web/20080713061207/http://www.press.sk:80/index.php?page=shop.flypage&product_id=957&category_id=6&option=com_phpshop,20080713061207,skip
http://www.press.sk:80/index.php?page=shop.flypage&product_id=957&category_id=6&option=com_phpshop,https://web.archive.org/web/20080714070136/http://www.press.sk:80/index.php?page=shop.flypage&product_id=957&category_id=6&option=com_phpshop,20080714070136,skip
http://www.press.sk:80/index.php?page=shop.flypage&product_id=957&category_id=6&option=com_phpshop,https://web.archive.org/web/20080715132127/http://www.press.sk:80/index.php?page=shop.flypage&product_id=957&category_id=6&option=com_phpshop,20080715132127,skip
http://www.press.sk:80/index.php?page=shop.flypage&product_id=957&category_id=6&option=com_phpshop,https://web.archive.org/web/20080716230931/http://www.press.sk:80/index.php?page=shop.flypage&product_id=957&category_id=6&option=com_phpshop,20080716230931,skip
http://www.press.sk:80/index.php?page=shop.flypage&product_id=957&category_id=6&option=com_phpshop,https://web.archive.org/web/20080718005718/http://www.press.sk:80/index.php?page=shop.flypage&product_id=957&category_id=6&option=com_phpshop,20080718005718,skip
http://www.press.sk:80/index.php?page=shop.flypage&product_id=957&category_id=6&option=com_phpshop,https://web.archive.org/web/20080719073448/http://www.press.sk:80/index.php?page=shop.flypage&product_id=957&category_id=6&option=com_phpshop,20080719073448,skip
http://www.press.sk:80/index.php?page=shop.flypage&product_id=957&category_id=6&option=com_phpshop,https://web.archive.org/web/20080720105213/http://www.press.sk:80/index.php?page=shop.flypage&product_id=957&category_id=6&option=com_phpshop,20080720105213,skip
http://www.press.sk:80/index.php?page=shop.flypage&product_id=957&category_id=6&option=com_phpshop,https://web.archive.org/web/20080721160149/http://www.press.sk:80/index.php?page=shop.flypage&product_id=957&category_id=6&option=com_phpshop,20080721160149,skip
http://www.press.sk:80/index.php?page=shop.flypage&product_id=957&category_id=6&option=com_phpshop,https://web.archive.org/web/20080722180006/http://www.press.sk:80/index.php?page=shop.flypage&product_id=957&category_id=6&option=com_phpshop,20080722180006,skip
http://www.press.sk:80/index.php?page=shop.flypage&product_id=957&category_id=6&option=com_phpshop,https://web.archive.org/web/20080725041702/http://www.press.sk:80/index.php?page=shop.flypage&product_id=957&category_id=6&option=com_phpshop,20080725041702,skip
http://www.press.sk:80/index.php?page=shop.flypage&product_id=957&category_id=6&option=com_phpshop,https://web.archive.org/web/20080727043620/http://www.press.sk:80/index.php?page=shop.flypage&product_id=957&category_id=6&option=com_phpshop,20080727043620,skip
http://www.press.sk:80/index.php?page=shop.flypage&product_id=957&category_id=6&option=com_phpshop,https://web.archive.org/web/20080728072326/http://www.press.sk:80/index.php?page=shop.flypage&product_id=957&category_id=6&option=com_phpshop,20080728072326,skip
http://www.press.sk:80/index.php?page=shop.flypage&product_id=957&category_id=6&option=com_phpshop,https://web.archive.org/web/20080729192916/http://www.press.sk:80/index.php?page=shop.flypage&product_id=957&category_id=6&option=com_phpshop,20080729192916,skip
http://www.press.sk:80/index.php?page=shop.flypage&product_id=957&category_id=6&option=com_phpshop,https://web.archive.org/web/20080731114724/http://www.press.sk:80/index.php?page=shop.flypage&product_id=957&category_id=6&option=com_phpshop,20080731114724,skip
http://www.press.sk:80/index.php?page=shop.flypage&product_id=957&category_id=6&option=com_phpshop,https://web.archive.org/web/20080806062121/http://www.press.sk:80/index.php?page=shop.flypage&product_id=957&category_id=6&option=com_phpshop,20080806062121,skip
http://www.press.sk:80/index.php?page=shop.flypage&product_id=957&category_id=6&option=com_phpshop,https://web.archive.org/web/20080807064615/http://www.press.sk:80/index.php?page=shop.flypage&product_id=957&category_id=6&option=com_phpshop,20080807064615,skip
http://www.press.sk:80/index.php?page=shop.flypage&product_id=957&category_id=6&option=com_phpshop,https://web.archive.org/web/20080808084951/http://www.press.sk:80/index.php?page=shop.flypage&product_id=957&category_id=6&option=com_phpshop,20080808084951,skip
http://www.press.sk:80/index.php?page=shop.flypage&product_id=957&category_id=6&option=com_phpshop,https://web.archive.org/web/20080809124018/http://www.press.sk:80/index.php?page=shop.flypage&product_id=957&category_id=6&option=com_phpshop,20080809124018,skip
http://www.press.sk:80/index.php?page=shop.flypage&product_id=957&category_id=6&option=com_phpshop,https://web.archive.org/web/20080810183621/http://www.press.sk:80/index.php?page=shop.flypage&product_id=957&category_id=6&option=com_phpshop,20080810183621,skip
http://www.press.sk.:80/index.php?page=shop.flypage&product_id=957&category_id=6&option=com_phpshop,https://web.archive.org/web/20080811205353/http://www.press.sk.:80/index.php?page=shop.flypage&product_id=957&category_id=6&option=com_phpshop,20080811205353,skip
http://www.press.sk:80/index.php?page=shop.flypage&product_id=957&category_id=6&option=com_phpshop,https://web.archive.org/web/20080812215639/http://www.press.sk:80/index.php?page=shop.flypage&product_id=957&category_id=6&option=com_phpshop,20080812215639,skip
http://www.press.sk:80/index.php?page=shop.flypage&product_id=957&category_id=6&option=com_phpshop,https://web.archive.org/web/20080813220547/http://www.press.sk:80/index.php?page=shop.flypage&product_id=957&category_id=6&option=com_phpshop,20080813220547,skip
http://www.press.sk:80/index.php?page=shop.flypage&product_id=957&category_id=6&option=com_phpshop,https://web.archive.org/web/20080815005604/http://www.press.sk:80/index.php?page=shop.flypage&product_id=957&category_id=6&option=com_phpshop,20080815005604,skip
http://www.press.sk:80/index.php?page=shop.flypage&product_id=957&category_id=6&option=com_phpshop,https://web.archive.org/web/20080816022840/http://www.press.sk:80/index.php?page=shop.flypage&product_id=957&category_id=6&option=com_phpshop,20080816022840,skip
http://www.press.sk:80/index.php?page=shop.flypage&product_id=957&category_id=6&option=com_phpshop,https://web.archive.org/web/20080817033217/http://www.press.sk:80/index.php?page=shop.flypage&product_id=957&category_id=6&option=com_phpshop,20080817033217,skip
http://www.press.sk:80/index.php?page=shop.flypage&product_id=957&category_id=6&option=com_phpshop,https://web.archive.org/web/20080819073237/http://www.press.sk:80/index.php?page=shop.flypage&product_id=957&category_id=6&option=com_phpshop,20080819073237,skip
http://www.press.sk:80/index.php?page=shop.flypage&product_id=957&category_id=6&option=com_phpshop,https://web.archive.org/web/20080820082943/http://www.press.sk:80/index.php?page=shop.flypage&product_id=957&category_id=6&option=com_phpshop,20080820082943,skip
http://www.press.sk:80/index.php?page=shop.flypage&product_id=957&category_id=6&option=com_phpshop,https://web.archive.org/web/20080822110450/http://www.press.sk:80/index.php?page=shop.flypage&product_id=957&category_id=6&option=com_phpshop,20080822110450,skip
http://www.press.sk:80/index.php?page=shop.flypage&product_id=957&category_id=6&option=com_phpshop,https://web.archive.org/web/20080823114445/http://www.press.sk:80/index.php?page=shop.flypage&product_id=957&category_id=6&option=com_phpshop,20080823114445,skip
http://www.press.sk:80/index.php?page=shop.flypage&product_id=957&category_id=6&option=com_phpshop,https://web.archive.org/web/20080824152543/http://www.press.sk:80/index.php?page=shop.flypage&product_id=957&category_id=6&option=com_phpshop,20080824152543,skip
http://www.press.sk:80/index.php?page=shop.flypage&product_id=957&category_id=6&option=com_phpshop,https://web.archive.org/web/20080826023602/http://www.press.sk:80/index.php?page=shop.flypage&product_id=957&category_id=6&option=com_phpshop,20080826023602,skip
http://www.press.sk:80/index.php?page=shop.flypage&product_id=957&category_id=6&option=com_phpshop,https://web.archive.org/web/20080827105317/http://www.press.sk:80/index.php?page=shop.flypage&product_id=957&category_id=6&option=com_phpshop,20080827105317,skip
http://www.press.sk:80/index.php?page=shop.flypage&product_id=957&category_id=6&option=com_phpshop,https://web.archive.org/web/20080828214915/http://www.press.sk:80/index.php?page=shop.flypage&product_id=957&category_id=6&option=com_phpshop,20080828214915,skip
http://www.press.sk:80/index.php?page=shop.flypage&product_id=957&category_id=6&option=com_phpshop,https://web.archive.org/web/20080830110134/http://www.press.sk:80/index.php?page=shop.flypage&product_id=957&category_id=6&option=com_phpshop,20080830110134,skip
http://www.press.sk:80/index.php?page=shop.flypage&product_id=957&category_id=6&option=com_phpshop,https://web.archive.org/web/20080902010854/http://www.press.sk:80/index.php?page=shop.flypage&product_id=957&category_id=6&option=com_phpshop,20080902010854,skip
http://www.press.sk:80/index.php?page=shop.flypage&product_id=957&category_id=6&option=com_phpshop,https://web.archive.org/web/20080903013438/http://www.press.sk:80/index.php?page=shop.flypage&product_id=957&category_id=6&option=com_phpshop,20080903013438,skip
http://www.press.sk:80/index.php?page=shop.flypage&product_id=957&category_id=6&option=com_phpshop,https://web.archive.org/web/20080905071139/http://www.press.sk:80/index.php?page=shop.flypage&product_id=957&category_id=6&option=com_phpshop,20080905071139,skip
http://www.press.sk:80/index.php?page=shop.flypage&product_id=957&category_id=6&option=com_phpshop,https://web.archive.org/web/20080906075840/http://www.press.sk:80/index.php?page=shop.flypage&product_id=957&category_id=6&option=com_phpshop,20080906075840,skip
http://www.press.sk:80/index.php?page=shop.flypage&product_id=957&category_id=6&option=com_phpshop,https://web.archive.org/web/20080908091418/http://www.press.sk:80/index.php?page=shop.flypage&product_id=957&category_id=6&option=com_phpshop,20080908091418,skip
http://www.press.sk:80/index.php?page=shop.flypage&product_id=957&category_id=6&option=com_phpshop,https://web.archive.org/web/20080909110511/http://www.press.sk:80/index.php?page=shop.flypage&product_id=957&category_id=6&option=com_phpshop,20080909110511,skip
http://www.press.sk:80/index.php?page=shop.flypage&product_id=957&category_id=6&option=com_phpshop,https://web.archive.org/web/20080910112323/http://www.press.sk:80/index.php?page=shop.flypage&product_id=957&category_id=6&option=com_phpshop,20080910112323,skip
http://www.press.sk:80/index.php?page=shop.flypage&product_id=957&category_id=6&option=com_phpshop,https://web.archive.org/web/20080911124045/http://www.press.sk:80/index.php?page=shop.flypage&product_id=957&category_id=6&option=com_phpshop,20080911124045,skip
http://www.press.sk:80/index.php?page=shop.flypage&product_id=957&category_id=6&option=com_phpshop,https://web.archive.org/web/20080912124716/http://www.press.sk:80/index.php?page=shop.flypage&product_id=957&category_id=6&option=com_phpshop,20080912124716,skip
http://www.press.sk:80/index.php?page=shop.browse&category_id=67&option=com_phpshop,https://web.archive.org/web/20080927103648/http://www.press.sk:80/index.php?page=shop.browse&category_id=67&option=com_phpshop,20080927103648,skip
http://www.press.sk:80/index.php?page=shop.browse&offset=20&category_id=9&keyword=&manufacturer_id=&option=com_phpshop,https://web.archive.org/web/20080927101018/http://www.press.sk:80/index.php?page=shop.browse&offset=20&category_id=9&keyword=&manufacturer_id=&option=com_phpshop,20080927101018,skip
http://www.press.sk:80/index.php?page=shop.browse&root=1&category_id=9&option=com_phpshop,https://web.archive.org/web/20080927092535/http://www.press.sk:80/index.php?page=shop.browse&root=1&category_id=9&option=com_phpshop,20080927092535,skip
http://www.press.sk:80/index.php?option=com_rsgallery&page=inline&id=101&catid=0&limitstart=22,https://web.archive.org/web/20080803024218/http://www.press.sk:80/index.php?option=com_rsgallery&page=inline&id=101&catid=0&limitstart=22,20080803024218,skip
http://www.press.sk:80/index.php?option=com_rsgallery&page=inline&id=111&catid=0&limitstart=22,https://web.archive.org/web/20080929214133/http://www.press.sk:80/index.php?option=com_rsgallery&page=inline&id=111&catid=0&limitstart=22,20080929214133,skip
http://www.press.sk:80/index.php?option=com_rsgallery&page=inline&id=44&catid=0&limitstart=1,https://web.archive.org/web/20080929214148/http://www.press.sk:80/index.php?option=com_rsgallery&page=inline&id=44&catid=0&limitstart=1,20080929214148,skip
http://www.press.sk:80/index.php?option=com_rsgallery&page=inline&id=64&catid=0&limitstart=3,https://web.archive.org/web/20080815200727/http://www.press.sk:80/index.php?option=com_rsgallery&page=inline&id=64&catid=0&limitstart=3,20080815200727,skip
http://www.press.sk:80/index.php?option=com_rsgallery&page=inline&id=64&catid=0&limitstart=3,https://web.archive.org/web/20080817081337/http://www.press.sk:80/index.php?option=com_rsgallery&page=inline&id=64&catid=0&limitstart=3,20080817081337,skip
http://www.press.sk:80/index.php?option=com_rsgallery&page=inline&id=64&catid=0&limitstart=3,https://web.archive.org/web/20080818194828/http://www.press.sk:80/index.php?option=com_rsgallery&page=inline&id=64&catid=0&limitstart=3,20080818194828,skip
http://www.press.sk:80/index.php?option=com_rsgallery&page=inline&id=64&catid=0&limitstart=3,https://web.archive.org/web/20080822100844/http://www.press.sk:80/index.php?option=com_rsgallery&page=inline&id=64&catid=0&limitstart=3,20080822100844,skip
http://www.press.sk:80/index.php?option=com_rsgallery&page=inline&id=86&catid=0&limitstart=13,https://web.archive.org/web/20080915212654/http://www.press.sk:80/index.php?option=com_rsgallery&page=inline&id=86&catid=0&limitstart=13,20080915212654,skip
http://www.press.sk:80/index.php?option=com_rsgallery&page=inline&id=89&catid=0&limitstart=13,https://web.archive.org/web/20080815200735/http://www.press.sk:80/index.php?option=com_rsgallery&page=inline&id=89&catid=0&limitstart=13,20080815200735,skip
http://www.press.sk:80/index.php?option=com_rsgallery&page=inline&id=89&catid=0&limitstart=13,https://web.archive.org/web/20080817081342/http://www.press.sk:80/index.php?option=com_rsgallery&page=inline&id=89&catid=0&limitstart=13,20080817081342,skip
http://www.press.sk:80/index.php?option=com_rsgallery&page=inline&id=89&catid=0&limitstart=13,https://web.archive.org/web/20080818194834/http://www.press.sk:80/index.php?option=com_rsgallery&page=inline&id=89&catid=0&limitstart=13,20080818194834,skip
http://www.press.sk:80/index.php?option=com_rsgallery&page=inline&id=89&catid=0&limitstart=13,https://web.archive.org/web/20080822100849/http://www.press.sk:80/index.php?option=com_rsgallery&page=inline&id=89&catid=0&limitstart=13,20080822100849,skip
http://www.press.sk:80/index.php?option=com_rsgallery&page=inline&id=89&catid=0&limitstart=13,https://web.archive.org/web/20080905210023/http://www.press.sk:80/index.php?option=com_rsgallery&page=inline&id=89&catid=0&limitstart=13,20080905210023,skip
http://www.press.sk:80/index.php?option=com_rsgallery&page=inline&id=97&catid=0&limitstart=22,https://web.archive.org/web/20080815200749/http://www.press.sk:80/index.php?option=com_rsgallery&page=inline&id=97&catid=0&limitstart=22,20080815200749,skip
http://www.press.sk:80/index.php?option=com_rsgallery&page=inline&id=127&catid=10&limitstart=12,https://web.archive.org/web/20080915212549/http://www.press.sk:80/index.php?option=com_rsgallery&page=inline&id=127&catid=10&limitstart=12,20080915212549,skip
http://www.press.sk:80/index.php?option=com_rsgallery&page=inline&id=131&catid=10&limitstart=16,https://web.archive.org/web/20080929214138/http://www.press.sk:80/index.php?option=com_rsgallery&page=inline&id=131&catid=10&limitstart=16,20080929214138,skip
http://www.press.sk:80/index.php?option=com_rsgallery&page=inline&id=151&catid=12&limitstart=6,https://web.archive.org/web/20080905210018/http://www.press.sk:80/index.php?option=com_rsgallery&page=inline&id=151&catid=12&limitstart=6,20080905210018,skip
http://www.press.sk:80/index.php?option=com_rsgallery&page=inline&id=34&catid=4&limitstart=4,https://web.archive.org/web/20080915212554/http://www.press.sk:80/index.php?option=com_rsgallery&page=inline&id=34&catid=4&limitstart=4,20080915212554,skip
http://www.press.sk:80/index.php?option=com_rsgallery&page=inline&id=41&catid=6&limitstart=2,https://web.archive.org/web/20080929214143/http://www.press.sk:80/index.php?option=com_rsgallery&page=inline&id=41&catid=6&limitstart=2,20080929214143,skip
http://www.press.sk:80/index.php?option=com_rsgallery&page=inline&id=62&catid=7&limitstart=14,https://web.archive.org/web/20080703205905/http://www.press.sk:80/index.php?option=com_rsgallery&page=inline&id=62&catid=7&limitstart=14,20080703205905,skip
http://www.press.sk:80/index.php?option=com_rsgallery&page=inline&id=77&catid=8&limitstart=4,https://web.archive.org/web/20080929214153/http://www.press.sk:80/index.php?option=com_rsgallery&page=inline&id=77&catid=8&limitstart=4,20080929214153,skip
http://www.press.sk:80/index.php?option=com_rsgallery&page=inline&id=79&catid=8&limitstart=6,https://web.archive.org/web/20080803024223/http://www.press.sk:80/index.php?option=com_rsgallery&page=inline&id=79&catid=8&limitstart=6,20080803024223,skip
http://www.press.sk:80/index.php?option=com_rsgallery&page=inline&id=94&catid=9&limitstart=2,https://web.archive.org/web/20080815200741/http://www.press.sk:80/index.php?option=com_rsgallery&page=inline&id=94&catid=9&limitstart=2,20080815200741,skip
http://www.press.sk:80/index.php?option=com_rsgallery&page=inline&id=94&catid=9&limitstart=2,https://web.archive.org/web/20080817081348/http://www.press.sk:80/index.php?option=com_rsgallery&page=inline&id=94&catid=9&limitstart=2,20080817081348,skip
http://www.press.sk:80/index.php?option=com_rsgallery&page=inline&id=94&catid=9&limitstart=2,https://web.archive.org/web/20080818194838/http://www.press.sk:80/index.php?option=com_rsgallery&page=inline&id=94&catid=9&limitstart=2,20080818194838,skip
http://www.press.sk:80/index.php?option=com_rsgallery&page=inline&id=94&catid=9&limitstart=2,https://web.archive.org/web/20080822100900/http://www.press.sk:80/index.php?option=com_rsgallery&page=inline&id=94&catid=9&limitstart=2,20080822100900,skip
http://www.press.sk:80/index.php?option=com_events&task=view_day&year=2008&month=06&day=01&Itemid=1,https://web.archive.org/web/20080701203800/http://www.press.sk:80/index.php?option=com_events&task=view_day&year=2008&month=06&day=01&Itemid=1,20080701203800,skip
http://www.press.sk:80/index.php?option=com_events&task=view_day&year=2008&month=07&day=01&Itemid=1,https://web.archive.org/web/20080703205519/http://www.press.sk:80/index.php?option=com_events&task=view_day&year=2008&month=07&day=01&Itemid=1,20080703205519,skip
http://www.press.sk:80/index.php?option=com_events&task=view_day&year=2008&month=07&day=01&Itemid=1,https://web.archive.org/web/20080704214317/http://www.press.sk:80/index.php?option=com_events&task=view_day&year=2008&month=07&day=01&Itemid=1,20080704214317,skip
http://www.press.sk:80/index.php?option=com_events&task=view_day&year=2008&month=07&day=01&Itemid=1,https://web.archive.org/web/20080712105013/http://www.press.sk:80/index.php?option=com_events&task=view_day&year=2008&month=07&day=01&Itemid=1,20080712105013,skip
http://www.press.sk:80/index.php?option=com_events&task=view_day&year=2008&month=07&day=01&Itemid=1,https://web.archive.org/web/20080723183019/http://www.press.sk:80/index.php?option=com_events&task=view_day&year=2008&month=07&day=01&Itemid=1,20080723183019,skip
http://www.press.sk:80/index.php?option=com_events&task=view_day&year=2008&month=07&day=01&Itemid=1,https://web.archive.org/web/20080731190123/http://www.press.sk:80/index.php?option=com_events&task=view_day&year=2008&month=07&day=01&Itemid=1,20080731190123,skip
http://www.press.sk:80/index.php?option=com_events&task=view_day&year=2008&month=08&day=01&Itemid=1,https://web.archive.org/web/20080813144047/http://www.press.sk:80/index.php?option=com_events&task=view_day&year=2008&month=08&day=01&Itemid=1,20080813144047,skip
http://www.press.sk:80/index.php?option=com_events&task=view_day&year=2008&month=08&day=01&Itemid=1,https://web.archive.org/web/20080815160259/http://www.press.sk:80/index.php?option=com_events&task=view_day&year=2008&month=08&day=01&Itemid=1,20080815160259,skip
http://www.press.sk:80/index.php?option=com_events&task=view_day&year=2008&month=08&day=01&Itemid=1,https://web.archive.org/web/20080817011534/http://www.press.sk:80/index.php?option=com_events&task=view_day&year=2008&month=08&day=01&Itemid=1,20080817011534,skip
http://www.press.sk:80/index.php?option=com_events&task=view_day&year=2008&month=08&day=01&Itemid=1,https://web.archive.org/web/20080818124223/http://www.press.sk:80/index.php?option=com_events&task=view_day&year=2008&month=08&day=01&Itemid=1,20080818124223,skip
http://www.press.sk:80/index.php?option=com_events&task=view_day&year=2008&month=08&day=01&Itemid=1,https://web.archive.org/web/20080819213954/http://www.press.sk:80/index.php?option=com_events&task=view_day&year=2008&month=08&day=01&Itemid=1,20080819213954,skip
http://www.press.sk:80/index.php?option=com_events&task=view_day&year=2008&month=08&day=01&Itemid=1,https://web.archive.org/web/20080822052457/http://www.press.sk:80/index.php?option=com_events&task=view_day&year=2008&month=08&day=01&Itemid=1,20080822052457,skip
http://www.press.sk:80/index.php?option=com_events&task=view_day&year=2008&month=08&day=01&Itemid=1,https://web.archive.org/web/20080823123323/http://www.press.sk:80/index.php?option=com_events&task=view_day&year=2008&month=08&day=01&Itemid=1,20080823123323,skip
http://www.press.sk:80/index.php?option=com_events&task=view_day&year=2008&month=08&day=01&Itemid=1,https://web.archive.org/web/20080824211834/http://www.press.sk:80/index.php?option=com_events&task=view_day&year=2008&month=08&day=01&Itemid=1,20080824211834,skip
http://www.press.sk:80/index.php?option=com_events&task=view_day&year=2008&month=08&day=01&Itemid=1,https://web.archive.org/web/20080826052249/http://www.press.sk:80/index.php?option=com_events&task=view_day&year=2008&month=08&day=01&Itemid=1,20080826052249,skip
http://www.press.sk:80/index.php?option=com_events&task=view_day&year=2008&month=09&day=01&Itemid=1,https://web.archive.org/web/20080905205738/http://www.press.sk:80/index.php?option=com_events&task=view_day&year=2008&month=09&day=01&Itemid=1,20080905205738,skip
http://www.press.sk:80/index.php?option=com_events&task=view_day&year=2008&month=09&day=01&Itemid=1,https://web.archive.org/web/20080908055922/http://www.press.sk:80/index.php?option=com_events&task=view_day&year=2008&month=09&day=01&Itemid=1,20080908055922,skip
http://www.press.sk:80/index.php?option=com_events&task=view_day&year=2008&month=09&day=01&Itemid=1,https://web.archive.org/web/20080910071605/http://www.press.sk:80/index.php?option=com_events&task=view_day&year=2008&month=09&day=01&Itemid=1,20080910071605,skip
http://www.press.sk:80/index.php?option=com_events&task=view_day&year=2008&month=09&day=01&Itemid=1,https://web.archive.org/web/20080911233927/http://www.press.sk:80/index.php?option=com_events&task=view_day&year=2008&month=09&day=01&Itemid=1,20080911233927,skip
http://www.press.sk:80/index.php?option=com_events&task=view_day&year=2008&month=06&day=02&Itemid=1,https://web.archive.org/web/20080701203803/http://www.press.sk:80/index.php?option=com_events&task=view_day&year=2008&month=06&day=02&Itemid=1,20080701203803,skip
http://www.press.sk:80/index.php?option=com_events&task=view_day&year=2008&month=07&day=02&Itemid=1,https://web.archive.org/web/20080703205524/http://www.press.sk:80/index.php?option=com_events&task=view_day&year=2008&month=07&day=02&Itemid=1,20080703205524,skip
http://www.press.sk:80/index.php?option=com_events&task=view_day&year=2008&month=07&day=02&Itemid=1,https://web.archive.org/web/20080704214321/http://www.press.sk:80/index.php?option=com_events&task=view_day&year=2008&month=07&day=02&Itemid=1,20080704214321,skip
http://www.press.sk:80/index.php?option=com_events&task=view_day&year=2008&month=07&day=02&Itemid=1,https://web.archive.org/web/20080712105019/http://www.press.sk:80/index.php?option=com_events&task=view_day&year=2008&month=07&day=02&Itemid=1,20080712105019,skip
http://www.press.sk:80/index.php?option=com_events&task=view_day&year=2008&month=07&day=02&Itemid=1,https://web.archive.org/web/20080723183429/http://www.press.sk:80/index.php?option=com_events&task=view_day&year=2008&month=07&day=02&Itemid=1,20080723183429,skip
http://www.press.sk:80/index.php?option=com_events&task=view_day&year=2008&month=07&day=02&Itemid=1,https://web.archive.org/web/20080731184504/http://www.press.sk:80/index.php?option=com_events&task=view_day&year=2008&month=07&day=02&Itemid=1,20080731184504,skip
http://www.press.sk:80/index.php?option=com_events&task=view_day&year=2008&month=08&day=02&Itemid=1,https://web.archive.org/web/20080813144053/http://www.press.sk:80/index.php?option=com_events&task=view_day&year=2008&month=08&day=02&Itemid=1,20080813144053,skip
http://www.press.sk:80/index.php?option=com_events&task=view_day&year=2008&month=08&day=02&Itemid=1,https://web.archive.org/web/20080815160305/http://www.press.sk:80/index.php?option=com_events&task=view_day&year=2008&month=08&day=02&Itemid=1,20080815160305,skip
http://www.press.sk:80/index.php?option=com_events&task=view_day&year=2008&month=08&day=02&Itemid=1,https://web.archive.org/web/20080817011539/http://www.press.sk:80/index.php?option=com_events&task=view_day&year=2008&month=08&day=02&Itemid=1,20080817011539,skip
http://www.press.sk:80/index.php?option=com_events&task=view_day&year=2008&month=08&day=02&Itemid=1,https://web.archive.org/web/20080818124225/http://www.press.sk:80/index.php?option=com_events&task=view_day&year=2008&month=08&day=02&Itemid=1,20080818124225,skip
http://www.press.sk:80/index.php?option=com_events&task=view_day&year=2008&month=08&day=02&Itemid=1,https://web.archive.org/web/20080819213958/http://www.press.sk:80/index.php?option=com_events&task=view_day&year=2008&month=08&day=02&Itemid=1,20080819213958,skip
http://www.press.sk:80/index.php?option=com_events&task=view_day&year=2008&month=08&day=02&Itemid=1,https://web.archive.org/web/20080822052502/http://www.press.sk:80/index.php?option=com_events&task=view_day&year=2008&month=08&day=02&Itemid=1,20080822052502,skip
http://www.press.sk:80/index.php?option=com_events&task=view_day&year=2008&month=08&day=02&Itemid=1,https://web.archive.org/web/20080823123329/http://www.press.sk:80/index.php?option=com_events&task=view_day&year=2008&month=08&day=02&Itemid=1,20080823123329,skip
http://www.press.sk:80/index.php?option=com_events&task=view_day&year=2008&month=08&day=02&Itemid=1,https://web.archive.org/web/20080824211839/http://www.press.sk:80/index.php?option=com_events&task=view_day&year=2008&month=08&day=02&Itemid=1,20080824211839,skip
http://www.press.sk:80/index.php?option=com_events&task=view_day&year=2008&month=08&day=02&Itemid=1,https://web.archive.org/web/20080826052254/http://www.press.sk:80/index.php?option=com_events&task=view_day&year=2008&month=08&day=02&Itemid=1,20080826052254,skip
http://www.press.sk:80/index.php?option=com_events&task=view_day&year=2008&month=09&day=02&Itemid=1,https://web.archive.org/web/20080905205744/http://www.press.sk:80/index.php?option=com_events&task=view_day&year=2008&month=09&day=02&Itemid=1,20080905205744,skip
http://www.press.sk:80/index.php?option=com_events&task=view_day&year=2008&month=09&day=02&Itemid=1,https://web.archive.org/web/20080908055929/http://www.press.sk:80/index.php?option=com_events&task=view_day&year=2008&month=09&day=02&Itemid=1,20080908055929,skip
http://www.press.sk:80/index.php?option=com_events&task=view_day&year=2008&month=09&day=02&Itemid=1,https://web.archive.org/web/20080910071609/http://www.press.sk:80/index.php?option=com_events&task=view_day&year=2008&month=09&day=02&Itemid=1,20080910071609,skip
http://www.press.sk:80/index.php?option=com_events&task=view_day&year=2008&month=09&day=02&Itemid=1,https://web.archive.org/web/20080911233932/http://www.press.sk:80/index.php?option=com_events&task=view_day&year=2008&month=09&day=02&Itemid=1,20080911233932,skip
http://www.press.sk:80/index.php?option=com_events&task=view_day&year=2008&month=06&day=03&Itemid=1,https://web.archive.org/web/20080701203810/http://www.press.sk:80/index.php?option=com_events&task=view_day&year=2008&month=06&day=03&Itemid=1,20080701203810,skip
http://www.press.sk:80/index.php?option=com_events&task=view_day&year=2008&month=07&day=03&Itemid=1,https://web.archive.org/web/20080703205529/http://www.press.sk:80/index.php?option=com_events&task=view_day&year=2008&month=07&day=03&Itemid=1,20080703205529,skip
http://www.press.sk:80/index.php?option=com_events&task=view_day&year=2008&month=07&day=03&Itemid=1,https://web.archive.org/web/20080704214328/http://www.press.sk:80/index.php?option=com_events&task=view_day&year=2008&month=07&day=03&Itemid=1,20080704214328,skip
http://www.press.sk:80/index.php?option=com_events&task=view_day&year=2008&month=07&day=03&Itemid=1,https://web.archive.org/web/20080712105026/http://www.press.sk:80/index.php?option=com_events&task=view_day&year=2008&month=07&day=03&Itemid=1,20080712105026,skip
http://www.press.sk:80/index.php?option=com_events&task=view_day&year=2008&month=07&day=03&Itemid=1,https://web.archive.org/web/20080723183024/http://www.press.sk:80/index.php?option=com_events&task=view_day&year=2008&month=07&day=03&Itemid=1,20080723183024,skip
http://www.press.sk:80/index.php?option=com_events&task=view_day&year=2008&month=07&day=03&Itemid=1,https://web.archive.org/web/20080731190128/http://www.press.sk:80/index.php?option=com_events&task=view_day&year=2008&month=07&day=03&Itemid=1,20080731190128,skip
http://www.press.sk:80/index.php?option=com_events&task=view_day&year=2008&month=08&day=03&Itemid=1,https://web.archive.org/web/20080813144057/http://www.press.sk:80/index.php?option=com_events&task=view_day&year=2008&month=08&day=03&Itemid=1,20080813144057,skip
http://www.press.sk:80/index.php?option=com_events&task=view_day&year=2008&month=08&day=03&Itemid=1,https://web.archive.org/web/20080815160310/http://www.press.sk:80/index.php?option=com_events&task=view_day&year=2008&month=08&day=03&Itemid=1,20080815160310,skip
http://www.press.sk:80/index.php?option=com_events&task=view_day&year=2008&month=08&day=03&Itemid=1,https://web.archive.org/web/20080817011544/http://www.press.sk:80/index.php?option=com_events&task=view_day&year=2008&month=08&day=03&Itemid=1,20080817011544,skip
http://www.press.sk:80/index.php?option=com_events&task=view_day&year=2008&month=08&day=03&Itemid=1,https://web.archive.org/web/20080818124235/http://www.press.sk:80/index.php?option=com_events&task=view_day&year=2008&month=08&day=03&Itemid=1,20080818124235,skip
http://www.press.sk:80/index.php?option=com_events&task=view_day&year=2008&month=08&day=03&Itemid=1,https://web.archive.org/web/20080819214003/http://www.press.sk:80/index.php?option=com_events&task=view_day&year=2008&month=08&day=03&Itemid=1,20080819214003,skip
http://www.press.sk:80/index.php?option=com_events&task=view_day&year=2008&month=08&day=03&Itemid=1,https://web.archive.org/web/20080822052506/http://www.press.sk:80/index.php?option=com_events&task=view_day&year=2008&month=08&day=03&Itemid=1,20080822052506,skip
http://www.press.sk:80/index.php?option=com_events&task=view_day&year=2008&month=08&day=03&Itemid=1,https://web.archive.org/web/20080823123333/http://www.press.sk:80/index.php?option=com_events&task=view_day&year=2008&month=08&day=03&Itemid=1,20080823123333,skip
http://www.press.sk:80/index.php?option=com_events&task=view_day&year=2008&month=08&day=03&Itemid=1,https://web.archive.org/web/20080824211844/http://www.press.sk:80/index.php?option=com_events&task=view_day&year=2008&month=08&day=03&Itemid=1,20080824211844,skip
http://www.press.sk:80/index.php?option=com_events&task=view_day&year=2008&month=08&day=03&Itemid=1,https://web.archive.org/web/20080826052259/http://www.press.sk:80/index.php?option=com_events&task=view_day&year=2008&month=08&day=03&Itemid=1,20080826052259,skip
http://www.press.sk:80/index.php?option=com_events&task=view_day&year=2008&month=09&day=03&Itemid=1,https://web.archive.org/web/20080905205748/http://www.press.sk:80/index.php?option=com_events&task=view_day&year=2008&month=09&day=03&Itemid=1,20080905205748,skip
http://www.press.sk:80/index.php?option=com_events&task=view_day&year=2008&month=09&day=03&Itemid=1,https://web.archive.org/web/20080908055933/http://www.press.sk:80/index.php?option=com_events&task=view_day&year=2008&month=09&day=03&Itemid=1,20080908055933,skip
http://www.press.sk:80/index.php?option=com_events&task=view_day&year=2008&month=09&day=03&Itemid=1,https://web.archive.org/web/20080910071614/http://www.press.sk:80/index.php?option=com_events&task=view_day&year=2008&month=09&day=03&Itemid=1,20080910071614,skip
http://www.press.sk:80/index.php?option=com_events&task=view_day&year=2008&month=09&day=03&Itemid=1,https://web.archive.org/web/20080911233937/http://www.press.sk:80/index.php?option=com_events&task=view_day&year=2008&month=09&day=03&Itemid=1,20080911233937,skip
http://www.press.sk:80/index.php?option=com_events&task=view_day&year=2008&month=06&day=04&Itemid=1,https://web.archive.org/web/20080701203553/http://www.press.sk:80/index.php?option=com_events&task=view_day&year=2008&month=06&day=04&Itemid=1,20080701203553,skip
http://www.press.sk:80/index.php?option=com_events&task=view_day&year=2008&month=07&day=04&Itemid=1,https://web.archive.org/web/20080703205534/http://www.press.sk:80/index.php?option=com_events&task=view_day&year=2008&month=07&day=04&Itemid=1,20080703205534,skip
http://www.press.sk:80/index.php?option=com_events&task=view_day&year=2008&month=07&day=04&Itemid=1,https://web.archive.org/web/20080704214333/http://www.press.sk:80/index.php?option=com_events&task=view_day&year=2008&month=07&day=04&Itemid=1,20080704214333,skip
http://www.press.sk:80/index.php?option=com_events&task=view_day&year=2008&month=07&day=04&Itemid=1,https://web.archive.org/web/20080712105030/http://www.press.sk:80/index.php?option=com_events&task=view_day&year=2008&month=07&day=04&Itemid=1,20080712105030,skip
http://www.press.sk:80/index.php?option=com_events&task=view_day&year=2008&month=07&day=04&Itemid=1,https://web.archive.org/web/20080723183030/http://www.press.sk:80/index.php?option=com_events&task=view_day&year=2008&month=07&day=04&Itemid=1,20080723183030,skip
http://www.press.sk:80/index.php?option=com_events&task=view_day&year=2008&month=07&day=04&Itemid=1,https://web.archive.org/web/20080731190133/http://www.press.sk:80/index.php?option=com_events&task=view_day&year=2008&month=07&day=04&Itemid=1,20080731190133,skip
http://www.press.sk:80/index.php?option=com_events&task=view_day&year=2008&month=08&day=04&Itemid=1,https://web.archive.org/web/20080813144103/http://www.press.sk:80/index.php?option=com_events&task=view_day&year=2008&month=08&day=04&Itemid=1,20080813144103,skip
http://www.press.sk:80/index.php?option=com_events&task=view_day&year=2008&month=08&day=04&Itemid=1,https://web.archive.org/web/20080815160315/http://www.press.sk:80/index.php?option=com_events&task=view_day&year=2008&month=08&day=04&Itemid=1,20080815160315,skip
http://www.press.sk:80/index.php?option=com_events&task=view_day&year=2008&month=08&day=04&Itemid=1,https://web.archive.org/web/20080817011550/http://www.press.sk:80/index.php?option=com_events&task=view_day&year=2008&month=08&day=04&Itemid=1,20080817011550,skip
http://www.press.sk:80/index.php?option=com_events&task=view_day&year=2008&month=08&day=04&Itemid=1,https://web.archive.org/web/20080818124238/http://www.press.sk:80/index.php?option=com_events&task=view_day&year=2008&month=08&day=04&Itemid=1,20080818124238,skip
http://www.press.sk:80/index.php?option=com_events&task=view_day&year=2008&month=08&day=04&Itemid=1,https://web.archive.org/web/20080819214009/http://www.press.sk:80/index.php?option=com_events&task=view_day&year=2008&month=08&day=04&Itemid=1,20080819214009,skip
http://www.press.sk:80/index.php?option=com_events&task=view_day&year=2008&month=08&day=04&Itemid=1,https://web.archive.org/web/20080822052512/http://www.press.sk:80/index.php?option=com_events&task=view_day&year=2008&month=08&day=04&Itemid=1,20080822052512,skip
http://www.press.sk:80/index.php?option=com_events&task=view_day&year=2008&month=08&day=04&Itemid=1,https://web.archive.org/web/20080823123338/http://www.press.sk:80/index.php?option=com_events&task=view_day&year=2008&month=08&day=04&Itemid=1,20080823123338,skip
http://www.press.sk:80/index.php?option=com_events&task=view_day&year=2008&month=08&day=04&Itemid=1,https://web.archive.org/web/20080824211849/http://www.press.sk:80/index.php?option=com_events&task=view_day&year=2008&month=08&day=04&Itemid=1,20080824211849,skip
http://www.press.sk:80/index.php?option=com_events&task=view_day&year=2008&month=08&day=04&Itemid=1,https://web.archive.org/web/20080826052304/http://www.press.sk:80/index.php?option=com_events&task=view_day&year=2008&month=08&day=04&Itemid=1,20080826052304,skip
http://www.press.sk:80/index.php?option=com_events&task=view_day&year=2008&month=09&day=04&Itemid=1,https://web.archive.org/web/20080905205754/http://www.press.sk:80/index.php?option=com_events&task=view_day&year=2008&month=09&day=04&Itemid=1,20080905205754,skip
http://www.press.sk:80/index.php?option=com_events&task=view_day&year=2008&month=09&day=04&Itemid=1,https://web.archive.org/web/20080908055939/http://www.press.sk:80/index.php?option=com_events&task=view_day&year=2008&month=09&day=04&Itemid=1,20080908055939,skip
http://www.press.sk:80/index.php?option=com_events&task=view_day&year=2008&month=09&day=04&Itemid=1,https://web.archive.org/web/20080910071619/http://www.press.sk:80/index.php?option=com_events&task=view_day&year=2008&month=09&day=04&Itemid=1,20080910071619,skip
http://www.press.sk:80/index.php?option=com_events&task=view_day&year=2008&month=09&day=04&Itemid=1,https://web.archive.org/web/20080911233942/http://www.press.sk:80/index.php?option=com_events&task=view_day&year=2008&month=09&day=04&Itemid=1,20080911233942,skip
http://www.press.sk:80/index.php?option=com_events&task=view_day&year=2008&month=06&day=05&Itemid=1,https://web.archive.org/web/20080701203815/http://www.press.sk:80/index.php?option=com_events&task=view_day&year=2008&month=06&day=05&Itemid=1,20080701203815,skip
http://www.press.sk:80/index.php?option=com_events&task=view_day&year=2008&month=07&day=05&Itemid=1,https://web.archive.org/web/20080703205539/http://www.press.sk:80/index.php?option=com_events&task=view_day&year=2008&month=07&day=05&Itemid=1,20080703205539,skip
http://www.press.sk:80/index.php?option=com_events&task=view_day&year=2008&month=07&day=05&Itemid=1,https://web.archive.org/web/20080704214338/http://www.press.sk:80/index.php?option=com_events&task=view_day&year=2008&month=07&day=05&Itemid=1,20080704214338,skip
http://www.press.sk:80/index.php?option=com_events&task=view_day&year=2008&month=07&day=05&Itemid=1,https://web.archive.org/web/20080712104803/http://www.press.sk:80/index.php?option=com_events&task=view_day&year=2008&month=07&day=05&Itemid=1,20080712104803,skip
http://www.press.sk:80/index.php?option=com_events&task=view_day&year=2008&month=07&day=05&Itemid=1,https://web.archive.org/web/20080723183436/http://www.press.sk:80/index.php?option=com_events&task=view_day&year=2008&month=07&day=05&Itemid=1,20080723183436,skip
http://www.press.sk:80/index.php?option=com_events&task=view_day&year=2008&month=07&day=05&Itemid=1,https://web.archive.org/web/20080731184508/http://www.press.sk:80/index.php?option=com_events&task=view_day&year=2008&month=07&day=05&Itemid=1,20080731184508,skip
http://www.press.sk:80/index.php?option=com_events&task=view_day&year=2008&month=08&day=05&Itemid=1,https://web.archive.org/web/20080813144107/http://www.press.sk:80/index.php?option=com_events&task=view_day&year=2008&month=08&day=05&Itemid=1,20080813144107,skip
http://www.press.sk:80/index.php?option=com_events&task=view_day&year=2008&month=08&day=05&Itemid=1,https://web.archive.org/web/20080815160321/http://www.press.sk:80/index.php?option=com_events&task=view_day&year=2008&month=08&day=05&Itemid=1,20080815160321,skip
http://www.press.sk:80/index.php?option=com_events&task=view_day&year=2008&month=08&day=05&Itemid=1,https://web.archive.org/web/20080817011601/http://www.press.sk:80/index.php?option=com_events&task=view_day&year=2008&month=08&day=05&Itemid=1,20080817011601,skip
http://www.press.sk:80/index.php?option=com_events&task=view_day&year=2008&month=08&day=05&Itemid=1,https://web.archive.org/web/20080818124243/http://www.press.sk:80/index.php?option=com_events&task=view_day&year=2008&month=08&day=05&Itemid=1,20080818124243,skip
http://www.press.sk:80/index.php?option=com_events&task=view_day&year=2008&month=08&day=05&Itemid=1,https://web.archive.org/web/20080819214013/http://www.press.sk:80/index.php?option=com_events&task=view_day&year=2008&month=08&day=05&Itemid=1,20080819214013,skip
http://www.press.sk:80/index.php?option=com_events&task=view_day&year=2008&month=08&day=05&Itemid=1,https://web.archive.org/web/20080822052517/http://www.press.sk:80/index.php?option=com_events&task=view_day&year=2008&month=08&day=05&Itemid=1,20080822052517,skip
http://www.press.sk:80/index.php?option=com_events&task=view_day&year=2008&month=08&day=05&Itemid=1,https://web.archive.org/web/20080823123343/http://www.press.sk:80/index.php?option=com_events&task=view_day&year=2008&month=08&day=05&Itemid=1,20080823123343,skip
http://www.press.sk:80/index.php?option=com_events&task=view_day&year=2008&month=08&day=05&Itemid=1,https://web.archive.org/web/20080824211854/http://www.press.sk:80/index.php?option=com_events&task=view_day&year=2008&month=08&day=05&Itemid=1,20080824211854,skip
http://www.press.sk:80/index.php?option=com_events&task=view_day&year=2008&month=08&day=05&Itemid=1,https://web.archive.org/web/20080826052309/http://www.press.sk:80/index.php?option=com_events&task=view_day&year=2008&month=08&day=05&Itemid=1,20080826052309,skip
http://www.press.sk:80/index.php?option=com_events&task=view_day&year=2008&month=09&day=05&Itemid=1,https://web.archive.org/web/20080905205759/http://www.press.sk:80/index.php?option=com_events&task=view_day&year=2008&month=09&day=05&Itemid=1,20080905205759,skip
http://www.press.sk:80/index.php?option=com_events&task=view_day&year=2008&month=09&day=05&Itemid=1,https://web.archive.org/web/20080908055944/http://www.press.sk:80/index.php?option=com_events&task=view_day&year=2008&month=09&day=05&Itemid=1,20080908055944,skip
http://www.press.sk:80/index.php?option=com_events&task=view_day&year=2008&month=09&day=05&Itemid=1,https://web.archive.org/web/20080910071624/http://www.press.sk:80/index.php?option=com_events&task=view_day&year=2008&month=09&day=05&Itemid=1,20080910071624,skip
http://www.press.sk:80/index.php?option=com_events&task=view_day&year=2008&month=09&day=05&Itemid=1,https://web.archive.org/web/20080911233947/http://www.press.sk:80/index.php?option=com_events&task=view_day&year=2008&month=09&day=05&Itemid=1,20080911233947,skip
http://www.press.sk:80/index.php?option=com_events&task=view_day&year=2008&month=06&day=06&Itemid=1,https://web.archive.org/web/20080701203555/http://www.press.sk:80/index.php?option=com_events&task=view_day&year=2008&month=06&day=06&Itemid=1,20080701203555,skip
http://www.press.sk:80/index.php?option=com_events&task=view_day&year=2008&month=07&day=06&Itemid=1,https://web.archive.org/web/20080703205544/http://www.press.sk:80/index.php?option=com_events&task=view_day&year=2008&month=07&day=06&Itemid=1,20080703205544,skip
http://www.press.sk:80/index.php?option=com_events&task=view_day&year=2008&month=07&day=06&Itemid=1,https://web.archive.org/web/20080704214347/http://www.press.sk:80/index.php?option=com_events&task=view_day&year=2008&month=07&day=06&Itemid=1,20080704214347,skip
http://www.press.sk:80/index.php?option=com_events&task=view_day&year=2008&month=07&day=06&Itemid=1,https://web.archive.org/web/20080712104808/http://www.press.sk:80/index.php?option=com_events&task=view_day&year=2008&month=07&day=06&Itemid=1,20080712104808,skip
http://www.press.sk:80/index.php?option=com_events&task=view_day&year=2008&month=07&day=06&Itemid=1,https://web.archive.org/web/20080723183440/http://www.press.sk:80/index.php?option=com_events&task=view_day&year=2008&month=07&day=06&Itemid=1,20080723183440,skip
http://www.press.sk:80/index.php?option=com_events&task=view_day&year=2008&month=07&day=06&Itemid=1,https://web.archive.org/web/20080731190138/http://www.press.sk:80/index.php?option=com_events&task=view_day&year=2008&month=07&day=06&Itemid=1,20080731190138,skip
http://www.press.sk:80/index.php?option=com_events&task=view_day&year=2008&month=08&day=06&Itemid=1,https://web.archive.org/web/20080813144113/http://www.press.sk:80/index.php?option=com_events&task=view_day&year=2008&month=08&day=06&Itemid=1,20080813144113,skip
http://www.press.sk:80/index.php?option=com_events&task=view_day&year=2008&month=08&day=06&Itemid=1,https://web.archive.org/web/20080815160326/http://www.press.sk:80/index.php?option=com_events&task=view_day&year=2008&month=08&day=06&Itemid=1,20080815160326,skip
http://www.press.sk:80/index.php?option=com_events&task=view_day&year=2008&month=08&day=06&Itemid=1,https://web.archive.org/web/20080817011606/http://www.press.sk:80/index.php?option=com_events&task=view_day&year=2008&month=08&day=06&Itemid=1,20080817011606,skip
http://www.press.sk:80/index.php?option=com_events&task=view_day&year=2008&month=08&day=06&Itemid=1,https://web.archive.org/web/20080818124247/http://www.press.sk:80/index.php?option=com_events&task=view_day&year=2008&month=08&day=06&Itemid=1,20080818124247,skip
http://www.press.sk:80/index.php?option=com_events&task=view_day&year=2008&month=08&day=06&Itemid=1,https://web.archive.org/web/20080819214018/http://www.press.sk:80/index.php?option=com_events&task=view_day&year=2008&month=08&day=06&Itemid=1,20080819214018,skip
http://www.press.sk:80/index.php?option=com_events&task=view_day&year=2008&month=08&day=06&Itemid=1,https://web.archive.org/web/20080822052522/http://www.press.sk:80/index.php?option=com_events&task=view_day&year=2008&month=08&day=06&Itemid=1,20080822052522,skip
http://www.press.sk:80/index.php?option=com_events&task=view_day&year=2008&month=08&day=06&Itemid=1,https://web.archive.org/web/20080823123350/http://www.press.sk:80/index.php?option=com_events&task=view_day&year=2008&month=08&day=06&Itemid=1,20080823123350,skip
http://www.press.sk:80/index.php?option=com_events&task=view_day&year=2008&month=08&day=06&Itemid=1,https://web.archive.org/web/20080824211859/http://www.press.sk:80/index.php?option=com_events&task=view_day&year=2008&month=08&day=06&Itemid=1,20080824211859,skip
http://www.press.sk:80/index.php?option=com_events&task=view_day&year=2008&month=08&day=06&Itemid=1,https://web.archive.org/web/20080826052314/http://www.press.sk:80/index.php?option=com_events&task=view_day&year=2008&month=08&day=06&Itemid=1,20080826052314,skip
http://www.press.sk:80/index.php?option=com_events&task=view_day&year=2008&month=09&day=06&Itemid=1,https://web.archive.org/web/20080905205804/http://www.press.sk:80/index.php?option=com_events&task=view_day&year=2008&month=09&day=06&Itemid=1,20080905205804,skip
http://www.press.sk:80/index.php?option=com_events&task=view_day&year=2008&month=09&day=06&Itemid=1,https://web.archive.org/web/20080908055949/http://www.press.sk:80/index.php?option=com_events&task=view_day&year=2008&month=09&day=06&Itemid=1,20080908055949,skip
http://www.press.sk:80/index.php?option=com_events&task=view_day&year=2008&month=09&day=06&Itemid=1,https://web.archive.org/web/20080910071629/http://www.press.sk:80/index.php?option=com_events&task=view_day&year=2008&month=09&day=06&Itemid=1,20080910071629,skip
http://www.press.sk:80/index.php?option=com_events&task=view_day&year=2008&month=09&day=06&Itemid=1,https://web.archive.org/web/20080911233952/http://www.press.sk:80/index.php?option=com_events&task=view_day&year=2008&month=09&day=06&Itemid=1,20080911233952,skip
http://www.press.sk:80/index.php?option=com_events&task=view_day&year=2008&month=06&day=07&Itemid=1,https://web.archive.org/web/20080701203820/http://www.press.sk:80/index.php?option=com_events&task=view_day&year=2008&month=06&day=07&Itemid=1,20080701203820,skip
http://www.press.sk:80/index.php?option=com_events&task=view_day&year=2008&month=07&day=07&Itemid=1,https://web.archive.org/web/20080703205549/http://www.press.sk:80/index.php?option=com_events&task=view_day&year=2008&month=07&day=07&Itemid=1,20080703205549,skip
http://www.press.sk:80/index.php?option=com_events&task=view_day&year=2008&month=07&day=07&Itemid=1,https://web.archive.org/web/20080704214146/http://www.press.sk:80/index.php?option=com_events&task=view_day&year=2008&month=07&day=07&Itemid=1,20080704214146,skip
http://www.press.sk:80/index.php?option=com_events&task=view_day&year=2008&month=07&day=07&Itemid=1,https://web.archive.org/web/20080712104813/http://www.press.sk:80/index.php?option=com_events&task=view_day&year=2008&month=07&day=07&Itemid=1,20080712104813,skip
http://www.press.sk:80/index.php?option=com_events&task=view_day&year=2008&month=07&day=07&Itemid=1,https://web.archive.org/web/20080723183035/http://www.press.sk:80/index.php?option=com_events&task=view_day&year=2008&month=07&day=07&Itemid=1,20080723183035,skip
http://www.press.sk:80/index.php?option=com_events&task=view_day&year=2008&month=07&day=07&Itemid=1,https://web.archive.org/web/20080731190145/http://www.press.sk:80/index.php?option=com_events&task=view_day&year=2008&month=07&day=07&Itemid=1,20080731190145,skip
http://www.press.sk:80/index.php?option=com_events&task=view_day&year=2008&month=08&day=07&Itemid=1,https://web.archive.org/web/20080813144120/http://www.press.sk:80/index.php?option=com_events&task=view_day&year=2008&month=08&day=07&Itemid=1,20080813144120,skip
http://www.press.sk:80/index.php?option=com_events&task=view_day&year=2008&month=08&day=07&Itemid=1,https://web.archive.org/web/20080815160331/http://www.press.sk:80/index.php?option=com_events&task=view_day&year=2008&month=08&day=07&Itemid=1,20080815160331,skip
http://www.press.sk:80/index.php?option=com_events&task=view_day&year=2008&month=08&day=07&Itemid=1,https://web.archive.org/web/20080817011610/http://www.press.sk:80/index.php?option=com_events&task=view_day&year=2008&month=08&day=07&Itemid=1,20080817011610,skip
http://www.press.sk:80/index.php?option=com_events&task=view_day&year=2008&month=08&day=07&Itemid=1,https://web.archive.org/web/20080818124252/http://www.press.sk:80/index.php?option=com_events&task=view_day&year=2008&month=08&day=07&Itemid=1,20080818124252,skip
http://www.press.sk:80/index.php?option=com_events&task=view_day&year=2008&month=08&day=07&Itemid=1,https://web.archive.org/web/20080819214023/http://www.press.sk:80/index.php?option=com_events&task=view_day&year=2008&month=08&day=07&Itemid=1,20080819214023,skip
http://www.press.sk:80/index.php?option=com_events&task=view_day&year=2008&month=08&day=07&Itemid=1,https://web.archive.org/web/20080822052527/http://www.press.sk:80/index.php?option=com_events&task=view_day&year=2008&month=08&day=07&Itemid=1,20080822052527,skip
http://www.press.sk:80/index.php?option=com_events&task=view_day&year=2008&month=08&day=07&Itemid=1,https://web.archive.org/web/20080823123354/http://www.press.sk:80/index.php?option=com_events&task=view_day&year=2008&month=08&day=07&Itemid=1,20080823123354,skip
http://www.press.sk:80/index.php?option=com_events&task=view_day&year=2008&month=08&day=07&Itemid=1,https://web.archive.org/web/20080824211905/http://www.press.sk:80/index.php?option=com_events&task=view_day&year=2008&month=08&day=07&Itemid=1,20080824211905,skip
http://www.press.sk:80/index.php?option=com_events&task=view_day&year=2008&month=08&day=07&Itemid=1,https://web.archive.org/web/20080826052319/http://www.press.sk:80/index.php?option=com_events&task=view_day&year=2008&month=08&day=07&Itemid=1,20080826052319,skip
http://www.press.sk:80/index.php?option=com_events&task=view_day&year=2008&month=09&day=07&Itemid=1,https://web.archive.org/web/20080905205809/http://www.press.sk:80/index.php?option=com_events&task=view_day&year=2008&month=09&day=07&Itemid=1,20080905205809,skip
http://www.press.sk:80/index.php?option=com_events&task=view_day&year=2008&month=09&day=07&Itemid=1,https://web.archive.org/web/20080908055954/http://www.press.sk:80/index.php?option=com_events&task=view_day&year=2008&month=09&day=07&Itemid=1,20080908055954,skip
http://www.press.sk:80/index.php?option=com_events&task=view_day&year=2008&month=09&day=07&Itemid=1,https://web.archive.org/web/20080910071635/http://www.press.sk:80/index.php?option=com_events&task=view_day&year=2008&month=09&day=07&Itemid=1,20080910071635,skip
http://www.press.sk:80/index.php?option=com_events&task=view_day&year=2008&month=09&day=07&Itemid=1,https://web.archive.org/web/20080911233958/http://www.press.sk:80/index.php?option=com_events&task=view_day&year=2008&month=09&day=07&Itemid=1,20080911233958,skip
http://www.press.sk:80/index.php?option=com_events&task=view_day&year=2008&month=06&day=08&Itemid=1,https://web.archive.org/web/20080701203602/http://www.press.sk:80/index.php?option=com_events&task=view_day&year=2008&month=06&day=08&Itemid=1,20080701203602,skip
http://www.press.sk:80/index.php?option=com_events&task=view_day&year=2008&month=07&day=08&Itemid=1,https://web.archive.org/web/20080703205554/http://www.press.sk:80/index.php?option=com_events&task=view_day&year=2008&month=07&day=08&Itemid=1,20080703205554,skip
http://www.press.sk:80/index.php?option=com_events&task=view_day&year=2008&month=07&day=08&Itemid=1,https://web.archive.org/web/20080704214351/http://www.press.sk:80/index.php?option=com_events&task=view_day&year=2008&month=07&day=08&Itemid=1,20080704214351,skip
http://www.press.sk:80/index.php?option=com_events&task=view_day&year=2008&month=07&day=08&Itemid=1,https://web.archive.org/web/20080712104818/http://www.press.sk:80/index.php?option=com_events&task=view_day&year=2008&month=07&day=08&Itemid=1,20080712104818,skip
http://www.press.sk:80/index.php?option=com_events&task=view_day&year=2008&month=07&day=08&Itemid=1,https://web.archive.org/web/20080723183444/http://www.press.sk:80/index.php?option=com_events&task=view_day&year=2008&month=07&day=08&Itemid=1,20080723183444,skip
http://www.press.sk:80/index.php?option=com_events&task=view_day&year=2008&month=07&day=08&Itemid=1,https://web.archive.org/web/20080731190148/http://www.press.sk:80/index.php?option=com_events&task=view_day&year=2008&month=07&day=08&Itemid=1,20080731190148,skip
http://www.press.sk:80/index.php?option=com_events&task=view_day&year=2008&month=08&day=08&Itemid=1,https://web.archive.org/web/20080813144122/http://www.press.sk:80/index.php?option=com_events&task=view_day&year=2008&month=08&day=08&Itemid=1,20080813144122,skip
http://www.press.sk:80/index.php?option=com_events&task=view_day&year=2008&month=08&day=08&Itemid=1,https://web.archive.org/web/20080815160336/http://www.press.sk:80/index.php?option=com_events&task=view_day&year=2008&month=08&day=08&Itemid=1,20080815160336,skip
http://www.press.sk:80/index.php?option=com_events&task=view_day&year=2008&month=08&day=08&Itemid=1,https://web.archive.org/web/20080817011616/http://www.press.sk:80/index.php?option=com_events&task=view_day&year=2008&month=08&day=08&Itemid=1,20080817011616,skip
http://www.press.sk:80/index.php?option=com_events&task=view_day&year=2008&month=08&day=08&Itemid=1,https://web.archive.org/web/20080818124300/http://www.press.sk:80/index.php?option=com_events&task=view_day&year=2008&month=08&day=08&Itemid=1,20080818124300,skip
http://www.press.sk:80/index.php?option=com_events&task=view_day&year=2008&month=08&day=08&Itemid=1,https://web.archive.org/web/20080819214028/http://www.press.sk:80/index.php?option=com_events&task=view_day&year=2008&month=08&day=08&Itemid=1,20080819214028,skip
http://www.press.sk:80/index.php?option=com_events&task=view_day&year=2008&month=08&day=08&Itemid=1,https://web.archive.org/web/20080822052532/http://www.press.sk:80/index.php?option=com_events&task=view_day&year=2008&month=08&day=08&Itemid=1,20080822052532,skip
http://www.press.sk:80/index.php?option=com_events&task=view_day&year=2008&month=08&day=08&Itemid=1,https://web.archive.org/web/20080823123358/http://www.press.sk:80/index.php?option=com_events&task=view_day&year=2008&month=08&day=08&Itemid=1,20080823123358,skip
http://www.press.sk:80/index.php?option=com_events&task=view_day&year=2008&month=08&day=08&Itemid=1,https://web.archive.org/web/20080824211911/http://www.press.sk:80/index.php?option=com_events&task=view_day&year=2008&month=08&day=08&Itemid=1,20080824211911,skip
http://www.press.sk:80/index.php?option=com_events&task=view_day&year=2008&month=08&day=08&Itemid=1,https://web.archive.org/web/20080826052324/http://www.press.sk:80/index.php?option=com_events&task=view_day&year=2008&month=08&day=08&Itemid=1,20080826052324,skip
http://www.press.sk:80/index.php?option=com_events&task=view_day&year=2008&month=09&day=08&Itemid=1,https://web.archive.org/web/20080905205814/http://www.press.sk:80/index.php?option=com_events&task=view_day&year=2008&month=09&day=08&Itemid=1,20080905205814,skip
http://www.press.sk:80/index.php?option=com_events&task=view_day&year=2008&month=09&day=08&Itemid=1,https://web.archive.org/web/20080908055959/http://www.press.sk:80/index.php?option=com_events&task=view_day&year=2008&month=09&day=08&Itemid=1,20080908055959,skip
http://www.press.sk:80/index.php?option=com_events&task=view_day&year=2008&month=09&day=08&Itemid=1,https://web.archive.org/web/20080910071640/http://www.press.sk:80/index.php?option=com_events&task=view_day&year=2008&month=09&day=08&Itemid=1,20080910071640,skip
http://www.press.sk:80/index.php?option=com_events&task=view_day&year=2008&month=09&day=08&Itemid=1,https://web.archive.org/web/20080911234005/http://www.press.sk:80/index.php?option=com_events&task=view_day&year=2008&month=09&day=08&Itemid=1,20080911234005,skip
http://www.press.sk:80/index.php?option=com_events&task=view_day&year=2008&month=06&day=09&Itemid=1,https://web.archive.org/web/20080701203607/http://www.press.sk:80/index.php?option=com_events&task=view_day&year=2008&month=06&day=09&Itemid=1,20080701203607,skip
http://www.press.sk:80/index.php?option=com_events&task=view_day&year=2008&month=07&day=09&Itemid=1,https://web.archive.org/web/20080703205559/http://www.press.sk:80/index.php?option=com_events&task=view_day&year=2008&month=07&day=09&Itemid=1,20080703205559,skip
http://www.press.sk:80/index.php?option=com_events&task=view_day&year=2008&month=07&day=09&Itemid=1,https://web.archive.org/web/20080704214354/http://www.press.sk:80/index.php?option=com_events&task=view_day&year=2008&month=07&day=09&Itemid=1,20080704214354,skip
http://www.press.sk:80/index.php?option=com_events&task=view_day&year=2008&month=07&day=09&Itemid=1,https://web.archive.org/web/20080712104823/http://www.press.sk:80/index.php?option=com_events&task=view_day&year=2008&month=07&day=09&Itemid=1,20080712104823,skip
http://www.press.sk:80/index.php?option=com_events&task=view_day&year=2008&month=07&day=09&Itemid=1,https://web.archive.org/web/20080723183449/http://www.press.sk:80/index.php?option=com_events&task=view_day&year=2008&month=07&day=09&Itemid=1,20080723183449,skip
http://www.press.sk:80/index.php?option=com_events&task=view_day&year=2008&month=07&day=09&Itemid=1,https://web.archive.org/web/20080731184514/http://www.press.sk:80/index.php?option=com_events&task=view_day&year=2008&month=07&day=09&Itemid=1,20080731184514,skip
http://www.press.sk:80/index.php?option=com_events&task=view_day&year=2008&month=08&day=09&Itemid=1,https://web.archive.org/web/20080813144127/http://www.press.sk:80/index.php?option=com_events&task=view_day&year=2008&month=08&day=09&Itemid=1,20080813144127,skip
http://www.press.sk:80/index.php?option=com_events&task=view_day&year=2008&month=08&day=09&Itemid=1,https://web.archive.org/web/20080815160342/http://www.press.sk:80/index.php?option=com_events&task=view_day&year=2008&month=08&day=09&Itemid=1,20080815160342,skip
http://www.press.sk:80/index.php?option=com_events&task=view_day&year=2008&month=08&day=09&Itemid=1,https://web.archive.org/web/20080817011620/http://www.press.sk:80/index.php?option=com_events&task=view_day&year=2008&month=08&day=09&Itemid=1,20080817011620,skip
http://www.press.sk:80/index.php?option=com_events&task=view_day&year=2008&month=08&day=09&Itemid=1,https://web.archive.org/web/20080818124307/http://www.press.sk:80/index.php?option=com_events&task=view_day&year=2008&month=08&day=09&Itemid=1,20080818124307,skip
http://www.press.sk:80/index.php?option=com_events&task=view_day&year=2008&month=08&day=09&Itemid=1,https://web.archive.org/web/20080819214034/http://www.press.sk:80/index.php?option=com_events&task=view_day&year=2008&month=08&day=09&Itemid=1,20080819214034,skip
http://www.press.sk:80/index.php?option=com_events&task=view_day&year=2008&month=08&day=09&Itemid=1,https://web.archive.org/web/20080822052538/http://www.press.sk:80/index.php?option=com_events&task=view_day&year=2008&month=08&day=09&Itemid=1,20080822052538,skip
http://www.press.sk:80/index.php?option=com_events&task=view_day&year=2008&month=08&day=09&Itemid=1,https://web.archive.org/web/20080823123403/http://www.press.sk:80/index.php?option=com_events&task=view_day&year=2008&month=08&day=09&Itemid=1,20080823123403,skip
http://www.press.sk:80/index.php?option=com_events&task=view_day&year=2008&month=08&day=09&Itemid=1,https://web.archive.org/web/20080824211914/http://www.press.sk:80/index.php?option=com_events&task=view_day&year=2008&month=08&day=09&Itemid=1,20080824211914,skip
http://www.press.sk:80/index.php?option=com_events&task=view_day&year=2008&month=08&day=09&Itemid=1,https://web.archive.org/web/20080826052330/http://www.press.sk:80/index.php?option=com_events&task=view_day&year=2008&month=08&day=09&Itemid=1,20080826052330,skip
http://www.press.sk:80/index.php?option=com_events&task=view_day&year=2008&month=09&day=09&Itemid=1,https://web.archive.org/web/20080905205819/http://www.press.sk:80/index.php?option=com_events&task=view_day&year=2008&month=09&day=09&Itemid=1,20080905205819,skip
http://www.press.sk:80/index.php?option=com_events&task=view_day&year=2008&month=09&day=09&Itemid=1,https://web.archive.org/web/20080908060004/http://www.press.sk:80/index.php?option=com_events&task=view_day&year=2008&month=09&day=09&Itemid=1,20080908060004,skip
http://www.press.sk:80/index.php?option=com_events&task=view_day&year=2008&month=09&day=09&Itemid=1,https://web.archive.org/web/20080910071645/http://www.press.sk:80/index.php?option=com_events&task=view_day&year=2008&month=09&day=09&Itemid=1,20080910071645,skip
http://www.press.sk:80/index.php?option=com_events&task=view_day&year=2008&month=09&day=09&Itemid=1,https://web.archive.org/web/20080911234009/http://www.press.sk:80/index.php?option=com_events&task=view_day&year=2008&month=09&day=09&Itemid=1,20080911234009,skip
http://www.press.sk:80/index.php?option=com_events&task=view_day&year=2008&month=06&day=10&Itemid=1,https://web.archive.org/web/20080701203610/http://www.press.sk:80/index.php?option=com_events&task=view_day&year=2008&month=06&day=10&Itemid=1,20080701203610,skip
http://www.press.sk:80/index.php?option=com_events&task=view_day&year=2008&month=07&day=10&Itemid=1,https://web.archive.org/web/20080703205604/http://www.press.sk:80/index.php?option=com_events&task=view_day&year=2008&month=07&day=10&Itemid=1,20080703205604,skip
http://www.press.sk:80/index.php?option=com_events&task=view_day&year=2008&month=07&day=10&Itemid=1,https://web.archive.org/web/20080704214400/http://www.press.sk:80/index.php?option=com_events&task=view_day&year=2008&month=07&day=10&Itemid=1,20080704214400,skip
http://www.press.sk:80/index.php?option=com_events&task=view_day&year=2008&month=07&day=10&Itemid=1,https://web.archive.org/web/20080712105035/http://www.press.sk:80/index.php?option=com_events&task=view_day&year=2008&month=07&day=10&Itemid=1,20080712105035,skip
http://www.press.sk:80/index.php?option=com_events&task=view_day&year=2008&month=07&day=10&Itemid=1,https://web.archive.org/web/20080723183456/http://www.press.sk:80/index.php?option=com_events&task=view_day&year=2008&month=07&day=10&Itemid=1,20080723183456,skip
http://www.press.sk:80/index.php?option=com_events&task=view_day&year=2008&month=07&day=10&Itemid=1,https://web.archive.org/web/20080731184520/http://www.press.sk:80/index.php?option=com_events&task=view_day&year=2008&month=07&day=10&Itemid=1,20080731184520,skip
http://www.press.sk:80/index.php?option=com_events&task=view_day&year=2008&month=08&day=10&Itemid=1,https://web.archive.org/web/20080813144132/http://www.press.sk:80/index.php?option=com_events&task=view_day&year=2008&month=08&day=10&Itemid=1,20080813144132,skip
http://www.press.sk:80/index.php?option=com_events&task=view_day&year=2008&month=08&day=10&Itemid=1,https://web.archive.org/web/20080815160348/http://www.press.sk:80/index.php?option=com_events&task=view_day&year=2008&month=08&day=10&Itemid=1,20080815160348,skip
http://www.press.sk:80/index.php?option=com_events&task=view_day&year=2008&month=08&day=10&Itemid=1,https://web.archive.org/web/20080817011626/http://www.press.sk:80/index.php?option=com_events&task=view_day&year=2008&month=08&day=10&Itemid=1,20080817011626,skip
http://www.press.sk:80/index.php?option=com_events&task=view_day&year=2008&month=08&day=10&Itemid=1,https://web.archive.org/web/20080818124310/http://www.press.sk:80/index.php?option=com_events&task=view_day&year=2008&month=08&day=10&Itemid=1,20080818124310,skip
http://www.press.sk:80/index.php?option=com_events&task=view_day&year=2008&month=08&day=10&Itemid=1,https://web.archive.org/web/20080819214039/http://www.press.sk:80/index.php?option=com_events&task=view_day&year=2008&month=08&day=10&Itemid=1,20080819214039,skip
http://www.press.sk:80/index.php?option=com_events&task=view_day&year=2008&month=08&day=10&Itemid=1,https://web.archive.org/web/20080822052542/http://www.press.sk:80/index.php?option=com_events&task=view_day&year=2008&month=08&day=10&Itemid=1,20080822052542,skip
http://www.press.sk:80/index.php?option=com_events&task=view_day&year=2008&month=08&day=10&Itemid=1,https://web.archive.org/web/20080823123408/http://www.press.sk:80/index.php?option=com_events&task=view_day&year=2008&month=08&day=10&Itemid=1,20080823123408,skip
http://www.press.sk:80/index.php?option=com_events&task=view_day&year=2008&month=08&day=10&Itemid=1,https://web.archive.org/web/20080824211919/http://www.press.sk:80/index.php?option=com_events&task=view_day&year=2008&month=08&day=10&Itemid=1,20080824211919,skip
http://www.press.sk:80/index.php?option=com_events&task=view_day&year=2008&month=08&day=10&Itemid=1,https://web.archive.org/web/20080826052335/http://www.press.sk:80/index.php?option=com_events&task=view_day&year=2008&month=08&day=10&Itemid=1,20080826052335,skip
http://www.press.sk:80/index.php?option=com_events&task=view_day&year=2008&month=09&day=10&Itemid=1,https://web.archive.org/web/20080905205824/http://www.press.sk:80/index.php?option=com_events&task=view_day&year=2008&month=09&day=10&Itemid=1,20080905205824,skip
http://www.press.sk:80/index.php?option=com_events&task=view_day&year=2008&month=09&day=10&Itemid=1,https://web.archive.org/web/20080908060009/http://www.press.sk:80/index.php?option=com_events&task=view_day&year=2008&month=09&day=10&Itemid=1,20080908060009,skip
http://www.press.sk:80/index.php?option=com_events&task=view_day&year=2008&month=09&day=10&Itemid=1,https://web.archive.org/web/20080910071650/http://www.press.sk:80/index.php?option=com_events&task=view_day&year=2008&month=09&day=10&Itemid=1,20080910071650,skip
http://www.press.sk:80/index.php?option=com_events&task=view_day&year=2008&month=09&day=10&Itemid=1,https://web.archive.org/web/20080911234014/http://www.press.sk:80/index.php?option=com_events&task=view_day&year=2008&month=09&day=10&Itemid=1,20080911234014,skip
http://www.press.sk:80/index.php?option=com_events&task=view_day&year=2008&month=06&day=11&Itemid=1,https://web.archive.org/web/20080701203617/http://www.press.sk:80/index.php?option=com_events&task=view_day&year=2008&month=06&day=11&Itemid=1,20080701203617,skip
http://www.press.sk:80/index.php?option=com_events&task=view_day&year=2008&month=07&day=11&Itemid=1,https://web.archive.org/web/20080703205609/http://www.press.sk:80/index.php?option=com_events&task=view_day&year=2008&month=07&day=11&Itemid=1,20080703205609,skip
http://www.press.sk:80/index.php?option=com_events&task=view_day&year=2008&month=07&day=11&Itemid=1,https://web.archive.org/web/20080704214407/http://www.press.sk:80/index.php?option=com_events&task=view_day&year=2008&month=07&day=11&Itemid=1,20080704214407,skip
http://www.press.sk:80/index.php?option=com_events&task=view_day&year=2008&month=07&day=11&Itemid=1,https://web.archive.org/web/20080712104828/http://www.press.sk:80/index.php?option=com_events&task=view_day&year=2008&month=07&day=11&Itemid=1,20080712104828,skip
http://www.press.sk:80/index.php?option=com_events&task=view_day&year=2008&month=07&day=11&Itemid=1,https://web.archive.org/web/20080723183500/http://www.press.sk:80/index.php?option=com_events&task=view_day&year=2008&month=07&day=11&Itemid=1,20080723183500,skip
http://www.press.sk:80/index.php?option=com_events&task=view_day&year=2008&month=07&day=11&Itemid=1,https://web.archive.org/web/20080731190155/http://www.press.sk:80/index.php?option=com_events&task=view_day&year=2008&month=07&day=11&Itemid=1,20080731190155,skip
http://www.press.sk:80/index.php?option=com_events&task=view_day&year=2008&month=08&day=11&Itemid=1,https://web.archive.org/web/20080813144139/http://www.press.sk:80/index.php?option=com_events&task=view_day&year=2008&month=08&day=11&Itemid=1,20080813144139,skip
http://www.press.sk:80/index.php?option=com_events&task=view_day&year=2008&month=08&day=11&Itemid=1,https://web.archive.org/web/20080815160353/http://www.press.sk:80/index.php?option=com_events&task=view_day&year=2008&month=08&day=11&Itemid=1,20080815160353,skip
http://www.press.sk:80/index.php?option=com_events&task=view_day&year=2008&month=08&day=11&Itemid=1,https://web.archive.org/web/20080817011632/http://www.press.sk:80/index.php?option=com_events&task=view_day&year=2008&month=08&day=11&Itemid=1,20080817011632,skip
http://www.press.sk:80/index.php?option=com_events&task=view_day&year=2008&month=08&day=11&Itemid=1,https://web.archive.org/web/20080818124312/http://www.press.sk:80/index.php?option=com_events&task=view_day&year=2008&month=08&day=11&Itemid=1,20080818124312,skip
http://www.press.sk:80/index.php?option=com_events&task=view_day&year=2008&month=08&day=11&Itemid=1,https://web.archive.org/web/20080819214044/http://www.press.sk:80/index.php?option=com_events&task=view_day&year=2008&month=08&day=11&Itemid=1,20080819214044,skip
http://www.press.sk:80/index.php?option=com_events&task=view_day&year=2008&month=08&day=11&Itemid=1,https://web.archive.org/web/20080822052547/http://www.press.sk:80/index.php?option=com_events&task=view_day&year=2008&month=08&day=11&Itemid=1,20080822052547,skip
http://www.press.sk:80/index.php?option=com_events&task=view_day&year=2008&month=08&day=11&Itemid=1,https://web.archive.org/web/20080823123413/http://www.press.sk:80/index.php?option=com_events&task=view_day&year=2008&month=08&day=11&Itemid=1,20080823123413,skip
http://www.press.sk:80/index.php?option=com_events&task=view_day&year=2008&month=08&day=11&Itemid=1,https://web.archive.org/web/20080824211924/http://www.press.sk:80/index.php?option=com_events&task=view_day&year=2008&month=08&day=11&Itemid=1,20080824211924,skip
http://www.press.sk:80/index.php?option=com_events&task=view_day&year=2008&month=08&day=11&Itemid=1,https://web.archive.org/web/20080826052340/http://www.press.sk:80/index.php?option=com_events&task=view_day&year=2008&month=08&day=11&Itemid=1,20080826052340,skip
http://www.press.sk:80/index.php?option=com_events&task=view_day&year=2008&month=09&day=11&Itemid=1,https://web.archive.org/web/20080905205829/http://www.press.sk:80/index.php?option=com_events&task=view_day&year=2008&month=09&day=11&Itemid=1,20080905205829,skip
http://www.press.sk:80/index.php?option=com_events&task=view_day&year=2008&month=09&day=11&Itemid=1,https://web.archive.org/web/20080908060014/http://www.press.sk:80/index.php?option=com_events&task=view_day&year=2008&month=09&day=11&Itemid=1,20080908060014,skip
http://www.press.sk:80/index.php?option=com_events&task=view_day&year=2008&month=09&day=11&Itemid=1,https://web.archive.org/web/20080910071656/http://www.press.sk:80/index.php?option=com_events&task=view_day&year=2008&month=09&day=11&Itemid=1,20080910071656,skip
http://www.press.sk:80/index.php?option=com_events&task=view_day&year=2008&month=09&day=11&Itemid=1,https://web.archive.org/web/20080911234019/http://www.press.sk:80/index.php?option=com_events&task=view_day&year=2008&month=09&day=11&Itemid=1,20080911234019,skip
http://www.press.sk:80/index.php?option=com_events&task=view_day&year=2008&month=06&day=12&Itemid=1,https://web.archive.org/web/20080701203825/http://www.press.sk:80/index.php?option=com_events&task=view_day&year=2008&month=06&day=12&Itemid=1,20080701203825,skip
http://www.press.sk:80/index.php?option=com_events&task=view_day&year=2008&month=07&day=12&Itemid=1,https://web.archive.org/web/20080703205614/http://www.press.sk:80/index.php?option=com_events&task=view_day&year=2008&month=07&day=12&Itemid=1,20080703205614,skip
http://www.press.sk:80/index.php?option=com_events&task=view_day&year=2008&month=07&day=12&Itemid=1,https://web.archive.org/web/20080704214150/http://www.press.sk:80/index.php?option=com_events&task=view_day&year=2008&month=07&day=12&Itemid=1,20080704214150,skip
http://www.press.sk:80/index.php?option=com_events&task=view_day&year=2008&month=07&day=12&Itemid=1,https://web.archive.org/web/20080712104833/http://www.press.sk:80/index.php?option=com_events&task=view_day&year=2008&month=07&day=12&Itemid=1,20080712104833,skip
http://www.press.sk:80/index.php?option=com_events&task=view_day&year=2008&month=07&day=12&Itemid=1,https://web.archive.org/web/20080723183041/http://www.press.sk:80/index.php?option=com_events&task=view_day&year=2008&month=07&day=12&Itemid=1,20080723183041,skip
http://www.press.sk:80/index.php?option=com_events&task=view_day&year=2008&month=07&day=12&Itemid=1,https://web.archive.org/web/20080731184525/http://www.press.sk:80/index.php?option=com_events&task=view_day&year=2008&month=07&day=12&Itemid=1,20080731184525,skip
http://www.press.sk:80/index.php?option=com_events&task=view_day&year=2008&month=08&day=12&Itemid=1,https://web.archive.org/web/20080813144145/http://www.press.sk:80/index.php?option=com_events&task=view_day&year=2008&month=08&day=12&Itemid=1,20080813144145,skip
http://www.press.sk:80/index.php?option=com_events&task=view_day&year=2008&month=08&day=12&Itemid=1,https://web.archive.org/web/20080815160358/http://www.press.sk:80/index.php?option=com_events&task=view_day&year=2008&month=08&day=12&Itemid=1,20080815160358,skip
http://www.press.sk:80/index.php?option=com_events&task=view_day&year=2008&month=08&day=12&Itemid=1,https://web.archive.org/web/20080817011637/http://www.press.sk:80/index.php?option=com_events&task=view_day&year=2008&month=08&day=12&Itemid=1,20080817011637,skip
http://www.press.sk:80/index.php?option=com_events&task=view_day&year=2008&month=08&day=12&Itemid=1,https://web.archive.org/web/20080818124329/http://www.press.sk:80/index.php?option=com_events&task=view_day&year=2008&month=08&day=12&Itemid=1,20080818124329,skip
http://www.press.sk:80/index.php?option=com_events&task=view_day&year=2008&month=08&day=12&Itemid=1,https://web.archive.org/web/20080819214049/http://www.press.sk:80/index.php?option=com_events&task=view_day&year=2008&month=08&day=12&Itemid=1,20080819214049,skip
http://www.press.sk:80/index.php?option=com_events&task=view_day&year=2008&month=08&day=12&Itemid=1,https://web.archive.org/web/20080822052553/http://www.press.sk:80/index.php?option=com_events&task=view_day&year=2008&month=08&day=12&Itemid=1,20080822052553,skip
http://www.press.sk:80/index.php?option=com_events&task=view_day&year=2008&month=08&day=12&Itemid=1,https://web.archive.org/web/20080823123418/http://www.press.sk:80/index.php?option=com_events&task=view_day&year=2008&month=08&day=12&Itemid=1,20080823123418,skip
http://www.press.sk:80/index.php?option=com_events&task=view_day&year=2008&month=08&day=12&Itemid=1,https://web.archive.org/web/20080824211930/http://www.press.sk:80/index.php?option=com_events&task=view_day&year=2008&month=08&day=12&Itemid=1,20080824211930,skip
http://www.press.sk:80/index.php?option=com_events&task=view_day&year=2008&month=08&day=12&Itemid=1,https://web.archive.org/web/20080826052345/http://www.press.sk:80/index.php?option=com_events&task=view_day&year=2008&month=08&day=12&Itemid=1,20080826052345,skip
http://www.press.sk:80/index.php?option=com_events&task=view_day&year=2008&month=09&day=12&Itemid=1,https://web.archive.org/web/20080905205834/http://www.press.sk:80/index.php?option=com_events&task=view_day&year=2008&month=09&day=12&Itemid=1,20080905205834,skip
http://www.press.sk:80/index.php?option=com_events&task=view_day&year=2008&month=09&day=12&Itemid=1,https://web.archive.org/web/20080908060019/http://www.press.sk:80/index.php?option=com_events&task=view_day&year=2008&month=09&day=12&Itemid=1,20080908060019,skip
http://www.press.sk:80/index.php?option=com_events&task=view_day&year=2008&month=09&day=12&Itemid=1,https://web.archive.org/web/20080910071701/http://www.press.sk:80/index.php?option=com_events&task=view_day&year=2008&month=09&day=12&Itemid=1,20080910071701,skip
http://www.press.sk:80/index.php?option=com_events&task=view_day&year=2008&month=09&day=12&Itemid=1,https://web.archive.org/web/20080911234025/http://www.press.sk:80/index.php?option=com_events&task=view_day&year=2008&month=09&day=12&Itemid=1,20080911234025,skip
http://www.press.sk:80/index.php?option=com_events&task=view_day&year=2008&month=06&day=13&Itemid=1,https://web.archive.org/web/20080701203621/http://www.press.sk:80/index.php?option=com_events&task=view_day&year=2008&month=06&day=13&Itemid=1,20080701203621,skip
http://www.press.sk:80/index.php?option=com_events&task=view_day&year=2008&month=07&day=13&Itemid=1,https://web.archive.org/web/20080703205619/http://www.press.sk:80/index.php?option=com_events&task=view_day&year=2008&month=07&day=13&Itemid=1,20080703205619,skip
http://www.press.sk:80/index.php?option=com_events&task=view_day&year=2008&month=07&day=13&Itemid=1,https://web.archive.org/web/20080704214158/http://www.press.sk:80/index.php?option=com_events&task=view_day&year=2008&month=07&day=13&Itemid=1,20080704214158,skip
http://www.press.sk:80/index.php?option=com_events&task=view_day&year=2008&month=07&day=13&Itemid=1,https://web.archive.org/web/20080712105040/http://www.press.sk:80/index.php?option=com_events&task=view_day&year=2008&month=07&day=13&Itemid=1,20080712105040,skip
http://www.press.sk:80/index.php?option=com_events&task=view_day&year=2008&month=07&day=13&Itemid=1,https://web.archive.org/web/20080723183045/http://www.press.sk:80/index.php?option=com_events&task=view_day&year=2008&month=07&day=13&Itemid=1,20080723183045,skip
http://www.press.sk:80/index.php?option=com_events&task=view_day&year=2008&month=07&day=13&Itemid=1,https://web.archive.org/web/20080731190159/http://www.press.sk:80/index.php?option=com_events&task=view_day&year=2008&month=07&day=13&Itemid=1,20080731190159,skip
http://www.press.sk:80/index.php?option=com_events&task=view_day&year=2008&month=08&day=13&Itemid=1,https://web.archive.org/web/20080813144151/http://www.press.sk:80/index.php?option=com_events&task=view_day&year=2008&month=08&day=13&Itemid=1,20080813144151,skip
http://www.press.sk:80/index.php?option=com_events&task=view_day&year=2008&month=08&day=13&Itemid=1,https://web.archive.org/web/20080815160403/http://www.press.sk:80/index.php?option=com_events&task=view_day&year=2008&month=08&day=13&Itemid=1,20080815160403,skip
http://www.press.sk:80/index.php?option=com_events&task=view_day&year=2008&month=08&day=13&Itemid=1,https://web.archive.org/web/20080817011641/http://www.press.sk:80/index.php?option=com_events&task=view_day&year=2008&month=08&day=13&Itemid=1,20080817011641,skip
http://www.press.sk:80/index.php?option=com_events&task=view_day&year=2008&month=08&day=13&Itemid=1,https://web.archive.org/web/20080818124332/http://www.press.sk:80/index.php?option=com_events&task=view_day&year=2008&month=08&day=13&Itemid=1,20080818124332,skip
http://www.press.sk:80/index.php?option=com_events&task=view_day&year=2008&month=08&day=13&Itemid=1,https://web.archive.org/web/20080819214054/http://www.press.sk:80/index.php?option=com_events&task=view_day&year=2008&month=08&day=13&Itemid=1,20080819214054,skip
http://www.press.sk:80/index.php?option=com_events&task=view_day&year=2008&month=08&day=13&Itemid=1,https://web.archive.org/web/20080822052558/http://www.press.sk:80/index.php?option=com_events&task=view_day&year=2008&month=08&day=13&Itemid=1,20080822052558,skip
http://www.press.sk:80/index.php?option=com_events&task=view_day&year=2008&month=08&day=13&Itemid=1,https://web.archive.org/web/20080823123423/http://www.press.sk:80/index.php?option=com_events&task=view_day&year=2008&month=08&day=13&Itemid=1,20080823123423,skip
http://www.press.sk:80/index.php?option=com_events&task=view_day&year=2008&month=08&day=13&Itemid=1,https://web.archive.org/web/20080824211936/http://www.press.sk:80/index.php?option=com_events&task=view_day&year=2008&month=08&day=13&Itemid=1,20080824211936,skip
http://www.press.sk:80/index.php?option=com_events&task=view_day&year=2008&month=08&day=13&Itemid=1,https://web.archive.org/web/20080826052350/http://www.press.sk:80/index.php?option=com_events&task=view_day&year=2008&month=08&day=13&Itemid=1,20080826052350,skip
http://www.press.sk:80/index.php?option=com_events&task=view_day&year=2008&month=09&day=13&Itemid=1,https://web.archive.org/web/20080905205839/http://www.press.sk:80/index.php?option=com_events&task=view_day&year=2008&month=09&day=13&Itemid=1,20080905205839,skip
http://www.press.sk:80/index.php?option=com_events&task=view_day&year=2008&month=09&day=13&Itemid=1,https://web.archive.org/web/20080908060024/http://www.press.sk:80/index.php?option=com_events&task=view_day&year=2008&month=09&day=13&Itemid=1,20080908060024,skip
http://www.press.sk:80/index.php?option=com_events&task=view_day&year=2008&month=09&day=13&Itemid=1,https://web.archive.org/web/20080910071706/http://www.press.sk:80/index.php?option=com_events&task=view_day&year=2008&month=09&day=13&Itemid=1,20080910071706,skip
http://www.press.sk:80/index.php?option=com_events&task=view_day&year=2008&month=09&day=13&Itemid=1,https://web.archive.org/web/20080911234030/http://www.press.sk:80/index.php?option=com_events&task=view_day&year=2008&month=09&day=13&Itemid=1,20080911234030,skip
http://www.press.sk:80/index.php?option=com_events&task=view_day&year=2008&month=06&day=14&Itemid=1,https://web.archive.org/web/20080701203626/http://www.press.sk:80/index.php?option=com_events&task=view_day&year=2008&month=06&day=14&Itemid=1,20080701203626,skip
http://www.press.sk:80/index.php?option=com_events&task=view_day&year=2008&month=07&day=14&Itemid=1,https://web.archive.org/web/20080703205624/http://www.press.sk:80/index.php?option=com_events&task=view_day&year=2008&month=07&day=14&Itemid=1,20080703205624,skip
http://www.press.sk:80/index.php?option=com_events&task=view_day&year=2008&month=07&day=14&Itemid=1,https://web.archive.org/web/20080704214411/http://www.press.sk:80/index.php?option=com_events&task=view_day&year=2008&month=07&day=14&Itemid=1,20080704214411,skip
http://www.press.sk:80/index.php?option=com_events&task=view_day&year=2008&month=07&day=14&Itemid=1,https://web.archive.org/web/20080712104838/http://www.press.sk:80/index.php?option=com_events&task=view_day&year=2008&month=07&day=14&Itemid=1,20080712104838,skip
http://www.press.sk:80/index.php?option=com_events&task=view_day&year=2008&month=07&day=14&Itemid=1,https://web.archive.org/web/20080723183050/http://www.press.sk:80/index.php?option=com_events&task=view_day&year=2008&month=07&day=14&Itemid=1,20080723183050,skip
http://www.press.sk:80/index.php?option=com_events&task=view_day&year=2008&month=07&day=14&Itemid=1,https://web.archive.org/web/20080731190204/http://www.press.sk:80/index.php?option=com_events&task=view_day&year=2008&month=07&day=14&Itemid=1,20080731190204,skip
http://www.press.sk:80/index.php?option=com_events&task=view_day&year=2008&month=08&day=14&Itemid=1,https://web.archive.org/web/20080813144155/http://www.press.sk:80/index.php?option=com_events&task=view_day&year=2008&month=08&day=14&Itemid=1,20080813144155,skip
http://www.press.sk:80/index.php?option=com_events&task=view_day&year=2008&month=08&day=14&Itemid=1,https://web.archive.org/web/20080815160408/http://www.press.sk:80/index.php?option=com_events&task=view_day&year=2008&month=08&day=14&Itemid=1,20080815160408,skip
http://www.press.sk:80/index.php?option=com_events&task=view_day&year=2008&month=08&day=14&Itemid=1,https://web.archive.org/web/20080817011648/http://www.press.sk:80/index.php?option=com_events&task=view_day&year=2008&month=08&day=14&Itemid=1,20080817011648,skip
http://www.press.sk:80/index.php?option=com_events&task=view_day&year=2008&month=08&day=14&Itemid=1,https://web.archive.org/web/20080818124338/http://www.press.sk:80/index.php?option=com_events&task=view_day&year=2008&month=08&day=14&Itemid=1,20080818124338,skip
http://www.press.sk:80/index.php?option=com_events&task=view_day&year=2008&month=08&day=14&Itemid=1,https://web.archive.org/web/20080819214100/http://www.press.sk:80/index.php?option=com_events&task=view_day&year=2008&month=08&day=14&Itemid=1,20080819214100,skip
http://www.press.sk:80/index.php?option=com_events&task=view_day&year=2008&month=08&day=14&Itemid=1,https://web.archive.org/web/20080822052602/http://www.press.sk:80/index.php?option=com_events&task=view_day&year=2008&month=08&day=14&Itemid=1,20080822052602,skip
http://www.press.sk:80/index.php?option=com_events&task=view_day&year=2008&month=08&day=14&Itemid=1,https://web.archive.org/web/20080823123428/http://www.press.sk:80/index.php?option=com_events&task=view_day&year=2008&month=08&day=14&Itemid=1,20080823123428,skip
http://www.press.sk:80/index.php?option=com_events&task=view_day&year=2008&month=08&day=14&Itemid=1,https://web.archive.org/web/20080824211940/http://www.press.sk:80/index.php?option=com_events&task=view_day&year=2008&month=08&day=14&Itemid=1,20080824211940,skip
http://www.press.sk:80/index.php?option=com_events&task=view_day&year=2008&month=08&day=14&Itemid=1,https://web.archive.org/web/20080826052355/http://www.press.sk:80/index.php?option=com_events&task=view_day&year=2008&month=08&day=14&Itemid=1,20080826052355,skip
http://www.press.sk:80/index.php?option=com_events&task=view_day&year=2008&month=09&day=14&Itemid=1,https://web.archive.org/web/20080905205844/http://www.press.sk:80/index.php?option=com_events&task=view_day&year=2008&month=09&day=14&Itemid=1,20080905205844,skip
http://www.press.sk:80/index.php?option=com_events&task=view_day&year=2008&month=09&day=14&Itemid=1,https://web.archive.org/web/20080908060029/http://www.press.sk:80/index.php?option=com_events&task=view_day&year=2008&month=09&day=14&Itemid=1,20080908060029,skip
http://www.press.sk:80/index.php?option=com_events&task=view_day&year=2008&month=09&day=14&Itemid=1,https://web.archive.org/web/20080910071711/http://www.press.sk:80/index.php?option=com_events&task=view_day&year=2008&month=09&day=14&Itemid=1,20080910071711,skip
http://www.press.sk:80/index.php?option=com_events&task=view_day&year=2008&month=09&day=14&Itemid=1,https://web.archive.org/web/20080911234035/http://www.press.sk:80/index.php?option=com_events&task=view_day&year=2008&month=09&day=14&Itemid=1,20080911234035,skip
http://www.press.sk:80/index.php?option=com_events&task=view_day&year=2008&month=06&day=15&Itemid=1,https://web.archive.org/web/20080701203833/http://www.press.sk:80/index.php?option=com_events&task=view_day&year=2008&month=06&day=15&Itemid=1,20080701203833,skip
http://www.press.sk:80/index.php?option=com_events&task=view_day&year=2008&month=07&day=15&Itemid=1,https://web.archive.org/web/20080703205629/http://www.press.sk:80/index.php?option=com_events&task=view_day&year=2008&month=07&day=15&Itemid=1,20080703205629,skip
http://www.press.sk:80/index.php?option=com_events&task=view_day&year=2008&month=07&day=15&Itemid=1,https://web.archive.org/web/20080704214204/http://www.press.sk:80/index.php?option=com_events&task=view_day&year=2008&month=07&day=15&Itemid=1,20080704214204,skip
http://www.press.sk:80/index.php?option=com_events&task=view_day&year=2008&month=07&day=15&Itemid=1,https://web.archive.org/web/20080712105047/http://www.press.sk:80/index.php?option=com_events&task=view_day&year=2008&month=07&day=15&Itemid=1,20080712105047,skip
http://www.press.sk:80/index.php?option=com_events&task=view_day&year=2008&month=07&day=15&Itemid=1,https://web.archive.org/web/20080723183058/http://www.press.sk:80/index.php?option=com_events&task=view_day&year=2008&month=07&day=15&Itemid=1,20080723183058,skip
http://www.press.sk:80/index.php?option=com_events&task=view_day&year=2008&month=07&day=15&Itemid=1,https://web.archive.org/web/20080731184530/http://www.press.sk:80/index.php?option=com_events&task=view_day&year=2008&month=07&day=15&Itemid=1,20080731184530,skip
http://www.press.sk:80/index.php?option=com_events&task=view_day&year=2008&month=08&day=15&Itemid=1,https://web.archive.org/web/20080813144200/http://www.press.sk:80/index.php?option=com_events&task=view_day&year=2008&month=08&day=15&Itemid=1,20080813144200,skip
http://www.press.sk:80/index.php?option=com_events&task=view_day&year=2008&month=08&day=15&Itemid=1,https://web.archive.org/web/20080815160413/http://www.press.sk:80/index.php?option=com_events&task=view_day&year=2008&month=08&day=15&Itemid=1,20080815160413,skip
http://www.press.sk:80/index.php?option=com_events&task=view_day&year=2008&month=08&day=15&Itemid=1,https://web.archive.org/web/20080817011652/http://www.press.sk:80/index.php?option=com_events&task=view_day&year=2008&month=08&day=15&Itemid=1,20080817011652,skip
http://www.press.sk:80/index.php?option=com_events&task=view_day&year=2008&month=08&day=15&Itemid=1,https://web.archive.org/web/20080818124344/http://www.press.sk:80/index.php?option=com_events&task=view_day&year=2008&month=08&day=15&Itemid=1,20080818124344,skip
http://www.press.sk:80/index.php?option=com_events&task=view_day&year=2008&month=08&day=15&Itemid=1,https://web.archive.org/web/20080819214105/http://www.press.sk:80/index.php?option=com_events&task=view_day&year=2008&month=08&day=15&Itemid=1,20080819214105,skip
http://www.press.sk:80/index.php?option=com_events&task=view_day&year=2008&month=08&day=15&Itemid=1,https://web.archive.org/web/20080822052608/http://www.press.sk:80/index.php?option=com_events&task=view_day&year=2008&month=08&day=15&Itemid=1,20080822052608,skip
http://www.press.sk:80/index.php?option=com_events&task=view_day&year=2008&month=08&day=15&Itemid=1,https://web.archive.org/web/20080823123433/http://www.press.sk:80/index.php?option=com_events&task=view_day&year=2008&month=08&day=15&Itemid=1,20080823123433,skip
http://www.press.sk:80/index.php?option=com_events&task=view_day&year=2008&month=08&day=15&Itemid=1,https://web.archive.org/web/20080824211945/http://www.press.sk:80/index.php?option=com_events&task=view_day&year=2008&month=08&day=15&Itemid=1,20080824211945,skip
http://www.press.sk:80/index.php?option=com_events&task=view_day&year=2008&month=08&day=15&Itemid=1,https://web.archive.org/web/20080826052400/http://www.press.sk:80/index.php?option=com_events&task=view_day&year=2008&month=08&day=15&Itemid=1,20080826052400,skip
http://www.press.sk:80/index.php?option=com_events&task=view_day&year=2008&month=09&day=15&Itemid=1,https://web.archive.org/web/20080905205850/http://www.press.sk:80/index.php?option=com_events&task=view_day&year=2008&month=09&day=15&Itemid=1,20080905205850,skip
http://www.press.sk:80/index.php?option=com_events&task=view_day&year=2008&month=09&day=15&Itemid=1,https://web.archive.org/web/20080908060034/http://www.press.sk:80/index.php?option=com_events&task=view_day&year=2008&month=09&day=15&Itemid=1,20080908060034,skip
http://www.press.sk:80/index.php?option=com_events&task=view_day&year=2008&month=09&day=15&Itemid=1,https://web.archive.org/web/20080910071716/http://www.press.sk:80/index.php?option=com_events&task=view_day&year=2008&month=09&day=15&Itemid=1,20080910071716,skip
http://www.press.sk:80/index.php?option=com_events&task=view_day&year=2008&month=09&day=15&Itemid=1,https://web.archive.org/web/20080911234040/http://www.press.sk:80/index.php?option=com_events&task=view_day&year=2008&month=09&day=15&Itemid=1,20080911234040,skip
http://www.press.sk:80/index.php?option=com_events&task=view_day&year=2008&month=06&day=16&Itemid=1,https://web.archive.org/web/20080701203631/http://www.press.sk:80/index.php?option=com_events&task=view_day&year=2008&month=06&day=16&Itemid=1,20080701203631,skip
http://www.press.sk:80/index.php?option=com_events&task=view_day&year=2008&month=07&day=16&Itemid=1,https://web.archive.org/web/20080703205636/http://www.press.sk:80/index.php?option=com_events&task=view_day&year=2008&month=07&day=16&Itemid=1,20080703205636,skip
http://www.press.sk:80/index.php?option=com_events&task=view_day&year=2008&month=07&day=16&Itemid=1,https://web.archive.org/web/20080704214416/http://www.press.sk:80/index.php?option=com_events&task=view_day&year=2008&month=07&day=16&Itemid=1,20080704214416,skip
http://www.press.sk:80/index.php?option=com_events&task=view_day&year=2008&month=07&day=16&Itemid=1,https://web.archive.org/web/20080712104843/http://www.press.sk:80/index.php?option=com_events&task=view_day&year=2008&month=07&day=16&Itemid=1,20080712104843,skip
http://www.press.sk:80/index.php?option=com_events&task=view_day&year=2008&month=07&day=16&Itemid=1,https://web.archive.org/web/20080723183505/http://www.press.sk:80/index.php?option=com_events&task=view_day&year=2008&month=07&day=16&Itemid=1,20080723183505,skip
http://www.press.sk:80/index.php?option=com_events&task=view_day&year=2008&month=07&day=16&Itemid=1,https://web.archive.org/web/20080731190210/http://www.press.sk:80/index.php?option=com_events&task=view_day&year=2008&month=07&day=16&Itemid=1,20080731190210,skip
http://www.press.sk:80/index.php?option=com_events&task=view_day&year=2008&month=08&day=16&Itemid=1,https://web.archive.org/web/20080813144206/http://www.press.sk:80/index.php?option=com_events&task=view_day&year=2008&month=08&day=16&Itemid=1,20080813144206,skip
http://www.press.sk:80/index.php?option=com_events&task=view_day&year=2008&month=08&day=16&Itemid=1,https://web.archive.org/web/20080815160418/http://www.press.sk:80/index.php?option=com_events&task=view_day&year=2008&month=08&day=16&Itemid=1,20080815160418,skip
http://www.press.sk:80/index.php?option=com_events&task=view_day&year=2008&month=08&day=16&Itemid=1,https://web.archive.org/web/20080817011658/http://www.press.sk:80/index.php?option=com_events&task=view_day&year=2008&month=08&day=16&Itemid=1,20080817011658,skip
http://www.press.sk:80/index.php?option=com_events&task=view_day&year=2008&month=08&day=16&Itemid=1,https://web.archive.org/web/20080818124348/http://www.press.sk:80/index.php?option=com_events&task=view_day&year=2008&month=08&day=16&Itemid=1,20080818124348,skip
http://www.press.sk:80/index.php?option=com_events&task=view_day&year=2008&month=08&day=16&Itemid=1,https://web.archive.org/web/20080819214110/http://www.press.sk:80/index.php?option=com_events&task=view_day&year=2008&month=08&day=16&Itemid=1,20080819214110,skip
http://www.press.sk:80/index.php?option=com_events&task=view_day&year=2008&month=08&day=16&Itemid=1,https://web.archive.org/web/20080822052613/http://www.press.sk:80/index.php?option=com_events&task=view_day&year=2008&month=08&day=16&Itemid=1,20080822052613,skip
http://www.press.sk:80/index.php?option=com_events&task=view_day&year=2008&month=08&day=16&Itemid=1,https://web.archive.org/web/20080823123439/http://www.press.sk:80/index.php?option=com_events&task=view_day&year=2008&month=08&day=16&Itemid=1,20080823123439,skip
http://www.press.sk:80/index.php?option=com_events&task=view_day&year=2008&month=08&day=16&Itemid=1,https://web.archive.org/web/20080824211950/http://www.press.sk:80/index.php?option=com_events&task=view_day&year=2008&month=08&day=16&Itemid=1,20080824211950,skip
http://www.press.sk:80/index.php?option=com_events&task=view_day&year=2008&month=08&day=16&Itemid=1,https://web.archive.org/web/20080826052409/http://www.press.sk:80/index.php?option=com_events&task=view_day&year=2008&month=08&day=16&Itemid=1,20080826052409,skip
http://www.press.sk:80/index.php?option=com_events&task=view_day&year=2008&month=09&day=16&Itemid=1,https://web.archive.org/web/20080905205854/http://www.press.sk:80/index.php?option=com_events&task=view_day&year=2008&month=09&day=16&Itemid=1,20080905205854,skip
http://www.press.sk:80/index.php?option=com_events&task=view_day&year=2008&month=09&day=16&Itemid=1,https://web.archive.org/web/20080908060039/http://www.press.sk:80/index.php?option=com_events&task=view_day&year=2008&month=09&day=16&Itemid=1,20080908060039,skip
http://www.press.sk:80/index.php?option=com_events&task=view_day&year=2008&month=09&day=16&Itemid=1,https://web.archive.org/web/20080910071721/http://www.press.sk:80/index.php?option=com_events&task=view_day&year=2008&month=09&day=16&Itemid=1,20080910071721,skip
http://www.press.sk:80/index.php?option=com_events&task=view_day&year=2008&month=09&day=16&Itemid=1,https://web.archive.org/web/20080911234046/http://www.press.sk:80/index.php?option=com_events&task=view_day&year=2008&month=09&day=16&Itemid=1,20080911234046,skip
http://www.press.sk:80/index.php?option=com_events&task=view_day&year=2008&month=06&day=17&Itemid=1,https://web.archive.org/web/20080701203636/http://www.press.sk:80/index.php?option=com_events&task=view_day&year=2008&month=06&day=17&Itemid=1,20080701203636,skip
http://www.press.sk:80/index.php?option=com_events&task=view_day&year=2008&month=07&day=17&Itemid=1,https://web.archive.org/web/20080703205639/http://www.press.sk:80/index.php?option=com_events&task=view_day&year=2008&month=07&day=17&Itemid=1,20080703205639,skip
http://www.press.sk:80/index.php?option=com_events&task=view_day&year=2008&month=07&day=17&Itemid=1,https://web.archive.org/web/20080704214208/http://www.press.sk:80/index.php?option=com_events&task=view_day&year=2008&month=07&day=17&Itemid=1,20080704214208,skip
http://www.press.sk:80/index.php?option=com_events&task=view_day&year=2008&month=07&day=17&Itemid=1,https://web.archive.org/web/20080712104848/http://www.press.sk:80/index.php?option=com_events&task=view_day&year=2008&month=07&day=17&Itemid=1,20080712104848,skip
http://www.press.sk:80/index.php?option=com_events&task=view_day&year=2008&month=07&day=17&Itemid=1,https://web.archive.org/web/20080723183100/http://www.press.sk:80/index.php?option=com_events&task=view_day&year=2008&month=07&day=17&Itemid=1,20080723183100,skip
http://www.press.sk:80/index.php?option=com_events&task=view_day&year=2008&month=07&day=17&Itemid=1,https://web.archive.org/web/20080731184536/http://www.press.sk:80/index.php?option=com_events&task=view_day&year=2008&month=07&day=17&Itemid=1,20080731184536,skip
http://www.press.sk:80/index.php?option=com_events&task=view_day&year=2008&month=08&day=17&Itemid=1,https://web.archive.org/web/20080813144212/http://www.press.sk:80/index.php?option=com_events&task=view_day&year=2008&month=08&day=17&Itemid=1,20080813144212,skip
http://www.press.sk:80/index.php?option=com_events&task=view_day&year=2008&month=08&day=17&Itemid=1,https://web.archive.org/web/20080815160423/http://www.press.sk:80/index.php?option=com_events&task=view_day&year=2008&month=08&day=17&Itemid=1,20080815160423,skip
http://www.press.sk:80/index.php?option=com_events&task=view_day&year=2008&month=08&day=17&Itemid=1,https://web.archive.org/web/20080817011705/http://www.press.sk:80/index.php?option=com_events&task=view_day&year=2008&month=08&day=17&Itemid=1,20080817011705,skip
http://www.press.sk:80/index.php?option=com_events&task=view_day&year=2008&month=08&day=17&Itemid=1,https://web.archive.org/web/20080818124352/http://www.press.sk:80/index.php?option=com_events&task=view_day&year=2008&month=08&day=17&Itemid=1,20080818124352,skip
http://www.press.sk:80/index.php?option=com_events&task=view_day&year=2008&month=08&day=17&Itemid=1,https://web.archive.org/web/20080819214115/http://www.press.sk:80/index.php?option=com_events&task=view_day&year=2008&month=08&day=17&Itemid=1,20080819214115,skip
http://www.press.sk:80/index.php?option=com_events&task=view_day&year=2008&month=08&day=17&Itemid=1,https://web.archive.org/web/20080822052618/http://www.press.sk:80/index.php?option=com_events&task=view_day&year=2008&month=08&day=17&Itemid=1,20080822052618,skip
http://www.press.sk:80/index.php?option=com_events&task=view_day&year=2008&month=08&day=17&Itemid=1,https://web.archive.org/web/20080823123443/http://www.press.sk:80/index.php?option=com_events&task=view_day&year=2008&month=08&day=17&Itemid=1,20080823123443,skip
http://www.press.sk:80/index.php?option=com_events&task=view_day&year=2008&month=08&day=17&Itemid=1,https://web.archive.org/web/20080824211955/http://www.press.sk:80/index.php?option=com_events&task=view_day&year=2008&month=08&day=17&Itemid=1,20080824211955,skip
http://www.press.sk:80/index.php?option=com_events&task=view_day&year=2008&month=08&day=17&Itemid=1,https://web.archive.org/web/20080826052414/http://www.press.sk:80/index.php?option=com_events&task=view_day&year=2008&month=08&day=17&Itemid=1,20080826052414,skip
http://www.press.sk:80/index.php?option=com_events&task=view_day&year=2008&month=09&day=17&Itemid=1,https://web.archive.org/web/20080905205859/http://www.press.sk:80/index.php?option=com_events&task=view_day&year=2008&month=09&day=17&Itemid=1,20080905205859,skip
http://www.press.sk:80/index.php?option=com_events&task=view_day&year=2008&month=09&day=17&Itemid=1,https://web.archive.org/web/20080908060045/http://www.press.sk:80/index.php?option=com_events&task=view_day&year=2008&month=09&day=17&Itemid=1,20080908060045,skip
http://www.press.sk:80/index.php?option=com_events&task=view_day&year=2008&month=09&day=17&Itemid=1,https://web.archive.org/web/20080910071726/http://www.press.sk:80/index.php?option=com_events&task=view_day&year=2008&month=09&day=17&Itemid=1,20080910071726,skip
http://www.press.sk:80/index.php?option=com_events&task=view_day&year=2008&month=09&day=17&Itemid=1,https://web.archive.org/web/20080911234051/http://www.press.sk:80/index.php?option=com_events&task=view_day&year=2008&month=09&day=17&Itemid=1,20080911234051,skip
http://www.press.sk:80/index.php?option=com_events&task=view_day&year=2008&month=06&day=18&Itemid=1,https://web.archive.org/web/20080701203641/http://www.press.sk:80/index.php?option=com_events&task=view_day&year=2008&month=06&day=18&Itemid=1,20080701203641,skip
http://www.press.sk:80/index.php?option=com_events&task=view_day&year=2008&month=07&day=18&Itemid=1,https://web.archive.org/web/20080703205644/http://www.press.sk:80/index.php?option=com_events&task=view_day&year=2008&month=07&day=18&Itemid=1,20080703205644,skip
http://www.press.sk:80/index.php?option=com_events&task=view_day&year=2008&month=07&day=18&Itemid=1,https://web.archive.org/web/20080704214212/http://www.press.sk:80/index.php?option=com_events&task=view_day&year=2008&month=07&day=18&Itemid=1,20080704214212,skip
http://www.press.sk:80/index.php?option=com_events&task=view_day&year=2008&month=07&day=18&Itemid=1,https://web.archive.org/web/20080712105053/http://www.press.sk:80/index.php?option=com_events&task=view_day&year=2008&month=07&day=18&Itemid=1,20080712105053,skip
http://www.press.sk:80/index.php?option=com_events&task=view_day&year=2008&month=07&day=18&Itemid=1,https://web.archive.org/web/20080723183106/http://www.press.sk:80/index.php?option=com_events&task=view_day&year=2008&month=07&day=18&Itemid=1,20080723183106,skip
http://www.press.sk:80/index.php?option=com_events&task=view_day&year=2008&month=07&day=18&Itemid=1,https://web.archive.org/web/20080731190215/http://www.press.sk:80/index.php?option=com_events&task=view_day&year=2008&month=07&day=18&Itemid=1,20080731190215,skip
http://www.press.sk:80/index.php?option=com_events&task=view_day&year=2008&month=08&day=18&Itemid=1,https://web.archive.org/web/20080813144216/http://www.press.sk:80/index.php?option=com_events&task=view_day&year=2008&month=08&day=18&Itemid=1,20080813144216,skip
http://www.press.sk:80/index.php?option=com_events&task=view_day&year=2008&month=08&day=18&Itemid=1,https://web.archive.org/web/20080815160428/http://www.press.sk:80/index.php?option=com_events&task=view_day&year=2008&month=08&day=18&Itemid=1,20080815160428,skip
http://www.press.sk:80/index.php?option=com_events&task=view_day&year=2008&month=08&day=18&Itemid=1,https://web.archive.org/web/20080817011709/http://www.press.sk:80/index.php?option=com_events&task=view_day&year=2008&month=08&day=18&Itemid=1,20080817011709,skip
http://www.press.sk:80/index.php?option=com_events&task=view_day&year=2008&month=08&day=18&Itemid=1,https://web.archive.org/web/20080818124357/http://www.press.sk:80/index.php?option=com_events&task=view_day&year=2008&month=08&day=18&Itemid=1,20080818124357,skip
http://www.press.sk:80/index.php?option=com_events&task=view_day&year=2008&month=08&day=18&Itemid=1,https://web.archive.org/web/20080819214120/http://www.press.sk:80/index.php?option=com_events&task=view_day&year=2008&month=08&day=18&Itemid=1,20080819214120,skip
http://www.press.sk:80/index.php?option=com_events&task=view_day&year=2008&month=08&day=18&Itemid=1,https://web.archive.org/web/20080822052623/http://www.press.sk:80/index.php?option=com_events&task=view_day&year=2008&month=08&day=18&Itemid=1,20080822052623,skip
http://www.press.sk:80/index.php?option=com_events&task=view_day&year=2008&month=08&day=18&Itemid=1,https://web.archive.org/web/20080823123448/http://www.press.sk:80/index.php?option=com_events&task=view_day&year=2008&month=08&day=18&Itemid=1,20080823123448,skip
http://www.press.sk:80/index.php?option=com_events&task=view_day&year=2008&month=08&day=18&Itemid=1,https://web.archive.org/web/20080824212000/http://www.press.sk:80/index.php?option=com_events&task=view_day&year=2008&month=08&day=18&Itemid=1,20080824212000,skip
http://www.press.sk:80/index.php?option=com_events&task=view_day&year=2008&month=08&day=18&Itemid=1,https://web.archive.org/web/20080826052419/http://www.press.sk:80/index.php?option=com_events&task=view_day&year=2008&month=08&day=18&Itemid=1,20080826052419,skip
http://www.press.sk:80/index.php?option=com_events&task=view_day&year=2008&month=09&day=18&Itemid=1,https://web.archive.org/web/20080905205904/http://www.press.sk:80/index.php?option=com_events&task=view_day&year=2008&month=09&day=18&Itemid=1,20080905205904,skip
http://www.press.sk:80/index.php?option=com_events&task=view_day&year=2008&month=09&day=18&Itemid=1,https://web.archive.org/web/20080908060049/http://www.press.sk:80/index.php?option=com_events&task=view_day&year=2008&month=09&day=18&Itemid=1,20080908060049,skip
http://www.press.sk:80/index.php?option=com_events&task=view_day&year=2008&month=09&day=18&Itemid=1,https://web.archive.org/web/20080910071731/http://www.press.sk:80/index.php?option=com_events&task=view_day&year=2008&month=09&day=18&Itemid=1,20080910071731,skip
http://www.press.sk:80/index.php?option=com_events&task=view_day&year=2008&month=09&day=18&Itemid=1,https://web.archive.org/web/20080911234056/http://www.press.sk:80/index.php?option=com_events&task=view_day&year=2008&month=09&day=18&Itemid=1,20080911234056,skip
http://www.press.sk:80/index.php?option=com_events&task=view_day&year=2008&month=06&day=19&Itemid=1,https://web.archive.org/web/20080701203838/http://www.press.sk:80/index.php?option=com_events&task=view_day&year=2008&month=06&day=19&Itemid=1,20080701203838,skip
http://www.press.sk:80/index.php?option=com_events&task=view_day&year=2008&month=07&day=19&Itemid=1,https://web.archive.org/web/20080703205650/http://www.press.sk:80/index.php?option=com_events&task=view_day&year=2008&month=07&day=19&Itemid=1,20080703205650,skip
http://www.press.sk:80/index.php?option=com_events&task=view_day&year=2008&month=07&day=19&Itemid=1,https://web.archive.org/web/20080704214420/http://www.press.sk:80/index.php?option=com_events&task=view_day&year=2008&month=07&day=19&Itemid=1,20080704214420,skip
http://www.press.sk:80/index.php?option=com_events&task=view_day&year=2008&month=07&day=19&Itemid=1,https://web.archive.org/web/20080712104853/http://www.press.sk:80/index.php?option=com_events&task=view_day&year=2008&month=07&day=19&Itemid=1,20080712104853,skip
http://www.press.sk:80/index.php?option=com_events&task=view_day&year=2008&month=07&day=19&Itemid=1,https://web.archive.org/web/20080723183111/http://www.press.sk:80/index.php?option=com_events&task=view_day&year=2008&month=07&day=19&Itemid=1,20080723183111,skip
http://www.press.sk:80/index.php?option=com_events&task=view_day&year=2008&month=07&day=19&Itemid=1,https://web.archive.org/web/20080731190220/http://www.press.sk:80/index.php?option=com_events&task=view_day&year=2008&month=07&day=19&Itemid=1,20080731190220,skip
http://www.press.sk:80/index.php?option=com_events&task=view_day&year=2008&month=08&day=19&Itemid=1,https://web.archive.org/web/20080813144221/http://www.press.sk:80/index.php?option=com_events&task=view_day&year=2008&month=08&day=19&Itemid=1,20080813144221,skip
http://www.press.sk:80/index.php?option=com_events&task=view_day&year=2008&month=08&day=19&Itemid=1,https://web.archive.org/web/20080815160433/http://www.press.sk:80/index.php?option=com_events&task=view_day&year=2008&month=08&day=19&Itemid=1,20080815160433,skip
http://www.press.sk:80/index.php?option=com_events&task=view_day&year=2008&month=08&day=19&Itemid=1,https://web.archive.org/web/20080817011741/http://www.press.sk:80/index.php?option=com_events&task=view_day&year=2008&month=08&day=19&Itemid=1,20080817011741,skip
http://www.press.sk:80/index.php?option=com_events&task=view_day&year=2008&month=08&day=19&Itemid=1,https://web.archive.org/web/20080818124408/http://www.press.sk:80/index.php?option=com_events&task=view_day&year=2008&month=08&day=19&Itemid=1,20080818124408,skip
http://www.press.sk:80/index.php?option=com_events&task=view_day&year=2008&month=08&day=19&Itemid=1,https://web.archive.org/web/20080819214125/http://www.press.sk:80/index.php?option=com_events&task=view_day&year=2008&month=08&day=19&Itemid=1,20080819214125,skip
http://www.press.sk:80/index.php?option=com_events&task=view_day&year=2008&month=08&day=19&Itemid=1,https://web.archive.org/web/20080822052628/http://www.press.sk:80/index.php?option=com_events&task=view_day&year=2008&month=08&day=19&Itemid=1,20080822052628,skip
http://www.press.sk:80/index.php?option=com_events&task=view_day&year=2008&month=08&day=19&Itemid=1,https://web.archive.org/web/20080823123453/http://www.press.sk:80/index.php?option=com_events&task=view_day&year=2008&month=08&day=19&Itemid=1,20080823123453,skip
http://www.press.sk:80/index.php?option=com_events&task=view_day&year=2008&month=08&day=19&Itemid=1,https://web.archive.org/web/20080824212005/http://www.press.sk:80/index.php?option=com_events&task=view_day&year=2008&month=08&day=19&Itemid=1,20080824212005,skip
http://www.press.sk:80/index.php?option=com_events&task=view_day&year=2008&month=08&day=19&Itemid=1,https://web.archive.org/web/20080826052424/http://www.press.sk:80/index.php?option=com_events&task=view_day&year=2008&month=08&day=19&Itemid=1,20080826052424,skip
http://www.press.sk:80/index.php?option=com_events&task=view_day&year=2008&month=09&day=19&Itemid=1,https://web.archive.org/web/20080905205909/http://www.press.sk:80/index.php?option=com_events&task=view_day&year=2008&month=09&day=19&Itemid=1,20080905205909,skip
http://www.press.sk:80/index.php?option=com_events&task=view_day&year=2008&month=09&day=19&Itemid=1,https://web.archive.org/web/20080908060055/http://www.press.sk:80/index.php?option=com_events&task=view_day&year=2008&month=09&day=19&Itemid=1,20080908060055,skip
http://www.press.sk:80/index.php?option=com_events&task=view_day&year=2008&month=09&day=19&Itemid=1,https://web.archive.org/web/20080910071736/http://www.press.sk:80/index.php?option=com_events&task=view_day&year=2008&month=09&day=19&Itemid=1,20080910071736,skip
http://www.press.sk:80/index.php?option=com_events&task=view_day&year=2008&month=09&day=19&Itemid=1,https://web.archive.org/web/20080911234101/http://www.press.sk:80/index.php?option=com_events&task=view_day&year=2008&month=09&day=19&Itemid=1,20080911234101,skip
http://www.press.sk:80/index.php?option=com_events&task=view_day&year=2008&month=06&day=20&Itemid=1,https://web.archive.org/web/20080701203646/http://www.press.sk:80/index.php?option=com_events&task=view_day&year=2008&month=06&day=20&Itemid=1,20080701203646,skip
http://www.press.sk:80/index.php?option=com_events&task=view_day&year=2008&month=07&day=20&Itemid=1,https://web.archive.org/web/20080703205755/http://www.press.sk:80/index.php?option=com_events&task=view_day&year=2008&month=07&day=20&Itemid=1,20080703205755,skip
http://www.press.sk:80/index.php?option=com_events&task=view_day&year=2008&month=07&day=20&Itemid=1,https://web.archive.org/web/20080704214426/http://www.press.sk:80/index.php?option=com_events&task=view_day&year=2008&month=07&day=20&Itemid=1,20080704214426,skip
http://www.press.sk:80/index.php?option=com_events&task=view_day&year=2008&month=07&day=20&Itemid=1,https://web.archive.org/web/20080712104900/http://www.press.sk:80/index.php?option=com_events&task=view_day&year=2008&month=07&day=20&Itemid=1,20080712104900,skip
http://www.press.sk:80/index.php?option=com_events&task=view_day&year=2008&month=07&day=20&Itemid=1,https://web.archive.org/web/20080723183510/http://www.press.sk:80/index.php?option=com_events&task=view_day&year=2008&month=07&day=20&Itemid=1,20080723183510,skip
http://www.press.sk:80/index.php?option=com_events&task=view_day&year=2008&month=07&day=20&Itemid=1,https://web.archive.org/web/20080731184541/http://www.press.sk:80/index.php?option=com_events&task=view_day&year=2008&month=07&day=20&Itemid=1,20080731184541,skip
http://www.press.sk:80/index.php?option=com_events&task=view_day&year=2008&month=08&day=20&Itemid=1,https://web.archive.org/web/20080813144227/http://www.press.sk:80/index.php?option=com_events&task=view_day&year=2008&month=08&day=20&Itemid=1,20080813144227,skip
http://www.press.sk:80/index.php?option=com_events&task=view_day&year=2008&month=08&day=20&Itemid=1,https://web.archive.org/web/20080815160439/http://www.press.sk:80/index.php?option=com_events&task=view_day&year=2008&month=08&day=20&Itemid=1,20080815160439,skip
http://www.press.sk:80/index.php?option=com_events&task=view_day&year=2008&month=08&day=20&Itemid=1,https://web.archive.org/web/20080817011743/http://www.press.sk:80/index.php?option=com_events&task=view_day&year=2008&month=08&day=20&Itemid=1,20080817011743,skip
http://www.press.sk:80/index.php?option=com_events&task=view_day&year=2008&month=08&day=20&Itemid=1,https://web.archive.org/web/20080818124412/http://www.press.sk:80/index.php?option=com_events&task=view_day&year=2008&month=08&day=20&Itemid=1,20080818124412,skip
http://www.press.sk:80/index.php?option=com_events&task=view_day&year=2008&month=08&day=20&Itemid=1,https://web.archive.org/web/20080819214131/http://www.press.sk:80/index.php?option=com_events&task=view_day&year=2008&month=08&day=20&Itemid=1,20080819214131,skip
http://www.press.sk:80/index.php?option=com_events&task=view_day&year=2008&month=08&day=20&Itemid=1,https://web.archive.org/web/20080822052633/http://www.press.sk:80/index.php?option=com_events&task=view_day&year=2008&month=08&day=20&Itemid=1,20080822052633,skip
http://www.press.sk:80/index.php?option=com_events&task=view_day&year=2008&month=08&day=20&Itemid=1,https://web.archive.org/web/20080823123458/http://www.press.sk:80/index.php?option=com_events&task=view_day&year=2008&month=08&day=20&Itemid=1,20080823123458,skip
http://www.press.sk:80/index.php?option=com_events&task=view_day&year=2008&month=08&day=20&Itemid=1,https://web.archive.org/web/20080824212011/http://www.press.sk:80/index.php?option=com_events&task=view_day&year=2008&month=08&day=20&Itemid=1,20080824212011,skip
http://www.press.sk:80/index.php?option=com_events&task=view_day&year=2008&month=08&day=20&Itemid=1,https://web.archive.org/web/20080826052430/http://www.press.sk:80/index.php?option=com_events&task=view_day&year=2008&month=08&day=20&Itemid=1,20080826052430,skip
http://www.press.sk:80/index.php?option=com_events&task=view_day&year=2008&month=09&day=20&Itemid=1,https://web.archive.org/web/20080905205914/http://www.press.sk:80/index.php?option=com_events&task=view_day&year=2008&month=09&day=20&Itemid=1,20080905205914,skip
http://www.press.sk:80/index.php?option=com_events&task=view_day&year=2008&month=09&day=20&Itemid=1,https://web.archive.org/web/20080908060100/http://www.press.sk:80/index.php?option=com_events&task=view_day&year=2008&month=09&day=20&Itemid=1,20080908060100,skip
http://www.press.sk:80/index.php?option=com_events&task=view_day&year=2008&month=09&day=20&Itemid=1,https://web.archive.org/web/20080910071741/http://www.press.sk:80/index.php?option=com_events&task=view_day&year=2008&month=09&day=20&Itemid=1,20080910071741,skip
http://www.press.sk:80/index.php?option=com_events&task=view_day&year=2008&month=09&day=20&Itemid=1,https://web.archive.org/web/20080911234106/http://www.press.sk:80/index.php?option=com_events&task=view_day&year=2008&month=09&day=20&Itemid=1,20080911234106,skip
http://www.press.sk:80/index.php?option=com_events&task=view_day&year=2008&month=06&day=21&Itemid=1,https://web.archive.org/web/20080701203844/http://www.press.sk:80/index.php?option=com_events&task=view_day&year=2008&month=06&day=21&Itemid=1,20080701203844,skip
http://www.press.sk:80/index.php?option=com_events&task=view_day&year=2008&month=07&day=21&Itemid=1,https://web.archive.org/web/20080703205800/http://www.press.sk:80/index.php?option=com_events&task=view_day&year=2008&month=07&day=21&Itemid=1,20080703205800,skip
http://www.press.sk:80/index.php?option=com_events&task=view_day&year=2008&month=07&day=21&Itemid=1,https://web.archive.org/web/20080704214432/http://www.press.sk:80/index.php?option=com_events&task=view_day&year=2008&month=07&day=21&Itemid=1,20080704214432,skip
http://www.press.sk:80/index.php?option=com_events&task=view_day&year=2008&month=07&day=21&Itemid=1,https://web.archive.org/web/20080712104904/http://www.press.sk:80/index.php?option=com_events&task=view_day&year=2008&month=07&day=21&Itemid=1,20080712104904,skip
http://www.press.sk:80/index.php?option=com_events&task=view_day&year=2008&month=07&day=21&Itemid=1,https://web.archive.org/web/20080723183118/http://www.press.sk:80/index.php?option=com_events&task=view_day&year=2008&month=07&day=21&Itemid=1,20080723183118,skip
http://www.press.sk:80/index.php?option=com_events&task=view_day&year=2008&month=07&day=21&Itemid=1,https://web.archive.org/web/20080731190225/http://www.press.sk:80/index.php?option=com_events&task=view_day&year=2008&month=07&day=21&Itemid=1,20080731190225,skip
http://www.press.sk:80/index.php?option=com_events&task=view_day&year=2008&month=08&day=21&Itemid=1,https://web.archive.org/web/20080813144232/http://www.press.sk:80/index.php?option=com_events&task=view_day&year=2008&month=08&day=21&Itemid=1,20080813144232,skip
http://www.press.sk:80/index.php?option=com_events&task=view_day&year=2008&month=08&day=21&Itemid=1,https://web.archive.org/web/20080815160444/http://www.press.sk:80/index.php?option=com_events&task=view_day&year=2008&month=08&day=21&Itemid=1,20080815160444,skip
http://www.press.sk:80/index.php?option=com_events&task=view_day&year=2008&month=08&day=21&Itemid=1,https://web.archive.org/web/20080817011749/http://www.press.sk:80/index.php?option=com_events&task=view_day&year=2008&month=08&day=21&Itemid=1,20080817011749,skip
http://www.press.sk:80/index.php?option=com_events&task=view_day&year=2008&month=08&day=21&Itemid=1,https://web.archive.org/web/20080818124417/http://www.press.sk:80/index.php?option=com_events&task=view_day&year=2008&month=08&day=21&Itemid=1,20080818124417,skip
http://www.press.sk:80/index.php?option=com_events&task=view_day&year=2008&month=08&day=21&Itemid=1,https://web.archive.org/web/20080819214135/http://www.press.sk:80/index.php?option=com_events&task=view_day&year=2008&month=08&day=21&Itemid=1,20080819214135,skip
http://www.press.sk:80/index.php?option=com_events&task=view_day&year=2008&month=08&day=21&Itemid=1,https://web.archive.org/web/20080822052638/http://www.press.sk:80/index.php?option=com_events&task=view_day&year=2008&month=08&day=21&Itemid=1,20080822052638,skip
http://www.press.sk:80/index.php?option=com_events&task=view_day&year=2008&month=08&day=21&Itemid=1,https://web.archive.org/web/20080823123504/http://www.press.sk:80/index.php?option=com_events&task=view_day&year=2008&month=08&day=21&Itemid=1,20080823123504,skip
http://www.press.sk:80/index.php?option=com_events&task=view_day&year=2008&month=08&day=21&Itemid=1,https://web.archive.org/web/20080824212015/http://www.press.sk:80/index.php?option=com_events&task=view_day&year=2008&month=08&day=21&Itemid=1,20080824212015,skip
http://www.press.sk:80/index.php?option=com_events&task=view_day&year=2008&month=08&day=21&Itemid=1,https://web.archive.org/web/20080826052435/http://www.press.sk:80/index.php?option=com_events&task=view_day&year=2008&month=08&day=21&Itemid=1,20080826052435,skip
http://www.press.sk:80/index.php?option=com_events&task=view_day&year=2008&month=09&day=21&Itemid=1,https://web.archive.org/web/20080905205919/http://www.press.sk:80/index.php?option=com_events&task=view_day&year=2008&month=09&day=21&Itemid=1,20080905205919,skip
http://www.press.sk:80/index.php?option=com_events&task=view_day&year=2008&month=09&day=21&Itemid=1,https://web.archive.org/web/20080908060105/http://www.press.sk:80/index.php?option=com_events&task=view_day&year=2008&month=09&day=21&Itemid=1,20080908060105,skip
http://www.press.sk:80/index.php?option=com_events&task=view_day&year=2008&month=09&day=21&Itemid=1,https://web.archive.org/web/20080910071746/http://www.press.sk:80/index.php?option=com_events&task=view_day&year=2008&month=09&day=21&Itemid=1,20080910071746,skip
http://www.press.sk:80/index.php?option=com_events&task=view_day&year=2008&month=09&day=21&Itemid=1,https://web.archive.org/web/20080911234111/http://www.press.sk:80/index.php?option=com_events&task=view_day&year=2008&month=09&day=21&Itemid=1,20080911234111,skip
http://www.press.sk:80/index.php?option=com_events&task=view_day&year=2008&month=06&day=22&Itemid=1,https://web.archive.org/web/20080701203848/http://www.press.sk:80/index.php?option=com_events&task=view_day&year=2008&month=06&day=22&Itemid=1,20080701203848,skip
http://www.press.sk:80/index.php?option=com_events&task=view_day&year=2008&month=07&day=22&Itemid=1,https://web.archive.org/web/20080703205806/http://www.press.sk:80/index.php?option=com_events&task=view_day&year=2008&month=07&day=22&Itemid=1,20080703205806,skip
http://www.press.sk:80/index.php?option=com_events&task=view_day&year=2008&month=07&day=22&Itemid=1,https://web.archive.org/web/20080704214438/http://www.press.sk:80/index.php?option=com_events&task=view_day&year=2008&month=07&day=22&Itemid=1,20080704214438,skip
http://www.press.sk:80/index.php?option=com_events&task=view_day&year=2008&month=07&day=22&Itemid=1,https://web.archive.org/web/20080712105058/http://www.press.sk:80/index.php?option=com_events&task=view_day&year=2008&month=07&day=22&Itemid=1,20080712105058,skip
http://www.press.sk:80/index.php?option=com_events&task=view_day&year=2008&month=07&day=22&Itemid=1,https://web.archive.org/web/20080723183122/http://www.press.sk:80/index.php?option=com_events&task=view_day&year=2008&month=07&day=22&Itemid=1,20080723183122,skip
http://www.press.sk:80/index.php?option=com_events&task=view_day&year=2008&month=07&day=22&Itemid=1,https://web.archive.org/web/20080731184546/http://www.press.sk:80/index.php?option=com_events&task=view_day&year=2008&month=07&day=22&Itemid=1,20080731184546,skip
http://www.press.sk:80/index.php?option=com_events&task=view_day&year=2008&month=08&day=22&Itemid=1,https://web.archive.org/web/20080813144237/http://www.press.sk:80/index.php?option=com_events&task=view_day&year=2008&month=08&day=22&Itemid=1,20080813144237,skip
http://www.press.sk:80/index.php?option=com_events&task=view_day&year=2008&month=08&day=22&Itemid=1,https://web.archive.org/web/20080815160449/http://www.press.sk:80/index.php?option=com_events&task=view_day&year=2008&month=08&day=22&Itemid=1,20080815160449,skip
http://www.press.sk:80/index.php?option=com_events&task=view_day&year=2008&month=08&day=22&Itemid=1,https://web.archive.org/web/20080817011754/http://www.press.sk:80/index.php?option=com_events&task=view_day&year=2008&month=08&day=22&Itemid=1,20080817011754,skip
http://www.press.sk:80/index.php?option=com_events&task=view_day&year=2008&month=08&day=22&Itemid=1,https://web.archive.org/web/20080818124420/http://www.press.sk:80/index.php?option=com_events&task=view_day&year=2008&month=08&day=22&Itemid=1,20080818124420,skip
http://www.press.sk:80/index.php?option=com_events&task=view_day&year=2008&month=08&day=22&Itemid=1,https://web.archive.org/web/20080819214141/http://www.press.sk:80/index.php?option=com_events&task=view_day&year=2008&month=08&day=22&Itemid=1,20080819214141,skip
http://www.press.sk:80/index.php?option=com_events&task=view_day&year=2008&month=08&day=22&Itemid=1,https://web.archive.org/web/20080822052643/http://www.press.sk:80/index.php?option=com_events&task=view_day&year=2008&month=08&day=22&Itemid=1,20080822052643,skip
http://www.press.sk:80/index.php?option=com_events&task=view_day&year=2008&month=08&day=22&Itemid=1,https://web.archive.org/web/20080823123508/http://www.press.sk:80/index.php?option=com_events&task=view_day&year=2008&month=08&day=22&Itemid=1,20080823123508,skip
http://www.press.sk:80/index.php?option=com_events&task=view_day&year=2008&month=08&day=22&Itemid=1,https://web.archive.org/web/20080824212020/http://www.press.sk:80/index.php?option=com_events&task=view_day&year=2008&month=08&day=22&Itemid=1,20080824212020,skip
http://www.press.sk:80/index.php?option=com_events&task=view_day&year=2008&month=08&day=22&Itemid=1,https://web.archive.org/web/20080826052440/http://www.press.sk:80/index.php?option=com_events&task=view_day&year=2008&month=08&day=22&Itemid=1,20080826052440,skip
http://www.press.sk:80/index.php?option=com_events&task=view_day&year=2008&month=09&day=22&Itemid=1,https://web.archive.org/web/20080905205924/http://www.press.sk:80/index.php?option=com_events&task=view_day&year=2008&month=09&day=22&Itemid=1,20080905205924,skip
http://www.press.sk:80/index.php?option=com_events&task=view_day&year=2008&month=09&day=22&Itemid=1,https://web.archive.org/web/20080908060111/http://www.press.sk:80/index.php?option=com_events&task=view_day&year=2008&month=09&day=22&Itemid=1,20080908060111,skip
http://www.press.sk:80/index.php?option=com_events&task=view_day&year=2008&month=09&day=22&Itemid=1,https://web.archive.org/web/20080910071751/http://www.press.sk:80/index.php?option=com_events&task=view_day&year=2008&month=09&day=22&Itemid=1,20080910071751,skip
http://www.press.sk:80/index.php?option=com_events&task=view_day&year=2008&month=09&day=22&Itemid=1,https://web.archive.org/web/20080911234117/http://www.press.sk:80/index.php?option=com_events&task=view_day&year=2008&month=09&day=22&Itemid=1,20080911234117,skip
http://www.press.sk:80/index.php?option=com_events&task=view_day&year=2008&month=06&day=23&Itemid=1,https://web.archive.org/web/20080701203853/http://www.press.sk:80/index.php?option=com_events&task=view_day&year=2008&month=06&day=23&Itemid=1,20080701203853,skip
http://www.press.sk:80/index.php?option=com_events&task=view_day&year=2008&month=07&day=23&Itemid=1,https://web.archive.org/web/20080703205812/http://www.press.sk:80/index.php?option=com_events&task=view_day&year=2008&month=07&day=23&Itemid=1,20080703205812,skip
http://www.press.sk:80/index.php?option=com_events&task=view_day&year=2008&month=07&day=23&Itemid=1,https://web.archive.org/web/20080704214218/http://www.press.sk:80/index.php?option=com_events&task=view_day&year=2008&month=07&day=23&Itemid=1,20080704214218,skip
http://www.press.sk:80/index.php?option=com_events&task=view_day&year=2008&month=07&day=23&Itemid=1,https://web.archive.org/web/20080712104909/http://www.press.sk:80/index.php?option=com_events&task=view_day&year=2008&month=07&day=23&Itemid=1,20080712104909,skip
http://www.press.sk:80/index.php?option=com_events&task=view_day&year=2008&month=07&day=23&Itemid=1,https://web.archive.org/web/20080723183515/http://www.press.sk:80/index.php?option=com_events&task=view_day&year=2008&month=07&day=23&Itemid=1,20080723183515,skip
http://www.press.sk:80/index.php?option=com_events&task=view_day&year=2008&month=07&day=23&Itemid=1,https://web.archive.org/web/20080731190230/http://www.press.sk:80/index.php?option=com_events&task=view_day&year=2008&month=07&day=23&Itemid=1,20080731190230,skip
http://www.press.sk:80/index.php?option=com_events&task=view_day&year=2008&month=08&day=23&Itemid=1,https://web.archive.org/web/20080813144243/http://www.press.sk:80/index.php?option=com_events&task=view_day&year=2008&month=08&day=23&Itemid=1,20080813144243,skip
http://www.press.sk:80/index.php?option=com_events&task=view_day&year=2008&month=08&day=23&Itemid=1,https://web.archive.org/web/20080815160454/http://www.press.sk:80/index.php?option=com_events&task=view_day&year=2008&month=08&day=23&Itemid=1,20080815160454,skip
http://www.press.sk:80/index.php?option=com_events&task=view_day&year=2008&month=08&day=23&Itemid=1,https://web.archive.org/web/20080817011759/http://www.press.sk:80/index.php?option=com_events&task=view_day&year=2008&month=08&day=23&Itemid=1,20080817011759,skip
http://www.press.sk:80/index.php?option=com_events&task=view_day&year=2008&month=08&day=23&Itemid=1,https://web.archive.org/web/20080818124425/http://www.press.sk:80/index.php?option=com_events&task=view_day&year=2008&month=08&day=23&Itemid=1,20080818124425,skip
http://www.press.sk:80/index.php?option=com_events&task=view_day&year=2008&month=08&day=23&Itemid=1,https://web.archive.org/web/20080819214146/http://www.press.sk:80/index.php?option=com_events&task=view_day&year=2008&month=08&day=23&Itemid=1,20080819214146,skip
http://www.press.sk:80/index.php?option=com_events&task=view_day&year=2008&month=08&day=23&Itemid=1,https://web.archive.org/web/20080822052648/http://www.press.sk:80/index.php?option=com_events&task=view_day&year=2008&month=08&day=23&Itemid=1,20080822052648,skip
http://www.press.sk:80/index.php?option=com_events&task=view_day&year=2008&month=08&day=23&Itemid=1,https://web.archive.org/web/20080823123515/http://www.press.sk:80/index.php?option=com_events&task=view_day&year=2008&month=08&day=23&Itemid=1,20080823123515,skip
http://www.press.sk:80/index.php?option=com_events&task=view_day&year=2008&month=08&day=23&Itemid=1,https://web.archive.org/web/20080824212025/http://www.press.sk:80/index.php?option=com_events&task=view_day&year=2008&month=08&day=23&Itemid=1,20080824212025,skip
http://www.press.sk:80/index.php?option=com_events&task=view_day&year=2008&month=08&day=23&Itemid=1,https://web.archive.org/web/20080826052445/http://www.press.sk:80/index.php?option=com_events&task=view_day&year=2008&month=08&day=23&Itemid=1,20080826052445,skip
http://www.press.sk:80/index.php?option=com_events&task=view_day&year=2008&month=09&day=23&Itemid=1,https://web.archive.org/web/20080905205929/http://www.press.sk:80/index.php?option=com_events&task=view_day&year=2008&month=09&day=23&Itemid=1,20080905205929,skip
http://www.press.sk:80/index.php?option=com_events&task=view_day&year=2008&month=09&day=23&Itemid=1,https://web.archive.org/web/20080908060116/http://www.press.sk:80/index.php?option=com_events&task=view_day&year=2008&month=09&day=23&Itemid=1,20080908060116,skip
http://www.press.sk:80/index.php?option=com_events&task=view_day&year=2008&month=09&day=23&Itemid=1,https://web.archive.org/web/20080910071756/http://www.press.sk:80/index.php?option=com_events&task=view_day&year=2008&month=09&day=23&Itemid=1,20080910071756,skip
http://www.press.sk:80/index.php?option=com_events&task=view_day&year=2008&month=09&day=23&Itemid=1,https://web.archive.org/web/20080911234122/http://www.press.sk:80/index.php?option=com_events&task=view_day&year=2008&month=09&day=23&Itemid=1,20080911234122,skip
http://www.press.sk:80/index.php?option=com_events&task=view_day&year=2008&month=06&day=24&Itemid=1,https://web.archive.org/web/20080701203859/http://www.press.sk:80/index.php?option=com_events&task=view_day&year=2008&month=06&day=24&Itemid=1,20080701203859,skip
http://www.press.sk:80/index.php?option=com_events&task=view_day&year=2008&month=07&day=24&Itemid=1,https://web.archive.org/web/20080703205816/http://www.press.sk:80/index.php?option=com_events&task=view_day&year=2008&month=07&day=24&Itemid=1,20080703205816,skip
http://www.press.sk:80/index.php?option=com_events&task=view_day&year=2008&month=07&day=24&Itemid=1,https://web.archive.org/web/20080704214224/http://www.press.sk:80/index.php?option=com_events&task=view_day&year=2008&month=07&day=24&Itemid=1,20080704214224,skip
http://www.press.sk:80/index.php?option=com_events&task=view_day&year=2008&month=07&day=24&Itemid=1,https://web.archive.org/web/20080712105103/http://www.press.sk:80/index.php?option=com_events&task=view_day&year=2008&month=07&day=24&Itemid=1,20080712105103,skip
http://www.press.sk:80/index.php?option=com_events&task=view_day&year=2008&month=07&day=24&Itemid=1,https://web.archive.org/web/20080723183520/http://www.press.sk:80/index.php?option=com_events&task=view_day&year=2008&month=07&day=24&Itemid=1,20080723183520,skip
http://www.press.sk:80/index.php?option=com_events&task=view_day&year=2008&month=07&day=24&Itemid=1,https://web.archive.org/web/20080731191250/http://www.press.sk:80/index.php?option=com_events&task=view_day&year=2008&month=07&day=24&Itemid=1,20080731191250,skip
http://www.press.sk:80/index.php?option=com_events&task=view_day&year=2008&month=08&day=24&Itemid=1,https://web.archive.org/web/20080813144247/http://www.press.sk:80/index.php?option=com_events&task=view_day&year=2008&month=08&day=24&Itemid=1,20080813144247,skip
http://www.press.sk:80/index.php?option=com_events&task=view_day&year=2008&month=08&day=24&Itemid=1,https://web.archive.org/web/20080815160459/http://www.press.sk:80/index.php?option=com_events&task=view_day&year=2008&month=08&day=24&Itemid=1,20080815160459,skip
http://www.press.sk:80/index.php?option=com_events&task=view_day&year=2008&month=08&day=24&Itemid=1,https://web.archive.org/web/20080817011804/http://www.press.sk:80/index.php?option=com_events&task=view_day&year=2008&month=08&day=24&Itemid=1,20080817011804,skip
http://www.press.sk:80/index.php?option=com_events&task=view_day&year=2008&month=08&day=24&Itemid=1,https://web.archive.org/web/20080818124430/http://www.press.sk:80/index.php?option=com_events&task=view_day&year=2008&month=08&day=24&Itemid=1,20080818124430,skip
http://www.press.sk:80/index.php?option=com_events&task=view_day&year=2008&month=08&day=24&Itemid=1,https://web.archive.org/web/20080819214151/http://www.press.sk:80/index.php?option=com_events&task=view_day&year=2008&month=08&day=24&Itemid=1,20080819214151,skip
http://www.press.sk:80/index.php?option=com_events&task=view_day&year=2008&month=08&day=24&Itemid=1,https://web.archive.org/web/20080822052653/http://www.press.sk:80/index.php?option=com_events&task=view_day&year=2008&month=08&day=24&Itemid=1,20080822052653,skip
http://www.press.sk:80/index.php?option=com_events&task=view_day&year=2008&month=08&day=24&Itemid=1,https://web.archive.org/web/20080823123520/http://www.press.sk:80/index.php?option=com_events&task=view_day&year=2008&month=08&day=24&Itemid=1,20080823123520,skip
http://www.press.sk:80/index.php?option=com_events&task=view_day&year=2008&month=08&day=24&Itemid=1,https://web.archive.org/web/20080824212030/http://www.press.sk:80/index.php?option=com_events&task=view_day&year=2008&month=08&day=24&Itemid=1,20080824212030,skip
http://www.press.sk:80/index.php?option=com_events&task=view_day&year=2008&month=08&day=24&Itemid=1,https://web.archive.org/web/20080826052450/http://www.press.sk:80/index.php?option=com_events&task=view_day&year=2008&month=08&day=24&Itemid=1,20080826052450,skip
http://www.press.sk:80/index.php?option=com_events&task=view_day&year=2008&month=09&day=24&Itemid=1,https://web.archive.org/web/20080905205935/http://www.press.sk:80/index.php?option=com_events&task=view_day&year=2008&month=09&day=24&Itemid=1,20080905205935,skip
http://www.press.sk:80/index.php?option=com_events&task=view_day&year=2008&month=09&day=24&Itemid=1,https://web.archive.org/web/20080908060121/http://www.press.sk:80/index.php?option=com_events&task=view_day&year=2008&month=09&day=24&Itemid=1,20080908060121,skip
http://www.press.sk:80/index.php?option=com_events&task=view_day&year=2008&month=09&day=24&Itemid=1,https://web.archive.org/web/20080910071802/http://www.press.sk:80/index.php?option=com_events&task=view_day&year=2008&month=09&day=24&Itemid=1,20080910071802,skip
http://www.press.sk:80/index.php?option=com_events&task=view_day&year=2008&month=09&day=24&Itemid=1,https://web.archive.org/web/20080911234127/http://www.press.sk:80/index.php?option=com_events&task=view_day&year=2008&month=09&day=24&Itemid=1,20080911234127,skip
http://www.press.sk:80/index.php?option=com_events&task=view_day&year=2008&month=06&day=25&Itemid=1,https://web.archive.org/web/20080701203904/http://www.press.sk:80/index.php?option=com_events&task=view_day&year=2008&month=06&day=25&Itemid=1,20080701203904,skip
http://www.press.sk:80/index.php?option=com_events&task=view_day&year=2008&month=07&day=25&Itemid=1,https://web.archive.org/web/20080703205822/http://www.press.sk:80/index.php?option=com_events&task=view_day&year=2008&month=07&day=25&Itemid=1,20080703205822,skip
http://www.press.sk:80/index.php?option=com_events&task=view_day&year=2008&month=07&day=25&Itemid=1,https://web.archive.org/web/20080704214230/http://www.press.sk:80/index.php?option=com_events&task=view_day&year=2008&month=07&day=25&Itemid=1,20080704214230,skip
http://www.press.sk:80/index.php?option=com_events&task=view_day&year=2008&month=07&day=25&Itemid=1,https://web.archive.org/web/20080712104915/http://www.press.sk:80/index.php?option=com_events&task=view_day&year=2008&month=07&day=25&Itemid=1,20080712104915,skip
http://www.press.sk:80/index.php?option=com_events&task=view_day&year=2008&month=07&day=25&Itemid=1,https://web.archive.org/web/20080723183127/http://www.press.sk:80/index.php?option=com_events&task=view_day&year=2008&month=07&day=25&Itemid=1,20080723183127,skip
http://www.press.sk:80/index.php?option=com_events&task=view_day&year=2008&month=07&day=25&Itemid=1,https://web.archive.org/web/20080731184552/http://www.press.sk:80/index.php?option=com_events&task=view_day&year=2008&month=07&day=25&Itemid=1,20080731184552,skip
http://www.press.sk:80/index.php?option=com_events&task=view_day&year=2008&month=08&day=25&Itemid=1,https://web.archive.org/web/20080815160504/http://www.press.sk:80/index.php?option=com_events&task=view_day&year=2008&month=08&day=25&Itemid=1,20080815160504,skip
http://www.press.sk:80/index.php?option=com_events&task=view_day&year=2008&month=08&day=25&Itemid=1,https://web.archive.org/web/20080817011809/http://www.press.sk:80/index.php?option=com_events&task=view_day&year=2008&month=08&day=25&Itemid=1,20080817011809,skip
http://www.press.sk:80/index.php?option=com_events&task=view_day&year=2008&month=08&day=25&Itemid=1,https://web.archive.org/web/20080818124436/http://www.press.sk:80/index.php?option=com_events&task=view_day&year=2008&month=08&day=25&Itemid=1,20080818124436,skip
http://www.press.sk:80/index.php?option=com_events&task=view_day&year=2008&month=08&day=25&Itemid=1,https://web.archive.org/web/20080819214156/http://www.press.sk:80/index.php?option=com_events&task=view_day&year=2008&month=08&day=25&Itemid=1,20080819214156,skip
http://www.press.sk:80/index.php?option=com_events&task=view_day&year=2008&month=08&day=25&Itemid=1,https://web.archive.org/web/20080822052659/http://www.press.sk:80/index.php?option=com_events&task=view_day&year=2008&month=08&day=25&Itemid=1,20080822052659,skip
http://www.press.sk:80/index.php?option=com_events&task=view_day&year=2008&month=08&day=25&Itemid=1,https://web.archive.org/web/20080823123524/http://www.press.sk:80/index.php?option=com_events&task=view_day&year=2008&month=08&day=25&Itemid=1,20080823123524,skip
http://www.press.sk:80/index.php?option=com_events&task=view_day&year=2008&month=08&day=25&Itemid=1,https://web.archive.org/web/20080824212035/http://www.press.sk:80/index.php?option=com_events&task=view_day&year=2008&month=08&day=25&Itemid=1,20080824212035,skip
http://www.press.sk:80/index.php?option=com_events&task=view_day&year=2008&month=08&day=25&Itemid=1,https://web.archive.org/web/20080826052455/http://www.press.sk:80/index.php?option=com_events&task=view_day&year=2008&month=08&day=25&Itemid=1,20080826052455,skip
http://www.press.sk:80/index.php?option=com_events&task=view_day&year=2008&month=09&day=25&Itemid=1,https://web.archive.org/web/20080905205939/http://www.press.sk:80/index.php?option=com_events&task=view_day&year=2008&month=09&day=25&Itemid=1,20080905205939,skip
http://www.press.sk:80/index.php?option=com_events&task=view_day&year=2008&month=09&day=25&Itemid=1,https://web.archive.org/web/20080908060126/http://www.press.sk:80/index.php?option=com_events&task=view_day&year=2008&month=09&day=25&Itemid=1,20080908060126,skip
http://www.press.sk:80/index.php?option=com_events&task=view_day&year=2008&month=09&day=25&Itemid=1,https://web.archive.org/web/20080910071807/http://www.press.sk:80/index.php?option=com_events&task=view_day&year=2008&month=09&day=25&Itemid=1,20080910071807,skip
http://www.press.sk:80/index.php?option=com_events&task=view_day&year=2008&month=09&day=25&Itemid=1,https://web.archive.org/web/20080911234132/http://www.press.sk:80/index.php?option=com_events&task=view_day&year=2008&month=09&day=25&Itemid=1,20080911234132,skip
http://www.press.sk:80/index.php?option=com_events&task=view_day&year=2008&month=06&day=26&Itemid=1,https://web.archive.org/web/20080701203651/http://www.press.sk:80/index.php?option=com_events&task=view_day&year=2008&month=06&day=26&Itemid=1,20080701203651,skip
http://www.press.sk:80/index.php?option=com_events&task=view_day&year=2008&month=07&day=26&Itemid=1,https://web.archive.org/web/20080703205827/http://www.press.sk:80/index.php?option=com_events&task=view_day&year=2008&month=07&day=26&Itemid=1,20080703205827,skip
http://www.press.sk:80/index.php?option=com_events&task=view_day&year=2008&month=07&day=26&Itemid=1,https://web.archive.org/web/20080704214235/http://www.press.sk:80/index.php?option=com_events&task=view_day&year=2008&month=07&day=26&Itemid=1,20080704214235,skip
http://www.press.sk:80/index.php?option=com_events&task=view_day&year=2008&month=07&day=26&Itemid=1,https://web.archive.org/web/20080712110014/http://www.press.sk:80/index.php?option=com_events&task=view_day&year=2008&month=07&day=26&Itemid=1,20080712110014,skip
http://www.press.sk:80/index.php?option=com_events&task=view_day&year=2008&month=07&day=26&Itemid=1,https://web.archive.org/web/20080723183526/http://www.press.sk:80/index.php?option=com_events&task=view_day&year=2008&month=07&day=26&Itemid=1,20080723183526,skip
http://www.press.sk:80/index.php?option=com_events&task=view_day&year=2008&month=07&day=26&Itemid=1,https://web.archive.org/web/20080731184556/http://www.press.sk:80/index.php?option=com_events&task=view_day&year=2008&month=07&day=26&Itemid=1,20080731184556,skip
http://www.press.sk:80/index.php?option=com_events&task=view_month&year=2008&month=07&day=26&Itemid=1,https://web.archive.org/web/20080908111226/http://www.press.sk:80/index.php?option=com_events&task=view_month&year=2008&month=07&day=26&Itemid=1,20080908111226,skip
http://www.press.sk:80/index.php?option=com_events&task=view_day&year=2008&month=08&day=26&Itemid=1,https://web.archive.org/web/20080815160510/http://www.press.sk:80/index.php?option=com_events&task=view_day&year=2008&month=08&day=26&Itemid=1,20080815160510,skip
http://www.press.sk:80/index.php?option=com_events&task=view_day&year=2008&month=08&day=26&Itemid=1,https://web.archive.org/web/20080817011816/http://www.press.sk:80/index.php?option=com_events&task=view_day&year=2008&month=08&day=26&Itemid=1,20080817011816,skip
http://www.press.sk:80/index.php?option=com_events&task=view_day&year=2008&month=08&day=26&Itemid=1,https://web.archive.org/web/20080818124440/http://www.press.sk:80/index.php?option=com_events&task=view_day&year=2008&month=08&day=26&Itemid=1,20080818124440,skip
http://www.press.sk:80/index.php?option=com_events&task=view_day&year=2008&month=08&day=26&Itemid=1,https://web.archive.org/web/20080819214202/http://www.press.sk:80/index.php?option=com_events&task=view_day&year=2008&month=08&day=26&Itemid=1,20080819214202,skip
http://www.press.sk:80/index.php?option=com_events&task=view_day&year=2008&month=08&day=26&Itemid=1,https://web.archive.org/web/20080822052703/http://www.press.sk:80/index.php?option=com_events&task=view_day&year=2008&month=08&day=26&Itemid=1,20080822052703,skip
http://www.press.sk:80/index.php?option=com_events&task=view_day&year=2008&month=08&day=26&Itemid=1,https://web.archive.org/web/20080823123530/http://www.press.sk:80/index.php?option=com_events&task=view_day&year=2008&month=08&day=26&Itemid=1,20080823123530,skip
http://www.press.sk:80/index.php?option=com_events&task=view_day&year=2008&month=08&day=26&Itemid=1,https://web.archive.org/web/20080824212040/http://www.press.sk:80/index.php?option=com_events&task=view_day&year=2008&month=08&day=26&Itemid=1,20080824212040,skip
http://www.press.sk:80/index.php?option=com_events&task=view_day&year=2008&month=08&day=26&Itemid=1,https://web.archive.org/web/20080826052908/http://www.press.sk:80/index.php?option=com_events&task=view_day&year=2008&month=08&day=26&Itemid=1,20080826052908,skip
http://www.press.sk:80/index.php?option=com_events&task=view_last&year=2008&month=08&day=26&Itemid=1,https://web.archive.org/web/20080908111245/http://www.press.sk:80/index.php?option=com_events&task=view_last&year=2008&month=08&day=26&Itemid=1,20080908111245,skip
http://www.press.sk:80/index.php?option=com_events&task=view_month&year=2007&month=08&day=26&Itemid=1,https://web.archive.org/web/20080908111224/http://www.press.sk:80/index.php?option=com_events&task=view_month&year=2007&month=08&day=26&Itemid=1,20080908111224,skip
http://www.press.sk:80/index.php?option=com_events&task=view_month&year=2009&month=08&day=26&Itemid=1,https://web.archive.org/web/20080911234931/http://www.press.sk:80/index.php?option=com_events&task=view_month&year=2009&month=08&day=26&Itemid=1,20080911234931,skip
http://www.press.sk:80/index.php?option=com_events&task=view_day&year=2008&month=09&day=26&Itemid=1,https://web.archive.org/web/20080905205944/http://www.press.sk:80/index.php?option=com_events&task=view_day&year=2008&month=09&day=26&Itemid=1,20080905205944,skip
http://www.press.sk:80/index.php?option=com_events&task=view_day&year=2008&month=09&day=26&Itemid=1,https://web.archive.org/web/20080908060131/http://www.press.sk:80/index.php?option=com_events&task=view_day&year=2008&month=09&day=26&Itemid=1,20080908060131,skip
http://www.press.sk:80/index.php?option=com_events&task=view_day&year=2008&month=09&day=26&Itemid=1,https://web.archive.org/web/20080910071812/http://www.press.sk:80/index.php?option=com_events&task=view_day&year=2008&month=09&day=26&Itemid=1,20080910071812,skip
http://www.press.sk:80/index.php?option=com_events&task=view_day&year=2008&month=09&day=26&Itemid=1,https://web.archive.org/web/20080911234137/http://www.press.sk:80/index.php?option=com_events&task=view_day&year=2008&month=09&day=26&Itemid=1,20080911234137,skip
http://www.press.sk:80/index.php?option=com_events&task=view_month&year=2008&month=09&day=26&Itemid=1,https://web.archive.org/web/20080911233558/http://www.press.sk:80/index.php?option=com_events&task=view_month&year=2008&month=09&day=26&Itemid=1,20080911233558,skip
http://www.press.sk:80/index.php?option=com_events&task=view_day&year=2008&month=06&day=27&Itemid=1,https://web.archive.org/web/20080701203910/http://www.press.sk:80/index.php?option=com_events&task=view_day&year=2008&month=06&day=27&Itemid=1,20080701203910,skip
http://www.press.sk:80/index.php?option=com_events&task=view_day&year=2008&month=07&day=27&Itemid=1,https://web.archive.org/web/20080703205832/http://www.press.sk:80/index.php?option=com_events&task=view_day&year=2008&month=07&day=27&Itemid=1,20080703205832,skip
http://www.press.sk:80/index.php?option=com_events&task=view_day&year=2008&month=07&day=27&Itemid=1,https://web.archive.org/web/20080704214240/http://www.press.sk:80/index.php?option=com_events&task=view_day&year=2008&month=07&day=27&Itemid=1,20080704214240,skip
http://www.press.sk:80/index.php?option=com_events&task=view_day&year=2008&month=07&day=27&Itemid=1,https://web.archive.org/web/20080712104919/http://www.press.sk:80/index.php?option=com_events&task=view_day&year=2008&month=07&day=27&Itemid=1,20080712104919,skip
http://www.press.sk:80/index.php?option=com_events&task=view_day&year=2008&month=07&day=27&Itemid=1,https://web.archive.org/web/20080723183131/http://www.press.sk:80/index.php?option=com_events&task=view_day&year=2008&month=07&day=27&Itemid=1,20080723183131,skip
http://www.press.sk:80/index.php?option=com_events&task=view_day&year=2008&month=07&day=27&Itemid=1,https://web.archive.org/web/20080731184602/http://www.press.sk:80/index.php?option=com_events&task=view_day&year=2008&month=07&day=27&Itemid=1,20080731184602,skip
http://www.press.sk:80/index.php?option=com_events&task=view_day&year=2008&month=08&day=27&Itemid=1,https://web.archive.org/web/20080815160516/http://www.press.sk:80/index.php?option=com_events&task=view_day&year=2008&month=08&day=27&Itemid=1,20080815160516,skip
http://www.press.sk:80/index.php?option=com_events&task=view_day&year=2008&month=08&day=27&Itemid=1,https://web.archive.org/web/20080817011824/http://www.press.sk:80/index.php?option=com_events&task=view_day&year=2008&month=08&day=27&Itemid=1,20080817011824,skip
http://www.press.sk:80/index.php?option=com_events&task=view_day&year=2008&month=08&day=27&Itemid=1,https://web.archive.org/web/20080818124446/http://www.press.sk:80/index.php?option=com_events&task=view_day&year=2008&month=08&day=27&Itemid=1,20080818124446,skip
http://www.press.sk:80/index.php?option=com_events&task=view_day&year=2008&month=08&day=27&Itemid=1,https://web.archive.org/web/20080819214206/http://www.press.sk:80/index.php?option=com_events&task=view_day&year=2008&month=08&day=27&Itemid=1,20080819214206,skip
http://www.press.sk:80/index.php?option=com_events&task=view_day&year=2008&month=08&day=27&Itemid=1,https://web.archive.org/web/20080822052708/http://www.press.sk:80/index.php?option=com_events&task=view_day&year=2008&month=08&day=27&Itemid=1,20080822052708,skip
http://www.press.sk:80/index.php?option=com_events&task=view_day&year=2008&month=08&day=27&Itemid=1,https://web.archive.org/web/20080823123533/http://www.press.sk:80/index.php?option=com_events&task=view_day&year=2008&month=08&day=27&Itemid=1,20080823123533,skip
http://www.press.sk:80/index.php?option=com_events&task=view_day&year=2008&month=08&day=27&Itemid=1,https://web.archive.org/web/20080824212046/http://www.press.sk:80/index.php?option=com_events&task=view_day&year=2008&month=08&day=27&Itemid=1,20080824212046,skip
http://www.press.sk:80/index.php?option=com_events&task=view_day&year=2008&month=08&day=27&Itemid=1,https://web.archive.org/web/20080826052913/http://www.press.sk:80/index.php?option=com_events&task=view_day&year=2008&month=08&day=27&Itemid=1,20080826052913,skip
http://www.press.sk:80/index.php?option=com_events&task=view_day&year=2008&month=09&day=27&Itemid=1,https://web.archive.org/web/20080905205949/http://www.press.sk:80/index.php?option=com_events&task=view_day&year=2008&month=09&day=27&Itemid=1,20080905205949,skip
http://www.press.sk:80/index.php?option=com_events&task=view_day&year=2008&month=09&day=27&Itemid=1,https://web.archive.org/web/20080908060136/http://www.press.sk:80/index.php?option=com_events&task=view_day&year=2008&month=09&day=27&Itemid=1,20080908060136,skip
http://www.press.sk:80/index.php?option=com_events&task=view_day&year=2008&month=09&day=27&Itemid=1,https://web.archive.org/web/20080910071817/http://www.press.sk:80/index.php?option=com_events&task=view_day&year=2008&month=09&day=27&Itemid=1,20080910071817,skip
http://www.press.sk:80/index.php?option=com_events&task=view_day&year=2008&month=09&day=27&Itemid=1,https://web.archive.org/web/20080911234142/http://www.press.sk:80/index.php?option=com_events&task=view_day&year=2008&month=09&day=27&Itemid=1,20080911234142,skip
http://www.press.sk:80/index.php?option=com_events&task=view_day&year=2008&month=06&day=28&Itemid=1,https://web.archive.org/web/20080701203915/http://www.press.sk:80/index.php?option=com_events&task=view_day&year=2008&month=06&day=28&Itemid=1,20080701203915,skip
http://www.press.sk:80/index.php?option=com_events&task=view_day&year=2008&month=07&day=28&Itemid=1,https://web.archive.org/web/20080703205838/http://www.press.sk:80/index.php?option=com_events&task=view_day&year=2008&month=07&day=28&Itemid=1,20080703205838,skip
http://www.press.sk:80/index.php?option=com_events&task=view_day&year=2008&month=07&day=28&Itemid=1,https://web.archive.org/web/20080704214442/http://www.press.sk:80/index.php?option=com_events&task=view_day&year=2008&month=07&day=28&Itemid=1,20080704214442,skip
http://www.press.sk:80/index.php?option=com_events&task=view_day&year=2008&month=07&day=28&Itemid=1,https://web.archive.org/web/20080712110019/http://www.press.sk:80/index.php?option=com_events&task=view_day&year=2008&month=07&day=28&Itemid=1,20080712110019,skip
http://www.press.sk:80/index.php?option=com_events&task=view_day&year=2008&month=07&day=28&Itemid=1,https://web.archive.org/web/20080723183138/http://www.press.sk:80/index.php?option=com_events&task=view_day&year=2008&month=07&day=28&Itemid=1,20080723183138,skip
http://www.press.sk:80/index.php?option=com_events&task=view_day&year=2008&month=07&day=28&Itemid=1,https://web.archive.org/web/20080731191301/http://www.press.sk:80/index.php?option=com_events&task=view_day&year=2008&month=07&day=28&Itemid=1,20080731191301,skip
http://www.press.sk:80/index.php?option=com_events&task=view_day&year=2008&month=08&day=28&Itemid=1,https://web.archive.org/web/20080815160520/http://www.press.sk:80/index.php?option=com_events&task=view_day&year=2008&month=08&day=28&Itemid=1,20080815160520,skip
http://www.press.sk:80/index.php?option=com_events&task=view_day&year=2008&month=08&day=28&Itemid=1,https://web.archive.org/web/20080817011827/http://www.press.sk:80/index.php?option=com_events&task=view_day&year=2008&month=08&day=28&Itemid=1,20080817011827,skip
http://www.press.sk:80/index.php?option=com_events&task=view_day&year=2008&month=08&day=28&Itemid=1,https://web.archive.org/web/20080818124451/http://www.press.sk:80/index.php?option=com_events&task=view_day&year=2008&month=08&day=28&Itemid=1,20080818124451,skip
http://www.press.sk:80/index.php?option=com_events&task=view_day&year=2008&month=08&day=28&Itemid=1,https://web.archive.org/web/20080819214211/http://www.press.sk:80/index.php?option=com_events&task=view_day&year=2008&month=08&day=28&Itemid=1,20080819214211,skip
http://www.press.sk:80/index.php?option=com_events&task=view_day&year=2008&month=08&day=28&Itemid=1,https://web.archive.org/web/20080822052713/http://www.press.sk:80/index.php?option=com_events&task=view_day&year=2008&month=08&day=28&Itemid=1,20080822052713,skip
http://www.press.sk:80/index.php?option=com_events&task=view_day&year=2008&month=08&day=28&Itemid=1,https://web.archive.org/web/20080823123539/http://www.press.sk:80/index.php?option=com_events&task=view_day&year=2008&month=08&day=28&Itemid=1,20080823123539,skip
http://www.press.sk:80/index.php?option=com_events&task=view_day&year=2008&month=08&day=28&Itemid=1,https://web.archive.org/web/20080824212051/http://www.press.sk:80/index.php?option=com_events&task=view_day&year=2008&month=08&day=28&Itemid=1,20080824212051,skip
http://www.press.sk:80/index.php?option=com_events&task=view_day&year=2008&month=08&day=28&Itemid=1,https://web.archive.org/web/20080826052917/http://www.press.sk:80/index.php?option=com_events&task=view_day&year=2008&month=08&day=28&Itemid=1,20080826052917,skip
http://www.press.sk:80/index.php?option=com_events&task=view_day&year=2008&month=09&day=28&Itemid=1,https://web.archive.org/web/20080905205956/http://www.press.sk:80/index.php?option=com_events&task=view_day&year=2008&month=09&day=28&Itemid=1,20080905205956,skip
http://www.press.sk:80/index.php?option=com_events&task=view_day&year=2008&month=09&day=28&Itemid=1,https://web.archive.org/web/20080908060141/http://www.press.sk:80/index.php?option=com_events&task=view_day&year=2008&month=09&day=28&Itemid=1,20080908060141,skip
http://www.press.sk:80/index.php?option=com_events&task=view_day&year=2008&month=09&day=28&Itemid=1,https://web.archive.org/web/20080910071822/http://www.press.sk:80/index.php?option=com_events&task=view_day&year=2008&month=09&day=28&Itemid=1,20080910071822,skip
http://www.press.sk:80/index.php?option=com_events&task=view_day&year=2008&month=09&day=28&Itemid=1,https://web.archive.org/web/20080911234147/http://www.press.sk:80/index.php?option=com_events&task=view_day&year=2008&month=09&day=28&Itemid=1,20080911234147,skip
http://www.press.sk:80/index.php?option=com_events&task=view_day&year=2008&month=06&day=29&Itemid=1,https://web.archive.org/web/20080701203920/http://www.press.sk:80/index.php?option=com_events&task=view_day&year=2008&month=06&day=29&Itemid=1,20080701203920,skip
http://www.press.sk:80/index.php?option=com_events&task=view_day&year=2008&month=07&day=29&Itemid=1,https://web.archive.org/web/20080703205842/http://www.press.sk:80/index.php?option=com_events&task=view_day&year=2008&month=07&day=29&Itemid=1,20080703205842,skip
http://www.press.sk:80/index.php?option=com_events&task=view_day&year=2008&month=07&day=29&Itemid=1,https://web.archive.org/web/20080704214246/http://www.press.sk:80/index.php?option=com_events&task=view_day&year=2008&month=07&day=29&Itemid=1,20080704214246,skip
http://www.press.sk:80/index.php?option=com_events&task=view_day&year=2008&month=07&day=29&Itemid=1,https://web.archive.org/web/20080712110025/http://www.press.sk:80/index.php?option=com_events&task=view_day&year=2008&month=07&day=29&Itemid=1,20080712110025,skip
http://www.press.sk:80/index.php?option=com_events&task=view_day&year=2008&month=07&day=29&Itemid=1,https://web.archive.org/web/20080723183530/http://www.press.sk:80/index.php?option=com_events&task=view_day&year=2008&month=07&day=29&Itemid=1,20080723183530,skip
http://www.press.sk:80/index.php?option=com_events&task=view_day&year=2008&month=07&day=29&Itemid=1,https://web.archive.org/web/20080731184607/http://www.press.sk:80/index.php?option=com_events&task=view_day&year=2008&month=07&day=29&Itemid=1,20080731184607,skip
http://www.press.sk:80/index.php?option=com_events&task=view_day&year=2008&month=08&day=29&Itemid=1,https://web.archive.org/web/20080815160525/http://www.press.sk:80/index.php?option=com_events&task=view_day&year=2008&month=08&day=29&Itemid=1,20080815160525,skip
http://www.press.sk:80/index.php?option=com_events&task=view_day&year=2008&month=08&day=29&Itemid=1,https://web.archive.org/web/20080817011833/http://www.press.sk:80/index.php?option=com_events&task=view_day&year=2008&month=08&day=29&Itemid=1,20080817011833,skip
http://www.press.sk:80/index.php?option=com_events&task=view_day&year=2008&month=08&day=29&Itemid=1,https://web.archive.org/web/20080818124458/http://www.press.sk:80/index.php?option=com_events&task=view_day&year=2008&month=08&day=29&Itemid=1,20080818124458,skip
http://www.press.sk:80/index.php?option=com_events&task=view_day&year=2008&month=08&day=29&Itemid=1,https://web.archive.org/web/20080819214216/http://www.press.sk:80/index.php?option=com_events&task=view_day&year=2008&month=08&day=29&Itemid=1,20080819214216,skip
http://www.press.sk:80/index.php?option=com_events&task=view_day&year=2008&month=08&day=29&Itemid=1,https://web.archive.org/web/20080822052718/http://www.press.sk:80/index.php?option=com_events&task=view_day&year=2008&month=08&day=29&Itemid=1,20080822052718,skip
http://www.press.sk:80/index.php?option=com_events&task=view_day&year=2008&month=08&day=29&Itemid=1,https://web.archive.org/web/20080823123544/http://www.press.sk:80/index.php?option=com_events&task=view_day&year=2008&month=08&day=29&Itemid=1,20080823123544,skip
http://www.press.sk:80/index.php?option=com_events&task=view_day&year=2008&month=08&day=29&Itemid=1,https://web.archive.org/web/20080824212056/http://www.press.sk:80/index.php?option=com_events&task=view_day&year=2008&month=08&day=29&Itemid=1,20080824212056,skip
http://www.press.sk:80/index.php?option=com_events&task=view_day&year=2008&month=08&day=29&Itemid=1,https://web.archive.org/web/20080826052922/http://www.press.sk:80/index.php?option=com_events&task=view_day&year=2008&month=08&day=29&Itemid=1,20080826052922,skip
http://www.press.sk:80/index.php?option=com_events&task=view_day&year=2008&month=09&day=29&Itemid=1,https://web.archive.org/web/20080905210003/http://www.press.sk:80/index.php?option=com_events&task=view_day&year=2008&month=09&day=29&Itemid=1,20080905210003,skip
http://www.press.sk:80/index.php?option=com_events&task=view_day&year=2008&month=09&day=29&Itemid=1,https://web.archive.org/web/20080908060146/http://www.press.sk:80/index.php?option=com_events&task=view_day&year=2008&month=09&day=29&Itemid=1,20080908060146,skip
http://www.press.sk:80/index.php?option=com_events&task=view_day&year=2008&month=09&day=29&Itemid=1,https://web.archive.org/web/20080910071827/http://www.press.sk:80/index.php?option=com_events&task=view_day&year=2008&month=09&day=29&Itemid=1,20080910071827,skip
http://www.press.sk:80/index.php?option=com_events&task=view_day&year=2008&month=09&day=29&Itemid=1,https://web.archive.org/web/20080911234152/http://www.press.sk:80/index.php?option=com_events&task=view_day&year=2008&month=09&day=29&Itemid=1,20080911234152,skip
http://www.press.sk:80/index.php?option=com_events&task=view_day&year=2008&month=06&day=30&Itemid=1,https://web.archive.org/web/20080701203657/http://www.press.sk:80/index.php?option=com_events&task=view_day&year=2008&month=06&day=30&Itemid=1,20080701203657,skip
http://www.press.sk:80/index.php?option=com_events&task=view_day&year=2008&month=07&day=30&Itemid=1,https://web.archive.org/web/20080703205848/http://www.press.sk:80/index.php?option=com_events&task=view_day&year=2008&month=07&day=30&Itemid=1,20080703205848,skip
http://www.press.sk:80/index.php?option=com_events&task=view_day&year=2008&month=07&day=30&Itemid=1,https://web.archive.org/web/20080704214448/http://www.press.sk:80/index.php?option=com_events&task=view_day&year=2008&month=07&day=30&Itemid=1,20080704214448,skip
http://www.press.sk:80/index.php?option=com_events&task=view_day&year=2008&month=07&day=30&Itemid=1,https://web.archive.org/web/20080712104924/http://www.press.sk:80/index.php?option=com_events&task=view_day&year=2008&month=07&day=30&Itemid=1,20080712104924,skip
http://www.press.sk:80/index.php?option=com_events&task=view_day&year=2008&month=07&day=30&Itemid=1,https://web.archive.org/web/20080723183535/http://www.press.sk:80/index.php?option=com_events&task=view_day&year=2008&month=07&day=30&Itemid=1,20080723183535,skip
http://www.press.sk:80/index.php?option=com_events&task=view_day&year=2008&month=07&day=30&Itemid=1,https://web.archive.org/web/20080731184612/http://www.press.sk:80/index.php?option=com_events&task=view_day&year=2008&month=07&day=30&Itemid=1,20080731184612,skip
http://www.press.sk:80/index.php?option=com_events&task=view_day&year=2008&month=08&day=30&Itemid=1,https://web.archive.org/web/20080815160530/http://www.press.sk:80/index.php?option=com_events&task=view_day&year=2008&month=08&day=30&Itemid=1,20080815160530,skip
http://www.press.sk:80/index.php?option=com_events&task=view_day&year=2008&month=08&day=30&Itemid=1,https://web.archive.org/web/20080817011838/http://www.press.sk:80/index.php?option=com_events&task=view_day&year=2008&month=08&day=30&Itemid=1,20080817011838,skip
http://www.press.sk:80/index.php?option=com_events&task=view_day&year=2008&month=08&day=30&Itemid=1,https://web.archive.org/web/20080818124504/http://www.press.sk:80/index.php?option=com_events&task=view_day&year=2008&month=08&day=30&Itemid=1,20080818124504,skip
http://www.press.sk:80/index.php?option=com_events&task=view_day&year=2008&month=08&day=30&Itemid=1,https://web.archive.org/web/20080819214222/http://www.press.sk:80/index.php?option=com_events&task=view_day&year=2008&month=08&day=30&Itemid=1,20080819214222,skip
http://www.press.sk:80/index.php?option=com_events&task=view_day&year=2008&month=08&day=30&Itemid=1,https://web.archive.org/web/20080822052724/http://www.press.sk:80/index.php?option=com_events&task=view_day&year=2008&month=08&day=30&Itemid=1,20080822052724,skip
http://www.press.sk:80/index.php?option=com_events&task=view_day&year=2008&month=08&day=30&Itemid=1,https://web.archive.org/web/20080823123549/http://www.press.sk:80/index.php?option=com_events&task=view_day&year=2008&month=08&day=30&Itemid=1,20080823123549,skip
http://www.press.sk:80/index.php?option=com_events&task=view_day&year=2008&month=08&day=30&Itemid=1,https://web.archive.org/web/20080824212101/http://www.press.sk:80/index.php?option=com_events&task=view_day&year=2008&month=08&day=30&Itemid=1,20080824212101,skip
http://www.press.sk:80/index.php?option=com_events&task=view_day&year=2008&month=08&day=30&Itemid=1,https://web.archive.org/web/20080826052927/http://www.press.sk:80/index.php?option=com_events&task=view_day&year=2008&month=08&day=30&Itemid=1,20080826052927,skip
http://www.press.sk:80/index.php?option=com_events&task=view_day&year=2008&month=09&day=30&Itemid=1,https://web.archive.org/web/20080905210008/http://www.press.sk:80/index.php?option=com_events&task=view_day&year=2008&month=09&day=30&Itemid=1,20080905210008,skip
http://www.press.sk:80/index.php?option=com_events&task=view_day&year=2008&month=09&day=30&Itemid=1,https://web.archive.org/web/20080908060151/http://www.press.sk:80/index.php?option=com_events&task=view_day&year=2008&month=09&day=30&Itemid=1,20080908060151,skip
http://www.press.sk:80/index.php?option=com_events&task=view_day&year=2008&month=09&day=30&Itemid=1,https://web.archive.org/web/20080910071832/http://www.press.sk:80/index.php?option=com_events&task=view_day&year=2008&month=09&day=30&Itemid=1,20080910071832,skip
http://www.press.sk:80/index.php?option=com_events&task=view_day&year=2008&month=09&day=30&Itemid=1,https://web.archive.org/web/20080911234158/http://www.press.sk:80/index.php?option=com_events&task=view_day&year=2008&month=09&day=30&Itemid=1,20080911234158,skip
http://www.press.sk:80/index.php?option=com_events&task=view_day&year=2008&month=07&day=31&Itemid=1,https://web.archive.org/web/20080703205855/http://www.press.sk:80/index.php?option=com_events&task=view_day&year=2008&month=07&day=31&Itemid=1,20080703205855,skip
http://www.press.sk:80/index.php?option=com_events&task=view_day&year=2008&month=07&day=31&Itemid=1,https://web.archive.org/web/20080704214254/http://www.press.sk:80/index.php?option=com_events&task=view_day&year=2008&month=07&day=31&Itemid=1,20080704214254,skip
http://www.press.sk:80/index.php?option=com_events&task=view_day&year=2008&month=07&day=31&Itemid=1,https://web.archive.org/web/20080712110030/http://www.press.sk:80/index.php?option=com_events&task=view_day&year=2008&month=07&day=31&Itemid=1,20080712110030,skip
http://www.press.sk:80/index.php?option=com_events&task=view_day&year=2008&month=07&day=31&Itemid=1,https://web.archive.org/web/20080723183143/http://www.press.sk:80/index.php?option=com_events&task=view_day&year=2008&month=07&day=31&Itemid=1,20080723183143,skip
http://www.press.sk:80/index.php?option=com_events&task=view_day&year=2008&month=07&day=31&Itemid=1,https://web.archive.org/web/20080731184618/http://www.press.sk:80/index.php?option=com_events&task=view_day&year=2008&month=07&day=31&Itemid=1,20080731184618,skip
http://www.press.sk:80/index.php?option=com_events&task=view_day&year=2008&month=08&day=31&Itemid=1,https://web.archive.org/web/20080815160535/http://www.press.sk:80/index.php?option=com_events&task=view_day&year=2008&month=08&day=31&Itemid=1,20080815160535,skip
http://www.press.sk:80/index.php?option=com_events&task=view_day&year=2008&month=08&day=31&Itemid=1,https://web.archive.org/web/20080817011844/http://www.press.sk:80/index.php?option=com_events&task=view_day&year=2008&month=08&day=31&Itemid=1,20080817011844,skip
http://www.press.sk:80/index.php?option=com_events&task=view_day&year=2008&month=08&day=31&Itemid=1,https://web.archive.org/web/20080818124508/http://www.press.sk:80/index.php?option=com_events&task=view_day&year=2008&month=08&day=31&Itemid=1,20080818124508,skip
http://www.press.sk:80/index.php?option=com_events&task=view_day&year=2008&month=08&day=31&Itemid=1,https://web.archive.org/web/20080819214226/http://www.press.sk:80/index.php?option=com_events&task=view_day&year=2008&month=08&day=31&Itemid=1,20080819214226,skip
http://www.press.sk:80/index.php?option=com_events&task=view_day&year=2008&month=08&day=31&Itemid=1,https://web.archive.org/web/20080822052730/http://www.press.sk:80/index.php?option=com_events&task=view_day&year=2008&month=08&day=31&Itemid=1,20080822052730,skip
http://www.press.sk:80/index.php?option=com_events&task=view_day&year=2008&month=08&day=31&Itemid=1,https://web.archive.org/web/20080823123554/http://www.press.sk:80/index.php?option=com_events&task=view_day&year=2008&month=08&day=31&Itemid=1,20080823123554,skip
http://www.press.sk:80/index.php?option=com_events&task=view_day&year=2008&month=08&day=31&Itemid=1,https://web.archive.org/web/20080824212107/http://www.press.sk:80/index.php?option=com_events&task=view_day&year=2008&month=08&day=31&Itemid=1,20080824212107,skip
http://www.press.sk:80/index.php?option=com_events&task=view_day&year=2008&month=08&day=31&Itemid=1,https://web.archive.org/web/20080826052932/http://www.press.sk:80/index.php?option=com_events&task=view_day&year=2008&month=08&day=31&Itemid=1,20080826052932,skip
http://www.press.sk:80/index.php?option=content&task=blogsection&id=1&Itemid=31,https://web.archive.org/web/20080701092743/http://www.press.sk:80/index.php?option=content&task=blogsection&id=1&Itemid=31,20080701092743,skip
http://www.press.sk:80/index.php?option=content&task=blogsection&id=1&Itemid=31,https://web.archive.org/web/20080702113645/http://www.press.sk:80/index.php?option=content&task=blogsection&id=1&Itemid=31,20080702113645,skip
http://www.press.sk:80/index.php?option=content&task=blogsection&id=1&Itemid=31,https://web.archive.org/web/20080703161605/http://www.press.sk:80/index.php?option=content&task=blogsection&id=1&Itemid=31,20080703161605,skip
http://www.press.sk:80/index.php?option=content&task=blogsection&id=1&Itemid=31,https://web.archive.org/web/20080705193640/http://www.press.sk:80/index.php?option=content&task=blogsection&id=1&Itemid=31,20080705193640,skip
http://www.press.sk:80/index.php?option=content&task=blogsection&id=1&Itemid=31,https://web.archive.org/web/20080708221405/http://www.press.sk:80/index.php?option=content&task=blogsection&id=1&Itemid=31,20080708221405,skip
http://www.press.sk:80/index.php?option=content&task=blogsection&id=1&Itemid=31,https://web.archive.org/web/20080710010730/http://www.press.sk:80/index.php?option=content&task=blogsection&id=1&Itemid=31,20080710010730,skip
http://www.press.sk:80/index.php?option=content&task=blogsection&id=1&Itemid=31,https://web.archive.org/web/20080711031950/http://www.press.sk:80/index.php?option=content&task=blogsection&id=1&Itemid=31,20080711031950,skip
http://www.press.sk:80/index.php?option=content&task=blogsection&id=1&Itemid=31,https://web.archive.org/web/20080712040948/http://www.press.sk:80/index.php?option=content&task=blogsection&id=1&Itemid=31,20080712040948,skip
http://www.press.sk:80/index.php?option=content&task=blogsection&id=1&Itemid=31,https://web.archive.org/web/20080715171159/http://www.press.sk:80/index.php?option=content&task=blogsection&id=1&Itemid=31,20080715171159,skip
http://www.press.sk:80/index.php?option=content&task=blogsection&id=1&Itemid=31,https://web.archive.org/web/20080720205623/http://www.press.sk:80/index.php?option=content&task=blogsection&id=1&Itemid=31,20080720205623,skip
http://www.press.sk:80/index.php?option=content&task=blogsection&id=1&Itemid=31,https://web.archive.org/web/20080723183225/http://www.press.sk:80/index.php?option=content&task=blogsection&id=1&Itemid=31,20080723183225,skip
http://www.press.sk:80/index.php?option=content&task=blogsection&id=1&Itemid=31,https://web.archive.org/web/20080731191314/http://www.press.sk:80/index.php?option=content&task=blogsection&id=1&Itemid=31,20080731191314,skip
http://www.press.sk:80/index.php?option=content&task=blogsection&id=1&Itemid=31,https://web.archive.org/web/20080806143621/http://www.press.sk:80/index.php?option=content&task=blogsection&id=1&Itemid=31,20080806143621,skip
http://www.press.sk:80/index.php?option=content&task=blogsection&id=1&Itemid=31,https://web.archive.org/web/20080808121004/http://www.press.sk:80/index.php?option=content&task=blogsection&id=1&Itemid=31,20080808121004,skip
http://www.press.sk:80/index.php?option=content&task=blogsection&id=1&Itemid=31,https://web.archive.org/web/20080809183700/http://www.press.sk:80/index.php?option=content&task=blogsection&id=1&Itemid=31,20080809183700,skip
http://www.press.sk.:80/index.php?option=content&task=blogsection&id=1&Itemid=31,https://web.archive.org/web/20080811232643/http://www.press.sk.:80/index.php?option=content&task=blogsection&id=1&Itemid=31,20080811232643,skip
http://www.press.sk:80/index.php?option=content&task=blogsection&id=1&Itemid=31,https://web.archive.org/web/20080813122850/http://www.press.sk:80/index.php?option=content&task=blogsection&id=1&Itemid=31,20080813122850,skip
http://www.press.sk:80/index.php?option=content&task=blogsection&id=1&Itemid=31,https://web.archive.org/web/20080814163237/http://www.press.sk:80/index.php?option=content&task=blogsection&id=1&Itemid=31,20080814163237,skip
http://www.press.sk:80/index.php?option=content&task=blogsection&id=1&Itemid=31,https://web.archive.org/web/20080815183151/http://www.press.sk:80/index.php?option=content&task=blogsection&id=1&Itemid=31,20080815183151,skip
http://www.press.sk:80/index.php?option=content&task=blogsection&id=1&Itemid=31,https://web.archive.org/web/20080817011252/http://www.press.sk:80/index.php?option=content&task=blogsection&id=1&Itemid=31,20080817011252,skip
http://www.press.sk:80/index.php?option=content&task=blogsection&id=1&Itemid=31,https://web.archive.org/web/20080818101411/http://www.press.sk:80/index.php?option=content&task=blogsection&id=1&Itemid=31,20080818101411,skip
http://www.press.sk:80/index.php?option=content&task=blogsection&id=1&Itemid=31,https://web.archive.org/web/20080819214315/http://www.press.sk:80/index.php?option=content&task=blogsection&id=1&Itemid=31,20080819214315,skip
http://www.press.sk:80/index.php?option=content&task=blogsection&id=1&Itemid=31,https://web.archive.org/web/20080822044802/http://www.press.sk:80/index.php?option=content&task=blogsection&id=1&Itemid=31,20080822044802,skip
http://www.press.sk:80/index.php?option=content&task=blogsection&id=1&Itemid=31,https://web.archive.org/web/20080823124807/http://www.press.sk:80/index.php?option=content&task=blogsection&id=1&Itemid=31,20080823124807,skip
http://www.press.sk:80/index.php?option=content&task=blogsection&id=1&Itemid=31,https://web.archive.org/web/20080824212805/http://www.press.sk:80/index.php?option=content&task=blogsection&id=1&Itemid=31,20080824212805,skip
http://www.press.sk:80/index.php?option=content&task=blogsection&id=1&Itemid=31,https://web.archive.org/web/20080826053222/http://www.press.sk:80/index.php?option=content&task=blogsection&id=1&Itemid=31,20080826053222,skip
http://www.press.sk:80/index.php?option=content&task=blogsection&id=1&Itemid=31,https://web.archive.org/web/20080827150044/http://www.press.sk:80/index.php?option=content&task=blogsection&id=1&Itemid=31,20080827150044,skip
http://www.press.sk:80/index.php?option=content&task=blogsection&id=1&Itemid=31,https://web.archive.org/web/20080828221145/http://www.press.sk:80/index.php?option=content&task=blogsection&id=1&Itemid=31,20080828221145,skip
http://www.press.sk:80/index.php?option=content&task=blogsection&id=1&Itemid=31,https://web.archive.org/web/20080830211547/http://www.press.sk:80/index.php?option=content&task=blogsection&id=1&Itemid=31,20080830211547,skip
http://www.press.sk:80/index.php?option=content&task=blogsection&id=1&Itemid=31,https://web.archive.org/web/20080905145917/http://www.press.sk:80/index.php?option=content&task=blogsection&id=1&Itemid=31,20080905145917,skip
http://www.press.sk:80/index.php?option=content&task=blogsection&id=1&Itemid=31,https://web.archive.org/web/20080908034400/http://www.press.sk:80/index.php?option=content&task=blogsection&id=1&Itemid=31,20080908034400,skip
http://www.press.sk:80/index.php?option=content&task=blogsection&id=1&Itemid=31,https://web.archive.org/web/20080910071926/http://www.press.sk:80/index.php?option=content&task=blogsection&id=1&Itemid=31,20080910071926,skip
http://www.press.sk:80/index.php?option=content&task=blogsection&id=1&Itemid=31,https://web.archive.org/web/20080911233613/http://www.press.sk:80/index.php?option=content&task=blogsection&id=1&Itemid=31,20080911233613,skip
http://www.press.sk:80/index.php?option=content&task=blogsection&id=1,https://web.archive.org/web/20080701054529/http://www.press.sk:80/index.php?option=content&task=blogsection&id=1,20080701054529,skip
http://www.press.sk:80/index.php?option=content&task=blogsection&id=1,https://web.archive.org/web/20080702063336/http://www.press.sk:80/index.php?option=content&task=blogsection&id=1,20080702063336,skip
http://www.press.sk:80/index.php?option=content&task=blogsection&id=1,https://web.archive.org/web/20080703110513/http://www.press.sk:80/index.php?option=content&task=blogsection&id=1,20080703110513,skip
http://www.press.sk:80/index.php?option=content&task=blogsection&id=1,https://web.archive.org/web/20080704113137/http://www.press.sk:80/index.php?option=content&task=blogsection&id=1,20080704113137,skip
http://www.press.sk:80/index.php?option=content&task=blogsection&id=1,https://web.archive.org/web/20080706152332/http://www.press.sk:80/index.php?option=content&task=blogsection&id=1,20080706152332,skip
http://www.press.sk:80/index.php?option=content&task=blogsection&id=1,https://web.archive.org/web/20080707154248/http://www.press.sk:80/index.php?option=content&task=blogsection&id=1,20080707154248,skip
http://www.press.sk:80/index.php?option=content&task=blogsection&id=1,https://web.archive.org/web/20080708220812/http://www.press.sk:80/index.php?option=content&task=blogsection&id=1,20080708220812,skip
http://www.press.sk:80/index.php?option=content&task=blogsection&id=1,https://web.archive.org/web/20080710010613/http://www.press.sk:80/index.php?option=content&task=blogsection&id=1,20080710010613,skip
http://www.press.sk:80/index.php?option=content&task=blogsection&id=1,https://web.archive.org/web/20080711031945/http://www.press.sk:80/index.php?option=content&task=blogsection&id=1,20080711031945,skip
http://www.press.sk:80/index.php?option=content&task=blogsection&id=1,https://web.archive.org/web/20080712040941/http://www.press.sk:80/index.php?option=content&task=blogsection&id=1,20080712040941,skip
http://www.press.sk:80/index.php?option=content&task=blogsection&id=1,https://web.archive.org/web/20080715171154/http://www.press.sk:80/index.php?option=content&task=blogsection&id=1,20080715171154,skip
http://www.press.sk:80/index.php?option=content&task=blogsection&id=1,https://web.archive.org/web/20080720205617/http://www.press.sk:80/index.php?option=content&task=blogsection&id=1,20080720205617,skip
http://www.press.sk:80/index.php?option=content&task=blogsection&id=1,https://web.archive.org/web/20080723183605/http://www.press.sk:80/index.php?option=content&task=blogsection&id=1,20080723183605,skip
http://www.press.sk:80/index.php?option=content&task=blogsection&id=1,https://web.archive.org/web/20080731185813/http://www.press.sk:80/index.php?option=content&task=blogsection&id=1,20080731185813,skip
http://www.press.sk:80/index.php?option=content&task=blogsection&id=1,https://web.archive.org/web/20080806143616/http://www.press.sk:80/index.php?option=content&task=blogsection&id=1,20080806143616,skip
http://www.press.sk:80/index.php?option=content&task=blogsection&id=1,https://web.archive.org/web/20080808120954/http://www.press.sk:80/index.php?option=content&task=blogsection&id=1,20080808120954,skip
http://www.press.sk:80/index.php?option=content&task=blogsection&id=1,https://web.archive.org/web/20080809183650/http://www.press.sk:80/index.php?option=content&task=blogsection&id=1,20080809183650,skip
http://www.press.sk.:80/index.php?option=content&task=blogsection&id=1,https://web.archive.org/web/20080811232632/http://www.press.sk.:80/index.php?option=content&task=blogsection&id=1,20080811232632,skip
http://www.press.sk:80/index.php?option=content&task=blogsection&id=1,https://web.archive.org/web/20080813122846/http://www.press.sk:80/index.php?option=content&task=blogsection&id=1,20080813122846,skip
http://www.press.sk:80/index.php?option=content&task=blogsection&id=1,https://web.archive.org/web/20080814163233/http://www.press.sk:80/index.php?option=content&task=blogsection&id=1,20080814163233,skip
http://www.press.sk:80/index.php?option=content&task=blogsection&id=1,https://web.archive.org/web/20080815183145/http://www.press.sk:80/index.php?option=content&task=blogsection&id=1,20080815183145,skip
http://www.press.sk:80/index.php?option=content&task=blogsection&id=1,https://web.archive.org/web/20080817011247/http://www.press.sk:80/index.php?option=content&task=blogsection&id=1,20080817011247,skip
http://www.press.sk:80/index.php?option=content&task=blogsection&id=1,https://web.archive.org/web/20080818101918/http://www.press.sk:80/index.php?option=content&task=blogsection&id=1,20080818101918,skip
http://www.press.sk:80/index.php?option=content&task=blogsection&id=1,https://web.archive.org/web/20080819214310/http://www.press.sk:80/index.php?option=content&task=blogsection&id=1,20080819214310,skip
http://www.press.sk:80/index.php?option=content&task=blogsection&id=1,https://web.archive.org/web/20080822044755/http://www.press.sk:80/index.php?option=content&task=blogsection&id=1,20080822044755,skip
http://www.press.sk:80/index.php?option=content&task=blogsection&id=1,https://web.archive.org/web/20080823124756/http://www.press.sk:80/index.php?option=content&task=blogsection&id=1,20080823124756,skip
http://www.press.sk:80/index.php?option=content&task=blogsection&id=1,https://web.archive.org/web/20080824212759/http://www.press.sk:80/index.php?option=content&task=blogsection&id=1,20080824212759,skip
http://www.press.sk:80/index.php?option=content&task=blogsection&id=1,https://web.archive.org/web/20080826053220/http://www.press.sk:80/index.php?option=content&task=blogsection&id=1,20080826053220,skip
http://www.press.sk:80/index.php?option=content&task=blogsection&id=1,https://web.archive.org/web/20080827150038/http://www.press.sk:80/index.php?option=content&task=blogsection&id=1,20080827150038,skip
http://www.press.sk:80/index.php?option=content&task=blogsection&id=1,https://web.archive.org/web/20080828221139/http://www.press.sk:80/index.php?option=content&task=blogsection&id=1,20080828221139,skip
http://www.press.sk:80/index.php?option=content&task=blogsection&id=1,https://web.archive.org/web/20080830211542/http://www.press.sk:80/index.php?option=content&task=blogsection&id=1,20080830211542,skip
http://www.press.sk:80/index.php?option=content&task=blogsection&id=1,https://web.archive.org/web/20080905145913/http://www.press.sk:80/index.php?option=content&task=blogsection&id=1,20080905145913,skip
http://www.press.sk:80/index.php?option=content&task=blogsection&id=1,https://web.archive.org/web/20080908034355/http://www.press.sk:80/index.php?option=content&task=blogsection&id=1,20080908034355,skip
http://www.press.sk:80/index.php?option=content&task=blogsection&id=1,https://web.archive.org/web/20080910071922/http://www.press.sk:80/index.php?option=content&task=blogsection&id=1,20080910071922,skip
http://www.press.sk:80/index.php?option=content&task=blogsection&id=1,https://web.archive.org/web/20080911234240/http://www.press.sk:80/index.php?option=content&task=blogsection&id=1,20080911234240,skip
http://www.press.sk:80/index.php?option=content&task=blogsection&id=10,https://web.archive.org/web/20080701092749/http://www.press.sk:80/index.php?option=content&task=blogsection&id=10,20080701092749,skip
http://www.press.sk:80/index.php?option=content&task=blogsection&id=10,https://web.archive.org/web/20080702113650/http://www.press.sk:80/index.php?option=content&task=blogsection&id=10,20080702113650,skip
http://www.press.sk:80/index.php?option=content&task=blogsection&id=10,https://web.archive.org/web/20080703161610/http://www.press.sk:80/index.php?option=content&task=blogsection&id=10,20080703161610,skip
http://www.press.sk:80/index.php?option=content&task=blogsection&id=10,https://web.archive.org/web/20080705193645/http://www.press.sk:80/index.php?option=content&task=blogsection&id=10,20080705193645,skip
http://www.press.sk:80/index.php?option=content&task=blogsection&id=10,https://web.archive.org/web/20080708220921/http://www.press.sk:80/index.php?option=content&task=blogsection&id=10,20080708220921,skip
http://www.press.sk:80/index.php?option=content&task=blogsection&id=10,https://web.archive.org/web/20080710010734/http://www.press.sk:80/index.php?option=content&task=blogsection&id=10,20080710010734,skip
http://www.press.sk:80/index.php?option=content&task=blogsection&id=10,https://web.archive.org/web/20080711031828/http://www.press.sk:80/index.php?option=content&task=blogsection&id=10,20080711031828,skip
http://www.press.sk:80/index.php?option=content&task=blogsection&id=10,https://web.archive.org/web/20080712040955/http://www.press.sk:80/index.php?option=content&task=blogsection&id=10,20080712040955,skip
http://www.press.sk:80/index.php?option=content&task=blogsection&id=10,https://web.archive.org/web/20080715171204/http://www.press.sk:80/index.php?option=content&task=blogsection&id=10,20080715171204,skip
http://www.press.sk:80/index.php?option=content&task=blogsection&id=10,https://web.archive.org/web/20080720205629/http://www.press.sk:80/index.php?option=content&task=blogsection&id=10,20080720205629,skip
http://www.press.sk:80/index.php?option=content&task=blogsection&id=10,https://web.archive.org/web/20080723183609/http://www.press.sk:80/index.php?option=content&task=blogsection&id=10,20080723183609,skip
http://www.press.sk:80/index.php?option=content&task=blogsection&id=10,https://web.archive.org/web/20080731191322/http://www.press.sk:80/index.php?option=content&task=blogsection&id=10,20080731191322,skip
http://www.press.sk:80/index.php?option=content&task=blogsection&id=10,https://web.archive.org/web/20080806143624/http://www.press.sk:80/index.php?option=content&task=blogsection&id=10,20080806143624,skip
http://www.press.sk:80/index.php?option=content&task=blogsection&id=10,https://web.archive.org/web/20080808121017/http://www.press.sk:80/index.php?option=content&task=blogsection&id=10,20080808121017,skip
http://www.press.sk:80/index.php?option=content&task=blogsection&id=10,https://web.archive.org/web/20080809183702/http://www.press.sk:80/index.php?option=content&task=blogsection&id=10,20080809183702,skip
http://www.press.sk.:80/index.php?option=content&task=blogsection&id=10,https://web.archive.org/web/20080811232647/http://www.press.sk.:80/index.php?option=content&task=blogsection&id=10,20080811232647,skip
http://www.press.sk:80/index.php?option=content&task=blogsection&id=10,https://web.archive.org/web/20080813122857/http://www.press.sk:80/index.php?option=content&task=blogsection&id=10,20080813122857,skip
http://www.press.sk:80/index.php?option=content&task=blogsection&id=10,https://web.archive.org/web/20080814165335/http://www.press.sk:80/index.php?option=content&task=blogsection&id=10,20080814165335,skip
http://www.press.sk:80/index.php?option=content&task=blogsection&id=10,https://web.archive.org/web/20080815183158/http://www.press.sk:80/index.php?option=content&task=blogsection&id=10,20080815183158,skip
http://www.press.sk:80/index.php?option=content&task=blogsection&id=10,https://web.archive.org/web/20080817011258/http://www.press.sk:80/index.php?option=content&task=blogsection&id=10,20080817011258,skip
http://www.press.sk:80/index.php?option=content&task=blogsection&id=10,https://web.archive.org/web/20080818101923/http://www.press.sk:80/index.php?option=content&task=blogsection&id=10,20080818101923,skip
http://www.press.sk:80/index.php?option=content&task=blogsection&id=10,https://web.archive.org/web/20080819214320/http://www.press.sk:80/index.php?option=content&task=blogsection&id=10,20080819214320,skip
http://www.press.sk:80/index.php?option=content&task=blogsection&id=10,https://web.archive.org/web/20080822044809/http://www.press.sk:80/index.php?option=content&task=blogsection&id=10,20080822044809,skip
http://www.press.sk:80/index.php?option=content&task=blogsection&id=10,https://web.archive.org/web/20080823124811/http://www.press.sk:80/index.php?option=content&task=blogsection&id=10,20080823124811,skip
http://www.press.sk:80/index.php?option=content&task=blogsection&id=10,https://web.archive.org/web/20080824212810/http://www.press.sk:80/index.php?option=content&task=blogsection&id=10,20080824212810,skip
http://www.press.sk:80/index.php?option=content&task=blogsection&id=10,https://web.archive.org/web/20080826053228/http://www.press.sk:80/index.php?option=content&task=blogsection&id=10,20080826053228,skip
http://www.press.sk:80/index.php?option=content&task=blogsection&id=10,https://web.archive.org/web/20080827150048/http://www.press.sk:80/index.php?option=content&task=blogsection&id=10,20080827150048,skip
http://www.press.sk:80/index.php?option=content&task=blogsection&id=10,https://web.archive.org/web/20080828221149/http://www.press.sk:80/index.php?option=content&task=blogsection&id=10,20080828221149,skip
http://www.press.sk:80/index.php?option=content&task=blogsection&id=10,https://web.archive.org/web/20080830211552/http://www.press.sk:80/index.php?option=content&task=blogsection&id=10,20080830211552,skip
http://www.press.sk:80/index.php?option=content&task=blogsection&id=10,https://web.archive.org/web/20080905145922/http://www.press.sk:80/index.php?option=content&task=blogsection&id=10,20080905145922,skip
http://www.press.sk:80/index.php?option=content&task=blogsection&id=10,https://web.archive.org/web/20080908034405/http://www.press.sk:80/index.php?option=content&task=blogsection&id=10,20080908034405,skip
http://www.press.sk:80/index.php?option=content&task=blogsection&id=10,https://web.archive.org/web/20080910071933/http://www.press.sk:80/index.php?option=content&task=blogsection&id=10,20080910071933,skip
http://www.press.sk:80/index.php?option=content&task=blogsection&id=10,https://web.archive.org/web/20080911234245/http://www.press.sk:80/index.php?option=content&task=blogsection&id=10,20080911234245,skip
http://www.press.sk:80/index.php?option=content&task=view&id=1005&Itemid=,https://web.archive.org/web/20080701203712/http://www.press.sk:80/index.php?option=content&task=view&id=1005&Itemid=,20080701203712,skip
http://www.press.sk:80/index.php?option=content&task=view&id=1009&Itemid=,https://web.archive.org/web/20080701054555/http://www.press.sk:80/index.php?option=content&task=view&id=1009&Itemid=,20080701054555,skip
http://www.press.sk:80/index.php?option=content&task=view&id=1010&Itemid=,https://web.archive.org/web/20080701054558/http://www.press.sk:80/index.php?option=content&task=view&id=1010&Itemid=,20080701054558,skip
http://www.press.sk:80/index.php?option=content&task=view&id=1012&Itemid=,https://web.archive.org/web/20080701092811/http://www.press.sk:80/index.php?option=content&task=view&id=1012&Itemid=,20080701092811,skip
http://www.press.sk:80/index.php?option=content&task=view&id=1013&Itemid=,https://web.archive.org/web/20080701054602/http://www.press.sk:80/index.php?option=content&task=view&id=1013&Itemid=,20080701054602,skip
http://www.press.sk:80/index.php?option=content&task=view&id=1014&Itemid=,https://web.archive.org/web/20080701092817/http://www.press.sk:80/index.php?option=content&task=view&id=1014&Itemid=,20080701092817,skip
http://www.press.sk:80/index.php?option=content&task=view&id=1015&Itemid=,https://web.archive.org/web/20080701094026/http://www.press.sk:80/index.php?option=content&task=view&id=1015&Itemid=,20080701094026,skip
http://www.press.sk:80/index.php?option=content&task=view&id=1015&Itemid=,https://web.archive.org/web/20080703205911/http://www.press.sk:80/index.php?option=content&task=view&id=1015&Itemid=,20080703205911,skip
http://www.press.sk:80/index.php?option=content&task=view&id=1017&Itemid=,https://web.archive.org/web/20080701054607/http://www.press.sk:80/index.php?option=content&task=view&id=1017&Itemid=,20080701054607,skip
http://www.press.sk:80/index.php?option=content&task=view&id=1017&Itemid=,https://web.archive.org/web/20080703161614/http://www.press.sk:80/index.php?option=content&task=view&id=1017&Itemid=,20080703161614,skip
http://www.press.sk:80/index.php?option=content&task=view&id=1017&Itemid=,https://web.archive.org/web/20080705193856/http://www.press.sk:80/index.php?option=content&task=view&id=1017&Itemid=,20080705193856,skip
http://www.press.sk:80/index.php?option=content&task=view&id=1017&Itemid=,https://web.archive.org/web/20080707231300/http://www.press.sk:80/index.php?option=content&task=view&id=1017&Itemid=,20080707231300,skip
http://www.press.sk:80/index.php?option=content&task=view&id=1017&Itemid=,https://web.archive.org/web/20080710150440/http://www.press.sk:80/index.php?option=content&task=view&id=1017&Itemid=,20080710150440,skip
http://www.press.sk:80/index.php?option=content&task=view&id=1017&Itemid=,https://web.archive.org/web/20080712110040/http://www.press.sk:80/index.php?option=content&task=view&id=1017&Itemid=,20080712110040,skip
http://www.press.sk:80/index.php?option=content&task=view&id=1017&Itemid=,https://web.archive.org/web/20080803024229/http://www.press.sk:80/index.php?option=content&task=view&id=1017&Itemid=,20080803024229,skip
http://www.press.sk:80/index.php?option=content&task=view&id=1018&Itemid=,https://web.archive.org/web/20080701054612/http://www.press.sk:80/index.php?option=content&task=view&id=1018&Itemid=,20080701054612,skip
http://www.press.sk:80/index.php?option=content&task=view&id=1018&Itemid=,https://web.archive.org/web/20080703174909/http://www.press.sk:80/index.php?option=content&task=view&id=1018&Itemid=,20080703174909,skip
http://www.press.sk:80/index.php?option=content&task=view&id=1018&Itemid=,https://web.archive.org/web/20080705193654/http://www.press.sk:80/index.php?option=content&task=view&id=1018&Itemid=,20080705193654,skip
http://www.press.sk:80/index.php?option=content&task=view&id=1018&Itemid=,https://web.archive.org/web/20080706202607/http://www.press.sk:80/index.php?option=content&task=view&id=1018&Itemid=,20080706202607,skip
http://www.press.sk:80/index.php?option=content&task=view&id=1018&Itemid=,https://web.archive.org/web/20080707225650/http://www.press.sk:80/index.php?option=content&task=view&id=1018&Itemid=,20080707225650,skip
http://www.press.sk:80/index.php?option=content&task=view&id=1018&Itemid=,https://web.archive.org/web/20080710150444/http://www.press.sk:80/index.php?option=content&task=view&id=1018&Itemid=,20080710150444,skip
http://www.press.sk:80/index.php?option=content&task=view&id=1018&Itemid=,https://web.archive.org/web/20080712041028/http://www.press.sk:80/index.php?option=content&task=view&id=1018&Itemid=,20080712041028,skip
http://www.press.sk:80/index.php?option=content&task=view&id=1019&Itemid=,https://web.archive.org/web/20080701054618/http://www.press.sk:80/index.php?option=content&task=view&id=1019&Itemid=,20080701054618,skip
http://www.press.sk:80/index.php?option=content&task=view&id=1019&Itemid=,https://web.archive.org/web/20080703161619/http://www.press.sk:80/index.php?option=content&task=view&id=1019&Itemid=,20080703161619,skip
http://www.press.sk:80/index.php?option=content&task=view&id=1019&Itemid=,https://web.archive.org/web/20080705193859/http://www.press.sk:80/index.php?option=content&task=view&id=1019&Itemid=,20080705193859,skip
http://www.press.sk:80/index.php?option=content&task=view&id=1019&Itemid=,https://web.archive.org/web/20080706202612/http://www.press.sk:80/index.php?option=content&task=view&id=1019&Itemid=,20080706202612,skip
http://www.press.sk:80/index.php?option=content&task=view&id=1019&Itemid=,https://web.archive.org/web/20080707231305/http://www.press.sk:80/index.php?option=content&task=view&id=1019&Itemid=,20080707231305,skip
http://www.press.sk:80/index.php?option=content&task=view&id=1019&Itemid=,https://web.archive.org/web/20080710150449/http://www.press.sk:80/index.php?option=content&task=view&id=1019&Itemid=,20080710150449,skip
http://www.press.sk:80/index.php?option=content&task=view&id=1019&Itemid=,https://web.archive.org/web/20080712041030/http://www.press.sk:80/index.php?option=content&task=view&id=1019&Itemid=,20080712041030,skip
http://www.press.sk:80/index.php?option=content&task=view&id=1020&Itemid=,https://web.archive.org/web/20080701054623/http://www.press.sk:80/index.php?option=content&task=view&id=1020&Itemid=,20080701054623,skip
http://www.press.sk:80/index.php?option=content&task=view&id=1020&Itemid=,https://web.archive.org/web/20080703161624/http://www.press.sk:80/index.php?option=content&task=view&id=1020&Itemid=,20080703161624,skip
http://www.press.sk:80/index.php?option=content&task=view&id=1020&Itemid=,https://web.archive.org/web/20080705193912/http://www.press.sk:80/index.php?option=content&task=view&id=1020&Itemid=,20080705193912,skip
http://www.press.sk:80/index.php?option=content&task=view&id=1020&Itemid=,https://web.archive.org/web/20080707225654/http://www.press.sk:80/index.php?option=content&task=view&id=1020&Itemid=,20080707225654,skip
http://www.press.sk:80/index.php?option=content&task=view&id=1020&Itemid=,https://web.archive.org/web/20080710150455/http://www.press.sk:80/index.php?option=content&task=view&id=1020&Itemid=,20080710150455,skip
http://www.press.sk:80/index.php?option=content&task=view&id=1020&Itemid=,https://web.archive.org/web/20080712041035/http://www.press.sk:80/index.php?option=content&task=view&id=1020&Itemid=,20080712041035,skip
http://www.press.sk:80/index.php?option=content&task=view&id=1022&Itemid=,https://web.archive.org/web/20080701094030/http://www.press.sk:80/index.php?option=content&task=view&id=1022&Itemid=,20080701094030,skip
http://www.press.sk:80/index.php?option=content&task=view&id=1022&Itemid=,https://web.archive.org/web/20080703174915/http://www.press.sk:80/index.php?option=content&task=view&id=1022&Itemid=,20080703174915,skip
http://www.press.sk:80/index.php?option=content&task=view&id=1022&Itemid=,https://web.archive.org/web/20080705193913/http://www.press.sk:80/index.php?option=content&task=view&id=1022&Itemid=,20080705193913,skip
http://www.press.sk:80/index.php?option=content&task=view&id=1022&Itemid=,https://web.archive.org/web/20080706202621/http://www.press.sk:80/index.php?option=content&task=view&id=1022&Itemid=,20080706202621,skip
http://www.press.sk:80/index.php?option=content&task=view&id=1022&Itemid=,https://web.archive.org/web/20080707231310/http://www.press.sk:80/index.php?option=content&task=view&id=1022&Itemid=,20080707231310,skip
http://www.press.sk:80/index.php?option=content&task=view&id=1022&Itemid=,https://web.archive.org/web/20080710150502/http://www.press.sk:80/index.php?option=content&task=view&id=1022&Itemid=,20080710150502,skip
http://www.press.sk:80/index.php?option=content&task=view&id=1022&Itemid=,https://web.archive.org/web/20080712041041/http://www.press.sk:80/index.php?option=content&task=view&id=1022&Itemid=,20080712041041,skip
http://www.press.sk:80/index.php?option=content&task=view&id=1022&Itemid=,https://web.archive.org/web/20080723183628/http://www.press.sk:80/index.php?option=content&task=view&id=1022&Itemid=,20080723183628,skip
http://www.press.sk:80/index.php?option=content&task=view&id=1022&Itemid=,https://web.archive.org/web/20080801174419/http://www.press.sk:80/index.php?option=content&task=view&id=1022&Itemid=,20080801174419,skip
http://www.press.sk:80/index.php?option=content&task=view&id=1023&Itemid=,https://web.archive.org/web/20080701094036/http://www.press.sk:80/index.php?option=content&task=view&id=1023&Itemid=,20080701094036,skip
http://www.press.sk:80/index.php?option=content&task=view&id=1023&Itemid=,https://web.archive.org/web/20080703161632/http://www.press.sk:80/index.php?option=content&task=view&id=1023&Itemid=,20080703161632,skip
http://www.press.sk:80/index.php?option=content&task=view&id=1023&Itemid=,https://web.archive.org/web/20080705193918/http://www.press.sk:80/index.php?option=content&task=view&id=1023&Itemid=,20080705193918,skip
http://www.press.sk:80/index.php?option=content&task=view&id=1023&Itemid=,https://web.archive.org/web/20080706202622/http://www.press.sk:80/index.php?option=content&task=view&id=1023&Itemid=,20080706202622,skip
http://www.press.sk:80/index.php?option=content&task=view&id=1023&Itemid=,https://web.archive.org/web/20080707225659/http://www.press.sk:80/index.php?option=content&task=view&id=1023&Itemid=,20080707225659,skip
http://www.press.sk:80/index.php?option=content&task=view&id=1023&Itemid=,https://web.archive.org/web/20080710150506/http://www.press.sk:80/index.php?option=content&task=view&id=1023&Itemid=,20080710150506,skip
http://www.press.sk:80/index.php?option=content&task=view&id=1023&Itemid=,https://web.archive.org/web/20080712041047/http://www.press.sk:80/index.php?option=content&task=view&id=1023&Itemid=,20080712041047,skip
http://www.press.sk:80/index.php?option=content&task=view&id=1023&Itemid=,https://web.archive.org/web/20080720205657/http://www.press.sk:80/index.php?option=content&task=view&id=1023&Itemid=,20080720205657,skip
http://www.press.sk:80/index.php?option=content&task=view&id=1023&Itemid=,https://web.archive.org/web/20080723183632/http://www.press.sk:80/index.php?option=content&task=view&id=1023&Itemid=,20080723183632,skip
http://www.press.sk:80/index.php?option=content&task=view&id=1023&Itemid=,https://web.archive.org/web/20080801172713/http://www.press.sk:80/index.php?option=content&task=view&id=1023&Itemid=,20080801172713,skip
http://www.press.sk:80/index.php?option=content&task=view&id=1025&Itemid=,https://web.archive.org/web/20080701054627/http://www.press.sk:80/index.php?option=content&task=view&id=1025&Itemid=,20080701054627,skip
http://www.press.sk:80/index.php?option=content&task=view&id=1025&Itemid=,https://web.archive.org/web/20080703161636/http://www.press.sk:80/index.php?option=content&task=view&id=1025&Itemid=,20080703161636,skip
http://www.press.sk:80/index.php?option=content&task=view&id=1025&Itemid=,https://web.archive.org/web/20080705193928/http://www.press.sk:80/index.php?option=content&task=view&id=1025&Itemid=,20080705193928,skip
http://www.press.sk:80/index.php?option=content&task=view&id=1025&Itemid=,https://web.archive.org/web/20080707225704/http://www.press.sk:80/index.php?option=content&task=view&id=1025&Itemid=,20080707225704,skip
http://www.press.sk:80/index.php?option=content&task=view&id=1025&Itemid=,https://web.archive.org/web/20080710150511/http://www.press.sk:80/index.php?option=content&task=view&id=1025&Itemid=,20080710150511,skip
http://www.press.sk:80/index.php?option=content&task=view&id=1025&Itemid=,https://web.archive.org/web/20080712041051/http://www.press.sk:80/index.php?option=content&task=view&id=1025&Itemid=,20080712041051,skip
http://www.press.sk:80/index.php?option=content&task=view&id=1025&Itemid=,https://web.archive.org/web/20080720205703/http://www.press.sk:80/index.php?option=content&task=view&id=1025&Itemid=,20080720205703,skip
http://www.press.sk:80/index.php?option=content&task=view&id=1025&Itemid=,https://web.archive.org/web/20080723183637/http://www.press.sk:80/index.php?option=content&task=view&id=1025&Itemid=,20080723183637,skip
http://www.press.sk:80/index.php?option=content&task=view&id=1025&Itemid=,https://web.archive.org/web/20080731191333/http://www.press.sk:80/index.php?option=content&task=view&id=1025&Itemid=,20080731191333,skip
http://www.press.sk:80/index.php?option=content&task=view&id=1025&Itemid=,https://web.archive.org/web/20080806143654/http://www.press.sk:80/index.php?option=content&task=view&id=1025&Itemid=,20080806143654,skip
http://www.press.sk:80/index.php?option=content&task=view&id=1026&Itemid=,https://web.archive.org/web/20080701094043/http://www.press.sk:80/index.php?option=content&task=view&id=1026&Itemid=,20080701094043,skip
http://www.press.sk:80/index.php?option=content&task=view&id=1026&Itemid=,https://web.archive.org/web/20080703174919/http://www.press.sk:80/index.php?option=content&task=view&id=1026&Itemid=,20080703174919,skip
http://www.press.sk:80/index.php?option=content&task=view&id=1026&Itemid=,https://web.archive.org/web/20080705193932/http://www.press.sk:80/index.php?option=content&task=view&id=1026&Itemid=,20080705193932,skip
http://www.press.sk:80/index.php?option=content&task=view&id=1026&Itemid=,https://web.archive.org/web/20080706202627/http://www.press.sk:80/index.php?option=content&task=view&id=1026&Itemid=,20080706202627,skip
http://www.press.sk:80/index.php?option=content&task=view&id=1026&Itemid=,https://web.archive.org/web/20080707231315/http://www.press.sk:80/index.php?option=content&task=view&id=1026&Itemid=,20080707231315,skip
http://www.press.sk:80/index.php?option=content&task=view&id=1026&Itemid=,https://web.archive.org/web/20080710150516/http://www.press.sk:80/index.php?option=content&task=view&id=1026&Itemid=,20080710150516,skip
http://www.press.sk:80/index.php?option=content&task=view&id=1026&Itemid=,https://web.archive.org/web/20080712041056/http://www.press.sk:80/index.php?option=content&task=view&id=1026&Itemid=,20080712041056,skip
http://www.press.sk:80/index.php?option=content&task=view&id=1026&Itemid=,https://web.archive.org/web/20080720205707/http://www.press.sk:80/index.php?option=content&task=view&id=1026&Itemid=,20080720205707,skip
http://www.press.sk:80/index.php?option=content&task=view&id=1026&Itemid=,https://web.archive.org/web/20080723183642/http://www.press.sk:80/index.php?option=content&task=view&id=1026&Itemid=,20080723183642,skip
http://www.press.sk:80/index.php?option=content&task=view&id=1026&Itemid=,https://web.archive.org/web/20080731185829/http://www.press.sk:80/index.php?option=content&task=view&id=1026&Itemid=,20080731185829,skip
http://www.press.sk:80/index.php?option=content&task=view&id=1026&Itemid=,https://web.archive.org/web/20080806143659/http://www.press.sk:80/index.php?option=content&task=view&id=1026&Itemid=,20080806143659,skip
http://www.press.sk:80/index.php?option=content&task=view&id=1027&Itemid=,https://web.archive.org/web/20080701094850/http://www.press.sk:80/index.php?option=content&task=view&id=1027&Itemid=,20080701094850,skip
http://www.press.sk:80/index.php?option=content&task=view&id=1027&Itemid=,https://web.archive.org/web/20080703174926/http://www.press.sk:80/index.php?option=content&task=view&id=1027&Itemid=,20080703174926,skip
http://www.press.sk:80/index.php?option=content&task=view&id=1027&Itemid=,https://web.archive.org/web/20080705193701/http://www.press.sk:80/index.php?option=content&task=view&id=1027&Itemid=,20080705193701,skip
http://www.press.sk:80/index.php?option=content&task=view&id=1027&Itemid=,https://web.archive.org/web/20080707231320/http://www.press.sk:80/index.php?option=content&task=view&id=1027&Itemid=,20080707231320,skip
http://www.press.sk:80/index.php?option=content&task=view&id=1027&Itemid=,https://web.archive.org/web/20080710150521/http://www.press.sk:80/index.php?option=content&task=view&id=1027&Itemid=,20080710150521,skip
http://www.press.sk:80/index.php?option=content&task=view&id=1027&Itemid=,https://web.archive.org/web/20080712041103/http://www.press.sk:80/index.php?option=content&task=view&id=1027&Itemid=,20080712041103,skip
http://www.press.sk:80/index.php?option=content&task=view&id=1027&Itemid=,https://web.archive.org/web/20080720205712/http://www.press.sk:80/index.php?option=content&task=view&id=1027&Itemid=,20080720205712,skip
http://www.press.sk:80/index.php?option=content&task=view&id=1027&Itemid=,https://web.archive.org/web/20080723183239/http://www.press.sk:80/index.php?option=content&task=view&id=1027&Itemid=,20080723183239,skip
http://www.press.sk:80/index.php?option=content&task=view&id=1027&Itemid=,https://web.archive.org/web/20080731185836/http://www.press.sk:80/index.php?option=content&task=view&id=1027&Itemid=,20080731185836,skip
http://www.press.sk:80/index.php?option=content&task=view&id=1027&Itemid=,https://web.archive.org/web/20080806143706/http://www.press.sk:80/index.php?option=content&task=view&id=1027&Itemid=,20080806143706,skip
http://www.press.sk.:80/index.php?option=content&task=view&id=1027&Itemid=,https://web.archive.org/web/20080812014021/http://www.press.sk.:80/index.php?option=content&task=view&id=1027&Itemid=,20080812014021,skip
http://www.press.sk:80/index.php?option=content&task=view&id=1027&Itemid=,https://web.archive.org/web/20080813144443/http://www.press.sk:80/index.php?option=content&task=view&id=1027&Itemid=,20080813144443,skip
http://www.press.sk:80/index.php?option=content&task=view&id=1027&Itemid=,https://web.archive.org/web/20080814165347/http://www.press.sk:80/index.php?option=content&task=view&id=1027&Itemid=,20080814165347,skip
http://www.press.sk:80/index.php?option=content&task=view&id=1027&Itemid=,https://web.archive.org/web/20080815183230/http://www.press.sk:80/index.php?option=content&task=view&id=1027&Itemid=,20080815183230,skip
http://www.press.sk:80/index.php?option=content&task=view&id=1027&Itemid=,https://web.archive.org/web/20080817011933/http://www.press.sk:80/index.php?option=content&task=view&id=1027&Itemid=,20080817011933,skip
http://www.press.sk:80/index.php?option=content&task=view&id=1027&Itemid=,https://web.archive.org/web/20080818101953/http://www.press.sk:80/index.php?option=content&task=view&id=1027&Itemid=,20080818101953,skip
http://www.press.sk:80/index.php?option=content&task=view&id=1027&Itemid=,https://web.archive.org/web/20080819214352/http://www.press.sk:80/index.php?option=content&task=view&id=1027&Itemid=,20080819214352,skip
http://www.press.sk:80/index.php?option=content&task=view&id=1027&Itemid=,https://web.archive.org/web/20080822052817/http://www.press.sk:80/index.php?option=content&task=view&id=1027&Itemid=,20080822052817,skip
http://www.press.sk:80/index.php?option=content&task=view&id=1027&Itemid=,https://web.archive.org/web/20080823124839/http://www.press.sk:80/index.php?option=content&task=view&id=1027&Itemid=,20080823124839,skip
http://www.press.sk:80/index.php?option=content&task=view&id=1028&Itemid=,https://web.archive.org/web/20080701054633/http://www.press.sk:80/index.php?option=content&task=view&id=1028&Itemid=,20080701054633,skip
http://www.press.sk:80/index.php?option=content&task=view&id=1028&Itemid=,https://web.archive.org/web/20080703161640/http://www.press.sk:80/index.php?option=content&task=view&id=1028&Itemid=,20080703161640,skip
http://www.press.sk:80/index.php?option=content&task=view&id=1028&Itemid=,https://web.archive.org/web/20080706202633/http://www.press.sk:80/index.php?option=content&task=view&id=1028&Itemid=,20080706202633,skip
http://www.press.sk:80/index.php?option=content&task=view&id=1028&Itemid=,https://web.archive.org/web/20080707225709/http://www.press.sk:80/index.php?option=content&task=view&id=1028&Itemid=,20080707225709,skip
http://www.press.sk:80/index.php?option=content&task=view&id=1028&Itemid=,https://web.archive.org/web/20080710150526/http://www.press.sk:80/index.php?option=content&task=view&id=1028&Itemid=,20080710150526,skip
http://www.press.sk:80/index.php?option=content&task=view&id=1028&Itemid=,https://web.archive.org/web/20080712041110/http://www.press.sk:80/index.php?option=content&task=view&id=1028&Itemid=,20080712041110,skip
http://www.press.sk:80/index.php?option=content&task=view&id=1028&Itemid=,https://web.archive.org/web/20080720205717/http://www.press.sk:80/index.php?option=content&task=view&id=1028&Itemid=,20080720205717,skip
http://www.press.sk:80/index.php?option=content&task=view&id=1028&Itemid=,https://web.archive.org/web/20080723183648/http://www.press.sk:80/index.php?option=content&task=view&id=1028&Itemid=,20080723183648,skip
http://www.press.sk:80/index.php?option=content&task=view&id=1028&Itemid=,https://web.archive.org/web/20080731191343/http://www.press.sk:80/index.php?option=content&task=view&id=1028&Itemid=,20080731191343,skip
http://www.press.sk:80/index.php?option=content&task=view&id=1028&Itemid=,https://web.archive.org/web/20080806143713/http://www.press.sk:80/index.php?option=content&task=view&id=1028&Itemid=,20080806143713,skip
http://www.press.sk.:80/index.php?option=content&task=view&id=1028&Itemid=,https://web.archive.org/web/20080812014024/http://www.press.sk.:80/index.php?option=content&task=view&id=1028&Itemid=,20080812014024,skip
http://www.press.sk:80/index.php?option=content&task=view&id=1028&Itemid=,https://web.archive.org/web/20080813144448/http://www.press.sk:80/index.php?option=content&task=view&id=1028&Itemid=,20080813144448,skip
http://www.press.sk:80/index.php?option=content&task=view&id=1028&Itemid=,https://web.archive.org/web/20080814165352/http://www.press.sk:80/index.php?option=content&task=view&id=1028&Itemid=,20080814165352,skip
http://www.press.sk:80/index.php?option=content&task=view&id=1028&Itemid=,https://web.archive.org/web/20080815183235/http://www.press.sk:80/index.php?option=content&task=view&id=1028&Itemid=,20080815183235,skip
http://www.press.sk:80/index.php?option=content&task=view&id=1028&Itemid=,https://web.archive.org/web/20080817011943/http://www.press.sk:80/index.php?option=content&task=view&id=1028&Itemid=,20080817011943,skip
http://www.press.sk:80/index.php?option=content&task=view&id=1028&Itemid=,https://web.archive.org/web/20080818102000/http://www.press.sk:80/index.php?option=content&task=view&id=1028&Itemid=,20080818102000,skip
http://www.press.sk:80/index.php?option=content&task=view&id=1028&Itemid=,https://web.archive.org/web/20080819214359/http://www.press.sk:80/index.php?option=content&task=view&id=1028&Itemid=,20080819214359,skip
http://www.press.sk:80/index.php?option=content&task=view&id=1028&Itemid=,https://web.archive.org/web/20080822052822/http://www.press.sk:80/index.php?option=content&task=view&id=1028&Itemid=,20080822052822,skip
http://www.press.sk:80/index.php?option=content&task=view&id=1028&Itemid=,https://web.archive.org/web/20080823124844/http://www.press.sk:80/index.php?option=content&task=view&id=1028&Itemid=,20080823124844,skip
http://www.press.sk:80/index.php?option=content&task=view&id=1029&Itemid=,https://web.archive.org/web/20080701054638/http://www.press.sk:80/index.php?option=content&task=view&id=1029&Itemid=,20080701054638,skip
http://www.press.sk:80/index.php?option=content&task=view&id=1029&Itemid=,https://web.archive.org/web/20080703161645/http://www.press.sk:80/index.php?option=content&task=view&id=1029&Itemid=,20080703161645,skip
http://www.press.sk:80/index.php?option=content&task=view&id=1029&Itemid=,https://web.archive.org/web/20080705193705/http://www.press.sk:80/index.php?option=content&task=view&id=1029&Itemid=,20080705193705,skip
http://www.press.sk:80/index.php?option=content&task=view&id=1029&Itemid=,https://web.archive.org/web/20080706202648/http://www.press.sk:80/index.php?option=content&task=view&id=1029&Itemid=,20080706202648,skip
http://www.press.sk:80/index.php?option=content&task=view&id=1029&Itemid=,https://web.archive.org/web/20080707225715/http://www.press.sk:80/index.php?option=content&task=view&id=1029&Itemid=,20080707225715,skip
http://www.press.sk:80/index.php?option=content&task=view&id=1029&Itemid=,https://web.archive.org/web/20080710150534/http://www.press.sk:80/index.php?option=content&task=view&id=1029&Itemid=,20080710150534,skip
http://www.press.sk:80/index.php?option=content&task=view&id=1029&Itemid=,https://web.archive.org/web/20080712041115/http://www.press.sk:80/index.php?option=content&task=view&id=1029&Itemid=,20080712041115,skip
http://www.press.sk:80/index.php?option=content&task=view&id=1029&Itemid=,https://web.archive.org/web/20080720205722/http://www.press.sk:80/index.php?option=content&task=view&id=1029&Itemid=,20080720205722,skip
http://www.press.sk:80/index.php?option=content&task=view&id=1029&Itemid=,https://web.archive.org/web/20080723183247/http://www.press.sk:80/index.php?option=content&task=view&id=1029&Itemid=,20080723183247,skip
http://www.press.sk:80/index.php?option=content&task=view&id=1029&Itemid=,https://web.archive.org/web/20080731191345/http://www.press.sk:80/index.php?option=content&task=view&id=1029&Itemid=,20080731191345,skip
http://www.press.sk:80/index.php?option=content&task=view&id=1029&Itemid=,https://web.archive.org/web/20080806143716/http://www.press.sk:80/index.php?option=content&task=view&id=1029&Itemid=,20080806143716,skip
http://www.press.sk.:80/index.php?option=content&task=view&id=1029&Itemid=,https://web.archive.org/web/20080812014029/http://www.press.sk.:80/index.php?option=content&task=view&id=1029&Itemid=,20080812014029,skip
http://www.press.sk:80/index.php?option=content&task=view&id=1029&Itemid=,https://web.archive.org/web/20080813144453/http://www.press.sk:80/index.php?option=content&task=view&id=1029&Itemid=,20080813144453,skip
http://www.press.sk:80/index.php?option=content&task=view&id=1029&Itemid=,https://web.archive.org/web/20080814165358/http://www.press.sk:80/index.php?option=content&task=view&id=1029&Itemid=,20080814165358,skip
http://www.press.sk:80/index.php?option=content&task=view&id=1029&Itemid=,https://web.archive.org/web/20080815183241/http://www.press.sk:80/index.php?option=content&task=view&id=1029&Itemid=,20080815183241,skip
http://www.press.sk:80/index.php?option=content&task=view&id=1029&Itemid=,https://web.archive.org/web/20080817011945/http://www.press.sk:80/index.php?option=content&task=view&id=1029&Itemid=,20080817011945,skip
http://www.press.sk:80/index.php?option=content&task=view&id=1029&Itemid=,https://web.archive.org/web/20080818102002/http://www.press.sk:80/index.php?option=content&task=view&id=1029&Itemid=,20080818102002,skip
http://www.press.sk:80/index.php?option=content&task=view&id=1029&Itemid=,https://web.archive.org/web/20080819214403/http://www.press.sk:80/index.php?option=content&task=view&id=1029&Itemid=,20080819214403,skip
http://www.press.sk:80/index.php?option=content&task=view&id=1029&Itemid=,https://web.archive.org/web/20080822052827/http://www.press.sk:80/index.php?option=content&task=view&id=1029&Itemid=,20080822052827,skip
http://www.press.sk:80/index.php?option=content&task=view&id=1029&Itemid=,https://web.archive.org/web/20080823124851/http://www.press.sk:80/index.php?option=content&task=view&id=1029&Itemid=,20080823124851,skip
http://www.press.sk:80/index.php?option=content&task=view&id=1031&Itemid=,https://web.archive.org/web/20080701094855/http://www.press.sk:80/index.php?option=content&task=view&id=1031&Itemid=,20080701094855,skip
http://www.press.sk:80/index.php?option=content&task=view&id=1031&Itemid=,https://web.archive.org/web/20080703174930/http://www.press.sk:80/index.php?option=content&task=view&id=1031&Itemid=,20080703174930,skip
http://www.press.sk:80/index.php?option=content&task=view&id=1031&Itemid=,https://web.archive.org/web/20080705193711/http://www.press.sk:80/index.php?option=content&task=view&id=1031&Itemid=,20080705193711,skip
http://www.press.sk:80/index.php?option=content&task=view&id=1031&Itemid=,https://web.archive.org/web/20080706202257/http://www.press.sk:80/index.php?option=content&task=view&id=1031&Itemid=,20080706202257,skip
http://www.press.sk:80/index.php?option=content&task=view&id=1031&Itemid=,https://web.archive.org/web/20080707231325/http://www.press.sk:80/index.php?option=content&task=view&id=1031&Itemid=,20080707231325,skip
http://www.press.sk:80/index.php?option=content&task=view&id=1031&Itemid=,https://web.archive.org/web/20080710150540/http://www.press.sk:80/index.php?option=content&task=view&id=1031&Itemid=,20080710150540,skip
http://www.press.sk:80/index.php?option=content&task=view&id=1031&Itemid=,https://web.archive.org/web/20080712041120/http://www.press.sk:80/index.php?option=content&task=view&id=1031&Itemid=,20080712041120,skip
http://www.press.sk:80/index.php?option=content&task=view&id=1031&Itemid=,https://web.archive.org/web/20080720205727/http://www.press.sk:80/index.php?option=content&task=view&id=1031&Itemid=,20080720205727,skip
http://www.press.sk:80/index.php?option=content&task=view&id=1031&Itemid=,https://web.archive.org/web/20080723183250/http://www.press.sk:80/index.php?option=content&task=view&id=1031&Itemid=,20080723183250,skip
http://www.press.sk:80/index.php?option=content&task=view&id=1031&Itemid=,https://web.archive.org/web/20080731185841/http://www.press.sk:80/index.php?option=content&task=view&id=1031&Itemid=,20080731185841,skip
http://www.press.sk:80/index.php?option=content&task=view&id=1031&Itemid=,https://web.archive.org/web/20080806143722/http://www.press.sk:80/index.php?option=content&task=view&id=1031&Itemid=,20080806143722,skip
http://www.press.sk.:80/index.php?option=content&task=view&id=1031&Itemid=,https://web.archive.org/web/20080812014035/http://www.press.sk.:80/index.php?option=content&task=view&id=1031&Itemid=,20080812014035,skip
http://www.press.sk:80/index.php?option=content&task=view&id=1031&Itemid=,https://web.archive.org/web/20080813144458/http://www.press.sk:80/index.php?option=content&task=view&id=1031&Itemid=,20080813144458,skip
http://www.press.sk:80/index.php?option=content&task=view&id=1031&Itemid=,https://web.archive.org/web/20080814163306/http://www.press.sk:80/index.php?option=content&task=view&id=1031&Itemid=,20080814163306,skip
http://www.press.sk:80/index.php?option=content&task=view&id=1031&Itemid=,https://web.archive.org/web/20080815183245/http://www.press.sk:80/index.php?option=content&task=view&id=1031&Itemid=,20080815183245,skip
http://www.press.sk:80/index.php?option=content&task=view&id=1031&Itemid=,https://web.archive.org/web/20080817011951/http://www.press.sk:80/index.php?option=content&task=view&id=1031&Itemid=,20080817011951,skip
http://www.press.sk:80/index.php?option=content&task=view&id=1031&Itemid=,https://web.archive.org/web/20080818102010/http://www.press.sk:80/index.php?option=content&task=view&id=1031&Itemid=,20080818102010,skip
http://www.press.sk:80/index.php?option=content&task=view&id=1031&Itemid=,https://web.archive.org/web/20080819214409/http://www.press.sk:80/index.php?option=content&task=view&id=1031&Itemid=,20080819214409,skip
http://www.press.sk:80/index.php?option=content&task=view&id=1031&Itemid=,https://web.archive.org/web/20080822052833/http://www.press.sk:80/index.php?option=content&task=view&id=1031&Itemid=,20080822052833,skip
http://www.press.sk:80/index.php?option=content&task=view&id=1031&Itemid=,https://web.archive.org/web/20080823124855/http://www.press.sk:80/index.php?option=content&task=view&id=1031&Itemid=,20080823124855,skip
http://www.press.sk:80/index.php?option=content&task=view&id=1031&Itemid=,https://web.archive.org/web/20080824212838/http://www.press.sk:80/index.php?option=content&task=view&id=1031&Itemid=,20080824212838,skip
http://www.press.sk:80/index.php?option=content&task=view&id=1032&Itemid=,https://web.archive.org/web/20080701094906/http://www.press.sk:80/index.php?option=content&task=view&id=1032&Itemid=,20080701094906,skip
http://www.press.sk:80/index.php?option=content&task=view&id=1032&Itemid=,https://web.archive.org/web/20080703161650/http://www.press.sk:80/index.php?option=content&task=view&id=1032&Itemid=,20080703161650,skip
http://www.press.sk:80/index.php?option=content&task=view&id=1032&Itemid=,https://web.archive.org/web/20080705193717/http://www.press.sk:80/index.php?option=content&task=view&id=1032&Itemid=,20080705193717,skip
http://www.press.sk:80/index.php?option=content&task=view&id=1032&Itemid=,https://web.archive.org/web/20080706202302/http://www.press.sk:80/index.php?option=content&task=view&id=1032&Itemid=,20080706202302,skip
http://www.press.sk:80/index.php?option=content&task=view&id=1032&Itemid=,https://web.archive.org/web/20080707231331/http://www.press.sk:80/index.php?option=content&task=view&id=1032&Itemid=,20080707231331,skip
http://www.press.sk:80/index.php?option=content&task=view&id=1032&Itemid=,https://web.archive.org/web/20080710150544/http://www.press.sk:80/index.php?option=content&task=view&id=1032&Itemid=,20080710150544,skip
http://www.press.sk:80/index.php?option=content&task=view&id=1032&Itemid=,https://web.archive.org/web/20080712041125/http://www.press.sk:80/index.php?option=content&task=view&id=1032&Itemid=,20080712041125,skip
http://www.press.sk:80/index.php?option=content&task=view&id=1032&Itemid=,https://web.archive.org/web/20080720205733/http://www.press.sk:80/index.php?option=content&task=view&id=1032&Itemid=,20080720205733,skip
http://www.press.sk:80/index.php?option=content&task=view&id=1032&Itemid=,https://web.archive.org/web/20080723183653/http://www.press.sk:80/index.php?option=content&task=view&id=1032&Itemid=,20080723183653,skip
http://www.press.sk:80/index.php?option=content&task=view&id=1032&Itemid=,https://web.archive.org/web/20080731185846/http://www.press.sk:80/index.php?option=content&task=view&id=1032&Itemid=,20080731185846,skip
http://www.press.sk:80/index.php?option=content&task=view&id=1032&Itemid=,https://web.archive.org/web/20080806143729/http://www.press.sk:80/index.php?option=content&task=view&id=1032&Itemid=,20080806143729,skip
http://www.press.sk.:80/index.php?option=content&task=view&id=1032&Itemid=,https://web.archive.org/web/20080812014040/http://www.press.sk.:80/index.php?option=content&task=view&id=1032&Itemid=,20080812014040,skip
http://www.press.sk:80/index.php?option=content&task=view&id=1032&Itemid=,https://web.archive.org/web/20080813144505/http://www.press.sk:80/index.php?option=content&task=view&id=1032&Itemid=,20080813144505,skip
http://www.press.sk:80/index.php?option=content&task=view&id=1032&Itemid=,https://web.archive.org/web/20080814163310/http://www.press.sk:80/index.php?option=content&task=view&id=1032&Itemid=,20080814163310,skip
http://www.press.sk:80/index.php?option=content&task=view&id=1032&Itemid=,https://web.archive.org/web/20080815183251/http://www.press.sk:80/index.php?option=content&task=view&id=1032&Itemid=,20080815183251,skip
http://www.press.sk:80/index.php?option=content&task=view&id=1032&Itemid=,https://web.archive.org/web/20080817011955/http://www.press.sk:80/index.php?option=content&task=view&id=1032&Itemid=,20080817011955,skip
http://www.press.sk:80/index.php?option=content&task=view&id=1032&Itemid=,https://web.archive.org/web/20080818102014/http://www.press.sk:80/index.php?option=content&task=view&id=1032&Itemid=,20080818102014,skip
http://www.press.sk:80/index.php?option=content&task=view&id=1032&Itemid=,https://web.archive.org/web/20080819214425/http://www.press.sk:80/index.php?option=content&task=view&id=1032&Itemid=,20080819214425,skip
http://www.press.sk:80/index.php?option=content&task=view&id=1032&Itemid=,https://web.archive.org/web/20080822052838/http://www.press.sk:80/index.php?option=content&task=view&id=1032&Itemid=,20080822052838,skip
http://www.press.sk:80/index.php?option=content&task=view&id=1032&Itemid=,https://web.archive.org/web/20080823124859/http://www.press.sk:80/index.php?option=content&task=view&id=1032&Itemid=,20080823124859,skip
http://www.press.sk:80/index.php?option=content&task=view&id=1032&Itemid=,https://web.archive.org/web/20080824212843/http://www.press.sk:80/index.php?option=content&task=view&id=1032&Itemid=,20080824212843,skip
http://www.press.sk:80/index.php?option=content&task=view&id=1032&Itemid=,https://web.archive.org/web/20080826053259/http://www.press.sk:80/index.php?option=content&task=view&id=1032&Itemid=,20080826053259,skip
http://www.press.sk:80/index.php?option=content&task=view&id=1034&Itemid=,https://web.archive.org/web/20080701054643/http://www.press.sk:80/index.php?option=content&task=view&id=1034&Itemid=,20080701054643,skip
http://www.press.sk:80/index.php?option=content&task=view&id=1034&Itemid=,https://web.archive.org/web/20080703161655/http://www.press.sk:80/index.php?option=content&task=view&id=1034&Itemid=,20080703161655,skip
http://www.press.sk:80/index.php?option=content&task=view&id=1034&Itemid=,https://web.archive.org/web/20080706202650/http://www.press.sk:80/index.php?option=content&task=view&id=1034&Itemid=,20080706202650,skip
http://www.press.sk:80/index.php?option=content&task=view&id=1034&Itemid=,https://web.archive.org/web/20080707225719/http://www.press.sk:80/index.php?option=content&task=view&id=1034&Itemid=,20080707225719,skip
http://www.press.sk:80/index.php?option=content&task=view&id=1034&Itemid=,https://web.archive.org/web/20080710150602/http://www.press.sk:80/index.php?option=content&task=view&id=1034&Itemid=,20080710150602,skip
http://www.press.sk:80/index.php?option=content&task=view&id=1034&Itemid=,https://web.archive.org/web/20080712041130/http://www.press.sk:80/index.php?option=content&task=view&id=1034&Itemid=,20080712041130,skip
http://www.press.sk:80/index.php?option=content&task=view&id=1034&Itemid=,https://web.archive.org/web/20080720205737/http://www.press.sk:80/index.php?option=content&task=view&id=1034&Itemid=,20080720205737,skip
http://www.press.sk:80/index.php?option=content&task=view&id=1034&Itemid=,https://web.archive.org/web/20080723183658/http://www.press.sk:80/index.php?option=content&task=view&id=1034&Itemid=,20080723183658,skip
http://www.press.sk:80/index.php?option=content&task=view&id=1034&Itemid=,https://web.archive.org/web/20080731185851/http://www.press.sk:80/index.php?option=content&task=view&id=1034&Itemid=,20080731185851,skip
http://www.press.sk:80/index.php?option=content&task=view&id=1034&Itemid=,https://web.archive.org/web/20080806143733/http://www.press.sk:80/index.php?option=content&task=view&id=1034&Itemid=,20080806143733,skip
http://www.press.sk.:80/index.php?option=content&task=view&id=1034&Itemid=,https://web.archive.org/web/20080812014046/http://www.press.sk.:80/index.php?option=content&task=view&id=1034&Itemid=,20080812014046,skip
http://www.press.sk:80/index.php?option=content&task=view&id=1034&Itemid=,https://web.archive.org/web/20080813144508/http://www.press.sk:80/index.php?option=content&task=view&id=1034&Itemid=,20080813144508,skip
http://www.press.sk:80/index.php?option=content&task=view&id=1034&Itemid=,https://web.archive.org/web/20080814165402/http://www.press.sk:80/index.php?option=content&task=view&id=1034&Itemid=,20080814165402,skip
http://www.press.sk:80/index.php?option=content&task=view&id=1034&Itemid=,https://web.archive.org/web/20080815183256/http://www.press.sk:80/index.php?option=content&task=view&id=1034&Itemid=,20080815183256,skip
http://www.press.sk:80/index.php?option=content&task=view&id=1034&Itemid=,https://web.archive.org/web/20080817012002/http://www.press.sk:80/index.php?option=content&task=view&id=1034&Itemid=,20080817012002,skip
http://www.press.sk:80/index.php?option=content&task=view&id=1034&Itemid=,https://web.archive.org/web/20080818102018/http://www.press.sk:80/index.php?option=content&task=view&id=1034&Itemid=,20080818102018,skip
http://www.press.sk:80/index.php?option=content&task=view&id=1034&Itemid=,https://web.archive.org/web/20080819214431/http://www.press.sk:80/index.php?option=content&task=view&id=1034&Itemid=,20080819214431,skip
http://www.press.sk:80/index.php?option=content&task=view&id=1034&Itemid=,https://web.archive.org/web/20080822052842/http://www.press.sk:80/index.php?option=content&task=view&id=1034&Itemid=,20080822052842,skip
http://www.press.sk:80/index.php?option=content&task=view&id=1034&Itemid=,https://web.archive.org/web/20080823124906/http://www.press.sk:80/index.php?option=content&task=view&id=1034&Itemid=,20080823124906,skip
http://www.press.sk:80/index.php?option=content&task=view&id=1034&Itemid=,https://web.archive.org/web/20080824212849/http://www.press.sk:80/index.php?option=content&task=view&id=1034&Itemid=,20080824212849,skip
http://www.press.sk:80/index.php?option=content&task=view&id=1034&Itemid=,https://web.archive.org/web/20080826053303/http://www.press.sk:80/index.php?option=content&task=view&id=1034&Itemid=,20080826053303,skip
http://www.press.sk:80/index.php?option=content&task=view&id=1034&Itemid=,https://web.archive.org/web/20080827150118/http://www.press.sk:80/index.php?option=content&task=view&id=1034&Itemid=,20080827150118,skip
http://www.press.sk:80/index.php?option=content&task=view&id=1034&Itemid=,https://web.archive.org/web/20080905145951/http://www.press.sk:80/index.php?option=content&task=view&id=1034&Itemid=,20080905145951,skip
http://www.press.sk:80/index.php?option=content&task=view&id=1034&Itemid=,https://web.archive.org/web/20080908060221/http://www.press.sk:80/index.php?option=content&task=view&id=1034&Itemid=,20080908060221,skip
http://www.press.sk:80/index.php?option=content&task=view&id=1034&Itemid=,https://web.archive.org/web/20080910072005/http://www.press.sk:80/index.php?option=content&task=view&id=1034&Itemid=,20080910072005,skip
http://www.press.sk:80/index.php?option=content&task=view&id=1034&Itemid=,https://web.archive.org/web/20080911234314/http://www.press.sk:80/index.php?option=content&task=view&id=1034&Itemid=,20080911234314,skip
http://www.press.sk:80/index.php?option=content&task=view&id=1035&Itemid=,https://web.archive.org/web/20080701054647/http://www.press.sk:80/index.php?option=content&task=view&id=1035&Itemid=,20080701054647,skip
http://www.press.sk:80/index.php?option=content&task=view&id=1035&Itemid=,https://web.archive.org/web/20080703174935/http://www.press.sk:80/index.php?option=content&task=view&id=1035&Itemid=,20080703174935,skip
http://www.press.sk:80/index.php?option=content&task=view&id=1035&Itemid=,https://web.archive.org/web/20080706202659/http://www.press.sk:80/index.php?option=content&task=view&id=1035&Itemid=,20080706202659,skip
http://www.press.sk:80/index.php?option=content&task=view&id=1035&Itemid=,https://web.archive.org/web/20080707231336/http://www.press.sk:80/index.php?option=content&task=view&id=1035&Itemid=,20080707231336,skip
http://www.press.sk:80/index.php?option=content&task=view&id=1035&Itemid=,https://web.archive.org/web/20080710150603/http://www.press.sk:80/index.php?option=content&task=view&id=1035&Itemid=,20080710150603,skip
http://www.press.sk:80/index.php?option=content&task=view&id=1035&Itemid=,https://web.archive.org/web/20080712041136/http://www.press.sk:80/index.php?option=content&task=view&id=1035&Itemid=,20080712041136,skip
http://www.press.sk:80/index.php?option=content&task=view&id=1035&Itemid=,https://web.archive.org/web/20080720205743/http://www.press.sk:80/index.php?option=content&task=view&id=1035&Itemid=,20080720205743,skip
http://www.press.sk:80/index.php?option=content&task=view&id=1035&Itemid=,https://web.archive.org/web/20080723183254/http://www.press.sk:80/index.php?option=content&task=view&id=1035&Itemid=,20080723183254,skip
http://www.press.sk:80/index.php?option=content&task=view&id=1035&Itemid=,https://web.archive.org/web/20080731191350/http://www.press.sk:80/index.php?option=content&task=view&id=1035&Itemid=,20080731191350,skip
http://www.press.sk:80/index.php?option=content&task=view&id=1035&Itemid=,https://web.archive.org/web/20080806143737/http://www.press.sk:80/index.php?option=content&task=view&id=1035&Itemid=,20080806143737,skip
http://www.press.sk.:80/index.php?option=content&task=view&id=1035&Itemid=,https://web.archive.org/web/20080812014051/http://www.press.sk.:80/index.php?option=content&task=view&id=1035&Itemid=,20080812014051,skip
http://www.press.sk:80/index.php?option=content&task=view&id=1035&Itemid=,https://web.archive.org/web/20080813144513/http://www.press.sk:80/index.php?option=content&task=view&id=1035&Itemid=,20080813144513,skip
http://www.press.sk:80/index.php?option=content&task=view&id=1035&Itemid=,https://web.archive.org/web/20080814163315/http://www.press.sk:80/index.php?option=content&task=view&id=1035&Itemid=,20080814163315,skip
http://www.press.sk:80/index.php?option=content&task=view&id=1035&Itemid=,https://web.archive.org/web/20080815183302/http://www.press.sk:80/index.php?option=content&task=view&id=1035&Itemid=,20080815183302,skip
http://www.press.sk:80/index.php?option=content&task=view&id=1035&Itemid=,https://web.archive.org/web/20080817012010/http://www.press.sk:80/index.php?option=content&task=view&id=1035&Itemid=,20080817012010,skip
http://www.press.sk:80/index.php?option=content&task=view&id=1035&Itemid=,https://web.archive.org/web/20080818102023/http://www.press.sk:80/index.php?option=content&task=view&id=1035&Itemid=,20080818102023,skip
http://www.press.sk:80/index.php?option=content&task=view&id=1035&Itemid=,https://web.archive.org/web/20080819214436/http://www.press.sk:80/index.php?option=content&task=view&id=1035&Itemid=,20080819214436,skip
http://www.press.sk:80/index.php?option=content&task=view&id=1035&Itemid=,https://web.archive.org/web/20080822052849/http://www.press.sk:80/index.php?option=content&task=view&id=1035&Itemid=,20080822052849,skip
http://www.press.sk:80/index.php?option=content&task=view&id=1035&Itemid=,https://web.archive.org/web/20080823124910/http://www.press.sk:80/index.php?option=content&task=view&id=1035&Itemid=,20080823124910,skip
http://www.press.sk:80/index.php?option=content&task=view&id=1035&Itemid=,https://web.archive.org/web/20080824212853/http://www.press.sk:80/index.php?option=content&task=view&id=1035&Itemid=,20080824212853,skip
http://www.press.sk:80/index.php?option=content&task=view&id=1035&Itemid=,https://web.archive.org/web/20080826053308/http://www.press.sk:80/index.php?option=content&task=view&id=1035&Itemid=,20080826053308,skip
http://www.press.sk:80/index.php?option=content&task=view&id=1035&Itemid=,https://web.archive.org/web/20080827150123/http://www.press.sk:80/index.php?option=content&task=view&id=1035&Itemid=,20080827150123,skip
http://www.press.sk:80/index.php?option=content&task=view&id=1037&Itemid=,https://web.archive.org/web/20080701094907/http://www.press.sk:80/index.php?option=content&task=view&id=1037&Itemid=,20080701094907,skip
http://www.press.sk:80/index.php?option=content&task=view&id=1037&Itemid=,https://web.archive.org/web/20080703161701/http://www.press.sk:80/index.php?option=content&task=view&id=1037&Itemid=,20080703161701,skip
http://www.press.sk:80/index.php?option=content&task=view&id=1037&Itemid=,https://web.archive.org/web/20080705193722/http://www.press.sk:80/index.php?option=content&task=view&id=1037&Itemid=,20080705193722,skip
http://www.press.sk:80/index.php?option=content&task=view&id=1037&Itemid=,https://web.archive.org/web/20080706202310/http://www.press.sk:80/index.php?option=content&task=view&id=1037&Itemid=,20080706202310,skip
http://www.press.sk:80/index.php?option=content&task=view&id=1037&Itemid=,https://web.archive.org/web/20080707231341/http://www.press.sk:80/index.php?option=content&task=view&id=1037&Itemid=,20080707231341,skip
http://www.press.sk:80/index.php?option=content&task=view&id=1037&Itemid=,https://web.archive.org/web/20080710150610/http://www.press.sk:80/index.php?option=content&task=view&id=1037&Itemid=,20080710150610,skip
http://www.press.sk:80/index.php?option=content&task=view&id=1037&Itemid=,https://web.archive.org/web/20080712041140/http://www.press.sk:80/index.php?option=content&task=view&id=1037&Itemid=,20080712041140,skip
http://www.press.sk:80/index.php?option=content&task=view&id=1037&Itemid=,https://web.archive.org/web/20080720211503/http://www.press.sk:80/index.php?option=content&task=view&id=1037&Itemid=,20080720211503,skip
http://www.press.sk:80/index.php?option=content&task=view&id=1037&Itemid=,https://web.archive.org/web/20080723183702/http://www.press.sk:80/index.php?option=content&task=view&id=1037&Itemid=,20080723183702,skip
http://www.press.sk:80/index.php?option=content&task=view&id=1037&Itemid=,https://web.archive.org/web/20080731185857/http://www.press.sk:80/index.php?option=content&task=view&id=1037&Itemid=,20080731185857,skip
http://www.press.sk:80/index.php?option=content&task=view&id=1037&Itemid=,https://web.archive.org/web/20080806143745/http://www.press.sk:80/index.php?option=content&task=view&id=1037&Itemid=,20080806143745,skip
http://www.press.sk.:80/index.php?option=content&task=view&id=1037&Itemid=,https://web.archive.org/web/20080812014056/http://www.press.sk.:80/index.php?option=content&task=view&id=1037&Itemid=,20080812014056,skip
http://www.press.sk:80/index.php?option=content&task=view&id=1037&Itemid=,https://web.archive.org/web/20080813144518/http://www.press.sk:80/index.php?option=content&task=view&id=1037&Itemid=,20080813144518,skip
http://www.press.sk:80/index.php?option=content&task=view&id=1037&Itemid=,https://web.archive.org/web/20080814163322/http://www.press.sk:80/index.php?option=content&task=view&id=1037&Itemid=,20080814163322,skip
http://www.press.sk:80/index.php?option=content&task=view&id=1037&Itemid=,https://web.archive.org/web/20080815183308/http://www.press.sk:80/index.php?option=content&task=view&id=1037&Itemid=,20080815183308,skip
http://www.press.sk:80/index.php?option=content&task=view&id=1037&Itemid=,https://web.archive.org/web/20080817012012/http://www.press.sk:80/index.php?option=content&task=view&id=1037&Itemid=,20080817012012,skip
http://www.press.sk:80/index.php?option=content&task=view&id=1037&Itemid=,https://web.archive.org/web/20080818102032/http://www.press.sk:80/index.php?option=content&task=view&id=1037&Itemid=,20080818102032,skip
http://www.press.sk:80/index.php?option=content&task=view&id=1037&Itemid=,https://web.archive.org/web/20080819214442/http://www.press.sk:80/index.php?option=content&task=view&id=1037&Itemid=,20080819214442,skip
http://www.press.sk:80/index.php?option=content&task=view&id=1037&Itemid=,https://web.archive.org/web/20080822052854/http://www.press.sk:80/index.php?option=content&task=view&id=1037&Itemid=,20080822052854,skip
http://www.press.sk:80/index.php?option=content&task=view&id=1037&Itemid=,https://web.archive.org/web/20080823124914/http://www.press.sk:80/index.php?option=content&task=view&id=1037&Itemid=,20080823124914,skip
http://www.press.sk:80/index.php?option=content&task=view&id=1037&Itemid=,https://web.archive.org/web/20080824212858/http://www.press.sk:80/index.php?option=content&task=view&id=1037&Itemid=,20080824212858,skip
http://www.press.sk:80/index.php?option=content&task=view&id=1037&Itemid=,https://web.archive.org/web/20080826053313/http://www.press.sk:80/index.php?option=content&task=view&id=1037&Itemid=,20080826053313,skip
http://www.press.sk:80/index.php?option=content&task=view&id=1037&Itemid=,https://web.archive.org/web/20080827150128/http://www.press.sk:80/index.php?option=content&task=view&id=1037&Itemid=,20080827150128,skip
http://www.press.sk:80/index.php?option=content&task=view&id=1038&Itemid=,https://web.archive.org/web/20080701054652/http://www.press.sk:80/index.php?option=content&task=view&id=1038&Itemid=,20080701054652,skip
http://www.press.sk:80/index.php?option=content&task=view&id=1038&Itemid=,https://web.archive.org/web/20080703162813/http://www.press.sk:80/index.php?option=content&task=view&id=1038&Itemid=,20080703162813,skip
http://www.press.sk:80/index.php?option=content&task=view&id=1038&Itemid=,https://web.archive.org/web/20080706202707/http://www.press.sk:80/index.php?option=content&task=view&id=1038&Itemid=,20080706202707,skip
http://www.press.sk:80/index.php?option=content&task=view&id=1038&Itemid=,https://web.archive.org/web/20080707225724/http://www.press.sk:80/index.php?option=content&task=view&id=1038&Itemid=,20080707225724,skip
http://www.press.sk:80/index.php?option=content&task=view&id=1038&Itemid=,https://web.archive.org/web/20080710150613/http://www.press.sk:80/index.php?option=content&task=view&id=1038&Itemid=,20080710150613,skip
http://www.press.sk:80/index.php?option=content&task=view&id=1038&Itemid=,https://web.archive.org/web/20080712041145/http://www.press.sk:80/index.php?option=content&task=view&id=1038&Itemid=,20080712041145,skip
http://www.press.sk:80/index.php?option=content&task=view&id=1038&Itemid=,https://web.archive.org/web/20080720211509/http://www.press.sk:80/index.php?option=content&task=view&id=1038&Itemid=,20080720211509,skip
http://www.press.sk:80/index.php?option=content&task=view&id=1038&Itemid=,https://web.archive.org/web/20080723183707/http://www.press.sk:80/index.php?option=content&task=view&id=1038&Itemid=,20080723183707,skip
http://www.press.sk:80/index.php?option=content&task=view&id=1038&Itemid=,https://web.archive.org/web/20080731185902/http://www.press.sk:80/index.php?option=content&task=view&id=1038&Itemid=,20080731185902,skip
http://www.press.sk:80/index.php?option=content&task=view&id=1038&Itemid=,https://web.archive.org/web/20080806143747/http://www.press.sk:80/index.php?option=content&task=view&id=1038&Itemid=,20080806143747,skip
http://www.press.sk.:80/index.php?option=content&task=view&id=1038&Itemid=,https://web.archive.org/web/20080812014101/http://www.press.sk.:80/index.php?option=content&task=view&id=1038&Itemid=,20080812014101,skip
http://www.press.sk:80/index.php?option=content&task=view&id=1038&Itemid=,https://web.archive.org/web/20080813144523/http://www.press.sk:80/index.php?option=content&task=view&id=1038&Itemid=,20080813144523,skip
http://www.press.sk:80/index.php?option=content&task=view&id=1038&Itemid=,https://web.archive.org/web/20080814165407/http://www.press.sk:80/index.php?option=content&task=view&id=1038&Itemid=,20080814165407,skip
http://www.press.sk:80/index.php?option=content&task=view&id=1038&Itemid=,https://web.archive.org/web/20080815183310/http://www.press.sk:80/index.php?option=content&task=view&id=1038&Itemid=,20080815183310,skip
http://www.press.sk:80/index.php?option=content&task=view&id=1038&Itemid=,https://web.archive.org/web/20080817012016/http://www.press.sk:80/index.php?option=content&task=view&id=1038&Itemid=,20080817012016,skip
http://www.press.sk:80/index.php?option=content&task=view&id=1038&Itemid=,https://web.archive.org/web/20080818102035/http://www.press.sk:80/index.php?option=content&task=view&id=1038&Itemid=,20080818102035,skip
http://www.press.sk:80/index.php?option=content&task=view&id=1038&Itemid=,https://web.archive.org/web/20080819214452/http://www.press.sk:80/index.php?option=content&task=view&id=1038&Itemid=,20080819214452,skip
http://www.press.sk:80/index.php?option=content&task=view&id=1038&Itemid=,https://web.archive.org/web/20080822052858/http://www.press.sk:80/index.php?option=content&task=view&id=1038&Itemid=,20080822052858,skip
http://www.press.sk:80/index.php?option=content&task=view&id=1038&Itemid=,https://web.archive.org/web/20080823124919/http://www.press.sk:80/index.php?option=content&task=view&id=1038&Itemid=,20080823124919,skip
http://www.press.sk:80/index.php?option=content&task=view&id=1038&Itemid=,https://web.archive.org/web/20080824212904/http://www.press.sk:80/index.php?option=content&task=view&id=1038&Itemid=,20080824212904,skip
http://www.press.sk:80/index.php?option=content&task=view&id=1038&Itemid=,https://web.archive.org/web/20080826053319/http://www.press.sk:80/index.php?option=content&task=view&id=1038&Itemid=,20080826053319,skip
http://www.press.sk:80/index.php?option=content&task=view&id=1038&Itemid=,https://web.archive.org/web/20080827150133/http://www.press.sk:80/index.php?option=content&task=view&id=1038&Itemid=,20080827150133,skip
http://www.press.sk:80/index.php?option=content&task=view&id=1039&Itemid=,https://web.archive.org/web/20080701094912/http://www.press.sk:80/index.php?option=content&task=view&id=1039&Itemid=,20080701094912,skip
http://www.press.sk:80/index.php?option=content&task=view&id=1039&Itemid=,https://web.archive.org/web/20080703174940/http://www.press.sk:80/index.php?option=content&task=view&id=1039&Itemid=,20080703174940,skip
http://www.press.sk:80/index.php?option=content&task=view&id=1039&Itemid=,https://web.archive.org/web/20080705193728/http://www.press.sk:80/index.php?option=content&task=view&id=1039&Itemid=,20080705193728,skip
http://www.press.sk:80/index.php?option=content&task=view&id=1039&Itemid=,https://web.archive.org/web/20080706202716/http://www.press.sk:80/index.php?option=content&task=view&id=1039&Itemid=,20080706202716,skip
http://www.press.sk:80/index.php?option=content&task=view&id=1039&Itemid=,https://web.archive.org/web/20080707231347/http://www.press.sk:80/index.php?option=content&task=view&id=1039&Itemid=,20080707231347,skip
http://www.press.sk:80/index.php?option=content&task=view&id=1039&Itemid=,https://web.archive.org/web/20080710150621/http://www.press.sk:80/index.php?option=content&task=view&id=1039&Itemid=,20080710150621,skip
http://www.press.sk:80/index.php?option=content&task=view&id=1039&Itemid=,https://web.archive.org/web/20080712041153/http://www.press.sk:80/index.php?option=content&task=view&id=1039&Itemid=,20080712041153,skip
http://www.press.sk:80/index.php?option=content&task=view&id=1039&Itemid=,https://web.archive.org/web/20080720211518/http://www.press.sk:80/index.php?option=content&task=view&id=1039&Itemid=,20080720211518,skip
http://www.press.sk:80/index.php?option=content&task=view&id=1039&Itemid=,https://web.archive.org/web/20080723183259/http://www.press.sk:80/index.php?option=content&task=view&id=1039&Itemid=,20080723183259,skip
http://www.press.sk:80/index.php?option=content&task=view&id=1039&Itemid=,https://web.archive.org/web/20080731191356/http://www.press.sk:80/index.php?option=content&task=view&id=1039&Itemid=,20080731191356,skip
http://www.press.sk:80/index.php?option=content&task=view&id=1039&Itemid=,https://web.archive.org/web/20080806143754/http://www.press.sk:80/index.php?option=content&task=view&id=1039&Itemid=,20080806143754,skip
http://www.press.sk.:80/index.php?option=content&task=view&id=1039&Itemid=,https://web.archive.org/web/20080812014106/http://www.press.sk.:80/index.php?option=content&task=view&id=1039&Itemid=,20080812014106,skip
http://www.press.sk:80/index.php?option=content&task=view&id=1039&Itemid=,https://web.archive.org/web/20080813144529/http://www.press.sk:80/index.php?option=content&task=view&id=1039&Itemid=,20080813144529,skip
http://www.press.sk:80/index.php?option=content&task=view&id=1039&Itemid=,https://web.archive.org/web/20080814165412/http://www.press.sk:80/index.php?option=content&task=view&id=1039&Itemid=,20080814165412,skip
http://www.press.sk:80/index.php?option=content&task=view&id=1039&Itemid=,https://web.archive.org/web/20080815183318/http://www.press.sk:80/index.php?option=content&task=view&id=1039&Itemid=,20080815183318,skip
http://www.press.sk:80/index.php?option=content&task=view&id=1039&Itemid=,https://web.archive.org/web/20080817012023/http://www.press.sk:80/index.php?option=content&task=view&id=1039&Itemid=,20080817012023,skip
http://www.press.sk:80/index.php?option=content&task=view&id=1039&Itemid=,https://web.archive.org/web/20080818102039/http://www.press.sk:80/index.php?option=content&task=view&id=1039&Itemid=,20080818102039,skip
http://www.press.sk:80/index.php?option=content&task=view&id=1039&Itemid=,https://web.archive.org/web/20080819214454/http://www.press.sk:80/index.php?option=content&task=view&id=1039&Itemid=,20080819214454,skip
http://www.press.sk:80/index.php?option=content&task=view&id=1039&Itemid=,https://web.archive.org/web/20080822052903/http://www.press.sk:80/index.php?option=content&task=view&id=1039&Itemid=,20080822052903,skip
http://www.press.sk:80/index.php?option=content&task=view&id=1039&Itemid=,https://web.archive.org/web/20080823124928/http://www.press.sk:80/index.php?option=content&task=view&id=1039&Itemid=,20080823124928,skip
http://www.press.sk:80/index.php?option=content&task=view&id=1039&Itemid=,https://web.archive.org/web/20080824212909/http://www.press.sk:80/index.php?option=content&task=view&id=1039&Itemid=,20080824212909,skip
http://www.press.sk:80/index.php?option=content&task=view&id=1039&Itemid=,https://web.archive.org/web/20080826053323/http://www.press.sk:80/index.php?option=content&task=view&id=1039&Itemid=,20080826053323,skip
http://www.press.sk:80/index.php?option=content&task=view&id=1039&Itemid=,https://web.archive.org/web/20080827150138/http://www.press.sk:80/index.php?option=content&task=view&id=1039&Itemid=,20080827150138,skip
http://www.press.sk:80/index.php?option=content&task=view&id=1039&Itemid=,https://web.archive.org/web/20080905145957/http://www.press.sk:80/index.php?option=content&task=view&id=1039&Itemid=,20080905145957,skip
http://www.press.sk:80/index.php?option=content&task=view&id=1039&Itemid=,https://web.archive.org/web/20080908060226/http://www.press.sk:80/index.php?option=content&task=view&id=1039&Itemid=,20080908060226,skip
http://www.press.sk:80/index.php?option=content&task=view&id=1039&Itemid=,https://web.archive.org/web/20080910072006/http://www.press.sk:80/index.php?option=content&task=view&id=1039&Itemid=,20080910072006,skip
http://www.press.sk:80/index.php?option=content&task=view&id=1039&Itemid=,https://web.archive.org/web/20080911234320/http://www.press.sk:80/index.php?option=content&task=view&id=1039&Itemid=,20080911234320,skip
http://www.press.sk:80/index.php?option=content&task=view&id=1040&Itemid=,https://web.archive.org/web/20080701094922/http://www.press.sk:80/index.php?option=content&task=view&id=1040&Itemid=,20080701094922,skip
http://www.press.sk:80/index.php?option=content&task=view&id=1040&Itemid=,https://web.archive.org/web/20080703174945/http://www.press.sk:80/index.php?option=content&task=view&id=1040&Itemid=,20080703174945,skip
http://www.press.sk:80/index.php?option=content&task=view&id=1040&Itemid=,https://web.archive.org/web/20080706202312/http://www.press.sk:80/index.php?option=content&task=view&id=1040&Itemid=,20080706202312,skip
http://www.press.sk:80/index.php?option=content&task=view&id=1040&Itemid=,https://web.archive.org/web/20080707231351/http://www.press.sk:80/index.php?option=content&task=view&id=1040&Itemid=,20080707231351,skip
http://www.press.sk:80/index.php?option=content&task=view&id=1040&Itemid=,https://web.archive.org/web/20080710150626/http://www.press.sk:80/index.php?option=content&task=view&id=1040&Itemid=,20080710150626,skip
http://www.press.sk:80/index.php?option=content&task=view&id=1040&Itemid=,https://web.archive.org/web/20080712041156/http://www.press.sk:80/index.php?option=content&task=view&id=1040&Itemid=,20080712041156,skip
http://www.press.sk:80/index.php?option=content&task=view&id=1040&Itemid=,https://web.archive.org/web/20080720211519/http://www.press.sk:80/index.php?option=content&task=view&id=1040&Itemid=,20080720211519,skip
http://www.press.sk:80/index.php?option=content&task=view&id=1040&Itemid=,https://web.archive.org/web/20080723183304/http://www.press.sk:80/index.php?option=content&task=view&id=1040&Itemid=,20080723183304,skip
http://www.press.sk:80/index.php?option=content&task=view&id=1040&Itemid=,https://web.archive.org/web/20080731191909/http://www.press.sk:80/index.php?option=content&task=view&id=1040&Itemid=,20080731191909,skip
http://www.press.sk:80/index.php?option=content&task=view&id=1040&Itemid=,https://web.archive.org/web/20080806143758/http://www.press.sk:80/index.php?option=content&task=view&id=1040&Itemid=,20080806143758,skip
http://www.press.sk.:80/index.php?option=content&task=view&id=1040&Itemid=,https://web.archive.org/web/20080812014112/http://www.press.sk.:80/index.php?option=content&task=view&id=1040&Itemid=,20080812014112,skip
http://www.press.sk:80/index.php?option=content&task=view&id=1040&Itemid=,https://web.archive.org/web/20080813144534/http://www.press.sk:80/index.php?option=content&task=view&id=1040&Itemid=,20080813144534,skip
http://www.press.sk:80/index.php?option=content&task=view&id=1040&Itemid=,https://web.archive.org/web/20080814163326/http://www.press.sk:80/index.php?option=content&task=view&id=1040&Itemid=,20080814163326,skip
http://www.press.sk:80/index.php?option=content&task=view&id=1040&Itemid=,https://web.archive.org/web/20080815183321/http://www.press.sk:80/index.php?option=content&task=view&id=1040&Itemid=,20080815183321,skip
http://www.press.sk:80/index.php?option=content&task=view&id=1040&Itemid=,https://web.archive.org/web/20080817012026/http://www.press.sk:80/index.php?option=content&task=view&id=1040&Itemid=,20080817012026,skip
http://www.press.sk:80/index.php?option=content&task=view&id=1040&Itemid=,https://web.archive.org/web/20080818102045/http://www.press.sk:80/index.php?option=content&task=view&id=1040&Itemid=,20080818102045,skip
http://www.press.sk:80/index.php?option=content&task=view&id=1040&Itemid=,https://web.archive.org/web/20080819214501/http://www.press.sk:80/index.php?option=content&task=view&id=1040&Itemid=,20080819214501,skip
http://www.press.sk:80/index.php?option=content&task=view&id=1040&Itemid=,https://web.archive.org/web/20080822052908/http://www.press.sk:80/index.php?option=content&task=view&id=1040&Itemid=,20080822052908,skip
http://www.press.sk:80/index.php?option=content&task=view&id=1040&Itemid=,https://web.archive.org/web/20080823124930/http://www.press.sk:80/index.php?option=content&task=view&id=1040&Itemid=,20080823124930,skip
http://www.press.sk:80/index.php?option=content&task=view&id=1040&Itemid=,https://web.archive.org/web/20080824212914/http://www.press.sk:80/index.php?option=content&task=view&id=1040&Itemid=,20080824212914,skip
http://www.press.sk:80/index.php?option=content&task=view&id=1040&Itemid=,https://web.archive.org/web/20080826053329/http://www.press.sk:80/index.php?option=content&task=view&id=1040&Itemid=,20080826053329,skip
http://www.press.sk:80/index.php?option=content&task=view&id=1040&Itemid=,https://web.archive.org/web/20080827150144/http://www.press.sk:80/index.php?option=content&task=view&id=1040&Itemid=,20080827150144,skip
http://www.press.sk:80/index.php?option=content&task=view&id=1040&Itemid=,https://web.archive.org/web/20080905150002/http://www.press.sk:80/index.php?option=content&task=view&id=1040&Itemid=,20080905150002,skip
http://www.press.sk:80/index.php?option=content&task=view&id=1040&Itemid=,https://web.archive.org/web/20080908060232/http://www.press.sk:80/index.php?option=content&task=view&id=1040&Itemid=,20080908060232,skip
http://www.press.sk:80/index.php?option=content&task=view&id=1040&Itemid=,https://web.archive.org/web/20080910072013/http://www.press.sk:80/index.php?option=content&task=view&id=1040&Itemid=,20080910072013,skip
http://www.press.sk:80/index.php?option=content&task=view&id=1040&Itemid=,https://web.archive.org/web/20080911234325/http://www.press.sk:80/index.php?option=content&task=view&id=1040&Itemid=,20080911234325,skip
http://www.press.sk:80/index.php?option=content&task=view&id=1041&Itemid=,https://web.archive.org/web/20080913123400/http://www.press.sk:80/index.php?option=content&task=view&id=1041&Itemid=,20080913123400,skip
http://www.press.sk:80/index.php?option=content&task=view&id=1044&Itemid=,https://web.archive.org/web/20080913123405/http://www.press.sk:80/index.php?option=content&task=view&id=1044&Itemid=,20080913123405,skip
http://www.press.sk:80/index.php?option=content&task=view&id=1045&Itemid=,https://web.archive.org/web/20080701094927/http://www.press.sk:80/index.php?option=content&task=view&id=1045&Itemid=,20080701094927,skip
http://www.press.sk:80/index.php?option=content&task=view&id=1045&Itemid=,https://web.archive.org/web/20080703174950/http://www.press.sk:80/index.php?option=content&task=view&id=1045&Itemid=,20080703174950,skip
http://www.press.sk:80/index.php?option=content&task=view&id=1045&Itemid=,https://web.archive.org/web/20080706202317/http://www.press.sk:80/index.php?option=content&task=view&id=1045&Itemid=,20080706202317,skip
http://www.press.sk:80/index.php?option=content&task=view&id=1045&Itemid=,https://web.archive.org/web/20080707230635/http://www.press.sk:80/index.php?option=content&task=view&id=1045&Itemid=,20080707230635,skip
http://www.press.sk:80/index.php?option=content&task=view&id=1045&Itemid=,https://web.archive.org/web/20080710150630/http://www.press.sk:80/index.php?option=content&task=view&id=1045&Itemid=,20080710150630,skip
http://www.press.sk:80/index.php?option=content&task=view&id=1045&Itemid=,https://web.archive.org/web/20080712041202/http://www.press.sk:80/index.php?option=content&task=view&id=1045&Itemid=,20080712041202,skip
http://www.press.sk:80/index.php?option=content&task=view&id=1045&Itemid=,https://web.archive.org/web/20080720211525/http://www.press.sk:80/index.php?option=content&task=view&id=1045&Itemid=,20080720211525,skip
http://www.press.sk:80/index.php?option=content&task=view&id=1045&Itemid=,https://web.archive.org/web/20080723183713/http://www.press.sk:80/index.php?option=content&task=view&id=1045&Itemid=,20080723183713,skip
http://www.press.sk:80/index.php?option=content&task=view&id=1045&Itemid=,https://web.archive.org/web/20080731191914/http://www.press.sk:80/index.php?option=content&task=view&id=1045&Itemid=,20080731191914,skip
http://www.press.sk:80/index.php?option=content&task=view&id=1045&Itemid=,https://web.archive.org/web/20080806143804/http://www.press.sk:80/index.php?option=content&task=view&id=1045&Itemid=,20080806143804,skip
http://www.press.sk.:80/index.php?option=content&task=view&id=1045&Itemid=,https://web.archive.org/web/20080812014117/http://www.press.sk.:80/index.php?option=content&task=view&id=1045&Itemid=,20080812014117,skip
http://www.press.sk:80/index.php?option=content&task=view&id=1045&Itemid=,https://web.archive.org/web/20080813144541/http://www.press.sk:80/index.php?option=content&task=view&id=1045&Itemid=,20080813144541,skip
http://www.press.sk:80/index.php?option=content&task=view&id=1045&Itemid=,https://web.archive.org/web/20080814163334/http://www.press.sk:80/index.php?option=content&task=view&id=1045&Itemid=,20080814163334,skip
http://www.press.sk:80/index.php?option=content&task=view&id=1045&Itemid=,https://web.archive.org/web/20080815183325/http://www.press.sk:80/index.php?option=content&task=view&id=1045&Itemid=,20080815183325,skip
http://www.press.sk:80/index.php?option=content&task=view&id=1045&Itemid=,https://web.archive.org/web/20080817012033/http://www.press.sk:80/index.php?option=content&task=view&id=1045&Itemid=,20080817012033,skip
http://www.press.sk:80/index.php?option=content&task=view&id=1045&Itemid=,https://web.archive.org/web/20080818102049/http://www.press.sk:80/index.php?option=content&task=view&id=1045&Itemid=,20080818102049,skip
http://www.press.sk:80/index.php?option=content&task=view&id=1045&Itemid=,https://web.archive.org/web/20080819214529/http://www.press.sk:80/index.php?option=content&task=view&id=1045&Itemid=,20080819214529,skip
http://www.press.sk:80/index.php?option=content&task=view&id=1045&Itemid=,https://web.archive.org/web/20080822052913/http://www.press.sk:80/index.php?option=content&task=view&id=1045&Itemid=,20080822052913,skip
http://www.press.sk:80/index.php?option=content&task=view&id=1045&Itemid=,https://web.archive.org/web/20080823124935/http://www.press.sk:80/index.php?option=content&task=view&id=1045&Itemid=,20080823124935,skip
http://www.press.sk:80/index.php?option=content&task=view&id=1045&Itemid=,https://web.archive.org/web/20080824212919/http://www.press.sk:80/index.php?option=content&task=view&id=1045&Itemid=,20080824212919,skip
http://www.press.sk:80/index.php?option=content&task=view&id=1045&Itemid=,https://web.archive.org/web/20080826053334/http://www.press.sk:80/index.php?option=content&task=view&id=1045&Itemid=,20080826053334,skip
http://www.press.sk:80/index.php?option=content&task=view&id=1045&Itemid=,https://web.archive.org/web/20080827150148/http://www.press.sk:80/index.php?option=content&task=view&id=1045&Itemid=,20080827150148,skip
http://www.press.sk:80/index.php?option=content&task=view&id=1045&Itemid=,https://web.archive.org/web/20080905150007/http://www.press.sk:80/index.php?option=content&task=view&id=1045&Itemid=,20080905150007,skip
http://www.press.sk:80/index.php?option=content&task=view&id=1045&Itemid=,https://web.archive.org/web/20080908060236/http://www.press.sk:80/index.php?option=content&task=view&id=1045&Itemid=,20080908060236,skip
http://www.press.sk:80/index.php?option=content&task=view&id=1045&Itemid=,https://web.archive.org/web/20080910072016/http://www.press.sk:80/index.php?option=content&task=view&id=1045&Itemid=,20080910072016,skip
http://www.press.sk:80/index.php?option=content&task=view&id=1045&Itemid=,https://web.archive.org/web/20080911234330/http://www.press.sk:80/index.php?option=content&task=view&id=1045&Itemid=,20080911234330,skip
http://www.press.sk:80/index.php?option=content&task=view&id=1046&Itemid=,https://web.archive.org/web/20080701094929/http://www.press.sk:80/index.php?option=content&task=view&id=1046&Itemid=,20080701094929,skip
http://www.press.sk:80/index.php?option=content&task=view&id=1046&Itemid=,https://web.archive.org/web/20080703162819/http://www.press.sk:80/index.php?option=content&task=view&id=1046&Itemid=,20080703162819,skip
http://www.press.sk:80/index.php?option=content&task=view&id=1046&Itemid=,https://web.archive.org/web/20080706202325/http://www.press.sk:80/index.php?option=content&task=view&id=1046&Itemid=,20080706202325,skip
http://www.press.sk:80/index.php?option=content&task=view&id=1046&Itemid=,https://web.archive.org/web/20080707231357/http://www.press.sk:80/index.php?option=content&task=view&id=1046&Itemid=,20080707231357,skip
http://www.press.sk:80/index.php?option=content&task=view&id=1046&Itemid=,https://web.archive.org/web/20080710150638/http://www.press.sk:80/index.php?option=content&task=view&id=1046&Itemid=,20080710150638,skip
http://www.press.sk:80/index.php?option=content&task=view&id=1046&Itemid=,https://web.archive.org/web/20080712041206/http://www.press.sk:80/index.php?option=content&task=view&id=1046&Itemid=,20080712041206,skip
http://www.press.sk:80/index.php?option=content&task=view&id=1046&Itemid=,https://web.archive.org/web/20080720211530/http://www.press.sk:80/index.php?option=content&task=view&id=1046&Itemid=,20080720211530,skip
http://www.press.sk:80/index.php?option=content&task=view&id=1046&Itemid=,https://web.archive.org/web/20080723183718/http://www.press.sk:80/index.php?option=content&task=view&id=1046&Itemid=,20080723183718,skip
http://www.press.sk:80/index.php?option=content&task=view&id=1046&Itemid=,https://web.archive.org/web/20080731185907/http://www.press.sk:80/index.php?option=content&task=view&id=1046&Itemid=,20080731185907,skip
http://www.press.sk:80/index.php?option=content&task=view&id=1046&Itemid=,https://web.archive.org/web/20080806143808/http://www.press.sk:80/index.php?option=content&task=view&id=1046&Itemid=,20080806143808,skip
http://www.press.sk.:80/index.php?option=content&task=view&id=1046&Itemid=,https://web.archive.org/web/20080812014122/http://www.press.sk.:80/index.php?option=content&task=view&id=1046&Itemid=,20080812014122,skip
http://www.press.sk:80/index.php?option=content&task=view&id=1046&Itemid=,https://web.archive.org/web/20080813144547/http://www.press.sk:80/index.php?option=content&task=view&id=1046&Itemid=,20080813144547,skip
http://www.press.sk:80/index.php?option=content&task=view&id=1046&Itemid=,https://web.archive.org/web/20080814163542/http://www.press.sk:80/index.php?option=content&task=view&id=1046&Itemid=,20080814163542,skip
http://www.press.sk:80/index.php?option=content&task=view&id=1046&Itemid=,https://web.archive.org/web/20080815183330/http://www.press.sk:80/index.php?option=content&task=view&id=1046&Itemid=,20080815183330,skip
http://www.press.sk:80/index.php?option=content&task=view&id=1046&Itemid=,https://web.archive.org/web/20080817012040/http://www.press.sk:80/index.php?option=content&task=view&id=1046&Itemid=,20080817012040,skip
http://www.press.sk:80/index.php?option=content&task=view&id=1046&Itemid=,https://web.archive.org/web/20080818102055/http://www.press.sk:80/index.php?option=content&task=view&id=1046&Itemid=,20080818102055,skip
http://www.press.sk:80/index.php?option=content&task=view&id=1046&Itemid=,https://web.archive.org/web/20080819214534/http://www.press.sk:80/index.php?option=content&task=view&id=1046&Itemid=,20080819214534,skip
http://www.press.sk:80/index.php?option=content&task=view&id=1046&Itemid=,https://web.archive.org/web/20080822052918/http://www.press.sk:80/index.php?option=content&task=view&id=1046&Itemid=,20080822052918,skip
http://www.press.sk:80/index.php?option=content&task=view&id=1046&Itemid=,https://web.archive.org/web/20080823124940/http://www.press.sk:80/index.php?option=content&task=view&id=1046&Itemid=,20080823124940,skip
http://www.press.sk:80/index.php?option=content&task=view&id=1046&Itemid=,https://web.archive.org/web/20080824212925/http://www.press.sk:80/index.php?option=content&task=view&id=1046&Itemid=,20080824212925,skip
http://www.press.sk:80/index.php?option=content&task=view&id=1046&Itemid=,https://web.archive.org/web/20080826053339/http://www.press.sk:80/index.php?option=content&task=view&id=1046&Itemid=,20080826053339,skip
http://www.press.sk:80/index.php?option=content&task=view&id=1046&Itemid=,https://web.archive.org/web/20080827150153/http://www.press.sk:80/index.php?option=content&task=view&id=1046&Itemid=,20080827150153,skip
http://www.press.sk:80/index.php?option=content&task=view&id=1046&Itemid=,https://web.archive.org/web/20080905150012/http://www.press.sk:80/index.php?option=content&task=view&id=1046&Itemid=,20080905150012,skip
http://www.press.sk:80/index.php?option=content&task=view&id=1046&Itemid=,https://web.archive.org/web/20080908060242/http://www.press.sk:80/index.php?option=content&task=view&id=1046&Itemid=,20080908060242,skip
http://www.press.sk:80/index.php?option=content&task=view&id=1046&Itemid=,https://web.archive.org/web/20080910072021/http://www.press.sk:80/index.php?option=content&task=view&id=1046&Itemid=,20080910072021,skip
http://www.press.sk:80/index.php?option=content&task=view&id=1046&Itemid=,https://web.archive.org/web/20080911234335/http://www.press.sk:80/index.php?option=content&task=view&id=1046&Itemid=,20080911234335,skip
http://www.press.sk:80/index.php?option=content&task=view&id=1048&Itemid=,https://web.archive.org/web/20080701094935/http://www.press.sk:80/index.php?option=content&task=view&id=1048&Itemid=,20080701094935,skip
http://www.press.sk:80/index.php?option=content&task=view&id=1048&Itemid=,https://web.archive.org/web/20080703174957/http://www.press.sk:80/index.php?option=content&task=view&id=1048&Itemid=,20080703174957,skip
http://www.press.sk:80/index.php?option=content&task=view&id=1048&Itemid=,https://web.archive.org/web/20080706202727/http://www.press.sk:80/index.php?option=content&task=view&id=1048&Itemid=,20080706202727,skip
http://www.press.sk:80/index.php?option=content&task=view&id=1048&Itemid=,https://web.archive.org/web/20080707230641/http://www.press.sk:80/index.php?option=content&task=view&id=1048&Itemid=,20080707230641,skip
http://www.press.sk:80/index.php?option=content&task=view&id=1048&Itemid=,https://web.archive.org/web/20080710150644/http://www.press.sk:80/index.php?option=content&task=view&id=1048&Itemid=,20080710150644,skip
http://www.press.sk:80/index.php?option=content&task=view&id=1048&Itemid=,https://web.archive.org/web/20080712041212/http://www.press.sk:80/index.php?option=content&task=view&id=1048&Itemid=,20080712041212,skip
http://www.press.sk:80/index.php?option=content&task=view&id=1048&Itemid=,https://web.archive.org/web/20080720211537/http://www.press.sk:80/index.php?option=content&task=view&id=1048&Itemid=,20080720211537,skip
http://www.press.sk:80/index.php?option=content&task=view&id=1048&Itemid=,https://web.archive.org/web/20080723183309/http://www.press.sk:80/index.php?option=content&task=view&id=1048&Itemid=,20080723183309,skip
http://www.press.sk:80/index.php?option=content&task=view&id=1048&Itemid=,https://web.archive.org/web/20080731191923/http://www.press.sk:80/index.php?option=content&task=view&id=1048&Itemid=,20080731191923,skip
http://www.press.sk:80/index.php?option=content&task=view&id=1048&Itemid=,https://web.archive.org/web/20080806143815/http://www.press.sk:80/index.php?option=content&task=view&id=1048&Itemid=,20080806143815,skip
http://www.press.sk.:80/index.php?option=content&task=view&id=1048&Itemid=,https://web.archive.org/web/20080812014127/http://www.press.sk.:80/index.php?option=content&task=view&id=1048&Itemid=,20080812014127,skip
http://www.press.sk:80/index.php?option=content&task=view&id=1048&Itemid=,https://web.archive.org/web/20080813144555/http://www.press.sk:80/index.php?option=content&task=view&id=1048&Itemid=,20080813144555,skip
http://www.press.sk:80/index.php?option=content&task=view&id=1048&Itemid=,https://web.archive.org/web/20080814163547/http://www.press.sk:80/index.php?option=content&task=view&id=1048&Itemid=,20080814163547,skip
http://www.press.sk:80/index.php?option=content&task=view&id=1048&Itemid=,https://web.archive.org/web/20080815183335/http://www.press.sk:80/index.php?option=content&task=view&id=1048&Itemid=,20080815183335,skip
http://www.press.sk:80/index.php?option=content&task=view&id=1048&Itemid=,https://web.archive.org/web/20080817012041/http://www.press.sk:80/index.php?option=content&task=view&id=1048&Itemid=,20080817012041,skip
http://www.press.sk:80/index.php?option=content&task=view&id=1048&Itemid=,https://web.archive.org/web/20080818102104/http://www.press.sk:80/index.php?option=content&task=view&id=1048&Itemid=,20080818102104,skip
http://www.press.sk:80/index.php?option=content&task=view&id=1048&Itemid=,https://web.archive.org/web/20080819214539/http://www.press.sk:80/index.php?option=content&task=view&id=1048&Itemid=,20080819214539,skip
http://www.press.sk:80/index.php?option=content&task=view&id=1048&Itemid=,https://web.archive.org/web/20080822052925/http://www.press.sk:80/index.php?option=content&task=view&id=1048&Itemid=,20080822052925,skip
http://www.press.sk:80/index.php?option=content&task=view&id=1048&Itemid=,https://web.archive.org/web/20080823124946/http://www.press.sk:80/index.php?option=content&task=view&id=1048&Itemid=,20080823124946,skip
http://www.press.sk:80/index.php?option=content&task=view&id=1048&Itemid=,https://web.archive.org/web/20080824212929/http://www.press.sk:80/index.php?option=content&task=view&id=1048&Itemid=,20080824212929,skip
http://www.press.sk:80/index.php?option=content&task=view&id=1048&Itemid=,https://web.archive.org/web/20080826053344/http://www.press.sk:80/index.php?option=content&task=view&id=1048&Itemid=,20080826053344,skip
http://www.press.sk:80/index.php?option=content&task=view&id=1048&Itemid=,https://web.archive.org/web/20080827150159/http://www.press.sk:80/index.php?option=content&task=view&id=1048&Itemid=,20080827150159,skip
http://www.press.sk:80/index.php?option=content&task=view&id=1048&Itemid=,https://web.archive.org/web/20080905150017/http://www.press.sk:80/index.php?option=content&task=view&id=1048&Itemid=,20080905150017,skip
http://www.press.sk:80/index.php?option=content&task=view&id=1048&Itemid=,https://web.archive.org/web/20080908060248/http://www.press.sk:80/index.php?option=content&task=view&id=1048&Itemid=,20080908060248,skip
http://www.press.sk:80/index.php?option=content&task=view&id=1048&Itemid=,https://web.archive.org/web/20080910072026/http://www.press.sk:80/index.php?option=content&task=view&id=1048&Itemid=,20080910072026,skip
http://www.press.sk:80/index.php?option=content&task=view&id=1048&Itemid=,https://web.archive.org/web/20080911234340/http://www.press.sk:80/index.php?option=content&task=view&id=1048&Itemid=,20080911234340,skip
http://www.press.sk:80/index.php?option=content&task=view&id=1050&Itemid=,https://web.archive.org/web/20080917022952/http://www.press.sk:80/index.php?option=content&task=view&id=1050&Itemid=,20080917022952,skip
http://www.press.sk:80/index.php?option=content&task=view&id=1050,https://web.archive.org/web/20080701205108/http://www.press.sk:80/index.php?option=content&task=view&id=1050,20080701205108,skip
http://www.press.sk:80/index.php?option=content&task=view&id=1050,https://web.archive.org/web/20080704201551/http://www.press.sk:80/index.php?option=content&task=view&id=1050,20080704201551,skip
http://www.press.sk:80/index.php?option=content&task=view&id=1050,https://web.archive.org/web/20080705233857/http://www.press.sk:80/index.php?option=content&task=view&id=1050,20080705233857,skip
http://www.press.sk:80/index.php?option=content&task=view&id=1050,https://web.archive.org/web/20080706113303/http://www.press.sk:80/index.php?option=content&task=view&id=1050,20080706113303,skip
http://www.press.sk:80/index.php?option=content&task=view&id=1050,https://web.archive.org/web/20080707170738/http://www.press.sk:80/index.php?option=content&task=view&id=1050,20080707170738,skip
http://www.press.sk:80/index.php?option=content&task=view&id=1050,https://web.archive.org/web/20080709010423/http://www.press.sk:80/index.php?option=content&task=view&id=1050,20080709010423,skip
http://www.press.sk:80/index.php?option=content&task=view&id=1050,https://web.archive.org/web/20080710025253/http://www.press.sk:80/index.php?option=content&task=view&id=1050,20080710025253,skip
http://www.press.sk:80/index.php?option=content&task=view&id=1050,https://web.archive.org/web/20080711032009/http://www.press.sk:80/index.php?option=content&task=view&id=1050,20080711032009,skip
http://www.press.sk:80/index.php?option=content&task=view&id=1050,https://web.archive.org/web/20080712041217/http://www.press.sk:80/index.php?option=content&task=view&id=1050,20080712041217,skip
http://www.press.sk:80/index.php?option=content&task=view&id=1050,https://web.archive.org/web/20080715171234/http://www.press.sk:80/index.php?option=content&task=view&id=1050,20080715171234,skip
http://www.press.sk:80/index.php?option=content&task=view&id=1050,https://web.archive.org/web/20080720211542/http://www.press.sk:80/index.php?option=content&task=view&id=1050,20080720211542,skip
http://www.press.sk:80/index.php?option=content&task=view&id=1050,https://web.archive.org/web/20080723183314/http://www.press.sk:80/index.php?option=content&task=view&id=1050,20080723183314,skip
http://www.press.sk:80/index.php?option=content&task=view&id=1050,https://web.archive.org/web/20080731185911/http://www.press.sk:80/index.php?option=content&task=view&id=1050,20080731185911,skip
http://www.press.sk:80/index.php?option=content&task=view&id=1050,https://web.archive.org/web/20080806113731/http://www.press.sk:80/index.php?option=content&task=view&id=1050,20080806113731,skip
http://www.press.sk:80/index.php?option=content&task=view&id=1050,https://web.archive.org/web/20080809184346/http://www.press.sk:80/index.php?option=content&task=view&id=1050,20080809184346,skip
http://www.press.sk.:80/index.php?option=content&task=view&id=1050,https://web.archive.org/web/20080811232718/http://www.press.sk.:80/index.php?option=content&task=view&id=1050,20080811232718,skip
http://www.press.sk:80/index.php?option=content&task=view&id=1050,https://web.archive.org/web/20080813122929/http://www.press.sk:80/index.php?option=content&task=view&id=1050,20080813122929,skip
http://www.press.sk:80/index.php?option=content&task=view&id=1050,https://web.archive.org/web/20080814163552/http://www.press.sk:80/index.php?option=content&task=view&id=1050,20080814163552,skip
http://www.press.sk:80/index.php?option=content&task=view&id=1050,https://web.archive.org/web/20080815183341/http://www.press.sk:80/index.php?option=content&task=view&id=1050,20080815183341,skip
http://www.press.sk:80/index.php?option=content&task=view&id=1050,https://web.archive.org/web/20080817011329/http://www.press.sk:80/index.php?option=content&task=view&id=1050,20080817011329,skip
http://www.press.sk:80/index.php?option=content&task=view&id=1050,https://web.archive.org/web/20080818102113/http://www.press.sk:80/index.php?option=content&task=view&id=1050,20080818102113,skip
http://www.press.sk:80/index.php?option=content&task=view&id=1050,https://web.archive.org/web/20080819214545/http://www.press.sk:80/index.php?option=content&task=view&id=1050,20080819214545,skip
http://www.press.sk:80/index.php?option=content&task=view&id=1050,https://web.archive.org/web/20080822044838/http://www.press.sk:80/index.php?option=content&task=view&id=1050,20080822044838,skip
http://www.press.sk:80/index.php?option=content&task=view&id=1050,https://web.archive.org/web/20080823124950/http://www.press.sk:80/index.php?option=content&task=view&id=1050,20080823124950,skip
http://www.press.sk:80/index.php?option=content&task=view&id=1050,https://web.archive.org/web/20080824212934/http://www.press.sk:80/index.php?option=content&task=view&id=1050,20080824212934,skip
http://www.press.sk:80/index.php?option=content&task=view&id=1050,https://web.archive.org/web/20080826053349/http://www.press.sk:80/index.php?option=content&task=view&id=1050,20080826053349,skip
http://www.press.sk:80/index.php?option=content&task=view&id=1050,https://web.archive.org/web/20080827150203/http://www.press.sk:80/index.php?option=content&task=view&id=1050,20080827150203,skip
http://www.press.sk:80/index.php?option=content&task=view&id=1050,https://web.archive.org/web/20080828221219/http://www.press.sk:80/index.php?option=content&task=view&id=1050,20080828221219,skip
http://www.press.sk:80/index.php?option=content&task=view&id=1050,https://web.archive.org/web/20080830211623/http://www.press.sk:80/index.php?option=content&task=view&id=1050,20080830211623,skip
http://www.press.sk:80/index.php?option=content&task=view&id=1050,https://web.archive.org/web/20080905150023/http://www.press.sk:80/index.php?option=content&task=view&id=1050,20080905150023,skip
http://www.press.sk:80/index.php?option=content&task=view&id=1050,https://web.archive.org/web/20080908034435/http://www.press.sk:80/index.php?option=content&task=view&id=1050,20080908034435,skip
http://www.press.sk:80/index.php?option=content&task=view&id=1050,https://web.archive.org/web/20080910072031/http://www.press.sk:80/index.php?option=content&task=view&id=1050,20080910072031,skip
http://www.press.sk:80/index.php?option=content&task=view&id=1050,https://web.archive.org/web/20080911234345/http://www.press.sk:80/index.php?option=content&task=view&id=1050,20080911234345,skip
http://www.press.sk:80/index.php?option=content&task=view&id=1051&Itemid=,https://web.archive.org/web/20080701094938/http://www.press.sk:80/index.php?option=content&task=view&id=1051&Itemid=,20080701094938,skip
http://www.press.sk:80/index.php?option=content&task=view&id=1051&Itemid=,https://web.archive.org/web/20080703162826/http://www.press.sk:80/index.php?option=content&task=view&id=1051&Itemid=,20080703162826,skip
http://www.press.sk:80/index.php?option=content&task=view&id=1051&Itemid=,https://web.archive.org/web/20080706202330/http://www.press.sk:80/index.php?option=content&task=view&id=1051&Itemid=,20080706202330,skip
http://www.press.sk:80/index.php?option=content&task=view&id=1051&Itemid=,https://web.archive.org/web/20080707230645/http://www.press.sk:80/index.php?option=content&task=view&id=1051&Itemid=,20080707230645,skip
http://www.press.sk:80/index.php?option=content&task=view&id=1051&Itemid=,https://web.archive.org/web/20080710150647/http://www.press.sk:80/index.php?option=content&task=view&id=1051&Itemid=,20080710150647,skip
http://www.press.sk:80/index.php?option=content&task=view&id=1051&Itemid=,https://web.archive.org/web/20080712041223/http://www.press.sk:80/index.php?option=content&task=view&id=1051&Itemid=,20080712041223,skip
http://www.press.sk:80/index.php?option=content&task=view&id=1051&Itemid=,https://web.archive.org/web/20080720211548/http://www.press.sk:80/index.php?option=content&task=view&id=1051&Itemid=,20080720211548,skip
http://www.press.sk:80/index.php?option=content&task=view&id=1051&Itemid=,https://web.archive.org/web/20080723183320/http://www.press.sk:80/index.php?option=content&task=view&id=1051&Itemid=,20080723183320,skip
http://www.press.sk:80/index.php?option=content&task=view&id=1051&Itemid=,https://web.archive.org/web/20080731191925/http://www.press.sk:80/index.php?option=content&task=view&id=1051&Itemid=,20080731191925,skip
http://www.press.sk.:80/index.php?option=content&task=view&id=1051&Itemid=,https://web.archive.org/web/20080812014134/http://www.press.sk.:80/index.php?option=content&task=view&id=1051&Itemid=,20080812014134,skip
http://www.press.sk:80/index.php?option=content&task=view&id=1051&Itemid=,https://web.archive.org/web/20080813144558/http://www.press.sk:80/index.php?option=content&task=view&id=1051&Itemid=,20080813144558,skip
http://www.press.sk:80/index.php?option=content&task=view&id=1051&Itemid=,https://web.archive.org/web/20080814163558/http://www.press.sk:80/index.php?option=content&task=view&id=1051&Itemid=,20080814163558,skip
http://www.press.sk:80/index.php?option=content&task=view&id=1051&Itemid=,https://web.archive.org/web/20080815183345/http://www.press.sk:80/index.php?option=content&task=view&id=1051&Itemid=,20080815183345,skip
http://www.press.sk:80/index.php?option=content&task=view&id=1051&Itemid=,https://web.archive.org/web/20080817012048/http://www.press.sk:80/index.php?option=content&task=view&id=1051&Itemid=,20080817012048,skip
http://www.press.sk:80/index.php?option=content&task=view&id=1051&Itemid=,https://web.archive.org/web/20080818102115/http://www.press.sk:80/index.php?option=content&task=view&id=1051&Itemid=,20080818102115,skip
http://www.press.sk:80/index.php?option=content&task=view&id=1051&Itemid=,https://web.archive.org/web/20080819214550/http://www.press.sk:80/index.php?option=content&task=view&id=1051&Itemid=,20080819214550,skip
http://www.press.sk:80/index.php?option=content&task=view&id=1051&Itemid=,https://web.archive.org/web/20080822052927/http://www.press.sk:80/index.php?option=content&task=view&id=1051&Itemid=,20080822052927,skip
http://www.press.sk:80/index.php?option=content&task=view&id=1051&Itemid=,https://web.archive.org/web/20080823124955/http://www.press.sk:80/index.php?option=content&task=view&id=1051&Itemid=,20080823124955,skip
http://www.press.sk:80/index.php?option=content&task=view&id=1051&Itemid=,https://web.archive.org/web/20080824212940/http://www.press.sk:80/index.php?option=content&task=view&id=1051&Itemid=,20080824212940,skip
http://www.press.sk:80/index.php?option=content&task=view&id=1051&Itemid=,https://web.archive.org/web/20080826053355/http://www.press.sk:80/index.php?option=content&task=view&id=1051&Itemid=,20080826053355,skip
http://www.press.sk:80/index.php?option=content&task=view&id=1051&Itemid=,https://web.archive.org/web/20080827150209/http://www.press.sk:80/index.php?option=content&task=view&id=1051&Itemid=,20080827150209,skip
http://www.press.sk:80/index.php?option=content&task=view&id=1051&Itemid=,https://web.archive.org/web/20080905150027/http://www.press.sk:80/index.php?option=content&task=view&id=1051&Itemid=,20080905150027,skip
http://www.press.sk:80/index.php?option=content&task=view&id=1051&Itemid=,https://web.archive.org/web/20080908060253/http://www.press.sk:80/index.php?option=content&task=view&id=1051&Itemid=,20080908060253,skip
http://www.press.sk:80/index.php?option=content&task=view&id=1051&Itemid=,https://web.archive.org/web/20080910072036/http://www.press.sk:80/index.php?option=content&task=view&id=1051&Itemid=,20080910072036,skip
http://www.press.sk:80/index.php?option=content&task=view&id=1051&Itemid=,https://web.archive.org/web/20080911234353/http://www.press.sk:80/index.php?option=content&task=view&id=1051&Itemid=,20080911234353,skip
http://www.press.sk:80/index.php?option=content&task=view&id=1053&Itemid=,https://web.archive.org/web/20080701094944/http://www.press.sk:80/index.php?option=content&task=view&id=1053&Itemid=,20080701094944,skip
http://www.press.sk:80/index.php?option=content&task=view&id=1053&Itemid=,https://web.archive.org/web/20080703162831/http://www.press.sk:80/index.php?option=content&task=view&id=1053&Itemid=,20080703162831,skip
http://www.press.sk:80/index.php?option=content&task=view&id=1053&Itemid=,https://web.archive.org/web/20080706202729/http://www.press.sk:80/index.php?option=content&task=view&id=1053&Itemid=,20080706202729,skip
http://www.press.sk:80/index.php?option=content&task=view&id=1053&Itemid=,https://web.archive.org/web/20080707231402/http://www.press.sk:80/index.php?option=content&task=view&id=1053&Itemid=,20080707231402,skip
http://www.press.sk:80/index.php?option=content&task=view&id=1053&Itemid=,https://web.archive.org/web/20080710150654/http://www.press.sk:80/index.php?option=content&task=view&id=1053&Itemid=,20080710150654,skip
http://www.press.sk:80/index.php?option=content&task=view&id=1053&Itemid=,https://web.archive.org/web/20080712041229/http://www.press.sk:80/index.php?option=content&task=view&id=1053&Itemid=,20080712041229,skip
http://www.press.sk:80/index.php?option=content&task=view&id=1053&Itemid=,https://web.archive.org/web/20080720211551/http://www.press.sk:80/index.php?option=content&task=view&id=1053&Itemid=,20080720211551,skip
http://www.press.sk:80/index.php?option=content&task=view&id=1053&Itemid=,https://web.archive.org/web/20080723183725/http://www.press.sk:80/index.php?option=content&task=view&id=1053&Itemid=,20080723183725,skip
http://www.press.sk:80/index.php?option=content&task=view&id=1053&Itemid=,https://web.archive.org/web/20080731185918/http://www.press.sk:80/index.php?option=content&task=view&id=1053&Itemid=,20080731185918,skip
http://www.press.sk.:80/index.php?option=content&task=view&id=1053&Itemid=,https://web.archive.org/web/20080812014138/http://www.press.sk.:80/index.php?option=content&task=view&id=1053&Itemid=,20080812014138,skip
http://www.press.sk:80/index.php?option=content&task=view&id=1053&Itemid=,https://web.archive.org/web/20080813144602/http://www.press.sk:80/index.php?option=content&task=view&id=1053&Itemid=,20080813144602,skip
http://www.press.sk:80/index.php?option=content&task=view&id=1053&Itemid=,https://web.archive.org/web/20080814165417/http://www.press.sk:80/index.php?option=content&task=view&id=1053&Itemid=,20080814165417,skip
http://www.press.sk:80/index.php?option=content&task=view&id=1053&Itemid=,https://web.archive.org/web/20080815183350/http://www.press.sk:80/index.php?option=content&task=view&id=1053&Itemid=,20080815183350,skip
http://www.press.sk:80/index.php?option=content&task=view&id=1053&Itemid=,https://web.archive.org/web/20080817012051/http://www.press.sk:80/index.php?option=content&task=view&id=1053&Itemid=,20080817012051,skip
http://www.press.sk:80/index.php?option=content&task=view&id=1053&Itemid=,https://web.archive.org/web/20080818102121/http://www.press.sk:80/index.php?option=content&task=view&id=1053&Itemid=,20080818102121,skip
http://www.press.sk:80/index.php?option=content&task=view&id=1053&Itemid=,https://web.archive.org/web/20080819214556/http://www.press.sk:80/index.php?option=content&task=view&id=1053&Itemid=,20080819214556,skip
http://www.press.sk:80/index.php?option=content&task=view&id=1053&Itemid=,https://web.archive.org/web/20080822052934/http://www.press.sk:80/index.php?option=content&task=view&id=1053&Itemid=,20080822052934,skip
http://www.press.sk:80/index.php?option=content&task=view&id=1053&Itemid=,https://web.archive.org/web/20080823125001/http://www.press.sk:80/index.php?option=content&task=view&id=1053&Itemid=,20080823125001,skip
http://www.press.sk:80/index.php?option=content&task=view&id=1053&Itemid=,https://web.archive.org/web/20080824212944/http://www.press.sk:80/index.php?option=content&task=view&id=1053&Itemid=,20080824212944,skip
http://www.press.sk:80/index.php?option=content&task=view&id=1053&Itemid=,https://web.archive.org/web/20080826053401/http://www.press.sk:80/index.php?option=content&task=view&id=1053&Itemid=,20080826053401,skip
http://www.press.sk:80/index.php?option=content&task=view&id=1053&Itemid=,https://web.archive.org/web/20080827150214/http://www.press.sk:80/index.php?option=content&task=view&id=1053&Itemid=,20080827150214,skip
http://www.press.sk:80/index.php?option=content&task=view&id=1053&Itemid=,https://web.archive.org/web/20080905150033/http://www.press.sk:80/index.php?option=content&task=view&id=1053&Itemid=,20080905150033,skip
http://www.press.sk:80/index.php?option=content&task=view&id=1053&Itemid=,https://web.archive.org/web/20080908060258/http://www.press.sk:80/index.php?option=content&task=view&id=1053&Itemid=,20080908060258,skip
http://www.press.sk:80/index.php?option=content&task=view&id=1053&Itemid=,https://web.archive.org/web/20080910072041/http://www.press.sk:80/index.php?option=content&task=view&id=1053&Itemid=,20080910072041,skip
http://www.press.sk:80/index.php?option=content&task=view&id=1053&Itemid=,https://web.archive.org/web/20080911234359/http://www.press.sk:80/index.php?option=content&task=view&id=1053&Itemid=,20080911234359,skip
http://www.press.sk:80/index.php?option=content&task=view&id=1054&Itemid=,https://web.archive.org/web/20080701054657/http://www.press.sk:80/index.php?option=content&task=view&id=1054&Itemid=,20080701054657,skip
http://www.press.sk:80/index.php?option=content&task=view&id=1054&Itemid=,https://web.archive.org/web/20080703162835/http://www.press.sk:80/index.php?option=content&task=view&id=1054&Itemid=,20080703162835,skip
http://www.press.sk:80/index.php?option=content&task=view&id=1054&Itemid=,https://web.archive.org/web/20080706202736/http://www.press.sk:80/index.php?option=content&task=view&id=1054&Itemid=,20080706202736,skip
http://www.press.sk:80/index.php?option=content&task=view&id=1054&Itemid=,https://web.archive.org/web/20080707230651/http://www.press.sk:80/index.php?option=content&task=view&id=1054&Itemid=,20080707230651,skip
http://www.press.sk:80/index.php?option=content&task=view&id=1054&Itemid=,https://web.archive.org/web/20080710150657/http://www.press.sk:80/index.php?option=content&task=view&id=1054&Itemid=,20080710150657,skip
http://www.press.sk:80/index.php?option=content&task=view&id=1054&Itemid=,https://web.archive.org/web/20080712041232/http://www.press.sk:80/index.php?option=content&task=view&id=1054&Itemid=,20080712041232,skip
http://www.press.sk:80/index.php?option=content&task=view&id=1054&Itemid=,https://web.archive.org/web/20080720211556/http://www.press.sk:80/index.php?option=content&task=view&id=1054&Itemid=,20080720211556,skip
http://www.press.sk:80/index.php?option=content&task=view&id=1054&Itemid=,https://web.archive.org/web/20080723183731/http://www.press.sk:80/index.php?option=content&task=view&id=1054&Itemid=,20080723183731,skip
http://www.press.sk:80/index.php?option=content&task=view&id=1054&Itemid=,https://web.archive.org/web/20080731191933/http://www.press.sk:80/index.php?option=content&task=view&id=1054&Itemid=,20080731191933,skip
http://www.press.sk.:80/index.php?option=content&task=view&id=1054&Itemid=,https://web.archive.org/web/20080812014143/http://www.press.sk.:80/index.php?option=content&task=view&id=1054&Itemid=,20080812014143,skip
http://www.press.sk:80/index.php?option=content&task=view&id=1054&Itemid=,https://web.archive.org/web/20080813144607/http://www.press.sk:80/index.php?option=content&task=view&id=1054&Itemid=,20080813144607,skip
http://www.press.sk:80/index.php?option=content&task=view&id=1054&Itemid=,https://web.archive.org/web/20080814165422/http://www.press.sk:80/index.php?option=content&task=view&id=1054&Itemid=,20080814165422,skip
http://www.press.sk:80/index.php?option=content&task=view&id=1054&Itemid=,https://web.archive.org/web/20080815183355/http://www.press.sk:80/index.php?option=content&task=view&id=1054&Itemid=,20080815183355,skip
http://www.press.sk:80/index.php?option=content&task=view&id=1054&Itemid=,https://web.archive.org/web/20080817012056/http://www.press.sk:80/index.php?option=content&task=view&id=1054&Itemid=,20080817012056,skip
http://www.press.sk:80/index.php?option=content&task=view&id=1054&Itemid=,https://web.archive.org/web/20080818102126/http://www.press.sk:80/index.php?option=content&task=view&id=1054&Itemid=,20080818102126,skip
http://www.press.sk:80/index.php?option=content&task=view&id=1054&Itemid=,https://web.archive.org/web/20080819214601/http://www.press.sk:80/index.php?option=content&task=view&id=1054&Itemid=,20080819214601,skip
http://www.press.sk:80/index.php?option=content&task=view&id=1054&Itemid=,https://web.archive.org/web/20080822052938/http://www.press.sk:80/index.php?option=content&task=view&id=1054&Itemid=,20080822052938,skip
http://www.press.sk:80/index.php?option=content&task=view&id=1054&Itemid=,https://web.archive.org/web/20080823125006/http://www.press.sk:80/index.php?option=content&task=view&id=1054&Itemid=,20080823125006,skip
http://www.press.sk:80/index.php?option=content&task=view&id=1054&Itemid=,https://web.archive.org/web/20080824212950/http://www.press.sk:80/index.php?option=content&task=view&id=1054&Itemid=,20080824212950,skip
http://www.press.sk:80/index.php?option=content&task=view&id=1054&Itemid=,https://web.archive.org/web/20080826053405/http://www.press.sk:80/index.php?option=content&task=view&id=1054&Itemid=,20080826053405,skip
http://www.press.sk:80/index.php?option=content&task=view&id=1054&Itemid=,https://web.archive.org/web/20080827150219/http://www.press.sk:80/index.php?option=content&task=view&id=1054&Itemid=,20080827150219,skip
http://www.press.sk:80/index.php?option=content&task=view&id=1054&Itemid=,https://web.archive.org/web/20080905150037/http://www.press.sk:80/index.php?option=content&task=view&id=1054&Itemid=,20080905150037,skip
http://www.press.sk:80/index.php?option=content&task=view&id=1054&Itemid=,https://web.archive.org/web/20080908060303/http://www.press.sk:80/index.php?option=content&task=view&id=1054&Itemid=,20080908060303,skip
http://www.press.sk:80/index.php?option=content&task=view&id=1054&Itemid=,https://web.archive.org/web/20080910072047/http://www.press.sk:80/index.php?option=content&task=view&id=1054&Itemid=,20080910072047,skip
http://www.press.sk:80/index.php?option=content&task=view&id=1054&Itemid=,https://web.archive.org/web/20080911234404/http://www.press.sk:80/index.php?option=content&task=view&id=1054&Itemid=,20080911234404,skip
http://www.press.sk:80/index.php?option=content&task=view&id=1056&Itemid=,https://web.archive.org/web/20080701054703/http://www.press.sk:80/index.php?option=content&task=view&id=1056&Itemid=,20080701054703,skip
http://www.press.sk:80/index.php?option=content&task=view&id=1056&Itemid=,https://web.archive.org/web/20080703162842/http://www.press.sk:80/index.php?option=content&task=view&id=1056&Itemid=,20080703162842,skip
http://www.press.sk:80/index.php?option=content&task=view&id=1056&Itemid=,https://web.archive.org/web/20080706202332/http://www.press.sk:80/index.php?option=content&task=view&id=1056&Itemid=,20080706202332,skip
http://www.press.sk:80/index.php?option=content&task=view&id=1056&Itemid=,https://web.archive.org/web/20080707231407/http://www.press.sk:80/index.php?option=content&task=view&id=1056&Itemid=,20080707231407,skip
http://www.press.sk:80/index.php?option=content&task=view&id=1056&Itemid=,https://web.archive.org/web/20080710150707/http://www.press.sk:80/index.php?option=content&task=view&id=1056&Itemid=,20080710150707,skip
http://www.press.sk:80/index.php?option=content&task=view&id=1056&Itemid=,https://web.archive.org/web/20080712041237/http://www.press.sk:80/index.php?option=content&task=view&id=1056&Itemid=,20080712041237,skip
http://www.press.sk:80/index.php?option=content&task=view&id=1056&Itemid=,https://web.archive.org/web/20080720211601/http://www.press.sk:80/index.php?option=content&task=view&id=1056&Itemid=,20080720211601,skip
http://www.press.sk:80/index.php?option=content&task=view&id=1056&Itemid=,https://web.archive.org/web/20080723183733/http://www.press.sk:80/index.php?option=content&task=view&id=1056&Itemid=,20080723183733,skip
http://www.press.sk:80/index.php?option=content&task=view&id=1056&Itemid=,https://web.archive.org/web/20080731191936/http://www.press.sk:80/index.php?option=content&task=view&id=1056&Itemid=,20080731191936,skip
http://www.press.sk.:80/index.php?option=content&task=view&id=1056&Itemid=,https://web.archive.org/web/20080812014148/http://www.press.sk.:80/index.php?option=content&task=view&id=1056&Itemid=,20080812014148,skip
http://www.press.sk:80/index.php?option=content&task=view&id=1056&Itemid=,https://web.archive.org/web/20080813144615/http://www.press.sk:80/index.php?option=content&task=view&id=1056&Itemid=,20080813144615,skip
http://www.press.sk:80/index.php?option=content&task=view&id=1056&Itemid=,https://web.archive.org/web/20080814163603/http://www.press.sk:80/index.php?option=content&task=view&id=1056&Itemid=,20080814163603,skip
http://www.press.sk:80/index.php?option=content&task=view&id=1056&Itemid=,https://web.archive.org/web/20080815183401/http://www.press.sk:80/index.php?option=content&task=view&id=1056&Itemid=,20080815183401,skip
http://www.press.sk:80/index.php?option=content&task=view&id=1056&Itemid=,https://web.archive.org/web/20080817012104/http://www.press.sk:80/index.php?option=content&task=view&id=1056&Itemid=,20080817012104,skip
http://www.press.sk:80/index.php?option=content&task=view&id=1056&Itemid=,https://web.archive.org/web/20080818102234/http://www.press.sk:80/index.php?option=content&task=view&id=1056&Itemid=,20080818102234,skip
http://www.press.sk:80/index.php?option=content&task=view&id=1056&Itemid=,https://web.archive.org/web/20080819214606/http://www.press.sk:80/index.php?option=content&task=view&id=1056&Itemid=,20080819214606,skip
http://www.press.sk:80/index.php?option=content&task=view&id=1056&Itemid=,https://web.archive.org/web/20080822052943/http://www.press.sk:80/index.php?option=content&task=view&id=1056&Itemid=,20080822052943,skip
http://www.press.sk:80/index.php?option=content&task=view&id=1056&Itemid=,https://web.archive.org/web/20080823125011/http://www.press.sk:80/index.php?option=content&task=view&id=1056&Itemid=,20080823125011,skip
http://www.press.sk:80/index.php?option=content&task=view&id=1056&Itemid=,https://web.archive.org/web/20080824212956/http://www.press.sk:80/index.php?option=content&task=view&id=1056&Itemid=,20080824212956,skip
http://www.press.sk:80/index.php?option=content&task=view&id=1056&Itemid=,https://web.archive.org/web/20080826053409/http://www.press.sk:80/index.php?option=content&task=view&id=1056&Itemid=,20080826053409,skip
http://www.press.sk:80/index.php?option=content&task=view&id=1056&Itemid=,https://web.archive.org/web/20080827150224/http://www.press.sk:80/index.php?option=content&task=view&id=1056&Itemid=,20080827150224,skip
http://www.press.sk:80/index.php?option=content&task=view&id=1056&Itemid=,https://web.archive.org/web/20080905150042/http://www.press.sk:80/index.php?option=content&task=view&id=1056&Itemid=,20080905150042,skip
http://www.press.sk:80/index.php?option=content&task=view&id=1056&Itemid=,https://web.archive.org/web/20080908060308/http://www.press.sk:80/index.php?option=content&task=view&id=1056&Itemid=,20080908060308,skip
http://www.press.sk:80/index.php?option=content&task=view&id=1056&Itemid=,https://web.archive.org/web/20080910072051/http://www.press.sk:80/index.php?option=content&task=view&id=1056&Itemid=,20080910072051,skip
http://www.press.sk:80/index.php?option=content&task=view&id=1056&Itemid=,https://web.archive.org/web/20080911234409/http://www.press.sk:80/index.php?option=content&task=view&id=1056&Itemid=,20080911234409,skip
http://www.press.sk:80/index.php?option=content&task=view&id=1057&Itemid=,https://web.archive.org/web/20080701203719/http://www.press.sk:80/index.php?option=content&task=view&id=1057&Itemid=,20080701203719,skip
http://www.press.sk:80/index.php?option=content&task=view&id=1057&Itemid=,https://web.archive.org/web/20080703162846/http://www.press.sk:80/index.php?option=content&task=view&id=1057&Itemid=,20080703162846,skip
http://www.press.sk:80/index.php?option=content&task=view&id=1057&Itemid=,https://web.archive.org/web/20080706202356/http://www.press.sk:80/index.php?option=content&task=view&id=1057&Itemid=,20080706202356,skip
http://www.press.sk:80/index.php?option=content&task=view&id=1057&Itemid=,https://web.archive.org/web/20080707230655/http://www.press.sk:80/index.php?option=content&task=view&id=1057&Itemid=,20080707230655,skip
http://www.press.sk:80/index.php?option=content&task=view&id=1057&Itemid=,https://web.archive.org/web/20080710150711/http://www.press.sk:80/index.php?option=content&task=view&id=1057&Itemid=,20080710150711,skip
http://www.press.sk:80/index.php?option=content&task=view&id=1057&Itemid=,https://web.archive.org/web/20080712041243/http://www.press.sk:80/index.php?option=content&task=view&id=1057&Itemid=,20080712041243,skip
http://www.press.sk:80/index.php?option=content&task=view&id=1057&Itemid=,https://web.archive.org/web/20080720211608/http://www.press.sk:80/index.php?option=content&task=view&id=1057&Itemid=,20080720211608,skip
http://www.press.sk:80/index.php?option=content&task=view&id=1057&Itemid=,https://web.archive.org/web/20080723183739/http://www.press.sk:80/index.php?option=content&task=view&id=1057&Itemid=,20080723183739,skip
http://www.press.sk:80/index.php?option=content&task=view&id=1057&Itemid=,https://web.archive.org/web/20080731191946/http://www.press.sk:80/index.php?option=content&task=view&id=1057&Itemid=,20080731191946,skip
http://www.press.sk.:80/index.php?option=content&task=view&id=1057&Itemid=,https://web.archive.org/web/20080812014153/http://www.press.sk.:80/index.php?option=content&task=view&id=1057&Itemid=,20080812014153,skip
http://www.press.sk:80/index.php?option=content&task=view&id=1057&Itemid=,https://web.archive.org/web/20080813144619/http://www.press.sk:80/index.php?option=content&task=view&id=1057&Itemid=,20080813144619,skip
http://www.press.sk:80/index.php?option=content&task=view&id=1057&Itemid=,https://web.archive.org/web/20080814163609/http://www.press.sk:80/index.php?option=content&task=view&id=1057&Itemid=,20080814163609,skip
http://www.press.sk:80/index.php?option=content&task=view&id=1057&Itemid=,https://web.archive.org/web/20080815183408/http://www.press.sk:80/index.php?option=content&task=view&id=1057&Itemid=,20080815183408,skip
http://www.press.sk:80/index.php?option=content&task=view&id=1057&Itemid=,https://web.archive.org/web/20080817012107/http://www.press.sk:80/index.php?option=content&task=view&id=1057&Itemid=,20080817012107,skip
http://www.press.sk:80/index.php?option=content&task=view&id=1057&Itemid=,https://web.archive.org/web/20080818102238/http://www.press.sk:80/index.php?option=content&task=view&id=1057&Itemid=,20080818102238,skip
http://www.press.sk:80/index.php?option=content&task=view&id=1057&Itemid=,https://web.archive.org/web/20080819214611/http://www.press.sk:80/index.php?option=content&task=view&id=1057&Itemid=,20080819214611,skip
http://www.press.sk:80/index.php?option=content&task=view&id=1057&Itemid=,https://web.archive.org/web/20080822052949/http://www.press.sk:80/index.php?option=content&task=view&id=1057&Itemid=,20080822052949,skip
http://www.press.sk:80/index.php?option=content&task=view&id=1057&Itemid=,https://web.archive.org/web/20080823125015/http://www.press.sk:80/index.php?option=content&task=view&id=1057&Itemid=,20080823125015,skip
http://www.press.sk:80/index.php?option=content&task=view&id=1057&Itemid=,https://web.archive.org/web/20080824213002/http://www.press.sk:80/index.php?option=content&task=view&id=1057&Itemid=,20080824213002,skip
http://www.press.sk:80/index.php?option=content&task=view&id=1057&Itemid=,https://web.archive.org/web/20080826053415/http://www.press.sk:80/index.php?option=content&task=view&id=1057&Itemid=,20080826053415,skip
http://www.press.sk:80/index.php?option=content&task=view&id=1057&Itemid=,https://web.archive.org/web/20080827150229/http://www.press.sk:80/index.php?option=content&task=view&id=1057&Itemid=,20080827150229,skip
http://www.press.sk:80/index.php?option=content&task=view&id=1057&Itemid=,https://web.archive.org/web/20080905150048/http://www.press.sk:80/index.php?option=content&task=view&id=1057&Itemid=,20080905150048,skip
http://www.press.sk:80/index.php?option=content&task=view&id=1057&Itemid=,https://web.archive.org/web/20080908060313/http://www.press.sk:80/index.php?option=content&task=view&id=1057&Itemid=,20080908060313,skip
http://www.press.sk:80/index.php?option=content&task=view&id=1057&Itemid=,https://web.archive.org/web/20080910072056/http://www.press.sk:80/index.php?option=content&task=view&id=1057&Itemid=,20080910072056,skip
http://www.press.sk:80/index.php?option=content&task=view&id=1057&Itemid=,https://web.archive.org/web/20080911234415/http://www.press.sk:80/index.php?option=content&task=view&id=1057&Itemid=,20080911234415,skip
http://www.press.sk:80/index.php?option=content&task=view&id=1059&Itemid=,https://web.archive.org/web/20080701203927/http://www.press.sk:80/index.php?option=content&task=view&id=1059&Itemid=,20080701203927,skip
http://www.press.sk:80/index.php?option=content&task=view&id=1059&Itemid=,https://web.archive.org/web/20080703162856/http://www.press.sk:80/index.php?option=content&task=view&id=1059&Itemid=,20080703162856,skip
http://www.press.sk:80/index.php?option=content&task=view&id=1059&Itemid=,https://web.archive.org/web/20080706202745/http://www.press.sk:80/index.php?option=content&task=view&id=1059&Itemid=,20080706202745,skip
http://www.press.sk:80/index.php?option=content&task=view&id=1059&Itemid=,https://web.archive.org/web/20080707230702/http://www.press.sk:80/index.php?option=content&task=view&id=1059&Itemid=,20080707230702,skip
http://www.press.sk:80/index.php?option=content&task=view&id=1059&Itemid=,https://web.archive.org/web/20080710150717/http://www.press.sk:80/index.php?option=content&task=view&id=1059&Itemid=,20080710150717,skip
http://www.press.sk:80/index.php?option=content&task=view&id=1059&Itemid=,https://web.archive.org/web/20080712041249/http://www.press.sk:80/index.php?option=content&task=view&id=1059&Itemid=,20080712041249,skip
http://www.press.sk:80/index.php?option=content&task=view&id=1059&Itemid=,https://web.archive.org/web/20080720211617/http://www.press.sk:80/index.php?option=content&task=view&id=1059&Itemid=,20080720211617,skip
http://www.press.sk:80/index.php?option=content&task=view&id=1059&Itemid=,https://web.archive.org/web/20080723183324/http://www.press.sk:80/index.php?option=content&task=view&id=1059&Itemid=,20080723183324,skip
http://www.press.sk:80/index.php?option=content&task=view&id=1059&Itemid=,https://web.archive.org/web/20080731185930/http://www.press.sk:80/index.php?option=content&task=view&id=1059&Itemid=,20080731185930,skip
http://www.press.sk.:80/index.php?option=content&task=view&id=1059&Itemid=,https://web.archive.org/web/20080812014159/http://www.press.sk.:80/index.php?option=content&task=view&id=1059&Itemid=,20080812014159,skip
http://www.press.sk:80/index.php?option=content&task=view&id=1059&Itemid=,https://web.archive.org/web/20080813144623/http://www.press.sk:80/index.php?option=content&task=view&id=1059&Itemid=,20080813144623,skip
http://www.press.sk:80/index.php?option=content&task=view&id=1059&Itemid=,https://web.archive.org/web/20080814163614/http://www.press.sk:80/index.php?option=content&task=view&id=1059&Itemid=,20080814163614,skip
http://www.press.sk:80/index.php?option=content&task=view&id=1059&Itemid=,https://web.archive.org/web/20080815183418/http://www.press.sk:80/index.php?option=content&task=view&id=1059&Itemid=,20080815183418,skip
http://www.press.sk:80/index.php?option=content&task=view&id=1059&Itemid=,https://web.archive.org/web/20080817012114/http://www.press.sk:80/index.php?option=content&task=view&id=1059&Itemid=,20080817012114,skip
http://www.press.sk:80/index.php?option=content&task=view&id=1059&Itemid=,https://web.archive.org/web/20080818102252/http://www.press.sk:80/index.php?option=content&task=view&id=1059&Itemid=,20080818102252,skip
http://www.press.sk:80/index.php?option=content&task=view&id=1059&Itemid=,https://web.archive.org/web/20080819214621/http://www.press.sk:80/index.php?option=content&task=view&id=1059&Itemid=,20080819214621,skip
http://www.press.sk:80/index.php?option=content&task=view&id=1059&Itemid=,https://web.archive.org/web/20080822052955/http://www.press.sk:80/index.php?option=content&task=view&id=1059&Itemid=,20080822052955,skip
http://www.press.sk:80/index.php?option=content&task=view&id=1059&Itemid=,https://web.archive.org/web/20080823125837/http://www.press.sk:80/index.php?option=content&task=view&id=1059&Itemid=,20080823125837,skip
http://www.press.sk:80/index.php?option=content&task=view&id=1059&Itemid=,https://web.archive.org/web/20080824213012/http://www.press.sk:80/index.php?option=content&task=view&id=1059&Itemid=,20080824213012,skip
http://www.press.sk:80/index.php?option=content&task=view&id=1059&Itemid=,https://web.archive.org/web/20080826053425/http://www.press.sk:80/index.php?option=content&task=view&id=1059&Itemid=,20080826053425,skip
http://www.press.sk:80/index.php?option=content&task=view&id=1059&Itemid=,https://web.archive.org/web/20080827150239/http://www.press.sk:80/index.php?option=content&task=view&id=1059&Itemid=,20080827150239,skip
http://www.press.sk:80/index.php?option=content&task=view&id=1059&Itemid=,https://web.archive.org/web/20080905150057/http://www.press.sk:80/index.php?option=content&task=view&id=1059&Itemid=,20080905150057,skip
http://www.press.sk:80/index.php?option=content&task=view&id=1059&Itemid=,https://web.archive.org/web/20080908060323/http://www.press.sk:80/index.php?option=content&task=view&id=1059&Itemid=,20080908060323,skip
http://www.press.sk:80/index.php?option=content&task=view&id=1059&Itemid=,https://web.archive.org/web/20080910072107/http://www.press.sk:80/index.php?option=content&task=view&id=1059&Itemid=,20080910072107,skip
http://www.press.sk:80/index.php?option=content&task=view&id=1059&Itemid=,https://web.archive.org/web/20080911234425/http://www.press.sk:80/index.php?option=content&task=view&id=1059&Itemid=,20080911234425,skip
http://www.press.sk:80/index.php?option=content&task=view&id=1059,https://web.archive.org/web/20080701094949/http://www.press.sk:80/index.php?option=content&task=view&id=1059,20080701094949,skip
http://www.press.sk:80/index.php?option=content&task=view&id=1059,https://web.archive.org/web/20080702160549/http://www.press.sk:80/index.php?option=content&task=view&id=1059,20080702160549,skip
http://www.press.sk:80/index.php?option=content&task=view&id=1059,https://web.archive.org/web/20080703162850/http://www.press.sk:80/index.php?option=content&task=view&id=1059,20080703162850,skip
http://www.press.sk:80/index.php?option=content&task=view&id=1059,https://web.archive.org/web/20080706202742/http://www.press.sk:80/index.php?option=content&task=view&id=1059,20080706202742,skip
http://www.press.sk:80/index.php?option=content&task=view&id=1059,https://web.archive.org/web/20080708221042/http://www.press.sk:80/index.php?option=content&task=view&id=1059,20080708221042,skip
http://www.press.sk:80/index.php?option=content&task=view&id=1059,https://web.archive.org/web/20080710010753/http://www.press.sk:80/index.php?option=content&task=view&id=1059,20080710010753,skip
http://www.press.sk:80/index.php?option=content&task=view&id=1059,https://web.archive.org/web/20080711043310/http://www.press.sk:80/index.php?option=content&task=view&id=1059,20080711043310,skip
http://www.press.sk:80/index.php?option=content&task=view&id=1059,https://web.archive.org/web/20080712071504/http://www.press.sk:80/index.php?option=content&task=view&id=1059,20080712071504,skip
http://www.press.sk:80/index.php?option=content&task=view&id=1059,https://web.archive.org/web/20080715171239/http://www.press.sk:80/index.php?option=content&task=view&id=1059,20080715171239,skip
http://www.press.sk:80/index.php?option=content&task=view&id=1059,https://web.archive.org/web/20080720211611/http://www.press.sk:80/index.php?option=content&task=view&id=1059,20080720211611,skip
http://www.press.sk:80/index.php?option=content&task=view&id=1059,https://web.archive.org/web/20080723183744/http://www.press.sk:80/index.php?option=content&task=view&id=1059,20080723183744,skip
http://www.press.sk:80/index.php?option=content&task=view&id=1059,https://web.archive.org/web/20080731185922/http://www.press.sk:80/index.php?option=content&task=view&id=1059,20080731185922,skip
http://www.press.sk:80/index.php?option=content&task=view&id=1059,https://web.archive.org/web/20080806143818/http://www.press.sk:80/index.php?option=content&task=view&id=1059,20080806143818,skip
http://www.press.sk:80/index.php?option=content&task=view&id=1059,https://web.archive.org/web/20080808131032/http://www.press.sk:80/index.php?option=content&task=view&id=1059,20080808131032,skip
http://www.press.sk:80/index.php?option=content&task=view&id=1059,https://web.archive.org/web/20080809184350/http://www.press.sk:80/index.php?option=content&task=view&id=1059,20080809184350,skip
http://www.press.sk.:80/index.php?option=content&task=view&id=1059,https://web.archive.org/web/20080811232723/http://www.press.sk.:80/index.php?option=content&task=view&id=1059,20080811232723,skip
http://www.press.sk:80/index.php?option=content&task=view&id=1059,https://web.archive.org/web/20080813122934/http://www.press.sk:80/index.php?option=content&task=view&id=1059,20080813122934,skip
http://www.press.sk:80/index.php?option=content&task=view&id=1059,https://web.archive.org/web/20080814165427/http://www.press.sk:80/index.php?option=content&task=view&id=1059,20080814165427,skip
http://www.press.sk:80/index.php?option=content&task=view&id=1059,https://web.archive.org/web/20080815183411/http://www.press.sk:80/index.php?option=content&task=view&id=1059,20080815183411,skip
http://www.press.sk:80/index.php?option=content&task=view&id=1059,https://web.archive.org/web/20080817011334/http://www.press.sk:80/index.php?option=content&task=view&id=1059,20080817011334,skip
http://www.press.sk:80/index.php?option=content&task=view&id=1059,https://web.archive.org/web/20080818102248/http://www.press.sk:80/index.php?option=content&task=view&id=1059,20080818102248,skip
http://www.press.sk:80/index.php?option=content&task=view&id=1059,https://web.archive.org/web/20080819214616/http://www.press.sk:80/index.php?option=content&task=view&id=1059,20080819214616,skip
http://www.press.sk:80/index.php?option=content&task=view&id=1059,https://web.archive.org/web/20080822044842/http://www.press.sk:80/index.php?option=content&task=view&id=1059,20080822044842,skip
http://www.press.sk:80/index.php?option=content&task=view&id=1059,https://web.archive.org/web/20080823125832/http://www.press.sk:80/index.php?option=content&task=view&id=1059,20080823125832,skip
http://www.press.sk:80/index.php?option=content&task=view&id=1059,https://web.archive.org/web/20080824213007/http://www.press.sk:80/index.php?option=content&task=view&id=1059,20080824213007,skip
http://www.press.sk:80/index.php?option=content&task=view&id=1059,https://web.archive.org/web/20080826053420/http://www.press.sk:80/index.php?option=content&task=view&id=1059,20080826053420,skip
http://www.press.sk:80/index.php?option=content&task=view&id=1059,https://web.archive.org/web/20080827150234/http://www.press.sk:80/index.php?option=content&task=view&id=1059,20080827150234,skip
http://www.press.sk:80/index.php?option=content&task=view&id=1059,https://web.archive.org/web/20080828221224/http://www.press.sk:80/index.php?option=content&task=view&id=1059,20080828221224,skip
http://www.press.sk:80/index.php?option=content&task=view&id=1059,https://web.archive.org/web/20080830211628/http://www.press.sk:80/index.php?option=content&task=view&id=1059,20080830211628,skip
http://www.press.sk:80/index.php?option=content&task=view&id=1059,https://web.archive.org/web/20080905150053/http://www.press.sk:80/index.php?option=content&task=view&id=1059,20080905150053,skip
http://www.press.sk:80/index.php?option=content&task=view&id=1059,https://web.archive.org/web/20080908060318/http://www.press.sk:80/index.php?option=content&task=view&id=1059,20080908060318,skip
http://www.press.sk:80/index.php?option=content&task=view&id=1059,https://web.archive.org/web/20080910072102/http://www.press.sk:80/index.php?option=content&task=view&id=1059,20080910072102,skip
http://www.press.sk:80/index.php?option=content&task=view&id=1059,https://web.archive.org/web/20080911234419/http://www.press.sk:80/index.php?option=content&task=view&id=1059,20080911234419,skip
http://www.press.sk:80/index.php?option=content&task=view&id=1061&Itemid=,https://web.archive.org/web/20080703162903/http://www.press.sk:80/index.php?option=content&task=view&id=1061&Itemid=,20080703162903,skip
http://www.press.sk:80/index.php?option=content&task=view&id=1061&Itemid=,https://web.archive.org/web/20080705180455/http://www.press.sk:80/index.php?option=content&task=view&id=1061&Itemid=,20080705180455,skip
http://www.press.sk:80/index.php?option=content&task=view&id=1061&Itemid=,https://web.archive.org/web/20080712104930/http://www.press.sk:80/index.php?option=content&task=view&id=1061&Itemid=,20080712104930,skip
http://www.press.sk:80/index.php?option=content&task=view&id=1061&Itemid=,https://web.archive.org/web/20080723183749/http://www.press.sk:80/index.php?option=content&task=view&id=1061&Itemid=,20080723183749,skip
http://www.press.sk:80/index.php?option=content&task=view&id=1061&Itemid=,https://web.archive.org/web/20080731191947/http://www.press.sk:80/index.php?option=content&task=view&id=1061&Itemid=,20080731191947,skip
http://www.press.sk.:80/index.php?option=content&task=view&id=1061&Itemid=,https://web.archive.org/web/20080812014204/http://www.press.sk.:80/index.php?option=content&task=view&id=1061&Itemid=,20080812014204,skip
http://www.press.sk:80/index.php?option=content&task=view&id=1061&Itemid=,https://web.archive.org/web/20080813144633/http://www.press.sk:80/index.php?option=content&task=view&id=1061&Itemid=,20080813144633,skip
http://www.press.sk:80/index.php?option=content&task=view&id=1061&Itemid=,https://web.archive.org/web/20080814165432/http://www.press.sk:80/index.php?option=content&task=view&id=1061&Itemid=,20080814165432,skip
http://www.press.sk:80/index.php?option=content&task=view&id=1061&Itemid=,https://web.archive.org/web/20080815183421/http://www.press.sk:80/index.php?option=content&task=view&id=1061&Itemid=,20080815183421,skip
http://www.press.sk:80/index.php?option=content&task=view&id=1061&Itemid=,https://web.archive.org/web/20080817012119/http://www.press.sk:80/index.php?option=content&task=view&id=1061&Itemid=,20080817012119,skip
http://www.press.sk:80/index.php?option=content&task=view&id=1061&Itemid=,https://web.archive.org/web/20080818102259/http://www.press.sk:80/index.php?option=content&task=view&id=1061&Itemid=,20080818102259,skip
http://www.press.sk:80/index.php?option=content&task=view&id=1061&Itemid=,https://web.archive.org/web/20080819214626/http://www.press.sk:80/index.php?option=content&task=view&id=1061&Itemid=,20080819214626,skip
http://www.press.sk:80/index.php?option=content&task=view&id=1061&Itemid=,https://web.archive.org/web/20080822052959/http://www.press.sk:80/index.php?option=content&task=view&id=1061&Itemid=,20080822052959,skip
http://www.press.sk:80/index.php?option=content&task=view&id=1061&Itemid=,https://web.archive.org/web/20080823125842/http://www.press.sk:80/index.php?option=content&task=view&id=1061&Itemid=,20080823125842,skip
http://www.press.sk:80/index.php?option=content&task=view&id=1061&Itemid=,https://web.archive.org/web/20080824213017/http://www.press.sk:80/index.php?option=content&task=view&id=1061&Itemid=,20080824213017,skip
http://www.press.sk:80/index.php?option=content&task=view&id=1061&Itemid=,https://web.archive.org/web/20080826053430/http://www.press.sk:80/index.php?option=content&task=view&id=1061&Itemid=,20080826053430,skip
http://www.press.sk:80/index.php?option=content&task=view&id=1061&Itemid=,https://web.archive.org/web/20080827150244/http://www.press.sk:80/index.php?option=content&task=view&id=1061&Itemid=,20080827150244,skip
http://www.press.sk:80/index.php?option=content&task=view&id=1061&Itemid=,https://web.archive.org/web/20080905150103/http://www.press.sk:80/index.php?option=content&task=view&id=1061&Itemid=,20080905150103,skip
http://www.press.sk:80/index.php?option=content&task=view&id=1061&Itemid=,https://web.archive.org/web/20080908060328/http://www.press.sk:80/index.php?option=content&task=view&id=1061&Itemid=,20080908060328,skip
http://www.press.sk:80/index.php?option=content&task=view&id=1061&Itemid=,https://web.archive.org/web/20080910072112/http://www.press.sk:80/index.php?option=content&task=view&id=1061&Itemid=,20080910072112,skip
http://www.press.sk:80/index.php?option=content&task=view&id=1061&Itemid=,https://web.archive.org/web/20080911234430/http://www.press.sk:80/index.php?option=content&task=view&id=1061&Itemid=,20080911234430,skip
http://www.press.sk:80/index.php?option=content&task=view&id=1063&Itemid=,https://web.archive.org/web/20080703205915/http://www.press.sk:80/index.php?option=content&task=view&id=1063&Itemid=,20080703205915,skip
http://www.press.sk:80/index.php?option=content&task=view&id=1063&Itemid=,https://web.archive.org/web/20080704214501/http://www.press.sk:80/index.php?option=content&task=view&id=1063&Itemid=,20080704214501,skip
http://www.press.sk:80/index.php?option=content&task=view&id=1063&Itemid=,https://web.archive.org/web/20080712104934/http://www.press.sk:80/index.php?option=content&task=view&id=1063&Itemid=,20080712104934,skip
http://www.press.sk:80/index.php?option=content&task=view&id=1063&Itemid=,https://web.archive.org/web/20080723183753/http://www.press.sk:80/index.php?option=content&task=view&id=1063&Itemid=,20080723183753,skip
http://www.press.sk:80/index.php?option=content&task=view&id=1063&Itemid=,https://web.archive.org/web/20080731191954/http://www.press.sk:80/index.php?option=content&task=view&id=1063&Itemid=,20080731191954,skip
http://www.press.sk.:80/index.php?option=content&task=view&id=1063&Itemid=,https://web.archive.org/web/20080812014209/http://www.press.sk.:80/index.php?option=content&task=view&id=1063&Itemid=,20080812014209,skip
http://www.press.sk:80/index.php?option=content&task=view&id=1063&Itemid=,https://web.archive.org/web/20080813144638/http://www.press.sk:80/index.php?option=content&task=view&id=1063&Itemid=,20080813144638,skip
http://www.press.sk:80/index.php?option=content&task=view&id=1063&Itemid=,https://web.archive.org/web/20080814163619/http://www.press.sk:80/index.php?option=content&task=view&id=1063&Itemid=,20080814163619,skip
http://www.press.sk:80/index.php?option=content&task=view&id=1063&Itemid=,https://web.archive.org/web/20080815183427/http://www.press.sk:80/index.php?option=content&task=view&id=1063&Itemid=,20080815183427,skip
http://www.press.sk:80/index.php?option=content&task=view&id=1063&Itemid=,https://web.archive.org/web/20080817012121/http://www.press.sk:80/index.php?option=content&task=view&id=1063&Itemid=,20080817012121,skip
http://www.press.sk:80/index.php?option=content&task=view&id=1063&Itemid=,https://web.archive.org/web/20080818102303/http://www.press.sk:80/index.php?option=content&task=view&id=1063&Itemid=,20080818102303,skip
http://www.press.sk:80/index.php?option=content&task=view&id=1063&Itemid=,https://web.archive.org/web/20080819214631/http://www.press.sk:80/index.php?option=content&task=view&id=1063&Itemid=,20080819214631,skip
http://www.press.sk:80/index.php?option=content&task=view&id=1063&Itemid=,https://web.archive.org/web/20080822053005/http://www.press.sk:80/index.php?option=content&task=view&id=1063&Itemid=,20080822053005,skip
http://www.press.sk:80/index.php?option=content&task=view&id=1063&Itemid=,https://web.archive.org/web/20080823125851/http://www.press.sk:80/index.php?option=content&task=view&id=1063&Itemid=,20080823125851,skip
http://www.press.sk:80/index.php?option=content&task=view&id=1063&Itemid=,https://web.archive.org/web/20080824213022/http://www.press.sk:80/index.php?option=content&task=view&id=1063&Itemid=,20080824213022,skip
http://www.press.sk:80/index.php?option=content&task=view&id=1063&Itemid=,https://web.archive.org/web/20080826053435/http://www.press.sk:80/index.php?option=content&task=view&id=1063&Itemid=,20080826053435,skip
http://www.press.sk:80/index.php?option=content&task=view&id=1063&Itemid=,https://web.archive.org/web/20080827150249/http://www.press.sk:80/index.php?option=content&task=view&id=1063&Itemid=,20080827150249,skip
http://www.press.sk:80/index.php?option=content&task=view&id=1063&Itemid=,https://web.archive.org/web/20080905150107/http://www.press.sk:80/index.php?option=content&task=view&id=1063&Itemid=,20080905150107,skip
http://www.press.sk:80/index.php?option=content&task=view&id=1063&Itemid=,https://web.archive.org/web/20080908060333/http://www.press.sk:80/index.php?option=content&task=view&id=1063&Itemid=,20080908060333,skip
http://www.press.sk:80/index.php?option=content&task=view&id=1063&Itemid=,https://web.archive.org/web/20080910072118/http://www.press.sk:80/index.php?option=content&task=view&id=1063&Itemid=,20080910072118,skip
http://www.press.sk:80/index.php?option=content&task=view&id=1063&Itemid=,https://web.archive.org/web/20080911234435/http://www.press.sk:80/index.php?option=content&task=view&id=1063&Itemid=,20080911234435,skip
http://www.press.sk:80/index.php?option=content&task=view&id=1064&Itemid=,https://web.archive.org/web/20080801172718/http://www.press.sk:80/index.php?option=content&task=view&id=1064&Itemid=,20080801172718,skip
http://www.press.sk.:80/index.php?option=content&task=view&id=1064&Itemid=,https://web.archive.org/web/20080812014214/http://www.press.sk.:80/index.php?option=content&task=view&id=1064&Itemid=,20080812014214,skip
http://www.press.sk:80/index.php?option=content&task=view&id=1064&Itemid=,https://web.archive.org/web/20080813144641/http://www.press.sk:80/index.php?option=content&task=view&id=1064&Itemid=,20080813144641,skip
http://www.press.sk:80/index.php?option=content&task=view&id=1064&Itemid=,https://web.archive.org/web/20080814163625/http://www.press.sk:80/index.php?option=content&task=view&id=1064&Itemid=,20080814163625,skip
http://www.press.sk:80/index.php?option=content&task=view&id=1064&Itemid=,https://web.archive.org/web/20080815183432/http://www.press.sk:80/index.php?option=content&task=view&id=1064&Itemid=,20080815183432,skip
http://www.press.sk:80/index.php?option=content&task=view&id=1064&Itemid=,https://web.archive.org/web/20080817012127/http://www.press.sk:80/index.php?option=content&task=view&id=1064&Itemid=,20080817012127,skip
http://www.press.sk:80/index.php?option=content&task=view&id=1064&Itemid=,https://web.archive.org/web/20080818102306/http://www.press.sk:80/index.php?option=content&task=view&id=1064&Itemid=,20080818102306,skip
http://www.press.sk:80/index.php?option=content&task=view&id=1064&Itemid=,https://web.archive.org/web/20080819214637/http://www.press.sk:80/index.php?option=content&task=view&id=1064&Itemid=,20080819214637,skip
http://www.press.sk:80/index.php?option=content&task=view&id=1064&Itemid=,https://web.archive.org/web/20080822053010/http://www.press.sk:80/index.php?option=content&task=view&id=1064&Itemid=,20080822053010,skip
http://www.press.sk:80/index.php?option=content&task=view&id=1064&Itemid=,https://web.archive.org/web/20080823125855/http://www.press.sk:80/index.php?option=content&task=view&id=1064&Itemid=,20080823125855,skip
http://www.press.sk:80/index.php?option=content&task=view&id=1064&Itemid=,https://web.archive.org/web/20080824213027/http://www.press.sk:80/index.php?option=content&task=view&id=1064&Itemid=,20080824213027,skip
http://www.press.sk:80/index.php?option=content&task=view&id=1064&Itemid=,https://web.archive.org/web/20080826053440/http://www.press.sk:80/index.php?option=content&task=view&id=1064&Itemid=,20080826053440,skip
http://www.press.sk:80/index.php?option=content&task=view&id=1064&Itemid=,https://web.archive.org/web/20080827150256/http://www.press.sk:80/index.php?option=content&task=view&id=1064&Itemid=,20080827150256,skip
http://www.press.sk:80/index.php?option=content&task=view&id=1064&Itemid=,https://web.archive.org/web/20080905150112/http://www.press.sk:80/index.php?option=content&task=view&id=1064&Itemid=,20080905150112,skip
http://www.press.sk:80/index.php?option=content&task=view&id=1064&Itemid=,https://web.archive.org/web/20080908060338/http://www.press.sk:80/index.php?option=content&task=view&id=1064&Itemid=,20080908060338,skip
http://www.press.sk:80/index.php?option=content&task=view&id=1064&Itemid=,https://web.archive.org/web/20080910072122/http://www.press.sk:80/index.php?option=content&task=view&id=1064&Itemid=,20080910072122,skip
http://www.press.sk:80/index.php?option=content&task=view&id=1064&Itemid=,https://web.archive.org/web/20080911234441/http://www.press.sk:80/index.php?option=content&task=view&id=1064&Itemid=,20080911234441,skip
http://www.press.sk:80/index.php?option=content&task=view&id=1065&Itemid=,https://web.archive.org/web/20080703205920/http://www.press.sk:80/index.php?option=content&task=view&id=1065&Itemid=,20080703205920,skip
http://www.press.sk:80/index.php?option=content&task=view&id=1065&Itemid=,https://web.archive.org/web/20080704214304/http://www.press.sk:80/index.php?option=content&task=view&id=1065&Itemid=,20080704214304,skip
http://www.press.sk:80/index.php?option=content&task=view&id=1065&Itemid=,https://web.archive.org/web/20080712110046/http://www.press.sk:80/index.php?option=content&task=view&id=1065&Itemid=,20080712110046,skip
http://www.press.sk:80/index.php?option=content&task=view&id=1065&Itemid=,https://web.archive.org/web/20080723183329/http://www.press.sk:80/index.php?option=content&task=view&id=1065&Itemid=,20080723183329,skip
http://www.press.sk:80/index.php?option=content&task=view&id=1065&Itemid=,https://web.archive.org/web/20080731185934/http://www.press.sk:80/index.php?option=content&task=view&id=1065&Itemid=,20080731185934,skip
http://www.press.sk.:80/index.php?option=content&task=view&id=1065&Itemid=,https://web.archive.org/web/20080812014219/http://www.press.sk.:80/index.php?option=content&task=view&id=1065&Itemid=,20080812014219,skip
http://www.press.sk:80/index.php?option=content&task=view&id=1065&Itemid=,https://web.archive.org/web/20080813144645/http://www.press.sk:80/index.php?option=content&task=view&id=1065&Itemid=,20080813144645,skip
http://www.press.sk:80/index.php?option=content&task=view&id=1065&Itemid=,https://web.archive.org/web/20080814163632/http://www.press.sk:80/index.php?option=content&task=view&id=1065&Itemid=,20080814163632,skip
http://www.press.sk:80/index.php?option=content&task=view&id=1065&Itemid=,https://web.archive.org/web/20080815183437/http://www.press.sk:80/index.php?option=content&task=view&id=1065&Itemid=,20080815183437,skip
http://www.press.sk:80/index.php?option=content&task=view&id=1065&Itemid=,https://web.archive.org/web/20080817012131/http://www.press.sk:80/index.php?option=content&task=view&id=1065&Itemid=,20080817012131,skip
http://www.press.sk:80/index.php?option=content&task=view&id=1065&Itemid=,https://web.archive.org/web/20080818102312/http://www.press.sk:80/index.php?option=content&task=view&id=1065&Itemid=,20080818102312,skip
http://www.press.sk:80/index.php?option=content&task=view&id=1065&Itemid=,https://web.archive.org/web/20080819214641/http://www.press.sk:80/index.php?option=content&task=view&id=1065&Itemid=,20080819214641,skip
http://www.press.sk:80/index.php?option=content&task=view&id=1065&Itemid=,https://web.archive.org/web/20080822053015/http://www.press.sk:80/index.php?option=content&task=view&id=1065&Itemid=,20080822053015,skip
http://www.press.sk:80/index.php?option=content&task=view&id=1065&Itemid=,https://web.archive.org/web/20080823125901/http://www.press.sk:80/index.php?option=content&task=view&id=1065&Itemid=,20080823125901,skip
http://www.press.sk:80/index.php?option=content&task=view&id=1065&Itemid=,https://web.archive.org/web/20080824213033/http://www.press.sk:80/index.php?option=content&task=view&id=1065&Itemid=,20080824213033,skip
http://www.press.sk:80/index.php?option=content&task=view&id=1065&Itemid=,https://web.archive.org/web/20080826053446/http://www.press.sk:80/index.php?option=content&task=view&id=1065&Itemid=,20080826053446,skip
http://www.press.sk:80/index.php?option=content&task=view&id=1065&Itemid=,https://web.archive.org/web/20080827150301/http://www.press.sk:80/index.php?option=content&task=view&id=1065&Itemid=,20080827150301,skip
http://www.press.sk:80/index.php?option=content&task=view&id=1065&Itemid=,https://web.archive.org/web/20080905150117/http://www.press.sk:80/index.php?option=content&task=view&id=1065&Itemid=,20080905150117,skip
http://www.press.sk:80/index.php?option=content&task=view&id=1065&Itemid=,https://web.archive.org/web/20080908060343/http://www.press.sk:80/index.php?option=content&task=view&id=1065&Itemid=,20080908060343,skip
http://www.press.sk:80/index.php?option=content&task=view&id=1065&Itemid=,https://web.archive.org/web/20080910072129/http://www.press.sk:80/index.php?option=content&task=view&id=1065&Itemid=,20080910072129,skip
http://www.press.sk:80/index.php?option=content&task=view&id=1065&Itemid=,https://web.archive.org/web/20080911234446/http://www.press.sk:80/index.php?option=content&task=view&id=1065&Itemid=,20080911234446,skip
http://www.press.sk:80/index.php?option=content&task=view&id=1066&Itemid=,https://web.archive.org/web/20080703205926/http://www.press.sk:80/index.php?option=content&task=view&id=1066&Itemid=,20080703205926,skip
http://www.press.sk:80/index.php?option=content&task=view&id=1066&Itemid=,https://web.archive.org/web/20080704214504/http://www.press.sk:80/index.php?option=content&task=view&id=1066&Itemid=,20080704214504,skip
http://www.press.sk:80/index.php?option=content&task=view&id=1066&Itemid=,https://web.archive.org/web/20080712110051/http://www.press.sk:80/index.php?option=content&task=view&id=1066&Itemid=,20080712110051,skip
http://www.press.sk:80/index.php?option=content&task=view&id=1067&Itemid=,https://web.archive.org/web/20080703205932/http://www.press.sk:80/index.php?option=content&task=view&id=1067&Itemid=,20080703205932,skip
http://www.press.sk:80/index.php?option=content&task=view&id=1067&Itemid=,https://web.archive.org/web/20080704214510/http://www.press.sk:80/index.php?option=content&task=view&id=1067&Itemid=,20080704214510,skip
http://www.press.sk:80/index.php?option=content&task=view&id=1067&Itemid=,https://web.archive.org/web/20080712104941/http://www.press.sk:80/index.php?option=content&task=view&id=1067&Itemid=,20080712104941,skip
http://www.press.sk:80/index.php?option=content&task=view&id=1067&Itemid=,https://web.archive.org/web/20080723183758/http://www.press.sk:80/index.php?option=content&task=view&id=1067&Itemid=,20080723183758,skip
http://www.press.sk:80/index.php?option=content&task=view&id=1067&Itemid=,https://web.archive.org/web/20080731185941/http://www.press.sk:80/index.php?option=content&task=view&id=1067&Itemid=,20080731185941,skip
http://www.press.sk.:80/index.php?option=content&task=view&id=1067&Itemid=,https://web.archive.org/web/20080812014225/http://www.press.sk.:80/index.php?option=content&task=view&id=1067&Itemid=,20080812014225,skip
http://www.press.sk:80/index.php?option=content&task=view&id=1067&Itemid=,https://web.archive.org/web/20080813144650/http://www.press.sk:80/index.php?option=content&task=view&id=1067&Itemid=,20080813144650,skip
http://www.press.sk:80/index.php?option=content&task=view&id=1067&Itemid=,https://web.archive.org/web/20080814163637/http://www.press.sk:80/index.php?option=content&task=view&id=1067&Itemid=,20080814163637,skip
http://www.press.sk:80/index.php?option=content&task=view&id=1067&Itemid=,https://web.archive.org/web/20080815183441/http://www.press.sk:80/index.php?option=content&task=view&id=1067&Itemid=,20080815183441,skip
http://www.press.sk:80/index.php?option=content&task=view&id=1067&Itemid=,https://web.archive.org/web/20080817012137/http://www.press.sk:80/index.php?option=content&task=view&id=1067&Itemid=,20080817012137,skip
http://www.press.sk:80/index.php?option=content&task=view&id=1067&Itemid=,https://web.archive.org/web/20080818102317/http://www.press.sk:80/index.php?option=content&task=view&id=1067&Itemid=,20080818102317,skip
http://www.press.sk:80/index.php?option=content&task=view&id=1067&Itemid=,https://web.archive.org/web/20080819214646/http://www.press.sk:80/index.php?option=content&task=view&id=1067&Itemid=,20080819214646,skip
http://www.press.sk:80/index.php?option=content&task=view&id=1067&Itemid=,https://web.archive.org/web/20080822053020/http://www.press.sk:80/index.php?option=content&task=view&id=1067&Itemid=,20080822053020,skip
http://www.press.sk:80/index.php?option=content&task=view&id=1067&Itemid=,https://web.archive.org/web/20080823125906/http://www.press.sk:80/index.php?option=content&task=view&id=1067&Itemid=,20080823125906,skip
http://www.press.sk:80/index.php?option=content&task=view&id=1067&Itemid=,https://web.archive.org/web/20080824213037/http://www.press.sk:80/index.php?option=content&task=view&id=1067&Itemid=,20080824213037,skip
http://www.press.sk:80/index.php?option=content&task=view&id=1067&Itemid=,https://web.archive.org/web/20080826053451/http://www.press.sk:80/index.php?option=content&task=view&id=1067&Itemid=,20080826053451,skip
http://www.press.sk:80/index.php?option=content&task=view&id=1067&Itemid=,https://web.archive.org/web/20080827150307/http://www.press.sk:80/index.php?option=content&task=view&id=1067&Itemid=,20080827150307,skip
http://www.press.sk:80/index.php?option=content&task=view&id=1067&Itemid=,https://web.archive.org/web/20080905150122/http://www.press.sk:80/index.php?option=content&task=view&id=1067&Itemid=,20080905150122,skip
http://www.press.sk:80/index.php?option=content&task=view&id=1067&Itemid=,https://web.archive.org/web/20080908060349/http://www.press.sk:80/index.php?option=content&task=view&id=1067&Itemid=,20080908060349,skip
http://www.press.sk:80/index.php?option=content&task=view&id=1067&Itemid=,https://web.archive.org/web/20080910072134/http://www.press.sk:80/index.php?option=content&task=view&id=1067&Itemid=,20080910072134,skip
http://www.press.sk:80/index.php?option=content&task=view&id=1067&Itemid=,https://web.archive.org/web/20080911234451/http://www.press.sk:80/index.php?option=content&task=view&id=1067&Itemid=,20080911234451,skip
http://www.press.sk:80/index.php?option=content&task=view&id=1068&Itemid=,https://web.archive.org/web/20080703205936/http://www.press.sk:80/index.php?option=content&task=view&id=1068&Itemid=,20080703205936,skip
http://www.press.sk:80/index.php?option=content&task=view&id=1068&Itemid=,https://web.archive.org/web/20080704214306/http://www.press.sk:80/index.php?option=content&task=view&id=1068&Itemid=,20080704214306,skip
http://www.press.sk:80/index.php?option=content&task=view&id=1068&Itemid=,https://web.archive.org/web/20080712104947/http://www.press.sk:80/index.php?option=content&task=view&id=1068&Itemid=,20080712104947,skip
http://www.press.sk:80/index.php?option=content&task=view&id=1068&Itemid=,https://web.archive.org/web/20080723183334/http://www.press.sk:80/index.php?option=content&task=view&id=1068&Itemid=,20080723183334,skip
http://www.press.sk:80/index.php?option=content&task=view&id=1068&Itemid=,https://web.archive.org/web/20080731185943/http://www.press.sk:80/index.php?option=content&task=view&id=1068&Itemid=,20080731185943,skip
http://www.press.sk.:80/index.php?option=content&task=view&id=1068&Itemid=,https://web.archive.org/web/20080812014230/http://www.press.sk.:80/index.php?option=content&task=view&id=1068&Itemid=,20080812014230,skip
http://www.press.sk:80/index.php?option=content&task=view&id=1068&Itemid=,https://web.archive.org/web/20080813144655/http://www.press.sk:80/index.php?option=content&task=view&id=1068&Itemid=,20080813144655,skip
http://www.press.sk:80/index.php?option=content&task=view&id=1068&Itemid=,https://web.archive.org/web/20080814165437/http://www.press.sk:80/index.php?option=content&task=view&id=1068&Itemid=,20080814165437,skip
http://www.press.sk:80/index.php?option=content&task=view&id=1068&Itemid=,https://web.archive.org/web/20080815183448/http://www.press.sk:80/index.php?option=content&task=view&id=1068&Itemid=,20080815183448,skip
http://www.press.sk:80/index.php?option=content&task=view&id=1068&Itemid=,https://web.archive.org/web/20080817012142/http://www.press.sk:80/index.php?option=content&task=view&id=1068&Itemid=,20080817012142,skip
http://www.press.sk:80/index.php?option=content&task=view&id=1068&Itemid=,https://web.archive.org/web/20080818102331/http://www.press.sk:80/index.php?option=content&task=view&id=1068&Itemid=,20080818102331,skip
http://www.press.sk:80/index.php?option=content&task=view&id=1068&Itemid=,https://web.archive.org/web/20080819214651/http://www.press.sk:80/index.php?option=content&task=view&id=1068&Itemid=,20080819214651,skip
http://www.press.sk:80/index.php?option=content&task=view&id=1068&Itemid=,https://web.archive.org/web/20080822053025/http://www.press.sk:80/index.php?option=content&task=view&id=1068&Itemid=,20080822053025,skip
http://www.press.sk:80/index.php?option=content&task=view&id=1068&Itemid=,https://web.archive.org/web/20080823125910/http://www.press.sk:80/index.php?option=content&task=view&id=1068&Itemid=,20080823125910,skip
http://www.press.sk:80/index.php?option=content&task=view&id=1068&Itemid=,https://web.archive.org/web/20080824213042/http://www.press.sk:80/index.php?option=content&task=view&id=1068&Itemid=,20080824213042,skip
http://www.press.sk:80/index.php?option=content&task=view&id=1068&Itemid=,https://web.archive.org/web/20080826053457/http://www.press.sk:80/index.php?option=content&task=view&id=1068&Itemid=,20080826053457,skip
http://www.press.sk:80/index.php?option=content&task=view&id=1068&Itemid=,https://web.archive.org/web/20080827150313/http://www.press.sk:80/index.php?option=content&task=view&id=1068&Itemid=,20080827150313,skip
http://www.press.sk:80/index.php?option=content&task=view&id=1068&Itemid=,https://web.archive.org/web/20080905150127/http://www.press.sk:80/index.php?option=content&task=view&id=1068&Itemid=,20080905150127,skip
http://www.press.sk:80/index.php?option=content&task=view&id=1068&Itemid=,https://web.archive.org/web/20080908060353/http://www.press.sk:80/index.php?option=content&task=view&id=1068&Itemid=,20080908060353,skip
http://www.press.sk:80/index.php?option=content&task=view&id=1068&Itemid=,https://web.archive.org/web/20080910072138/http://www.press.sk:80/index.php?option=content&task=view&id=1068&Itemid=,20080910072138,skip
http://www.press.sk:80/index.php?option=content&task=view&id=1068&Itemid=,https://web.archive.org/web/20080911234456/http://www.press.sk:80/index.php?option=content&task=view&id=1068&Itemid=,20080911234456,skip
http://www.press.sk:80/index.php?option=content&task=view&id=1069&Itemid=,https://web.archive.org/web/20080705180502/http://www.press.sk:80/index.php?option=content&task=view&id=1069&Itemid=,20080705180502,skip
http://www.press.sk:80/index.php?option=content&task=view&id=1069&Itemid=,https://web.archive.org/web/20080712110057/http://www.press.sk:80/index.php?option=content&task=view&id=1069&Itemid=,20080712110057,skip
http://www.press.sk:80/index.php?option=content&task=view&id=1069&Itemid=,https://web.archive.org/web/20080723183804/http://www.press.sk:80/index.php?option=content&task=view&id=1069&Itemid=,20080723183804,skip
http://www.press.sk:80/index.php?option=content&task=view&id=1069&Itemid=,https://web.archive.org/web/20080731185950/http://www.press.sk:80/index.php?option=content&task=view&id=1069&Itemid=,20080731185950,skip
http://www.press.sk.:80/index.php?option=content&task=view&id=1069&Itemid=,https://web.archive.org/web/20080812014235/http://www.press.sk.:80/index.php?option=content&task=view&id=1069&Itemid=,20080812014235,skip
http://www.press.sk:80/index.php?option=content&task=view&id=1069&Itemid=,https://web.archive.org/web/20080813144702/http://www.press.sk:80/index.php?option=content&task=view&id=1069&Itemid=,20080813144702,skip
http://www.press.sk:80/index.php?option=content&task=view&id=1069&Itemid=,https://web.archive.org/web/20080814165442/http://www.press.sk:80/index.php?option=content&task=view&id=1069&Itemid=,20080814165442,skip
http://www.press.sk:80/index.php?option=content&task=view&id=1069&Itemid=,https://web.archive.org/web/20080815183451/http://www.press.sk:80/index.php?option=content&task=view&id=1069&Itemid=,20080815183451,skip
http://www.press.sk:80/index.php?option=content&task=view&id=1069&Itemid=,https://web.archive.org/web/20080817012147/http://www.press.sk:80/index.php?option=content&task=view&id=1069&Itemid=,20080817012147,skip
http://www.press.sk:80/index.php?option=content&task=view&id=1069&Itemid=,https://web.archive.org/web/20080818102337/http://www.press.sk:80/index.php?option=content&task=view&id=1069&Itemid=,20080818102337,skip
http://www.press.sk:80/index.php?option=content&task=view&id=1069&Itemid=,https://web.archive.org/web/20080819214656/http://www.press.sk:80/index.php?option=content&task=view&id=1069&Itemid=,20080819214656,skip
http://www.press.sk:80/index.php?option=content&task=view&id=1069&Itemid=,https://web.archive.org/web/20080822053030/http://www.press.sk:80/index.php?option=content&task=view&id=1069&Itemid=,20080822053030,skip
http://www.press.sk:80/index.php?option=content&task=view&id=1069&Itemid=,https://web.archive.org/web/20080823125915/http://www.press.sk:80/index.php?option=content&task=view&id=1069&Itemid=,20080823125915,skip
http://www.press.sk:80/index.php?option=content&task=view&id=1069&Itemid=,https://web.archive.org/web/20080824213047/http://www.press.sk:80/index.php?option=content&task=view&id=1069&Itemid=,20080824213047,skip
http://www.press.sk:80/index.php?option=content&task=view&id=1069&Itemid=,https://web.archive.org/web/20080826053502/http://www.press.sk:80/index.php?option=content&task=view&id=1069&Itemid=,20080826053502,skip
http://www.press.sk:80/index.php?option=content&task=view&id=1069&Itemid=,https://web.archive.org/web/20080827150317/http://www.press.sk:80/index.php?option=content&task=view&id=1069&Itemid=,20080827150317,skip
http://www.press.sk:80/index.php?option=content&task=view&id=1069&Itemid=,https://web.archive.org/web/20080905150132/http://www.press.sk:80/index.php?option=content&task=view&id=1069&Itemid=,20080905150132,skip
http://www.press.sk:80/index.php?option=content&task=view&id=1069&Itemid=,https://web.archive.org/web/20080908060358/http://www.press.sk:80/index.php?option=content&task=view&id=1069&Itemid=,20080908060358,skip
http://www.press.sk:80/index.php?option=content&task=view&id=1069&Itemid=,https://web.archive.org/web/20080910072144/http://www.press.sk:80/index.php?option=content&task=view&id=1069&Itemid=,20080910072144,skip
http://www.press.sk:80/index.php?option=content&task=view&id=1069&Itemid=,https://web.archive.org/web/20080911234501/http://www.press.sk:80/index.php?option=content&task=view&id=1069&Itemid=,20080911234501,skip
http://www.press.sk:80/index.php?option=content&task=view&id=1070&Itemid=,https://web.archive.org/web/20080731185955/http://www.press.sk:80/index.php?option=content&task=view&id=1070&Itemid=,20080731185955,skip
http://www.press.sk.:80/index.php?option=content&task=view&id=1070&Itemid=,https://web.archive.org/web/20080812014241/http://www.press.sk.:80/index.php?option=content&task=view&id=1070&Itemid=,20080812014241,skip
http://www.press.sk:80/index.php?option=content&task=view&id=1070&Itemid=,https://web.archive.org/web/20080813144705/http://www.press.sk:80/index.php?option=content&task=view&id=1070&Itemid=,20080813144705,skip
http://www.press.sk:80/index.php?option=content&task=view&id=1070&Itemid=,https://web.archive.org/web/20080814163642/http://www.press.sk:80/index.php?option=content&task=view&id=1070&Itemid=,20080814163642,skip
http://www.press.sk:80/index.php?option=content&task=view&id=1070&Itemid=,https://web.archive.org/web/20080815183456/http://www.press.sk:80/index.php?option=content&task=view&id=1070&Itemid=,20080815183456,skip
http://www.press.sk:80/index.php?option=content&task=view&id=1070&Itemid=,https://web.archive.org/web/20080817012153/http://www.press.sk:80/index.php?option=content&task=view&id=1070&Itemid=,20080817012153,skip
http://www.press.sk:80/index.php?option=content&task=view&id=1070&Itemid=,https://web.archive.org/web/20080818102343/http://www.press.sk:80/index.php?option=content&task=view&id=1070&Itemid=,20080818102343,skip
http://www.press.sk:80/index.php?option=content&task=view&id=1070&Itemid=,https://web.archive.org/web/20080819214702/http://www.press.sk:80/index.php?option=content&task=view&id=1070&Itemid=,20080819214702,skip
http://www.press.sk:80/index.php?option=content&task=view&id=1070&Itemid=,https://web.archive.org/web/20080822053036/http://www.press.sk:80/index.php?option=content&task=view&id=1070&Itemid=,20080822053036,skip
http://www.press.sk:80/index.php?option=content&task=view&id=1070&Itemid=,https://web.archive.org/web/20080823125922/http://www.press.sk:80/index.php?option=content&task=view&id=1070&Itemid=,20080823125922,skip
http://www.press.sk:80/index.php?option=content&task=view&id=1070&Itemid=,https://web.archive.org/web/20080824213052/http://www.press.sk:80/index.php?option=content&task=view&id=1070&Itemid=,20080824213052,skip
http://www.press.sk:80/index.php?option=content&task=view&id=1070&Itemid=,https://web.archive.org/web/20080826053507/http://www.press.sk:80/index.php?option=content&task=view&id=1070&Itemid=,20080826053507,skip
http://www.press.sk:80/index.php?option=content&task=view&id=1070&Itemid=,https://web.archive.org/web/20080827150322/http://www.press.sk:80/index.php?option=content&task=view&id=1070&Itemid=,20080827150322,skip
http://www.press.sk:80/index.php?option=content&task=view&id=1070&Itemid=,https://web.archive.org/web/20080905150138/http://www.press.sk:80/index.php?option=content&task=view&id=1070&Itemid=,20080905150138,skip
http://www.press.sk:80/index.php?option=content&task=view&id=1070&Itemid=,https://web.archive.org/web/20080908060403/http://www.press.sk:80/index.php?option=content&task=view&id=1070&Itemid=,20080908060403,skip
http://www.press.sk:80/index.php?option=content&task=view&id=1070&Itemid=,https://web.archive.org/web/20080910072149/http://www.press.sk:80/index.php?option=content&task=view&id=1070&Itemid=,20080910072149,skip
http://www.press.sk:80/index.php?option=content&task=view&id=1070&Itemid=,https://web.archive.org/web/20080911234507/http://www.press.sk:80/index.php?option=content&task=view&id=1070&Itemid=,20080911234507,skip
http://www.press.sk:80/index.php?option=content&task=view&id=1072&Itemid=,https://web.archive.org/web/20080731185958/http://www.press.sk:80/index.php?option=content&task=view&id=1072&Itemid=,20080731185958,skip
http://www.press.sk.:80/index.php?option=content&task=view&id=1072&Itemid=,https://web.archive.org/web/20080812014248/http://www.press.sk.:80/index.php?option=content&task=view&id=1072&Itemid=,20080812014248,skip
http://www.press.sk:80/index.php?option=content&task=view&id=1072&Itemid=,https://web.archive.org/web/20080813144711/http://www.press.sk:80/index.php?option=content&task=view&id=1072&Itemid=,20080813144711,skip
http://www.press.sk:80/index.php?option=content&task=view&id=1072&Itemid=,https://web.archive.org/web/20080814163648/http://www.press.sk:80/index.php?option=content&task=view&id=1072&Itemid=,20080814163648,skip
http://www.press.sk:80/index.php?option=content&task=view&id=1072&Itemid=,https://web.archive.org/web/20080815183503/http://www.press.sk:80/index.php?option=content&task=view&id=1072&Itemid=,20080815183503,skip
http://www.press.sk:80/index.php?option=content&task=view&id=1072&Itemid=,https://web.archive.org/web/20080817012157/http://www.press.sk:80/index.php?option=content&task=view&id=1072&Itemid=,20080817012157,skip
http://www.press.sk:80/index.php?option=content&task=view&id=1072&Itemid=,https://web.archive.org/web/20080818102344/http://www.press.sk:80/index.php?option=content&task=view&id=1072&Itemid=,20080818102344,skip
http://www.press.sk:80/index.php?option=content&task=view&id=1072&Itemid=,https://web.archive.org/web/20080819214706/http://www.press.sk:80/index.php?option=content&task=view&id=1072&Itemid=,20080819214706,skip
http://www.press.sk:80/index.php?option=content&task=view&id=1072&Itemid=,https://web.archive.org/web/20080822053041/http://www.press.sk:80/index.php?option=content&task=view&id=1072&Itemid=,20080822053041,skip
http://www.press.sk:80/index.php?option=content&task=view&id=1072&Itemid=,https://web.archive.org/web/20080823125925/http://www.press.sk:80/index.php?option=content&task=view&id=1072&Itemid=,20080823125925,skip
http://www.press.sk:80/index.php?option=content&task=view&id=1072&Itemid=,https://web.archive.org/web/20080824213057/http://www.press.sk:80/index.php?option=content&task=view&id=1072&Itemid=,20080824213057,skip
http://www.press.sk:80/index.php?option=content&task=view&id=1072&Itemid=,https://web.archive.org/web/20080826053515/http://www.press.sk:80/index.php?option=content&task=view&id=1072&Itemid=,20080826053515,skip
http://www.press.sk:80/index.php?option=content&task=view&id=1072&Itemid=,https://web.archive.org/web/20080827150327/http://www.press.sk:80/index.php?option=content&task=view&id=1072&Itemid=,20080827150327,skip
http://www.press.sk:80/index.php?option=content&task=view&id=1072&Itemid=,https://web.archive.org/web/20080905150143/http://www.press.sk:80/index.php?option=content&task=view&id=1072&Itemid=,20080905150143,skip
http://www.press.sk:80/index.php?option=content&task=view&id=1072&Itemid=,https://web.archive.org/web/20080908060408/http://www.press.sk:80/index.php?option=content&task=view&id=1072&Itemid=,20080908060408,skip
http://www.press.sk:80/index.php?option=content&task=view&id=1072&Itemid=,https://web.archive.org/web/20080910072154/http://www.press.sk:80/index.php?option=content&task=view&id=1072&Itemid=,20080910072154,skip
http://www.press.sk:80/index.php?option=content&task=view&id=1072&Itemid=,https://web.archive.org/web/20080911234512/http://www.press.sk:80/index.php?option=content&task=view&id=1072&Itemid=,20080911234512,skip
http://www.press.sk:80/index.php?option=content&task=view&id=1073&Itemid=,https://web.archive.org/web/20080801174424/http://www.press.sk:80/index.php?option=content&task=view&id=1073&Itemid=,20080801174424,skip
http://www.press.sk:80/index.php?option=content&task=view&id=1074&Itemid=,https://web.archive.org/web/20080801174430/http://www.press.sk:80/index.php?option=content&task=view&id=1074&Itemid=,20080801174430,skip
http://www.press.sk.:80/index.php?option=content&task=view&id=1074&Itemid=,https://web.archive.org/web/20080812014253/http://www.press.sk.:80/index.php?option=content&task=view&id=1074&Itemid=,20080812014253,skip
http://www.press.sk:80/index.php?option=content&task=view&id=1074&Itemid=,https://web.archive.org/web/20080813144718/http://www.press.sk:80/index.php?option=content&task=view&id=1074&Itemid=,20080813144718,skip
http://www.press.sk:80/index.php?option=content&task=view&id=1074&Itemid=,https://web.archive.org/web/20080814163654/http://www.press.sk:80/index.php?option=content&task=view&id=1074&Itemid=,20080814163654,skip
http://www.press.sk:80/index.php?option=content&task=view&id=1074&Itemid=,https://web.archive.org/web/20080815183507/http://www.press.sk:80/index.php?option=content&task=view&id=1074&Itemid=,20080815183507,skip
http://www.press.sk:80/index.php?option=content&task=view&id=1074&Itemid=,https://web.archive.org/web/20080817012203/http://www.press.sk:80/index.php?option=content&task=view&id=1074&Itemid=,20080817012203,skip
http://www.press.sk:80/index.php?option=content&task=view&id=1074&Itemid=,https://web.archive.org/web/20080818102352/http://www.press.sk:80/index.php?option=content&task=view&id=1074&Itemid=,20080818102352,skip
http://www.press.sk:80/index.php?option=content&task=view&id=1074&Itemid=,https://web.archive.org/web/20080819214712/http://www.press.sk:80/index.php?option=content&task=view&id=1074&Itemid=,20080819214712,skip
http://www.press.sk:80/index.php?option=content&task=view&id=1074&Itemid=,https://web.archive.org/web/20080822053045/http://www.press.sk:80/index.php?option=content&task=view&id=1074&Itemid=,20080822053045,skip
http://www.press.sk:80/index.php?option=content&task=view&id=1074&Itemid=,https://web.archive.org/web/20080823125933/http://www.press.sk:80/index.php?option=content&task=view&id=1074&Itemid=,20080823125933,skip
http://www.press.sk:80/index.php?option=content&task=view&id=1074&Itemid=,https://web.archive.org/web/20080824213102/http://www.press.sk:80/index.php?option=content&task=view&id=1074&Itemid=,20080824213102,skip
http://www.press.sk:80/index.php?option=content&task=view&id=1074&Itemid=,https://web.archive.org/web/20080826053517/http://www.press.sk:80/index.php?option=content&task=view&id=1074&Itemid=,20080826053517,skip
http://www.press.sk:80/index.php?option=content&task=view&id=1074&Itemid=,https://web.archive.org/web/20080827150332/http://www.press.sk:80/index.php?option=content&task=view&id=1074&Itemid=,20080827150332,skip
http://www.press.sk:80/index.php?option=content&task=view&id=1074&Itemid=,https://web.archive.org/web/20080905150149/http://www.press.sk:80/index.php?option=content&task=view&id=1074&Itemid=,20080905150149,skip
http://www.press.sk:80/index.php?option=content&task=view&id=1074&Itemid=,https://web.archive.org/web/20080908060413/http://www.press.sk:80/index.php?option=content&task=view&id=1074&Itemid=,20080908060413,skip
http://www.press.sk:80/index.php?option=content&task=view&id=1074&Itemid=,https://web.archive.org/web/20080910072159/http://www.press.sk:80/index.php?option=content&task=view&id=1074&Itemid=,20080910072159,skip
http://www.press.sk:80/index.php?option=content&task=view&id=1074&Itemid=,https://web.archive.org/web/20080911234517/http://www.press.sk:80/index.php?option=content&task=view&id=1074&Itemid=,20080911234517,skip
http://www.press.sk:80/index.php?option=content&task=view&id=1076&Itemid=,https://web.archive.org/web/20080801172723/http://www.press.sk:80/index.php?option=content&task=view&id=1076&Itemid=,20080801172723,skip
http://www.press.sk.:80/index.php?option=content&task=view&id=1076&Itemid=,https://web.archive.org/web/20080812014258/http://www.press.sk.:80/index.php?option=content&task=view&id=1076&Itemid=,20080812014258,skip
http://www.press.sk:80/index.php?option=content&task=view&id=1076&Itemid=,https://web.archive.org/web/20080813144722/http://www.press.sk:80/index.php?option=content&task=view&id=1076&Itemid=,20080813144722,skip
http://www.press.sk:80/index.php?option=content&task=view&id=1076&Itemid=,https://web.archive.org/web/20080814165447/http://www.press.sk:80/index.php?option=content&task=view&id=1076&Itemid=,20080814165447,skip
http://www.press.sk:80/index.php?option=content&task=view&id=1076&Itemid=,https://web.archive.org/web/20080815183514/http://www.press.sk:80/index.php?option=content&task=view&id=1076&Itemid=,20080815183514,skip
http://www.press.sk:80/index.php?option=content&task=view&id=1076&Itemid=,https://web.archive.org/web/20080817012208/http://www.press.sk:80/index.php?option=content&task=view&id=1076&Itemid=,20080817012208,skip
http://www.press.sk:80/index.php?option=content&task=view&id=1076&Itemid=,https://web.archive.org/web/20080818102355/http://www.press.sk:80/index.php?option=content&task=view&id=1076&Itemid=,20080818102355,skip
http://www.press.sk:80/index.php?option=content&task=view&id=1076&Itemid=,https://web.archive.org/web/20080819214717/http://www.press.sk:80/index.php?option=content&task=view&id=1076&Itemid=,20080819214717,skip
http://www.press.sk:80/index.php?option=content&task=view&id=1076&Itemid=,https://web.archive.org/web/20080822053051/http://www.press.sk:80/index.php?option=content&task=view&id=1076&Itemid=,20080822053051,skip
http://www.press.sk:80/index.php?option=content&task=view&id=1076&Itemid=,https://web.archive.org/web/20080823125936/http://www.press.sk:80/index.php?option=content&task=view&id=1076&Itemid=,20080823125936,skip
http://www.press.sk:80/index.php?option=content&task=view&id=1076&Itemid=,https://web.archive.org/web/20080824213107/http://www.press.sk:80/index.php?option=content&task=view&id=1076&Itemid=,20080824213107,skip
http://www.press.sk:80/index.php?option=content&task=view&id=1076&Itemid=,https://web.archive.org/web/20080826053522/http://www.press.sk:80/index.php?option=content&task=view&id=1076&Itemid=,20080826053522,skip
http://www.press.sk:80/index.php?option=content&task=view&id=1076&Itemid=,https://web.archive.org/web/20080827150338/http://www.press.sk:80/index.php?option=content&task=view&id=1076&Itemid=,20080827150338,skip
http://www.press.sk:80/index.php?option=content&task=view&id=1076&Itemid=,https://web.archive.org/web/20080905150153/http://www.press.sk:80/index.php?option=content&task=view&id=1076&Itemid=,20080905150153,skip
http://www.press.sk:80/index.php?option=content&task=view&id=1076&Itemid=,https://web.archive.org/web/20080908060419/http://www.press.sk:80/index.php?option=content&task=view&id=1076&Itemid=,20080908060419,skip
http://www.press.sk:80/index.php?option=content&task=view&id=1076&Itemid=,https://web.archive.org/web/20080910072204/http://www.press.sk:80/index.php?option=content&task=view&id=1076&Itemid=,20080910072204,skip
http://www.press.sk:80/index.php?option=content&task=view&id=1076&Itemid=,https://web.archive.org/web/20080911234522/http://www.press.sk:80/index.php?option=content&task=view&id=1076&Itemid=,20080911234522,skip
http://www.press.sk:80/index.php?option=content&task=view&id=1077&Itemid=,https://web.archive.org/web/20080801172728/http://www.press.sk:80/index.php?option=content&task=view&id=1077&Itemid=,20080801172728,skip
http://www.press.sk.:80/index.php?option=content&task=view&id=1077&Itemid=,https://web.archive.org/web/20080812033359/http://www.press.sk.:80/index.php?option=content&task=view&id=1077&Itemid=,20080812033359,skip
http://www.press.sk:80/index.php?option=content&task=view&id=1077&Itemid=,https://web.archive.org/web/20080813144725/http://www.press.sk:80/index.php?option=content&task=view&id=1077&Itemid=,20080813144725,skip
http://www.press.sk:80/index.php?option=content&task=view&id=1077&Itemid=,https://web.archive.org/web/20080814165453/http://www.press.sk:80/index.php?option=content&task=view&id=1077&Itemid=,20080814165453,skip
http://www.press.sk:80/index.php?option=content&task=view&id=1077&Itemid=,https://web.archive.org/web/20080815183516/http://www.press.sk:80/index.php?option=content&task=view&id=1077&Itemid=,20080815183516,skip
http://www.press.sk:80/index.php?option=content&task=view&id=1077&Itemid=,https://web.archive.org/web/20080817012212/http://www.press.sk:80/index.php?option=content&task=view&id=1077&Itemid=,20080817012212,skip
http://www.press.sk:80/index.php?option=content&task=view&id=1077&Itemid=,https://web.archive.org/web/20080818102402/http://www.press.sk:80/index.php?option=content&task=view&id=1077&Itemid=,20080818102402,skip
http://www.press.sk:80/index.php?option=content&task=view&id=1077&Itemid=,https://web.archive.org/web/20080819214722/http://www.press.sk:80/index.php?option=content&task=view&id=1077&Itemid=,20080819214722,skip
http://www.press.sk:80/index.php?option=content&task=view&id=1077&Itemid=,https://web.archive.org/web/20080822053056/http://www.press.sk:80/index.php?option=content&task=view&id=1077&Itemid=,20080822053056,skip
http://www.press.sk:80/index.php?option=content&task=view&id=1077&Itemid=,https://web.archive.org/web/20080823125940/http://www.press.sk:80/index.php?option=content&task=view&id=1077&Itemid=,20080823125940,skip
http://www.press.sk:80/index.php?option=content&task=view&id=1077&Itemid=,https://web.archive.org/web/20080824213112/http://www.press.sk:80/index.php?option=content&task=view&id=1077&Itemid=,20080824213112,skip
http://www.press.sk:80/index.php?option=content&task=view&id=1077&Itemid=,https://web.archive.org/web/20080826053527/http://www.press.sk:80/index.php?option=content&task=view&id=1077&Itemid=,20080826053527,skip
http://www.press.sk:80/index.php?option=content&task=view&id=1077&Itemid=,https://web.archive.org/web/20080827150343/http://www.press.sk:80/index.php?option=content&task=view&id=1077&Itemid=,20080827150343,skip
http://www.press.sk:80/index.php?option=content&task=view&id=1077&Itemid=,https://web.archive.org/web/20080905150158/http://www.press.sk:80/index.php?option=content&task=view&id=1077&Itemid=,20080905150158,skip
http://www.press.sk:80/index.php?option=content&task=view&id=1077&Itemid=,https://web.archive.org/web/20080908060423/http://www.press.sk:80/index.php?option=content&task=view&id=1077&Itemid=,20080908060423,skip
http://www.press.sk:80/index.php?option=content&task=view&id=1077&Itemid=,https://web.archive.org/web/20080910072209/http://www.press.sk:80/index.php?option=content&task=view&id=1077&Itemid=,20080910072209,skip
http://www.press.sk:80/index.php?option=content&task=view&id=1077&Itemid=,https://web.archive.org/web/20080911234527/http://www.press.sk:80/index.php?option=content&task=view&id=1077&Itemid=,20080911234527,skip
http://www.press.sk:80/index.php?option=content&task=view&id=1079&Itemid=,https://web.archive.org/web/20080813144731/http://www.press.sk:80/index.php?option=content&task=view&id=1079&Itemid=,20080813144731,skip
http://www.press.sk:80/index.php?option=content&task=view&id=1079&Itemid=,https://web.archive.org/web/20080814165457/http://www.press.sk:80/index.php?option=content&task=view&id=1079&Itemid=,20080814165457,skip
http://www.press.sk:80/index.php?option=content&task=view&id=1079&Itemid=,https://web.archive.org/web/20080815183521/http://www.press.sk:80/index.php?option=content&task=view&id=1079&Itemid=,20080815183521,skip
http://www.press.sk:80/index.php?option=content&task=view&id=1079&Itemid=,https://web.archive.org/web/20080817012219/http://www.press.sk:80/index.php?option=content&task=view&id=1079&Itemid=,20080817012219,skip
http://www.press.sk:80/index.php?option=content&task=view&id=1079&Itemid=,https://web.archive.org/web/20080818102404/http://www.press.sk:80/index.php?option=content&task=view&id=1079&Itemid=,20080818102404,skip
http://www.press.sk:80/index.php?option=content&task=view&id=1079&Itemid=,https://web.archive.org/web/20080819214727/http://www.press.sk:80/index.php?option=content&task=view&id=1079&Itemid=,20080819214727,skip
http://www.press.sk:80/index.php?option=content&task=view&id=1079&Itemid=,https://web.archive.org/web/20080822053101/http://www.press.sk:80/index.php?option=content&task=view&id=1079&Itemid=,20080822053101,skip
http://www.press.sk:80/index.php?option=content&task=view&id=1079&Itemid=,https://web.archive.org/web/20080823125948/http://www.press.sk:80/index.php?option=content&task=view&id=1079&Itemid=,20080823125948,skip
http://www.press.sk:80/index.php?option=content&task=view&id=1079&Itemid=,https://web.archive.org/web/20080824213118/http://www.press.sk:80/index.php?option=content&task=view&id=1079&Itemid=,20080824213118,skip
http://www.press.sk:80/index.php?option=content&task=view&id=1079&Itemid=,https://web.archive.org/web/20080826053532/http://www.press.sk:80/index.php?option=content&task=view&id=1079&Itemid=,20080826053532,skip
http://www.press.sk:80/index.php?option=content&task=view&id=1079&Itemid=,https://web.archive.org/web/20080905150203/http://www.press.sk:80/index.php?option=content&task=view&id=1079&Itemid=,20080905150203,skip
http://www.press.sk:80/index.php?option=content&task=view&id=1079&Itemid=,https://web.archive.org/web/20080908060429/http://www.press.sk:80/index.php?option=content&task=view&id=1079&Itemid=,20080908060429,skip
http://www.press.sk:80/index.php?option=content&task=view&id=1079&Itemid=,https://web.archive.org/web/20080910072214/http://www.press.sk:80/index.php?option=content&task=view&id=1079&Itemid=,20080910072214,skip
http://www.press.sk:80/index.php?option=content&task=view&id=1079&Itemid=,https://web.archive.org/web/20080911234534/http://www.press.sk:80/index.php?option=content&task=view&id=1079&Itemid=,20080911234534,skip
http://www.press.sk:80/index.php?option=content&task=view&id=1080&Itemid=,https://web.archive.org/web/20080813144736/http://www.press.sk:80/index.php?option=content&task=view&id=1080&Itemid=,20080813144736,skip
http://www.press.sk:80/index.php?option=content&task=view&id=1080&Itemid=,https://web.archive.org/web/20080815160546/http://www.press.sk:80/index.php?option=content&task=view&id=1080&Itemid=,20080815160546,skip
http://www.press.sk:80/index.php?option=content&task=view&id=1080&Itemid=,https://web.archive.org/web/20080817012223/http://www.press.sk:80/index.php?option=content&task=view&id=1080&Itemid=,20080817012223,skip
http://www.press.sk:80/index.php?option=content&task=view&id=1080&Itemid=,https://web.archive.org/web/20080818124526/http://www.press.sk:80/index.php?option=content&task=view&id=1080&Itemid=,20080818124526,skip
http://www.press.sk:80/index.php?option=content&task=view&id=1080&Itemid=,https://web.archive.org/web/20080819214732/http://www.press.sk:80/index.php?option=content&task=view&id=1080&Itemid=,20080819214732,skip
http://www.press.sk:80/index.php?option=content&task=view&id=1080&Itemid=,https://web.archive.org/web/20080822053106/http://www.press.sk:80/index.php?option=content&task=view&id=1080&Itemid=,20080822053106,skip
http://www.press.sk:80/index.php?option=content&task=view&id=1080&Itemid=,https://web.archive.org/web/20080823125951/http://www.press.sk:80/index.php?option=content&task=view&id=1080&Itemid=,20080823125951,skip
http://www.press.sk:80/index.php?option=content&task=view&id=1080&Itemid=,https://web.archive.org/web/20080824213123/http://www.press.sk:80/index.php?option=content&task=view&id=1080&Itemid=,20080824213123,skip
http://www.press.sk:80/index.php?option=content&task=view&id=1080&Itemid=,https://web.archive.org/web/20080826053538/http://www.press.sk:80/index.php?option=content&task=view&id=1080&Itemid=,20080826053538,skip
http://www.press.sk:80/index.php?option=content&task=view&id=1080&Itemid=,https://web.archive.org/web/20080905150208/http://www.press.sk:80/index.php?option=content&task=view&id=1080&Itemid=,20080905150208,skip
http://www.press.sk:80/index.php?option=content&task=view&id=1080&Itemid=,https://web.archive.org/web/20080908060434/http://www.press.sk:80/index.php?option=content&task=view&id=1080&Itemid=,20080908060434,skip
http://www.press.sk:80/index.php?option=content&task=view&id=1080&Itemid=,https://web.archive.org/web/20080910072219/http://www.press.sk:80/index.php?option=content&task=view&id=1080&Itemid=,20080910072219,skip
http://www.press.sk:80/index.php?option=content&task=view&id=1080&Itemid=,https://web.archive.org/web/20080911234539/http://www.press.sk:80/index.php?option=content&task=view&id=1080&Itemid=,20080911234539,skip
http://www.press.sk:80/index.php?option=content&task=view&id=1081&Itemid=,https://web.archive.org/web/20080813144741/http://www.press.sk:80/index.php?option=content&task=view&id=1081&Itemid=,20080813144741,skip
http://www.press.sk:80/index.php?option=content&task=view&id=1081&Itemid=,https://web.archive.org/web/20080815161909/http://www.press.sk:80/index.php?option=content&task=view&id=1081&Itemid=,20080815161909,skip
http://www.press.sk:80/index.php?option=content&task=view&id=1081&Itemid=,https://web.archive.org/web/20080817012228/http://www.press.sk:80/index.php?option=content&task=view&id=1081&Itemid=,20080817012228,skip
http://www.press.sk:80/index.php?option=content&task=view&id=1081&Itemid=,https://web.archive.org/web/20080818124532/http://www.press.sk:80/index.php?option=content&task=view&id=1081&Itemid=,20080818124532,skip
http://www.press.sk:80/index.php?option=content&task=view&id=1081&Itemid=,https://web.archive.org/web/20080819214737/http://www.press.sk:80/index.php?option=content&task=view&id=1081&Itemid=,20080819214737,skip
http://www.press.sk:80/index.php?option=content&task=view&id=1081&Itemid=,https://web.archive.org/web/20080822053111/http://www.press.sk:80/index.php?option=content&task=view&id=1081&Itemid=,20080822053111,skip
http://www.press.sk:80/index.php?option=content&task=view&id=1082&Itemid=,https://web.archive.org/web/20080813144747/http://www.press.sk:80/index.php?option=content&task=view&id=1082&Itemid=,20080813144747,skip
http://www.press.sk:80/index.php?option=content&task=view&id=1082&Itemid=,https://web.archive.org/web/20080815161913/http://www.press.sk:80/index.php?option=content&task=view&id=1082&Itemid=,20080815161913,skip
http://www.press.sk:80/index.php?option=content&task=view&id=1082&Itemid=,https://web.archive.org/web/20080817012234/http://www.press.sk:80/index.php?option=content&task=view&id=1082&Itemid=,20080817012234,skip
http://www.press.sk:80/index.php?option=content&task=view&id=1082&Itemid=,https://web.archive.org/web/20080818124535/http://www.press.sk:80/index.php?option=content&task=view&id=1082&Itemid=,20080818124535,skip
http://www.press.sk:80/index.php?option=content&task=view&id=1082&Itemid=,https://web.archive.org/web/20080819214742/http://www.press.sk:80/index.php?option=content&task=view&id=1082&Itemid=,20080819214742,skip
http://www.press.sk:80/index.php?option=content&task=view&id=1082&Itemid=,https://web.archive.org/web/20080822053116/http://www.press.sk:80/index.php?option=content&task=view&id=1082&Itemid=,20080822053116,skip
http://www.press.sk:80/index.php?option=content&task=view&id=1082&Itemid=,https://web.archive.org/web/20080823130059/http://www.press.sk:80/index.php?option=content&task=view&id=1082&Itemid=,20080823130059,skip
http://www.press.sk:80/index.php?option=content&task=view&id=1082&Itemid=,https://web.archive.org/web/20080824213332/http://www.press.sk:80/index.php?option=content&task=view&id=1082&Itemid=,20080824213332,skip
http://www.press.sk:80/index.php?option=content&task=view&id=1082&Itemid=,https://web.archive.org/web/20080826053543/http://www.press.sk:80/index.php?option=content&task=view&id=1082&Itemid=,20080826053543,skip
http://www.press.sk:80/index.php?option=content&task=view&id=1082&Itemid=,https://web.archive.org/web/20080905150213/http://www.press.sk:80/index.php?option=content&task=view&id=1082&Itemid=,20080905150213,skip
http://www.press.sk:80/index.php?option=content&task=view&id=1082&Itemid=,https://web.archive.org/web/20080908060441/http://www.press.sk:80/index.php?option=content&task=view&id=1082&Itemid=,20080908060441,skip
http://www.press.sk:80/index.php?option=content&task=view&id=1082&Itemid=,https://web.archive.org/web/20080910072225/http://www.press.sk:80/index.php?option=content&task=view&id=1082&Itemid=,20080910072225,skip
http://www.press.sk:80/index.php?option=content&task=view&id=1082&Itemid=,https://web.archive.org/web/20080911234544/http://www.press.sk:80/index.php?option=content&task=view&id=1082&Itemid=,20080911234544,skip
http://www.press.sk:80/index.php?option=content&task=view&id=1083&Itemid=,https://web.archive.org/web/20080905210028/http://www.press.sk:80/index.php?option=content&task=view&id=1083&Itemid=,20080905210028,skip
http://www.press.sk:80/index.php?option=content&task=view&id=1083&Itemid=,https://web.archive.org/web/20080908060445/http://www.press.sk:80/index.php?option=content&task=view&id=1083&Itemid=,20080908060445,skip
http://www.press.sk:80/index.php?option=content&task=view&id=1083&Itemid=,https://web.archive.org/web/20080910072229/http://www.press.sk:80/index.php?option=content&task=view&id=1083&Itemid=,20080910072229,skip
http://www.press.sk:80/index.php?option=content&task=view&id=1083&Itemid=,https://web.archive.org/web/20080911234549/http://www.press.sk:80/index.php?option=content&task=view&id=1083&Itemid=,20080911234549,skip
http://www.press.sk:80/index.php?option=content&task=view&id=1087&Itemid=,https://web.archive.org/web/20080905210033/http://www.press.sk:80/index.php?option=content&task=view&id=1087&Itemid=,20080905210033,skip
http://www.press.sk:80/index.php?option=content&task=view&id=1087&Itemid=,https://web.archive.org/web/20080908060451/http://www.press.sk:80/index.php?option=content&task=view&id=1087&Itemid=,20080908060451,skip
http://www.press.sk:80/index.php?option=content&task=view&id=1087&Itemid=,https://web.archive.org/web/20080910072235/http://www.press.sk:80/index.php?option=content&task=view&id=1087&Itemid=,20080910072235,skip
http://www.press.sk:80/index.php?option=content&task=view&id=1087&Itemid=,https://web.archive.org/web/20080911234554/http://www.press.sk:80/index.php?option=content&task=view&id=1087&Itemid=,20080911234554,skip
http://www.press.sk:80/index.php?option=content&task=view&id=1088&Itemid=,https://web.archive.org/web/20080905210038/http://www.press.sk:80/index.php?option=content&task=view&id=1088&Itemid=,20080905210038,skip
http://www.press.sk:80/index.php?option=content&task=view&id=1088&Itemid=,https://web.archive.org/web/20080908060456/http://www.press.sk:80/index.php?option=content&task=view&id=1088&Itemid=,20080908060456,skip
http://www.press.sk:80/index.php?option=content&task=view&id=1088&Itemid=,https://web.archive.org/web/20080910072240/http://www.press.sk:80/index.php?option=content&task=view&id=1088&Itemid=,20080910072240,skip
http://www.press.sk:80/index.php?option=content&task=view&id=1088&Itemid=,https://web.archive.org/web/20080911234600/http://www.press.sk:80/index.php?option=content&task=view&id=1088&Itemid=,20080911234600,skip
http://www.press.sk:80/index.php?option=content&task=view&id=1090&Itemid=,https://web.archive.org/web/20080905210043/http://www.press.sk:80/index.php?option=content&task=view&id=1090&Itemid=,20080905210043,skip
http://www.press.sk:80/index.php?option=content&task=view&id=1090&Itemid=,https://web.archive.org/web/20080908060501/http://www.press.sk:80/index.php?option=content&task=view&id=1090&Itemid=,20080908060501,skip
http://www.press.sk:80/index.php?option=content&task=view&id=1090&Itemid=,https://web.archive.org/web/20080910072246/http://www.press.sk:80/index.php?option=content&task=view&id=1090&Itemid=,20080910072246,skip
http://www.press.sk:80/index.php?option=content&task=view&id=1090&Itemid=,https://web.archive.org/web/20080911234606/http://www.press.sk:80/index.php?option=content&task=view&id=1090&Itemid=,20080911234606,skip
http://www.press.sk:80/index.php?option=content&task=view&id=1091&Itemid=,https://web.archive.org/web/20080905210049/http://www.press.sk:80/index.php?option=content&task=view&id=1091&Itemid=,20080905210049,skip
http://www.press.sk:80/index.php?option=content&task=view&id=1091&Itemid=,https://web.archive.org/web/20080908060506/http://www.press.sk:80/index.php?option=content&task=view&id=1091&Itemid=,20080908060506,skip
http://www.press.sk:80/index.php?option=content&task=view&id=1091&Itemid=,https://web.archive.org/web/20080910072252/http://www.press.sk:80/index.php?option=content&task=view&id=1091&Itemid=,20080910072252,skip
http://www.press.sk:80/index.php?option=content&task=view&id=1091&Itemid=,https://web.archive.org/web/20080911234610/http://www.press.sk:80/index.php?option=content&task=view&id=1091&Itemid=,20080911234610,skip
http://www.press.sk:80/index.php?option=content&task=view&id=1092&Itemid=,https://web.archive.org/web/20080905210053/http://www.press.sk:80/index.php?option=content&task=view&id=1092&Itemid=,20080905210053,skip
http://www.press.sk:80/index.php?option=content&task=view&id=1092&Itemid=,https://web.archive.org/web/20080908060511/http://www.press.sk:80/index.php?option=content&task=view&id=1092&Itemid=,20080908060511,skip
http://www.press.sk:80/index.php?option=content&task=view&id=1092&Itemid=,https://web.archive.org/web/20080910072257/http://www.press.sk:80/index.php?option=content&task=view&id=1092&Itemid=,20080910072257,skip
http://www.press.sk:80/index.php?option=content&task=view&id=1092&Itemid=,https://web.archive.org/web/20080911234615/http://www.press.sk:80/index.php?option=content&task=view&id=1092&Itemid=,20080911234615,skip
http://www.press.sk:80/index.php?option=content&task=view&id=1093&Itemid=,https://web.archive.org/web/20080908060516/http://www.press.sk:80/index.php?option=content&task=view&id=1093&Itemid=,20080908060516,skip
http://www.press.sk:80/index.php?option=content&task=view&id=1094&Itemid=,https://web.archive.org/web/20080917012149/http://www.press.sk:80/index.php?option=content&task=view&id=1094&Itemid=,20080917012149,skip
http://www.press.sk:80/index.php?option=content&task=view&id=1101&Itemid=,https://web.archive.org/web/20080929214158/http://www.press.sk:80/index.php?option=content&task=view&id=1101&Itemid=,20080929214158,skip
http://www.press.sk:80/index.php?option=content&task=view&id=1102&Itemid=,https://web.archive.org/web/20080929214214/http://www.press.sk:80/index.php?option=content&task=view&id=1102&Itemid=,20080929214214,skip
http://www.press.sk:80/index.php?option=content&task=view&id=13&Itemid=36,https://web.archive.org/web/20080701094954/http://www.press.sk:80/index.php?option=content&task=view&id=13&Itemid=36,20080701094954,skip
http://www.press.sk:80/index.php?option=content&task=view&id=13&Itemid=36,https://web.archive.org/web/20080702113604/http://www.press.sk:80/index.php?option=content&task=view&id=13&Itemid=36,20080702113604,skip
http://www.press.sk:80/index.php?option=content&task=view&id=13&Itemid=36,https://web.archive.org/web/20080703175004/http://www.press.sk:80/index.php?option=content&task=view&id=13&Itemid=36,20080703175004,skip
http://www.press.sk:80/index.php?option=content&task=view&id=13&Itemid=36,https://web.archive.org/web/20080706202749/http://www.press.sk:80/index.php?option=content&task=view&id=13&Itemid=36,20080706202749,skip
http://www.press.sk:80/index.php?option=content&task=view&id=13&Itemid=36,https://web.archive.org/web/20080708221423/http://www.press.sk:80/index.php?option=content&task=view&id=13&Itemid=36,20080708221423,skip
http://www.press.sk:80/index.php?option=content&task=view&id=13&Itemid=36,https://web.archive.org/web/20080710010759/http://www.press.sk:80/index.php?option=content&task=view&id=13&Itemid=36,20080710010759,skip
http://www.press.sk:80/index.php?option=content&task=view&id=13&Itemid=36,https://web.archive.org/web/20080711031843/http://www.press.sk:80/index.php?option=content&task=view&id=13&Itemid=36,20080711031843,skip
http://www.press.sk:80/index.php?option=content&task=view&id=13&Itemid=36,https://web.archive.org/web/20080712041255/http://www.press.sk:80/index.php?option=content&task=view&id=13&Itemid=36,20080712041255,skip
http://www.press.sk:80/index.php?option=content&task=view&id=13&Itemid=36,https://web.archive.org/web/20080715171242/http://www.press.sk:80/index.php?option=content&task=view&id=13&Itemid=36,20080715171242,skip
http://www.press.sk:80/index.php?option=content&task=view&id=13&Itemid=36,https://web.archive.org/web/20080720211622/http://www.press.sk:80/index.php?option=content&task=view&id=13&Itemid=36,20080720211622,skip
http://www.press.sk:80/index.php?option=content&task=view&id=13&Itemid=36,https://web.archive.org/web/20080723183811/http://www.press.sk:80/index.php?option=content&task=view&id=13&Itemid=36,20080723183811,skip
http://www.press.sk:80/index.php?option=content&task=view&id=13&Itemid=36,https://web.archive.org/web/20080731190005/http://www.press.sk:80/index.php?option=content&task=view&id=13&Itemid=36,20080731190005,skip
http://www.press.sk:80/index.php?option=content&task=view&id=13&Itemid=36,https://web.archive.org/web/20080806143825/http://www.press.sk:80/index.php?option=content&task=view&id=13&Itemid=36,20080806143825,skip
http://www.press.sk:80/index.php?option=content&task=view&id=13&Itemid=36,https://web.archive.org/web/20080808131037/http://www.press.sk:80/index.php?option=content&task=view&id=13&Itemid=36,20080808131037,skip
http://www.press.sk:80/index.php?option=content&task=view&id=13&Itemid=36,https://web.archive.org/web/20080809184356/http://www.press.sk:80/index.php?option=content&task=view&id=13&Itemid=36,20080809184356,skip
http://www.press.sk.:80/index.php?option=content&task=view&id=13&Itemid=36,https://web.archive.org/web/20080811232728/http://www.press.sk.:80/index.php?option=content&task=view&id=13&Itemid=36,20080811232728,skip
http://www.press.sk:80/index.php?option=content&task=view&id=13&Itemid=36,https://web.archive.org/web/20080813122939/http://www.press.sk:80/index.php?option=content&task=view&id=13&Itemid=36,20080813122939,skip
http://www.press.sk:80/index.php?option=content&task=view&id=13&Itemid=36,https://web.archive.org/web/20080814163700/http://www.press.sk:80/index.php?option=content&task=view&id=13&Itemid=36,20080814163700,skip
http://www.press.sk:80/index.php?option=content&task=view&id=13&Itemid=36,https://web.archive.org/web/20080815183526/http://www.press.sk:80/index.php?option=content&task=view&id=13&Itemid=36,20080815183526,skip
http://www.press.sk:80/index.php?option=content&task=view&id=13&Itemid=36,https://web.archive.org/web/20080817011339/http://www.press.sk:80/index.php?option=content&task=view&id=13&Itemid=36,20080817011339,skip
http://www.press.sk:80/index.php?option=content&task=view&id=13&Itemid=36,https://web.archive.org/web/20080818101419/http://www.press.sk:80/index.php?option=content&task=view&id=13&Itemid=36,20080818101419,skip
http://www.press.sk:80/index.php?option=content&task=view&id=13&Itemid=36,https://web.archive.org/web/20080819214747/http://www.press.sk:80/index.php?option=content&task=view&id=13&Itemid=36,20080819214747,skip
http://www.press.sk:80/index.php?option=content&task=view&id=13&Itemid=36,https://web.archive.org/web/20080822044847/http://www.press.sk:80/index.php?option=content&task=view&id=13&Itemid=36,20080822044847,skip
http://www.press.sk:80/index.php?option=content&task=view&id=13&Itemid=36,https://web.archive.org/web/20080823130103/http://www.press.sk:80/index.php?option=content&task=view&id=13&Itemid=36,20080823130103,skip
http://www.press.sk:80/index.php?option=content&task=view&id=13&Itemid=36,https://web.archive.org/web/20080824214353/http://www.press.sk:80/index.php?option=content&task=view&id=13&Itemid=36,20080824214353,skip
http://www.press.sk:80/index.php?option=content&task=view&id=13&Itemid=36,https://web.archive.org/web/20080826053549/http://www.press.sk:80/index.php?option=content&task=view&id=13&Itemid=36,20080826053549,skip
http://www.press.sk:80/index.php?option=content&task=view&id=13&Itemid=36,https://web.archive.org/web/20080827150349/http://www.press.sk:80/index.php?option=content&task=view&id=13&Itemid=36,20080827150349,skip
http://www.press.sk:80/index.php?option=content&task=view&id=13&Itemid=36,https://web.archive.org/web/20080828221229/http://www.press.sk:80/index.php?option=content&task=view&id=13&Itemid=36,20080828221229,skip
http://www.press.sk:80/index.php?option=content&task=view&id=13&Itemid=36,https://web.archive.org/web/20080830211633/http://www.press.sk:80/index.php?option=content&task=view&id=13&Itemid=36,20080830211633,skip
http://www.press.sk:80/index.php?option=content&task=view&id=13&Itemid=36,https://web.archive.org/web/20080905150219/http://www.press.sk:80/index.php?option=content&task=view&id=13&Itemid=36,20080905150219,skip
http://www.press.sk:80/index.php?option=content&task=view&id=13&Itemid=36,https://web.archive.org/web/20080908034440/http://www.press.sk:80/index.php?option=content&task=view&id=13&Itemid=36,20080908034440,skip
http://www.press.sk:80/index.php?option=content&task=view&id=13&Itemid=36,https://web.archive.org/web/20080910072303/http://www.press.sk:80/index.php?option=content&task=view&id=13&Itemid=36,20080910072303,skip
http://www.press.sk:80/index.php?option=content&task=view&id=13&Itemid=36,https://web.archive.org/web/20080911234620/http://www.press.sk:80/index.php?option=content&task=view&id=13&Itemid=36,20080911234620,skip
http://www.press.sk:80/index.php?option=com_poll&task=results&id=17,https://web.archive.org/web/20080701092740/http://www.press.sk:80/index.php?option=com_poll&task=results&id=17,20080701092740,skip
http://www.press.sk:80/index.php?option=com_poll&task=results&id=17,https://web.archive.org/web/20080703161555/http://www.press.sk:80/index.php?option=com_poll&task=results&id=17,20080703161555,skip
http://www.press.sk:80/index.php?option=com_poll&task=results&id=17,https://web.archive.org/web/20080707225642/http://www.press.sk:80/index.php?option=com_poll&task=results&id=17,20080707225642,skip
http://www.press.sk:80/index.php?option=com_poll&task=results&id=17,https://web.archive.org/web/20080710150432/http://www.press.sk:80/index.php?option=com_poll&task=results&id=17,20080710150432,skip
http://www.press.sk:80/index.php?option=com_poll&task=results&id=17,https://web.archive.org/web/20080720205605/http://www.press.sk:80/index.php?option=com_poll&task=results&id=17,20080720205605,skip
http://www.press.sk:80/index.php?option=com_poll&task=results&id=17,https://web.archive.org/web/20080723183222/http://www.press.sk:80/index.php?option=com_poll&task=results&id=17,20080723183222,skip
http://www.press.sk:80/index.php?option=com_poll&task=results&id=17,https://web.archive.org/web/20080731185758/http://www.press.sk:80/index.php?option=com_poll&task=results&id=17,20080731185758,skip
http://www.press.sk:80/index.php?option=com_poll&task=results&id=17,https://web.archive.org/web/20080806143601/http://www.press.sk:80/index.php?option=com_poll&task=results&id=17,20080806143601,skip
http://www.press.sk.:80/index.php?option=com_poll&task=results&id=17,https://web.archive.org/web/20080812014013/http://www.press.sk.:80/index.php?option=com_poll&task=results&id=17,20080812014013,skip
http://www.press.sk:80/index.php?option=com_poll&task=results&id=17,https://web.archive.org/web/20080814163219/http://www.press.sk:80/index.php?option=com_poll&task=results&id=17,20080814163219,skip
http://www.press.sk:80/index.php?option=com_poll&task=results&id=17,https://web.archive.org/web/20080815183106/http://www.press.sk:80/index.php?option=com_poll&task=results&id=17,20080815183106,skip
http://www.press.sk:80/index.php?option=com_poll&task=results&id=17,https://web.archive.org/web/20080817011927/http://www.press.sk:80/index.php?option=com_poll&task=results&id=17,20080817011927,skip
http://www.press.sk:80/index.php?option=com_poll&task=results&id=17,https://web.archive.org/web/20080818101904/http://www.press.sk:80/index.php?option=com_poll&task=results&id=17,20080818101904,skip
http://www.press.sk:80/index.php?option=com_poll&task=results&id=17,https://web.archive.org/web/20080819214257/http://www.press.sk:80/index.php?option=com_poll&task=results&id=17,20080819214257,skip
http://www.press.sk:80/index.php?option=com_poll&task=results&id=17,https://web.archive.org/web/20080822052811/http://www.press.sk:80/index.php?option=com_poll&task=results&id=17,20080822052811,skip
http://www.press.sk:80/index.php?option=com_poll&task=results&id=17,https://web.archive.org/web/20080823124333/http://www.press.sk:80/index.php?option=com_poll&task=results&id=17,20080823124333,skip
http://www.press.sk:80/index.php?option=com_poll&task=results&id=17,https://web.archive.org/web/20080824212745/http://www.press.sk:80/index.php?option=com_poll&task=results&id=17,20080824212745,skip
http://www.press.sk:80/index.php?option=com_poll&task=results&id=17,https://web.archive.org/web/20080826053004/http://www.press.sk:80/index.php?option=com_poll&task=results&id=17,20080826053004,skip
http://www.press.sk:80/index.php?option=com_poll&task=results&id=17,https://web.archive.org/web/20080827150027/http://www.press.sk:80/index.php?option=com_poll&task=results&id=17,20080827150027,skip
http://www.press.sk:80/index.php?option=com_poll&task=results&id=17,https://web.archive.org/web/20080905145900/http://www.press.sk:80/index.php?option=com_poll&task=results&id=17,20080905145900,skip
http://www.press.sk:80/index.php?option=com_poll&task=results&id=17,https://web.archive.org/web/20080908060215/http://www.press.sk:80/index.php?option=com_poll&task=results&id=17,20080908060215,skip
http://www.press.sk:80/index.php?option=com_poll&task=results&id=17,https://web.archive.org/web/20080910071909/http://www.press.sk:80/index.php?option=com_poll&task=results&id=17,20080910071909,skip
http://www.press.sk:80/index.php?option=com_poll&task=results&id=17,https://web.archive.org/web/20080911234228/http://www.press.sk:80/index.php?option=com_poll&task=results&id=17,20080911234228,skip
http://www.press.sk:80/index.php?option=content&task=blogsection&id=2,https://web.archive.org/web/20080701054536/http://www.press.sk:80/index.php?option=content&task=blogsection&id=2,20080701054536,skip
http://www.press.sk:80/index.php?option=content&task=blogsection&id=2,https://web.archive.org/web/20080702063342/http://www.press.sk:80/index.php?option=content&task=blogsection&id=2,20080702063342,skip
http://www.press.sk:80/index.php?option=content&task=blogsection&id=2,https://web.archive.org/web/20080703110331/http://www.press.sk:80/index.php?option=content&task=blogsection&id=2,20080703110331,skip
http://www.press.sk:80/index.php?option=content&task=blogsection&id=2,https://web.archive.org/web/20080704113140/http://www.press.sk:80/index.php?option=content&task=blogsection&id=2,20080704113140,skip
http://www.press.sk:80/index.php?option=content&task=blogsection&id=2,https://web.archive.org/web/20080706152233/http://www.press.sk:80/index.php?option=content&task=blogsection&id=2,20080706152233,skip
http://www.press.sk:80/index.php?option=content&task=blogsection&id=2,https://web.archive.org/web/20080707160529/http://www.press.sk:80/index.php?option=content&task=blogsection&id=2,20080707160529,skip
http://www.press.sk:80/index.php?option=content&task=blogsection&id=2,https://web.archive.org/web/20080708221408/http://www.press.sk:80/index.php?option=content&task=blogsection&id=2,20080708221408,skip
http://www.press.sk:80/index.php?option=content&task=blogsection&id=2,https://web.archive.org/web/20080710010738/http://www.press.sk:80/index.php?option=content&task=blogsection&id=2,20080710010738,skip
http://www.press.sk:80/index.php?option=content&task=blogsection&id=2,https://web.archive.org/web/20080711031954/http://www.press.sk:80/index.php?option=content&task=blogsection&id=2,20080711031954,skip
http://www.press.sk:80/index.php?option=content&task=blogsection&id=2,https://web.archive.org/web/20080712040959/http://www.press.sk:80/index.php?option=content&task=blogsection&id=2,20080712040959,skip
http://www.press.sk:80/index.php?option=content&task=blogsection&id=2,https://web.archive.org/web/20080715171208/http://www.press.sk:80/index.php?option=content&task=blogsection&id=2,20080715171208,skip
http://www.press.sk:80/index.php?option=content&task=blogsection&id=2,https://web.archive.org/web/20080720205633/http://www.press.sk:80/index.php?option=content&task=blogsection&id=2,20080720205633,skip
http://www.press.sk:80/index.php?option=content&task=blogsection&id=2,https://web.archive.org/web/20080723183229/http://www.press.sk:80/index.php?option=content&task=blogsection&id=2,20080723183229,skip
http://www.press.sk:80/index.php?option=content&task=blogsection&id=2,https://web.archive.org/web/20080731185816/http://www.press.sk:80/index.php?option=content&task=blogsection&id=2,20080731185816,skip
http://www.press.sk:80/index.php?option=content&task=blogsection&id=2,https://web.archive.org/web/20080806143630/http://www.press.sk:80/index.php?option=content&task=blogsection&id=2,20080806143630,skip
http://www.press.sk:80/index.php?option=content&task=blogsection&id=2,https://web.archive.org/web/20080808121024/http://www.press.sk:80/index.php?option=content&task=blogsection&id=2,20080808121024,skip
http://www.press.sk:80/index.php?option=content&task=blogsection&id=2,https://web.archive.org/web/20080809183707/http://www.press.sk:80/index.php?option=content&task=blogsection&id=2,20080809183707,skip
http://www.press.sk.:80/index.php?option=content&task=blogsection&id=2,https://web.archive.org/web/20080811232652/http://www.press.sk.:80/index.php?option=content&task=blogsection&id=2,20080811232652,skip
http://www.press.sk:80/index.php?option=content&task=blogsection&id=2,https://web.archive.org/web/20080813122859/http://www.press.sk:80/index.php?option=content&task=blogsection&id=2,20080813122859,skip
http://www.press.sk:80/index.php?option=content&task=blogsection&id=2,https://web.archive.org/web/20080814165341/http://www.press.sk:80/index.php?option=content&task=blogsection&id=2,20080814165341,skip
http://www.press.sk:80/index.php?option=content&task=blogsection&id=2,https://web.archive.org/web/20080815183204/http://www.press.sk:80/index.php?option=content&task=blogsection&id=2,20080815183204,skip
http://www.press.sk:80/index.php?option=content&task=blogsection&id=2,https://web.archive.org/web/20080817011303/http://www.press.sk:80/index.php?option=content&task=blogsection&id=2,20080817011303,skip
http://www.press.sk:80/index.php?option=content&task=blogsection&id=2,https://web.archive.org/web/20080818101926/http://www.press.sk:80/index.php?option=content&task=blogsection&id=2,20080818101926,skip
http://www.press.sk:80/index.php?option=content&task=blogsection&id=2,https://web.archive.org/web/20080819214327/http://www.press.sk:80/index.php?option=content&task=blogsection&id=2,20080819214327,skip
http://www.press.sk:80/index.php?option=content&task=blogsection&id=2,https://web.archive.org/web/20080822044811/http://www.press.sk:80/index.php?option=content&task=blogsection&id=2,20080822044811,skip
http://www.press.sk:80/index.php?option=content&task=blogsection&id=2,https://web.archive.org/web/20080823124815/http://www.press.sk:80/index.php?option=content&task=blogsection&id=2,20080823124815,skip
http://www.press.sk:80/index.php?option=content&task=blogsection&id=2,https://web.archive.org/web/20080824212813/http://www.press.sk:80/index.php?option=content&task=blogsection&id=2,20080824212813,skip
http://www.press.sk:80/index.php?option=content&task=blogsection&id=2,https://web.archive.org/web/20080826053233/http://www.press.sk:80/index.php?option=content&task=blogsection&id=2,20080826053233,skip
http://www.press.sk:80/index.php?option=content&task=blogsection&id=2,https://web.archive.org/web/20080827150053/http://www.press.sk:80/index.php?option=content&task=blogsection&id=2,20080827150053,skip
http://www.press.sk:80/index.php?option=content&task=blogsection&id=2,https://web.archive.org/web/20080828221154/http://www.press.sk:80/index.php?option=content&task=blogsection&id=2,20080828221154,skip
http://www.press.sk:80/index.php?option=content&task=blogsection&id=2,https://web.archive.org/web/20080830211557/http://www.press.sk:80/index.php?option=content&task=blogsection&id=2,20080830211557,skip
http://www.press.sk:80/index.php?option=content&task=blogsection&id=2,https://web.archive.org/web/20080905145928/http://www.press.sk:80/index.php?option=content&task=blogsection&id=2,20080905145928,skip
http://www.press.sk:80/index.php?option=content&task=blogsection&id=2,https://web.archive.org/web/20080908034410/http://www.press.sk:80/index.php?option=content&task=blogsection&id=2,20080908034410,skip
http://www.press.sk:80/index.php?option=content&task=blogsection&id=2,https://web.archive.org/web/20080910071936/http://www.press.sk:80/index.php?option=content&task=blogsection&id=2,20080910071936,skip
http://www.press.sk:80/index.php?option=content&task=blogsection&id=2,https://web.archive.org/web/20080911234249/http://www.press.sk:80/index.php?option=content&task=blogsection&id=2,20080911234249,skip
http://www.press.sk:80/index.php?option=content&task=view&id=26&Itemid=33,https://web.archive.org/web/20080913123410/http://www.press.sk:80/index.php?option=content&task=view&id=26&Itemid=33,20080913123410,skip
http://www.press.sk:80/index.php?option=content&task=blogsection&id=4,https://web.archive.org/web/20080701092754/http://www.press.sk:80/index.php?option=content&task=blogsection&id=4,20080701092754,skip
http://www.press.sk:80/index.php?option=content&task=blogsection&id=4,https://web.archive.org/web/20080702113553/http://www.press.sk:80/index.php?option=content&task=blogsection&id=4,20080702113553,skip
http://www.press.sk:80/index.php?option=content&task=blogsection&id=4,https://web.archive.org/web/20080703174854/http://www.press.sk:80/index.php?option=content&task=blogsection&id=4,20080703174854,skip
http://www.press.sk:80/index.php?option=content&task=blogsection&id=4,https://web.archive.org/web/20080705193649/http://www.press.sk:80/index.php?option=content&task=blogsection&id=4,20080705193649,skip
http://www.press.sk:80/index.php?option=content&task=blogsection&id=4,https://web.archive.org/web/20080706202546/http://www.press.sk:80/index.php?option=content&task=blogsection&id=4,20080706202546,skip
http://www.press.sk:80/index.php?option=content&task=blogsection&id=4,https://web.archive.org/web/20080708221413/http://www.press.sk:80/index.php?option=content&task=blogsection&id=4,20080708221413,skip
http://www.press.sk:80/index.php?option=content&task=blogsection&id=4,https://web.archive.org/web/20080710010744/http://www.press.sk:80/index.php?option=content&task=blogsection&id=4,20080710010744,skip
http://www.press.sk:80/index.php?option=content&task=blogsection&id=4,https://web.archive.org/web/20080711032000/http://www.press.sk:80/index.php?option=content&task=blogsection&id=4,20080711032000,skip
http://www.press.sk:80/index.php?option=content&task=blogsection&id=4,https://web.archive.org/web/20080712041004/http://www.press.sk:80/index.php?option=content&task=blogsection&id=4,20080712041004,skip
http://www.press.sk:80/index.php?option=content&task=blogsection&id=4,https://web.archive.org/web/20080715171213/http://www.press.sk:80/index.php?option=content&task=blogsection&id=4,20080715171213,skip
http://www.press.sk:80/index.php?option=content&task=blogsection&id=4,https://web.archive.org/web/20080720205640/http://www.press.sk:80/index.php?option=content&task=blogsection&id=4,20080720205640,skip
http://www.press.sk:80/index.php?option=content&task=blogsection&id=4,https://web.archive.org/web/20080723183614/http://www.press.sk:80/index.php?option=content&task=blogsection&id=4,20080723183614,skip
http://www.press.sk:80/index.php?option=content&task=blogsection&id=4,https://web.archive.org/web/20080731191327/http://www.press.sk:80/index.php?option=content&task=blogsection&id=4,20080731191327,skip
http://www.press.sk:80/index.php?option=content&task=blogsection&id=4,https://web.archive.org/web/20080806143634/http://www.press.sk:80/index.php?option=content&task=blogsection&id=4,20080806143634,skip
http://www.press.sk:80/index.php?option=content&task=blogsection&id=4,https://web.archive.org/web/20080808121106/http://www.press.sk:80/index.php?option=content&task=blogsection&id=4,20080808121106,skip
http://www.press.sk:80/index.php?option=content&task=blogsection&id=4,https://web.archive.org/web/20080809184323/http://www.press.sk:80/index.php?option=content&task=blogsection&id=4,20080809184323,skip
http://www.press.sk.:80/index.php?option=content&task=blogsection&id=4,https://web.archive.org/web/20080811232659/http://www.press.sk.:80/index.php?option=content&task=blogsection&id=4,20080811232659,skip
http://www.press.sk:80/index.php?option=content&task=blogsection&id=4,https://web.archive.org/web/20080813122908/http://www.press.sk:80/index.php?option=content&task=blogsection&id=4,20080813122908,skip
http://www.press.sk:80/index.php?option=content&task=blogsection&id=4,https://web.archive.org/web/20080814163242/http://www.press.sk:80/index.php?option=content&task=blogsection&id=4,20080814163242,skip
http://www.press.sk:80/index.php?option=content&task=blogsection&id=4,https://web.archive.org/web/20080815183210/http://www.press.sk:80/index.php?option=content&task=blogsection&id=4,20080815183210,skip
http://www.press.sk:80/index.php?option=content&task=blogsection&id=4,https://web.archive.org/web/20080817011310/http://www.press.sk:80/index.php?option=content&task=blogsection&id=4,20080817011310,skip
http://www.press.sk:80/index.php?option=content&task=blogsection&id=4,https://web.archive.org/web/20080818101934/http://www.press.sk:80/index.php?option=content&task=blogsection&id=4,20080818101934,skip
http://www.press.sk:80/index.php?option=content&task=blogsection&id=4,https://web.archive.org/web/20080819214332/http://www.press.sk:80/index.php?option=content&task=blogsection&id=4,20080819214332,skip
http://www.press.sk:80/index.php?option=content&task=blogsection&id=4,https://web.archive.org/web/20080822044817/http://www.press.sk:80/index.php?option=content&task=blogsection&id=4,20080822044817,skip
http://www.press.sk:80/index.php?option=content&task=blogsection&id=4,https://web.archive.org/web/20080823124820/http://www.press.sk:80/index.php?option=content&task=blogsection&id=4,20080823124820,skip
http://www.press.sk:80/index.php?option=content&task=blogsection&id=4,https://web.archive.org/web/20080824212819/http://www.press.sk:80/index.php?option=content&task=blogsection&id=4,20080824212819,skip
http://www.press.sk:80/index.php?option=content&task=blogsection&id=4,https://web.archive.org/web/20080826053239/http://www.press.sk:80/index.php?option=content&task=blogsection&id=4,20080826053239,skip
http://www.press.sk:80/index.php?option=content&task=blogsection&id=4,https://web.archive.org/web/20080827150100/http://www.press.sk:80/index.php?option=content&task=blogsection&id=4,20080827150100,skip
http://www.press.sk:80/index.php?option=content&task=blogsection&id=4,https://web.archive.org/web/20080828221200/http://www.press.sk:80/index.php?option=content&task=blogsection&id=4,20080828221200,skip
http://www.press.sk:80/index.php?option=content&task=blogsection&id=4,https://web.archive.org/web/20080830211603/http://www.press.sk:80/index.php?option=content&task=blogsection&id=4,20080830211603,skip
http://www.press.sk:80/index.php?option=content&task=blogsection&id=4,https://web.archive.org/web/20080905145935/http://www.press.sk:80/index.php?option=content&task=blogsection&id=4,20080905145935,skip
http://www.press.sk:80/index.php?option=content&task=blogsection&id=4,https://web.archive.org/web/20080908034415/http://www.press.sk:80/index.php?option=content&task=blogsection&id=4,20080908034415,skip
http://www.press.sk:80/index.php?option=content&task=blogsection&id=4,https://web.archive.org/web/20080910071941/http://www.press.sk:80/index.php?option=content&task=blogsection&id=4,20080910071941,skip
http://www.press.sk:80/index.php?option=content&task=blogsection&id=4,https://web.archive.org/web/20080911234255/http://www.press.sk:80/index.php?option=content&task=blogsection&id=4,20080911234255,skip
http://www.press.sk:80/index.php?option=content&task=blogsection&id=5,https://web.archive.org/web/20080701054549/http://www.press.sk:80/index.php?option=content&task=blogsection&id=5,20080701054549,skip
http://www.press.sk:80/index.php?option=content&task=blogsection&id=5,https://web.archive.org/web/20080702063349/http://www.press.sk:80/index.php?option=content&task=blogsection&id=5,20080702063349,skip
http://www.press.sk:80/index.php?option=content&task=blogsection&id=5,https://web.archive.org/web/20080703110353/http://www.press.sk:80/index.php?option=content&task=blogsection&id=5,20080703110353,skip
http://www.press.sk:80/index.php?option=content&task=blogsection&id=5,https://web.archive.org/web/20080704113229/http://www.press.sk:80/index.php?option=content&task=blogsection&id=5,20080704113229,skip
http://www.press.sk:80/index.php?option=content&task=blogsection&id=5,https://web.archive.org/web/20080706152255/http://www.press.sk:80/index.php?option=content&task=blogsection&id=5,20080706152255,skip
http://www.press.sk:80/index.php?option=content&task=blogsection&id=5,https://web.archive.org/web/20080707160539/http://www.press.sk:80/index.php?option=content&task=blogsection&id=5,20080707160539,skip
http://www.press.sk:80/index.php?option=content&task=blogsection&id=5,https://web.archive.org/web/20080708220928/http://www.press.sk:80/index.php?option=content&task=blogsection&id=5,20080708220928,skip
http://www.press.sk:80/index.php?option=content&task=blogsection&id=5,https://web.archive.org/web/20080710010618/http://www.press.sk:80/index.php?option=content&task=blogsection&id=5,20080710010618,skip
http://www.press.sk:80/index.php?option=content&task=blogsection&id=5,https://web.archive.org/web/20080711031833/http://www.press.sk:80/index.php?option=content&task=blogsection&id=5,20080711031833,skip
http://www.press.sk:80/index.php?option=content&task=blogsection&id=5,https://web.archive.org/web/20080712041009/http://www.press.sk:80/index.php?option=content&task=blogsection&id=5,20080712041009,skip
http://www.press.sk:80/index.php?option=content&task=blogsection&id=5,https://web.archive.org/web/20080715171218/http://www.press.sk:80/index.php?option=content&task=blogsection&id=5,20080715171218,skip
http://www.press.sk:80/index.php?option=content&task=blogsection&id=5,https://web.archive.org/web/20080720205644/http://www.press.sk:80/index.php?option=content&task=blogsection&id=5,20080720205644,skip
http://www.press.sk:80/index.php?option=content&task=blogsection&id=5,https://web.archive.org/web/20080723183235/http://www.press.sk:80/index.php?option=content&task=blogsection&id=5,20080723183235,skip
http://www.press.sk:80/index.php?option=content&task=blogsection&id=5,https://web.archive.org/web/20080731185823/http://www.press.sk:80/index.php?option=content&task=blogsection&id=5,20080731185823,skip
http://www.press.sk:80/index.php?option=content&task=blogsection&id=5,https://web.archive.org/web/20080806143640/http://www.press.sk:80/index.php?option=content&task=blogsection&id=5,20080806143640,skip
http://www.press.sk:80/index.php?option=content&task=blogsection&id=5,https://web.archive.org/web/20080808121110/http://www.press.sk:80/index.php?option=content&task=blogsection&id=5,20080808121110,skip
http://www.press.sk:80/index.php?option=content&task=blogsection&id=5,https://web.archive.org/web/20080809184328/http://www.press.sk:80/index.php?option=content&task=blogsection&id=5,20080809184328,skip
http://www.press.sk.:80/index.php?option=content&task=blogsection&id=5,https://web.archive.org/web/20080811232705/http://www.press.sk.:80/index.php?option=content&task=blogsection&id=5,20080811232705,skip
http://www.press.sk:80/index.php?option=content&task=blogsection&id=5,https://web.archive.org/web/20080813122912/http://www.press.sk:80/index.php?option=content&task=blogsection&id=5,20080813122912,skip
http://www.press.sk:80/index.php?option=content&task=blogsection&id=5,https://web.archive.org/web/20080814163249/http://www.press.sk:80/index.php?option=content&task=blogsection&id=5,20080814163249,skip
http://www.press.sk:80/index.php?option=content&task=blogsection&id=5,https://web.archive.org/web/20080815183215/http://www.press.sk:80/index.php?option=content&task=blogsection&id=5,20080815183215,skip
http://www.press.sk:80/index.php?option=content&task=blogsection&id=5,https://web.archive.org/web/20080817011312/http://www.press.sk:80/index.php?option=content&task=blogsection&id=5,20080817011312,skip
http://www.press.sk:80/index.php?option=content&task=blogsection&id=5,https://web.archive.org/web/20080818101940/http://www.press.sk:80/index.php?option=content&task=blogsection&id=5,20080818101940,skip
http://www.press.sk:80/index.php?option=content&task=blogsection&id=5,https://web.archive.org/web/20080819214337/http://www.press.sk:80/index.php?option=content&task=blogsection&id=5,20080819214337,skip
http://www.press.sk:80/index.php?option=content&task=blogsection&id=5,https://web.archive.org/web/20080822044823/http://www.press.sk:80/index.php?option=content&task=blogsection&id=5,20080822044823,skip
http://www.press.sk:80/index.php?option=content&task=blogsection&id=5,https://web.archive.org/web/20080823124826/http://www.press.sk:80/index.php?option=content&task=blogsection&id=5,20080823124826,skip
http://www.press.sk:80/index.php?option=content&task=blogsection&id=5,https://web.archive.org/web/20080824212823/http://www.press.sk:80/index.php?option=content&task=blogsection&id=5,20080824212823,skip
http://www.press.sk:80/index.php?option=content&task=blogsection&id=5,https://web.archive.org/web/20080826053243/http://www.press.sk:80/index.php?option=content&task=blogsection&id=5,20080826053243,skip
http://www.press.sk:80/index.php?option=content&task=blogsection&id=5,https://web.archive.org/web/20080827150103/http://www.press.sk:80/index.php?option=content&task=blogsection&id=5,20080827150103,skip
http://www.press.sk:80/index.php?option=content&task=blogsection&id=5,https://web.archive.org/web/20080828221204/http://www.press.sk:80/index.php?option=content&task=blogsection&id=5,20080828221204,skip
http://www.press.sk:80/index.php?option=content&task=blogsection&id=5,https://web.archive.org/web/20080830211608/http://www.press.sk:80/index.php?option=content&task=blogsection&id=5,20080830211608,skip
http://www.press.sk:80/index.php?option=content&task=blogsection&id=5,https://web.archive.org/web/20080905145938/http://www.press.sk:80/index.php?option=content&task=blogsection&id=5,20080905145938,skip
http://www.press.sk:80/index.php?option=content&task=blogsection&id=5,https://web.archive.org/web/20080908034420/http://www.press.sk:80/index.php?option=content&task=blogsection&id=5,20080908034420,skip
http://www.press.sk:80/index.php?option=content&task=blogsection&id=5,https://web.archive.org/web/20080910071946/http://www.press.sk:80/index.php?option=content&task=blogsection&id=5,20080910071946,skip
http://www.press.sk:80/index.php?option=content&task=blogsection&id=5,https://web.archive.org/web/20080911234301/http://www.press.sk:80/index.php?option=content&task=blogsection&id=5,20080911234301,skip
http://www.press.sk:80/index.php?option=content&task=view&id=548,https://web.archive.org/web/20080913123415/http://www.press.sk:80/index.php?option=content&task=view&id=548,20080913123415,skip
http://www.press.sk:80/index.php?option=content&task=view&id=550,https://web.archive.org/web/20080927094913/http://www.press.sk:80/index.php?option=content&task=view&id=550,20080927094913,skip
http://www.press.sk:80/index.php?option=content&task=blogsection&id=6,https://web.archive.org/web/20080701092759/http://www.press.sk:80/index.php?option=content&task=blogsection&id=6,20080701092759,skip
http://www.press.sk:80/index.php?option=content&task=blogsection&id=6,https://web.archive.org/web/20080702113600/http://www.press.sk:80/index.php?option=content&task=blogsection&id=6,20080702113600,skip
http://www.press.sk:80/index.php?option=content&task=blogsection&id=6,https://web.archive.org/web/20080703174859/http://www.press.sk:80/index.php?option=content&task=blogsection&id=6,20080703174859,skip
http://www.press.sk:80/index.php?option=content&task=blogsection&id=6,https://web.archive.org/web/20080705193844/http://www.press.sk:80/index.php?option=content&task=blogsection&id=6,20080705193844,skip
http://www.press.sk:80/index.php?option=content&task=blogsection&id=6,https://web.archive.org/web/20080706202559/http://www.press.sk:80/index.php?option=content&task=blogsection&id=6,20080706202559,skip
http://www.press.sk:80/index.php?option=content&task=blogsection&id=6,https://web.archive.org/web/20080708220933/http://www.press.sk:80/index.php?option=content&task=blogsection&id=6,20080708220933,skip
http://www.press.sk:80/index.php?option=content&task=blogsection&id=6,https://web.archive.org/web/20080710010624/http://www.press.sk:80/index.php?option=content&task=blogsection&id=6,20080710010624,skip
http://www.press.sk:80/index.php?option=content&task=blogsection&id=6,https://web.archive.org/web/20080711032006/http://www.press.sk:80/index.php?option=content&task=blogsection&id=6,20080711032006,skip
http://www.press.sk:80/index.php?option=content&task=blogsection&id=6,https://web.archive.org/web/20080712041014/http://www.press.sk:80/index.php?option=content&task=blogsection&id=6,20080712041014,skip
http://www.press.sk:80/index.php?option=content&task=blogsection&id=6,https://web.archive.org/web/20080715171222/http://www.press.sk:80/index.php?option=content&task=blogsection&id=6,20080715171222,skip
http://www.press.sk:80/index.php?option=content&task=blogsection&id=6,https://web.archive.org/web/20080720205648/http://www.press.sk:80/index.php?option=content&task=blogsection&id=6,20080720205648,skip
http://www.press.sk:80/index.php?option=content&task=blogsection&id=6,https://web.archive.org/web/20080723183620/http://www.press.sk:80/index.php?option=content&task=blogsection&id=6,20080723183620,skip
http://www.press.sk:80/index.php?option=content&task=blogsection&id=6,https://web.archive.org/web/20080731185825/http://www.press.sk:80/index.php?option=content&task=blogsection&id=6,20080731185825,skip
http://www.press.sk:80/index.php?option=content&task=blogsection&id=6,https://web.archive.org/web/20080806143645/http://www.press.sk:80/index.php?option=content&task=blogsection&id=6,20080806143645,skip
http://www.press.sk:80/index.php?option=content&task=blogsection&id=6,https://web.archive.org/web/20080808130824/http://www.press.sk:80/index.php?option=content&task=blogsection&id=6,20080808130824,skip
http://www.press.sk:80/index.php?option=content&task=blogsection&id=6,https://web.archive.org/web/20080809184333/http://www.press.sk:80/index.php?option=content&task=blogsection&id=6,20080809184333,skip
http://www.press.sk.:80/index.php?option=content&task=blogsection&id=6,https://web.archive.org/web/20080811232708/http://www.press.sk.:80/index.php?option=content&task=blogsection&id=6,20080811232708,skip
http://www.press.sk:80/index.php?option=content&task=blogsection&id=6,https://web.archive.org/web/20080813122921/http://www.press.sk:80/index.php?option=content&task=blogsection&id=6,20080813122921,skip
http://www.press.sk:80/index.php?option=content&task=blogsection&id=6,https://web.archive.org/web/20080814163254/http://www.press.sk:80/index.php?option=content&task=blogsection&id=6,20080814163254,skip
http://www.press.sk:80/index.php?option=content&task=blogsection&id=6,https://web.archive.org/web/20080815183219/http://www.press.sk:80/index.php?option=content&task=blogsection&id=6,20080815183219,skip
http://www.press.sk:80/index.php?option=content&task=blogsection&id=6,https://web.archive.org/web/20080817011320/http://www.press.sk:80/index.php?option=content&task=blogsection&id=6,20080817011320,skip
http://www.press.sk:80/index.php?option=content&task=blogsection&id=6,https://web.archive.org/web/20080818101943/http://www.press.sk:80/index.php?option=content&task=blogsection&id=6,20080818101943,skip
http://www.press.sk:80/index.php?option=content&task=blogsection&id=6,https://web.archive.org/web/20080819214344/http://www.press.sk:80/index.php?option=content&task=blogsection&id=6,20080819214344,skip
http://www.press.sk:80/index.php?option=content&task=blogsection&id=6,https://web.archive.org/web/20080822044828/http://www.press.sk:80/index.php?option=content&task=blogsection&id=6,20080822044828,skip
http://www.press.sk:80/index.php?option=content&task=blogsection&id=6,https://web.archive.org/web/20080823124832/http://www.press.sk:80/index.php?option=content&task=blogsection&id=6,20080823124832,skip
http://www.press.sk:80/index.php?option=content&task=blogsection&id=6,https://web.archive.org/web/20080824212828/http://www.press.sk:80/index.php?option=content&task=blogsection&id=6,20080824212828,skip
http://www.press.sk:80/index.php?option=content&task=blogsection&id=6,https://web.archive.org/web/20080826053249/http://www.press.sk:80/index.php?option=content&task=blogsection&id=6,20080826053249,skip
http://www.press.sk:80/index.php?option=content&task=blogsection&id=6,https://web.archive.org/web/20080827150108/http://www.press.sk:80/index.php?option=content&task=blogsection&id=6,20080827150108,skip
http://www.press.sk:80/index.php?option=content&task=blogsection&id=6,https://web.archive.org/web/20080828221209/http://www.press.sk:80/index.php?option=content&task=blogsection&id=6,20080828221209,skip
http://www.press.sk:80/index.php?option=content&task=blogsection&id=6,https://web.archive.org/web/20080830211613/http://www.press.sk:80/index.php?option=content&task=blogsection&id=6,20080830211613,skip
http://www.press.sk:80/index.php?option=content&task=blogsection&id=6,https://web.archive.org/web/20080905145943/http://www.press.sk:80/index.php?option=content&task=blogsection&id=6,20080905145943,skip
http://www.press.sk:80/index.php?option=content&task=blogsection&id=6,https://web.archive.org/web/20080908034426/http://www.press.sk:80/index.php?option=content&task=blogsection&id=6,20080908034426,skip
http://www.press.sk:80/index.php?option=content&task=blogsection&id=6,https://web.archive.org/web/20080910071951/http://www.press.sk:80/index.php?option=content&task=blogsection&id=6,20080910071951,skip
http://www.press.sk:80/index.php?option=content&task=blogsection&id=6,https://web.archive.org/web/20080911234305/http://www.press.sk:80/index.php?option=content&task=blogsection&id=6,20080911234305,skip
http://www.press.sk:80/index.php?option=content&task=view&id=614,https://web.archive.org/web/20080701094959/http://www.press.sk:80/index.php?option=content&task=view&id=614,20080701094959,skip
http://www.press.sk:80/index.php?option=content&task=view&id=614,https://web.archive.org/web/20080702113659/http://www.press.sk:80/index.php?option=content&task=view&id=614,20080702113659,skip
http://www.press.sk:80/index.php?option=content&task=view&id=614,https://web.archive.org/web/20080703162905/http://www.press.sk:80/index.php?option=content&task=view&id=614,20080703162905,skip
http://www.press.sk:80/index.php?option=content&task=view&id=614,https://web.archive.org/web/20080706202404/http://www.press.sk:80/index.php?option=content&task=view&id=614,20080706202404,skip
http://www.press.sk:80/index.php?option=content&task=view&id=614,https://web.archive.org/web/20080708221045/http://www.press.sk:80/index.php?option=content&task=view&id=614,20080708221045,skip
http://www.press.sk:80/index.php?option=content&task=view&id=614,https://web.archive.org/web/20080710010628/http://www.press.sk:80/index.php?option=content&task=view&id=614,20080710010628,skip
http://www.press.sk:80/index.php?option=content&task=view&id=614,https://web.archive.org/web/20080711032014/http://www.press.sk:80/index.php?option=content&task=view&id=614,20080711032014,skip
http://www.press.sk:80/index.php?option=content&task=view&id=614,https://web.archive.org/web/20080712041300/http://www.press.sk:80/index.php?option=content&task=view&id=614,20080712041300,skip
http://www.press.sk:80/index.php?option=content&task=view&id=614,https://web.archive.org/web/20080715171247/http://www.press.sk:80/index.php?option=content&task=view&id=614,20080715171247,skip
http://www.press.sk:80/index.php?option=content&task=view&id=614,https://web.archive.org/web/20080720211626/http://www.press.sk:80/index.php?option=content&task=view&id=614,20080720211626,skip
http://www.press.sk:80/index.php?option=content&task=view&id=614,https://web.archive.org/web/20080723183813/http://www.press.sk:80/index.php?option=content&task=view&id=614,20080723183813,skip
http://www.press.sk:80/index.php?option=content&task=view&id=614,https://web.archive.org/web/20080731190008/http://www.press.sk:80/index.php?option=content&task=view&id=614,20080731190008,skip
http://www.press.sk:80/index.php?option=content&task=view&id=614,https://web.archive.org/web/20080806143828/http://www.press.sk:80/index.php?option=content&task=view&id=614,20080806143828,skip
http://www.press.sk:80/index.php?option=content&task=view&id=614,https://web.archive.org/web/20080808131046/http://www.press.sk:80/index.php?option=content&task=view&id=614,20080808131046,skip
http://www.press.sk:80/index.php?option=content&task=view&id=614,https://web.archive.org/web/20080809184401/http://www.press.sk:80/index.php?option=content&task=view&id=614,20080809184401,skip
http://www.press.sk.:80/index.php?option=content&task=view&id=614,https://web.archive.org/web/20080811232733/http://www.press.sk.:80/index.php?option=content&task=view&id=614,20080811232733,skip
http://www.press.sk:80/index.php?option=content&task=view&id=614,https://web.archive.org/web/20080813123500/http://www.press.sk:80/index.php?option=content&task=view&id=614,20080813123500,skip
http://www.press.sk:80/index.php?option=content&task=view&id=614,https://web.archive.org/web/20080814163705/http://www.press.sk:80/index.php?option=content&task=view&id=614,20080814163705,skip
http://www.press.sk:80/index.php?option=content&task=view&id=614,https://web.archive.org/web/20080815183531/http://www.press.sk:80/index.php?option=content&task=view&id=614,20080815183531,skip
http://www.press.sk:80/index.php?option=content&task=view&id=614,https://web.archive.org/web/20080817011344/http://www.press.sk:80/index.php?option=content&task=view&id=614,20080817011344,skip
http://www.press.sk:80/index.php?option=content&task=view&id=614,https://web.archive.org/web/20080818102412/http://www.press.sk:80/index.php?option=content&task=view&id=614,20080818102412,skip
http://www.press.sk:80/index.php?option=content&task=view&id=614,https://web.archive.org/web/20080819214752/http://www.press.sk:80/index.php?option=content&task=view&id=614,20080819214752,skip
http://www.press.sk:80/index.php?option=content&task=view&id=614,https://web.archive.org/web/20080822044852/http://www.press.sk:80/index.php?option=content&task=view&id=614,20080822044852,skip
http://www.press.sk:80/index.php?option=content&task=view&id=614,https://web.archive.org/web/20080823130109/http://www.press.sk:80/index.php?option=content&task=view&id=614,20080823130109,skip
http://www.press.sk:80/index.php?option=content&task=view&id=614,https://web.archive.org/web/20080824214357/http://www.press.sk:80/index.php?option=content&task=view&id=614,20080824214357,skip
http://www.press.sk:80/index.php?option=content&task=view&id=614,https://web.archive.org/web/20080826053554/http://www.press.sk:80/index.php?option=content&task=view&id=614,20080826053554,skip
http://www.press.sk:80/index.php?option=content&task=view&id=614,https://web.archive.org/web/20080827150354/http://www.press.sk:80/index.php?option=content&task=view&id=614,20080827150354,skip
http://www.press.sk:80/index.php?option=content&task=view&id=614,https://web.archive.org/web/20080828221234/http://www.press.sk:80/index.php?option=content&task=view&id=614,20080828221234,skip
http://www.press.sk:80/index.php?option=content&task=view&id=614,https://web.archive.org/web/20080830211638/http://www.press.sk:80/index.php?option=content&task=view&id=614,20080830211638,skip
http://www.press.sk:80/index.php?option=content&task=view&id=614,https://web.archive.org/web/20080905150224/http://www.press.sk:80/index.php?option=content&task=view&id=614,20080905150224,skip
http://www.press.sk:80/index.php?option=content&task=view&id=614,https://web.archive.org/web/20080908034445/http://www.press.sk:80/index.php?option=content&task=view&id=614,20080908034445,skip
http://www.press.sk:80/index.php?option=content&task=view&id=614,https://web.archive.org/web/20080910072308/http://www.press.sk:80/index.php?option=content&task=view&id=614,20080910072308,skip
http://www.press.sk:80/index.php?option=content&task=view&id=614,https://web.archive.org/web/20080911234625/http://www.press.sk:80/index.php?option=content&task=view&id=614,20080911234625,skip
http://www.press.sk:80/index.php?option=content&task=view&id=631,https://web.archive.org/web/20080701095004/http://www.press.sk:80/index.php?option=content&task=view&id=631,20080701095004,skip
http://www.press.sk:80/index.php?option=content&task=view&id=631,https://web.archive.org/web/20080702113607/http://www.press.sk:80/index.php?option=content&task=view&id=631,20080702113607,skip
http://www.press.sk:80/index.php?option=content&task=view&id=631,https://web.archive.org/web/20080703175007/http://www.press.sk:80/index.php?option=content&task=view&id=631,20080703175007,skip
http://www.press.sk:80/index.php?option=content&task=view&id=631,https://web.archive.org/web/20080706202408/http://www.press.sk:80/index.php?option=content&task=view&id=631,20080706202408,skip
http://www.press.sk:80/index.php?option=content&task=view&id=631,https://web.archive.org/web/20080708221429/http://www.press.sk:80/index.php?option=content&task=view&id=631,20080708221429,skip
http://www.press.sk:80/index.php?option=content&task=view&id=631,https://web.archive.org/web/20080710010633/http://www.press.sk:80/index.php?option=content&task=view&id=631,20080710010633,skip
http://www.press.sk:80/index.php?option=content&task=view&id=631,https://web.archive.org/web/20080711031848/http://www.press.sk:80/index.php?option=content&task=view&id=631,20080711031848,skip
http://www.press.sk:80/index.php?option=content&task=view&id=631,https://web.archive.org/web/20080712041306/http://www.press.sk:80/index.php?option=content&task=view&id=631,20080712041306,skip
http://www.press.sk:80/index.php?option=content&task=view&id=631,https://web.archive.org/web/20080715171256/http://www.press.sk:80/index.php?option=content&task=view&id=631,20080715171256,skip
http://www.press.sk:80/index.php?option=content&task=view&id=631,https://web.archive.org/web/20080720211633/http://www.press.sk:80/index.php?option=content&task=view&id=631,20080720211633,skip
http://www.press.sk:80/index.php?option=content&task=view&id=631,https://web.archive.org/web/20080723183819/http://www.press.sk:80/index.php?option=content&task=view&id=631,20080723183819,skip
http://www.press.sk:80/index.php?option=content&task=view&id=631,https://web.archive.org/web/20080731190015/http://www.press.sk:80/index.php?option=content&task=view&id=631,20080731190015,skip
http://www.press.sk:80/index.php?option=content&task=view&id=631,https://web.archive.org/web/20080806143834/http://www.press.sk:80/index.php?option=content&task=view&id=631,20080806143834,skip
http://www.press.sk:80/index.php?option=content&task=view&id=631,https://web.archive.org/web/20080808131052/http://www.press.sk:80/index.php?option=content&task=view&id=631,20080808131052,skip
http://www.press.sk:80/index.php?option=content&task=view&id=631,https://web.archive.org/web/20080809184406/http://www.press.sk:80/index.php?option=content&task=view&id=631,20080809184406,skip
http://www.press.sk.:80/index.php?option=content&task=view&id=631,https://web.archive.org/web/20080811232738/http://www.press.sk.:80/index.php?option=content&task=view&id=631,20080811232738,skip
http://www.press.sk:80/index.php?option=content&task=view&id=631,https://web.archive.org/web/20080813123505/http://www.press.sk:80/index.php?option=content&task=view&id=631,20080813123505,skip
http://www.press.sk:80/index.php?option=content&task=view&id=631,https://web.archive.org/web/20080814165502/http://www.press.sk:80/index.php?option=content&task=view&id=631,20080814165502,skip
http://www.press.sk:80/index.php?option=content&task=view&id=631,https://web.archive.org/web/20080815183539/http://www.press.sk:80/index.php?option=content&task=view&id=631,20080815183539,skip
http://www.press.sk:80/index.php?option=content&task=view&id=631,https://web.archive.org/web/20080817011348/http://www.press.sk:80/index.php?option=content&task=view&id=631,20080817011348,skip
http://www.press.sk:80/index.php?option=content&task=view&id=631,https://web.archive.org/web/20080818102415/http://www.press.sk:80/index.php?option=content&task=view&id=631,20080818102415,skip
http://www.press.sk:80/index.php?option=content&task=view&id=631,https://web.archive.org/web/20080819214757/http://www.press.sk:80/index.php?option=content&task=view&id=631,20080819214757,skip
http://www.press.sk:80/index.php?option=content&task=view&id=631,https://web.archive.org/web/20080822044857/http://www.press.sk:80/index.php?option=content&task=view&id=631,20080822044857,skip
http://www.press.sk:80/index.php?option=content&task=view&id=631,https://web.archive.org/web/20080823130114/http://www.press.sk:80/index.php?option=content&task=view&id=631,20080823130114,skip
http://www.press.sk:80/index.php?option=content&task=view&id=631,https://web.archive.org/web/20080824214402/http://www.press.sk:80/index.php?option=content&task=view&id=631,20080824214402,skip
http://www.press.sk:80/index.php?option=content&task=view&id=631,https://web.archive.org/web/20080826053559/http://www.press.sk:80/index.php?option=content&task=view&id=631,20080826053559,skip
http://www.press.sk:80/index.php?option=content&task=view&id=631,https://web.archive.org/web/20080827150358/http://www.press.sk:80/index.php?option=content&task=view&id=631,20080827150358,skip
http://www.press.sk:80/index.php?option=content&task=view&id=631,https://web.archive.org/web/20080828221239/http://www.press.sk:80/index.php?option=content&task=view&id=631,20080828221239,skip
http://www.press.sk:80/index.php?option=content&task=view&id=631,https://web.archive.org/web/20080830211643/http://www.press.sk:80/index.php?option=content&task=view&id=631,20080830211643,skip
http://www.press.sk:80/index.php?option=content&task=view&id=631,https://web.archive.org/web/20080905150230/http://www.press.sk:80/index.php?option=content&task=view&id=631,20080905150230,skip
http://www.press.sk:80/index.php?option=content&task=view&id=631,https://web.archive.org/web/20080908034450/http://www.press.sk:80/index.php?option=content&task=view&id=631,20080908034450,skip
http://www.press.sk:80/index.php?option=content&task=view&id=631,https://web.archive.org/web/20080910072313/http://www.press.sk:80/index.php?option=content&task=view&id=631,20080910072313,skip
http://www.press.sk:80/index.php?option=content&task=view&id=631,https://web.archive.org/web/20080911234630/http://www.press.sk:80/index.php?option=content&task=view&id=631,20080911234630,skip
http://www.press.sk:80/index.php?option=content&task=view&id=696,https://web.archive.org/web/20080701054709/http://www.press.sk:80/index.php?option=content&task=view&id=696,20080701054709,skip
http://www.press.sk:80/index.php?option=content&task=view&id=696,https://web.archive.org/web/20080702063354/http://www.press.sk:80/index.php?option=content&task=view&id=696,20080702063354,skip
http://www.press.sk:80/index.php?option=content&task=view&id=696,https://web.archive.org/web/20080703110359/http://www.press.sk:80/index.php?option=content&task=view&id=696,20080703110359,skip
http://www.press.sk:80/index.php?option=content&task=view&id=696,https://web.archive.org/web/20080704113231/http://www.press.sk:80/index.php?option=content&task=view&id=696,20080704113231,skip
http://www.press.sk:80/index.php?option=content&task=view&id=696,https://web.archive.org/web/20080706152259/http://www.press.sk:80/index.php?option=content&task=view&id=696,20080706152259,skip
http://www.press.sk:80/index.php?option=content&task=view&id=696,https://web.archive.org/web/20080707154303/http://www.press.sk:80/index.php?option=content&task=view&id=696,20080707154303,skip
http://www.press.sk:80/index.php?option=content&task=view&id=696,https://web.archive.org/web/20080708221051/http://www.press.sk:80/index.php?option=content&task=view&id=696,20080708221051,skip
http://www.press.sk:80/index.php?option=content&task=view&id=696,https://web.archive.org/web/20080710010638/http://www.press.sk:80/index.php?option=content&task=view&id=696,20080710010638,skip
http://www.press.sk:80/index.php?option=content&task=view&id=696,https://web.archive.org/web/20080711031853/http://www.press.sk:80/index.php?option=content&task=view&id=696,20080711031853,skip
http://www.press.sk:80/index.php?option=content&task=view&id=696,https://web.archive.org/web/20080712041311/http://www.press.sk:80/index.php?option=content&task=view&id=696,20080712041311,skip
http://www.press.sk:80/index.php?option=content&task=view&id=696,https://web.archive.org/web/20080715171259/http://www.press.sk:80/index.php?option=content&task=view&id=696,20080715171259,skip
http://www.press.sk:80/index.php?option=content&task=view&id=696,https://web.archive.org/web/20080720211639/http://www.press.sk:80/index.php?option=content&task=view&id=696,20080720211639,skip
http://www.press.sk:80/index.php?option=content&task=view&id=696,https://web.archive.org/web/20080723183340/http://www.press.sk:80/index.php?option=content&task=view&id=696,20080723183340,skip
http://www.press.sk:80/index.php?option=content&task=view&id=696,https://web.archive.org/web/20080731190019/http://www.press.sk:80/index.php?option=content&task=view&id=696,20080731190019,skip
http://www.press.sk:80/index.php?option=content&task=view&id=696,https://web.archive.org/web/20080806143839/http://www.press.sk:80/index.php?option=content&task=view&id=696,20080806143839,skip
http://www.press.sk:80/index.php?option=content&task=view&id=696,https://web.archive.org/web/20080808131056/http://www.press.sk:80/index.php?option=content&task=view&id=696,20080808131056,skip
http://www.press.sk:80/index.php?option=content&task=view&id=696,https://web.archive.org/web/20080809184411/http://www.press.sk:80/index.php?option=content&task=view&id=696,20080809184411,skip
http://www.press.sk.:80/index.php?option=content&task=view&id=696,https://web.archive.org/web/20080811232744/http://www.press.sk.:80/index.php?option=content&task=view&id=696,20080811232744,skip
http://www.press.sk:80/index.php?option=content&task=view&id=696,https://web.archive.org/web/20080813123511/http://www.press.sk:80/index.php?option=content&task=view&id=696,20080813123511,skip
http://www.press.sk:80/index.php?option=content&task=view&id=696,https://web.archive.org/web/20080814163710/http://www.press.sk:80/index.php?option=content&task=view&id=696,20080814163710,skip
http://www.press.sk:80/index.php?option=content&task=view&id=696,https://web.archive.org/web/20080815183546/http://www.press.sk:80/index.php?option=content&task=view&id=696,20080815183546,skip
http://www.press.sk:80/index.php?option=content&task=view&id=696,https://web.archive.org/web/20080817011354/http://www.press.sk:80/index.php?option=content&task=view&id=696,20080817011354,skip
http://www.press.sk:80/index.php?option=content&task=view&id=696,https://web.archive.org/web/20080818102420/http://www.press.sk:80/index.php?option=content&task=view&id=696,20080818102420,skip
http://www.press.sk:80/index.php?option=content&task=view&id=696,https://web.archive.org/web/20080819214802/http://www.press.sk:80/index.php?option=content&task=view&id=696,20080819214802,skip
http://www.press.sk:80/index.php?option=content&task=view&id=696,https://web.archive.org/web/20080822044903/http://www.press.sk:80/index.php?option=content&task=view&id=696,20080822044903,skip
http://www.press.sk:80/index.php?option=content&task=view&id=696,https://web.archive.org/web/20080823130122/http://www.press.sk:80/index.php?option=content&task=view&id=696,20080823130122,skip
http://www.press.sk:80/index.php?option=content&task=view&id=696,https://web.archive.org/web/20080824214407/http://www.press.sk:80/index.php?option=content&task=view&id=696,20080824214407,skip
http://www.press.sk:80/index.php?option=content&task=view&id=696,https://web.archive.org/web/20080826053604/http://www.press.sk:80/index.php?option=content&task=view&id=696,20080826053604,skip
http://www.press.sk:80/index.php?option=content&task=view&id=696,https://web.archive.org/web/20080827150403/http://www.press.sk:80/index.php?option=content&task=view&id=696,20080827150403,skip
http://www.press.sk:80/index.php?option=content&task=view&id=696,https://web.archive.org/web/20080828221244/http://www.press.sk:80/index.php?option=content&task=view&id=696,20080828221244,skip
http://www.press.sk:80/index.php?option=content&task=view&id=696,https://web.archive.org/web/20080830211648/http://www.press.sk:80/index.php?option=content&task=view&id=696,20080830211648,skip
http://www.press.sk:80/index.php?option=content&task=view&id=696,https://web.archive.org/web/20080905150234/http://www.press.sk:80/index.php?option=content&task=view&id=696,20080905150234,skip
http://www.press.sk:80/index.php?option=content&task=view&id=696,https://web.archive.org/web/20080908034455/http://www.press.sk:80/index.php?option=content&task=view&id=696,20080908034455,skip
http://www.press.sk:80/index.php?option=content&task=view&id=696,https://web.archive.org/web/20080910072319/http://www.press.sk:80/index.php?option=content&task=view&id=696,20080910072319,skip
http://www.press.sk:80/index.php?option=content&task=view&id=696,https://web.archive.org/web/20080911234635/http://www.press.sk:80/index.php?option=content&task=view&id=696,20080911234635,skip
http://www.press.sk:80/index.php?option=content&task=view&id=738,https://web.archive.org/web/20080701055014/http://www.press.sk:80/index.php?option=content&task=view&id=738,20080701055014,skip
http://www.press.sk:80/index.php?option=content&task=view&id=738,https://web.archive.org/web/20080702063359/http://www.press.sk:80/index.php?option=content&task=view&id=738,20080702063359,skip
http://www.press.sk:80/index.php?option=content&task=view&id=738,https://web.archive.org/web/20080703110403/http://www.press.sk:80/index.php?option=content&task=view&id=738,20080703110403,skip
http://www.press.sk:80/index.php?option=content&task=view&id=738,https://web.archive.org/web/20080704113240/http://www.press.sk:80/index.php?option=content&task=view&id=738,20080704113240,skip
http://www.press.sk:80/index.php?option=content&task=view&id=738,https://web.archive.org/web/20080706152304/http://www.press.sk:80/index.php?option=content&task=view&id=738,20080706152304,skip
http://www.press.sk:80/index.php?option=content&task=view&id=738,https://web.archive.org/web/20080707160544/http://www.press.sk:80/index.php?option=content&task=view&id=738,20080707160544,skip
http://www.press.sk:80/index.php?option=content&task=view&id=738,https://web.archive.org/web/20080708221056/http://www.press.sk:80/index.php?option=content&task=view&id=738,20080708221056,skip
http://www.press.sk:80/index.php?option=content&task=view&id=738,https://web.archive.org/web/20080710010804/http://www.press.sk:80/index.php?option=content&task=view&id=738,20080710010804,skip
http://www.press.sk:80/index.php?option=content&task=view&id=738,https://web.archive.org/web/20080711031858/http://www.press.sk:80/index.php?option=content&task=view&id=738,20080711031858,skip
http://www.press.sk:80/index.php?option=content&task=view&id=738,https://web.archive.org/web/20080712041316/http://www.press.sk:80/index.php?option=content&task=view&id=738,20080712041316,skip
http://www.press.sk:80/index.php?option=content&task=view&id=738,https://web.archive.org/web/20080715171305/http://www.press.sk:80/index.php?option=content&task=view&id=738,20080715171305,skip
http://www.press.sk:80/index.php?option=content&task=view&id=738,https://web.archive.org/web/20080720211642/http://www.press.sk:80/index.php?option=content&task=view&id=738,20080720211642,skip
http://www.press.sk:80/index.php?option=content&task=view&id=738,https://web.archive.org/web/20080723183344/http://www.press.sk:80/index.php?option=content&task=view&id=738,20080723183344,skip
http://www.press.sk:80/index.php?option=content&task=view&id=738,https://web.archive.org/web/20080731191958/http://www.press.sk:80/index.php?option=content&task=view&id=738,20080731191958,skip
http://www.press.sk:80/index.php?option=content&task=view&id=738,https://web.archive.org/web/20080806143843/http://www.press.sk:80/index.php?option=content&task=view&id=738,20080806143843,skip
http://www.press.sk:80/index.php?option=content&task=view&id=738,https://web.archive.org/web/20080808131106/http://www.press.sk:80/index.php?option=content&task=view&id=738,20080808131106,skip
http://www.press.sk:80/index.php?option=content&task=view&id=738,https://web.archive.org/web/20080809184416/http://www.press.sk:80/index.php?option=content&task=view&id=738,20080809184416,skip
http://www.press.sk.:80/index.php?option=content&task=view&id=738,https://web.archive.org/web/20080811232749/http://www.press.sk.:80/index.php?option=content&task=view&id=738,20080811232749,skip
http://www.press.sk:80/index.php?option=content&task=view&id=738,https://web.archive.org/web/20080813123521/http://www.press.sk:80/index.php?option=content&task=view&id=738,20080813123521,skip
http://www.press.sk:80/index.php?option=content&task=view&id=738,https://web.archive.org/web/20080814165507/http://www.press.sk:80/index.php?option=content&task=view&id=738,20080814165507,skip
http://www.press.sk:80/index.php?option=content&task=view&id=738,https://web.archive.org/web/20080815183548/http://www.press.sk:80/index.php?option=content&task=view&id=738,20080815183548,skip
http://www.press.sk:80/index.php?option=content&task=view&id=738,https://web.archive.org/web/20080817011359/http://www.press.sk:80/index.php?option=content&task=view&id=738,20080817011359,skip
http://www.press.sk:80/index.php?option=content&task=view&id=738,https://web.archive.org/web/20080818102427/http://www.press.sk:80/index.php?option=content&task=view&id=738,20080818102427,skip
http://www.press.sk:80/index.php?option=content&task=view&id=738,https://web.archive.org/web/20080819214807/http://www.press.sk:80/index.php?option=content&task=view&id=738,20080819214807,skip
http://www.press.sk:80/index.php?option=content&task=view&id=738,https://web.archive.org/web/20080822044908/http://www.press.sk:80/index.php?option=content&task=view&id=738,20080822044908,skip
http://www.press.sk:80/index.php?option=content&task=view&id=738,https://web.archive.org/web/20080823130126/http://www.press.sk:80/index.php?option=content&task=view&id=738,20080823130126,skip
http://www.press.sk:80/index.php?option=content&task=view&id=738,https://web.archive.org/web/20080824214412/http://www.press.sk:80/index.php?option=content&task=view&id=738,20080824214412,skip
http://www.press.sk:80/index.php?option=content&task=view&id=738,https://web.archive.org/web/20080826053609/http://www.press.sk:80/index.php?option=content&task=view&id=738,20080826053609,skip
http://www.press.sk:80/index.php?option=content&task=view&id=738,https://web.archive.org/web/20080827150409/http://www.press.sk:80/index.php?option=content&task=view&id=738,20080827150409,skip
http://www.press.sk:80/index.php?option=content&task=view&id=738,https://web.archive.org/web/20080828221249/http://www.press.sk:80/index.php?option=content&task=view&id=738,20080828221249,skip
http://www.press.sk:80/index.php?option=content&task=view&id=738,https://web.archive.org/web/20080830211654/http://www.press.sk:80/index.php?option=content&task=view&id=738,20080830211654,skip
http://www.press.sk:80/index.php?option=content&task=view&id=738,https://web.archive.org/web/20080905150241/http://www.press.sk:80/index.php?option=content&task=view&id=738,20080905150241,skip
http://www.press.sk:80/index.php?option=content&task=view&id=738,https://web.archive.org/web/20080908034500/http://www.press.sk:80/index.php?option=content&task=view&id=738,20080908034500,skip
http://www.press.sk:80/index.php?option=content&task=view&id=738,https://web.archive.org/web/20080910072324/http://www.press.sk:80/index.php?option=content&task=view&id=738,20080910072324,skip
http://www.press.sk:80/index.php?option=content&task=view&id=738,https://web.archive.org/web/20080911234640/http://www.press.sk:80/index.php?option=content&task=view&id=738,20080911234640,skip
http://www.press.sk:80/index.php?option=content&task=view&id=746,https://web.archive.org/web/20080701095008/http://www.press.sk:80/index.php?option=content&task=view&id=746,20080701095008,skip
http://www.press.sk:80/index.php?option=content&task=view&id=746,https://web.archive.org/web/20080702113705/http://www.press.sk:80/index.php?option=content&task=view&id=746,20080702113705,skip
http://www.press.sk:80/index.php?option=content&task=view&id=746,https://web.archive.org/web/20080703162911/http://www.press.sk:80/index.php?option=content&task=view&id=746,20080703162911,skip
http://www.press.sk:80/index.php?option=content&task=view&id=746,https://web.archive.org/web/20080706202754/http://www.press.sk:80/index.php?option=content&task=view&id=746,20080706202754,skip
http://www.press.sk:80/index.php?option=content&task=view&id=746,https://web.archive.org/web/20080708221433/http://www.press.sk:80/index.php?option=content&task=view&id=746,20080708221433,skip
http://www.press.sk:80/index.php?option=content&task=view&id=746,https://web.archive.org/web/20080710010808/http://www.press.sk:80/index.php?option=content&task=view&id=746,20080710010808,skip
http://www.press.sk:80/index.php?option=content&task=view&id=746,https://web.archive.org/web/20080711032019/http://www.press.sk:80/index.php?option=content&task=view&id=746,20080711032019,skip
http://www.press.sk:80/index.php?option=content&task=view&id=746,https://web.archive.org/web/20080712041322/http://www.press.sk:80/index.php?option=content&task=view&id=746,20080712041322,skip
http://www.press.sk:80/index.php?option=content&task=view&id=746,https://web.archive.org/web/20080715171311/http://www.press.sk:80/index.php?option=content&task=view&id=746,20080715171311,skip
http://www.press.sk:80/index.php?option=content&task=view&id=746,https://web.archive.org/web/20080720211650/http://www.press.sk:80/index.php?option=content&task=view&id=746,20080720211650,skip
http://www.press.sk:80/index.php?option=content&task=view&id=746,https://web.archive.org/web/20080723183349/http://www.press.sk:80/index.php?option=content&task=view&id=746,20080723183349,skip
http://www.press.sk:80/index.php?option=content&task=view&id=746,https://web.archive.org/web/20080731190024/http://www.press.sk:80/index.php?option=content&task=view&id=746,20080731190024,skip
http://www.press.sk:80/index.php?option=content&task=view&id=746,https://web.archive.org/web/20080806143850/http://www.press.sk:80/index.php?option=content&task=view&id=746,20080806143850,skip
http://www.press.sk:80/index.php?option=content&task=view&id=746,https://web.archive.org/web/20080808131111/http://www.press.sk:80/index.php?option=content&task=view&id=746,20080808131111,skip
http://www.press.sk:80/index.php?option=content&task=view&id=746,https://web.archive.org/web/20080809184421/http://www.press.sk:80/index.php?option=content&task=view&id=746,20080809184421,skip
http://www.press.sk.:80/index.php?option=content&task=view&id=746,https://web.archive.org/web/20080811232754/http://www.press.sk.:80/index.php?option=content&task=view&id=746,20080811232754,skip
http://www.press.sk:80/index.php?option=content&task=view&id=746,https://web.archive.org/web/20080813123528/http://www.press.sk:80/index.php?option=content&task=view&id=746,20080813123528,skip
http://www.press.sk:80/index.php?option=content&task=view&id=746,https://web.archive.org/web/20080814165513/http://www.press.sk:80/index.php?option=content&task=view&id=746,20080814165513,skip
http://www.press.sk:80/index.php?option=content&task=view&id=746,https://web.archive.org/web/20080815183554/http://www.press.sk:80/index.php?option=content&task=view&id=746,20080815183554,skip
http://www.press.sk:80/index.php?option=content&task=view&id=746,https://web.archive.org/web/20080817011408/http://www.press.sk:80/index.php?option=content&task=view&id=746,20080817011408,skip
http://www.press.sk:80/index.php?option=content&task=view&id=746,https://web.archive.org/web/20080818102431/http://www.press.sk:80/index.php?option=content&task=view&id=746,20080818102431,skip
http://www.press.sk:80/index.php?option=content&task=view&id=746,https://web.archive.org/web/20080819214812/http://www.press.sk:80/index.php?option=content&task=view&id=746,20080819214812,skip
http://www.press.sk:80/index.php?option=content&task=view&id=746,https://web.archive.org/web/20080822044913/http://www.press.sk:80/index.php?option=content&task=view&id=746,20080822044913,skip
http://www.press.sk:80/index.php?option=content&task=view&id=746,https://web.archive.org/web/20080823130128/http://www.press.sk:80/index.php?option=content&task=view&id=746,20080823130128,skip
http://www.press.sk:80/index.php?option=content&task=view&id=746,https://web.archive.org/web/20080824214417/http://www.press.sk:80/index.php?option=content&task=view&id=746,20080824214417,skip
http://www.press.sk:80/index.php?option=content&task=view&id=746,https://web.archive.org/web/20080826053614/http://www.press.sk:80/index.php?option=content&task=view&id=746,20080826053614,skip
http://www.press.sk:80/index.php?option=content&task=view&id=746,https://web.archive.org/web/20080827150414/http://www.press.sk:80/index.php?option=content&task=view&id=746,20080827150414,skip
http://www.press.sk:80/index.php?option=content&task=view&id=746,https://web.archive.org/web/20080828221254/http://www.press.sk:80/index.php?option=content&task=view&id=746,20080828221254,skip
http://www.press.sk:80/index.php?option=content&task=view&id=746,https://web.archive.org/web/20080830211658/http://www.press.sk:80/index.php?option=content&task=view&id=746,20080830211658,skip
http://www.press.sk:80/index.php?option=content&task=view&id=746,https://web.archive.org/web/20080905150246/http://www.press.sk:80/index.php?option=content&task=view&id=746,20080905150246,skip
http://www.press.sk:80/index.php?option=content&task=view&id=746,https://web.archive.org/web/20080908034505/http://www.press.sk:80/index.php?option=content&task=view&id=746,20080908034505,skip
http://www.press.sk:80/index.php?option=content&task=view&id=746,https://web.archive.org/web/20080910072331/http://www.press.sk:80/index.php?option=content&task=view&id=746,20080910072331,skip
http://www.press.sk:80/index.php?option=content&task=view&id=746,https://web.archive.org/web/20080911234645/http://www.press.sk:80/index.php?option=content&task=view&id=746,20080911234645,skip
http://www.press.sk:80/index.php?option=content&task=view&id=785,https://web.archive.org/web/20080701095014/http://www.press.sk:80/index.php?option=content&task=view&id=785,20080701095014,skip
http://www.press.sk:80/index.php?option=content&task=view&id=785,https://web.archive.org/web/20080702113711/http://www.press.sk:80/index.php?option=content&task=view&id=785,20080702113711,skip
http://www.press.sk:80/index.php?option=content&task=view&id=785,https://web.archive.org/web/20080703175013/http://www.press.sk:80/index.php?option=content&task=view&id=785,20080703175013,skip
http://www.press.sk:80/index.php?option=content&task=view&id=785,https://web.archive.org/web/20080705193739/http://www.press.sk:80/index.php?option=content&task=view&id=785,20080705193739,skip
http://www.press.sk:80/index.php?option=content&task=view&id=785,https://web.archive.org/web/20080706202805/http://www.press.sk:80/index.php?option=content&task=view&id=785,20080706202805,skip
http://www.press.sk:80/index.php?option=content&task=view&id=785,https://web.archive.org/web/20080708221438/http://www.press.sk:80/index.php?option=content&task=view&id=785,20080708221438,skip
http://www.press.sk:80/index.php?option=content&task=view&id=785,https://web.archive.org/web/20080710010813/http://www.press.sk:80/index.php?option=content&task=view&id=785,20080710010813,skip
http://www.press.sk:80/index.php?option=content&task=view&id=785,https://web.archive.org/web/20080711032026/http://www.press.sk:80/index.php?option=content&task=view&id=785,20080711032026,skip
http://www.press.sk:80/index.php?option=content&task=view&id=785,https://web.archive.org/web/20080712041326/http://www.press.sk:80/index.php?option=content&task=view&id=785,20080712041326,skip
http://www.press.sk:80/index.php?option=content&task=view&id=785,https://web.archive.org/web/20080715171317/http://www.press.sk:80/index.php?option=content&task=view&id=785,20080715171317,skip
http://www.press.sk:80/index.php?option=content&task=view&id=785,https://web.archive.org/web/20080720211653/http://www.press.sk:80/index.php?option=content&task=view&id=785,20080720211653,skip
http://www.press.sk:80/index.php?option=content&task=view&id=785,https://web.archive.org/web/20080723183356/http://www.press.sk:80/index.php?option=content&task=view&id=785,20080723183356,skip
http://www.press.sk:80/index.php?option=content&task=view&id=785,https://web.archive.org/web/20080731190028/http://www.press.sk:80/index.php?option=content&task=view&id=785,20080731190028,skip
http://www.press.sk:80/index.php?option=content&task=view&id=785,https://web.archive.org/web/20080806143854/http://www.press.sk:80/index.php?option=content&task=view&id=785,20080806143854,skip
http://www.press.sk:80/index.php?option=content&task=view&id=785,https://web.archive.org/web/20080808121032/http://www.press.sk:80/index.php?option=content&task=view&id=785,20080808121032,skip
http://www.press.sk:80/index.php?option=content&task=view&id=785,https://web.archive.org/web/20080809184426/http://www.press.sk:80/index.php?option=content&task=view&id=785,20080809184426,skip
http://www.press.sk.:80/index.php?option=content&task=view&id=785,https://web.archive.org/web/20080811232759/http://www.press.sk.:80/index.php?option=content&task=view&id=785,20080811232759,skip
http://www.press.sk:80/index.php?option=content&task=view&id=785,https://web.archive.org/web/20080813123529/http://www.press.sk:80/index.php?option=content&task=view&id=785,20080813123529,skip
http://www.press.sk:80/index.php?option=content&task=view&id=785,https://web.archive.org/web/20080814165517/http://www.press.sk:80/index.php?option=content&task=view&id=785,20080814165517,skip
http://www.press.sk:80/index.php?option=content&task=view&id=785,https://web.archive.org/web/20080815183559/http://www.press.sk:80/index.php?option=content&task=view&id=785,20080815183559,skip
http://www.press.sk:80/index.php?option=content&task=view&id=785,https://web.archive.org/web/20080817011410/http://www.press.sk:80/index.php?option=content&task=view&id=785,20080817011410,skip
http://www.press.sk:80/index.php?option=content&task=view&id=785,https://web.archive.org/web/20080818102437/http://www.press.sk:80/index.php?option=content&task=view&id=785,20080818102437,skip
http://www.press.sk:80/index.php?option=content&task=view&id=785,https://web.archive.org/web/20080819214817/http://www.press.sk:80/index.php?option=content&task=view&id=785,20080819214817,skip
http://www.press.sk:80/index.php?option=content&task=view&id=785,https://web.archive.org/web/20080822044918/http://www.press.sk:80/index.php?option=content&task=view&id=785,20080822044918,skip
http://www.press.sk:80/index.php?option=content&task=view&id=785,https://web.archive.org/web/20080823130134/http://www.press.sk:80/index.php?option=content&task=view&id=785,20080823130134,skip
http://www.press.sk:80/index.php?option=content&task=view&id=785,https://web.archive.org/web/20080824214423/http://www.press.sk:80/index.php?option=content&task=view&id=785,20080824214423,skip
http://www.press.sk:80/index.php?option=content&task=view&id=785,https://web.archive.org/web/20080826053620/http://www.press.sk:80/index.php?option=content&task=view&id=785,20080826053620,skip
http://www.press.sk:80/index.php?option=content&task=view&id=785,https://web.archive.org/web/20080827150419/http://www.press.sk:80/index.php?option=content&task=view&id=785,20080827150419,skip
http://www.press.sk:80/index.php?option=content&task=view&id=785,https://web.archive.org/web/20080828221259/http://www.press.sk:80/index.php?option=content&task=view&id=785,20080828221259,skip
http://www.press.sk:80/index.php?option=content&task=view&id=785,https://web.archive.org/web/20080830211703/http://www.press.sk:80/index.php?option=content&task=view&id=785,20080830211703,skip
http://www.press.sk:80/index.php?option=content&task=view&id=785,https://web.archive.org/web/20080905150252/http://www.press.sk:80/index.php?option=content&task=view&id=785,20080905150252,skip
http://www.press.sk:80/index.php?option=content&task=view&id=785,https://web.archive.org/web/20080908034510/http://www.press.sk:80/index.php?option=content&task=view&id=785,20080908034510,skip
http://www.press.sk:80/index.php?option=content&task=view&id=785,https://web.archive.org/web/20080910072336/http://www.press.sk:80/index.php?option=content&task=view&id=785,20080910072336,skip
http://www.press.sk:80/index.php?option=content&task=view&id=785,https://web.archive.org/web/20080911234650/http://www.press.sk:80/index.php?option=content&task=view&id=785,20080911234650,skip
http://www.press.sk:80/index.php?option=content&task=view&id=794,https://web.archive.org/web/20080913123421/http://www.press.sk:80/index.php?option=content&task=view&id=794,20080913123421,skip
http://www.press.sk:80/index.php?option=content&task=view&id=798,https://web.archive.org/web/20080701055021/http://www.press.sk:80/index.php?option=content&task=view&id=798,20080701055021,skip
http://www.press.sk:80/index.php?option=content&task=view&id=798,https://web.archive.org/web/20080702063526/http://www.press.sk:80/index.php?option=content&task=view&id=798,20080702063526,skip
http://www.press.sk:80/index.php?option=content&task=view&id=798,https://web.archive.org/web/20080703110515/http://www.press.sk:80/index.php?option=content&task=view&id=798,20080703110515,skip
http://www.press.sk:80/index.php?option=content&task=view&id=798,https://web.archive.org/web/20080704113144/http://www.press.sk:80/index.php?option=content&task=view&id=798,20080704113144,skip
http://www.press.sk:80/index.php?option=content&task=view&id=798,https://web.archive.org/web/20080706152338/http://www.press.sk:80/index.php?option=content&task=view&id=798,20080706152338,skip
http://www.press.sk:80/index.php?option=content&task=view&id=798,https://web.archive.org/web/20080707154312/http://www.press.sk:80/index.php?option=content&task=view&id=798,20080707154312,skip
http://www.press.sk:80/index.php?option=content&task=view&id=798,https://web.archive.org/web/20080708221103/http://www.press.sk:80/index.php?option=content&task=view&id=798,20080708221103,skip
http://www.press.sk:80/index.php?option=content&task=view&id=798,https://web.archive.org/web/20080710010646/http://www.press.sk:80/index.php?option=content&task=view&id=798,20080710010646,skip
http://www.press.sk:80/index.php?option=content&task=view&id=798,https://web.archive.org/web/20080711031903/http://www.press.sk:80/index.php?option=content&task=view&id=798,20080711031903,skip
http://www.press.sk:80/index.php?option=content&task=view&id=798,https://web.archive.org/web/20080712041331/http://www.press.sk:80/index.php?option=content&task=view&id=798,20080712041331,skip
http://www.press.sk:80/index.php?option=content&task=view&id=798,https://web.archive.org/web/20080715171325/http://www.press.sk:80/index.php?option=content&task=view&id=798,20080715171325,skip
http://www.press.sk:80/index.php?option=content&task=view&id=798,https://web.archive.org/web/20080720211658/http://www.press.sk:80/index.php?option=content&task=view&id=798,20080720211658,skip
http://www.press.sk:80/index.php?option=content&task=view&id=798,https://web.archive.org/web/20080723183359/http://www.press.sk:80/index.php?option=content&task=view&id=798,20080723183359,skip
http://www.press.sk:80/index.php?option=content&task=view&id=798,https://web.archive.org/web/20080731192008/http://www.press.sk:80/index.php?option=content&task=view&id=798,20080731192008,skip
http://www.press.sk:80/index.php?option=content&task=view&id=798,https://web.archive.org/web/20080806143901/http://www.press.sk:80/index.php?option=content&task=view&id=798,20080806143901,skip
http://www.press.sk:80/index.php?option=content&task=view&id=798,https://web.archive.org/web/20080808121036/http://www.press.sk:80/index.php?option=content&task=view&id=798,20080808121036,skip
http://www.press.sk:80/index.php?option=content&task=view&id=798,https://web.archive.org/web/20080809184433/http://www.press.sk:80/index.php?option=content&task=view&id=798,20080809184433,skip
http://www.press.sk.:80/index.php?option=content&task=view&id=798,https://web.archive.org/web/20080811232805/http://www.press.sk.:80/index.php?option=content&task=view&id=798,20080811232805,skip
http://www.press.sk:80/index.php?option=content&task=view&id=798,https://web.archive.org/web/20080813123537/http://www.press.sk:80/index.php?option=content&task=view&id=798,20080813123537,skip
http://www.press.sk:80/index.php?option=content&task=view&id=798,https://web.archive.org/web/20080814163715/http://www.press.sk:80/index.php?option=content&task=view&id=798,20080814163715,skip
http://www.press.sk:80/index.php?option=content&task=view&id=798,https://web.archive.org/web/20080815183604/http://www.press.sk:80/index.php?option=content&task=view&id=798,20080815183604,skip
http://www.press.sk:80/index.php?option=content&task=view&id=798,https://web.archive.org/web/20080817011416/http://www.press.sk:80/index.php?option=content&task=view&id=798,20080817011416,skip
http://www.press.sk:80/index.php?option=content&task=view&id=798,https://web.archive.org/web/20080818102441/http://www.press.sk:80/index.php?option=content&task=view&id=798,20080818102441,skip
http://www.press.sk:80/index.php?option=content&task=view&id=798,https://web.archive.org/web/20080819214822/http://www.press.sk:80/index.php?option=content&task=view&id=798,20080819214822,skip
http://www.press.sk:80/index.php?option=content&task=view&id=798,https://web.archive.org/web/20080822044923/http://www.press.sk:80/index.php?option=content&task=view&id=798,20080822044923,skip
http://www.press.sk:80/index.php?option=content&task=view&id=798,https://web.archive.org/web/20080823130138/http://www.press.sk:80/index.php?option=content&task=view&id=798,20080823130138,skip
http://www.press.sk:80/index.php?option=content&task=view&id=798,https://web.archive.org/web/20080824214428/http://www.press.sk:80/index.php?option=content&task=view&id=798,20080824214428,skip
http://www.press.sk:80/index.php?option=content&task=view&id=798,https://web.archive.org/web/20080826053625/http://www.press.sk:80/index.php?option=content&task=view&id=798,20080826053625,skip
http://www.press.sk:80/index.php?option=content&task=view&id=798,https://web.archive.org/web/20080827150424/http://www.press.sk:80/index.php?option=content&task=view&id=798,20080827150424,skip
http://www.press.sk:80/index.php?option=content&task=view&id=798,https://web.archive.org/web/20080828221304/http://www.press.sk:80/index.php?option=content&task=view&id=798,20080828221304,skip
http://www.press.sk:80/index.php?option=content&task=view&id=798,https://web.archive.org/web/20080830211709/http://www.press.sk:80/index.php?option=content&task=view&id=798,20080830211709,skip
http://www.press.sk:80/index.php?option=content&task=view&id=798,https://web.archive.org/web/20080905150258/http://www.press.sk:80/index.php?option=content&task=view&id=798,20080905150258,skip
http://www.press.sk:80/index.php?option=content&task=view&id=798,https://web.archive.org/web/20080908034515/http://www.press.sk:80/index.php?option=content&task=view&id=798,20080908034515,skip
http://www.press.sk:80/index.php?option=content&task=view&id=798,https://web.archive.org/web/20080910072343/http://www.press.sk:80/index.php?option=content&task=view&id=798,20080910072343,skip
http://www.press.sk:80/index.php?option=content&task=view&id=798,https://web.archive.org/web/20080911234657/http://www.press.sk:80/index.php?option=content&task=view&id=798,20080911234657,skip
http://www.press.sk:80/index.php?option=content&task=view&id=799,https://web.archive.org/web/20080701095020/http://www.press.sk:80/index.php?option=content&task=view&id=799,20080701095020,skip
http://www.press.sk:80/index.php?option=content&task=view&id=799,https://web.archive.org/web/20080702141614/http://www.press.sk:80/index.php?option=content&task=view&id=799,20080702141614,skip
http://www.press.sk:80/index.php?option=content&task=view&id=799,https://web.archive.org/web/20080703175019/http://www.press.sk:80/index.php?option=content&task=view&id=799,20080703175019,skip
http://www.press.sk:80/index.php?option=content&task=view&id=799,https://web.archive.org/web/20080705193745/http://www.press.sk:80/index.php?option=content&task=view&id=799,20080705193745,skip
http://www.press.sk:80/index.php?option=content&task=view&id=799,https://web.archive.org/web/20080706202417/http://www.press.sk:80/index.php?option=content&task=view&id=799,20080706202417,skip
http://www.press.sk:80/index.php?option=content&task=view&id=799,https://web.archive.org/web/20080708221106/http://www.press.sk:80/index.php?option=content&task=view&id=799,20080708221106,skip
http://www.press.sk:80/index.php?option=content&task=view&id=799,https://web.archive.org/web/20080710010648/http://www.press.sk:80/index.php?option=content&task=view&id=799,20080710010648,skip
http://www.press.sk:80/index.php?option=content&task=view&id=799,https://web.archive.org/web/20080711032032/http://www.press.sk:80/index.php?option=content&task=view&id=799,20080711032032,skip
http://www.press.sk:80/index.php?option=content&task=view&id=799,https://web.archive.org/web/20080712041336/http://www.press.sk:80/index.php?option=content&task=view&id=799,20080712041336,skip
http://www.press.sk:80/index.php?option=content&task=view&id=799,https://web.archive.org/web/20080715171333/http://www.press.sk:80/index.php?option=content&task=view&id=799,20080715171333,skip
http://www.press.sk:80/index.php?option=content&task=view&id=799,https://web.archive.org/web/20080720211703/http://www.press.sk:80/index.php?option=content&task=view&id=799,20080720211703,skip
http://www.press.sk:80/index.php?option=content&task=view&id=799,https://web.archive.org/web/20080723183405/http://www.press.sk:80/index.php?option=content&task=view&id=799,20080723183405,skip
http://www.press.sk:80/index.php?option=content&task=view&id=799,https://web.archive.org/web/20080731190034/http://www.press.sk:80/index.php?option=content&task=view&id=799,20080731190034,skip
http://www.press.sk:80/index.php?option=content&task=view&id=799,https://web.archive.org/web/20080806143904/http://www.press.sk:80/index.php?option=content&task=view&id=799,20080806143904,skip
http://www.press.sk:80/index.php?option=content&task=view&id=799,https://web.archive.org/web/20080808131116/http://www.press.sk:80/index.php?option=content&task=view&id=799,20080808131116,skip
http://www.press.sk:80/index.php?option=content&task=view&id=799,https://web.archive.org/web/20080809184437/http://www.press.sk:80/index.php?option=content&task=view&id=799,20080809184437,skip
http://www.press.sk.:80/index.php?option=content&task=view&id=799,https://web.archive.org/web/20080811232811/http://www.press.sk.:80/index.php?option=content&task=view&id=799,20080811232811,skip
http://www.press.sk:80/index.php?option=content&task=view&id=799,https://web.archive.org/web/20080813123541/http://www.press.sk:80/index.php?option=content&task=view&id=799,20080813123541,skip
http://www.press.sk:80/index.php?option=content&task=view&id=799,https://web.archive.org/web/20080814163721/http://www.press.sk:80/index.php?option=content&task=view&id=799,20080814163721,skip
http://www.press.sk:80/index.php?option=content&task=view&id=799,https://web.archive.org/web/20080815183609/http://www.press.sk:80/index.php?option=content&task=view&id=799,20080815183609,skip
http://www.press.sk:80/index.php?option=content&task=view&id=799,https://web.archive.org/web/20080817011421/http://www.press.sk:80/index.php?option=content&task=view&id=799,20080817011421,skip
http://www.press.sk:80/index.php?option=content&task=view&id=799,https://web.archive.org/web/20080818102454/http://www.press.sk:80/index.php?option=content&task=view&id=799,20080818102454,skip
http://www.press.sk:80/index.php?option=content&task=view&id=799,https://web.archive.org/web/20080819214828/http://www.press.sk:80/index.php?option=content&task=view&id=799,20080819214828,skip
http://www.press.sk:80/index.php?option=content&task=view&id=799,https://web.archive.org/web/20080822044929/http://www.press.sk:80/index.php?option=content&task=view&id=799,20080822044929,skip
http://www.press.sk:80/index.php?option=content&task=view&id=799,https://web.archive.org/web/20080823130144/http://www.press.sk:80/index.php?option=content&task=view&id=799,20080823130144,skip
http://www.press.sk:80/index.php?option=content&task=view&id=799,https://web.archive.org/web/20080824214651/http://www.press.sk:80/index.php?option=content&task=view&id=799,20080824214651,skip
http://www.press.sk:80/index.php?option=content&task=view&id=799,https://web.archive.org/web/20080826053630/http://www.press.sk:80/index.php?option=content&task=view&id=799,20080826053630,skip
http://www.press.sk:80/index.php?option=content&task=view&id=799,https://web.archive.org/web/20080827150429/http://www.press.sk:80/index.php?option=content&task=view&id=799,20080827150429,skip
http://www.press.sk:80/index.php?option=content&task=view&id=799,https://web.archive.org/web/20080828221309/http://www.press.sk:80/index.php?option=content&task=view&id=799,20080828221309,skip
http://www.press.sk:80/index.php?option=content&task=view&id=799,https://web.archive.org/web/20080830211714/http://www.press.sk:80/index.php?option=content&task=view&id=799,20080830211714,skip
http://www.press.sk:80/index.php?option=content&task=view&id=799,https://web.archive.org/web/20080904165217/http://www.press.sk:80/index.php?option=content&task=view&id=799,20080904165217,skip
http://www.press.sk:80/index.php?option=content&task=view&id=799,https://web.archive.org/web/20080905210059/http://www.press.sk:80/index.php?option=content&task=view&id=799,20080905210059,skip
http://www.press.sk:80/index.php?option=content&task=view&id=799,https://web.archive.org/web/20080908060521/http://www.press.sk:80/index.php?option=content&task=view&id=799,20080908060521,skip
http://www.press.sk:80/index.php?option=content&task=view&id=800,https://web.archive.org/web/20080701055026/http://www.press.sk:80/index.php?option=content&task=view&id=800,20080701055026,skip
http://www.press.sk:80/index.php?option=content&task=view&id=800,https://web.archive.org/web/20080702063404/http://www.press.sk:80/index.php?option=content&task=view&id=800,20080702063404,skip
http://www.press.sk:80/index.php?option=content&task=view&id=800,https://web.archive.org/web/20080703110408/http://www.press.sk:80/index.php?option=content&task=view&id=800,20080703110408,skip
http://www.press.sk:80/index.php?option=content&task=view&id=800,https://web.archive.org/web/20080704113149/http://www.press.sk:80/index.php?option=content&task=view&id=800,20080704113149,skip
http://www.press.sk:80/index.php?option=content&task=view&id=800,https://web.archive.org/web/20080706152341/http://www.press.sk:80/index.php?option=content&task=view&id=800,20080706152341,skip
http://www.press.sk:80/index.php?option=content&task=view&id=800,https://web.archive.org/web/20080707154334/http://www.press.sk:80/index.php?option=content&task=view&id=800,20080707154334,skip
http://www.press.sk:80/index.php?option=content&task=view&id=800,https://web.archive.org/web/20080708221444/http://www.press.sk:80/index.php?option=content&task=view&id=800,20080708221444,skip
http://www.press.sk:80/index.php?option=content&task=view&id=800,https://web.archive.org/web/20080710010818/http://www.press.sk:80/index.php?option=content&task=view&id=800,20080710010818,skip
http://www.press.sk:80/index.php?option=content&task=view&id=800,https://web.archive.org/web/20080711031908/http://www.press.sk:80/index.php?option=content&task=view&id=800,20080711031908,skip
http://www.press.sk:80/index.php?option=content&task=view&id=800,https://web.archive.org/web/20080712041342/http://www.press.sk:80/index.php?option=content&task=view&id=800,20080712041342,skip
http://www.press.sk:80/index.php?option=content&task=view&id=800,https://web.archive.org/web/20080715171335/http://www.press.sk:80/index.php?option=content&task=view&id=800,20080715171335,skip
http://www.press.sk:80/index.php?option=content&task=view&id=800,https://web.archive.org/web/20080720211708/http://www.press.sk:80/index.php?option=content&task=view&id=800,20080720211708,skip
http://www.press.sk:80/index.php?option=content&task=view&id=800,https://web.archive.org/web/20080723183824/http://www.press.sk:80/index.php?option=content&task=view&id=800,20080723183824,skip
http://www.press.sk:80/index.php?option=content&task=view&id=800,https://web.archive.org/web/20080731192009/http://www.press.sk:80/index.php?option=content&task=view&id=800,20080731192009,skip
http://www.press.sk:80/index.php?option=content&task=view&id=800,https://web.archive.org/web/20080806143909/http://www.press.sk:80/index.php?option=content&task=view&id=800,20080806143909,skip
http://www.press.sk:80/index.php?option=content&task=view&id=800,https://web.archive.org/web/20080808121044/http://www.press.sk:80/index.php?option=content&task=view&id=800,20080808121044,skip
http://www.press.sk:80/index.php?option=content&task=view&id=800,https://web.archive.org/web/20080809184442/http://www.press.sk:80/index.php?option=content&task=view&id=800,20080809184442,skip
http://www.press.sk.:80/index.php?option=content&task=view&id=800,https://web.archive.org/web/20080811232818/http://www.press.sk.:80/index.php?option=content&task=view&id=800,20080811232818,skip
http://www.press.sk:80/index.php?option=content&task=view&id=800,https://web.archive.org/web/20080813123547/http://www.press.sk:80/index.php?option=content&task=view&id=800,20080813123547,skip
http://www.press.sk:80/index.php?option=content&task=view&id=800,https://web.archive.org/web/20080814165256/http://www.press.sk:80/index.php?option=content&task=view&id=800,20080814165256,skip
http://www.press.sk:80/index.php?option=content&task=view&id=800,https://web.archive.org/web/20080815183618/http://www.press.sk:80/index.php?option=content&task=view&id=800,20080815183618,skip
http://www.press.sk:80/index.php?option=content&task=view&id=800,https://web.archive.org/web/20080817011426/http://www.press.sk:80/index.php?option=content&task=view&id=800,20080817011426,skip
http://www.press.sk:80/index.php?option=content&task=view&id=800,https://web.archive.org/web/20080818102500/http://www.press.sk:80/index.php?option=content&task=view&id=800,20080818102500,skip
http://www.press.sk:80/index.php?option=content&task=view&id=800,https://web.archive.org/web/20080819214833/http://www.press.sk:80/index.php?option=content&task=view&id=800,20080819214833,skip
http://www.press.sk:80/index.php?option=content&task=view&id=800,https://web.archive.org/web/20080822044935/http://www.press.sk:80/index.php?option=content&task=view&id=800,20080822044935,skip
http://www.press.sk:80/index.php?option=content&task=view&id=800,https://web.archive.org/web/20080823130150/http://www.press.sk:80/index.php?option=content&task=view&id=800,20080823130150,skip
http://www.press.sk:80/index.php?option=content&task=view&id=800,https://web.archive.org/web/20080824214702/http://www.press.sk:80/index.php?option=content&task=view&id=800,20080824214702,skip
http://www.press.sk:80/index.php?option=content&task=view&id=800,https://web.archive.org/web/20080826053635/http://www.press.sk:80/index.php?option=content&task=view&id=800,20080826053635,skip
http://www.press.sk:80/index.php?option=content&task=view&id=800,https://web.archive.org/web/20080827150447/http://www.press.sk:80/index.php?option=content&task=view&id=800,20080827150447,skip
http://www.press.sk:80/index.php?option=content&task=view&id=800,https://web.archive.org/web/20080828221315/http://www.press.sk:80/index.php?option=content&task=view&id=800,20080828221315,skip
http://www.press.sk:80/index.php?option=content&task=view&id=800,https://web.archive.org/web/20080830211719/http://www.press.sk:80/index.php?option=content&task=view&id=800,20080830211719,skip
http://www.press.sk:80/index.php?option=content&task=view&id=800,https://web.archive.org/web/20080905150303/http://www.press.sk:80/index.php?option=content&task=view&id=800,20080905150303,skip
http://www.press.sk:80/index.php?option=content&task=view&id=800,https://web.archive.org/web/20080908034521/http://www.press.sk:80/index.php?option=content&task=view&id=800,20080908034521,skip
http://www.press.sk:80/index.php?option=content&task=view&id=800,https://web.archive.org/web/20080910072349/http://www.press.sk:80/index.php?option=content&task=view&id=800,20080910072349,skip
http://www.press.sk:80/index.php?option=content&task=view&id=800,https://web.archive.org/web/20080911234702/http://www.press.sk:80/index.php?option=content&task=view&id=800,20080911234702,skip
http://www.press.sk:80/index.php?option=content&task=blogsection&id=9,https://web.archive.org/web/20080701092804/http://www.press.sk:80/index.php?option=content&task=blogsection&id=9,20080701092804,skip
http://www.press.sk:80/index.php?option=content&task=blogsection&id=9,https://web.archive.org/web/20080702113655/http://www.press.sk:80/index.php?option=content&task=blogsection&id=9,20080702113655,skip
http://www.press.sk:80/index.php?option=content&task=blogsection&id=9,https://web.archive.org/web/20080703174904/http://www.press.sk:80/index.php?option=content&task=blogsection&id=9,20080703174904,skip
http://www.press.sk:80/index.php?option=content&task=blogsection&id=9,https://web.archive.org/web/20080705193851/http://www.press.sk:80/index.php?option=content&task=blogsection&id=9,20080705193851,skip
http://www.press.sk:80/index.php?option=content&task=blogsection&id=9,https://web.archive.org/web/20080708221420/http://www.press.sk:80/index.php?option=content&task=blogsection&id=9,20080708221420,skip
http://www.press.sk:80/index.php?option=content&task=blogsection&id=9,https://web.archive.org/web/20080710010750/http://www.press.sk:80/index.php?option=content&task=blogsection&id=9,20080710010750,skip
http://www.press.sk:80/index.php?option=content&task=blogsection&id=9,https://web.archive.org/web/20080711031838/http://www.press.sk:80/index.php?option=content&task=blogsection&id=9,20080711031838,skip
http://www.press.sk:80/index.php?option=content&task=blogsection&id=9,https://web.archive.org/web/20080712041022/http://www.press.sk:80/index.php?option=content&task=blogsection&id=9,20080712041022,skip
http://www.press.sk:80/index.php?option=content&task=blogsection&id=9,https://web.archive.org/web/20080715171229/http://www.press.sk:80/index.php?option=content&task=blogsection&id=9,20080715171229,skip
http://www.press.sk:80/index.php?option=content&task=blogsection&id=9,https://web.archive.org/web/20080720205652/http://www.press.sk:80/index.php?option=content&task=blogsection&id=9,20080720205652,skip
http://www.press.sk:80/index.php?option=content&task=blogsection&id=9,https://web.archive.org/web/20080723183623/http://www.press.sk:80/index.php?option=content&task=blogsection&id=9,20080723183623,skip
http://www.press.sk:80/index.php?option=content&task=blogsection&id=9,https://web.archive.org/web/20080731191328/http://www.press.sk:80/index.php?option=content&task=blogsection&id=9,20080731191328,skip
http://www.press.sk:80/index.php?option=content&task=blogsection&id=9,https://web.archive.org/web/20080806143651/http://www.press.sk:80/index.php?option=content&task=blogsection&id=9,20080806143651,skip
http://www.press.sk:80/index.php?option=content&task=blogsection&id=9,https://web.archive.org/web/20080808121030/http://www.press.sk:80/index.php?option=content&task=blogsection&id=9,20080808121030,skip
http://www.press.sk:80/index.php?option=content&task=blogsection&id=9,https://web.archive.org/web/20080809184341/http://www.press.sk:80/index.php?option=content&task=blogsection&id=9,20080809184341,skip
http://www.press.sk.:80/index.php?option=content&task=blogsection&id=9,https://web.archive.org/web/20080811232714/http://www.press.sk.:80/index.php?option=content&task=blogsection&id=9,20080811232714,skip
http://www.press.sk:80/index.php?option=content&task=blogsection&id=9,https://web.archive.org/web/20080813122923/http://www.press.sk:80/index.php?option=content&task=blogsection&id=9,20080813122923,skip
http://www.press.sk:80/index.php?option=content&task=blogsection&id=9,https://web.archive.org/web/20080814163303/http://www.press.sk:80/index.php?option=content&task=blogsection&id=9,20080814163303,skip
http://www.press.sk:80/index.php?option=content&task=blogsection&id=9,https://web.archive.org/web/20080815183228/http://www.press.sk:80/index.php?option=content&task=blogsection&id=9,20080815183228,skip
http://www.press.sk:80/index.php?option=content&task=blogsection&id=9,https://web.archive.org/web/20080817011327/http://www.press.sk:80/index.php?option=content&task=blogsection&id=9,20080817011327,skip
http://www.press.sk:80/index.php?option=content&task=blogsection&id=9,https://web.archive.org/web/20080818101948/http://www.press.sk:80/index.php?option=content&task=blogsection&id=9,20080818101948,skip
http://www.press.sk:80/index.php?option=content&task=blogsection&id=9,https://web.archive.org/web/20080819214348/http://www.press.sk:80/index.php?option=content&task=blogsection&id=9,20080819214348,skip
http://www.press.sk:80/index.php?option=content&task=blogsection&id=9,https://web.archive.org/web/20080822044833/http://www.press.sk:80/index.php?option=content&task=blogsection&id=9,20080822044833,skip
http://www.press.sk:80/index.php?option=content&task=blogsection&id=9,https://web.archive.org/web/20080823124835/http://www.press.sk:80/index.php?option=content&task=blogsection&id=9,20080823124835,skip
http://www.press.sk:80/index.php?option=content&task=blogsection&id=9,https://web.archive.org/web/20080824212834/http://www.press.sk:80/index.php?option=content&task=blogsection&id=9,20080824212834,skip
http://www.press.sk:80/index.php?option=content&task=blogsection&id=9,https://web.archive.org/web/20080826053253/http://www.press.sk:80/index.php?option=content&task=blogsection&id=9,20080826053253,skip
http://www.press.sk:80/index.php?option=content&task=blogsection&id=9,https://web.archive.org/web/20080827150113/http://www.press.sk:80/index.php?option=content&task=blogsection&id=9,20080827150113,skip
http://www.press.sk:80/index.php?option=content&task=blogsection&id=9,https://web.archive.org/web/20080828221214/http://www.press.sk:80/index.php?option=content&task=blogsection&id=9,20080828221214,skip
http://www.press.sk:80/index.php?option=content&task=blogsection&id=9,https://web.archive.org/web/20080830211619/http://www.press.sk:80/index.php?option=content&task=blogsection&id=9,20080830211619,skip
http://www.press.sk:80/index.php?option=content&task=blogsection&id=9,https://web.archive.org/web/20080905145948/http://www.press.sk:80/index.php?option=content&task=blogsection&id=9,20080905145948,skip
http://www.press.sk:80/index.php?option=content&task=blogsection&id=9,https://web.archive.org/web/20080908034430/http://www.press.sk:80/index.php?option=content&task=blogsection&id=9,20080908034430,skip
http://www.press.sk:80/index.php?option=content&task=blogsection&id=9,https://web.archive.org/web/20080910071956/http://www.press.sk:80/index.php?option=content&task=blogsection&id=9,20080910071956,skip
http://www.press.sk:80/index.php?option=content&task=blogsection&id=9,https://web.archive.org/web/20080911234309/http://www.press.sk:80/index.php?option=content&task=blogsection&id=9,20080911234309,skip
http://www.press.sk:80/index.php?option=content&task=view&id=913&Itemid=,https://web.archive.org/web/20080927103611/http://www.press.sk:80/index.php?option=content&task=view&id=913&Itemid=,20080927103611,skip
http://www.press.sk:80/index.php?option=content&task=view&id=977,https://web.archive.org/web/20080927103616/http://www.press.sk:80/index.php?option=content&task=view&id=977,20080927103616,skip
http://www.press.sk:80/index.php?option=com_events&task=view_month&Itemid=1&month=06&year=2008,https://web.archive.org/web/20080701203702/http://www.press.sk:80/index.php?option=com_events&task=view_month&Itemid=1&month=06&year=2008,20080701203702,skip
http://www.press.sk:80/index.php?option=com_events&task=view_month&Itemid=1&month=07&year=2008,https://web.archive.org/web/20080703205900/http://www.press.sk:80/index.php?option=com_events&task=view_month&Itemid=1&month=07&year=2008,20080703205900,skip
http://www.press.sk:80/index.php?option=com_events&task=view_month&Itemid=1&month=07&year=2008,https://web.archive.org/web/20080704214452/http://www.press.sk:80/index.php?option=com_events&task=view_month&Itemid=1&month=07&year=2008,20080704214452,skip
http://www.press.sk:80/index.php?option=com_events&task=view_month&Itemid=1&month=07&year=2008,https://web.archive.org/web/20080712110036/http://www.press.sk:80/index.php?option=com_events&task=view_month&Itemid=1&month=07&year=2008,20080712110036,skip
http://www.press.sk:80/index.php?option=com_events&task=view_month&Itemid=1&month=07&year=2008,https://web.archive.org/web/20080723183540/http://www.press.sk:80/index.php?option=com_events&task=view_month&Itemid=1&month=07&year=2008,20080723183540,skip
http://www.press.sk:80/index.php?option=com_events&task=view_month&Itemid=1&month=07&year=2008,https://web.archive.org/web/20080731184622/http://www.press.sk:80/index.php?option=com_events&task=view_month&Itemid=1&month=07&year=2008,20080731184622,skip
http://www.press.sk:80/index.php?option=com_events&task=view_month&Itemid=1&month=08&year=2008,https://web.archive.org/web/20080815160541/http://www.press.sk:80/index.php?option=com_events&task=view_month&Itemid=1&month=08&year=2008,20080815160541,skip
http://www.press.sk:80/index.php?option=com_events&task=view_month&Itemid=1&month=08&year=2008,https://web.archive.org/web/20080817011848/http://www.press.sk:80/index.php?option=com_events&task=view_month&Itemid=1&month=08&year=2008,20080817011848,skip
http://www.press.sk:80/index.php?option=com_events&task=view_month&Itemid=1&month=08&year=2008,https://web.archive.org/web/20080818124514/http://www.press.sk:80/index.php?option=com_events&task=view_month&Itemid=1&month=08&year=2008,20080818124514,skip
http://www.press.sk:80/index.php?option=com_events&task=view_month&Itemid=1&month=08&year=2008,https://web.archive.org/web/20080819214231/http://www.press.sk:80/index.php?option=com_events&task=view_month&Itemid=1&month=08&year=2008,20080819214231,skip
http://www.press.sk:80/index.php?option=com_events&task=view_month&Itemid=1&month=08&year=2008,https://web.archive.org/web/20080822052735/http://www.press.sk:80/index.php?option=com_events&task=view_month&Itemid=1&month=08&year=2008,20080822052735,skip
http://www.press.sk:80/index.php?option=com_events&task=view_month&Itemid=1&month=08&year=2008,https://web.archive.org/web/20080823123601/http://www.press.sk:80/index.php?option=com_events&task=view_month&Itemid=1&month=08&year=2008,20080823123601,skip
http://www.press.sk:80/index.php?option=com_events&task=view_month&Itemid=1&month=08&year=2008,https://web.archive.org/web/20080824212111/http://www.press.sk:80/index.php?option=com_events&task=view_month&Itemid=1&month=08&year=2008,20080824212111,skip
http://www.press.sk:80/index.php?option=com_events&task=view_month&Itemid=1&month=08&year=2008,https://web.archive.org/web/20080826052938/http://www.press.sk:80/index.php?option=com_events&task=view_month&Itemid=1&month=08&year=2008,20080826052938,skip
http://www.press.sk:80/index.php?option=com_events&task=view_month&Itemid=1&month=09&year=2008,https://web.archive.org/web/20080905210013/http://www.press.sk:80/index.php?option=com_events&task=view_month&Itemid=1&month=09&year=2008,20080905210013,skip
http://www.press.sk:80/index.php?option=com_events&task=view_month&Itemid=1&month=09&year=2008,https://web.archive.org/web/20080908060156/http://www.press.sk:80/index.php?option=com_events&task=view_month&Itemid=1&month=09&year=2008,20080908060156,skip
http://www.press.sk:80/index.php?option=com_events&task=view_month&Itemid=1&month=09&year=2008,https://web.archive.org/web/20080910071837/http://www.press.sk:80/index.php?option=com_events&task=view_month&Itemid=1&month=09&year=2008,20080910071837,skip
http://www.press.sk:80/index.php?option=com_events&task=view_month&Itemid=1&month=09&year=2008,https://web.archive.org/web/20080911234203/http://www.press.sk:80/index.php?option=com_events&task=view_month&Itemid=1&month=09&year=2008,20080911234203,skip
http://www.press.sk:80/index.php?option=com_frontpage&Itemid=1,https://web.archive.org/web/20080728071220/http://www.press.sk:80/index.php?option=com_frontpage&Itemid=1,20080728071220,skip
http://www.press.sk:80/index.php?option=com_frontpage&Itemid=1,https://web.archive.org/web/20080729104801/http://www.press.sk:80/index.php?option=com_frontpage&Itemid=1,20080729104801,skip
http://www.press.sk:80/index.php?option=com_frontpage&Itemid=1,https://web.archive.org/web/20080805191459/http://www.press.sk:80/index.php?option=com_frontpage&Itemid=1,20080805191459,skip
http://www.press.sk:80/index.php?option=com_frontpage&Itemid=1,https://web.archive.org/web/20080807003813/http://www.press.sk:80/index.php?option=com_frontpage&Itemid=1,20080807003813,skip
http://www.press.sk:80/index.php?option=com_frontpage&Itemid=1,https://web.archive.org/web/20080808030124/http://www.press.sk:80/index.php?option=com_frontpage&Itemid=1,20080808030124,skip
http://www.press.sk:80/index.php?option=com_frontpage&Itemid=1,https://web.archive.org/web/20080809133339/http://www.press.sk:80/index.php?option=com_frontpage&Itemid=1,20080809133339,skip
http://www.press.sk:80/index.php?option=com_frontpage&Itemid=1,https://web.archive.org/web/20080810135729/http://www.press.sk:80/index.php?option=com_frontpage&Itemid=1,20080810135729,skip
http://www.press.sk:80/index.php?option=com_frontpage&Itemid=1,https://web.archive.org/web/20080913123329/http://www.press.sk:80/index.php?option=com_frontpage&Itemid=1,20080913123329,skip
http://www.press.sk:80/index.php?option=com_rsgallery&Itemid=28,https://web.archive.org/web/20080927102723/http://www.press.sk:80/index.php?option=com_rsgallery&Itemid=28,20080927102723,skip
http://www.press.sk:80/index.php?option=com_newsfeeds&Itemid=29,https://web.archive.org/web/20080919052438/http://www.press.sk:80/index.php?option=com_newsfeeds&Itemid=29,20080919052438,skip
http://www.press.sk:80/index.php?option=com_contact&Itemid=3,https://web.archive.org/web/20080806025806/http://www.press.sk:80/index.php?option=com_contact&Itemid=3,20080806025806,skip
http://www.press.sk:80/index.php?option=com_contact&Itemid=3,https://web.archive.org/web/20080807034215/http://www.press.sk:80/index.php?option=com_contact&Itemid=3,20080807034215,skip
http://www.press.sk:80/index.php?option=com_contact&Itemid=3,https://web.archive.org/web/20080808050820/http://www.press.sk:80/index.php?option=com_contact&Itemid=3,20080808050820,skip
http://www.press.sk:80/index.php?option=com_contact&Itemid=3,https://web.archive.org/web/20080809133332/http://www.press.sk:80/index.php?option=com_contact&Itemid=3,20080809133332,skip
http://www.press.sk:80/index.php?option=com_contact&Itemid=3,https://web.archive.org/web/20080810135722/http://www.press.sk:80/index.php?option=com_contact&Itemid=3,20080810135722,skip
http://www.press.sk:80/index.php?option=com_contact&Itemid=3,https://web.archive.org/web/20080913123321/http://www.press.sk:80/index.php?option=com_contact&Itemid=3,20080913123321,skip
http://www.press.sk:80/index.php?option=com_weblinks&Itemid=4,https://web.archive.org/web/20080927101007/http://www.press.sk:80/index.php?option=com_weblinks&Itemid=4,20080927101007,skip
http://www.press.sk:80/index.php?typ_hladania=produkty&search=h%BEada%9D&option=com_phpshop&page=shop.browse&keyword=burda,https://web.archive.org/web/20080922173240/http://www.press.sk:80/index.php?typ_hladania=produkty&search=h%BEada%9D&option=com_phpshop&page=shop.browse&keyword=burda,20080922173240,skip
http://www.press.sk:80/index.php?keyword=klasika+detekt%EDvky&typ_hladania=produkty&Search=H%BEada%9D&option=com_phpshop&page=shop.browse,https://web.archive.org/web/20080919052432/http://www.press.sk:80/index.php?keyword=klasika+detekt%EDvky&typ_hladania=produkty&Search=H%BEada%9D&option=com_phpshop&page=shop.browse,20080919052432,skip
http://press.sk:80/index.php?keyword=LETECTV%CD+%2B+KOSMONAUTIKA+%8APECI%C1L&typ_hladania=produkty&Search=H%BEada%9D&option=com_phpshop&page=shop.browse,https://web.archive.org/web/20080726152956/http://press.sk:80/index.php?keyword=LETECTV%CD+%2B+KOSMONAUTIKA+%8APECI%C1L&typ_hladania=produkty&Search=H%BEada%9D&option=com_phpshop&page=shop.browse,20080726152956,skip
http://press.sk:80/index.php?keyword=LETECTV%CD+%2B+KOSMONAUTIKA+%8APECI%C1L&typ_hladania=produkty&Search=H%BEada%9D&option=com_phpshop&page=shop.browse,https://web.archive.org/web/20080926201216/http://press.sk:80/index.php?keyword=LETECTV%CD+%2B+KOSMONAUTIKA+%8APECI%C1L&typ_hladania=produkty&Search=H%BEada%9D&option=com_phpshop&page=shop.browse,20080926201216,skip
http://www.press.sk:80/index.php?keyword=na%9Ae+kr%E1sn%E1+zahrada&typ_hladania=produkty&search=h%BEada%9D&option=com_phpshop&page=shop.browse,https://web.archive.org/web/20080922173135/http://www.press.sk:80/index.php?keyword=na%9Ae+kr%E1sn%E1+zahrada&typ_hladania=produkty&search=h%BEada%9D&option=com_phpshop&page=shop.browse,20080922173135,skip
http://www.press.sk:80/index.php?option=com_phpshop&page=shop.browse&manufacturer_id=234,https://web.archive.org/web/20080701092715/http://www.press.sk:80/index.php?option=com_phpshop&page=shop.browse&manufacturer_id=234,20080701092715,skip
http://www.press.sk:80/index.php?option=com_phpshop&page=shop.browse&manufacturer_id=234,https://web.archive.org/web/20080703161523/http://www.press.sk:80/index.php?option=com_phpshop&page=shop.browse&manufacturer_id=234,20080703161523,skip
http://www.press.sk:80/index.php?option=com_phpshop&page=shop.browse&manufacturer_id=234,https://web.archive.org/web/20080705193632/http://www.press.sk:80/index.php?option=com_phpshop&page=shop.browse&manufacturer_id=234,20080705193632,skip
http://www.press.sk:80/index.php?option=com_phpshop&page=shop.browse&manufacturer_id=234,https://web.archive.org/web/20080707231254/http://www.press.sk:80/index.php?option=com_phpshop&page=shop.browse&manufacturer_id=234,20080707231254,skip
http://www.press.sk:80/index.php?option=com_phpshop&page=shop.browse&manufacturer_id=234,https://web.archive.org/web/20080710150404/http://www.press.sk:80/index.php?option=com_phpshop&page=shop.browse&manufacturer_id=234,20080710150404,skip
http://www.press.sk:80/index.php?option=com_phpshop&page=shop.browse&manufacturer_id=234,https://web.archive.org/web/20080712040848/http://www.press.sk:80/index.php?option=com_phpshop&page=shop.browse&manufacturer_id=234,20080712040848,skip
http://www.press.sk:80/index.php?option=com_phpshop&page=shop.browse&manufacturer_id=234,https://web.archive.org/web/20080720205543/http://www.press.sk:80/index.php?option=com_phpshop&page=shop.browse&manufacturer_id=234,20080720205543,skip
http://www.press.sk:80/index.php?option=com_phpshop&page=shop.browse&manufacturer_id=234,https://web.archive.org/web/20080723183545/http://www.press.sk:80/index.php?option=com_phpshop&page=shop.browse&manufacturer_id=234,20080723183545,skip
http://www.press.sk:80/index.php?option=com_phpshop&page=shop.browse&manufacturer_id=234,https://web.archive.org/web/20080731191303/http://www.press.sk:80/index.php?option=com_phpshop&page=shop.browse&manufacturer_id=234,20080731191303,skip
http://www.press.sk:80/index.php?option=com_phpshop&page=shop.browse&manufacturer_id=234,https://web.archive.org/web/20080806143539/http://www.press.sk:80/index.php?option=com_phpshop&page=shop.browse&manufacturer_id=234,20080806143539,skip
http://www.press.sk.:80/index.php?option=com_phpshop&page=shop.browse&manufacturer_id=234,https://web.archive.org/web/20080812013951/http://www.press.sk.:80/index.php?option=com_phpshop&page=shop.browse&manufacturer_id=234,20080812013951,skip
http://www.press.sk:80/index.php?option=com_phpshop&page=shop.browse&manufacturer_id=234,https://web.archive.org/web/20080814163203/http://www.press.sk:80/index.php?option=com_phpshop&page=shop.browse&manufacturer_id=234,20080814163203,skip
http://www.press.sk:80/index.php?option=com_phpshop&page=shop.browse&manufacturer_id=234,https://web.archive.org/web/20080815181637/http://www.press.sk:80/index.php?option=com_phpshop&page=shop.browse&manufacturer_id=234,20080815181637,skip
http://www.press.sk:80/index.php?option=com_phpshop&page=shop.browse&manufacturer_id=234,https://web.archive.org/web/20080817011853/http://www.press.sk:80/index.php?option=com_phpshop&page=shop.browse&manufacturer_id=234,20080817011853,skip
http://www.press.sk:80/index.php?option=com_phpshop&page=shop.browse&manufacturer_id=234,https://web.archive.org/web/20080819214241/http://www.press.sk:80/index.php?option=com_phpshop&page=shop.browse&manufacturer_id=234,20080819214241,skip
http://www.press.sk:80/index.php?option=com_phpshop&page=shop.browse&manufacturer_id=234,https://web.archive.org/web/20080822052739/http://www.press.sk:80/index.php?option=com_phpshop&page=shop.browse&manufacturer_id=234,20080822052739,skip
http://www.press.sk:80/index.php?option=com_phpshop&page=shop.browse&manufacturer_id=234,https://web.archive.org/web/20080823123609/http://www.press.sk:80/index.php?option=com_phpshop&page=shop.browse&manufacturer_id=234,20080823123609,skip
http://www.press.sk:80/index.php?option=com_phpshop&page=shop.browse&manufacturer_id=234,https://web.archive.org/web/20080824212124/http://www.press.sk:80/index.php?option=com_phpshop&page=shop.browse&manufacturer_id=234,20080824212124,skip
http://www.press.sk:80/index.php?option=com_phpshop&page=shop.browse&manufacturer_id=234,https://web.archive.org/web/20080826052947/http://www.press.sk:80/index.php?option=com_phpshop&page=shop.browse&manufacturer_id=234,20080826052947,skip
http://www.press.sk:80/index.php?option=com_phpshop&page=shop.browse&manufacturer_id=234,https://web.archive.org/web/20080827150010/http://www.press.sk:80/index.php?option=com_phpshop&page=shop.browse&manufacturer_id=234,20080827150010,skip
http://www.press.sk:80/index.php?option=com_phpshop&page=shop.browse&manufacturer_id=234,https://web.archive.org/web/20080905145845/http://www.press.sk:80/index.php?option=com_phpshop&page=shop.browse&manufacturer_id=234,20080905145845,skip
http://www.press.sk:80/index.php?option=com_phpshop&page=shop.browse&manufacturer_id=234,https://web.archive.org/web/20080908060201/http://www.press.sk:80/index.php?option=com_phpshop&page=shop.browse&manufacturer_id=234,20080908060201,skip
http://www.press.sk:80/index.php?option=com_phpshop&page=shop.browse&manufacturer_id=234,https://web.archive.org/web/20080910071847/http://www.press.sk:80/index.php?option=com_phpshop&page=shop.browse&manufacturer_id=234,20080910071847,skip
http://www.press.sk:80/index.php?option=com_phpshop&page=shop.browse&manufacturer_id=234,https://web.archive.org/web/20080911234212/http://www.press.sk:80/index.php?option=com_phpshop&page=shop.browse&manufacturer_id=234,20080911234212,skip
http://www.press.sk:80/index.php?option=com_phpshop&page=shop.browse&manufacturer_id=515,https://web.archive.org/web/20080916225425/http://www.press.sk:80/index.php?option=com_phpshop&page=shop.browse&manufacturer_id=515,20080916225425,skip
http://www.press.sk:80/index.php?page=account.index&option=com_phpshop,https://web.archive.org/web/20080927095933/http://www.press.sk:80/index.php?page=account.index&option=com_phpshop,20080927095933,skip
http://www.press.sk:80/index.php?page=checkout.index&option=com_phpshop,https://web.archive.org/web/20080806113735/http://www.press.sk:80/index.php?page=checkout.index&option=com_phpshop,20080806113735,skip
http://www.press.sk:80/index.php?page=checkout.index&option=com_phpshop,https://web.archive.org/web/20080808115104/http://www.press.sk:80/index.php?page=checkout.index&option=com_phpshop,20080808115104,skip
http://www.press.sk:80/index.php?option=com_phpshop&page=shop.cart,https://web.archive.org/web/20080913123355/http://www.press.sk:80/index.php?option=com_phpshop&page=shop.cart,20080913123355,skip
http://www.press.sk:80/index.php?page=shop.flypage&product_id=1063&option=com_phpshop,https://web.archive.org/web/20080927093952/http://www.press.sk:80/index.php?page=shop.flypage&product_id=1063&option=com_phpshop,20080927093952,skip
http://www.press.sk:80/index.php?page=shop.flypage&product_id=1565&option=com_phpshop,https://web.archive.org/web/20080925094300/http://www.press.sk:80/index.php?page=shop.flypage&product_id=1565&option=com_phpshop,20080925094300,skip
http://www.press.sk:80/index.php?page=shop.flypage&product_id=199&option=com_phpshop,https://web.archive.org/web/20080703175038/http://www.press.sk:80/index.php?page=shop.flypage&product_id=199&option=com_phpshop,20080703175038,skip
http://www.press.sk:80/index.php?page=shop.flypage&product_id=199&option=com_phpshop,https://web.archive.org/web/20080706202818/http://www.press.sk:80/index.php?page=shop.flypage&product_id=199&option=com_phpshop,20080706202818,skip
http://www.press.sk:80/index.php?page=shop.flypage&product_id=199&option=com_phpshop,https://web.archive.org/web/20080708221117/http://www.press.sk:80/index.php?page=shop.flypage&product_id=199&option=com_phpshop,20080708221117,skip
http://www.press.sk:80/index.php?page=shop.flypage&product_id=199&option=com_phpshop,https://web.archive.org/web/20080710010653/http://www.press.sk:80/index.php?page=shop.flypage&product_id=199&option=com_phpshop,20080710010653,skip
http://www.press.sk:80/index.php?page=shop.flypage&product_id=199&option=com_phpshop,https://web.archive.org/web/20080711032038/http://www.press.sk:80/index.php?page=shop.flypage&product_id=199&option=com_phpshop,20080711032038,skip
http://www.press.sk:80/index.php?page=shop.flypage&product_id=199&option=com_phpshop,https://web.archive.org/web/20080712062534/http://www.press.sk:80/index.php?page=shop.flypage&product_id=199&option=com_phpshop,20080712062534,skip
http://www.press.sk:80/index.php?page=shop.flypage&product_id=199&option=com_phpshop,https://web.archive.org/web/20080715171340/http://www.press.sk:80/index.php?page=shop.flypage&product_id=199&option=com_phpshop,20080715171340,skip
http://www.press.sk:80/index.php?page=shop.flypage&product_id=199&option=com_phpshop,https://web.archive.org/web/20080716230926/http://www.press.sk:80/index.php?page=shop.flypage&product_id=199&option=com_phpshop,20080716230926,skip
http://www.press.sk:80/index.php?page=shop.flypage&product_id=199&option=com_phpshop,https://web.archive.org/web/20080718005623/http://www.press.sk:80/index.php?page=shop.flypage&product_id=199&option=com_phpshop,20080718005623,skip
http://www.press.sk:80/index.php?page=shop.flypage&product_id=199&option=com_phpshop,https://web.archive.org/web/20080719073514/http://www.press.sk:80/index.php?page=shop.flypage&product_id=199&option=com_phpshop,20080719073514,skip
http://www.press.sk:80/index.php?page=shop.flypage&product_id=199&option=com_phpshop,https://web.archive.org/web/20080720105203/http://www.press.sk:80/index.php?page=shop.flypage&product_id=199&option=com_phpshop,20080720105203,skip
http://www.press.sk:80/index.php?page=shop.flypage&product_id=199&option=com_phpshop,https://web.archive.org/web/20080721160136/http://www.press.sk:80/index.php?page=shop.flypage&product_id=199&option=com_phpshop,20080721160136,skip
http://www.press.sk:80/index.php?page=shop.flypage&product_id=199&option=com_phpshop,https://web.archive.org/web/20080722180208/http://www.press.sk:80/index.php?page=shop.flypage&product_id=199&option=com_phpshop,20080722180208,skip
http://www.press.sk:80/index.php?page=shop.flypage&product_id=199&option=com_phpshop,https://web.archive.org/web/20080725041641/http://www.press.sk:80/index.php?page=shop.flypage&product_id=199&option=com_phpshop,20080725041641,skip
http://www.press.sk:80/index.php?page=shop.flypage&product_id=199&option=com_phpshop,https://web.archive.org/web/20080731190041/http://www.press.sk:80/index.php?page=shop.flypage&product_id=199&option=com_phpshop,20080731190041,skip
http://www.press.sk:80/index.php?page=shop.flypage&product_id=199&option=com_phpshop,https://web.archive.org/web/20080806143915/http://www.press.sk:80/index.php?page=shop.flypage&product_id=199&option=com_phpshop,20080806143915,skip
http://www.press.sk:80/index.php?page=shop.flypage&product_id=223&option=com_phpshop,https://web.archive.org/web/20080926201226/http://www.press.sk:80/index.php?page=shop.flypage&product_id=223&option=com_phpshop,20080926201226,skip
http://www.press.sk:80/index.php?page=shop.flypage&product_id=2714&option=com_phpshop,https://web.archive.org/web/20080913123435/http://www.press.sk:80/index.php?page=shop.flypage&product_id=2714&option=com_phpshop,20080913123435,skip
http://www.press.sk:80/index.php?option=com_phpshop&page=shop.flypage&product_id=2877,https://web.archive.org/web/20080801172547/http://www.press.sk:80/index.php?option=com_phpshop&page=shop.flypage&product_id=2877,20080801172547,skip
http://www.press.sk:80/index.php?option=com_phpshop&page=shop.flypage&product_id=2904,https://web.archive.org/web/20080801172552/http://www.press.sk:80/index.php?option=com_phpshop&page=shop.flypage&product_id=2904,20080801172552,skip
http://www.press.sk:80/index.php?page=shop.flypage&product_id=2938&option=com_phpshop,https://web.archive.org/web/20080703175053/http://www.press.sk:80/index.php?page=shop.flypage&product_id=2938&option=com_phpshop,20080703175053,skip
http://www.press.sk:80/index.php?page=shop.flypage&product_id=2938&option=com_phpshop,https://web.archive.org/web/20080706202835/http://www.press.sk:80/index.php?page=shop.flypage&product_id=2938&option=com_phpshop,20080706202835,skip
http://www.press.sk:80/index.php?page=shop.flypage&product_id=2938&option=com_phpshop,https://web.archive.org/web/20080708221505/http://www.press.sk:80/index.php?page=shop.flypage&product_id=2938&option=com_phpshop,20080708221505,skip
http://www.press.sk:80/index.php?page=shop.flypage&product_id=2938&option=com_phpshop,https://web.archive.org/web/20080709222950/http://www.press.sk:80/index.php?page=shop.flypage&product_id=2938&option=com_phpshop,20080709222950,skip
http://www.press.sk:80/index.php?page=shop.flypage&product_id=2938&option=com_phpshop,https://web.archive.org/web/20080710224952/http://www.press.sk:80/index.php?page=shop.flypage&product_id=2938&option=com_phpshop,20080710224952,skip
http://www.press.sk:80/index.php?page=shop.flypage&product_id=2938&option=com_phpshop,https://web.archive.org/web/20080712002424/http://www.press.sk:80/index.php?page=shop.flypage&product_id=2938&option=com_phpshop,20080712002424,skip
http://www.press.sk:80/index.php?page=shop.flypage&product_id=2938&option=com_phpshop,https://web.archive.org/web/20080713061201/http://www.press.sk:80/index.php?page=shop.flypage&product_id=2938&option=com_phpshop,20080713061201,skip
http://www.press.sk:80/index.php?page=shop.flypage&product_id=2938&option=com_phpshop,https://web.archive.org/web/20080714070511/http://www.press.sk:80/index.php?page=shop.flypage&product_id=2938&option=com_phpshop,20080714070511,skip
http://www.press.sk:80/index.php?page=shop.flypage&product_id=2938&option=com_phpshop,https://web.archive.org/web/20080716231014/http://www.press.sk:80/index.php?page=shop.flypage&product_id=2938&option=com_phpshop,20080716231014,skip
http://www.press.sk:80/index.php?page=shop.flypage&product_id=2938&option=com_phpshop,https://web.archive.org/web/20080718005653/http://www.press.sk:80/index.php?page=shop.flypage&product_id=2938&option=com_phpshop,20080718005653,skip
http://www.press.sk:80/index.php?page=shop.flypage&product_id=2938&option=com_phpshop,https://web.archive.org/web/20080719073441/http://www.press.sk:80/index.php?page=shop.flypage&product_id=2938&option=com_phpshop,20080719073441,skip
http://www.press.sk:80/index.php?page=shop.flypage&product_id=2938&option=com_phpshop,https://web.archive.org/web/20080720105024/http://www.press.sk:80/index.php?page=shop.flypage&product_id=2938&option=com_phpshop,20080720105024,skip
http://www.press.sk:80/index.php?page=shop.flypage&product_id=2938&option=com_phpshop,https://web.archive.org/web/20080721160209/http://www.press.sk:80/index.php?page=shop.flypage&product_id=2938&option=com_phpshop,20080721160209,skip
http://www.press.sk:80/index.php?page=shop.flypage&product_id=2938&option=com_phpshop,https://web.archive.org/web/20080722180213/http://www.press.sk:80/index.php?page=shop.flypage&product_id=2938&option=com_phpshop,20080722180213,skip
http://www.press.sk:80/index.php?page=shop.flypage&product_id=2938&option=com_phpshop,https://web.archive.org/web/20080723192043/http://www.press.sk:80/index.php?page=shop.flypage&product_id=2938&option=com_phpshop,20080723192043,skip
http://www.press.sk:80/index.php?page=shop.flypage&product_id=2938&option=com_phpshop,https://web.archive.org/web/20080724232521/http://www.press.sk:80/index.php?page=shop.flypage&product_id=2938&option=com_phpshop,20080724232521,skip
http://www.press.sk:80/index.php?page=shop.flypage&product_id=2938&option=com_phpshop,https://web.archive.org/web/20080726064340/http://www.press.sk:80/index.php?page=shop.flypage&product_id=2938&option=com_phpshop,20080726064340,skip
http://www.press.sk:80/index.php?page=shop.flypage&product_id=2938&option=com_phpshop,https://web.archive.org/web/20080727064947/http://www.press.sk:80/index.php?page=shop.flypage&product_id=2938&option=com_phpshop,20080727064947,skip
http://www.press.sk:80/index.php?page=shop.flypage&product_id=2938&option=com_phpshop,https://web.archive.org/web/20080728073126/http://www.press.sk:80/index.php?page=shop.flypage&product_id=2938&option=com_phpshop,20080728073126,skip
http://www.press.sk:80/index.php?page=shop.flypage&product_id=2938&option=com_phpshop,https://web.archive.org/web/20080731114640/http://www.press.sk:80/index.php?page=shop.flypage&product_id=2938&option=com_phpshop,20080731114640,skip
http://www.press.sk:80/index.php?page=shop.flypage&product_id=2938&option=com_phpshop,https://web.archive.org/web/20080806062055/http://www.press.sk:80/index.php?page=shop.flypage&product_id=2938&option=com_phpshop,20080806062055,skip
http://www.press.sk:80/index.php?page=shop.flypage&product_id=2938&option=com_phpshop,https://web.archive.org/web/20080807064607/http://www.press.sk:80/index.php?page=shop.flypage&product_id=2938&option=com_phpshop,20080807064607,skip
http://www.press.sk:80/index.php?page=shop.flypage&product_id=2938&option=com_phpshop,https://web.archive.org/web/20080808084944/http://www.press.sk:80/index.php?page=shop.flypage&product_id=2938&option=com_phpshop,20080808084944,skip
http://www.press.sk:80/index.php?page=shop.flypage&product_id=2938&option=com_phpshop,https://web.archive.org/web/20080812014015/http://www.press.sk:80/index.php?page=shop.flypage&product_id=2938&option=com_phpshop,20080812014015,skip
http://www.press.sk:80/index.php?page=shop.flypage&product_id=2938&option=com_phpshop,https://web.archive.org/web/20080905090800/http://www.press.sk:80/index.php?page=shop.flypage&product_id=2938&option=com_phpshop,20080905090800,skip
http://www.press.sk:80/index.php?page=shop.flypage&product_id=2938&option=com_phpshop,https://web.archive.org/web/20080906192332/http://www.press.sk:80/index.php?page=shop.flypage&product_id=2938&option=com_phpshop,20080906192332,skip
http://www.press.sk:80/index.php?page=shop.flypage&product_id=2938&option=com_phpshop,https://web.archive.org/web/20080908015200/http://www.press.sk:80/index.php?page=shop.flypage&product_id=2938&option=com_phpshop,20080908015200,skip
http://www.press.sk:80/index.php?page=shop.flypage&product_id=2938&option=com_phpshop,https://web.archive.org/web/20080909075515/http://www.press.sk:80/index.php?page=shop.flypage&product_id=2938&option=com_phpshop,20080909075515,skip
http://www.press.sk:80/index.php?page=shop.flypage&product_id=2938&option=com_phpshop,https://web.archive.org/web/20080910122154/http://www.press.sk:80/index.php?page=shop.flypage&product_id=2938&option=com_phpshop,20080910122154,skip
http://www.press.sk:80/index.php?page=shop.flypage&product_id=2938&option=com_phpshop,https://web.archive.org/web/20080911201350/http://www.press.sk:80/index.php?page=shop.flypage&product_id=2938&option=com_phpshop,20080911201350,skip
http://www.press.sk:80/index.php?option=com_phpshop&page=shop.flypage&product_id=3000,https://web.archive.org/web/20080801174320/http://www.press.sk:80/index.php?option=com_phpshop&page=shop.flypage&product_id=3000,20080801174320,skip
http://www.press.sk:80/index.php?option=com_phpshop&page=shop.flypage&product_id=3100,https://web.archive.org/web/20080801172557/http://www.press.sk:80/index.php?option=com_phpshop&page=shop.flypage&product_id=3100,20080801172557,skip
http://www.press.sk:80/index.php?option=com_phpshop&page=shop.flypage&product_id=3190,https://web.archive.org/web/20080801172602/http://www.press.sk:80/index.php?option=com_phpshop&page=shop.flypage&product_id=3190,20080801172602,skip
http://www.press.sk:80/index.php?option=com_phpshop&page=shop.flypage&product_id=3220,https://web.archive.org/web/20080801172607/http://www.press.sk:80/index.php?option=com_phpshop&page=shop.flypage&product_id=3220,20080801172607,skip
http://www.press.sk:80/index.php?option=com_phpshop&page=shop.flypage&product_id=3242,https://web.archive.org/web/20080801172612/http://www.press.sk:80/index.php?option=com_phpshop&page=shop.flypage&product_id=3242,20080801172612,skip
http://www.press.sk:80/index.php?option=com_phpshop&page=shop.flypage&product_id=3424,https://web.archive.org/web/20080801172617/http://www.press.sk:80/index.php?option=com_phpshop&page=shop.flypage&product_id=3424,20080801172617,skip
http://www.press.sk:80/index.php?option=com_phpshop&page=shop.flypage&product_id=3449,https://web.archive.org/web/20080801174326/http://www.press.sk:80/index.php?option=com_phpshop&page=shop.flypage&product_id=3449,20080801174326,skip
http://www.press.sk:80/index.php?option=com_phpshop&page=shop.flypage&product_id=3460,https://web.archive.org/web/20080801172623/http://www.press.sk:80/index.php?option=com_phpshop&page=shop.flypage&product_id=3460,20080801172623,skip
http://www.press.sk:80/index.php?option=com_phpshop&page=shop.flypage&product_id=3461,https://web.archive.org/web/20080801174331/http://www.press.sk:80/index.php?option=com_phpshop&page=shop.flypage&product_id=3461,20080801174331,skip
http://www.press.sk:80/index.php?option=com_phpshop&page=shop.flypage&product_id=3508,https://web.archive.org/web/20080801174337/http://www.press.sk:80/index.php?option=com_phpshop&page=shop.flypage&product_id=3508,20080801174337,skip
http://www.press.sk:80/index.php?option=com_phpshop&page=shop.flypage&product_id=3644,https://web.archive.org/web/20080726153023/http://www.press.sk:80/index.php?option=com_phpshop&page=shop.flypage&product_id=3644,20080726153023,skip
http://www.press.sk:80/index.php?option=com_phpshop&page=shop.flypage&product_id=3703,https://web.archive.org/web/20080801172629/http://www.press.sk:80/index.php?option=com_phpshop&page=shop.flypage&product_id=3703,20080801172629,skip
http://www.press.sk:80/index.php?option=com_phpshop&page=shop.flypage&product_id=3721,https://web.archive.org/web/20080801174342/http://www.press.sk:80/index.php?option=com_phpshop&page=shop.flypage&product_id=3721,20080801174342,skip
http://www.press.sk:80/index.php?option=com_phpshop&page=shop.flypage&product_id=3754,https://web.archive.org/web/20080801174347/http://www.press.sk:80/index.php?option=com_phpshop&page=shop.flypage&product_id=3754,20080801174347,skip
http://www.press.sk:80/index.php?option=com_phpshop&page=shop.flypage&product_id=3772,https://web.archive.org/web/20080801172635/http://www.press.sk:80/index.php?option=com_phpshop&page=shop.flypage&product_id=3772,20080801172635,skip
http://www.press.sk:80/index.php?option=com_phpshop&page=shop.flypage&product_id=3775,https://web.archive.org/web/20080801174352/http://www.press.sk:80/index.php?option=com_phpshop&page=shop.flypage&product_id=3775,20080801174352,skip
http://www.press.sk:80/index.php?option=com_phpshop&page=shop.flypage&product_id=3786,https://web.archive.org/web/20080801172700/http://www.press.sk:80/index.php?option=com_phpshop&page=shop.flypage&product_id=3786,20080801172700,skip
http://www.press.sk:80/index.php?option=com_phpshop&page=shop.flypage&product_id=3875,https://web.archive.org/web/20080801172703/http://www.press.sk:80/index.php?option=com_phpshop&page=shop.flypage&product_id=3875,20080801172703,skip
http://www.press.sk:80/index.php?option=com_phpshop&page=shop.flypage&product_id=3898,https://web.archive.org/web/20080801174357/http://www.press.sk:80/index.php?option=com_phpshop&page=shop.flypage&product_id=3898,20080801174357,skip
http://www.press.sk:80/index.php?option=com_phpshop&page=shop.flypage&product_id=3906,https://web.archive.org/web/20080801174403/http://www.press.sk:80/index.php?option=com_phpshop&page=shop.flypage&product_id=3906,20080801174403,skip
http://www.press.sk:80/index.php?option=com_phpshop&page=shop.flypage&product_id=3913,https://web.archive.org/web/20080801174408/http://www.press.sk:80/index.php?option=com_phpshop&page=shop.flypage&product_id=3913,20080801174408,skip
http://www.press.sk:80/index.php?page=shop.flypage&product_id=3949&option=com_phpshop,https://web.archive.org/web/20080701095832/http://www.press.sk:80/index.php?page=shop.flypage&product_id=3949&option=com_phpshop,20080701095832,skip
http://www.press.sk:80/index.php?page=shop.flypage&product_id=3949&option=com_phpshop,https://web.archive.org/web/20080702113633/http://www.press.sk:80/index.php?page=shop.flypage&product_id=3949&option=com_phpshop,20080702113633,skip
http://www.press.sk:80/index.php?page=shop.flypage&product_id=3949&option=com_phpshop,https://web.archive.org/web/20080703162935/http://www.press.sk:80/index.php?page=shop.flypage&product_id=3949&option=com_phpshop,20080703162935,skip
http://www.press.sk:80/index.php?page=shop.flypage&product_id=3996&option=com_phpshop,https://web.archive.org/web/20080701203722/http://www.press.sk:80/index.php?page=shop.flypage&product_id=3996&option=com_phpshop,20080701203722,skip
http://www.press.sk:80/index.php?page=shop.flypage&product_id=3996&option=com_phpshop,https://web.archive.org/web/20080703175059/http://www.press.sk:80/index.php?page=shop.flypage&product_id=3996&option=com_phpshop,20080703175059,skip
http://www.press.sk:80/index.php?page=shop.flypage&product_id=3996&option=com_phpshop,https://web.archive.org/web/20080706202424/http://www.press.sk:80/index.php?page=shop.flypage&product_id=3996&option=com_phpshop,20080706202424,skip
http://www.press.sk:80/index.php?page=shop.flypage&product_id=3996&option=com_phpshop,https://web.archive.org/web/20080707230705/http://www.press.sk:80/index.php?page=shop.flypage&product_id=3996&option=com_phpshop,20080707230705,skip
http://www.press.sk:80/index.php?page=shop.flypage&product_id=3996&option=com_phpshop,https://web.archive.org/web/20080710150724/http://www.press.sk:80/index.php?page=shop.flypage&product_id=3996&option=com_phpshop,20080710150724,skip
http://www.press.sk:80/index.php?page=shop.flypage&product_id=3996&option=com_phpshop,https://web.archive.org/web/20080712110101/http://www.press.sk:80/index.php?page=shop.flypage&product_id=3996&option=com_phpshop,20080712110101,skip
http://www.press.sk:80/index.php?page=shop.flypage&product_id=3997&option=com_phpshop,https://web.archive.org/web/20080701203932/http://www.press.sk:80/index.php?page=shop.flypage&product_id=3997&option=com_phpshop,20080701203932,skip
http://www.press.sk:80/index.php?page=shop.flypage&product_id=3997&option=com_phpshop,https://web.archive.org/web/20080703162940/http://www.press.sk:80/index.php?page=shop.flypage&product_id=3997&option=com_phpshop,20080703162940,skip
http://www.press.sk:80/index.php?page=shop.flypage&product_id=3997&option=com_phpshop,https://web.archive.org/web/20080706202429/http://www.press.sk:80/index.php?page=shop.flypage&product_id=3997&option=com_phpshop,20080706202429,skip
http://www.press.sk:80/index.php?page=shop.flypage&product_id=3997&option=com_phpshop,https://web.archive.org/web/20080707230710/http://www.press.sk:80/index.php?page=shop.flypage&product_id=3997&option=com_phpshop,20080707230710,skip
http://www.press.sk:80/index.php?page=shop.flypage&product_id=3997&option=com_phpshop,https://web.archive.org/web/20080710150730/http://www.press.sk:80/index.php?page=shop.flypage&product_id=3997&option=com_phpshop,20080710150730,skip
http://www.press.sk:80/index.php?page=shop.flypage&product_id=3997&option=com_phpshop,https://web.archive.org/web/20080712110106/http://www.press.sk:80/index.php?page=shop.flypage&product_id=3997&option=com_phpshop,20080712110106,skip
http://www.press.sk:80/index.php?page=shop.flypage&product_id=3999&option=com_phpshop,https://web.archive.org/web/20080701203728/http://www.press.sk:80/index.php?page=shop.flypage&product_id=3999&option=com_phpshop,20080701203728,skip
http://www.press.sk:80/index.php?page=shop.flypage&product_id=3999&option=com_phpshop,https://web.archive.org/web/20080703175106/http://www.press.sk:80/index.php?page=shop.flypage&product_id=3999&option=com_phpshop,20080703175106,skip
http://www.press.sk:80/index.php?page=shop.flypage&product_id=3999&option=com_phpshop,https://web.archive.org/web/20080706202903/http://www.press.sk:80/index.php?page=shop.flypage&product_id=3999&option=com_phpshop,20080706202903,skip
http://www.press.sk:80/index.php?page=shop.flypage&product_id=3999&option=com_phpshop,https://web.archive.org/web/20080707231412/http://www.press.sk:80/index.php?page=shop.flypage&product_id=3999&option=com_phpshop,20080707231412,skip
http://www.press.sk:80/index.php?page=shop.flypage&product_id=3999&option=com_phpshop,https://web.archive.org/web/20080710150737/http://www.press.sk:80/index.php?page=shop.flypage&product_id=3999&option=com_phpshop,20080710150737,skip
http://www.press.sk:80/index.php?page=shop.flypage&product_id=3999&option=com_phpshop,https://web.archive.org/web/20080712104952/http://www.press.sk:80/index.php?page=shop.flypage&product_id=3999&option=com_phpshop,20080712104952,skip
http://www.press.sk:80/index.php?page=shop.flypage&product_id=4004&option=com_phpshop,https://web.archive.org/web/20080905090827/http://www.press.sk:80/index.php?page=shop.flypage&product_id=4004&option=com_phpshop,20080905090827,skip
http://www.press.sk:80/index.php?page=shop.flypage&product_id=4004&option=com_phpshop,https://web.archive.org/web/20080906192347/http://www.press.sk:80/index.php?page=shop.flypage&product_id=4004&option=com_phpshop,20080906192347,skip
http://www.press.sk:80/index.php?page=shop.flypage&product_id=4004&option=com_phpshop,https://web.archive.org/web/20080908015206/http://www.press.sk:80/index.php?page=shop.flypage&product_id=4004&option=com_phpshop,20080908015206,skip
http://www.press.sk:80/index.php?page=shop.flypage&product_id=4004&option=com_phpshop,https://web.archive.org/web/20080909075521/http://www.press.sk:80/index.php?page=shop.flypage&product_id=4004&option=com_phpshop,20080909075521,skip
http://www.press.sk:80/index.php?page=shop.flypage&product_id=4004&option=com_phpshop,https://web.archive.org/web/20080910122159/http://www.press.sk:80/index.php?page=shop.flypage&product_id=4004&option=com_phpshop,20080910122159,skip
http://www.press.sk:80/index.php?page=shop.flypage&product_id=4004&option=com_phpshop,https://web.archive.org/web/20080911201359/http://www.press.sk:80/index.php?page=shop.flypage&product_id=4004&option=com_phpshop,20080911201359,skip
http://www.press.sk:80/index.php?page=shop.flypage&product_id=4010&option=com_phpshop,https://web.archive.org/web/20080701203732/http://www.press.sk:80/index.php?page=shop.flypage&product_id=4010&option=com_phpshop,20080701203732,skip
http://www.press.sk:80/index.php?page=shop.flypage&product_id=4010&option=com_phpshop,https://web.archive.org/web/20080703162945/http://www.press.sk:80/index.php?page=shop.flypage&product_id=4010&option=com_phpshop,20080703162945,skip
http://www.press.sk:80/index.php?page=shop.flypage&product_id=4010&option=com_phpshop,https://web.archive.org/web/20080706202906/http://www.press.sk:80/index.php?page=shop.flypage&product_id=4010&option=com_phpshop,20080706202906,skip
http://www.press.sk:80/index.php?page=shop.flypage&product_id=4010&option=com_phpshop,https://web.archive.org/web/20080707230715/http://www.press.sk:80/index.php?page=shop.flypage&product_id=4010&option=com_phpshop,20080707230715,skip
http://www.press.sk:80/index.php?page=shop.flypage&product_id=4010&option=com_phpshop,https://web.archive.org/web/20080710150740/http://www.press.sk:80/index.php?page=shop.flypage&product_id=4010&option=com_phpshop,20080710150740,skip
http://www.press.sk:80/index.php?page=shop.flypage&product_id=4010&option=com_phpshop,https://web.archive.org/web/20080712110111/http://www.press.sk:80/index.php?page=shop.flypage&product_id=4010&option=com_phpshop,20080712110111,skip
http://www.press.sk:80/index.php?page=shop.flypage&product_id=4012&option=com_phpshop,https://web.archive.org/web/20080701203936/http://www.press.sk:80/index.php?page=shop.flypage&product_id=4012&option=com_phpshop,20080701203936,skip
http://www.press.sk:80/index.php?page=shop.flypage&product_id=4012&option=com_phpshop,https://web.archive.org/web/20080703162951/http://www.press.sk:80/index.php?page=shop.flypage&product_id=4012&option=com_phpshop,20080703162951,skip
http://www.press.sk:80/index.php?page=shop.flypage&product_id=4012&option=com_phpshop,https://web.archive.org/web/20080706202911/http://www.press.sk:80/index.php?page=shop.flypage&product_id=4012&option=com_phpshop,20080706202911,skip
http://www.press.sk:80/index.php?page=shop.flypage&product_id=4012&option=com_phpshop,https://web.archive.org/web/20080707231417/http://www.press.sk:80/index.php?page=shop.flypage&product_id=4012&option=com_phpshop,20080707231417,skip
http://www.press.sk:80/index.php?page=shop.flypage&product_id=4012&option=com_phpshop,https://web.archive.org/web/20080710150747/http://www.press.sk:80/index.php?page=shop.flypage&product_id=4012&option=com_phpshop,20080710150747,skip
http://www.press.sk:80/index.php?page=shop.flypage&product_id=4012&option=com_phpshop,https://web.archive.org/web/20080712104958/http://www.press.sk:80/index.php?page=shop.flypage&product_id=4012&option=com_phpshop,20080712104958,skip
http://www.press.sk:80/index.php?page=shop.flypage&product_id=4018&option=com_phpshop,https://web.archive.org/web/20080701203739/http://www.press.sk:80/index.php?page=shop.flypage&product_id=4018&option=com_phpshop,20080701203739,skip
http://www.press.sk:80/index.php?page=shop.flypage&product_id=4018&option=com_phpshop,https://web.archive.org/web/20080703175113/http://www.press.sk:80/index.php?page=shop.flypage&product_id=4018&option=com_phpshop,20080703175113,skip
http://www.press.sk:80/index.php?page=shop.flypage&product_id=4018&option=com_phpshop,https://web.archive.org/web/20080706202434/http://www.press.sk:80/index.php?page=shop.flypage&product_id=4018&option=com_phpshop,20080706202434,skip
http://www.press.sk:80/index.php?page=shop.flypage&product_id=4018&option=com_phpshop,https://web.archive.org/web/20080707231424/http://www.press.sk:80/index.php?page=shop.flypage&product_id=4018&option=com_phpshop,20080707231424,skip
http://www.press.sk:80/index.php?page=shop.flypage&product_id=4018&option=com_phpshop,https://web.archive.org/web/20080710150751/http://www.press.sk:80/index.php?page=shop.flypage&product_id=4018&option=com_phpshop,20080710150751,skip
http://www.press.sk:80/index.php?page=shop.flypage&product_id=4018&option=com_phpshop,https://web.archive.org/web/20080712105003/http://www.press.sk:80/index.php?page=shop.flypage&product_id=4018&option=com_phpshop,20080712105003,skip
http://www.press.sk:80/index.php?page=shop.flypage&product_id=4019&option=com_phpshop,https://web.archive.org/web/20080701203943/http://www.press.sk:80/index.php?page=shop.flypage&product_id=4019&option=com_phpshop,20080701203943,skip
http://www.press.sk:80/index.php?page=shop.flypage&product_id=4019&option=com_phpshop,https://web.archive.org/web/20080703162955/http://www.press.sk:80/index.php?page=shop.flypage&product_id=4019&option=com_phpshop,20080703162955,skip
http://www.press.sk:80/index.php?page=shop.flypage&product_id=4019&option=com_phpshop,https://web.archive.org/web/20080706202439/http://www.press.sk:80/index.php?page=shop.flypage&product_id=4019&option=com_phpshop,20080706202439,skip
http://www.press.sk:80/index.php?page=shop.flypage&product_id=4019&option=com_phpshop,https://web.archive.org/web/20080707231429/http://www.press.sk:80/index.php?page=shop.flypage&product_id=4019&option=com_phpshop,20080707231429,skip
http://www.press.sk:80/index.php?page=shop.flypage&product_id=4019&option=com_phpshop,https://web.archive.org/web/20080710150758/http://www.press.sk:80/index.php?page=shop.flypage&product_id=4019&option=com_phpshop,20080710150758,skip
http://www.press.sk:80/index.php?page=shop.flypage&product_id=4019&option=com_phpshop,https://web.archive.org/web/20080712105008/http://www.press.sk:80/index.php?page=shop.flypage&product_id=4019&option=com_phpshop,20080712105008,skip
http://www.press.sk:80/index.php?page=shop.flypage&product_id=4036&option=com_phpshop,https://web.archive.org/web/20080701203742/http://www.press.sk:80/index.php?page=shop.flypage&product_id=4036&option=com_phpshop,20080701203742,skip
http://www.press.sk:80/index.php?page=shop.flypage&product_id=4036&option=com_phpshop,https://web.archive.org/web/20080703163003/http://www.press.sk:80/index.php?page=shop.flypage&product_id=4036&option=com_phpshop,20080703163003,skip
http://www.press.sk:80/index.php?page=shop.flypage&product_id=4036&option=com_phpshop,https://web.archive.org/web/20080706202445/http://www.press.sk:80/index.php?page=shop.flypage&product_id=4036&option=com_phpshop,20080706202445,skip
http://www.press.sk:80/index.php?page=shop.flypage&product_id=4036&option=com_phpshop,https://web.archive.org/web/20080707230720/http://www.press.sk:80/index.php?page=shop.flypage&product_id=4036&option=com_phpshop,20080707230720,skip
http://www.press.sk:80/index.php?page=shop.flypage&product_id=4036&option=com_phpshop,https://web.archive.org/web/20080710150802/http://www.press.sk:80/index.php?page=shop.flypage&product_id=4036&option=com_phpshop,20080710150802,skip
http://www.press.sk:80/index.php?page=shop.flypage&product_id=4036&option=com_phpshop,https://web.archive.org/web/20080712110118/http://www.press.sk:80/index.php?page=shop.flypage&product_id=4036&option=com_phpshop,20080712110118,skip
http://www.press.sk:80/index.php?page=shop.flypage&product_id=4038&option=com_phpshop,https://web.archive.org/web/20080731010211/http://www.press.sk:80/index.php?page=shop.flypage&product_id=4038&option=com_phpshop,20080731010211,skip
http://www.press.sk:80/index.php?page=shop.flypage&product_id=4038&option=com_phpshop,https://web.archive.org/web/20080806113744/http://www.press.sk:80/index.php?page=shop.flypage&product_id=4038&option=com_phpshop,20080806113744,skip
http://www.press.sk:80/index.php?option=com_phpshop&page=shop.flypage&product_id=4058,https://web.archive.org/web/20080731184632/http://www.press.sk:80/index.php?option=com_phpshop&page=shop.flypage&product_id=4058,20080731184632,skip
http://www.press.sk:80/index.php?page=shop.flypage&product_id=4058&option=com_phpshop,https://web.archive.org/web/20080806060614/http://www.press.sk:80/index.php?page=shop.flypage&product_id=4058&option=com_phpshop,20080806060614,skip
http://www.press.sk:80/index.php?page=shop.flypage&product_id=4058&option=com_phpshop,https://web.archive.org/web/20080807065232/http://www.press.sk:80/index.php?page=shop.flypage&product_id=4058&option=com_phpshop,20080807065232,skip
http://www.press.sk:80/index.php?page=shop.flypage&product_id=4058&option=com_phpshop,https://web.archive.org/web/20080808084803/http://www.press.sk:80/index.php?page=shop.flypage&product_id=4058&option=com_phpshop,20080808084803,skip
http://www.press.sk:80/index.php?page=shop.flypage&product_id=4058&option=com_phpshop,https://web.archive.org/web/20080809133356/http://www.press.sk:80/index.php?page=shop.flypage&product_id=4058&option=com_phpshop,20080809133356,skip
http://www.press.sk:80/index.php?option=com_phpshop&page=shop.flypage&product_id=4062,https://web.archive.org/web/20080801174414/http://www.press.sk:80/index.php?option=com_phpshop&page=shop.flypage&product_id=4062,20080801174414,skip
http://www.press.sk:80/index.php?page=shop.flypage&product_id=4062&option=com_phpshop,https://web.archive.org/web/20080806060621/http://www.press.sk:80/index.php?page=shop.flypage&product_id=4062&option=com_phpshop,20080806060621,skip
http://www.press.sk:80/index.php?page=shop.flypage&product_id=4062&option=com_phpshop,https://web.archive.org/web/20080807065238/http://www.press.sk:80/index.php?page=shop.flypage&product_id=4062&option=com_phpshop,20080807065238,skip
http://www.press.sk:80/index.php?page=shop.flypage&product_id=4062&option=com_phpshop,https://web.archive.org/web/20080808084809/http://www.press.sk:80/index.php?page=shop.flypage&product_id=4062&option=com_phpshop,20080808084809,skip
http://www.press.sk:80/index.php?page=shop.flypage&product_id=4062&option=com_phpshop,https://web.archive.org/web/20080809133402/http://www.press.sk:80/index.php?page=shop.flypage&product_id=4062&option=com_phpshop,20080809133402,skip
http://www.press.sk:80/index.php?page=shop.flypage&product_id=4067&option=com_phpshop,https://web.archive.org/web/20080801172738/http://www.press.sk:80/index.php?page=shop.flypage&product_id=4067&option=com_phpshop,20080801172738,skip
http://www.press.sk.:80/index.php?page=shop.flypage&product_id=4067&option=com_phpshop,https://web.archive.org/web/20080812014308/http://www.press.sk.:80/index.php?page=shop.flypage&product_id=4067&option=com_phpshop,20080812014308,skip
http://www.press.sk:80/index.php?page=shop.flypage&product_id=4067&option=com_phpshop,https://web.archive.org/web/20080813144757/http://www.press.sk:80/index.php?page=shop.flypage&product_id=4067&option=com_phpshop,20080813144757,skip
http://www.press.sk:80/index.php?page=shop.flypage&product_id=4067&option=com_phpshop,https://web.archive.org/web/20080814165533/http://www.press.sk:80/index.php?page=shop.flypage&product_id=4067&option=com_phpshop,20080814165533,skip
http://www.press.sk:80/index.php?page=shop.flypage&product_id=4067&option=com_phpshop,https://web.archive.org/web/20080815183637/http://www.press.sk:80/index.php?page=shop.flypage&product_id=4067&option=com_phpshop,20080815183637,skip
http://www.press.sk:80/index.php?page=shop.flypage&product_id=4067&option=com_phpshop,https://web.archive.org/web/20080817012244/http://www.press.sk:80/index.php?page=shop.flypage&product_id=4067&option=com_phpshop,20080817012244,skip
http://www.press.sk:80/index.php?page=shop.flypage&product_id=4067&option=com_phpshop,https://web.archive.org/web/20080818102518/http://www.press.sk:80/index.php?page=shop.flypage&product_id=4067&option=com_phpshop,20080818102518,skip
http://www.press.sk:80/index.php?page=shop.flypage&product_id=4067&option=com_phpshop,https://web.archive.org/web/20080819214852/http://www.press.sk:80/index.php?page=shop.flypage&product_id=4067&option=com_phpshop,20080819214852,skip
http://www.press.sk:80/index.php?page=shop.flypage&product_id=4067&option=com_phpshop,https://web.archive.org/web/20080822053131/http://www.press.sk:80/index.php?page=shop.flypage&product_id=4067&option=com_phpshop,20080822053131,skip
http://www.press.sk:80/index.php?page=shop.flypage&product_id=4067&option=com_phpshop,https://web.archive.org/web/20080823130220/http://www.press.sk:80/index.php?page=shop.flypage&product_id=4067&option=com_phpshop,20080823130220,skip
http://www.press.sk:80/index.php?page=shop.flypage&product_id=4067&option=com_phpshop,https://web.archive.org/web/20080824214718/http://www.press.sk:80/index.php?page=shop.flypage&product_id=4067&option=com_phpshop,20080824214718,skip
http://www.press.sk:80/index.php?page=shop.flypage&product_id=4070&option=com_phpshop,https://web.archive.org/web/20080801172743/http://www.press.sk:80/index.php?page=shop.flypage&product_id=4070&option=com_phpshop,20080801172743,skip
http://www.press.sk.:80/index.php?page=shop.flypage&product_id=4070&option=com_phpshop,https://web.archive.org/web/20080812014313/http://www.press.sk.:80/index.php?page=shop.flypage&product_id=4070&option=com_phpshop,20080812014313,skip
http://www.press.sk:80/index.php?page=shop.flypage&product_id=4070&option=com_phpshop,https://web.archive.org/web/20080813144802/http://www.press.sk:80/index.php?page=shop.flypage&product_id=4070&option=com_phpshop,20080813144802,skip
http://www.press.sk:80/index.php?page=shop.flypage&product_id=4070&option=com_phpshop,https://web.archive.org/web/20080814165308/http://www.press.sk:80/index.php?page=shop.flypage&product_id=4070&option=com_phpshop,20080814165308,skip
http://www.press.sk:80/index.php?page=shop.flypage&product_id=4070&option=com_phpshop,https://web.archive.org/web/20080815183643/http://www.press.sk:80/index.php?page=shop.flypage&product_id=4070&option=com_phpshop,20080815183643,skip
http://www.press.sk:80/index.php?page=shop.flypage&product_id=4070&option=com_phpshop,https://web.archive.org/web/20080817012249/http://www.press.sk:80/index.php?page=shop.flypage&product_id=4070&option=com_phpshop,20080817012249,skip
http://www.press.sk:80/index.php?page=shop.flypage&product_id=4070&option=com_phpshop,https://web.archive.org/web/20080818102524/http://www.press.sk:80/index.php?page=shop.flypage&product_id=4070&option=com_phpshop,20080818102524,skip
http://www.press.sk:80/index.php?page=shop.flypage&product_id=4070&option=com_phpshop,https://web.archive.org/web/20080819214857/http://www.press.sk:80/index.php?page=shop.flypage&product_id=4070&option=com_phpshop,20080819214857,skip
http://www.press.sk:80/index.php?page=shop.flypage&product_id=4070&option=com_phpshop,https://web.archive.org/web/20080822053647/http://www.press.sk:80/index.php?page=shop.flypage&product_id=4070&option=com_phpshop,20080822053647,skip
http://www.press.sk:80/index.php?page=shop.flypage&product_id=4070&option=com_phpshop,https://web.archive.org/web/20080823130225/http://www.press.sk:80/index.php?page=shop.flypage&product_id=4070&option=com_phpshop,20080823130225,skip
http://www.press.sk:80/index.php?page=shop.flypage&product_id=4070&option=com_phpshop,https://web.archive.org/web/20080824214723/http://www.press.sk:80/index.php?page=shop.flypage&product_id=4070&option=com_phpshop,20080824214723,skip
http://www.press.sk:80/index.php?page=shop.flypage&product_id=4079&option=com_phpshop,https://web.archive.org/web/20080801172812/http://www.press.sk:80/index.php?page=shop.flypage&product_id=4079&option=com_phpshop,20080801172812,skip
http://www.press.sk.:80/index.php?page=shop.flypage&product_id=4079&option=com_phpshop,https://web.archive.org/web/20080812014320/http://www.press.sk.:80/index.php?page=shop.flypage&product_id=4079&option=com_phpshop,20080812014320,skip
http://www.press.sk:80/index.php?page=shop.flypage&product_id=4079&option=com_phpshop,https://web.archive.org/web/20080813144807/http://www.press.sk:80/index.php?page=shop.flypage&product_id=4079&option=com_phpshop,20080813144807,skip
http://www.press.sk:80/index.php?page=shop.flypage&product_id=4079&option=com_phpshop,https://web.archive.org/web/20080814165540/http://www.press.sk:80/index.php?page=shop.flypage&product_id=4079&option=com_phpshop,20080814165540,skip
http://www.press.sk:80/index.php?page=shop.flypage&product_id=4079&option=com_phpshop,https://web.archive.org/web/20080815183648/http://www.press.sk:80/index.php?page=shop.flypage&product_id=4079&option=com_phpshop,20080815183648,skip
http://www.press.sk:80/index.php?page=shop.flypage&product_id=4079&option=com_phpshop,https://web.archive.org/web/20080817012255/http://www.press.sk:80/index.php?page=shop.flypage&product_id=4079&option=com_phpshop,20080817012255,skip
http://www.press.sk:80/index.php?page=shop.flypage&product_id=4079&option=com_phpshop,https://web.archive.org/web/20080818102528/http://www.press.sk:80/index.php?page=shop.flypage&product_id=4079&option=com_phpshop,20080818102528,skip
http://www.press.sk:80/index.php?page=shop.flypage&product_id=4079&option=com_phpshop,https://web.archive.org/web/20080819214903/http://www.press.sk:80/index.php?page=shop.flypage&product_id=4079&option=com_phpshop,20080819214903,skip
http://www.press.sk:80/index.php?page=shop.flypage&product_id=4079&option=com_phpshop,https://web.archive.org/web/20080822053653/http://www.press.sk:80/index.php?page=shop.flypage&product_id=4079&option=com_phpshop,20080822053653,skip
http://www.press.sk:80/index.php?page=shop.flypage&product_id=4079&option=com_phpshop,https://web.archive.org/web/20080823130232/http://www.press.sk:80/index.php?page=shop.flypage&product_id=4079&option=com_phpshop,20080823130232,skip
http://www.press.sk:80/index.php?page=shop.flypage&product_id=4079&option=com_phpshop,https://web.archive.org/web/20080824214729/http://www.press.sk:80/index.php?page=shop.flypage&product_id=4079&option=com_phpshop,20080824214729,skip
http://www.press.sk:80/index.php?option=com_phpshop&page=shop.flypage&product_id=4080,https://web.archive.org/web/20080801172709/http://www.press.sk:80/index.php?option=com_phpshop&page=shop.flypage&product_id=4080,20080801172709,skip
http://www.press.sk:80/index.php?page=shop.flypage&product_id=4083&option=com_phpshop,https://web.archive.org/web/20080801174522/http://www.press.sk:80/index.php?page=shop.flypage&product_id=4083&option=com_phpshop,20080801174522,skip
http://www.press.sk.:80/index.php?page=shop.flypage&product_id=4083&option=com_phpshop,https://web.archive.org/web/20080812014326/http://www.press.sk.:80/index.php?page=shop.flypage&product_id=4083&option=com_phpshop,20080812014326,skip
http://www.press.sk:80/index.php?page=shop.flypage&product_id=4083&option=com_phpshop,https://web.archive.org/web/20080813144812/http://www.press.sk:80/index.php?page=shop.flypage&product_id=4083&option=com_phpshop,20080813144812,skip
http://www.press.sk:80/index.php?page=shop.flypage&product_id=4083&option=com_phpshop,https://web.archive.org/web/20080814165543/http://www.press.sk:80/index.php?page=shop.flypage&product_id=4083&option=com_phpshop,20080814165543,skip
http://www.press.sk:80/index.php?page=shop.flypage&product_id=4083&option=com_phpshop,https://web.archive.org/web/20080815183654/http://www.press.sk:80/index.php?page=shop.flypage&product_id=4083&option=com_phpshop,20080815183654,skip
http://www.press.sk:80/index.php?page=shop.flypage&product_id=4083&option=com_phpshop,https://web.archive.org/web/20080817014028/http://www.press.sk:80/index.php?page=shop.flypage&product_id=4083&option=com_phpshop,20080817014028,skip
http://www.press.sk:80/index.php?page=shop.flypage&product_id=4083&option=com_phpshop,https://web.archive.org/web/20080818102533/http://www.press.sk:80/index.php?page=shop.flypage&product_id=4083&option=com_phpshop,20080818102533,skip
http://www.press.sk:80/index.php?page=shop.flypage&product_id=4083&option=com_phpshop,https://web.archive.org/web/20080819214908/http://www.press.sk:80/index.php?page=shop.flypage&product_id=4083&option=com_phpshop,20080819214908,skip
http://www.press.sk:80/index.php?page=shop.flypage&product_id=4083&option=com_phpshop,https://web.archive.org/web/20080822053658/http://www.press.sk:80/index.php?page=shop.flypage&product_id=4083&option=com_phpshop,20080822053658,skip
http://www.press.sk:80/index.php?page=shop.flypage&product_id=4083&option=com_phpshop,https://web.archive.org/web/20080823130236/http://www.press.sk:80/index.php?page=shop.flypage&product_id=4083&option=com_phpshop,20080823130236,skip
http://www.press.sk:80/index.php?page=shop.flypage&product_id=4083&option=com_phpshop,https://web.archive.org/web/20080824214733/http://www.press.sk:80/index.php?page=shop.flypage&product_id=4083&option=com_phpshop,20080824214733,skip
http://www.press.sk:80/index.php?page=shop.flypage&product_id=4084&option=com_phpshop,https://web.archive.org/web/20080801174529/http://www.press.sk:80/index.php?page=shop.flypage&product_id=4084&option=com_phpshop,20080801174529,skip
http://www.press.sk.:80/index.php?page=shop.flypage&product_id=4084&option=com_phpshop,https://web.archive.org/web/20080812014331/http://www.press.sk.:80/index.php?page=shop.flypage&product_id=4084&option=com_phpshop,20080812014331,skip
http://www.press.sk:80/index.php?page=shop.flypage&product_id=4084&option=com_phpshop,https://web.archive.org/web/20080813144817/http://www.press.sk:80/index.php?page=shop.flypage&product_id=4084&option=com_phpshop,20080813144817,skip
http://www.press.sk:80/index.php?page=shop.flypage&product_id=4084&option=com_phpshop,https://web.archive.org/web/20080814165549/http://www.press.sk:80/index.php?page=shop.flypage&product_id=4084&option=com_phpshop,20080814165549,skip
http://www.press.sk:80/index.php?page=shop.flypage&product_id=4084&option=com_phpshop,https://web.archive.org/web/20080815183659/http://www.press.sk:80/index.php?page=shop.flypage&product_id=4084&option=com_phpshop,20080815183659,skip
http://www.press.sk:80/index.php?page=shop.flypage&product_id=4084&option=com_phpshop,https://web.archive.org/web/20080817014033/http://www.press.sk:80/index.php?page=shop.flypage&product_id=4084&option=com_phpshop,20080817014033,skip
http://www.press.sk:80/index.php?page=shop.flypage&product_id=4084&option=com_phpshop,https://web.archive.org/web/20080818102538/http://www.press.sk:80/index.php?page=shop.flypage&product_id=4084&option=com_phpshop,20080818102538,skip
http://www.press.sk:80/index.php?page=shop.flypage&product_id=4084&option=com_phpshop,https://web.archive.org/web/20080819214914/http://www.press.sk:80/index.php?page=shop.flypage&product_id=4084&option=com_phpshop,20080819214914,skip
http://www.press.sk:80/index.php?page=shop.flypage&product_id=4084&option=com_phpshop,https://web.archive.org/web/20080822053704/http://www.press.sk:80/index.php?page=shop.flypage&product_id=4084&option=com_phpshop,20080822053704,skip
http://www.press.sk:80/index.php?page=shop.flypage&product_id=4084&option=com_phpshop,https://web.archive.org/web/20080823132822/http://www.press.sk:80/index.php?page=shop.flypage&product_id=4084&option=com_phpshop,20080823132822,skip
http://www.press.sk:80/index.php?page=shop.flypage&product_id=4084&option=com_phpshop,https://web.archive.org/web/20080824214738/http://www.press.sk:80/index.php?page=shop.flypage&product_id=4084&option=com_phpshop,20080824214738,skip
http://www.press.sk:80/index.php?page=shop.flypage&product_id=4085&option=com_phpshop,https://web.archive.org/web/20080801172817/http://www.press.sk:80/index.php?page=shop.flypage&product_id=4085&option=com_phpshop,20080801172817,skip
http://www.press.sk.:80/index.php?page=shop.flypage&product_id=4085&option=com_phpshop,https://web.archive.org/web/20080812014336/http://www.press.sk.:80/index.php?page=shop.flypage&product_id=4085&option=com_phpshop,20080812014336,skip
http://www.press.sk:80/index.php?page=shop.flypage&product_id=4085&option=com_phpshop,https://web.archive.org/web/20080813144823/http://www.press.sk:80/index.php?page=shop.flypage&product_id=4085&option=com_phpshop,20080813144823,skip
http://www.press.sk:80/index.php?page=shop.flypage&product_id=4085&option=com_phpshop,https://web.archive.org/web/20080814165554/http://www.press.sk:80/index.php?page=shop.flypage&product_id=4085&option=com_phpshop,20080814165554,skip
http://www.press.sk:80/index.php?page=shop.flypage&product_id=4085&option=com_phpshop,https://web.archive.org/web/20080815183707/http://www.press.sk:80/index.php?page=shop.flypage&product_id=4085&option=com_phpshop,20080815183707,skip
http://www.press.sk:80/index.php?page=shop.flypage&product_id=4085&option=com_phpshop,https://web.archive.org/web/20080817014038/http://www.press.sk:80/index.php?page=shop.flypage&product_id=4085&option=com_phpshop,20080817014038,skip
http://www.press.sk:80/index.php?page=shop.flypage&product_id=4085&option=com_phpshop,https://web.archive.org/web/20080818102544/http://www.press.sk:80/index.php?page=shop.flypage&product_id=4085&option=com_phpshop,20080818102544,skip
http://www.press.sk:80/index.php?page=shop.flypage&product_id=4085&option=com_phpshop,https://web.archive.org/web/20080819214919/http://www.press.sk:80/index.php?page=shop.flypage&product_id=4085&option=com_phpshop,20080819214919,skip
http://www.press.sk:80/index.php?page=shop.flypage&product_id=4085&option=com_phpshop,https://web.archive.org/web/20080822053709/http://www.press.sk:80/index.php?page=shop.flypage&product_id=4085&option=com_phpshop,20080822053709,skip
http://www.press.sk:80/index.php?page=shop.flypage&product_id=4085&option=com_phpshop,https://web.archive.org/web/20080823132827/http://www.press.sk:80/index.php?page=shop.flypage&product_id=4085&option=com_phpshop,20080823132827,skip
http://www.press.sk:80/index.php?page=shop.flypage&product_id=4085&option=com_phpshop,https://web.archive.org/web/20080824214743/http://www.press.sk:80/index.php?page=shop.flypage&product_id=4085&option=com_phpshop,20080824214743,skip
http://www.press.sk:80/index.php?page=shop.flypage&product_id=4091&option=com_phpshop,https://web.archive.org/web/20080801172836/http://www.press.sk:80/index.php?page=shop.flypage&product_id=4091&option=com_phpshop,20080801172836,skip
http://www.press.sk.:80/index.php?page=shop.flypage&product_id=4091&option=com_phpshop,https://web.archive.org/web/20080812014341/http://www.press.sk.:80/index.php?page=shop.flypage&product_id=4091&option=com_phpshop,20080812014341,skip
http://www.press.sk:80/index.php?page=shop.flypage&product_id=4091&option=com_phpshop,https://web.archive.org/web/20080813144828/http://www.press.sk:80/index.php?page=shop.flypage&product_id=4091&option=com_phpshop,20080813144828,skip
http://www.press.sk:80/index.php?page=shop.flypage&product_id=4091&option=com_phpshop,https://web.archive.org/web/20080814165313/http://www.press.sk:80/index.php?page=shop.flypage&product_id=4091&option=com_phpshop,20080814165313,skip
http://www.press.sk:80/index.php?page=shop.flypage&product_id=4091&option=com_phpshop,https://web.archive.org/web/20080815183710/http://www.press.sk:80/index.php?page=shop.flypage&product_id=4091&option=com_phpshop,20080815183710,skip
http://www.press.sk:80/index.php?page=shop.flypage&product_id=4091&option=com_phpshop,https://web.archive.org/web/20080817014047/http://www.press.sk:80/index.php?page=shop.flypage&product_id=4091&option=com_phpshop,20080817014047,skip
http://www.press.sk:80/index.php?page=shop.flypage&product_id=4091&option=com_phpshop,https://web.archive.org/web/20080818102551/http://www.press.sk:80/index.php?page=shop.flypage&product_id=4091&option=com_phpshop,20080818102551,skip
http://www.press.sk:80/index.php?page=shop.flypage&product_id=4091&option=com_phpshop,https://web.archive.org/web/20080819214925/http://www.press.sk:80/index.php?page=shop.flypage&product_id=4091&option=com_phpshop,20080819214925,skip
http://www.press.sk:80/index.php?page=shop.flypage&product_id=4091&option=com_phpshop,https://web.archive.org/web/20080822053716/http://www.press.sk:80/index.php?page=shop.flypage&product_id=4091&option=com_phpshop,20080822053716,skip
http://www.press.sk:80/index.php?page=shop.flypage&product_id=4091&option=com_phpshop,https://web.archive.org/web/20080823132831/http://www.press.sk:80/index.php?page=shop.flypage&product_id=4091&option=com_phpshop,20080823132831,skip
http://www.press.sk:80/index.php?page=shop.flypage&product_id=4091&option=com_phpshop,https://web.archive.org/web/20080824214748/http://www.press.sk:80/index.php?page=shop.flypage&product_id=4091&option=com_phpshop,20080824214748,skip
http://www.press.sk:80/index.php?page=shop.flypage&product_id=4092&option=com_phpshop,https://web.archive.org/web/20080801174533/http://www.press.sk:80/index.php?page=shop.flypage&product_id=4092&option=com_phpshop,20080801174533,skip
http://www.press.sk.:80/index.php?page=shop.flypage&product_id=4092&option=com_phpshop,https://web.archive.org/web/20080812014346/http://www.press.sk.:80/index.php?page=shop.flypage&product_id=4092&option=com_phpshop,20080812014346,skip
http://www.press.sk:80/index.php?page=shop.flypage&product_id=4092&option=com_phpshop,https://web.archive.org/web/20080813144833/http://www.press.sk:80/index.php?page=shop.flypage&product_id=4092&option=com_phpshop,20080813144833,skip
http://www.press.sk:80/index.php?page=shop.flypage&product_id=4092&option=com_phpshop,https://web.archive.org/web/20080814165319/http://www.press.sk:80/index.php?page=shop.flypage&product_id=4092&option=com_phpshop,20080814165319,skip
http://www.press.sk:80/index.php?page=shop.flypage&product_id=4092&option=com_phpshop,https://web.archive.org/web/20080815183716/http://www.press.sk:80/index.php?page=shop.flypage&product_id=4092&option=com_phpshop,20080815183716,skip
http://www.press.sk:80/index.php?page=shop.flypage&product_id=4092&option=com_phpshop,https://web.archive.org/web/20080817014057/http://www.press.sk:80/index.php?page=shop.flypage&product_id=4092&option=com_phpshop,20080817014057,skip
http://www.press.sk:80/index.php?page=shop.flypage&product_id=4092&option=com_phpshop,https://web.archive.org/web/20080818102555/http://www.press.sk:80/index.php?page=shop.flypage&product_id=4092&option=com_phpshop,20080818102555,skip
http://www.press.sk:80/index.php?page=shop.flypage&product_id=4092&option=com_phpshop,https://web.archive.org/web/20080819214930/http://www.press.sk:80/index.php?page=shop.flypage&product_id=4092&option=com_phpshop,20080819214930,skip
http://www.press.sk:80/index.php?page=shop.flypage&product_id=4092&option=com_phpshop,https://web.archive.org/web/20080822053720/http://www.press.sk:80/index.php?page=shop.flypage&product_id=4092&option=com_phpshop,20080822053720,skip
http://www.press.sk:80/index.php?page=shop.flypage&product_id=4092&option=com_phpshop,https://web.archive.org/web/20080823132836/http://www.press.sk:80/index.php?page=shop.flypage&product_id=4092&option=com_phpshop,20080823132836,skip
http://www.press.sk:80/index.php?page=shop.flypage&product_id=4092&option=com_phpshop,https://web.archive.org/web/20080824214753/http://www.press.sk:80/index.php?page=shop.flypage&product_id=4092&option=com_phpshop,20080824214753,skip
http://www.press.sk:80/index.php?page=shop.flypage&product_id=4093&option=com_phpshop,https://web.archive.org/web/20080801174541/http://www.press.sk:80/index.php?page=shop.flypage&product_id=4093&option=com_phpshop,20080801174541,skip
http://www.press.sk.:80/index.php?page=shop.flypage&product_id=4093&option=com_phpshop,https://web.archive.org/web/20080812014400/http://www.press.sk.:80/index.php?page=shop.flypage&product_id=4093&option=com_phpshop,20080812014400,skip
http://www.press.sk:80/index.php?page=shop.flypage&product_id=4093&option=com_phpshop,https://web.archive.org/web/20080813144838/http://www.press.sk:80/index.php?page=shop.flypage&product_id=4093&option=com_phpshop,20080813144838,skip
http://www.press.sk:80/index.php?page=shop.flypage&product_id=4093&option=com_phpshop,https://web.archive.org/web/20080814165602/http://www.press.sk:80/index.php?page=shop.flypage&product_id=4093&option=com_phpshop,20080814165602,skip
http://www.press.sk:80/index.php?page=shop.flypage&product_id=4093&option=com_phpshop,https://web.archive.org/web/20080815183721/http://www.press.sk:80/index.php?page=shop.flypage&product_id=4093&option=com_phpshop,20080815183721,skip
http://www.press.sk:80/index.php?page=shop.flypage&product_id=4093&option=com_phpshop,https://web.archive.org/web/20080817014102/http://www.press.sk:80/index.php?page=shop.flypage&product_id=4093&option=com_phpshop,20080817014102,skip
http://www.press.sk:80/index.php?page=shop.flypage&product_id=4093&option=com_phpshop,https://web.archive.org/web/20080818102617/http://www.press.sk:80/index.php?page=shop.flypage&product_id=4093&option=com_phpshop,20080818102617,skip
http://www.press.sk:80/index.php?page=shop.flypage&product_id=4093&option=com_phpshop,https://web.archive.org/web/20080819214937/http://www.press.sk:80/index.php?page=shop.flypage&product_id=4093&option=com_phpshop,20080819214937,skip
http://www.press.sk:80/index.php?page=shop.flypage&product_id=4093&option=com_phpshop,https://web.archive.org/web/20080822053725/http://www.press.sk:80/index.php?page=shop.flypage&product_id=4093&option=com_phpshop,20080822053725,skip
http://www.press.sk:80/index.php?page=shop.flypage&product_id=4093&option=com_phpshop,https://web.archive.org/web/20080823132841/http://www.press.sk:80/index.php?page=shop.flypage&product_id=4093&option=com_phpshop,20080823132841,skip
http://www.press.sk:80/index.php?page=shop.flypage&product_id=4093&option=com_phpshop,https://web.archive.org/web/20080824214802/http://www.press.sk:80/index.php?page=shop.flypage&product_id=4093&option=com_phpshop,20080824214802,skip
http://www.press.sk:80/index.php?option=com_phpshop&page=shop.flypage&product_id=4096,https://web.archive.org/web/20080803024212/http://www.press.sk:80/index.php?option=com_phpshop&page=shop.flypage&product_id=4096,20080803024212,skip
http://www.press.sk:80/index.php?page=shop.flypage&product_id=4097&option=com_phpshop,https://web.archive.org/web/20080801174548/http://www.press.sk:80/index.php?page=shop.flypage&product_id=4097&option=com_phpshop,20080801174548,skip
http://www.press.sk.:80/index.php?page=shop.flypage&product_id=4097&option=com_phpshop,https://web.archive.org/web/20080812014405/http://www.press.sk.:80/index.php?page=shop.flypage&product_id=4097&option=com_phpshop,20080812014405,skip
http://www.press.sk:80/index.php?page=shop.flypage&product_id=4097&option=com_phpshop,https://web.archive.org/web/20080813144843/http://www.press.sk:80/index.php?page=shop.flypage&product_id=4097&option=com_phpshop,20080813144843,skip
http://www.press.sk:80/index.php?page=shop.flypage&product_id=4097&option=com_phpshop,https://web.archive.org/web/20080814165608/http://www.press.sk:80/index.php?page=shop.flypage&product_id=4097&option=com_phpshop,20080814165608,skip
http://www.press.sk:80/index.php?page=shop.flypage&product_id=4097&option=com_phpshop,https://web.archive.org/web/20080815183727/http://www.press.sk:80/index.php?page=shop.flypage&product_id=4097&option=com_phpshop,20080815183727,skip
http://www.press.sk:80/index.php?page=shop.flypage&product_id=4097&option=com_phpshop,https://web.archive.org/web/20080817014108/http://www.press.sk:80/index.php?page=shop.flypage&product_id=4097&option=com_phpshop,20080817014108,skip
http://www.press.sk:80/index.php?page=shop.flypage&product_id=4097&option=com_phpshop,https://web.archive.org/web/20080818102625/http://www.press.sk:80/index.php?page=shop.flypage&product_id=4097&option=com_phpshop,20080818102625,skip
http://www.press.sk:80/index.php?page=shop.flypage&product_id=4097&option=com_phpshop,https://web.archive.org/web/20080819214945/http://www.press.sk:80/index.php?page=shop.flypage&product_id=4097&option=com_phpshop,20080819214945,skip
http://www.press.sk:80/index.php?page=shop.flypage&product_id=4097&option=com_phpshop,https://web.archive.org/web/20080822053730/http://www.press.sk:80/index.php?page=shop.flypage&product_id=4097&option=com_phpshop,20080822053730,skip
http://www.press.sk:80/index.php?page=shop.flypage&product_id=4097&option=com_phpshop,https://web.archive.org/web/20080823132846/http://www.press.sk:80/index.php?page=shop.flypage&product_id=4097&option=com_phpshop,20080823132846,skip
http://www.press.sk:80/index.php?page=shop.flypage&product_id=4097&option=com_phpshop,https://web.archive.org/web/20080824214805/http://www.press.sk:80/index.php?page=shop.flypage&product_id=4097&option=com_phpshop,20080824214805,skip
http://www.press.sk:80/index.php?option=com_phpshop&page=shop.flypage&product_id=4121,https://web.archive.org/web/20080815200718/http://www.press.sk:80/index.php?option=com_phpshop&page=shop.flypage&product_id=4121,20080815200718,skip
http://www.press.sk:80/index.php?option=com_phpshop&page=shop.flypage&product_id=4121,https://web.archive.org/web/20080817081330/http://www.press.sk:80/index.php?option=com_phpshop&page=shop.flypage&product_id=4121,20080817081330,skip
http://www.press.sk:80/index.php?option=com_phpshop&page=shop.flypage&product_id=4121,https://web.archive.org/web/20080818124518/http://www.press.sk:80/index.php?option=com_phpshop&page=shop.flypage&product_id=4121,20080818124518,skip
http://www.press.sk:80/index.php?option=com_phpshop&page=shop.flypage&product_id=4121,https://web.archive.org/web/20080822100835/http://www.press.sk:80/index.php?option=com_phpshop&page=shop.flypage&product_id=4121,20080822100835,skip
http://www.press.sk:80/index.php?page=shop.flypage&product_id=4127&option=com_phpshop,https://web.archive.org/web/20080905210104/http://www.press.sk:80/index.php?page=shop.flypage&product_id=4127&option=com_phpshop,20080905210104,skip
http://www.press.sk:80/index.php?page=shop.flypage&product_id=4127&option=com_phpshop,https://web.archive.org/web/20080908060556/http://www.press.sk:80/index.php?page=shop.flypage&product_id=4127&option=com_phpshop,20080908060556,skip
http://www.press.sk:80/index.php?page=shop.flypage&product_id=4127&option=com_phpshop,https://web.archive.org/web/20080910072438/http://www.press.sk:80/index.php?page=shop.flypage&product_id=4127&option=com_phpshop,20080910072438,skip
http://www.press.sk:80/index.php?page=shop.flypage&product_id=4127&option=com_phpshop,https://web.archive.org/web/20080911234747/http://www.press.sk:80/index.php?page=shop.flypage&product_id=4127&option=com_phpshop,20080911234747,skip
http://www.press.sk:80/index.php?page=shop.flypage&product_id=4128&option=com_phpshop,https://web.archive.org/web/20080905210109/http://www.press.sk:80/index.php?page=shop.flypage&product_id=4128&option=com_phpshop,20080905210109,skip
http://www.press.sk:80/index.php?page=shop.flypage&product_id=4128&option=com_phpshop,https://web.archive.org/web/20080908060601/http://www.press.sk:80/index.php?page=shop.flypage&product_id=4128&option=com_phpshop,20080908060601,skip
http://www.press.sk:80/index.php?page=shop.flypage&product_id=4128&option=com_phpshop,https://web.archive.org/web/20080910072443/http://www.press.sk:80/index.php?page=shop.flypage&product_id=4128&option=com_phpshop,20080910072443,skip
http://www.press.sk:80/index.php?page=shop.flypage&product_id=4128&option=com_phpshop,https://web.archive.org/web/20080911234752/http://www.press.sk:80/index.php?page=shop.flypage&product_id=4128&option=com_phpshop,20080911234752,skip
http://www.press.sk:80/index.php?page=shop.flypage&product_id=4130&option=com_phpshop,https://web.archive.org/web/20080905210114/http://www.press.sk:80/index.php?page=shop.flypage&product_id=4130&option=com_phpshop,20080905210114,skip
http://www.press.sk:80/index.php?page=shop.flypage&product_id=4130&option=com_phpshop,https://web.archive.org/web/20080908060606/http://www.press.sk:80/index.php?page=shop.flypage&product_id=4130&option=com_phpshop,20080908060606,skip
http://www.press.sk:80/index.php?page=shop.flypage&product_id=4130&option=com_phpshop,https://web.archive.org/web/20080910072449/http://www.press.sk:80/index.php?page=shop.flypage&product_id=4130&option=com_phpshop,20080910072449,skip
http://www.press.sk:80/index.php?page=shop.flypage&product_id=4130&option=com_phpshop,https://web.archive.org/web/20080911234757/http://www.press.sk:80/index.php?page=shop.flypage&product_id=4130&option=com_phpshop,20080911234757,skip
http://www.press.sk:80/index.php?option=com_phpshop&page=shop.flypage&product_id=4132,https://web.archive.org/web/20080822100839/http://www.press.sk:80/index.php?option=com_phpshop&page=shop.flypage&product_id=4132,20080822100839,skip
http://www.press.sk:80/index.php?option=com_phpshop&page=shop.flypage&product_id=4132,https://web.archive.org/web/20080823123616/http://www.press.sk:80/index.php?option=com_phpshop&page=shop.flypage&product_id=4132,20080823123616,skip
http://www.press.sk:80/index.php?option=com_phpshop&page=shop.flypage&product_id=4132,https://web.archive.org/web/20080902074017/http://www.press.sk:80/index.php?option=com_phpshop&page=shop.flypage&product_id=4132,20080902074017,skip
http://www.press.sk:80/index.php?option=com_phpshop&page=shop.flypage&product_id=4132,https://web.archive.org/web/20080905090752/http://www.press.sk:80/index.php?option=com_phpshop&page=shop.flypage&product_id=4132,20080905090752,skip
http://www.press.sk:80/index.php?page=shop.flypage&product_id=4132&option=com_phpshop,https://web.archive.org/web/20080905210119/http://www.press.sk:80/index.php?page=shop.flypage&product_id=4132&option=com_phpshop,20080905210119,skip
http://www.press.sk:80/index.php?option=com_phpshop&page=shop.flypage&product_id=4132,https://web.archive.org/web/20080906121005/http://www.press.sk:80/index.php?option=com_phpshop&page=shop.flypage&product_id=4132,20080906121005,skip
http://www.press.sk:80/index.php?option=com_phpshop&page=shop.flypage&product_id=4132,https://web.archive.org/web/20080907155105/http://www.press.sk:80/index.php?option=com_phpshop&page=shop.flypage&product_id=4132,20080907155105,skip
http://www.press.sk:80/index.php?page=shop.flypage&product_id=4132&option=com_phpshop,https://web.archive.org/web/20080908060611/http://www.press.sk:80/index.php?page=shop.flypage&product_id=4132&option=com_phpshop,20080908060611,skip
http://www.press.sk:80/index.php?option=com_phpshop&page=shop.flypage&product_id=4132,https://web.archive.org/web/20080908170504/http://www.press.sk:80/index.php?option=com_phpshop&page=shop.flypage&product_id=4132,20080908170504,skip
http://www.press.sk:80/index.php?option=com_phpshop&page=shop.flypage&product_id=4132,https://web.archive.org/web/20080909174430/http://www.press.sk:80/index.php?option=com_phpshop&page=shop.flypage&product_id=4132,20080909174430,skip
http://www.press.sk:80/index.php?page=shop.flypage&product_id=4132&option=com_phpshop,https://web.archive.org/web/20080910072456/http://www.press.sk:80/index.php?page=shop.flypage&product_id=4132&option=com_phpshop,20080910072456,skip
http://www.press.sk:80/index.php?option=com_phpshop&page=shop.flypage&product_id=4132,https://web.archive.org/web/20080910185253/http://www.press.sk:80/index.php?option=com_phpshop&page=shop.flypage&product_id=4132,20080910185253,skip
http://www.press.sk:80/index.php?option=com_phpshop&page=shop.flypage&product_id=4132,https://web.archive.org/web/20080911201343/http://www.press.sk:80/index.php?option=com_phpshop&page=shop.flypage&product_id=4132,20080911201343,skip
http://www.press.sk:80/index.php?page=shop.flypage&product_id=4132&option=com_phpshop,https://web.archive.org/web/20080911234803/http://www.press.sk:80/index.php?page=shop.flypage&product_id=4132&option=com_phpshop,20080911234803,skip
http://www.press.sk:80/index.php?page=shop.flypage&product_id=4133&option=com_phpshop,https://web.archive.org/web/20080905210124/http://www.press.sk:80/index.php?page=shop.flypage&product_id=4133&option=com_phpshop,20080905210124,skip
http://www.press.sk:80/index.php?page=shop.flypage&product_id=4133&option=com_phpshop,https://web.archive.org/web/20080908060618/http://www.press.sk:80/index.php?page=shop.flypage&product_id=4133&option=com_phpshop,20080908060618,skip
http://www.press.sk:80/index.php?page=shop.flypage&product_id=4133&option=com_phpshop,https://web.archive.org/web/20080910072503/http://www.press.sk:80/index.php?page=shop.flypage&product_id=4133&option=com_phpshop,20080910072503,skip
http://www.press.sk:80/index.php?page=shop.flypage&product_id=4133&option=com_phpshop,https://web.archive.org/web/20080911234808/http://www.press.sk:80/index.php?page=shop.flypage&product_id=4133&option=com_phpshop,20080911234808,skip
http://www.press.sk:80/index.php?page=shop.flypage&product_id=4134&option=com_phpshop,https://web.archive.org/web/20080905210129/http://www.press.sk:80/index.php?page=shop.flypage&product_id=4134&option=com_phpshop,20080905210129,skip
http://www.press.sk:80/index.php?page=shop.flypage&product_id=4134&option=com_phpshop,https://web.archive.org/web/20080908060624/http://www.press.sk:80/index.php?page=shop.flypage&product_id=4134&option=com_phpshop,20080908060624,skip
http://www.press.sk:80/index.php?page=shop.flypage&product_id=4134&option=com_phpshop,https://web.archive.org/web/20080910072510/http://www.press.sk:80/index.php?page=shop.flypage&product_id=4134&option=com_phpshop,20080910072510,skip
http://www.press.sk:80/index.php?page=shop.flypage&product_id=4134&option=com_phpshop,https://web.archive.org/web/20080911234813/http://www.press.sk:80/index.php?page=shop.flypage&product_id=4134&option=com_phpshop,20080911234813,skip
http://www.press.sk:80/index.php?page=shop.flypage&product_id=4135&option=com_phpshop,https://web.archive.org/web/20080905210134/http://www.press.sk:80/index.php?page=shop.flypage&product_id=4135&option=com_phpshop,20080905210134,skip
http://www.press.sk:80/index.php?page=shop.flypage&product_id=4135&option=com_phpshop,https://web.archive.org/web/20080908060629/http://www.press.sk:80/index.php?page=shop.flypage&product_id=4135&option=com_phpshop,20080908060629,skip
http://www.press.sk:80/index.php?page=shop.flypage&product_id=4135&option=com_phpshop,https://web.archive.org/web/20080910072516/http://www.press.sk:80/index.php?page=shop.flypage&product_id=4135&option=com_phpshop,20080910072516,skip
http://www.press.sk:80/index.php?page=shop.flypage&product_id=4135&option=com_phpshop,https://web.archive.org/web/20080911234818/http://www.press.sk:80/index.php?page=shop.flypage&product_id=4135&option=com_phpshop,20080911234818,skip
http://www.press.sk:80/index.php?page=shop.flypage&product_id=4136&option=com_phpshop,https://web.archive.org/web/20080905210139/http://www.press.sk:80/index.php?page=shop.flypage&product_id=4136&option=com_phpshop,20080905210139,skip
http://www.press.sk:80/index.php?page=shop.flypage&product_id=4136&option=com_phpshop,https://web.archive.org/web/20080908060634/http://www.press.sk:80/index.php?page=shop.flypage&product_id=4136&option=com_phpshop,20080908060634,skip
http://www.press.sk:80/index.php?page=shop.flypage&product_id=4136&option=com_phpshop,https://web.archive.org/web/20080910072521/http://www.press.sk:80/index.php?page=shop.flypage&product_id=4136&option=com_phpshop,20080910072521,skip
http://www.press.sk:80/index.php?page=shop.flypage&product_id=4136&option=com_phpshop,https://web.archive.org/web/20080911234823/http://www.press.sk:80/index.php?page=shop.flypage&product_id=4136&option=com_phpshop,20080911234823,skip
http://www.press.sk:80/index.php?page=shop.flypage&product_id=4138&option=com_phpshop,https://web.archive.org/web/20080905210144/http://www.press.sk:80/index.php?page=shop.flypage&product_id=4138&option=com_phpshop,20080905210144,skip
http://www.press.sk:80/index.php?page=shop.flypage&product_id=4138&option=com_phpshop,https://web.archive.org/web/20080908060639/http://www.press.sk:80/index.php?page=shop.flypage&product_id=4138&option=com_phpshop,20080908060639,skip
http://www.press.sk:80/index.php?page=shop.flypage&product_id=4138&option=com_phpshop,https://web.archive.org/web/20080910072526/http://www.press.sk:80/index.php?page=shop.flypage&product_id=4138&option=com_phpshop,20080910072526,skip
http://www.press.sk:80/index.php?page=shop.flypage&product_id=4138&option=com_phpshop,https://web.archive.org/web/20080911234829/http://www.press.sk:80/index.php?page=shop.flypage&product_id=4138&option=com_phpshop,20080911234829,skip
http://www.press.sk:80/index.php?option=com_phpshop&page=shop.flypage&product_id=4140,https://web.archive.org/web/20080929214128/http://www.press.sk:80/index.php?option=com_phpshop&page=shop.flypage&product_id=4140,20080929214128,skip
http://www.press.sk:80/index.php?page=shop.flypage&product_id=4142&option=com_phpshop,https://web.archive.org/web/20080905210149/http://www.press.sk:80/index.php?page=shop.flypage&product_id=4142&option=com_phpshop,20080905210149,skip
http://www.press.sk:80/index.php?page=shop.flypage&product_id=4142&option=com_phpshop,https://web.archive.org/web/20080908060644/http://www.press.sk:80/index.php?page=shop.flypage&product_id=4142&option=com_phpshop,20080908060644,skip
http://www.press.sk:80/index.php?page=shop.flypage&product_id=4142&option=com_phpshop,https://web.archive.org/web/20080910072532/http://www.press.sk:80/index.php?page=shop.flypage&product_id=4142&option=com_phpshop,20080910072532,skip
http://www.press.sk:80/index.php?page=shop.flypage&product_id=4142&option=com_phpshop,https://web.archive.org/web/20080911234834/http://www.press.sk:80/index.php?page=shop.flypage&product_id=4142&option=com_phpshop,20080911234834,skip
http://www.press.sk:80/index.php?page=shop.flypage&product_id=4151&option=com_phpshop,https://web.archive.org/web/20080905210154/http://www.press.sk:80/index.php?page=shop.flypage&product_id=4151&option=com_phpshop,20080905210154,skip
http://www.press.sk:80/index.php?page=shop.flypage&product_id=4151&option=com_phpshop,https://web.archive.org/web/20080908060649/http://www.press.sk:80/index.php?page=shop.flypage&product_id=4151&option=com_phpshop,20080908060649,skip
http://www.press.sk:80/index.php?page=shop.flypage&product_id=4151&option=com_phpshop,https://web.archive.org/web/20080910072536/http://www.press.sk:80/index.php?page=shop.flypage&product_id=4151&option=com_phpshop,20080910072536,skip
http://www.press.sk:80/index.php?page=shop.flypage&product_id=4151&option=com_phpshop,https://web.archive.org/web/20080911234839/http://www.press.sk:80/index.php?page=shop.flypage&product_id=4151&option=com_phpshop,20080911234839,skip
http://www.press.sk:80/index.php?page=shop.flypage&product_id=4152&option=com_phpshop,https://web.archive.org/web/20080905210249/http://www.press.sk:80/index.php?page=shop.flypage&product_id=4152&option=com_phpshop,20080905210249,skip
http://www.press.sk:80/index.php?page=shop.flypage&product_id=4152&option=com_phpshop,https://web.archive.org/web/20080908060654/http://www.press.sk:80/index.php?page=shop.flypage&product_id=4152&option=com_phpshop,20080908060654,skip
http://www.press.sk:80/index.php?page=shop.flypage&product_id=4152&option=com_phpshop,https://web.archive.org/web/20080910072541/http://www.press.sk:80/index.php?page=shop.flypage&product_id=4152&option=com_phpshop,20080910072541,skip
http://www.press.sk:80/index.php?page=shop.flypage&product_id=4152&option=com_phpshop,https://web.archive.org/web/20080911234844/http://www.press.sk:80/index.php?page=shop.flypage&product_id=4152&option=com_phpshop,20080911234844,skip
http://www.press.sk:80/index.php?page=shop.flypage&product_id=4153&option=com_phpshop,https://web.archive.org/web/20080905210301/http://www.press.sk:80/index.php?page=shop.flypage&product_id=4153&option=com_phpshop,20080905210301,skip
http://www.press.sk:80/index.php?page=shop.flypage&product_id=4153&option=com_phpshop,https://web.archive.org/web/20080908060659/http://www.press.sk:80/index.php?page=shop.flypage&product_id=4153&option=com_phpshop,20080908060659,skip
http://www.press.sk:80/index.php?page=shop.flypage&product_id=4153&option=com_phpshop,https://web.archive.org/web/20080910072546/http://www.press.sk:80/index.php?page=shop.flypage&product_id=4153&option=com_phpshop,20080910072546,skip
http://www.press.sk:80/index.php?page=shop.flypage&product_id=4153&option=com_phpshop,https://web.archive.org/web/20080911234849/http://www.press.sk:80/index.php?page=shop.flypage&product_id=4153&option=com_phpshop,20080911234849,skip
http://www.press.sk:80/index.php?page=shop.flypage&product_id=4155&option=com_phpshop,https://web.archive.org/web/20080905210307/http://www.press.sk:80/index.php?page=shop.flypage&product_id=4155&option=com_phpshop,20080905210307,skip
http://www.press.sk:80/index.php?page=shop.flypage&product_id=4155&option=com_phpshop,https://web.archive.org/web/20080908060704/http://www.press.sk:80/index.php?page=shop.flypage&product_id=4155&option=com_phpshop,20080908060704,skip
http://www.press.sk:80/index.php?page=shop.flypage&product_id=4155&option=com_phpshop,https://web.archive.org/web/20080910072551/http://www.press.sk:80/index.php?page=shop.flypage&product_id=4155&option=com_phpshop,20080910072551,skip
http://www.press.sk:80/index.php?page=shop.flypage&product_id=4155&option=com_phpshop,https://web.archive.org/web/20080911234855/http://www.press.sk:80/index.php?page=shop.flypage&product_id=4155&option=com_phpshop,20080911234855,skip
http://www.press.sk:80/index.php?page=shop.flypage&product_id=4156&option=com_phpshop,https://web.archive.org/web/20080905210321/http://www.press.sk:80/index.php?page=shop.flypage&product_id=4156&option=com_phpshop,20080905210321,skip
http://www.press.sk:80/index.php?page=shop.flypage&product_id=4156&option=com_phpshop,https://web.archive.org/web/20080908060709/http://www.press.sk:80/index.php?page=shop.flypage&product_id=4156&option=com_phpshop,20080908060709,skip
http://www.press.sk:80/index.php?page=shop.flypage&product_id=4156&option=com_phpshop,https://web.archive.org/web/20080910072556/http://www.press.sk:80/index.php?page=shop.flypage&product_id=4156&option=com_phpshop,20080910072556,skip
http://www.press.sk:80/index.php?page=shop.flypage&product_id=4156&option=com_phpshop,https://web.archive.org/web/20080911234900/http://www.press.sk:80/index.php?page=shop.flypage&product_id=4156&option=com_phpshop,20080911234900,skip
http://www.press.sk:80/index.php?page=shop.flypage&product_id=4157&option=com_phpshop,https://web.archive.org/web/20080905210326/http://www.press.sk:80/index.php?page=shop.flypage&product_id=4157&option=com_phpshop,20080905210326,skip
http://www.press.sk:80/index.php?page=shop.flypage&product_id=4157&option=com_phpshop,https://web.archive.org/web/20080908060715/http://www.press.sk:80/index.php?page=shop.flypage&product_id=4157&option=com_phpshop,20080908060715,skip
http://www.press.sk:80/index.php?page=shop.flypage&product_id=4157&option=com_phpshop,https://web.archive.org/web/20080910072601/http://www.press.sk:80/index.php?page=shop.flypage&product_id=4157&option=com_phpshop,20080910072601,skip
http://www.press.sk:80/index.php?page=shop.flypage&product_id=4157&option=com_phpshop,https://web.archive.org/web/20080911234905/http://www.press.sk:80/index.php?page=shop.flypage&product_id=4157&option=com_phpshop,20080911234905,skip
http://www.press.sk:80/index.php?page=shop.flypage&product_id=4158&option=com_phpshop,https://web.archive.org/web/20080905210350/http://www.press.sk:80/index.php?page=shop.flypage&product_id=4158&option=com_phpshop,20080905210350,skip
http://www.press.sk:80/index.php?page=shop.flypage&product_id=4158&option=com_phpshop,https://web.archive.org/web/20080908060719/http://www.press.sk:80/index.php?page=shop.flypage&product_id=4158&option=com_phpshop,20080908060719,skip
http://www.press.sk:80/index.php?page=shop.flypage&product_id=4158&option=com_phpshop,https://web.archive.org/web/20080910072607/http://www.press.sk:80/index.php?page=shop.flypage&product_id=4158&option=com_phpshop,20080910072607,skip
http://www.press.sk:80/index.php?page=shop.flypage&product_id=4158&option=com_phpshop,https://web.archive.org/web/20080911234912/http://www.press.sk:80/index.php?page=shop.flypage&product_id=4158&option=com_phpshop,20080911234912,skip
http://www.press.sk:80/index.php?page=shop.flypage&product_id=4159&option=com_phpshop,https://web.archive.org/web/20080905210355/http://www.press.sk:80/index.php?page=shop.flypage&product_id=4159&option=com_phpshop,20080905210355,skip
http://www.press.sk:80/index.php?page=shop.flypage&product_id=4159&option=com_phpshop,https://web.archive.org/web/20080908060832/http://www.press.sk:80/index.php?page=shop.flypage&product_id=4159&option=com_phpshop,20080908060832,skip
http://www.press.sk:80/index.php?page=shop.flypage&product_id=4159&option=com_phpshop,https://web.archive.org/web/20080910072611/http://www.press.sk:80/index.php?page=shop.flypage&product_id=4159&option=com_phpshop,20080910072611,skip
http://www.press.sk:80/index.php?page=shop.flypage&product_id=4159&option=com_phpshop,https://web.archive.org/web/20080911234919/http://www.press.sk:80/index.php?page=shop.flypage&product_id=4159&option=com_phpshop,20080911234919,skip
http://www.press.sk:80/index.php?option=com_registration&task=lostPassword,https://web.archive.org/web/20080701054504/http://www.press.sk:80/index.php?option=com_registration&task=lostPassword,20080701054504,skip
http://www.press.sk:80/index.php?option=com_registration&task=lostPassword,https://web.archive.org/web/20080703161557/http://www.press.sk:80/index.php?option=com_registration&task=lostPassword,20080703161557,skip
http://www.press.sk:80/index.php?option=com_registration&task=lostPassword,https://web.archive.org/web/20080705193840/http://www.press.sk:80/index.php?option=com_registration&task=lostPassword,20080705193840,skip
http://www.press.sk:80/index.php?option=com_registration&task=lostPassword,https://web.archive.org/web/20080706202527/http://www.press.sk:80/index.php?option=com_registration&task=lostPassword,20080706202527,skip
http://www.press.sk:80/index.php?option=com_registration&task=lostPassword,https://web.archive.org/web/20080707225643/http://www.press.sk:80/index.php?option=com_registration&task=lostPassword,20080707225643,skip
http://www.press.sk:80/index.php?option=com_registration&task=lostPassword,https://web.archive.org/web/20080710150434/http://www.press.sk:80/index.php?option=com_registration&task=lostPassword,20080710150434,skip
http://www.press.sk:80/index.php?option=com_registration&task=lostPassword,https://web.archive.org/web/20080712040927/http://www.press.sk:80/index.php?option=com_registration&task=lostPassword,20080712040927,skip
http://www.press.sk:80/index.php?option=com_registration&task=lostPassword,https://web.archive.org/web/20080720205606/http://www.press.sk:80/index.php?option=com_registration&task=lostPassword,20080720205606,skip
http://www.press.sk:80/index.php?option=com_registration&task=lostPassword,https://web.archive.org/web/20080723183549/http://www.press.sk:80/index.php?option=com_registration&task=lostPassword,20080723183549,skip
http://www.press.sk:80/index.php?option=com_registration&task=lostPassword,https://web.archive.org/web/20080731185800/http://www.press.sk:80/index.php?option=com_registration&task=lostPassword,20080731185800,skip
http://www.press.sk:80/index.php?option=com_registration&task=lostPassword,https://web.archive.org/web/20080806143602/http://www.press.sk:80/index.php?option=com_registration&task=lostPassword,20080806143602,skip
http://www.press.sk.:80/index.php?option=com_registration&task=lostPassword,https://web.archive.org/web/20080812014014/http://www.press.sk.:80/index.php?option=com_registration&task=lostPassword,20080812014014,skip
http://www.press.sk:80/index.php?option=com_registration&task=lostPassword,https://web.archive.org/web/20080813144438/http://www.press.sk:80/index.php?option=com_registration&task=lostPassword,20080813144438,skip
http://www.press.sk:80/index.php?option=com_registration&task=lostPassword,https://web.archive.org/web/20080814163221/http://www.press.sk:80/index.php?option=com_registration&task=lostPassword,20080814163221,skip
http://www.press.sk:80/index.php?option=com_registration&task=lostPassword,https://web.archive.org/web/20080815183108/http://www.press.sk:80/index.php?option=com_registration&task=lostPassword,20080815183108,skip
http://www.press.sk:80/index.php?option=com_registration&task=lostPassword,https://web.archive.org/web/20080817011928/http://www.press.sk:80/index.php?option=com_registration&task=lostPassword,20080817011928,skip
http://www.press.sk:80/index.php?option=com_registration&task=lostPassword,https://web.archive.org/web/20080818101906/http://www.press.sk:80/index.php?option=com_registration&task=lostPassword,20080818101906,skip
http://www.press.sk:80/index.php?option=com_registration&task=lostPassword,https://web.archive.org/web/20080819214259/http://www.press.sk:80/index.php?option=com_registration&task=lostPassword,20080819214259,skip
http://www.press.sk:80/index.php?option=com_registration&task=lostPassword,https://web.archive.org/web/20080822052812/http://www.press.sk:80/index.php?option=com_registration&task=lostPassword,20080822052812,skip
http://www.press.sk:80/index.php?option=com_registration&task=lostPassword,https://web.archive.org/web/20080823124335/http://www.press.sk:80/index.php?option=com_registration&task=lostPassword,20080823124335,skip
http://www.press.sk:80/index.php?option=com_registration&task=lostPassword,https://web.archive.org/web/20080824212747/http://www.press.sk:80/index.php?option=com_registration&task=lostPassword,20080824212747,skip
http://www.press.sk:80/index.php?option=com_registration&task=lostPassword,https://web.archive.org/web/20080826053005/http://www.press.sk:80/index.php?option=com_registration&task=lostPassword,20080826053005,skip
http://www.press.sk:80/index.php?option=com_registration&task=lostPassword,https://web.archive.org/web/20080827150028/http://www.press.sk:80/index.php?option=com_registration&task=lostPassword,20080827150028,skip
http://www.press.sk:80/index.php?option=com_registration&task=lostPassword,https://web.archive.org/web/20080905145901/http://www.press.sk:80/index.php?option=com_registration&task=lostPassword,20080905145901,skip
http://www.press.sk:80/index.php?option=com_registration&task=lostPassword,https://web.archive.org/web/20080908060216/http://www.press.sk:80/index.php?option=com_registration&task=lostPassword,20080908060216,skip
http://www.press.sk:80/index.php?option=com_registration&task=lostPassword,https://web.archive.org/web/20080910071911/http://www.press.sk:80/index.php?option=com_registration&task=lostPassword,20080910071911,skip
http://www.press.sk:80/index.php?option=com_registration&task=lostPassword,https://web.archive.org/web/20080911234229/http://www.press.sk:80/index.php?option=com_registration&task=lostPassword,20080911234229,skip
http://www.press.sk:80/index.php?option=com_reviews,https://web.archive.org/web/20080701054509/http://www.press.sk:80/index.php?option=com_reviews,20080701054509,skip
http://www.press.sk:80/index.php?option=com_reviews,https://web.archive.org/web/20080702063516/http://www.press.sk:80/index.php?option=com_reviews,20080702063516,skip
http://www.press.sk:80/index.php?option=com_reviews,https://web.archive.org/web/20080703110505/http://www.press.sk:80/index.php?option=com_reviews,20080703110505,skip
http://www.press.sk:80/index.php?option=com_reviews,https://web.archive.org/web/20080704113221/http://www.press.sk:80/index.php?option=com_reviews,20080704113221,skip
http://www.press.sk:80/index.php?option=com_reviews,https://web.archive.org/web/20080706152227/http://www.press.sk:80/index.php?option=com_reviews,20080706152227,skip
http://www.press.sk:80/index.php?option=com_reviews,https://web.archive.org/web/20080707154242/http://www.press.sk:80/index.php?option=com_reviews,20080707154242,skip
http://www.press.sk:80/index.php?option=com_reviews,https://web.archive.org/web/20080708220807/http://www.press.sk:80/index.php?option=com_reviews,20080708220807,skip
http://www.press.sk:80/index.php?option=com_reviews,https://web.archive.org/web/20080710010723/http://www.press.sk:80/index.php?option=com_reviews,20080710010723,skip
http://www.press.sk:80/index.php?option=com_reviews,https://web.archive.org/web/20080711031938/http://www.press.sk:80/index.php?option=com_reviews,20080711031938,skip
http://www.press.sk:80/index.php?option=com_reviews,https://web.archive.org/web/20080712040932/http://www.press.sk:80/index.php?option=com_reviews,20080712040932,skip
http://www.press.sk:80/index.php?option=com_reviews,https://web.archive.org/web/20080715171145/http://www.press.sk:80/index.php?option=com_reviews,20080715171145,skip
http://www.press.sk:80/index.php?option=com_reviews,https://web.archive.org/web/20080720205611/http://www.press.sk:80/index.php?option=com_reviews,20080720205611,skip
http://www.press.sk:80/index.php?option=com_reviews,https://web.archive.org/web/20080723183556/http://www.press.sk:80/index.php?option=com_reviews,20080723183556,skip
http://www.press.sk:80/index.php?option=com_reviews,https://web.archive.org/web/20080731191310/http://www.press.sk:80/index.php?option=com_reviews,20080731191310,skip
http://www.press.sk:80/index.php?option=com_reviews,https://web.archive.org/web/20080806143608/http://www.press.sk:80/index.php?option=com_reviews,20080806143608,skip
http://www.press.sk:80/index.php?option=com_reviews,https://web.archive.org/web/20080808115428/http://www.press.sk:80/index.php?option=com_reviews,20080808115428,skip
http://www.press.sk:80/index.php?option=com_reviews,https://web.archive.org/web/20080809183645/http://www.press.sk:80/index.php?option=com_reviews,20080809183645,skip
http://www.press.sk.:80/index.php?option=com_reviews,https://web.archive.org/web/20080811232626/http://www.press.sk.:80/index.php?option=com_reviews,20080811232626,skip
http://www.press.sk:80/index.php?option=com_reviews,https://web.archive.org/web/20080813122843/http://www.press.sk:80/index.php?option=com_reviews,20080813122843,skip
http://www.press.sk:80/index.php?option=com_reviews,https://web.archive.org/web/20080814163226/http://www.press.sk:80/index.php?option=com_reviews,20080814163226,skip
http://www.press.sk:80/index.php?option=com_reviews,https://web.archive.org/web/20080815183131/http://www.press.sk:80/index.php?option=com_reviews,20080815183131,skip
http://www.press.sk:80/index.php?option=com_reviews,https://web.archive.org/web/20080817011242/http://www.press.sk:80/index.php?option=com_reviews,20080817011242,skip
http://www.press.sk:80/index.php?option=com_reviews,https://web.archive.org/web/20080818101911/http://www.press.sk:80/index.php?option=com_reviews,20080818101911,skip
http://www.press.sk:80/index.php?option=com_reviews,https://web.archive.org/web/20080819214304/http://www.press.sk:80/index.php?option=com_reviews,20080819214304,skip
http://www.press.sk:80/index.php?option=com_reviews,https://web.archive.org/web/20080822044750/http://www.press.sk:80/index.php?option=com_reviews,20080822044750,skip
http://www.press.sk:80/index.php?option=com_reviews,https://web.archive.org/web/20080823124748/http://www.press.sk:80/index.php?option=com_reviews,20080823124748,skip
http://www.press.sk:80/index.php?option=com_reviews,https://web.archive.org/web/20080824212752/http://www.press.sk:80/index.php?option=com_reviews,20080824212752,skip
http://www.press.sk:80/index.php?option=com_reviews,https://web.archive.org/web/20080826053010/http://www.press.sk:80/index.php?option=com_reviews,20080826053010,skip
http://www.press.sk:80/index.php?option=com_reviews,https://web.archive.org/web/20080827150033/http://www.press.sk:80/index.php?option=com_reviews,20080827150033,skip
http://www.press.sk:80/index.php?option=com_reviews,https://web.archive.org/web/20080828221134/http://www.press.sk:80/index.php?option=com_reviews,20080828221134,skip
http://www.press.sk:80/index.php?option=com_reviews,https://web.archive.org/web/20080830211536/http://www.press.sk:80/index.php?option=com_reviews,20080830211536,skip
http://www.press.sk:80/index.php?option=com_reviews,https://web.archive.org/web/20080905145906/http://www.press.sk:80/index.php?option=com_reviews,20080905145906,skip
http://www.press.sk:80/index.php?option=com_reviews,https://web.archive.org/web/20080908034349/http://www.press.sk:80/index.php?option=com_reviews,20080908034349,skip
http://www.press.sk:80/index.php?option=com_reviews,https://web.archive.org/web/20080910071916/http://www.press.sk:80/index.php?option=com_reviews,20080910071916,skip
http://www.press.sk:80/index.php?option=com_reviews,https://web.archive.org/web/20080911234234/http://www.press.sk:80/index.php?option=com_reviews,20080911234234,skip
