"original_url","wayback_url","timestamp","type"
"http://www.press.sk:80/hachette-filipacchi/o","a,30/,https://web.archive.org/web/20150711133348/http://www.press.sk:80/hachette-filipacchi/o,a,30/,","20150711133348","LISTING"
"http://www.press.sk:80/hachette-filipacchi/o","a,30,https://web.archive.org/web/20150809054441/http://www.press.sk:80/hachette-filipacchi/o,a,30,","20150809054441","LISTING"
"http://www.press.sk:80/hachette-filipacchi/o","a,30,https://web.archive.org/web/20150909042957/http://www.press.sk:80/hachette-filipacchi/o,a,30,","20150909042957","LISTING"
"http://www.press.sk:80/hachette-filipacchi/o","a,30,https://web.archive.org/web/20160331212838/http://www.press.sk:80/hachette-filipacchi/o,a,30,","20160331212838","LISTING"
"http://www.press.sk:80/hachette-filipacchi/o","a,30,https://web.archive.org/web/20160513143322/http://www.press.sk:80/hachette-filipacchi/o,a,30,","20160513143322","LISTING"
"http://www.press.sk:80/hachette-filipacchi/o","a,30,30/,https://web.archive.org/web/20141028222845/http://www.press.sk:80/hachette-filipacchi/o,a,30,30/,","20141028222845","LISTING"
"http://www.press.sk:80/hachette-filipacchi/o","a,30,30,https://web.archive.org/web/20150708230626/http://www.press.sk:80/hachette-filipacchi/o,a,30,30,","20150708230626","LISTING"
"http://www.press.sk:80/hachette-filipacchi/o","a,30,30/,https://web.archive.org/web/20150710040234/http://www.press.sk:80/hachette-filipacchi/o,a,30,30/,","20150710040234","LISTING"
"http://www.press.sk:80/hachette-filipacchi/o","a,30,30,https://web.archive.org/web/20150809054446/http://www.press.sk:80/hachette-filipacchi/o,a,30,30,","20150809054446","LISTING"
"http://www.press.sk:80/hachette-filipacchi/o","a,30,30,https://web.archive.org/web/20150909045623/http://www.press.sk:80/hachette-filipacchi/o,a,30,30,","20150909045623","LISTING"
"http://www.press.sk:80/hachette-filipacchi/o","a,30,30,https://web.archive.org/web/20160330100723/http://www.press.sk:80/hachette-filipacchi/o,a,30,30,","20160330100723","LISTING"
"http://www.press.sk:80/hachette-filipacchi/o","a,30,30,https://web.archive.org/web/20160515100447/http://www.press.sk:80/hachette-filipacchi/o,a,30,30,","20160515100447","LISTING"
"http://www.press.sk/hachette-filipacchi/o","a,30,30/,https://web.archive.org/web/20160802144250/http://www.press.sk/hachette-filipacchi/o,a,30,30/,","20160802144250","LISTING"
"http://www.press.sk:80/hachette-filipacchi/o","a,30,30/,https://web.archive.org/web/20160906094617/http://www.press.sk:80/hachette-filipacchi/o,a,30,30/,","20160906094617","LISTING"
"http://www.press.sk/hachette-filipacchi/o","a,30,60/,https://web.archive.org/web/20160802162049/http://www.press.sk/hachette-filipacchi/o,a,30,60/,","20160802162049","LISTING"
"http://www.press.sk:80/hachette-filipacchi/o","a,30,60/,https://web.archive.org/web/20160906094416/http://www.press.sk:80/hachette-filipacchi/o,a,30,60/,","20160906094416","LISTING"
"http://www.press.sk:80/harry-potter-kniha-sachu/o","a,30,30/,https://web.archive.org/web/20150106110109/http://www.press.sk:80/harry-potter-kniha-sachu/o,a,30,30/,","20150106110109","LISTING"
"http://www.press.sk/helikoptery-sveta/o","a,30,30/,https://web.archive.org/web/20130621040056/http://www.press.sk/helikoptery-sveta/o,a,30,30/,","20130621040056","LISTING"
"http://www.press.sk:80/hotove-modely/o","a,100,100,https://web.archive.org/web/20170528172200/http://www.press.sk:80/hotove-modely/o,a,100,100,","20170528172200","LISTING"
"http://www.press.sk:80/hotove-modely/p","a,100,https://web.archive.org/web/20170528173355/http://www.press.sk:80/hotove-modely/p,a,100,","20170528173355","LISTING"
"http://www.press.sk:80/hotove-modely/p","a,100,100,https://web.archive.org/web/20170528172341/http://www.press.sk:80/hotove-modely/p,a,100,100,","20170528172341","LISTING"
"http://www.press.sk:80/hotove-modely/p","a,100, ,200,https://web.archive.org/web/20170528172514/http://www.press.sk:80/hotove-modely/p,a,100, ,200,","20170528172514","LISTING"
"http://www.press.sk:80/hotove-modely/p","a,100,500,https://web.archive.org/web/20170528172346/http://www.press.sk:80/hotove-modely/p,a,100,500,","20170528172346","LISTING"
"http://www.press.sk:80/hachette-filipacchi/o","a,30/,https://web.archive.org/web/20150711133348/http://www.press.sk:80/hachette-filipacchi/o,a,30/,","20150711133348","LISTING"
"http://www.press.sk:80/hachette-filipacchi/o","a,30,https://web.archive.org/web/20150809054441/http://www.press.sk:80/hachette-filipacchi/o,a,30,","20150809054441","LISTING"
"http://www.press.sk:80/hachette-filipacchi/o","a,30,https://web.archive.org/web/20150909042957/http://www.press.sk:80/hachette-filipacchi/o,a,30,","20150909042957","LISTING"
"http://www.press.sk:80/hachette-filipacchi/o","a,30,https://web.archive.org/web/20160331212838/http://www.press.sk:80/hachette-filipacchi/o,a,30,","20160331212838","LISTING"
"http://www.press.sk:80/hachette-filipacchi/o","a,30,https://web.archive.org/web/20160513143322/http://www.press.sk:80/hachette-filipacchi/o,a,30,","20160513143322","LISTING"
"http://www.press.sk:80/hachette-filipacchi/o","a,30,30/,https://web.archive.org/web/20141028222845/http://www.press.sk:80/hachette-filipacchi/o,a,30,30/,","20141028222845","LISTING"
"http://www.press.sk:80/hachette-filipacchi/o","a,30,30,https://web.archive.org/web/20150708230626/http://www.press.sk:80/hachette-filipacchi/o,a,30,30,","20150708230626","LISTING"
"http://www.press.sk:80/hachette-filipacchi/o","a,30,30/,https://web.archive.org/web/20150710040234/http://www.press.sk:80/hachette-filipacchi/o,a,30,30/,","20150710040234","LISTING"
"http://www.press.sk:80/hachette-filipacchi/o","a,30,30,https://web.archive.org/web/20150809054446/http://www.press.sk:80/hachette-filipacchi/o,a,30,30,","20150809054446","LISTING"
"http://www.press.sk:80/hachette-filipacchi/o","a,30,30,https://web.archive.org/web/20150909045623/http://www.press.sk:80/hachette-filipacchi/o,a,30,30,","20150909045623","LISTING"
"http://www.press.sk:80/hachette-filipacchi/o","a,30,30,https://web.archive.org/web/20160330100723/http://www.press.sk:80/hachette-filipacchi/o,a,30,30,","20160330100723","LISTING"
"http://www.press.sk:80/hachette-filipacchi/o","a,30,30,https://web.archive.org/web/20160515100447/http://www.press.sk:80/hachette-filipacchi/o,a,30,30,","20160515100447","LISTING"
"http://www.press.sk/hachette-filipacchi/o","a,30,30/,https://web.archive.org/web/20160802144250/http://www.press.sk/hachette-filipacchi/o,a,30,30/,","20160802144250","LISTING"
"http://www.press.sk:80/hachette-filipacchi/o","a,30,30/,https://web.archive.org/web/20160906094617/http://www.press.sk:80/hachette-filipacchi/o,a,30,30/,","20160906094617","LISTING"
"http://www.press.sk/hachette-filipacchi/o","a,30,60/,https://web.archive.org/web/20160802162049/http://www.press.sk/hachette-filipacchi/o,a,30,60/,","20160802162049","LISTING"
"http://www.press.sk:80/hachette-filipacchi/o","a,30,60/,https://web.archive.org/web/20160906094416/http://www.press.sk:80/hachette-filipacchi/o,a,30,60/,","20160906094416","LISTING"
"http://www.press.sk:80/harry-potter-kniha-sachu/o","a,30,30/,https://web.archive.org/web/20150106110109/http://www.press.sk:80/harry-potter-kniha-sachu/o,a,30,30/,","20150106110109","LISTING"
"http://www.press.sk/helikoptery-sveta/o","a,30,30/,https://web.archive.org/web/20130621040056/http://www.press.sk/helikoptery-sveta/o,a,30,30/,","20130621040056","LISTING"
"http://www.press.sk:80/hotove-modely/o","a,100,100,https://web.archive.org/web/20170528172200/http://www.press.sk:80/hotove-modely/o,a,100,100,","20170528172200","LISTING"
"http://www.press.sk:80/hotove-modely/p","a,100,https://web.archive.org/web/20170528173355/http://www.press.sk:80/hotove-modely/p,a,100,","20170528173355","LISTING"
"http://www.press.sk:80/hotove-modely/p","a,100,100,https://web.archive.org/web/20170528172341/http://www.press.sk:80/hotove-modely/p,a,100,100,","20170528172341","LISTING"
"http://www.press.sk:80/hotove-modely/p","a,100, ,200,https://web.archive.org/web/20170528172514/http://www.press.sk:80/hotove-modely/p,a,100, ,200,","20170528172514","LISTING"
"http://www.press.sk:80/hotove-modely/p","a,100,500,https://web.archive.org/web/20170528172346/http://www.press.sk:80/hotove-modely/p,a,100,500,","20170528172346","LISTING"
"https://www.press.sk/ine-produkty/o","a,30,120/,https://web.archive.org/web/20170811045427/https://www.press.sk/ine-produkty/o,a,30,120/,","20170811045427","LISTING"
"http://www.press.sk/ine-produkty/o","a,30,30/,https://web.archive.org/web/20170405211437/http://www.press.sk/ine-produkty/o,a,30,30/,","20170405211437","LISTING"
"https://www.press.sk/ine-produkty/o","a,30,30/,https://web.archive.org/web/20170811172957/https://www.press.sk/ine-produkty/o,a,30,30/,","20170811172957","LISTING"
"https://www.press.sk/ine-produkty/o","a,30,90/,https://web.archive.org/web/20170811080413/https://www.press.sk/ine-produkty/o,a,30,90/,","20170811080413","LISTING"
"http://www.press.sk:80/kalendare-pohladnice/n","a,30/,https://web.archive.org/web/20090713032412/http://www.press.sk:80/kalendare-pohladnice/n,a,30/,","20090713032412","LISTING"
"http://www.press.sk:80/kalendare-pohladnice/n","a,30,30/,https://web.archive.org/web/20081231064641/http://www.press.sk:80/kalendare-pohladnice/n,a,30,30/,","20081231064641","LISTING"
"http://www.press.sk:80/kalendare-pohladnice/n","a,30,30,https://web.archive.org/web/20090712023136/http://www.press.sk:80/kalendare-pohladnice/n,a,30,30,","20090712023136","LISTING"
"http://www.press.sk:80/kalendare-pohladnice/n","a,30,30/,https://web.archive.org/web/20100902091937/http://www.press.sk:80/kalendare-pohladnice/n,a,30,30/,","20100902091937","LISTING"
"http://www.press.sk:80/kalendare-pohladnice/n","a,30,60/,https://web.archive.org/web/20100902092538/http://www.press.sk:80/kalendare-pohladnice/n,a,30,60/,","20100902092538","LISTING"
"http://www.press.sk/kalendare-pohladnice/o","a,30/,https://web.archive.org/web/20130623070114/http://www.press.sk/kalendare-pohladnice/o,a,30/,","20130623070114","LISTING"
"http://www.press.sk:80/kalendare-pohladnice/o","a,30/,https://web.archive.org/web/20140810003451/http://www.press.sk:80/kalendare-pohladnice/o,a,30/,","20140810003451","LISTING"
"http://www.press.sk:80/kalendare-pohladnice/o","a,30/,https://web.archive.org/web/20150310140158/http://www.press.sk:80/kalendare-pohladnice/o,a,30/,","20150310140158","LISTING"
"http://www.press.sk/kalendare-pohladnice/o","a,30,120/,https://web.archive.org/web/20130511025439/http://www.press.sk/kalendare-pohladnice/o,a,30,120/,","20130511025439","LISTING"
"http://www.press.sk:80/kalendare-pohladnice/o","a,30,120,https://web.archive.org/web/20140808224521/http://www.press.sk:80/kalendare-pohladnice/o,a,30,120,","20140808224521","LISTING"
"http://www.press.sk:80/kalendare-pohladnice/o","a,30,120/,https://web.archive.org/web/20140810003456/http://www.press.sk:80/kalendare-pohladnice/o,a,30,120/,","20140810003456","LISTING"
"http://www.press.sk:80/kalendare-pohladnice/o","a,30,120,https://web.archive.org/web/20150308135140/http://www.press.sk:80/kalendare-pohladnice/o,a,30,120,","20150308135140","LISTING"
"http://www.press.sk:80/kalendare-pohladnice/o","a,30,120/,https://web.archive.org/web/20150310064420/http://www.press.sk:80/kalendare-pohladnice/o,a,30,120/,","20150310064420","LISTING"
"http://www.press.sk:80/kalendare-pohladnice/o","a,30,120,https://web.archive.org/web/20150408170438/http://www.press.sk:80/kalendare-pohladnice/o,a,30,120,","20150408170438","LISTING"
"http://www.press.sk:80/kalendare-pohladnice/o","a,30,120,https://web.archive.org/web/20150509065716/http://www.press.sk:80/kalendare-pohladnice/o,a,30,120,","20150509065716","LISTING"
"http://www.press.sk:80/kalendare-pohladnice/o","a,30,120,https://web.archive.org/web/20150609043412/http://www.press.sk:80/kalendare-pohladnice/o,a,30,120,","20150609043412","LISTING"
"http://www.press.sk:80/kalendare-pohladnice/o","a,30,120,https://web.archive.org/web/20150710101339/http://www.press.sk:80/kalendare-pohladnice/o,a,30,120,","20150710101339","LISTING"
"http://www.press.sk:80/kalendare-pohladnice/o","a,30,120,https://web.archive.org/web/20150810122731/http://www.press.sk:80/kalendare-pohladnice/o,a,30,120,","20150810122731","LISTING"
"http://www.press.sk:80/kalendare-pohladnice/o","a,30,120,https://web.archive.org/web/20150910112622/http://www.press.sk:80/kalendare-pohladnice/o,a,30,120,","20150910112622","LISTING"
"http://www.press.sk:80/kalendare-pohladnice/o","a,30,120,https://web.archive.org/web/20160331203413/http://www.press.sk:80/kalendare-pohladnice/o,a,30,120,","20160331203413","LISTING"
"http://www.press.sk:80/kalendare-pohladnice/o","a,30,120,https://web.archive.org/web/20160507140246/http://www.press.sk:80/kalendare-pohladnice/o,a,30,120,","20160507140246","LISTING"
"http://www.press.sk/kalendare-pohladnice/o","a,30,120/,https://web.archive.org/web/20160802140442/http://www.press.sk/kalendare-pohladnice/o,a,30,120/,","20160802140442","LISTING"
"http://www.press.sk:80/kalendare-pohladnice/o","a,30,150,https://web.archive.org/web/20150308135144/http://www.press.sk:80/kalendare-pohladnice/o,a,30,150,","20150308135144","LISTING"
"http://www.press.sk:80/kalendare-pohladnice/o","a,30,150/,https://web.archive.org/web/20150310064426/http://www.press.sk:80/kalendare-pohladnice/o,a,30,150/,","20150310064426","LISTING"
"http://www.press.sk:80/kalendare-pohladnice/o","a,30,150,https://web.archive.org/web/20150408170444/http://www.press.sk:80/kalendare-pohladnice/o,a,30,150,","20150408170444","LISTING"
"http://www.press.sk:80/kalendare-pohladnice/o","a,30,150,https://web.archive.org/web/20150509070133/http://www.press.sk:80/kalendare-pohladnice/o,a,30,150,","20150509070133","LISTING"
"http://www.press.sk:80/kalendare-pohladnice/o","a,30,150,https://web.archive.org/web/20150609043133/http://www.press.sk:80/kalendare-pohladnice/o,a,30,150,","20150609043133","LISTING"
"http://www.press.sk:80/kalendare-pohladnice/o","a,30,150,https://web.archive.org/web/20150710100922/http://www.press.sk:80/kalendare-pohladnice/o,a,30,150,","20150710100922","LISTING"
"http://www.press.sk:80/kalendare-pohladnice/o","a,30,150,https://web.archive.org/web/20150810123922/http://www.press.sk:80/kalendare-pohladnice/o,a,30,150,","20150810123922","LISTING"
"http://www.press.sk:80/kalendare-pohladnice/o","a,30,150,https://web.archive.org/web/20150910111704/http://www.press.sk:80/kalendare-pohladnice/o,a,30,150,","20150910111704","LISTING"
"http://www.press.sk:80/kalendare-pohladnice/o","a,30,150,https://web.archive.org/web/20160401103047/http://www.press.sk:80/kalendare-pohladnice/o,a,30,150,","20160401103047","LISTING"
"http://www.press.sk:80/kalendare-pohladnice/o","a,30,150,https://web.archive.org/web/20160512133628/http://www.press.sk:80/kalendare-pohladnice/o,a,30,150,","20160512133628","LISTING"
"http://www.press.sk/kalendare-pohladnice/o","a,30,150/,https://web.archive.org/web/20160802152721/http://www.press.sk/kalendare-pohladnice/o,a,30,150/,","20160802152721","LISTING"
"http://www.press.sk/kalendare-pohladnice/o","a,30,180/,https://web.archive.org/web/20160802152838/http://www.press.sk/kalendare-pohladnice/o,a,30,180/,","20160802152838","LISTING"
"http://www.press.sk:80/kalendare-pohladnice/o","a,30,30/,https://web.archive.org/web/20110912030914/http://www.press.sk:80/kalendare-pohladnice/o,a,30,30/,","20110912030914","LISTING"
"http://www.press.sk/kalendare-pohladnice/o","a,30,30/,https://web.archive.org/web/20130511023728/http://www.press.sk/kalendare-pohladnice/o,a,30,30/,","20130511023728","LISTING"
"http://www.press.sk:80/kalendare-pohladnice/o","a,30,30,https://web.archive.org/web/20140808224526/http://www.press.sk:80/kalendare-pohladnice/o,a,30,30,","20140808224526","LISTING"
"http://www.press.sk:80/kalendare-pohladnice/o","a,30,30/,https://web.archive.org/web/20140810003502/http://www.press.sk:80/kalendare-pohladnice/o,a,30,30/,","20140810003502","LISTING"
"http://www.press.sk:80/kalendare-pohladnice/o","a,30,30,https://web.archive.org/web/20140915040414/http://www.press.sk:80/kalendare-pohladnice/o,a,30,30,","20140915040414","LISTING"
"http://www.press.sk:80/kalendare-pohladnice/o","a,30,30,https://web.archive.org/web/20150308135150/http://www.press.sk:80/kalendare-pohladnice/o,a,30,30,","20150308135150","LISTING"
"http://www.press.sk:80/kalendare-pohladnice/o","a,30,30/,https://web.archive.org/web/20150310064431/http://www.press.sk:80/kalendare-pohladnice/o,a,30,30/,","20150310064431","LISTING"
"http://www.press.sk:80/kalendare-pohladnice/o","a,30,30,https://web.archive.org/web/20150408170225/http://www.press.sk:80/kalendare-pohladnice/o,a,30,30,","20150408170225","LISTING"
"http://www.press.sk:80/kalendare-pohladnice/o","a,30,30,https://web.archive.org/web/20150509065024/http://www.press.sk:80/kalendare-pohladnice/o,a,30,30,","20150509065024","LISTING"
"http://www.press.sk:80/kalendare-pohladnice/o","a,30,30,https://web.archive.org/web/20150609043428/http://www.press.sk:80/kalendare-pohladnice/o,a,30,30,","20150609043428","LISTING"
"http://www.press.sk:80/kalendare-pohladnice/o","a,30,30,https://web.archive.org/web/20150710100727/http://www.press.sk:80/kalendare-pohladnice/o,a,30,30,","20150710100727","LISTING"
"http://www.press.sk:80/kalendare-pohladnice/o","a,30,30,https://web.archive.org/web/20150810124241/http://www.press.sk:80/kalendare-pohladnice/o,a,30,30,","20150810124241","LISTING"
"http://www.press.sk:80/kalendare-pohladnice/o","a,30,30,https://web.archive.org/web/20150910104319/http://www.press.sk:80/kalendare-pohladnice/o,a,30,30,","20150910104319","LISTING"
"http://www.press.sk:80/kalendare-pohladnice/o","a,30,30,https://web.archive.org/web/20160331201354/http://www.press.sk:80/kalendare-pohladnice/o,a,30,30,","20160331201354","LISTING"
"http://www.press.sk:80/kalendare-pohladnice/o","a,30,30,https://web.archive.org/web/20160508031945/http://www.press.sk:80/kalendare-pohladnice/o,a,30,30,","20160508031945","LISTING"
"http://www.press.sk/kalendare-pohladnice/o","a,30,30/,https://web.archive.org/web/20160802140902/http://www.press.sk/kalendare-pohladnice/o,a,30,30/,","20160802140902","LISTING"
"http://www.press.sk/kalendare-pohladnice/o","a,30,60/,https://web.archive.org/web/20130511024346/http://www.press.sk/kalendare-pohladnice/o,a,30,60/,","20130511024346","LISTING"
"http://www.press.sk:80/kalendare-pohladnice/o","a,30,60,https://web.archive.org/web/20140808214024/http://www.press.sk:80/kalendare-pohladnice/o,a,30,60,","20140808214024","LISTING"
"http://www.press.sk:80/kalendare-pohladnice/o","a,30,60/,https://web.archive.org/web/20140810042952/http://www.press.sk:80/kalendare-pohladnice/o,a,30,60/,","20140810042952","LISTING"
"http://www.press.sk:80/kalendare-pohladnice/o","a,30,60,https://web.archive.org/web/20140915042619/http://www.press.sk:80/kalendare-pohladnice/o,a,30,60,","20140915042619","LISTING"
"http://www.press.sk:80/kalendare-pohladnice/o","a,30,60,https://web.archive.org/web/20150308135155/http://www.press.sk:80/kalendare-pohladnice/o,a,30,60,","20150308135155","LISTING"
"http://www.press.sk:80/kalendare-pohladnice/o","a,30,60/,https://web.archive.org/web/20150310064437/http://www.press.sk:80/kalendare-pohladnice/o,a,30,60/,","20150310064437","LISTING"
"http://www.press.sk:80/kalendare-pohladnice/o","a,30,60,https://web.archive.org/web/20150408170450/http://www.press.sk:80/kalendare-pohladnice/o,a,30,60,","20150408170450","LISTING"
"http://www.press.sk:80/kalendare-pohladnice/o","a,30,60,https://web.archive.org/web/20150509065029/http://www.press.sk:80/kalendare-pohladnice/o,a,30,60,","20150509065029","LISTING"
"http://www.press.sk:80/kalendare-pohladnice/o","a,30,60,https://web.archive.org/web/20150609043601/http://www.press.sk:80/kalendare-pohladnice/o,a,30,60,","20150609043601","LISTING"
"http://www.press.sk:80/kalendare-pohladnice/o","a,30,60,https://web.archive.org/web/20150710100754/http://www.press.sk:80/kalendare-pohladnice/o,a,30,60,","20150710100754","LISTING"
"http://www.press.sk:80/kalendare-pohladnice/o","a,30,60,https://web.archive.org/web/20150810115104/http://www.press.sk:80/kalendare-pohladnice/o,a,30,60,","20150810115104","LISTING"
"http://www.press.sk:80/kalendare-pohladnice/o","a,30,60,https://web.archive.org/web/20150910104142/http://www.press.sk:80/kalendare-pohladnice/o,a,30,60,","20150910104142","LISTING"
"http://www.press.sk:80/kalendare-pohladnice/o","a,30,60,https://web.archive.org/web/20160330113513/http://www.press.sk:80/kalendare-pohladnice/o,a,30,60,","20160330113513","LISTING"
"http://www.press.sk:80/kalendare-pohladnice/o","a,30,60,https://web.archive.org/web/20160501153138/http://www.press.sk:80/kalendare-pohladnice/o,a,30,60,","20160501153138","LISTING"
"http://www.press.sk/kalendare-pohladnice/o","a,30,60/,https://web.archive.org/web/20160802165524/http://www.press.sk/kalendare-pohladnice/o,a,30,60/,","20160802165524","LISTING"
"http://www.press.sk/kalendare-pohladnice/o","a,30,90/,https://web.archive.org/web/20130511025331/http://www.press.sk/kalendare-pohladnice/o,a,30,90/,","20130511025331","LISTING"
"http://www.press.sk:80/kalendare-pohladnice/o","a,30,90,https://web.archive.org/web/20140808224531/http://www.press.sk:80/kalendare-pohladnice/o,a,30,90,","20140808224531","LISTING"
"http://www.press.sk:80/kalendare-pohladnice/o","a,30,90/,https://web.archive.org/web/20140810003507/http://www.press.sk:80/kalendare-pohladnice/o,a,30,90/,","20140810003507","LISTING"
"http://www.press.sk:80/kalendare-pohladnice/o","a,30,90,https://web.archive.org/web/20140917181540/http://www.press.sk:80/kalendare-pohladnice/o,a,30,90,","20140917181540","LISTING"
"http://www.press.sk:80/kalendare-pohladnice/o","a,30,90/,https://web.archive.org/web/20150310064442/http://www.press.sk:80/kalendare-pohladnice/o,a,30,90/,","20150310064442","LISTING"
"http://www.press.sk/kalendare-pohladnice/o","a,30,90/,https://web.archive.org/web/20160803102904/http://www.press.sk/kalendare-pohladnice/o,a,30,90/,","20160803102904","LISTING"
"http://www.press.sk:80/kolekce-automobilu-jamesa-bonda/o","a,30/,https://web.archive.org/web/20160229030925/http://www.press.sk:80/kolekce-automobilu-jamesa-bonda/o,a,30/,","20160229030925","LISTING"
"http://www.press.sk:80/kolekce-automobilu-jamesa-bonda/o","a,30,30/,https://web.archive.org/web/20160229030951/http://www.press.sk:80/kolekce-automobilu-jamesa-bonda/o,a,30,30/,","20160229030951","LISTING"
"http://www.press.sk/kolekce-automobilu-jamesa-bonda/o","a,30,30/,https://web.archive.org/web/20160802164719/http://www.press.sk/kolekce-automobilu-jamesa-bonda/o,a,30,30/,","20160802164719","LISTING"
"http://www.press.sk:80/kolekce-automobilu-jamesa-bonda/o","a,30,60,https://web.archive.org/web/20160227035435/http://www.press.sk:80/kolekce-automobilu-jamesa-bonda/o,a,30,60,","20160227035435","LISTING"
"http://www.press.sk:80/kolekce-automobilu-jamesa-bonda/o","a,30,60/,https://web.archive.org/web/20160228114436/http://www.press.sk:80/kolekce-automobilu-jamesa-bonda/o,a,30,60/,","20160228114436","LISTING"
"http://www.press.sk:80/kolekce-automobilu-jamesa-bonda/o","a,30,60,https://web.archive.org/web/20160329085705/http://www.press.sk:80/kolekce-automobilu-jamesa-bonda/o,a,30,60,","20160329085705","LISTING"
"http://www.press.sk:80/kolekce-automobilu-jamesa-bonda/o","a,30,60,https://web.archive.org/web/20160513163301/http://www.press.sk:80/kolekce-automobilu-jamesa-bonda/o,a,30,60,","20160513163301","LISTING"
"http://www.press.sk:80/kolekce-automobilu-jamesa-bonda/o","a,30,60,https://web.archive.org/web/20160613230629/http://www.press.sk:80/kolekce-automobilu-jamesa-bonda/o,a,30,60,","20160613230629","LISTING"
"http://www.press.sk:80/kolekce-automobilu-jamesa-bonda/o","a,30,60,https://web.archive.org/web/20160714213212/http://www.press.sk:80/kolekce-automobilu-jamesa-bonda/o,a,30,60,","20160714213212","LISTING"
"http://www.press.sk/kolekce-automobilu-jamesa-bonda/o","a,30,60/,https://web.archive.org/web/20160803041338/http://www.press.sk/kolekce-automobilu-jamesa-bonda/o,a,30,60/,","20160803041338","LISTING"
"http://www.press.sk:80/kolekce-automobilu-jamesa-bonda/o","a,30,60,https://web.archive.org/web/20160815022433/http://www.press.sk:80/kolekce-automobilu-jamesa-bonda/o,a,30,60,","20160815022433","LISTING"
"http://www.press.sk/komiksy/o","a,30/,https://web.archive.org/web/20130622054446/http://www.press.sk/komiksy/o,a,30/,","20130622054446","LISTING"
"http://www.press.sk/komiksy/o","a,30,120/,https://web.archive.org/web/20130510225449/http://www.press.sk/komiksy/o,a,30,120/,","20130510225449","LISTING"
"http://www.press.sk:80/komiksy/o","a,30,120/,https://web.archive.org/web/20130713041418/http://www.press.sk:80/komiksy/o,a,30,120/,","20130713041418","LISTING"
"http://www.press.sk:80/komiksy/o","a,30,120/,https://web.archive.org/web/20161015202643/http://www.press.sk:80/komiksy/o,a,30,120/,","20161015202643","LISTING"
"http://www.press.sk:80/komiksy/o","a,30,150/,https://web.archive.org/web/20130712083230/http://www.press.sk:80/komiksy/o,a,30,150/,","20130712083230","LISTING"
"http://www.press.sk/komiksy/o","a,30,30/,https://web.archive.org/web/20130510233046/http://www.press.sk/komiksy/o,a,30,30/,","20130510233046","LISTING"
"http://www.press.sk:80/komiksy/o","a,30,30/,https://web.archive.org/web/20130712082534/http://www.press.sk:80/komiksy/o,a,30,30/,","20130712082534","LISTING"
"http://www.press.sk:80/komiksy/o","a,30,30/,https://web.archive.org/web/20160524165932/http://www.press.sk:80/komiksy/o,a,30,30/,","20160524165932","LISTING"
"http://www.press.sk:80/komiksy/o","a,30,30/,https://web.archive.org/web/20161014225114/http://www.press.sk:80/komiksy/o,a,30,30/,","20161014225114","LISTING"
"http://www.press.sk:80/komiksy/o","a,30,420/,https://web.archive.org/web/20160524164617/http://www.press.sk:80/komiksy/o,a,30,420/,","20160524164617","LISTING"
"http://www.press.sk:80/komiksy/o","a,30,420/,https://web.archive.org/web/20161015202315/http://www.press.sk:80/komiksy/o,a,30,420/,","20161015202315","LISTING"
"http://www.press.sk:80/komiksy/o","a,30,450/,https://web.archive.org/web/20161014231011/http://www.press.sk:80/komiksy/o,a,30,450/,","20161014231011","LISTING"
"http://www.press.sk/komiksy/o","a,30,60/,https://web.archive.org/web/20130510233540/http://www.press.sk/komiksy/o,a,30,60/,","20130510233540","LISTING"
"http://www.press.sk:80/komiksy/o","a,30,60/,https://web.archive.org/web/20130713041427/http://www.press.sk:80/komiksy/o,a,30,60/,","20130713041427","LISTING"
"http://www.press.sk:80/komiksy/o","a,30,60/,https://web.archive.org/web/20161015202631/http://www.press.sk:80/komiksy/o,a,30,60/,","20161015202631","LISTING"
"http://www.press.sk:80/komiksy/o","a,30,60,https://web.archive.org/web/20161206231002/http://www.press.sk:80/komiksy/o,a,30,60,","20161206231002","LISTING"
"http://www.press.sk/komiksy/o","a,30,90/,https://web.archive.org/web/20130510233933/http://www.press.sk/komiksy/o,a,30,90/,","20130510233933","LISTING"
"http://www.press.sk:80/komiksy/o","a,30,90/,https://web.archive.org/web/20161015202157/http://www.press.sk:80/komiksy/o,a,30,90/,","20161015202157","LISTING"
"http://www.press.sk/kosmos-tajemstvi-vesmiru/o","a,30,30/,https://web.archive.org/web/20130620155734/http://www.press.sk/kosmos-tajemstvi-vesmiru/o,a,30,30/,","20130620155734","LISTING"
"http://www.press.sk:80/kouzelna-sbirka-pohadek+284/","https://web.archive.org/web/20170114050629/http://www.press.sk:80/kouzelna-sbirka-pohadek+284/,","20170114050629","LISTING"
"http://www.press.sk:80/kouzelna-sbirka-pohadek+284/","https://web.archive.org/web/20170315212915/http://www.press.sk:80/kouzelna-sbirka-pohadek+284/,","20170315212915","LISTING"
"http://www.press.sk:80/kouzelna-sbirka-pohadek+284/","https://web.archive.org/web/20170516113756/http://www.press.sk:80/kouzelna-sbirka-pohadek+284/,","20170516113756","LISTING"
"http://www.press.sk/kouzelna-sbirka-pohadek+284/","https://web.archive.org/web/20170606032635/http://www.press.sk/kouzelna-sbirka-pohadek+284/,","20170606032635","LISTING"
"http://www.press.sk:80/kozmonautika-a-civilne-letectvo/n","a,30,30/,https://web.archive.org/web/20100614035530/http://www.press.sk:80/kozmonautika-a-civilne-letectvo/n,a,30,30/,","20100614035530","LISTING"
"http://www.press.sk:80/kozmonautika-a-civilne-letectvo/n","a,30,30,https://web.archive.org/web/20101015213031/http://www.press.sk:80/kozmonautika-a-civilne-letectvo/n,a,30,30,","20101015213031","LISTING"
"http://www.press.sk:80/kozmonautika-a-civilne-letectvo/n","a,30,30,https://web.archive.org/web/20101116090507/http://www.press.sk:80/kozmonautika-a-civilne-letectvo/n,a,30,30,","20101116090507","LISTING"
"http://www.press.sk/kozmonautika-a-civilne-letectvo/o","a,30,30/,https://web.archive.org/web/20130623052733/http://www.press.sk/kozmonautika-a-civilne-letectvo/o,a,30,30/,","20130623052733","LISTING"
"http://www.press.sk/kozmonautika-a-civilne-letectvo/o","a,30,60/,https://web.archive.org/web/20130623054030/http://www.press.sk/kozmonautika-a-civilne-letectvo/o,a,30,60/,","20130623054030","LISTING"
"http://www.press.sk:80/krasnejsi-s-elle/","https://web.archive.org/web/20110912075824/http://www.press.sk:80/krasnejsi-s-elle/,","20110912075824","LISTING"
"http://www.press.sk/kriminalistika/o","a,30,30/,https://web.archive.org/web/20130623080427/http://www.press.sk/kriminalistika/o,a,30,30/,","20130623080427","LISTING"
"http://www.press.sk:80/kucharky-z-edice-apetit/o","a,30,30/,https://web.archive.org/web/20150630144251/http://www.press.sk:80/kucharky-z-edice-apetit/o,a,30,30/,","20150630144251","LISTING"
"http://www.press.sk/kucharky-z-edice-apetit/o","a,30,30/,https://web.archive.org/web/20160410182636/http://www.press.sk/kucharky-z-edice-apetit/o,a,30,30/,","20160410182636","LISTING"
"http://www.press.sk:80/kucharske-knihy/o","a,30,30,https://web.archive.org/web/20130621005630/http://www.press.sk:80/kucharske-knihy/o,a,30,30,","20130621005630","LISTING"
"http://www.press.sk/kucharske-knihy/o","a,30,30/,https://web.archive.org/web/20130623165146/http://www.press.sk/kucharske-knihy/o,a,30,30/,","20130623165146","LISTING"
"http://www.press.sk/kucharske-knihy/o","a,30,60/,https://web.archive.org/web/20130623164223/http://www.press.sk/kucharske-knihy/o,a,30,60/,","20130623164223","LISTING"
"http://www.press.sk:80/kultovni-auta-cssr/o","a,30,https://web.archive.org/web/20130620222621/http://www.press.sk:80/kultovni-auta-cssr/o,a,30,","20130620222621","LISTING"
"http://www.press.sk:80/kultovni-auta-cssr/o","a,30/,https://web.archive.org/web/20150825042948/http://www.press.sk:80/kultovni-auta-cssr/o,a,30/,","20150825042948","LISTING"
"http://www.press.sk:80/kultovni-auta-cssr/o","a,30/,https://web.archive.org/web/20151126024612/http://www.press.sk:80/kultovni-auta-cssr/o,a,30/,","20151126024612","LISTING"
"http://www.press.sk:80/kultovni-auta-cssr/o","a,30,120,https://web.archive.org/web/20151125043644/http://www.press.sk:80/kultovni-auta-cssr/o,a,30,120,","20151125043644","LISTING"
"http://www.press.sk:80/kultovni-auta-cssr/o","a,30,120/,https://web.archive.org/web/20151127045244/http://www.press.sk:80/kultovni-auta-cssr/o,a,30,120/,","20151127045244","LISTING"
"http://www.press.sk:80/kultovni-auta-cssr/o","a,30,120,https://web.archive.org/web/20151225182935/http://www.press.sk:80/kultovni-auta-cssr/o,a,30,120,","20151225182935","LISTING"
"http://www.press.sk:80/kultovni-auta-cssr/o","a,30,120,https://web.archive.org/web/20160330105714/http://www.press.sk:80/kultovni-auta-cssr/o,a,30,120,","20160330105714","LISTING"
"http://www.press.sk:80/kultovni-auta-cssr/o","a,30,120,https://web.archive.org/web/20160513060759/http://www.press.sk:80/kultovni-auta-cssr/o,a,30,120,","20160513060759","LISTING"
"http://www.press.sk:80/kultovni-auta-cssr/o","a,30,30,https://web.archive.org/web/20130621005659/http://www.press.sk:80/kultovni-auta-cssr/o,a,30,30,","20130621005659","LISTING"
"http://www.press.sk/kultovni-auta-cssr/o","a,30,30/,https://web.archive.org/web/20130621022950/http://www.press.sk/kultovni-auta-cssr/o,a,30,30/,","20130621022950","LISTING"
"http://www.press.sk:80/kultovni-auta-cssr/o","a,30,30/,https://web.archive.org/web/20150824093947/http://www.press.sk:80/kultovni-auta-cssr/o,a,30,30/,","20150824093947","LISTING"
"http://www.press.sk:80/kultovni-auta-cssr/o","a,30,30/,https://web.archive.org/web/20151126065848/http://www.press.sk:80/kultovni-auta-cssr/o,a,30,30/,","20151126065848","LISTING"
"http://www.press.sk/kultovni-auta-cssr/o","a,30,60/,https://web.archive.org/web/20130621021435/http://www.press.sk/kultovni-auta-cssr/o,a,30,60/,","20130621021435","LISTING"
"http://www.press.sk:80/kultovni-auta-cssr/o","a,30,60/,https://web.archive.org/web/20150824094138/http://www.press.sk:80/kultovni-auta-cssr/o,a,30,60/,","20150824094138","LISTING"
"http://www.press.sk:80/kultovni-auta-cssr/o","a,30,60/,https://web.archive.org/web/20151126065852/http://www.press.sk:80/kultovni-auta-cssr/o,a,30,60/,","20151126065852","LISTING"
"http://www.press.sk:80/kultovni-auta-cssr/o","a,30,90,https://web.archive.org/web/20150822183922/http://www.press.sk:80/kultovni-auta-cssr/o,a,30,90,","20150822183922","LISTING"
"http://www.press.sk:80/kultovni-auta-cssr/o","a,30,90/,https://web.archive.org/web/20150825042959/http://www.press.sk:80/kultovni-auta-cssr/o,a,30,90/,","20150825042959","LISTING"
"http://www.press.sk:80/kultovni-auta-cssr/o","a,30,90,https://web.archive.org/web/20150924064204/http://www.press.sk:80/kultovni-auta-cssr/o,a,30,90,","20150924064204","LISTING"
"http://www.press.sk:80/kultovni-auta-cssr/o","a,30,90,https://web.archive.org/web/20151125232501/http://www.press.sk:80/kultovni-auta-cssr/o,a,30,90,","20151125232501","LISTING"
"http://www.press.sk:80/kultovni-auta-cssr/o","a,30,90/,https://web.archive.org/web/20151126024653/http://www.press.sk:80/kultovni-auta-cssr/o,a,30,90/,","20151126024653","LISTING"
"http://www.press.sk:80/kultovni-auta-cssr/o","a,30,90,https://web.archive.org/web/20151226152246/http://www.press.sk:80/kultovni-auta-cssr/o,a,30,90,","20151226152246","LISTING"
"http://www.press.sk:80/kultovni-auta-cssr/o","a,30,90,https://web.archive.org/web/20160401145334/http://www.press.sk:80/kultovni-auta-cssr/o,a,30,90,","20160401145334","LISTING"
"http://www.press.sk:80/kultovni-auta-cssr/o","a,30,90,https://web.archive.org/web/20160402220029/http://www.press.sk:80/kultovni-auta-cssr/o,a,30,90,","20160402220029","LISTING"
"http://www.press.sk:80/kultovni-auta-cssr/o","a,30,90,https://web.archive.org/web/20160513093833/http://www.press.sk:80/kultovni-auta-cssr/o,a,30,90,","20160513093833","LISTING"
"http://www.press.sk:80/kultovni-auta-cssr/o","a,30,90,https://web.archive.org/web/20160514174255/http://www.press.sk:80/kultovni-auta-cssr/o,a,30,90,","20160514174255","LISTING"
"http://www.press.sk:80/kultovni-lokomotivy+282/","https://web.archive.org/web/20170113220240/http://www.press.sk:80/kultovni-lokomotivy+282/,","20170113220240","LISTING"
"http://www.press.sk:80/kultovni-lokomotivy+282/","https://web.archive.org/web/20170315212920/http://www.press.sk:80/kultovni-lokomotivy+282/,","20170315212920","LISTING"
"http://www.press.sk:80/kultovni-lokomotivy+282/","https://web.archive.org/web/20170516122406/http://www.press.sk:80/kultovni-lokomotivy+282/,","20170516122406","LISTING"
"http://www.press.sk/kultovni-lokomotivy+282/","https://web.archive.org/web/20170606110027/http://www.press.sk/kultovni-lokomotivy+282/,","20170606110027","LISTING"
"http://www.press.sk:80/kynologia/n","a,30/,https://web.archive.org/web/20090214130728/http://www.press.sk:80/kynologia/n,a,30/,","20090214130728","LISTING"
"http://www.press.sk:80/kynologia/n","a,30/,https://web.archive.org/web/20110627054156/http://www.press.sk:80/kynologia/n,a,30/,","20110627054156","LISTING"
"http://www.press.sk:80/kynologia/n","a,30/,https://web.archive.org/web/20110827010450/http://www.press.sk:80/kynologia/n,a,30/,","20110827010450","LISTING"
"http://www.press.sk:80/kynologia/n","a,30,30,https://web.archive.org/web/20090213083456/http://www.press.sk:80/kynologia/n,a,30,30,","20090213083456","LISTING"
"http://www.press.sk:80/kynologia/n","a,30,30/,https://web.archive.org/web/20090214193505/http://www.press.sk:80/kynologia/n,a,30,30/,","20090214193505","LISTING"
"http://www.press.sk:80/kynologia/n","a,30,30,https://web.archive.org/web/20090316033938/http://www.press.sk:80/kynologia/n,a,30,30,","20090316033938","LISTING"
"http://www.press.sk:80/kynologia/n","a,30,30,https://web.archive.org/web/20090415191755/http://www.press.sk:80/kynologia/n,a,30,30,","20090415191755","LISTING"
"http://www.press.sk:80/kynologia/n","a,30,30,https://web.archive.org/web/20090520035002/http://www.press.sk:80/kynologia/n,a,30,30,","20090520035002","LISTING"
"http://www.press.sk:80/kynologia/n","a,30,30,https://web.archive.org/web/20100107173456/http://www.press.sk:80/kynologia/n,a,30,30,","20100107173456","LISTING"
"http://www.press.sk:80/kynologia/n","a,30,30,https://web.archive.org/web/20110625114935/http://www.press.sk:80/kynologia/n,a,30,30,","20110625114935","LISTING"
"http://www.press.sk:80/kynologia/n","a,30,30,https://web.archive.org/web/20110626120749/http://www.press.sk:80/kynologia/n,a,30,30,","20110626120749","LISTING"
"http://www.press.sk:80/kynologia/n","a,30,30/,https://web.archive.org/web/20110627072436/http://www.press.sk:80/kynologia/n,a,30,30/,","20110627072436","LISTING"
"http://www.press.sk:80/kynologia/n","a,30,30,https://web.archive.org/web/20110728093320/http://www.press.sk:80/kynologia/n,a,30,30,","20110728093320","LISTING"
"http://www.press.sk:80/kynologia/n","a,30,30/,https://web.archive.org/web/20110827010216/http://www.press.sk:80/kynologia/n,a,30,30/,","20110827010216","LISTING"
"http://www.press.sk:80/kynologia/n","a,30,30,https://web.archive.org/web/20110828024242/http://www.press.sk:80/kynologia/n,a,30,30,","20110828024242","LISTING"
"http://www.press.sk:80/kynologia/n","a,30,30,https://web.archive.org/web/20110912150555/http://www.press.sk:80/kynologia/n,a,30,30,","20110912150555","LISTING"
"http://www.press.sk:80/kynologia/n","a,30,60,https://web.archive.org/web/20090213083523/http://www.press.sk:80/kynologia/n,a,30,60,","20090213083523","LISTING"
"http://www.press.sk:80/kynologia/n","a,30,60/,https://web.archive.org/web/20090214130933/http://www.press.sk:80/kynologia/n,a,30,60/,","20090214130933","LISTING"
"http://www.press.sk:80/kynologia/n","a,30,60,https://web.archive.org/web/20090316034034/http://www.press.sk:80/kynologia/n,a,30,60,","20090316034034","LISTING"
"http://www.press.sk:80/kynologia/n","a,30,60,https://web.archive.org/web/20090415193416/http://www.press.sk:80/kynologia/n,a,30,60,","20090415193416","LISTING"
"http://www.press.sk:80/kynologia/n","a,30,60,https://web.archive.org/web/20090520040432/http://www.press.sk:80/kynologia/n,a,30,60,","20090520040432","LISTING"
"http://www.press.sk:80/kynologia/n","a,30,60,https://web.archive.org/web/20110625114941/http://www.press.sk:80/kynologia/n,a,30,60,","20110625114941","LISTING"
"http://www.press.sk:80/kynologia/n","a,30,60,https://web.archive.org/web/20110626120839/http://www.press.sk:80/kynologia/n,a,30,60,","20110626120839","LISTING"
"http://www.press.sk:80/kynologia/n","a,30,60/,https://web.archive.org/web/20110627072441/http://www.press.sk:80/kynologia/n,a,30,60/,","20110627072441","LISTING"
"http://www.press.sk:80/kynologia/n","a,30,60,https://web.archive.org/web/20110727214927/http://www.press.sk:80/kynologia/n,a,30,60,","20110727214927","LISTING"
"http://www.press.sk:80/kynologia/n","a,30,60/,https://web.archive.org/web/20110827010454/http://www.press.sk:80/kynologia/n,a,30,60/,","20110827010454","LISTING"
"http://www.press.sk:80/kynologia/n","a,30,60,https://web.archive.org/web/20110828022434/http://www.press.sk:80/kynologia/n,a,30,60,","20110828022434","LISTING"
"http://www.press.sk:80/kynologia/n","a,30,60,https://web.archive.org/web/20110910203623/http://www.press.sk:80/kynologia/n,a,30,60,","20110910203623","LISTING"
"http://www.press.sk:80/kynologia/n","a,30,90,https://web.archive.org/web/20090213083528/http://www.press.sk:80/kynologia/n,a,30,90,","20090213083528","LISTING"
"http://www.press.sk:80/kynologia/n","a,30,90/,https://web.archive.org/web/20090214131152/http://www.press.sk:80/kynologia/n,a,30,90/,","20090214131152","LISTING"
"http://www.press.sk:80/kynologia/n","a,30,90,https://web.archive.org/web/20090316031830/http://www.press.sk:80/kynologia/n,a,30,90,","20090316031830","LISTING"
"http://www.press.sk:80/kynologia/n","a,30,90,https://web.archive.org/web/20090415193441/http://www.press.sk:80/kynologia/n,a,30,90,","20090415193441","LISTING"
"http://www.press.sk:80/kynologia/n","a,30,90,https://web.archive.org/web/20090520060850/http://www.press.sk:80/kynologia/n,a,30,90,","20090520060850","LISTING"
"http://www.press.sk:80/kynologia/n","a,30,90/,https://web.archive.org/web/20110627054201/http://www.press.sk:80/kynologia/n,a,30,90/,","20110627054201","LISTING"
"http://www.press.sk:80/kynologia/n","a,30,90/,https://web.archive.org/web/20110827010459/http://www.press.sk:80/kynologia/n,a,30,90/,","20110827010459","LISTING"
"http://www.press.sk/kynologia/o","a,30,120/,https://web.archive.org/web/20130623014953/http://www.press.sk/kynologia/o,a,30,120/,","20130623014953","LISTING"
"http://www.press.sk:80/kynologia/o","a,30,30/,https://web.archive.org/web/20110627094922/http://www.press.sk:80/kynologia/o,a,30,30/,","20110627094922","LISTING"
"http://www.press.sk:80/kynologia/o","a,30,30/,https://web.archive.org/web/20110827005846/http://www.press.sk:80/kynologia/o,a,30,30/,","20110827005846","LISTING"
"http://www.press.sk:80/kynologia/o","a,30,30/,https://web.archive.org/web/20110912082938/http://www.press.sk:80/kynologia/o,a,30,30/,","20110912082938","LISTING"
"http://www.press.sk/kynologia/o","a,30,30/,https://web.archive.org/web/20130622234642/http://www.press.sk/kynologia/o,a,30,30/,","20130622234642","LISTING"
"http://www.press.sk:80/kynologia/o","a,30,60/,https://web.archive.org/web/20110627144304/http://www.press.sk:80/kynologia/o,a,30,60/,","20110627144304","LISTING"
"http://www.press.sk:80/kynologia/o","a,30,60/,https://web.archive.org/web/20110911191143/http://www.press.sk:80/kynologia/o,a,30,60/,","20110911191143","LISTING"
"http://www.press.sk/kynologia/o","a,30,60/,https://web.archive.org/web/20130622231444/http://www.press.sk/kynologia/o,a,30,60/,","20130622231444","LISTING"
"http://www.press.sk:80/kynologia/o","a,30,90/,https://web.archive.org/web/20110627093224/http://www.press.sk:80/kynologia/o,a,30,90/,","20110627093224","LISTING"
"http://www.press.sk:80/kynologia/o","a,30,90/,https://web.archive.org/web/20110827005852/http://www.press.sk:80/kynologia/o,a,30,90/,","20110827005852","LISTING"
"http://www.press.sk:80/kynologia/o","a,30,90/,https://web.archive.org/web/20110913052441/http://www.press.sk:80/kynologia/o,a,30,90/,","20110913052441","LISTING"
"http://www.press.sk/kynologia/o","a,30,90/,https://web.archive.org/web/20130623012706/http://www.press.sk/kynologia/o,a,30,90/,","20130623012706","LISTING"
"http://www.press.sk/legendarni-automobily/o","a,30/,https://web.archive.org/web/20130620185355/http://www.press.sk/legendarni-automobily/o,a,30/,","20130620185355","LISTING"
"http://www.press.sk:80/legendarni-automobily/o","a,30,30/,https://web.archive.org/web/20120428012628/http://www.press.sk:80/legendarni-automobily/o,a,30,30/,","20120428012628","LISTING"
"http://www.press.sk/legendarni-automobily/o","a,30,30/,https://web.archive.org/web/20130510175433/http://www.press.sk/legendarni-automobily/o,a,30,30/,","20130510175433","LISTING"
"http://www.press.sk:80/legendarni-automobily/o","a,30,30/,https://web.archive.org/web/20140127055342/http://www.press.sk:80/legendarni-automobily/o,a,30,30/,","20140127055342","LISTING"
"http://www.press.sk/legendarni-automobily/o","a,30,60/,https://web.archive.org/web/20130510180338/http://www.press.sk/legendarni-automobily/o,a,30,60/,","20130510180338","LISTING"
"http://www.press.sk:80/legendarni-automobily/o","a,30,60/,https://web.archive.org/web/20140127055659/http://www.press.sk:80/legendarni-automobily/o,a,30,60/,","20140127055659","LISTING"
"http://www.press.sk:80/letajici-pevnosti/o","a,30/,https://web.archive.org/web/20151116085601/http://www.press.sk:80/letajici-pevnosti/o,a,30/,","20151116085601","LISTING"
"http://www.press.sk:80/letajici-pevnosti/o","a,30,30,https://web.archive.org/web/20151112175840/http://www.press.sk:80/letajici-pevnosti/o,a,30,30,","20151112175840","LISTING"
"http://www.press.sk:80/letajici-pevnosti/o","a,30,30/,https://web.archive.org/web/20151116085606/http://www.press.sk:80/letajici-pevnosti/o,a,30,30/,","20151116085606","LISTING"
"http://www.press.sk:80/letajici-pevnosti/o","a,30,30,https://web.archive.org/web/20151215134344/http://www.press.sk:80/letajici-pevnosti/o,a,30,30,","20151215134344","LISTING"
"http://www.press.sk:80/letajici-pevnosti/o","a,30,30,https://web.archive.org/web/20160115221543/http://www.press.sk:80/letajici-pevnosti/o,a,30,30,","20160115221543","LISTING"
"http://www.press.sk:80/letajici-pevnosti/o","a,30,30,https://web.archive.org/web/20160331211151/http://www.press.sk:80/letajici-pevnosti/o,a,30,30,","20160331211151","LISTING"
"http://www.press.sk:80/letajici-pevnosti/o","a,30,30,https://web.archive.org/web/20160512141206/http://www.press.sk:80/letajici-pevnosti/o,a,30,30,","20160512141206","LISTING"
"http://www.press.sk/letectvi-kosmonautika/o","a,30,30/,https://web.archive.org/web/20130623065805/http://www.press.sk/letectvi-kosmonautika/o,a,30,30/,","20130623065805","LISTING"
"http://www.press.sk:80/letectvo-53/n","a,100,https://web.archive.org/web/20091025044208/http://www.press.sk:80/letectvo-53/n,a,100,","20091025044208","LISTING"
"http://www.press.sk:80/letectvo-53/n","a,100,https://web.archive.org/web/20100109085221/http://www.press.sk:80/letectvo-53/n,a,100,","20100109085221","LISTING"
"http://www.press.sk:80/letectvo-53/n","a,100,https://web.archive.org/web/20101018000254/http://www.press.sk:80/letectvo-53/n,a,100,","20101018000254","LISTING"
"http://www.press.sk:80/letectvo-53/n","a,100,https://web.archive.org/web/20101118133915/http://www.press.sk:80/letectvo-53/n,a,100,","20101118133915","LISTING"
"http://www.press.sk:80/letectvo-53/n","a,100,100,https://web.archive.org/web/20091025065241/http://www.press.sk:80/letectvo-53/n,a,100,100,","20091025065241","LISTING"
"http://www.press.sk:80/letectvo-53/n","a,100,100,https://web.archive.org/web/20100109174531/http://www.press.sk:80/letectvo-53/n,a,100,100,","20100109174531","LISTING"
"http://www.press.sk:80/letectvo-53/n","a,100,100,https://web.archive.org/web/20101018002915/http://www.press.sk:80/letectvo-53/n,a,100,100,","20101018002915","LISTING"
"http://www.press.sk:80/letectvo-53/n","a,100,100,https://web.archive.org/web/20101118134132/http://www.press.sk:80/letectvo-53/n,a,100,100,","20101118134132","LISTING"
"http://www.press.sk:80/letectvo-53/n","a,100, ,200,https://web.archive.org/web/20091025042908/http://www.press.sk:80/letectvo-53/n,a,100, ,200,","20091025042908","LISTING"
"http://www.press.sk:80/letectvo-53/n","a,100, ,200,https://web.archive.org/web/20100106132300/http://www.press.sk:80/letectvo-53/n,a,100, ,200,","20100106132300","LISTING"
"http://www.press.sk:80/letectvo-53/n","a,100, ,200,https://web.archive.org/web/20101018002920/http://www.press.sk:80/letectvo-53/n,a,100, ,200,","20101018002920","LISTING"
"http://www.press.sk:80/letectvo-53/n","a,100, ,200,https://web.archive.org/web/20101118121539/http://www.press.sk:80/letectvo-53/n,a,100, ,200,","20101118121539","LISTING"
"http://www.press.sk:80/letectvo-53/n","a,100,300,https://web.archive.org/web/20101015213037/http://www.press.sk:80/letectvo-53/n,a,100,300,","20101015213037","LISTING"
"http://www.press.sk:80/letectvo-53/n","a,100,300,https://web.archive.org/web/20101116090539/http://www.press.sk:80/letectvo-53/n,a,100,300,","20101116090539","LISTING"
"http://www.press.sk:80/letectvo-53/n","a,30/,https://web.archive.org/web/20081208074654/http://www.press.sk:80/letectvo-53/n,a,30/,","20081208074654","LISTING"
"http://www.press.sk:80/letectvo-53/n","a,30,https://web.archive.org/web/20090212174633/http://www.press.sk:80/letectvo-53/n,a,30,","20090212174633","LISTING"
"http://www.press.sk:80/letectvo-53/n","a,30/,https://web.archive.org/web/20090213203821/http://www.press.sk:80/letectvo-53/n,a,30/,","20090213203821","LISTING"
"http://www.press.sk:80/letectvo-53/n","a,30,https://web.archive.org/web/20090315062501/http://www.press.sk:80/letectvo-53/n,a,30,","20090315062501","LISTING"
"http://www.press.sk:80/letectvo-53/n","a,30,https://web.archive.org/web/20090414212532/http://www.press.sk:80/letectvo-53/n,a,30,","20090414212532","LISTING"
"http://www.press.sk:80/letectvo-53/n","a,30,https://web.archive.org/web/20090520053318/http://www.press.sk:80/letectvo-53/n,a,30,","20090520053318","LISTING"
"http://www.press.sk:80/letectvo-53/n","a,30,https://web.archive.org/web/20100125084434/http://www.press.sk:80/letectvo-53/n,a,30,","20100125084434","LISTING"
"http://www.press.sk:80/letectvo-53/n","a,30,120/,https://web.archive.org/web/20081022063621/http://www.press.sk:80/letectvo-53/n,a,30,120/,","20081022063621","LISTING"
"http://www.press.sk:80/letectvo-53/n","a,30,120/,https://web.archive.org/web/20081208100532/http://www.press.sk:80/letectvo-53/n,a,30,120/,","20081208100532","LISTING"
"http://www.press.sk:80/letectvo-53/n","a,30,120,https://web.archive.org/web/20090212174636/http://www.press.sk:80/letectvo-53/n,a,30,120,","20090212174636","LISTING"
"http://www.press.sk:80/letectvo-53/n","a,30,120/,https://web.archive.org/web/20090213203827/http://www.press.sk:80/letectvo-53/n,a,30,120/,","20090213203827","LISTING"
"http://www.press.sk:80/letectvo-53/n","a,30,120,https://web.archive.org/web/20090315061231/http://www.press.sk:80/letectvo-53/n,a,30,120,","20090315061231","LISTING"
"http://www.press.sk:80/letectvo-53/n","a,30,120,https://web.archive.org/web/20090414212537/http://www.press.sk:80/letectvo-53/n,a,30,120,","20090414212537","LISTING"
"http://www.press.sk:80/letectvo-53/n","a,30,120,https://web.archive.org/web/20090520052927/http://www.press.sk:80/letectvo-53/n,a,30,120,","20090520052927","LISTING"
"http://www.press.sk:80/letectvo-53/n","a,30,120,https://web.archive.org/web/20100109134856/http://www.press.sk:80/letectvo-53/n,a,30,120,","20100109134856","LISTING"
"http://www.press.sk:80/letectvo-53/n","a,30,120,https://web.archive.org/web/20110201015950/http://www.press.sk:80/letectvo-53/n,a,30,120,","20110201015950","LISTING"
"http://www.press.sk:80/letectvo-53/n","a,30,120,https://web.archive.org/web/20110305132358/http://www.press.sk:80/letectvo-53/n,a,30,120,","20110305132358","LISTING"
"http://www.press.sk:80/letectvo-53/n","a,30,150/,https://web.archive.org/web/20081022061354/http://www.press.sk:80/letectvo-53/n,a,30,150/,","20081022061354","LISTING"
"http://www.press.sk:80/letectvo-53/n","a,30,150,https://web.archive.org/web/20090212171611/http://www.press.sk:80/letectvo-53/n,a,30,150,","20090212171611","LISTING"
"http://www.press.sk:80/letectvo-53/n","a,30,150/,https://web.archive.org/web/20090213203832/http://www.press.sk:80/letectvo-53/n,a,30,150/,","20090213203832","LISTING"
"http://www.press.sk:80/letectvo-53/n","a,30,150,https://web.archive.org/web/20090315061237/http://www.press.sk:80/letectvo-53/n,a,30,150,","20090315061237","LISTING"
"http://www.press.sk:80/letectvo-53/n","a,30,150,https://web.archive.org/web/20090414213705/http://www.press.sk:80/letectvo-53/n,a,30,150,","20090414213705","LISTING"
"http://www.press.sk:80/letectvo-53/n","a,30,150,https://web.archive.org/web/20090520041550/http://www.press.sk:80/letectvo-53/n,a,30,150,","20090520041550","LISTING"
"http://www.press.sk:80/letectvo-53/n","a,30,150,https://web.archive.org/web/20100109130329/http://www.press.sk:80/letectvo-53/n,a,30,150,","20100109130329","LISTING"
"http://www.press.sk:80/letectvo-53/n","a,30,150,https://web.archive.org/web/20110201021116/http://www.press.sk:80/letectvo-53/n,a,30,150,","20110201021116","LISTING"
"http://www.press.sk:80/letectvo-53/n","a,30,150,https://web.archive.org/web/20110305133138/http://www.press.sk:80/letectvo-53/n,a,30,150,","20110305133138","LISTING"
"http://www.press.sk:80/letectvo-53/n","a,30,180/,https://web.archive.org/web/20081022063626/http://www.press.sk:80/letectvo-53/n,a,30,180/,","20081022063626","LISTING"
"http://www.press.sk:80/letectvo-53/n","a,30,180,https://web.archive.org/web/20090212174641/http://www.press.sk:80/letectvo-53/n,a,30,180,","20090212174641","LISTING"
"http://www.press.sk:80/letectvo-53/n","a,30,180/,https://web.archive.org/web/20090213203837/http://www.press.sk:80/letectvo-53/n,a,30,180/,","20090213203837","LISTING"
"http://www.press.sk:80/letectvo-53/n","a,30,180,https://web.archive.org/web/20090315062506/http://www.press.sk:80/letectvo-53/n,a,30,180,","20090315062506","LISTING"
"http://www.press.sk:80/letectvo-53/n","a,30,180,https://web.archive.org/web/20090414213110/http://www.press.sk:80/letectvo-53/n,a,30,180,","20090414213110","LISTING"
"http://www.press.sk:80/letectvo-53/n","a,30,180,https://web.archive.org/web/20090520054757/http://www.press.sk:80/letectvo-53/n,a,30,180,","20090520054757","LISTING"
"http://www.press.sk:80/letectvo-53/n","a,30,180,https://web.archive.org/web/20110201015955/http://www.press.sk:80/letectvo-53/n,a,30,180,","20110201015955","LISTING"
"http://www.press.sk:80/letectvo-53/n","a,30,180,https://web.archive.org/web/20110305132448/http://www.press.sk:80/letectvo-53/n,a,30,180,","20110305132448","LISTING"
"http://www.press.sk:80/letectvo-53/n","a,30,210/,https://web.archive.org/web/20081022061359/http://www.press.sk:80/letectvo-53/n,a,30,210/,","20081022061359","LISTING"
"http://www.press.sk:80/letectvo-53/n","a,30,210/,https://web.archive.org/web/20081208100537/http://www.press.sk:80/letectvo-53/n,a,30,210/,","20081208100537","LISTING"
"http://www.press.sk:80/letectvo-53/n","a,30,210,https://web.archive.org/web/20090212174647/http://www.press.sk:80/letectvo-53/n,a,30,210,","20090212174647","LISTING"
"http://www.press.sk:80/letectvo-53/n","a,30,210/,https://web.archive.org/web/20090213203842/http://www.press.sk:80/letectvo-53/n,a,30,210/,","20090213203842","LISTING"
"http://www.press.sk:80/letectvo-53/n","a,30,210,https://web.archive.org/web/20090315061241/http://www.press.sk:80/letectvo-53/n,a,30,210,","20090315061241","LISTING"
"http://www.press.sk:80/letectvo-53/n","a,30,210,https://web.archive.org/web/20090414212542/http://www.press.sk:80/letectvo-53/n,a,30,210,","20090414212542","LISTING"
"http://www.press.sk:80/letectvo-53/n","a,30,210,https://web.archive.org/web/20090520060113/http://www.press.sk:80/letectvo-53/n,a,30,210,","20090520060113","LISTING"
"http://www.press.sk:80/letectvo-53/n","a,30,210,https://web.archive.org/web/20091218075010/http://www.press.sk:80/letectvo-53/n,a,30,210,","20091218075010","LISTING"
"http://www.press.sk:80/letectvo-53/n","a,30,210,https://web.archive.org/web/20110201023538/http://www.press.sk:80/letectvo-53/n,a,30,210,","20110201023538","LISTING"
"http://www.press.sk:80/letectvo-53/n","a,30,210,https://web.archive.org/web/20110305133142/http://www.press.sk:80/letectvo-53/n,a,30,210,","20110305133142","LISTING"
"http://www.press.sk:80/letectvo-53/n","a,30,240/,https://web.archive.org/web/20081022061404/http://www.press.sk:80/letectvo-53/n,a,30,240/,","20081022061404","LISTING"
"http://www.press.sk:80/letectvo-53/n","a,30,240/,https://web.archive.org/web/20081208100542/http://www.press.sk:80/letectvo-53/n,a,30,240/,","20081208100542","LISTING"
"http://www.press.sk:80/letectvo-53/n","a,30,240,https://web.archive.org/web/20090212174652/http://www.press.sk:80/letectvo-53/n,a,30,240,","20090212174652","LISTING"
"http://www.press.sk:80/letectvo-53/n","a,30,240/,https://web.archive.org/web/20090213203757/http://www.press.sk:80/letectvo-53/n,a,30,240/,","20090213203757","LISTING"
"http://www.press.sk:80/letectvo-53/n","a,30,240,https://web.archive.org/web/20090315062511/http://www.press.sk:80/letectvo-53/n,a,30,240,","20090315062511","LISTING"
"http://www.press.sk:80/letectvo-53/n","a,30,240,https://web.archive.org/web/20090414212548/http://www.press.sk:80/letectvo-53/n,a,30,240,","20090414212548","LISTING"
"http://www.press.sk:80/letectvo-53/n","a,30,240,https://web.archive.org/web/20090520035026/http://www.press.sk:80/letectvo-53/n,a,30,240,","20090520035026","LISTING"
"http://www.press.sk:80/letectvo-53/n","a,30,240,https://web.archive.org/web/20110201023543/http://www.press.sk:80/letectvo-53/n,a,30,240,","20110201023543","LISTING"
"http://www.press.sk:80/letectvo-53/n","a,30,240,https://web.archive.org/web/20110305132715/http://www.press.sk:80/letectvo-53/n,a,30,240,","20110305132715","LISTING"
"http://www.press.sk:80/letectvo-53/n","a,30,270/,https://web.archive.org/web/20081022061409/http://www.press.sk:80/letectvo-53/n,a,30,270/,","20081022061409","LISTING"
"http://www.press.sk:80/letectvo-53/n","a,30,270/,https://web.archive.org/web/20081208091923/http://www.press.sk:80/letectvo-53/n,a,30,270/,","20081208091923","LISTING"
"http://www.press.sk:80/letectvo-53/n","a,30,270,https://web.archive.org/web/20090212165618/http://www.press.sk:80/letectvo-53/n,a,30,270,","20090212165618","LISTING"
"http://www.press.sk:80/letectvo-53/n","a,30,270/,https://web.archive.org/web/20090213203847/http://www.press.sk:80/letectvo-53/n,a,30,270/,","20090213203847","LISTING"
"http://www.press.sk:80/letectvo-53/n","a,30,270,https://web.archive.org/web/20090315062757/http://www.press.sk:80/letectvo-53/n,a,30,270,","20090315062757","LISTING"
"http://www.press.sk:80/letectvo-53/n","a,30,270,https://web.archive.org/web/20090414211945/http://www.press.sk:80/letectvo-53/n,a,30,270,","20090414211945","LISTING"
"http://www.press.sk:80/letectvo-53/n","a,30,270,https://web.archive.org/web/20090520064309/http://www.press.sk:80/letectvo-53/n,a,30,270,","20090520064309","LISTING"
"http://www.press.sk:80/letectvo-53/n","a,30,270,https://web.archive.org/web/20100110090727/http://www.press.sk:80/letectvo-53/n,a,30,270,","20100110090727","LISTING"
"http://www.press.sk:80/letectvo-53/n","a,30,270,https://web.archive.org/web/20110131155115/http://www.press.sk:80/letectvo-53/n,a,30,270,","20110131155115","LISTING"
"http://www.press.sk:80/letectvo-53/n","a,30,270,https://web.archive.org/web/20110303133926/http://www.press.sk:80/letectvo-53/n,a,30,270,","20110303133926","LISTING"
"http://www.press.sk:80/letectvo-53/n","a,30,30/,https://web.archive.org/web/20081022063631/http://www.press.sk:80/letectvo-53/n,a,30,30/,","20081022063631","LISTING"
"http://www.press.sk:80/letectvo-53/n","a,30,30,https://web.archive.org/web/20090212165621/http://www.press.sk:80/letectvo-53/n,a,30,30,","20090212165621","LISTING"
"http://www.press.sk:80/letectvo-53/n","a,30,30/,https://web.archive.org/web/20090213203802/http://www.press.sk:80/letectvo-53/n,a,30,30/,","20090213203802","LISTING"
"http://www.press.sk:80/letectvo-53/n","a,30,30,https://web.archive.org/web/20090315061246/http://www.press.sk:80/letectvo-53/n,a,30,30,","20090315061246","LISTING"
"http://www.press.sk:80/letectvo-53/n","a,30,30,https://web.archive.org/web/20090414213710/http://www.press.sk:80/letectvo-53/n,a,30,30,","20090414213710","LISTING"
"http://www.press.sk:80/letectvo-53/n","a,30,30,https://web.archive.org/web/20090520042307/http://www.press.sk:80/letectvo-53/n,a,30,30,","20090520042307","LISTING"
"http://www.press.sk:80/letectvo-53/n","a,30,30,https://web.archive.org/web/20100122134812/http://www.press.sk:80/letectvo-53/n,a,30,30,","20100122134812","LISTING"
"http://www.press.sk:80/letectvo-53/n","a,30,30,https://web.archive.org/web/20110201022137/http://www.press.sk:80/letectvo-53/n,a,30,30,","20110201022137","LISTING"
"http://www.press.sk:80/letectvo-53/n","a,30,30,https://web.archive.org/web/20110305132300/http://www.press.sk:80/letectvo-53/n,a,30,30,","20110305132300","LISTING"
"http://www.press.sk:80/letectvo-53/n","a,30,300/,https://web.archive.org/web/20081022063636/http://www.press.sk:80/letectvo-53/n,a,30,300/,","20081022063636","LISTING"
"http://www.press.sk:80/letectvo-53/n","a,30,300,https://web.archive.org/web/20090212165634/http://www.press.sk:80/letectvo-53/n,a,30,300,","20090212165634","LISTING"
"http://www.press.sk:80/letectvo-53/n","a,30,300/,https://web.archive.org/web/20090213203852/http://www.press.sk:80/letectvo-53/n,a,30,300/,","20090213203852","LISTING"
"http://www.press.sk:80/letectvo-53/n","a,30,300,https://web.archive.org/web/20090315061251/http://www.press.sk:80/letectvo-53/n,a,30,300,","20090315061251","LISTING"
"http://www.press.sk:80/letectvo-53/n","a,30,300,https://web.archive.org/web/20090414212553/http://www.press.sk:80/letectvo-53/n,a,30,300,","20090414212553","LISTING"
"http://www.press.sk:80/letectvo-53/n","a,30,300,https://web.archive.org/web/20090520064800/http://www.press.sk:80/letectvo-53/n,a,30,300,","20090520064800","LISTING"
"http://www.press.sk:80/letectvo-53/n","a,30,300,https://web.archive.org/web/20110201023548/http://www.press.sk:80/letectvo-53/n,a,30,300,","20110201023548","LISTING"
"http://www.press.sk:80/letectvo-53/n","a,30,300,https://web.archive.org/web/20110305132720/http://www.press.sk:80/letectvo-53/n,a,30,300,","20110305132720","LISTING"
"http://www.press.sk:80/letectvo-53/n","a,30,330,https://web.archive.org/web/20090212171621/http://www.press.sk:80/letectvo-53/n,a,30,330,","20090212171621","LISTING"
"http://www.press.sk:80/letectvo-53/n","a,30,330/,https://web.archive.org/web/20090213203807/http://www.press.sk:80/letectvo-53/n,a,30,330/,","20090213203807","LISTING"
"http://www.press.sk:80/letectvo-53/n","a,30,330,https://web.archive.org/web/20090315061733/http://www.press.sk:80/letectvo-53/n,a,30,330,","20090315061733","LISTING"
"http://www.press.sk:80/letectvo-53/n","a,30,330,https://web.archive.org/web/20090414212558/http://www.press.sk:80/letectvo-53/n,a,30,330,","20090414212558","LISTING"
"http://www.press.sk:80/letectvo-53/n","a,30,330,https://web.archive.org/web/20090520054304/http://www.press.sk:80/letectvo-53/n,a,30,330,","20090520054304","LISTING"
"http://www.press.sk:80/letectvo-53/n","a,30,330,https://web.archive.org/web/20100105232204/http://www.press.sk:80/letectvo-53/n,a,30,330,","20100105232204","LISTING"
"http://www.press.sk:80/letectvo-53/n","a,30,330,https://web.archive.org/web/20110201021120/http://www.press.sk:80/letectvo-53/n,a,30,330,","20110201021120","LISTING"
"http://www.press.sk:80/letectvo-53/n","a,30,330,https://web.archive.org/web/20110305132724/http://www.press.sk:80/letectvo-53/n,a,30,330,","20110305132724","LISTING"
"http://www.press.sk:80/letectvo-53/n","a,30,60/,https://web.archive.org/web/20081022063641/http://www.press.sk:80/letectvo-53/n,a,30,60/,","20081022063641","LISTING"
"http://www.press.sk:80/letectvo-53/n","a,30,60,https://web.archive.org/web/20090212174657/http://www.press.sk:80/letectvo-53/n,a,30,60,","20090212174657","LISTING"
"http://www.press.sk:80/letectvo-53/n","a,30,60/,https://web.archive.org/web/20090213203812/http://www.press.sk:80/letectvo-53/n,a,30,60/,","20090213203812","LISTING"
"http://www.press.sk:80/letectvo-53/n","a,30,60,https://web.archive.org/web/20090315062517/http://www.press.sk:80/letectvo-53/n,a,30,60,","20090315062517","LISTING"
"http://www.press.sk:80/letectvo-53/n","a,30,60,https://web.archive.org/web/20090414211951/http://www.press.sk:80/letectvo-53/n,a,30,60,","20090414211951","LISTING"
"http://www.press.sk:80/letectvo-53/n","a,30,60,https://web.archive.org/web/20090520053326/http://www.press.sk:80/letectvo-53/n,a,30,60,","20090520053326","LISTING"
"http://www.press.sk:80/letectvo-53/n","a,30,90/,https://web.archive.org/web/20081022071442/http://www.press.sk:80/letectvo-53/n,a,30,90/,","20081022071442","LISTING"
"http://www.press.sk:80/letectvo-53/n","a,30,90/,https://web.archive.org/web/20081208074655/http://www.press.sk:80/letectvo-53/n,a,30,90/,","20081208074655","LISTING"
"http://www.press.sk:80/letectvo-53/n","a,30,90,https://web.archive.org/web/20090212171626/http://www.press.sk:80/letectvo-53/n,a,30,90,","20090212171626","LISTING"
"http://www.press.sk:80/letectvo-53/n","a,30,90/,https://web.archive.org/web/20090213203857/http://www.press.sk:80/letectvo-53/n,a,30,90/,","20090213203857","LISTING"
"http://www.press.sk:80/letectvo-53/n","a,30,90,https://web.archive.org/web/20090315062522/http://www.press.sk:80/letectvo-53/n,a,30,90,","20090315062522","LISTING"
"http://www.press.sk:80/letectvo-53/n","a,30,90,https://web.archive.org/web/20090414213715/http://www.press.sk:80/letectvo-53/n,a,30,90,","20090414213715","LISTING"
"http://www.press.sk:80/letectvo-53/n","a,30,90,https://web.archive.org/web/20090520060856/http://www.press.sk:80/letectvo-53/n,a,30,90,","20090520060856","LISTING"
"http://www.press.sk:80/letectvo-53/n","a,30,90,https://web.archive.org/web/20100107144306/http://www.press.sk:80/letectvo-53/n,a,30,90,","20100107144306","LISTING"
"http://www.press.sk:80/letectvo-53/n","a,30,90,https://web.archive.org/web/20110201023807/http://www.press.sk:80/letectvo-53/n,a,30,90,","20110201023807","LISTING"
"http://www.press.sk:80/letectvo-53/n","a,30,90,https://web.archive.org/web/20110305130751/http://www.press.sk:80/letectvo-53/n,a,30,90,","20110305130751","LISTING"
"http://www.press.sk:80/letectvo-53/n","a,50,https://web.archive.org/web/20100208212107/http://www.press.sk:80/letectvo-53/n,a,50,","20100208212107","LISTING"
"http://www.press.sk:80/letectvo-53/n","a,50/,https://web.archive.org/web/20100211121550/http://www.press.sk:80/letectvo-53/n,a,50/,","20100211121550","LISTING"
"http://www.press.sk:80/letectvo-53/n","a,50,100,https://web.archive.org/web/20100208212113/http://www.press.sk:80/letectvo-53/n,a,50,100,","20100208212113","LISTING"
"http://www.press.sk:80/letectvo-53/n","a,50,100/,https://web.archive.org/web/20100210044601/http://www.press.sk:80/letectvo-53/n,a,50,100/,","20100210044601","LISTING"
"http://www.press.sk:80/letectvo-53/n","a,50,150,https://web.archive.org/web/20100208212118/http://www.press.sk:80/letectvo-53/n,a,50,150,","20100208212118","LISTING"
"http://www.press.sk:80/letectvo-53/n","a,50,150/,https://web.archive.org/web/20100211121554/http://www.press.sk:80/letectvo-53/n,a,50,150/,","20100211121554","LISTING"
"http://www.press.sk:80/letectvo-53/n","a,50, ,200,https://web.archive.org/web/20100208212123/http://www.press.sk:80/letectvo-53/n,a,50, ,200,","20100208212123","LISTING"
"http://www.press.sk:80/letectvo-53/n","a,50, ,200/,https://web.archive.org/web/20100211121703/http://www.press.sk:80/letectvo-53/n,a,50, ,200/,","20100211121703","LISTING"
"http://www.press.sk:80/letectvo-53/n","a,50,250,https://web.archive.org/web/20100208212128/http://www.press.sk:80/letectvo-53/n,a,50,250,","20100208212128","LISTING"
"http://www.press.sk:80/letectvo-53/n","a,50,250/,https://web.archive.org/web/20100210044606/http://www.press.sk:80/letectvo-53/n,a,50,250/,","20100210044606","LISTING"
"http://www.press.sk:80/letectvo-53/n","a,50,300,https://web.archive.org/web/20100208212133/http://www.press.sk:80/letectvo-53/n,a,50,300,","20100208212133","LISTING"
"http://www.press.sk:80/letectvo-53/n","a,50,300/,https://web.archive.org/web/20100211121802/http://www.press.sk:80/letectvo-53/n,a,50,300/,","20100211121802","LISTING"
"http://www.press.sk:80/letectvo-53/n","a,50,350,https://web.archive.org/web/20100208184351/http://www.press.sk:80/letectvo-53/n,a,50,350,","20100208184351","LISTING"
"http://www.press.sk:80/letectvo-53/n","a,50,350/,https://web.archive.org/web/20100211121606/http://www.press.sk:80/letectvo-53/n,a,50,350/,","20100211121606","LISTING"
"http://www.press.sk:80/letectvo-53/n","a,50,50,https://web.archive.org/web/20100208184421/http://www.press.sk:80/letectvo-53/n,a,50,50,","20100208184421","LISTING"
"http://www.press.sk:80/letectvo-53/n","a,50,50/,https://web.archive.org/web/20100211121615/http://www.press.sk:80/letectvo-53/n,a,50,50/,","20100211121615","LISTING"
"http://www.press.sk:80/letectvo-53/o","a,30/,https://web.archive.org/web/20150514170309/http://www.press.sk:80/letectvo-53/o,a,30/,","20150514170309","LISTING"
"http://www.press.sk/letectvo-53/o","a,30,120/,https://web.archive.org/web/20130623085959/http://www.press.sk/letectvo-53/o,a,30,120/,","20130623085959","LISTING"
"http://www.press.sk:80/letectvo-53/o","a,30,120,https://web.archive.org/web/20150514022351/http://www.press.sk:80/letectvo-53/o,a,30,120,","20150514022351","LISTING"
"http://www.press.sk:80/letectvo-53/o","a,30,120/,https://web.archive.org/web/20150514170316/http://www.press.sk:80/letectvo-53/o,a,30,120/,","20150514170316","LISTING"
"http://www.press.sk:80/letectvo-53/o","a,30,120,https://web.archive.org/web/20150613082441/http://www.press.sk:80/letectvo-53/o,a,30,120,","20150613082441","LISTING"
"http://www.press.sk:80/letectvo-53/o","a,30,120,https://web.archive.org/web/20150713210107/http://www.press.sk:80/letectvo-53/o,a,30,120,","20150713210107","LISTING"
"http://www.press.sk:80/letectvo-53/o","a,30,120,https://web.archive.org/web/20150817081742/http://www.press.sk:80/letectvo-53/o,a,30,120,","20150817081742","LISTING"
"http://www.press.sk:80/letectvo-53/o","a,30,120,https://web.archive.org/web/20150917051318/http://www.press.sk:80/letectvo-53/o,a,30,120,","20150917051318","LISTING"
"http://www.press.sk:80/letectvo-53/o","a,30,120,https://web.archive.org/web/20160327114531/http://www.press.sk:80/letectvo-53/o,a,30,120,","20160327114531","LISTING"
"http://www.press.sk:80/letectvo-53/o","a,30,120,https://web.archive.org/web/20160513153143/http://www.press.sk:80/letectvo-53/o,a,30,120,","20160513153143","LISTING"
"http://www.press.sk:80/letectvo-53/o","a,30,150,https://web.archive.org/web/20150513215715/http://www.press.sk:80/letectvo-53/o,a,30,150,","20150513215715","LISTING"
"http://www.press.sk:80/letectvo-53/o","a,30,150/,https://web.archive.org/web/20150515004222/http://www.press.sk:80/letectvo-53/o,a,30,150/,","20150515004222","LISTING"
"http://www.press.sk:80/letectvo-53/o","a,30,150,https://web.archive.org/web/20150613082447/http://www.press.sk:80/letectvo-53/o,a,30,150,","20150613082447","LISTING"
"http://www.press.sk:80/letectvo-53/o","a,30,150,https://web.archive.org/web/20150713195407/http://www.press.sk:80/letectvo-53/o,a,30,150,","20150713195407","LISTING"
"http://www.press.sk:80/letectvo-53/o","a,30,150,https://web.archive.org/web/20150817074718/http://www.press.sk:80/letectvo-53/o,a,30,150,","20150817074718","LISTING"
"http://www.press.sk:80/letectvo-53/o","a,30,150,https://web.archive.org/web/20150917043944/http://www.press.sk:80/letectvo-53/o,a,30,150,","20150917043944","LISTING"
"http://www.press.sk:80/letectvo-53/o","a,30,150,https://web.archive.org/web/20160331183452/http://www.press.sk:80/letectvo-53/o,a,30,150,","20160331183452","LISTING"
"http://www.press.sk:80/letectvo-53/o","a,30,150,https://web.archive.org/web/20160514180232/http://www.press.sk:80/letectvo-53/o,a,30,150,","20160514180232","LISTING"
"http://www.press.sk:80/letectvo-53/o","a,30,180/,https://web.archive.org/web/20150514224643/http://www.press.sk:80/letectvo-53/o,a,30,180/,","20150514224643","LISTING"
"http://www.press.sk:80/letectvo-53/o","a,30,210/,https://web.archive.org/web/20150515003700/http://www.press.sk:80/letectvo-53/o,a,30,210/,","20150515003700","LISTING"
"http://www.press.sk/letectvo-53/o","a,30,30/,https://web.archive.org/web/20130623085957/http://www.press.sk/letectvo-53/o,a,30,30/,","20130623085957","LISTING"
"http://www.press.sk:80/letectvo-53/o","a,30,30,https://web.archive.org/web/20150513215721/http://www.press.sk:80/letectvo-53/o,a,30,30,","20150513215721","LISTING"
"http://www.press.sk:80/letectvo-53/o","a,30,30/,https://web.archive.org/web/20150514170321/http://www.press.sk:80/letectvo-53/o,a,30,30/,","20150514170321","LISTING"
"http://www.press.sk:80/letectvo-53/o","a,30,30,https://web.archive.org/web/20150613082541/http://www.press.sk:80/letectvo-53/o,a,30,30,","20150613082541","LISTING"
"http://www.press.sk:80/letectvo-53/o","a,30,30,https://web.archive.org/web/20150713195408/http://www.press.sk:80/letectvo-53/o,a,30,30,","20150713195408","LISTING"
"http://www.press.sk:80/letectvo-53/o","a,30,30,https://web.archive.org/web/20150817064512/http://www.press.sk:80/letectvo-53/o,a,30,30,","20150817064512","LISTING"
"http://www.press.sk:80/letectvo-53/o","a,30,30,https://web.archive.org/web/20150917050829/http://www.press.sk:80/letectvo-53/o,a,30,30,","20150917050829","LISTING"
"http://www.press.sk:80/letectvo-53/o","a,30,30/,https://web.archive.org/web/20151030094035/http://www.press.sk:80/letectvo-53/o,a,30,30/,","20151030094035","LISTING"
"http://www.press.sk:80/letectvo-53/o","a,30,30,https://web.archive.org/web/20160330104922/http://www.press.sk:80/letectvo-53/o,a,30,30,","20160330104922","LISTING"
"http://www.press.sk:80/letectvo-53/o","a,30,30,https://web.archive.org/web/20160511052533/http://www.press.sk:80/letectvo-53/o,a,30,30,","20160511052533","LISTING"
"http://www.press.sk/letectvo-53/o","a,30,480/,https://web.archive.org/web/20130623085743/http://www.press.sk/letectvo-53/o,a,30,480/,","20130623085743","LISTING"
"http://www.press.sk/letectvo-53/o","a,30,510/,https://web.archive.org/web/20130623091447/http://www.press.sk/letectvo-53/o,a,30,510/,","20130623091447","LISTING"
"http://www.press.sk/letectvo-53/o","a,30,540/,https://web.archive.org/web/20140821013852/http://www.press.sk/letectvo-53/o,a,30,540/,","20140821013852","LISTING"
"http://www.press.sk/letectvo-53/o","a,30,60/,https://web.archive.org/web/20130623085250/http://www.press.sk/letectvo-53/o,a,30,60/,","20130623085250","LISTING"
"http://www.press.sk:80/letectvo-53/o","a,30,60,https://web.archive.org/web/20150514023727/http://www.press.sk:80/letectvo-53/o,a,30,60,","20150514023727","LISTING"
"http://www.press.sk:80/letectvo-53/o","a,30,60/,https://web.archive.org/web/20150514170326/http://www.press.sk:80/letectvo-53/o,a,30,60/,","20150514170326","LISTING"
"http://www.press.sk:80/letectvo-53/o","a,30,60,https://web.archive.org/web/20150613082554/http://www.press.sk:80/letectvo-53/o,a,30,60,","20150613082554","LISTING"
"http://www.press.sk:80/letectvo-53/o","a,30,60,https://web.archive.org/web/20150713205733/http://www.press.sk:80/letectvo-53/o,a,30,60,","20150713205733","LISTING"
"http://www.press.sk:80/letectvo-53/o","a,30,60,https://web.archive.org/web/20150817070350/http://www.press.sk:80/letectvo-53/o,a,30,60,","20150817070350","LISTING"
"http://www.press.sk:80/letectvo-53/o","a,30,60,https://web.archive.org/web/20150917050824/http://www.press.sk:80/letectvo-53/o,a,30,60,","20150917050824","LISTING"
"http://www.press.sk:80/letectvo-53/o","a,30,60,https://web.archive.org/web/20160330145755/http://www.press.sk:80/letectvo-53/o,a,30,60,","20160330145755","LISTING"
"http://www.press.sk:80/letectvo-53/o","a,30,60,https://web.archive.org/web/20160508104141/http://www.press.sk:80/letectvo-53/o,a,30,60,","20160508104141","LISTING"
"http://www.press.sk:80/letectvo-53/o","a,30,600/,https://web.archive.org/web/20150515034758/http://www.press.sk:80/letectvo-53/o,a,30,600/,","20150515034758","LISTING"
"http://www.press.sk:80/letectvo-53/o","a,30,630/,https://web.archive.org/web/20150515152155/http://www.press.sk:80/letectvo-53/o,a,30,630/,","20150515152155","LISTING"
"http://www.press.sk:80/letectvo-53/o","a,30,630/,https://web.archive.org/web/20151030094346/http://www.press.sk:80/letectvo-53/o,a,30,630/,","20151030094346","LISTING"
"http://www.press.sk/letectvo-53/o","a,30,90/,https://web.archive.org/web/20130623090955/http://www.press.sk/letectvo-53/o,a,30,90/,","20130623090955","LISTING"
"http://www.press.sk:80/letectvo-53/o","a,30,90,https://web.archive.org/web/20150514023731/http://www.press.sk:80/letectvo-53/o,a,30,90,","20150514023731","LISTING"
"http://www.press.sk:80/letectvo-53/o","a,30,90/,https://web.archive.org/web/20150515152222/http://www.press.sk:80/letectvo-53/o,a,30,90/,","20150515152222","LISTING"
"http://www.press.sk:80/letectvo-53/o","a,30,90,https://web.archive.org/web/20150613082451/http://www.press.sk:80/letectvo-53/o,a,30,90,","20150613082451","LISTING"
"http://www.press.sk:80/letectvo-53/o","a,30,90,https://web.archive.org/web/20150713195124/http://www.press.sk:80/letectvo-53/o,a,30,90,","20150713195124","LISTING"
"http://www.press.sk:80/letectvo-53/o","a,30,90,https://web.archive.org/web/20150817065544/http://www.press.sk:80/letectvo-53/o,a,30,90,","20150817065544","LISTING"
"http://www.press.sk:80/letectvo-53/o","a,30,90,https://web.archive.org/web/20150917093825/http://www.press.sk:80/letectvo-53/o,a,30,90,","20150917093825","LISTING"
"http://www.press.sk:80/letectvo-53/o","a,30,90,https://web.archive.org/web/20160331193231/http://www.press.sk:80/letectvo-53/o,a,30,90,","20160331193231","LISTING"
"http://www.press.sk:80/letectvo-53/o","a,30,90,https://web.archive.org/web/20160511100004/http://www.press.sk:80/letectvo-53/o,a,30,90,","20160511100004","LISTING"
"http://www.press.sk/letectvo/o","a,30/,https://web.archive.org/web/20130622111804/http://www.press.sk/letectvo/o,a,30/,","20130622111804","LISTING"
"http://www.press.sk:80/letectvo/o","a,30,120/,https://web.archive.org/web/20160815220152/http://www.press.sk:80/letectvo/o,a,30,120/,","20160815220152","LISTING"
"http://www.press.sk:80/letectvo/o","a,30,150/,https://web.archive.org/web/20160815020529/http://www.press.sk:80/letectvo/o,a,30,150/,","20160815020529","LISTING"
"http://www.press.sk:80/letectvo/o","a,30,150/,https://web.archive.org/web/20170331180131/http://www.press.sk:80/letectvo/o,a,30,150/,","20170331180131","LISTING"
"http://www.press.sk/letectvo/o","a,30,30/,https://web.archive.org/web/20130510233721/http://www.press.sk/letectvo/o,a,30,30/,","20130510233721","LISTING"
"http://www.press.sk:80/letectvo/o","a,30,30/,https://web.archive.org/web/20160815020534/http://www.press.sk:80/letectvo/o,a,30,30/,","20160815020534","LISTING"
"http://www.press.sk:80/letectvo/o","a,30,30/,https://web.archive.org/web/20170331175510/http://www.press.sk:80/letectvo/o,a,30,30/,","20170331175510","LISTING"
"http://www.press.sk/letectvo/o","a,30,60/,https://web.archive.org/web/20130510232804/http://www.press.sk/letectvo/o,a,30,60/,","20130510232804","LISTING"
"http://www.press.sk:80/letectvo/o","a,30,60/,https://web.archive.org/web/20160815215635/http://www.press.sk:80/letectvo/o,a,30,60/,","20160815215635","LISTING"
"http://www.press.sk:80/letectvo/o","a,30,90/,https://web.archive.org/web/20160815215642/http://www.press.sk:80/letectvo/o,a,30,90/,","20160815215642","LISTING"
"http://www.press.sk/lokomotivy-sveta/o","a,30,30/,https://web.archive.org/web/20130621034837/http://www.press.sk/lokomotivy-sveta/o,a,30,30/,","20130621034837","LISTING"
"http://www.press.sk:80/mapa-stranok/","https://web.archive.org/web/20120126102221/http://www.press.sk:80/mapa-stranok/,","20120126102221","LISTING"
"http://www.press.sk/mapa-stranok/","https://web.archive.org/web/20120208140330/http://www.press.sk/mapa-stranok/,","20120208140330","LISTING"
"http://www.press.sk/mapa-stranok/","https://web.archive.org/web/20120307103444/http://www.press.sk/mapa-stranok/,","20120307103444","LISTING"
"http://www.press.sk:80/mapa-stranok/","https://web.archive.org/web/20120326210339/http://www.press.sk:80/mapa-stranok/,","20120326210339","LISTING"
"http://www.press.sk:80/mapa-stranok/","https://web.archive.org/web/20120527132013/http://www.press.sk:80/mapa-stranok/,","20120527132013","LISTING"
"http://www.press.sk:80/mapa-stranok/","https://web.archive.org/web/20120727110636/http://www.press.sk:80/mapa-stranok/,","20120727110636","LISTING"
"http://www.press.sk:80/mapa-stranok/","https://web.archive.org/web/20120926081907/http://www.press.sk:80/mapa-stranok/,","20120926081907","LISTING"
"http://www.press.sk:80/mapa-stranok/","https://web.archive.org/web/20130128064616/http://www.press.sk:80/mapa-stranok/,","20130128064616","LISTING"
"http://www.press.sk:80/mapa-stranok/","https://web.archive.org/web/20130329192609/http://www.press.sk:80/mapa-stranok/,","20130329192609","LISTING"
"http://www.press.sk/mapa-stranok/","https://web.archive.org/web/20130425080940/http://www.press.sk/mapa-stranok/,","20130425080940","LISTING"
"http://www.press.sk:80/mapa-stranok/","https://web.archive.org/web/20130531125521/http://www.press.sk:80/mapa-stranok/,","20130531125521","LISTING"
"http://www.press.sk:80/mapa-stranok/","https://web.archive.org/web/20130731001142/http://www.press.sk:80/mapa-stranok/,","20130731001142","LISTING"
"http://www.press.sk/mapa-stranok/","https://web.archive.org/web/20130906153435/http://www.press.sk/mapa-stranok/,","20130906153435","LISTING"
"http://www.press.sk:80/mapa-stranok/","https://web.archive.org/web/20130929164009/http://www.press.sk:80/mapa-stranok/,","20130929164009","LISTING"
"http://www.press.sk:80/mapa-stranok/","https://web.archive.org/web/20130930175344/http://www.press.sk:80/mapa-stranok/,","20130930175344","LISTING"
"http://www.press.sk:80/mapa-stranok/","https://web.archive.org/web/20131202195457/http://www.press.sk:80/mapa-stranok/,","20131202195457","LISTING"
"http://www.press.sk/mapa-stranok/","https://web.archive.org/web/20140117031326/http://www.press.sk/mapa-stranok/,","20140117031326","LISTING"
"http://www.press.sk:80/mapa-stranok/","https://web.archive.org/web/20140202004829/http://www.press.sk:80/mapa-stranok/,","20140202004829","LISTING"
"http://www.press.sk:80/mapa-stranok/","https://web.archive.org/web/20140203174820/http://www.press.sk:80/mapa-stranok/,","20140203174820","LISTING"
"http://www.press.sk:80/mapa-stranok/","https://web.archive.org/web/20140205041037/http://www.press.sk:80/mapa-stranok/,","20140205041037","LISTING"
"http://www.press.sk/mapa-stranok/","https://web.archive.org/web/20140214085821/http://www.press.sk/mapa-stranok/,","20140214085821","LISTING"
"http://www.press.sk:80/mapa-stranok/","https://web.archive.org/web/20140406132018/http://www.press.sk:80/mapa-stranok/,","20140406132018","LISTING"
"http://www.press.sk:80/mapa-stranok/","https://web.archive.org/web/20140606151954/http://www.press.sk:80/mapa-stranok/,","20140606151954","LISTING"
"http://www.press.sk:80/mapa-stranok/","https://web.archive.org/web/20140806014524/http://www.press.sk:80/mapa-stranok/,","20140806014524","LISTING"
"http://www.press.sk/mapa-stranok/","https://web.archive.org/web/20140812082622/http://www.press.sk/mapa-stranok/,","20140812082622","LISTING"
"http://www.press.sk:80/mapa-stranok/","https://web.archive.org/web/20141006014809/http://www.press.sk:80/mapa-stranok/,","20141006014809","LISTING"
"http://www.press.sk:80/mapa-stranok/","https://web.archive.org/web/20141208091707/http://www.press.sk:80/mapa-stranok/,","20141208091707","LISTING"
"http://www.press.sk:80/mapa-stranok/","https://web.archive.org/web/20150310091003/http://www.press.sk:80/mapa-stranok/,","20150310091003","LISTING"
"http://www.press.sk/mapa-stranok/","https://web.archive.org/web/20150418184324/http://www.press.sk/mapa-stranok/,","20150418184324","LISTING"
"http://www.press.sk:80/mapa-stranok/","https://web.archive.org/web/20150509194258/http://www.press.sk:80/mapa-stranok/,","20150509194258","LISTING"
"http://www.press.sk:80/mapa-stranok/","https://web.archive.org/web/20150711213841/http://www.press.sk:80/mapa-stranok/,","20150711213841","LISTING"
"http://www.press.sk:80/mapa-stranok/","https://web.archive.org/web/20150913005333/http://www.press.sk:80/mapa-stranok/,","20150913005333","LISTING"
"http://www.press.sk:80/mapa-stranok/","https://web.archive.org/web/20151112072815/http://www.press.sk:80/mapa-stranok/,","20151112072815","LISTING"
"http://www.press.sk:80/mapa-stranok/","https://web.archive.org/web/20160112014338/http://www.press.sk:80/mapa-stranok/,","20160112014338","LISTING"
"http://www.press.sk:80/mapa-stranok/","https://web.archive.org/web/20160312210149/http://www.press.sk:80/mapa-stranok/,","20160312210149","LISTING"
"http://www.press.sk/mapa-stranok/","https://web.archive.org/web/20160324113038/http://www.press.sk/mapa-stranok/,","20160324113038","LISTING"
"http://www.press.sk:80/mapa-stranok/","https://web.archive.org/web/20160512183004/http://www.press.sk:80/mapa-stranok/,","20160512183004","LISTING"
"http://www.press.sk/mapa-stranok/","https://web.archive.org/web/20160624004520/http://www.press.sk/mapa-stranok/,","20160624004520","LISTING"
"http://www.press.sk:80/mapa-stranok/","https://web.archive.org/web/20160712213740/http://www.press.sk:80/mapa-stranok/,","20160712213740","LISTING"
"http://www.press.sk:80/mapa-stranok/","https://web.archive.org/web/20160911103659/http://www.press.sk:80/mapa-stranok/,","20160911103659","LISTING"
"http://www.press.sk/mapa-stranok/","https://web.archive.org/web/20161030131625/http://www.press.sk/mapa-stranok/,","20161030131625","LISTING"
"http://www.press.sk:80/mapa-stranok/","https://web.archive.org/web/20161111165007/http://www.press.sk:80/mapa-stranok/,","20161111165007","LISTING"
"http://www.press.sk:80/mapa-stranok/","https://web.archive.org/web/20161207090456/http://www.press.sk:80/mapa-stranok/,","20161207090456","LISTING"
"http://www.press.sk:80/mapa-stranok/","https://web.archive.org/web/20170205172313/http://www.press.sk:80/mapa-stranok/,","20170205172313","LISTING"
"http://www.press.sk:80/mapa-stranok/","https://web.archive.org/web/20170407003720/http://www.press.sk:80/mapa-stranok/,","20170407003720","LISTING"
"http://www.press.sk/mapa-stranok/","https://web.archive.org/web/20170606072620/http://www.press.sk/mapa-stranok/,","20170606072620","LISTING"
"http://www.press.sk:80/mapa-stranok/","https://web.archive.org/web/20170609131305/http://www.press.sk:80/mapa-stranok/,","20170609131305","LISTING"
"http://www.press.sk:80/mc/","https://web.archive.org/web/20110403034644/http://www.press.sk:80/mc/,","20110403034644","LISTING"
"http://www.press.sk:80/mc/","https://web.archive.org/web/20110404091303/http://www.press.sk:80/mc/,","20110404091303","LISTING"
"http://www.press.sk:80/mc/","https://web.archive.org/web/20110803190203/http://www.press.sk:80/mc/,","20110803190203","LISTING"
"http://www.press.sk:80/mc/","https://web.archive.org/web/20111003021414/http://www.press.sk:80/mc/,","20111003021414","LISTING"
"http://www.press.sk:80/mc/","https://web.archive.org/web/20120323140241/http://www.press.sk:80/mc/,","20120323140241","LISTING"
"http://www.press.sk/mc/","https://web.archive.org/web/20130510203659/http://www.press.sk/mc/,","20130510203659","LISTING"
"http://www.press.sk/mc/","https://web.archive.org/web/20140117035311/http://www.press.sk/mc/,","20140117035311","LISTING"
"http://www.press.sk:80/mc/","https://web.archive.org/web/20140423083014/http://www.press.sk:80/mc/,","20140423083014","LISTING"
"http://www.press.sk:80/mc/","https://web.archive.org/web/20140810070820/http://www.press.sk:80/mc/,","20140810070820","LISTING"
"http://www.press.sk:80/mc/","https://web.archive.org/web/20150512104117/http://www.press.sk:80/mc/,","20150512104117","LISTING"
"http://www.press.sk:80/mc/","https://web.archive.org/web/20160203100644/http://www.press.sk:80/mc/,","20160203100644","LISTING"
"http://www.press.sk:80/mc/","https://web.archive.org/web/20160204000856/http://www.press.sk:80/mc/,","20160204000856","LISTING"
"http://www.press.sk/mc/","https://web.archive.org/web/20160409041437/http://www.press.sk/mc/,","20160409041437","LISTING"
"http://www.press.sk:80/mc/","https://web.archive.org/web/20160416064622/http://www.press.sk:80/mc/,","20160416064622","LISTING"
"http://www.press.sk:80/memoare-a-biografie/n","a,30,30/,https://web.archive.org/web/20081109075301/http://www.press.sk:80/memoare-a-biografie/n,a,30,30/,","20081109075301","LISTING"
"http://www.press.sk:80/memoare-a-biografie/n","a,30,30/,https://web.archive.org/web/20081204121808/http://www.press.sk:80/memoare-a-biografie/n,a,30,30/,","20081204121808","LISTING"
"http://www.press.sk:80/memoare-a-biografie/n","a,30,60/,https://web.archive.org/web/20081109075307/http://www.press.sk:80/memoare-a-biografie/n,a,30,60/,","20081109075307","LISTING"
"http://www.press.sk:80/memoare-a-biografie/n","a,30,60/,https://web.archive.org/web/20081204121814/http://www.press.sk:80/memoare-a-biografie/n,a,30,60/,","20081204121814","LISTING"
"http://www.press.sk:80/memoare-a-biografie/n","a,30,90/,https://web.archive.org/web/20081109075311/http://www.press.sk:80/memoare-a-biografie/n,a,30,90/,","20081109075311","LISTING"
"http://www.press.sk:80/memoare-a-biografie/n","a,30,90/,https://web.archive.org/web/20081205050624/http://www.press.sk:80/memoare-a-biografie/n,a,30,90/,","20081205050624","LISTING"
"http://www.press.sk/memoare-a-biografie/o","a,30,120/,https://web.archive.org/web/20130623115505/http://www.press.sk/memoare-a-biografie/o,a,30,120/,","20130623115505","LISTING"
"http://www.press.sk/memoare-a-biografie/o","a,30,240/,https://web.archive.org/web/20130623115201/http://www.press.sk/memoare-a-biografie/o,a,30,240/,","20130623115201","LISTING"
"http://www.press.sk/memoare-a-biografie/o","a,30,270/,https://web.archive.org/web/20130623115804/http://www.press.sk/memoare-a-biografie/o,a,30,270/,","20130623115804","LISTING"
"http://www.press.sk/memoare-a-biografie/o","a,30,30/,https://web.archive.org/web/20130623101627/http://www.press.sk/memoare-a-biografie/o,a,30,30/,","20130623101627","LISTING"
"http://www.press.sk/memoare-a-biografie/o","a,30,60/,https://web.archive.org/web/20130623101020/http://www.press.sk/memoare-a-biografie/o,a,30,60/,","20130623101020","LISTING"
"http://www.press.sk/memoare-a-biografie/o","a,30,90/,https://web.archive.org/web/20130623095805/http://www.press.sk/memoare-a-biografie/o,a,30,90/,","20130623095805","LISTING"
"http://www.press.sk:80/mido-film/n","a,30/,https://web.archive.org/web/20081204001424/http://www.press.sk:80/mido-film/n,a,30/,","20081204001424","LISTING"
"http://www.press.sk:80/mido-film/n","a,30/,https://web.archive.org/web/20081223105522/http://www.press.sk:80/mido-film/n,a,30/,","20081223105522","LISTING"
"http://www.press.sk:80/mido-film/n","a,30/,https://web.archive.org/web/20090123153744/http://www.press.sk:80/mido-film/n,a,30/,","20090123153744","LISTING"
"http://www.press.sk:80/mido-film/n","a,30/,https://web.archive.org/web/20090224022741/http://www.press.sk:80/mido-film/n,a,30/,","20090224022741","LISTING"
"http://www.press.sk:80/mido-film/n","a,30/,https://web.archive.org/web/20090327113606/http://www.press.sk:80/mido-film/n,a,30/,","20090327113606","LISTING"
"http://www.press.sk:80/mido-film/n","a,30/,https://web.archive.org/web/20090427001614/http://www.press.sk:80/mido-film/n,a,30/,","20090427001614","LISTING"
"http://www.press.sk:80/mido-film/n","a,30/,https://web.archive.org/web/20090529063529/http://www.press.sk:80/mido-film/n,a,30/,","20090529063529","LISTING"
"http://www.press.sk:80/mido-film/n","a,30,30/,https://web.archive.org/web/20081203142046/http://www.press.sk:80/mido-film/n,a,30,30/,","20081203142046","LISTING"
"http://www.press.sk:80/mido-film/n","a,30,30/,https://web.archive.org/web/20081223095550/http://www.press.sk:80/mido-film/n,a,30,30/,","20081223095550","LISTING"
"http://www.press.sk:80/mido-film/n","a,30,30,https://web.archive.org/web/20090123025908/http://www.press.sk:80/mido-film/n,a,30,30,","20090123025908","LISTING"
"http://www.press.sk:80/mido-film/n","a,30,30/,https://web.archive.org/web/20090123160930/http://www.press.sk:80/mido-film/n,a,30,30/,","20090123160930","LISTING"
"http://www.press.sk:80/mido-film/n","a,30,30,https://web.archive.org/web/20090224023642/http://www.press.sk:80/mido-film/n,a,30,30,","20090224023642","LISTING"
"http://www.press.sk:80/mido-film/n","a,30,30/,https://web.archive.org/web/20090224024951/http://www.press.sk:80/mido-film/n,a,30,30/,","20090224024951","LISTING"
"http://www.press.sk:80/mido-film/n","a,30,30/,https://web.archive.org/web/20090327111103/http://www.press.sk:80/mido-film/n,a,30,30/,","20090327111103","LISTING"
"http://www.press.sk:80/mido-film/n","a,30,30,https://web.archive.org/web/20090327221756/http://www.press.sk:80/mido-film/n,a,30,30,","20090327221756","LISTING"
"http://www.press.sk:80/mido-film/n","a,30,30/,https://web.archive.org/web/20090427012148/http://www.press.sk:80/mido-film/n,a,30,30/,","20090427012148","LISTING"
"http://www.press.sk:80/mido-film/n","a,30,30,https://web.archive.org/web/20090428004438/http://www.press.sk:80/mido-film/n,a,30,30,","20090428004438","LISTING"
"http://www.press.sk:80/mido-film/n","a,30,30/,https://web.archive.org/web/20090529065429/http://www.press.sk:80/mido-film/n,a,30,30/,","20090529065429","LISTING"
"http://www.press.sk:80/mido-film/n","a,30,30,https://web.archive.org/web/20090529075140/http://www.press.sk:80/mido-film/n,a,30,30,","20090529075140","LISTING"
"http://www.press.sk:80/mido-film/n","a,30,60/,https://web.archive.org/web/20081204010917/http://www.press.sk:80/mido-film/n,a,30,60/,","20081204010917","LISTING"
"http://www.press.sk:80/mido-film/n","a,30,60/,https://web.archive.org/web/20081223095555/http://www.press.sk:80/mido-film/n,a,30,60/,","20081223095555","LISTING"
"http://www.press.sk:80/mido-film/n","a,30,60,https://web.archive.org/web/20090123025914/http://www.press.sk:80/mido-film/n,a,30,60,","20090123025914","LISTING"
"http://www.press.sk:80/mido-film/n","a,30,60/,https://web.archive.org/web/20090123162027/http://www.press.sk:80/mido-film/n,a,30,60/,","20090123162027","LISTING"
"http://www.press.sk:80/mido-film/n","a,30,60,https://web.archive.org/web/20090224024957/http://www.press.sk:80/mido-film/n,a,30,60,","20090224024957","LISTING"
"http://www.press.sk:80/mido-film/n","a,30,60/,https://web.archive.org/web/20090224025518/http://www.press.sk:80/mido-film/n,a,30,60/,","20090224025518","LISTING"
"http://www.press.sk:80/mido-film/n","a,30,60/,https://web.archive.org/web/20090327192220/http://www.press.sk:80/mido-film/n,a,30,60/,","20090327192220","LISTING"
"http://www.press.sk:80/mido-film/n","a,30,60,https://web.archive.org/web/20090327201641/http://www.press.sk:80/mido-film/n,a,30,60,","20090327201641","LISTING"
"http://www.press.sk:80/mido-film/n","a,30,60/,https://web.archive.org/web/20090427182358/http://www.press.sk:80/mido-film/n,a,30,60/,","20090427182358","LISTING"
"http://www.press.sk:80/mido-film/n","a,30,60,https://web.archive.org/web/20090428002020/http://www.press.sk:80/mido-film/n,a,30,60,","20090428002020","LISTING"
"http://www.press.sk:80/mido-film/n","a,30,60/,https://web.archive.org/web/20090529080334/http://www.press.sk:80/mido-film/n,a,30,60/,","20090529080334","LISTING"
"http://www.press.sk:80/mido-film/n","a,30,60,https://web.archive.org/web/20090529091302/http://www.press.sk:80/mido-film/n,a,30,60,","20090529091302","LISTING"
"http://www.press.sk:80/military-51/n","a,100,https://web.archive.org/web/20091026153813/http://www.press.sk:80/military-51/n,a,100,","20091026153813","LISTING"
"http://www.press.sk:80/military-51/n","a,100,https://web.archive.org/web/20091218105551/http://www.press.sk:80/military-51/n,a,100,","20091218105551","LISTING"
"http://www.press.sk:80/military-51/n","a,100,https://web.archive.org/web/20100125110257/http://www.press.sk:80/military-51/n,a,100,","20100125110257","LISTING"
"http://www.press.sk:80/military-51/n","a,100/,https://web.archive.org/web/20100225010955/http://www.press.sk:80/military-51/n,a,100/,","20100225010955","LISTING"
"http://www.press.sk:80/military-51/n","a,100,100,https://web.archive.org/web/20091026153858/http://www.press.sk:80/military-51/n,a,100,100,","20091026153858","LISTING"
"http://www.press.sk:80/military-51/n","a,100,100,https://web.archive.org/web/20100107130724/http://www.press.sk:80/military-51/n,a,100,100,","20100107130724","LISTING"
"http://www.press.sk:80/military-51/n","a,100,100/,https://web.archive.org/web/20100225014838/http://www.press.sk:80/military-51/n,a,100,100/,","20100225014838","LISTING"
"http://www.press.sk:80/military-51/n","a,100, ,200,https://web.archive.org/web/20100223052301/http://www.press.sk:80/military-51/n,a,100, ,200,","20100223052301","LISTING"
"http://www.press.sk:80/military-51/n","a,100, ,200/,https://web.archive.org/web/20100225014849/http://www.press.sk:80/military-51/n,a,100, ,200/,","20100225014849","LISTING"
"http://www.press.sk:80/military-51/n","a,100,300,https://web.archive.org/web/20100223061801/http://www.press.sk:80/military-51/n,a,100,300,","20100223061801","LISTING"
"http://www.press.sk:80/military-51/n","a,100,300/,https://web.archive.org/web/20100225114635/http://www.press.sk:80/military-51/n,a,100,300/,","20100225114635","LISTING"
"http://www.press.sk:80/military-51/n","a,30/,https://web.archive.org/web/20090228085240/http://www.press.sk:80/military-51/n,a,30/,","20090228085240","LISTING"
"http://www.press.sk:80/military-51/n","a,30/,https://web.archive.org/web/20100210044715/http://www.press.sk:80/military-51/n,a,30/,","20100210044715","LISTING"
"http://www.press.sk:80/military-51/n","a,30,120,https://web.archive.org/web/20091118145558/http://www.press.sk:80/military-51/n,a,30,120,","20091118145558","LISTING"
"http://www.press.sk:80/military-51/n","a,30,120,https://web.archive.org/web/20100106114506/http://www.press.sk:80/military-51/n,a,30,120,","20100106114506","LISTING"
"http://www.press.sk:80/military-51/n","a,30,120/,https://web.archive.org/web/20100416063415/http://www.press.sk:80/military-51/n,a,30,120/,","20100416063415","LISTING"
"http://www.press.sk:80/military-51/n","a,30,150,https://web.archive.org/web/20091118145601/http://www.press.sk:80/military-51/n,a,30,150,","20091118145601","LISTING"
"http://www.press.sk:80/military-51/n","a,30,180,https://web.archive.org/web/20091118145607/http://www.press.sk:80/military-51/n,a,30,180,","20091118145607","LISTING"
"http://www.press.sk:80/military-51/n","a,30,180,https://web.archive.org/web/20100107041408/http://www.press.sk:80/military-51/n,a,30,180,","20100107041408","LISTING"
"http://www.press.sk:80/military-51/n","a,30,180/,https://web.archive.org/web/20100210053849/http://www.press.sk:80/military-51/n,a,30,180/,","20100210053849","LISTING"
"http://www.press.sk:80/military-51/n","a,30,210,https://web.archive.org/web/20091118143611/http://www.press.sk:80/military-51/n,a,30,210,","20091118143611","LISTING"
"http://www.press.sk:80/military-51/n","a,30,210,https://web.archive.org/web/20100107163305/http://www.press.sk:80/military-51/n,a,30,210,","20100107163305","LISTING"
"http://www.press.sk:80/military-51/n","a,30,210/,https://web.archive.org/web/20100210053855/http://www.press.sk:80/military-51/n,a,30,210/,","20100210053855","LISTING"
"http://www.press.sk:80/military-51/n","a,30,240,https://web.archive.org/web/20091118150427/http://www.press.sk:80/military-51/n,a,30,240,","20091118150427","LISTING"
"http://www.press.sk:80/military-51/n","a,30,240,https://web.archive.org/web/20100111032913/http://www.press.sk:80/military-51/n,a,30,240,","20100111032913","LISTING"
"http://www.press.sk:80/military-51/n","a,30,240/,https://web.archive.org/web/20100210044736/http://www.press.sk:80/military-51/n,a,30,240/,","20100210044736","LISTING"
"http://www.press.sk:80/military-51/n","a,30,270,https://web.archive.org/web/20100208184517/http://www.press.sk:80/military-51/n,a,30,270,","20100208184517","LISTING"
"http://www.press.sk:80/military-51/n","a,30,270/,https://web.archive.org/web/20100210053901/http://www.press.sk:80/military-51/n,a,30,270/,","20100210053901","LISTING"
"http://www.press.sk:80/military-51/n","a,30,270/,https://web.archive.org/web/20100416063441/http://www.press.sk:80/military-51/n,a,30,270/,","20100416063441","LISTING"
"http://www.press.sk:80/military-51/n","a,30,30,https://web.archive.org/web/20090227080640/http://www.press.sk:80/military-51/n,a,30,30,","20090227080640","LISTING"
"http://www.press.sk:80/military-51/n","a,30,30,https://web.archive.org/web/20090330033130/http://www.press.sk:80/military-51/n,a,30,30,","20090330033130","LISTING"
"http://www.press.sk:80/military-51/n","a,30,30,https://web.archive.org/web/20090501203933/http://www.press.sk:80/military-51/n,a,30,30,","20090501203933","LISTING"
"http://www.press.sk:80/military-51/n","a,30,30/,https://web.archive.org/web/20100210053904/http://www.press.sk:80/military-51/n,a,30,30/,","20100210053904","LISTING"
"http://www.press.sk:80/military-51/n","a,30,30/,https://web.archive.org/web/20100416020300/http://www.press.sk:80/military-51/n,a,30,30/,","20100416020300","LISTING"
"http://www.press.sk:80/military-51/n","a,30,300,https://web.archive.org/web/20100208212138/http://www.press.sk:80/military-51/n,a,30,300,","20100208212138","LISTING"
"http://www.press.sk:80/military-51/n","a,30,300/,https://web.archive.org/web/20100210044814/http://www.press.sk:80/military-51/n,a,30,300/,","20100210044814","LISTING"
"http://www.press.sk:80/military-51/n","a,30,300/,https://web.archive.org/web/20100416020306/http://www.press.sk:80/military-51/n,a,30,300/,","20100416020306","LISTING"
"http://www.press.sk:80/military-51/n","a,30,60/,https://web.archive.org/web/20090228085311/http://www.press.sk:80/military-51/n,a,30,60/,","20090228085311","LISTING"
"http://www.press.sk:80/military-51/n","a,30,60,https://web.archive.org/web/20091118150430/http://www.press.sk:80/military-51/n,a,30,60,","20091118150430","LISTING"
"http://www.press.sk:80/military-51/n","a,30,60,https://web.archive.org/web/20100117102502/http://www.press.sk:80/military-51/n,a,30,60,","20100117102502","LISTING"
"http://www.press.sk:80/military-51/n","a,30,60/,https://web.archive.org/web/20100416062036/http://www.press.sk:80/military-51/n,a,30,60/,","20100416062036","LISTING"
"http://www.press.sk:80/military-51/n","a,30,90,https://web.archive.org/web/20091118150437/http://www.press.sk:80/military-51/n,a,30,90,","20091118150437","LISTING"
"http://www.press.sk:80/military-51/n","a,30,90,https://web.archive.org/web/20100106001940/http://www.press.sk:80/military-51/n,a,30,90,","20100106001940","LISTING"
"http://www.press.sk:80/military-51/n","a,30,90/,https://web.archive.org/web/20100416063151/http://www.press.sk:80/military-51/n,a,30,90/,","20100416063151","LISTING"
"http://www.press.sk/military-51/o","a,30,1080/,https://web.archive.org/web/20130622101043/http://www.press.sk/military-51/o,a,30,1080/,","20130622101043","LISTING"
"http://www.press.sk/military-51/o","a,30,1110/,https://web.archive.org/web/20130622104039/http://www.press.sk/military-51/o,a,30,1110/,","20130622104039","LISTING"
"http://www.press.sk:80/military-51/o","a,30,1140/,https://web.archive.org/web/20130826111230/http://www.press.sk:80/military-51/o,a,30,1140/,","20130826111230","LISTING"
"http://www.press.sk:80/military-51/o","a,30,1170/,https://web.archive.org/web/20130825060501/http://www.press.sk:80/military-51/o,a,30,1170/,","20130825060501","LISTING"
"http://www.press.sk/military-51/o","a,30,120/,https://web.archive.org/web/20130622105550/http://www.press.sk/military-51/o,a,30,120/,","20130622105550","LISTING"
"http://www.press.sk:80/military-51/o","a,30,120/,https://web.archive.org/web/20130826110311/http://www.press.sk:80/military-51/o,a,30,120/,","20130826110311","LISTING"
"http://www.press.sk:80/military-51/o","a,30,120/,https://web.archive.org/web/20140916141259/http://www.press.sk:80/military-51/o,a,30,120/,","20140916141259","LISTING"
"http://www.press.sk:80/military-51/o","a,30,120/,https://web.archive.org/web/20150311130109/http://www.press.sk:80/military-51/o,a,30,120/,","20150311130109","LISTING"
"http://www.press.sk:80/military-51/o","a,30,1380/,https://web.archive.org/web/20140916141305/http://www.press.sk:80/military-51/o,a,30,1380/,","20140916141305","LISTING"
"http://www.press.sk:80/military-51/o","a,30,1410/,https://web.archive.org/web/20140916134630/http://www.press.sk:80/military-51/o,a,30,1410/,","20140916134630","LISTING"
"http://www.press.sk:80/military-51/o","a,30,1470/,https://web.archive.org/web/20150311131455/http://www.press.sk:80/military-51/o,a,30,1470/,","20150311131455","LISTING"
"http://www.press.sk:80/military-51/o","a,30,1500/,https://web.archive.org/web/20150311042437/http://www.press.sk:80/military-51/o,a,30,1500/,","20150311042437","LISTING"
"http://www.press.sk/military-51/o","a,30,30/,https://web.archive.org/web/20130622092346/http://www.press.sk/military-51/o,a,30,30/,","20130622092346","LISTING"
"http://www.press.sk:80/military-51/o","a,30,30/,https://web.archive.org/web/20130825060507/http://www.press.sk:80/military-51/o,a,30,30/,","20130825060507","LISTING"
"http://www.press.sk:80/military-51/o","a,30,30/,https://web.archive.org/web/20140916134810/http://www.press.sk:80/military-51/o,a,30,30/,","20140916134810","LISTING"
"http://www.press.sk:80/military-51/o","a,30,30/,https://web.archive.org/web/20150311042159/http://www.press.sk:80/military-51/o,a,30,30/,","20150311042159","LISTING"
"http://www.press.sk/military-51/o","a,30,60/,https://web.archive.org/web/20130622091814/http://www.press.sk/military-51/o,a,30,60/,","20130622091814","LISTING"
"http://www.press.sk:80/military-51/o","a,30,60/,https://web.archive.org/web/20130826110333/http://www.press.sk:80/military-51/o,a,30,60/,","20130826110333","LISTING"
"http://www.press.sk:80/military-51/o","a,30,60/,https://web.archive.org/web/20140916141312/http://www.press.sk:80/military-51/o,a,30,60/,","20140916141312","LISTING"
"http://www.press.sk:80/military-51/o","a,30,60/,https://web.archive.org/web/20150311130902/http://www.press.sk:80/military-51/o,a,30,60/,","20150311130902","LISTING"
"http://www.press.sk/military-51/o","a,30,630/,https://web.archive.org/web/20110921125830/http://www.press.sk/military-51/o,a,30,630/,","20110921125830","LISTING"
"http://www.press.sk/military-51/o","a,30,90/,https://web.archive.org/web/20110919161303/http://www.press.sk/military-51/o,a,30,90/,","20110919161303","LISTING"
"http://www.press.sk/military-51/o","a,30,90/,https://web.archive.org/web/20130622083854/http://www.press.sk/military-51/o,a,30,90/,","20130622083854","LISTING"
"http://www.press.sk:80/military-51/o","a,30,90/,https://web.archive.org/web/20130826112638/http://www.press.sk:80/military-51/o,a,30,90/,","20130826112638","LISTING"
"http://www.press.sk:80/military-51/o","a,30,90/,https://web.archive.org/web/20140916141315/http://www.press.sk:80/military-51/o,a,30,90/,","20140916141315","LISTING"
"http://www.press.sk:80/military-51/o","a,30,90/,https://web.archive.org/web/20150311132126/http://www.press.sk:80/military-51/o,a,30,90/,","20150311132126","LISTING"
"http://www.press.sk:80/military-51/p","a,30,https://web.archive.org/web/20130621005705/http://www.press.sk:80/military-51/p,a,30,","20130621005705","LISTING"
"http://www.press.sk:80/military-51/p","a,30,30,https://web.archive.org/web/20130620222627/http://www.press.sk:80/military-51/p,a,30,30,","20130620222627","LISTING"
"http://www.press.sk:80/military/n","a,30,https://web.archive.org/web/20160524175021/http://www.press.sk:80/military/n,a,30,","20160524175021","LISTING"
"http://www.press.sk:80/military/n","a,30,https://web.archive.org/web/20160624194329/http://www.press.sk:80/military/n,a,30,","20160624194329","LISTING"
"http://www.press.sk:80/military/n","a,30,210/,https://web.archive.org/web/20160526173802/http://www.press.sk:80/military/n,a,30,210/,","20160526173802","LISTING"
"http://www.press.sk:80/military/n","a,30,30/,https://web.archive.org/web/20160526173811/http://www.press.sk:80/military/n,a,30,30/,","20160526173811","LISTING"
"http://www.press.sk:80/military/o","a,100,https://web.archive.org/web/20160123212633/http://www.press.sk:80/military/o,a,100,","20160123212633","LISTING"
"http://www.press.sk:80/military/o","a,100,https://web.archive.org/web/20160223123416/http://www.press.sk:80/military/o,a,100,","20160223123416","LISTING"
"http://www.press.sk:80/military/o","a,100,https://web.archive.org/web/20160331204333/http://www.press.sk:80/military/o,a,100,","20160331204333","LISTING"
"http://www.press.sk:80/military/o","a,100,https://web.archive.org/web/20160508083126/http://www.press.sk:80/military/o,a,100,","20160508083126","LISTING"
"http://www.press.sk:80/military/o","a,100,100/,https://web.archive.org/web/20160125165121/http://www.press.sk:80/military/o,a,100,100/,","20160125165121","LISTING"
"http://www.press.sk:80/military/o","a,100,100/,https://web.archive.org/web/20160126102418/http://www.press.sk:80/military/o,a,100,100/,","20160126102418","LISTING"
"http://www.press.sk:80/military/o","a,100,30,https://web.archive.org/web/20170104235239/http://www.press.sk:80/military/o,a,100,30,","20170104235239","LISTING"
"http://www.press.sk:80/military/o","a,100,30,https://web.archive.org/web/20170511042935/http://www.press.sk:80/military/o,a,100,30,","20170511042935","LISTING"
"http://www.press.sk/military/o","a,30/,https://web.archive.org/web/20130621122045/http://www.press.sk/military/o,a,30/,","20130621122045","LISTING"
"http://www.press.sk:80/military/o","a,30/,https://web.archive.org/web/20150626232519/http://www.press.sk:80/military/o,a,30/,","20150626232519","LISTING"
"http://www.press.sk:80/military/o","a,30/,https://web.archive.org/web/20151229042008/http://www.press.sk:80/military/o,a,30/,","20151229042008","LISTING"
"http://www.press.sk:80/military/o","a,30/,https://web.archive.org/web/20170105152506/http://www.press.sk:80/military/o,a,30/,","20170105152506","LISTING"
"http://www.press.sk:80/military/o","a,30/,https://web.archive.org/web/20170411200859/http://www.press.sk:80/military/o,a,30/,","20170411200859","LISTING"
"http://www.press.sk:80/military/o","a,30/,https://web.archive.org/web/20170614092626/http://www.press.sk:80/military/o,a,30/,","20170614092626","LISTING"
"http://www.press.sk:80/military/o","a,30,120/,https://web.archive.org/web/20141015070049/http://www.press.sk:80/military/o,a,30,120/,","20141015070049","LISTING"
"http://www.press.sk:80/military/o","a,30,120,https://web.archive.org/web/20150625015901/http://www.press.sk:80/military/o,a,30,120,","20150625015901","LISTING"
"http://www.press.sk:80/military/o","a,30,120/,https://web.archive.org/web/20150626001551/http://www.press.sk:80/military/o,a,30,120/,","20150626001551","LISTING"
"http://www.press.sk:80/military/o","a,30,120,https://web.archive.org/web/20150728161601/http://www.press.sk:80/military/o,a,30,120,","20150728161601","LISTING"
"http://www.press.sk:80/military/o","a,30,120,https://web.archive.org/web/20150829065050/http://www.press.sk:80/military/o,a,30,120,","20150829065050","LISTING"
"http://www.press.sk:80/military/o","a,30,120,https://web.archive.org/web/20150929104052/http://www.press.sk:80/military/o,a,30,120,","20150929104052","LISTING"
"http://www.press.sk:80/military/o","a,30,120/,https://web.archive.org/web/20151229061128/http://www.press.sk:80/military/o,a,30,120/,","20151229061128","LISTING"
"http://www.press.sk:80/military/o","a,30,120,https://web.archive.org/web/20160402210646/http://www.press.sk:80/military/o,a,30,120,","20160402210646","LISTING"
"http://www.press.sk:80/military/o","a,30,120,https://web.archive.org/web/20160404034103/http://www.press.sk:80/military/o,a,30,120,","20160404034103","LISTING"
"http://www.press.sk:80/military/o","a,30,120,https://web.archive.org/web/20160508103810/http://www.press.sk:80/military/o,a,30,120,","20160508103810","LISTING"
"http://www.press.sk:80/military/o","a,30,120/,https://web.archive.org/web/20161015202700/http://www.press.sk:80/military/o,a,30,120/,","20161015202700","LISTING"
"http://www.press.sk:80/military/o","a,30,120,https://web.archive.org/web/20170410085826/http://www.press.sk:80/military/o,a,30,120,","20170410085826","LISTING"
"http://www.press.sk:80/military/o","a,30,120/,https://web.archive.org/web/20170410164911/http://www.press.sk:80/military/o,a,30,120/,","20170410164911","LISTING"
"http://www.press.sk:80/military/o","a,30,120,https://web.archive.org/web/20170515053940/http://www.press.sk:80/military/o,a,30,120,","20170515053940","LISTING"
"http://www.press.sk:80/military/o","a,30,150,https://web.archive.org/web/20150625015906/http://www.press.sk:80/military/o,a,30,150,","20150625015906","LISTING"
"http://www.press.sk:80/military/o","a,30,150/,https://web.archive.org/web/20150626001556/http://www.press.sk:80/military/o,a,30,150/,","20150626001556","LISTING"
"http://www.press.sk:80/military/o","a,30,150,https://web.archive.org/web/20150729074302/http://www.press.sk:80/military/o,a,30,150,","20150729074302","LISTING"
"http://www.press.sk:80/military/o","a,30,150,https://web.archive.org/web/20150829151231/http://www.press.sk:80/military/o,a,30,150,","20150829151231","LISTING"
"http://www.press.sk:80/military/o","a,30,150,https://web.archive.org/web/20150929104310/http://www.press.sk:80/military/o,a,30,150,","20150929104310","LISTING"
"http://www.press.sk:80/military/o","a,30,150,https://web.archive.org/web/20151228232551/http://www.press.sk:80/military/o,a,30,150,","20151228232551","LISTING"
"http://www.press.sk:80/military/o","a,30,150/,https://web.archive.org/web/20151229042013/http://www.press.sk:80/military/o,a,30,150/,","20151229042013","LISTING"
"http://www.press.sk:80/military/o","a,30,150,https://web.archive.org/web/20160128143215/http://www.press.sk:80/military/o,a,30,150,","20160128143215","LISTING"
"http://www.press.sk:80/military/o","a,30,150,https://web.archive.org/web/20160331202109/http://www.press.sk:80/military/o,a,30,150,","20160331202109","LISTING"
"http://www.press.sk:80/military/o","a,30,150,https://web.archive.org/web/20160508104148/http://www.press.sk:80/military/o,a,30,150,","20160508104148","LISTING"
"http://www.press.sk:80/military/o","a,30,150,https://web.archive.org/web/20170409233504/http://www.press.sk:80/military/o,a,30,150,","20170409233504","LISTING"
"http://www.press.sk:80/military/o","a,30,150/,https://web.archive.org/web/20170410164917/http://www.press.sk:80/military/o,a,30,150/,","20170410164917","LISTING"
"http://www.press.sk:80/military/o","a,30,150,https://web.archive.org/web/20170514200824/http://www.press.sk:80/military/o,a,30,150,","20170514200824","LISTING"
"http://www.press.sk:80/military/o","a,30,150,https://web.archive.org/web/20170515202711/http://www.press.sk:80/military/o,a,30,150,","20170515202711","LISTING"
"http://www.press.sk:80/military/o","a,30,150/,https://web.archive.org/web/20170612033601/http://www.press.sk:80/military/o,a,30,150/,","20170612033601","LISTING"
"http://www.press.sk:80/military/o","a,30,180,https://web.archive.org/web/20151228133109/http://www.press.sk:80/military/o,a,30,180,","20151228133109","LISTING"
"http://www.press.sk:80/military/o","a,30,180,https://web.archive.org/web/20160128111749/http://www.press.sk:80/military/o,a,30,180,","20160128111749","LISTING"
"http://www.press.sk:80/military/o","a,30,180,https://web.archive.org/web/20160403095755/http://www.press.sk:80/military/o,a,30,180,","20160403095755","LISTING"
"http://www.press.sk:80/military/o","a,30,180,https://web.archive.org/web/20160514164516/http://www.press.sk:80/military/o,a,30,180,","20160514164516","LISTING"
"http://www.press.sk:80/military/o","a,30,180,https://web.archive.org/web/20170409232903/http://www.press.sk:80/military/o,a,30,180,","20170409232903","LISTING"
"http://www.press.sk:80/military/o","a,30,180/,https://web.archive.org/web/20170410164922/http://www.press.sk:80/military/o,a,30,180/,","20170410164922","LISTING"
"http://www.press.sk:80/military/o","a,30,180,https://web.archive.org/web/20170511121955/http://www.press.sk:80/military/o,a,30,180,","20170511121955","LISTING"
"http://www.press.sk:80/military/o","a,30,180,https://web.archive.org/web/20170611223520/http://www.press.sk:80/military/o,a,30,180,","20170611223520","LISTING"
"http://www.press.sk:80/military/o","a,30,210/,https://web.archive.org/web/20161015202353/http://www.press.sk:80/military/o,a,30,210/,","20161015202353","LISTING"
"http://www.press.sk:80/military/o","a,30,210/,https://web.archive.org/web/20170105201640/http://www.press.sk:80/military/o,a,30,210/,","20170105201640","LISTING"
"http://www.press.sk:80/military/o","a,30,210,https://web.archive.org/web/20170409232907/http://www.press.sk:80/military/o,a,30,210,","20170409232907","LISTING"
"http://www.press.sk:80/military/o","a,30,210/,https://web.archive.org/web/20170410164927/http://www.press.sk:80/military/o,a,30,210/,","20170410164927","LISTING"
"http://www.press.sk:80/military/o","a,30,210,https://web.archive.org/web/20170515065516/http://www.press.sk:80/military/o,a,30,210,","20170515065516","LISTING"
"http://www.press.sk:80/military/o","a,30,240/,https://web.archive.org/web/20161014231204/http://www.press.sk:80/military/o,a,30,240/,","20161014231204","LISTING"
"http://www.press.sk:80/military/o","a,30,240,https://web.archive.org/web/20170409232912/http://www.press.sk:80/military/o,a,30,240,","20170409232912","LISTING"
"http://www.press.sk:80/military/o","a,30,240/,https://web.archive.org/web/20170410164956/http://www.press.sk:80/military/o,a,30,240/,","20170410164956","LISTING"
"http://www.press.sk:80/military/o","a,30,240,https://web.archive.org/web/20170514200903/http://www.press.sk:80/military/o,a,30,240,","20170514200903","LISTING"
"http://www.press.sk:80/military/o","a,30,240,https://web.archive.org/web/20170515202726/http://www.press.sk:80/military/o,a,30,240,","20170515202726","LISTING"
"http://www.press.sk:80/military/o","a,30,240/,https://web.archive.org/web/20170612033624/http://www.press.sk:80/military/o,a,30,240/,","20170612033624","LISTING"
"http://www.press.sk:80/military/o","a,30,270,https://web.archive.org/web/20170409232917/http://www.press.sk:80/military/o,a,30,270,","20170409232917","LISTING"
"http://www.press.sk:80/military/o","a,30,270/,https://web.archive.org/web/20170411201005/http://www.press.sk:80/military/o,a,30,270/,","20170411201005","LISTING"
"http://www.press.sk:80/military/o","a,30,270,https://web.archive.org/web/20170515054712/http://www.press.sk:80/military/o,a,30,270,","20170515054712","LISTING"
"http://www.press.sk:80/military/o","a,30,270/,https://web.archive.org/web/20170612033650/http://www.press.sk:80/military/o,a,30,270/,","20170612033650","LISTING"
"http://www.press.sk/military/o","a,30,30/,https://web.archive.org/web/20130510213120/http://www.press.sk/military/o,a,30,30/,","20130510213120","LISTING"
"http://www.press.sk:80/military/o","a,30,30/,https://web.archive.org/web/20141015072538/http://www.press.sk:80/military/o,a,30,30/,","20141015072538","LISTING"
"http://www.press.sk:80/military/o","a,30,30,https://web.archive.org/web/20150625015917/http://www.press.sk:80/military/o,a,30,30,","20150625015917","LISTING"
"http://www.press.sk:80/military/o","a,30,30/,https://web.archive.org/web/20150626001601/http://www.press.sk:80/military/o,a,30,30/,","20150626001601","LISTING"
"http://www.press.sk:80/military/o","a,30,30,https://web.archive.org/web/20150729081620/http://www.press.sk:80/military/o,a,30,30,","20150729081620","LISTING"
"http://www.press.sk:80/military/o","a,30,30,https://web.archive.org/web/20150829142046/http://www.press.sk:80/military/o,a,30,30,","20150829142046","LISTING"
"http://www.press.sk:80/military/o","a,30,30,https://web.archive.org/web/20150929082728/http://www.press.sk:80/military/o,a,30,30,","20150929082728","LISTING"
"http://www.press.sk:80/military/o","a,30,30/,https://web.archive.org/web/20151229061043/http://www.press.sk:80/military/o,a,30,30/,","20151229061043","LISTING"
"http://www.press.sk:80/military/o","a,30,30,https://web.archive.org/web/20160402230702/http://www.press.sk:80/military/o,a,30,30,","20160402230702","LISTING"
"http://www.press.sk:80/military/o","a,30,30,https://web.archive.org/web/20160404000811/http://www.press.sk:80/military/o,a,30,30,","20160404000811","LISTING"
"http://www.press.sk:80/military/o","a,30,30,https://web.archive.org/web/20160508082254/http://www.press.sk:80/military/o,a,30,30,","20160508082254","LISTING"
"http://www.press.sk:80/military/o","a,30,30/,https://web.archive.org/web/20161014231209/http://www.press.sk:80/military/o,a,30,30/,","20161014231209","LISTING"
"http://www.press.sk:80/military/o","a,30,30,https://web.archive.org/web/20170104235041/http://www.press.sk:80/military/o,a,30,30,","20170104235041","LISTING"
"http://www.press.sk:80/military/o","a,30,30/,https://web.archive.org/web/20170410165120/http://www.press.sk:80/military/o,a,30,30/,","20170410165120","LISTING"
"http://www.press.sk:80/military/o","a,30,30,https://web.archive.org/web/20170511060416/http://www.press.sk:80/military/o,a,30,30,","20170511060416","LISTING"
"http://www.press.sk:80/military/o","a,30,30,https://web.archive.org/web/20170611135522/http://www.press.sk:80/military/o,a,30,30,","20170611135522","LISTING"
"http://www.press.sk:80/military/o","a,30,30/,https://web.archive.org/web/20170612032826/http://www.press.sk:80/military/o,a,30,30/,","20170612032826","LISTING"
"http://www.press.sk/military/o","a,30,60/,https://web.archive.org/web/20130510214251/http://www.press.sk/military/o,a,30,60/,","20130510214251","LISTING"
"http://www.press.sk:80/military/o","a,30,60,https://web.archive.org/web/20150625015922/http://www.press.sk:80/military/o,a,30,60,","20150625015922","LISTING"
"http://www.press.sk:80/military/o","a,30,60/,https://web.archive.org/web/20150626001606/http://www.press.sk:80/military/o,a,30,60/,","20150626001606","LISTING"
"http://www.press.sk:80/military/o","a,30,60,https://web.archive.org/web/20150728174038/http://www.press.sk:80/military/o,a,30,60,","20150728174038","LISTING"
"http://www.press.sk:80/military/o","a,30,60,https://web.archive.org/web/20150829130517/http://www.press.sk:80/military/o,a,30,60,","20150829130517","LISTING"
"http://www.press.sk:80/military/o","a,30,60,https://web.archive.org/web/20150929104058/http://www.press.sk:80/military/o,a,30,60,","20150929104058","LISTING"
"http://www.press.sk:80/military/o","a,30,60/,https://web.archive.org/web/20151229061048/http://www.press.sk:80/military/o,a,30,60/,","20151229061048","LISTING"
"http://www.press.sk:80/military/o","a,30,60,https://web.archive.org/web/20160401112045/http://www.press.sk:80/military/o,a,30,60,","20160401112045","LISTING"
"http://www.press.sk:80/military/o","a,30,60,https://web.archive.org/web/20160513055656/http://www.press.sk:80/military/o,a,30,60,","20160513055656","LISTING"
"http://www.press.sk:80/military/o","a,30,60/,https://web.archive.org/web/20161015202410/http://www.press.sk:80/military/o,a,30,60/,","20161015202410","LISTING"
"http://www.press.sk:80/military/o","a,30,60/,https://web.archive.org/web/20170106060007/http://www.press.sk:80/military/o,a,30,60/,","20170106060007","LISTING"
"http://www.press.sk:80/military/o","a,30,60,https://web.archive.org/web/20170409232953/http://www.press.sk:80/military/o,a,30,60,","20170409232953","LISTING"
"http://www.press.sk:80/military/o","a,30,60/,https://web.archive.org/web/20170412015236/http://www.press.sk:80/military/o,a,30,60/,","20170412015236","LISTING"
"http://www.press.sk:80/military/o","a,30,60,https://web.archive.org/web/20170514174730/http://www.press.sk:80/military/o,a,30,60,","20170514174730","LISTING"
"http://www.press.sk:80/military/o","a,30,60,https://web.archive.org/web/20170614222412/http://www.press.sk:80/military/o,a,30,60,","20170614222412","LISTING"
"http://www.press.sk/military/o","a,30,90/,https://web.archive.org/web/20130510211212/http://www.press.sk/military/o,a,30,90/,","20130510211212","LISTING"
"http://www.press.sk:80/military/o","a,30,90/,https://web.archive.org/web/20141018154915/http://www.press.sk:80/military/o,a,30,90/,","20141018154915","LISTING"
"http://www.press.sk:80/military/o","a,30,90,https://web.archive.org/web/20150625015939/http://www.press.sk:80/military/o,a,30,90,","20150625015939","LISTING"
"http://www.press.sk:80/military/o","a,30,90/,https://web.archive.org/web/20150626001612/http://www.press.sk:80/military/o,a,30,90/,","20150626001612","LISTING"
"http://www.press.sk:80/military/o","a,30,90,https://web.archive.org/web/20150728210730/http://www.press.sk:80/military/o,a,30,90,","20150728210730","LISTING"
"http://www.press.sk:80/military/o","a,30,90,https://web.archive.org/web/20150829120034/http://www.press.sk:80/military/o,a,30,90,","20150829120034","LISTING"
"http://www.press.sk:80/military/o","a,30,90,https://web.archive.org/web/20150929073755/http://www.press.sk:80/military/o,a,30,90,","20150929073755","LISTING"
"http://www.press.sk:80/military/o","a,30,90/,https://web.archive.org/web/20151229061133/http://www.press.sk:80/military/o,a,30,90/,","20151229061133","LISTING"
"http://www.press.sk:80/military/o","a,30,90,https://web.archive.org/web/20160401142257/http://www.press.sk:80/military/o,a,30,90,","20160401142257","LISTING"
"http://www.press.sk:80/military/o","a,30,90,https://web.archive.org/web/20160402155859/http://www.press.sk:80/military/o,a,30,90,","20160402155859","LISTING"
"http://www.press.sk:80/military/o","a,30,90,https://web.archive.org/web/20160508054503/http://www.press.sk:80/military/o,a,30,90,","20160508054503","LISTING"
"http://www.press.sk:80/military/o","a,30,90/,https://web.archive.org/web/20161015202736/http://www.press.sk:80/military/o,a,30,90/,","20161015202736","LISTING"
"http://www.press.sk:80/military/o","a,30,90,https://web.archive.org/web/20170409233050/http://www.press.sk:80/military/o,a,30,90,","20170409233050","LISTING"
"http://www.press.sk:80/military/o","a,30,90/,https://web.archive.org/web/20170411033420/http://www.press.sk:80/military/o,a,30,90/,","20170411033420","LISTING"
"http://www.press.sk:80/military/o","a,30,90,https://web.archive.org/web/20170511101313/http://www.press.sk:80/military/o,a,30,90,","20170511101313","LISTING"
"http://www.press.sk:80/moda-sitie-varenie/n","a,30,https://web.archive.org/web/20150708230718/http://www.press.sk:80/moda-sitie-varenie/n,a,30,","20150708230718","LISTING"
"http://www.press.sk:80/moda-sitie-varenie/n","a,30,https://web.archive.org/web/20150809054149/http://www.press.sk:80/moda-sitie-varenie/n,a,30,","20150809054149","LISTING"
"http://www.press.sk:80/moda-sitie-varenie/n","a,30,https://web.archive.org/web/20150909041144/http://www.press.sk:80/moda-sitie-varenie/n,a,30,","20150909041144","LISTING"
"http://www.press.sk:80/moda-sitie-varenie/n","a,30,https://web.archive.org/web/20160402235430/http://www.press.sk:80/moda-sitie-varenie/n,a,30,","20160402235430","LISTING"
"http://www.press.sk:80/moda-sitie-varenie/n","a,30,https://web.archive.org/web/20160404023223/http://www.press.sk:80/moda-sitie-varenie/n,a,30,","20160404023223","LISTING"
"http://www.press.sk:80/moda-sitie-varenie/n","a,30,https://web.archive.org/web/20160515092825/http://www.press.sk:80/moda-sitie-varenie/n,a,30,","20160515092825","LISTING"
"http://www.press.sk:80/moda-sitie-varenie/n","a,30/,https://web.archive.org/web/20101204134241/http://www.press.sk:80/moda-sitie-varenie/n,a,30/,","20101204134241","LISTING"
"http://www.press.sk:80/moda-sitie-varenie/n","a,30/,https://web.archive.org/web/20110912154603/http://www.press.sk:80/moda-sitie-varenie/n,a,30/,","20110912154603","LISTING"
"http://www.press.sk:80/moda-sitie-varenie/n","a,30,https://web.archive.org/web/20150708230358/http://www.press.sk:80/moda-sitie-varenie/n,a,30,","20150708230358","LISTING"
"http://www.press.sk:80/moda-sitie-varenie/n","a,30/,https://web.archive.org/web/20150711214403/http://www.press.sk:80/moda-sitie-varenie/n,a,30/,","20150711214403","LISTING"
"http://www.press.sk:80/moda-sitie-varenie/n","a,30,https://web.archive.org/web/20150809054501/http://www.press.sk:80/moda-sitie-varenie/n,a,30,","20150809054501","LISTING"
"http://www.press.sk:80/moda-sitie-varenie/n","a,30,https://web.archive.org/web/20150909041149/http://www.press.sk:80/moda-sitie-varenie/n,a,30,","20150909041149","LISTING"
"http://www.press.sk:80/moda-sitie-varenie/n","a,30,https://web.archive.org/web/20160402175524/http://www.press.sk:80/moda-sitie-varenie/n,a,30,","20160402175524","LISTING"
"http://www.press.sk:80/moda-sitie-varenie/n","a,30,https://web.archive.org/web/20160511090258/http://www.press.sk:80/moda-sitie-varenie/n,a,30,","20160511090258","LISTING"
"http://www.press.sk:80/moda-sitie-varenie/n","a,30,120,https://web.archive.org/web/20150709002100/http://www.press.sk:80/moda-sitie-varenie/n,a,30,120,","20150709002100","LISTING"
"http://www.press.sk:80/moda-sitie-varenie/n","a,30,120/,https://web.archive.org/web/20150711214408/http://www.press.sk:80/moda-sitie-varenie/n,a,30,120/,","20150711214408","LISTING"
"http://www.press.sk:80/moda-sitie-varenie/n","a,30,120,https://web.archive.org/web/20150809054154/http://www.press.sk:80/moda-sitie-varenie/n,a,30,120,","20150809054154","LISTING"
"http://www.press.sk:80/moda-sitie-varenie/n","a,30,120,https://web.archive.org/web/20150909044452/http://www.press.sk:80/moda-sitie-varenie/n,a,30,120,","20150909044452","LISTING"
"http://www.press.sk:80/moda-sitie-varenie/n","a,30,120/,https://web.archive.org/web/20150910123926/http://www.press.sk:80/moda-sitie-varenie/n,a,30,120/,","20150910123926","LISTING"
"http://www.press.sk:80/moda-sitie-varenie/n","a,30,120,https://web.archive.org/web/20160330150841/http://www.press.sk:80/moda-sitie-varenie/n,a,30,120,","20160330150841","LISTING"
"http://www.press.sk:80/moda-sitie-varenie/n","a,30,120,https://web.archive.org/web/20160511083702/http://www.press.sk:80/moda-sitie-varenie/n,a,30,120,","20160511083702","LISTING"
"http://www.press.sk:80/moda-sitie-varenie/n","a,30,120,https://web.archive.org/web/20160512112223/http://www.press.sk:80/moda-sitie-varenie/n,a,30,120,","20160512112223","LISTING"
"http://www.press.sk:80/moda-sitie-varenie/n","a,30,30,https://web.archive.org/web/20090818154240/http://www.press.sk:80/moda-sitie-varenie/n,a,30,30,","20090818154240","LISTING"
"http://www.press.sk:80/moda-sitie-varenie/n","a,30,30,https://web.archive.org/web/20100105150159/http://www.press.sk:80/moda-sitie-varenie/n,a,30,30,","20100105150159","LISTING"
"http://www.press.sk:80/moda-sitie-varenie/n","a,30,30,https://web.archive.org/web/20101203081919/http://www.press.sk:80/moda-sitie-varenie/n,a,30,30,","20101203081919","LISTING"
"http://www.press.sk:80/moda-sitie-varenie/n","a,30,30,https://web.archive.org/web/20110104030354/http://www.press.sk:80/moda-sitie-varenie/n,a,30,30,","20110104030354","LISTING"
"http://www.press.sk:80/moda-sitie-varenie/n","a,30,30,https://web.archive.org/web/20110418120332/http://www.press.sk:80/moda-sitie-varenie/n,a,30,30,","20110418120332","LISTING"
"http://www.press.sk:80/moda-sitie-varenie/n","a,30,30,https://web.archive.org/web/20110520144206/http://www.press.sk:80/moda-sitie-varenie/n,a,30,30,","20110520144206","LISTING"
"http://www.press.sk:80/moda-sitie-varenie/n","a,30,30,https://web.archive.org/web/20110622194150/http://www.press.sk:80/moda-sitie-varenie/n,a,30,30,","20110622194150","LISTING"
"http://www.press.sk:80/moda-sitie-varenie/n","a,30,30,https://web.archive.org/web/20110831005933/http://www.press.sk:80/moda-sitie-varenie/n,a,30,30,","20110831005933","LISTING"
"http://www.press.sk:80/moda-sitie-varenie/n","a,30,30/,https://web.archive.org/web/20110911211727/http://www.press.sk:80/moda-sitie-varenie/n,a,30,30/,","20110911211727","LISTING"
"http://www.press.sk:80/moda-sitie-varenie/n","a,30,30,https://web.archive.org/web/20110912032446/http://www.press.sk:80/moda-sitie-varenie/n,a,30,30,","20110912032446","LISTING"
"http://www.press.sk:80/moda-sitie-varenie/n","a,30,30,https://web.archive.org/web/20150708230405/http://www.press.sk:80/moda-sitie-varenie/n,a,30,30,","20150708230405","LISTING"
"http://www.press.sk:80/moda-sitie-varenie/n","a,30,30/,https://web.archive.org/web/20150711130809/http://www.press.sk:80/moda-sitie-varenie/n,a,30,30/,","20150711130809","LISTING"
"http://www.press.sk:80/moda-sitie-varenie/n","a,30,30,https://web.archive.org/web/20150809054219/http://www.press.sk:80/moda-sitie-varenie/n,a,30,30,","20150809054219","LISTING"
"http://www.press.sk:80/moda-sitie-varenie/n","a,30,30,https://web.archive.org/web/20150909045703/http://www.press.sk:80/moda-sitie-varenie/n,a,30,30,","20150909045703","LISTING"
"http://www.press.sk:80/moda-sitie-varenie/n","a,30,30,https://web.archive.org/web/20160327111951/http://www.press.sk:80/moda-sitie-varenie/n,a,30,30,","20160327111951","LISTING"
"http://www.press.sk:80/moda-sitie-varenie/n","a,30,30,https://web.archive.org/web/20160513141831/http://www.press.sk:80/moda-sitie-varenie/n,a,30,30,","20160513141831","LISTING"
"http://www.press.sk:80/moda-sitie-varenie/n","a,30,30,https://web.archive.org/web/20160514180119/http://www.press.sk:80/moda-sitie-varenie/n,a,30,30,","20160514180119","LISTING"
"http://www.press.sk:80/moda-sitie-varenie/n","a,30,60,https://web.archive.org/web/20150709002106/http://www.press.sk:80/moda-sitie-varenie/n,a,30,60,","20150709002106","LISTING"
"http://www.press.sk:80/moda-sitie-varenie/n","a,30,60/,https://web.archive.org/web/20150711214413/http://www.press.sk:80/moda-sitie-varenie/n,a,30,60/,","20150711214413","LISTING"
"http://www.press.sk:80/moda-sitie-varenie/n","a,30,60,https://web.archive.org/web/20150809054508/http://www.press.sk:80/moda-sitie-varenie/n,a,30,60,","20150809054508","LISTING"
"http://www.press.sk:80/moda-sitie-varenie/n","a,30,60,https://web.archive.org/web/20150909044504/http://www.press.sk:80/moda-sitie-varenie/n,a,30,60,","20150909044504","LISTING"
"http://www.press.sk:80/moda-sitie-varenie/n","a,30,60,https://web.archive.org/web/20160401134551/http://www.press.sk:80/moda-sitie-varenie/n,a,30,60,","20160401134551","LISTING"
"http://www.press.sk:80/moda-sitie-varenie/n","a,30,60,https://web.archive.org/web/20160402160925/http://www.press.sk:80/moda-sitie-varenie/n,a,30,60,","20160402160925","LISTING"
"http://www.press.sk:80/moda-sitie-varenie/n","a,30,60,https://web.archive.org/web/20160513072709/http://www.press.sk:80/moda-sitie-varenie/n,a,30,60,","20160513072709","LISTING"
"http://www.press.sk:80/moda-sitie-varenie/n","a,30,90,https://web.archive.org/web/20150709002132/http://www.press.sk:80/moda-sitie-varenie/n,a,30,90,","20150709002132","LISTING"
"http://www.press.sk:80/moda-sitie-varenie/n","a,30,90/,https://web.archive.org/web/20150711130813/http://www.press.sk:80/moda-sitie-varenie/n,a,30,90/,","20150711130813","LISTING"
"http://www.press.sk:80/moda-sitie-varenie/n","a,30,90,https://web.archive.org/web/20150809054515/http://www.press.sk:80/moda-sitie-varenie/n,a,30,90,","20150809054515","LISTING"
"http://www.press.sk:80/moda-sitie-varenie/n","a,30,90,https://web.archive.org/web/20150909042048/http://www.press.sk:80/moda-sitie-varenie/n,a,30,90,","20150909042048","LISTING"
"http://www.press.sk:80/moda-sitie-varenie/n","a,30,90,https://web.archive.org/web/20160402181850/http://www.press.sk:80/moda-sitie-varenie/n,a,30,90,","20160402181850","LISTING"
"http://www.press.sk:80/moda-sitie-varenie/n","a,30,90,https://web.archive.org/web/20160511082405/http://www.press.sk:80/moda-sitie-varenie/n,a,30,90,","20160511082405","LISTING"
"http://www.press.sk:80/moda-sitie-varenie/n","a,30,90,https://web.archive.org/web/20160512155508/http://www.press.sk:80/moda-sitie-varenie/n,a,30,90,","20160512155508","LISTING"
"http://www.press.sk:80/moda-sitie-varenie/o","a,30/,https://web.archive.org/web/20120212095803/http://www.press.sk:80/moda-sitie-varenie/o,a,30/,","20120212095803","LISTING"
"http://www.press.sk/moda-sitie-varenie/o","a,30/,https://web.archive.org/web/20130623225317/http://www.press.sk/moda-sitie-varenie/o,a,30/,","20130623225317","LISTING"
"http://www.press.sk:80/moda-sitie-varenie/o","a,30/,https://web.archive.org/web/20150711130818/http://www.press.sk:80/moda-sitie-varenie/o,a,30/,","20150711130818","LISTING"
"http://www.press.sk:80/moda-sitie-varenie/o","a,30,120/,https://web.archive.org/web/20150711214418/http://www.press.sk:80/moda-sitie-varenie/o,a,30,120/,","20150711214418","LISTING"
"http://www.press.sk:80/moda-sitie-varenie/o","a,30,120,https://web.archive.org/web/20160125061354/http://www.press.sk:80/moda-sitie-varenie/o,a,30,120,","20160125061354","LISTING"
"http://www.press.sk:80/moda-sitie-varenie/o","a,30,120,https://web.archive.org/web/20160226055607/http://www.press.sk:80/moda-sitie-varenie/o,a,30,120,","20160226055607","LISTING"
"http://www.press.sk:80/moda-sitie-varenie/o","a,30,120,https://web.archive.org/web/20160404001910/http://www.press.sk:80/moda-sitie-varenie/o,a,30,120,","20160404001910","LISTING"
"http://www.press.sk:80/moda-sitie-varenie/o","a,30,120,https://web.archive.org/web/20160511044248/http://www.press.sk:80/moda-sitie-varenie/o,a,30,120,","20160511044248","LISTING"
"http://www.press.sk:80/moda-sitie-varenie/o","a,30,30/,https://web.archive.org/web/20110913050420/http://www.press.sk:80/moda-sitie-varenie/o,a,30,30/,","20110913050420","LISTING"
"http://www.press.sk:80/moda-sitie-varenie/o","a,30,30/,https://web.archive.org/web/20111112201128/http://www.press.sk:80/moda-sitie-varenie/o,a,30,30/,","20111112201128","LISTING"
"http://www.press.sk:80/moda-sitie-varenie/o","a,30,30,https://web.archive.org/web/20120211010249/http://www.press.sk:80/moda-sitie-varenie/o,a,30,30,","20120211010249","LISTING"
"http://www.press.sk:80/moda-sitie-varenie/o","a,30,30,https://web.archive.org/web/20120312165455/http://www.press.sk:80/moda-sitie-varenie/o,a,30,30,","20120312165455","LISTING"
"http://www.press.sk:80/moda-sitie-varenie/o","a,30,30,https://web.archive.org/web/20120418164616/http://www.press.sk:80/moda-sitie-varenie/o,a,30,30,","20120418164616","LISTING"
"http://www.press.sk:80/moda-sitie-varenie/o","a,30,30,https://web.archive.org/web/20120627014527/http://www.press.sk:80/moda-sitie-varenie/o,a,30,30,","20120627014527","LISTING"
"http://www.press.sk:80/moda-sitie-varenie/o","a,30,30,https://web.archive.org/web/20120816052525/http://www.press.sk:80/moda-sitie-varenie/o,a,30,30,","20120816052525","LISTING"
"http://www.press.sk:80/moda-sitie-varenie/o","a,30,30,https://web.archive.org/web/20121104132412/http://www.press.sk:80/moda-sitie-varenie/o,a,30,30,","20121104132412","LISTING"
"http://www.press.sk:80/moda-sitie-varenie/o","a,30,30,https://web.archive.org/web/20121230003659/http://www.press.sk:80/moda-sitie-varenie/o,a,30,30,","20121230003659","LISTING"
"http://www.press.sk/moda-sitie-varenie/o","a,30,30/,https://web.archive.org/web/20130511041759/http://www.press.sk/moda-sitie-varenie/o,a,30,30/,","20130511041759","LISTING"
"http://www.press.sk:80/moda-sitie-varenie/o","a,30,30,https://web.archive.org/web/20130530105842/http://www.press.sk:80/moda-sitie-varenie/o,a,30,30,","20130530105842","LISTING"
"http://www.press.sk:80/moda-sitie-varenie/o","a,30,30/,https://web.archive.org/web/20141107141710/http://www.press.sk:80/moda-sitie-varenie/o,a,30,30/,","20141107141710","LISTING"
"http://www.press.sk:80/moda-sitie-varenie/o","a,30,30,https://web.archive.org/web/20150708230724/http://www.press.sk:80/moda-sitie-varenie/o,a,30,30,","20150708230724","LISTING"
"http://www.press.sk:80/moda-sitie-varenie/o","a,30,30/,https://web.archive.org/web/20150711133418/http://www.press.sk:80/moda-sitie-varenie/o,a,30,30/,","20150711133418","LISTING"
"http://www.press.sk:80/moda-sitie-varenie/o","a,30,30,https://web.archive.org/web/20150808175616/http://www.press.sk:80/moda-sitie-varenie/o,a,30,30,","20150808175616","LISTING"
"http://www.press.sk:80/moda-sitie-varenie/o","a,30,30,https://web.archive.org/web/20150908051808/http://www.press.sk:80/moda-sitie-varenie/o,a,30,30,","20150908051808","LISTING"
"http://www.press.sk:80/moda-sitie-varenie/o","a,30,30,https://web.archive.org/web/20160125034724/http://www.press.sk:80/moda-sitie-varenie/o,a,30,30,","20160125034724","LISTING"
"http://www.press.sk:80/moda-sitie-varenie/o","a,30,30,https://web.archive.org/web/20160226055612/http://www.press.sk:80/moda-sitie-varenie/o,a,30,30,","20160226055612","LISTING"
"http://www.press.sk:80/moda-sitie-varenie/o","a,30,30,https://web.archive.org/web/20160331201424/http://www.press.sk:80/moda-sitie-varenie/o,a,30,30,","20160331201424","LISTING"
"http://www.press.sk:80/moda-sitie-varenie/o","a,30,30,https://web.archive.org/web/20160402023338/http://www.press.sk:80/moda-sitie-varenie/o,a,30,30,","20160402023338","LISTING"
"http://www.press.sk:80/moda-sitie-varenie/o","a,30,30,https://web.archive.org/web/20160508074954/http://www.press.sk:80/moda-sitie-varenie/o,a,30,30,","20160508074954","LISTING"
"http://www.press.sk/moda-sitie-varenie/o","a,30,60/,https://web.archive.org/web/20130511042357/http://www.press.sk/moda-sitie-varenie/o,a,30,60/,","20130511042357","LISTING"
"http://www.press.sk:80/moda-sitie-varenie/o","a,30,60,https://web.archive.org/web/20130614060947/http://www.press.sk:80/moda-sitie-varenie/o,a,30,60,","20130614060947","LISTING"
"http://www.press.sk:80/moda-sitie-varenie/o","a,30,60,https://web.archive.org/web/20130716084516/http://www.press.sk:80/moda-sitie-varenie/o,a,30,60,","20130716084516","LISTING"
"http://www.press.sk:80/moda-sitie-varenie/o","a,30,60,https://web.archive.org/web/20130819091550/http://www.press.sk:80/moda-sitie-varenie/o,a,30,60,","20130819091550","LISTING"
"http://www.press.sk:80/moda-sitie-varenie/o","a,30,60,https://web.archive.org/web/20130921092834/http://www.press.sk:80/moda-sitie-varenie/o,a,30,60,","20130921092834","LISTING"
"http://www.press.sk:80/moda-sitie-varenie/o","a,30,60,https://web.archive.org/web/20140221102006/http://www.press.sk:80/moda-sitie-varenie/o,a,30,60,","20140221102006","LISTING"
"http://www.press.sk:80/moda-sitie-varenie/o","a,30,60,https://web.archive.org/web/20140704100053/http://www.press.sk:80/moda-sitie-varenie/o,a,30,60,","20140704100053","LISTING"
"http://www.press.sk:80/moda-sitie-varenie/o","a,30,60,https://web.archive.org/web/20140915000842/http://www.press.sk:80/moda-sitie-varenie/o,a,30,60,","20140915000842","LISTING"
"http://www.press.sk:80/moda-sitie-varenie/o","a,30,60/,https://web.archive.org/web/20141109005916/http://www.press.sk:80/moda-sitie-varenie/o,a,30,60/,","20141109005916","LISTING"
"http://www.press.sk:80/moda-sitie-varenie/o","a,30,60,https://web.archive.org/web/20150708235112/http://www.press.sk:80/moda-sitie-varenie/o,a,30,60,","20150708235112","LISTING"
"http://www.press.sk:80/moda-sitie-varenie/o","a,30,60/,https://web.archive.org/web/20150711133424/http://www.press.sk:80/moda-sitie-varenie/o,a,30,60/,","20150711133424","LISTING"
"http://www.press.sk:80/moda-sitie-varenie/o","a,30,60,https://web.archive.org/web/20150808173952/http://www.press.sk:80/moda-sitie-varenie/o,a,30,60,","20150808173952","LISTING"
"http://www.press.sk:80/moda-sitie-varenie/o","a,30,60,https://web.archive.org/web/20150908054309/http://www.press.sk:80/moda-sitie-varenie/o,a,30,60,","20150908054309","LISTING"
"http://www.press.sk:80/moda-sitie-varenie/o","a,30,60,https://web.archive.org/web/20160125034625/http://www.press.sk:80/moda-sitie-varenie/o,a,30,60,","20160125034625","LISTING"
"http://www.press.sk:80/moda-sitie-varenie/o","a,30,60,https://web.archive.org/web/20160226055429/http://www.press.sk:80/moda-sitie-varenie/o,a,30,60,","20160226055429","LISTING"
"http://www.press.sk:80/moda-sitie-varenie/o","a,30,60,https://web.archive.org/web/20160402181859/http://www.press.sk:80/moda-sitie-varenie/o,a,30,60,","20160402181859","LISTING"
"http://www.press.sk:80/moda-sitie-varenie/o","a,30,60,https://web.archive.org/web/20160513060805/http://www.press.sk:80/moda-sitie-varenie/o,a,30,60,","20160513060805","LISTING"
"http://www.press.sk:80/moda-sitie-varenie/o","a,30,90/,https://web.archive.org/web/20141107141715/http://www.press.sk:80/moda-sitie-varenie/o,a,30,90/,","20141107141715","LISTING"
"http://www.press.sk:80/moda-sitie-varenie/o","a,30,90/,https://web.archive.org/web/20150711133429/http://www.press.sk:80/moda-sitie-varenie/o,a,30,90/,","20150711133429","LISTING"
"http://www.press.sk:80/moda-sitie-varenie/o","a,30,90,https://web.archive.org/web/20160124201610/http://www.press.sk:80/moda-sitie-varenie/o,a,30,90,","20160124201610","LISTING"
"http://www.press.sk:80/moda-sitie-varenie/o","a,30,90,https://web.archive.org/web/20160224132517/http://www.press.sk:80/moda-sitie-varenie/o,a,30,90,","20160224132517","LISTING"
"http://www.press.sk:80/moda-sitie-varenie/o","a,30,90,https://web.archive.org/web/20160330120422/http://www.press.sk:80/moda-sitie-varenie/o,a,30,90,","20160330120422","LISTING"
"http://www.press.sk:80/moda-sitie-varenie/o","a,30,90,https://web.archive.org/web/20160331202515/http://www.press.sk:80/moda-sitie-varenie/o,a,30,90,","20160331202515","LISTING"
"http://www.press.sk:80/moda-sitie-varenie/o","a,30,90,https://web.archive.org/web/20160511024341/http://www.press.sk:80/moda-sitie-varenie/o,a,30,90,","20160511024341","LISTING"
"http://www.press.sk:80/modelarstvo-84/n","a,30/,https://web.archive.org/web/20091222200329/http://www.press.sk:80/modelarstvo-84/n,a,30/,","20091222200329","LISTING"
"http://www.press.sk:80/modelarstvo-84/n","a,30,30/,https://web.archive.org/web/20090217215828/http://www.press.sk:80/modelarstvo-84/n,a,30,30/,","20090217215828","LISTING"
"http://www.press.sk:80/modelarstvo-84/n","a,30,30,https://web.archive.org/web/20091221194721/http://www.press.sk:80/modelarstvo-84/n,a,30,30,","20091221194721","LISTING"
"http://www.press.sk:80/modelarstvo-84/n","a,30,30/,https://web.archive.org/web/20091222201521/http://www.press.sk:80/modelarstvo-84/n,a,30,30/,","20091222201521","LISTING"
"http://www.press.sk:80/modelarstvo-84/n","a,30,60/,https://web.archive.org/web/20090217215630/http://www.press.sk:80/modelarstvo-84/n,a,30,60/,","20090217215630","LISTING"
"http://www.press.sk:80/modelarstvo-84/n","a,30,60,https://web.archive.org/web/20091221194726/http://www.press.sk:80/modelarstvo-84/n,a,30,60,","20091221194726","LISTING"
"http://www.press.sk:80/modelarstvo-84/n","a,30,60/,https://web.archive.org/web/20091222201527/http://www.press.sk:80/modelarstvo-84/n,a,30,60/,","20091222201527","LISTING"
"http://www.press.sk:80/modelarstvo-84/o","a,100,100,https://web.archive.org/web/20160901195043/http://www.press.sk:80/modelarstvo-84/o,a,100,100,","20160901195043","LISTING"
"http://www.press.sk:80/modelarstvo-84/o","a,100,100,https://web.archive.org/web/20160903005957/http://www.press.sk:80/modelarstvo-84/o,a,100,100,","20160903005957","LISTING"
"http://www.press.sk:80/modelarstvo-84/o","a,100,100,https://web.archive.org/web/20161003210247/http://www.press.sk:80/modelarstvo-84/o,a,100,100,","20161003210247","LISTING"
"http://www.press.sk:80/modelarstvo-84/o","a,100,100,https://web.archive.org/web/20161005003523/http://www.press.sk:80/modelarstvo-84/o,a,100,100,","20161005003523","LISTING"
"http://www.press.sk:80/modelarstvo-84/o","a,100,100,https://web.archive.org/web/20161105145908/http://www.press.sk:80/modelarstvo-84/o,a,100,100,","20161105145908","LISTING"
"http://www.press.sk/modelarstvo-84/o","a,30,30/,https://web.archive.org/web/20130622182530/http://www.press.sk/modelarstvo-84/o,a,30,30/,","20130622182530","LISTING"
"http://www.press.sk/modelarstvo-84/o","a,30,60/,https://web.archive.org/web/20130622184011/http://www.press.sk/modelarstvo-84/o,a,30,60/,","20130622184011","LISTING"
"http://www.press.sk/modelarstvo/o","a,30/,https://web.archive.org/web/20130622140816/http://www.press.sk/modelarstvo/o,a,30/,","20130622140816","LISTING"
"http://www.press.sk:80/modelarstvo/o","a,30/,https://web.archive.org/web/20150626232537/http://www.press.sk:80/modelarstvo/o,a,30/,","20150626232537","LISTING"
"http://www.press.sk:80/modelarstvo/o","a,30/,https://web.archive.org/web/20150827011813/http://www.press.sk:80/modelarstvo/o,a,30/,","20150827011813","LISTING"
"http://www.press.sk:80/modelarstvo/o","a,30,https://web.archive.org/web/20151121014639/http://www.press.sk:80/modelarstvo/o,a,30,","20151121014639","LISTING"
"http://www.press.sk:80/modelarstvo/o","a,30/,https://web.archive.org/web/20151121221929/http://www.press.sk:80/modelarstvo/o,a,30/,","20151121221929","LISTING"
"http://www.press.sk:80/modelarstvo/o","a,30,https://web.archive.org/web/20151221184641/http://www.press.sk:80/modelarstvo/o,a,30,","20151221184641","LISTING"
"http://www.press.sk:80/modelarstvo/o","a,30,https://web.archive.org/web/20160402171758/http://www.press.sk:80/modelarstvo/o,a,30,","20160402171758","LISTING"
"http://www.press.sk:80/modelarstvo/o","a,30,https://web.archive.org/web/20160508032644/http://www.press.sk:80/modelarstvo/o,a,30,","20160508032644","LISTING"
"http://www.press.sk:80/modelarstvo/o","a,30,120,https://web.archive.org/web/20150625020009/http://www.press.sk:80/modelarstvo/o,a,30,120,","20150625020009","LISTING"
"http://www.press.sk:80/modelarstvo/o","a,30,120/,https://web.archive.org/web/20150626221226/http://www.press.sk:80/modelarstvo/o,a,30,120/,","20150626221226","LISTING"
"http://www.press.sk:80/modelarstvo/o","a,30,120,https://web.archive.org/web/20150729092925/http://www.press.sk:80/modelarstvo/o,a,30,120,","20150729092925","LISTING"
"http://www.press.sk:80/modelarstvo/o","a,30,120/,https://web.archive.org/web/20150826050141/http://www.press.sk:80/modelarstvo/o,a,30,120/,","20150826050141","LISTING"
"http://www.press.sk:80/modelarstvo/o","a,30,120,https://web.archive.org/web/20150829130252/http://www.press.sk:80/modelarstvo/o,a,30,120,","20150829130252","LISTING"
"http://www.press.sk:80/modelarstvo/o","a,30,120,https://web.archive.org/web/20150929163557/http://www.press.sk:80/modelarstvo/o,a,30,120,","20150929163557","LISTING"
"http://www.press.sk:80/modelarstvo/o","a,30,120,https://web.archive.org/web/20151121042726/http://www.press.sk:80/modelarstvo/o,a,30,120,","20151121042726","LISTING"
"http://www.press.sk:80/modelarstvo/o","a,30,120/,https://web.archive.org/web/20151124203537/http://www.press.sk:80/modelarstvo/o,a,30,120/,","20151124203537","LISTING"
"http://www.press.sk:80/modelarstvo/o","a,30,120,https://web.archive.org/web/20151221184520/http://www.press.sk:80/modelarstvo/o,a,30,120,","20151221184520","LISTING"
"http://www.press.sk:80/modelarstvo/o","a,30,120,https://web.archive.org/web/20160122062458/http://www.press.sk:80/modelarstvo/o,a,30,120,","20160122062458","LISTING"
"http://www.press.sk:80/modelarstvo/o","a,30,120,https://web.archive.org/web/20160402190424/http://www.press.sk:80/modelarstvo/o,a,30,120,","20160402190424","LISTING"
"http://www.press.sk:80/modelarstvo/o","a,30,120,https://web.archive.org/web/20160513143331/http://www.press.sk:80/modelarstvo/o,a,30,120,","20160513143331","LISTING"
"http://www.press.sk:80/modelarstvo/o","a,30,120,https://web.archive.org/web/20160613225852/http://www.press.sk:80/modelarstvo/o,a,30,120,","20160613225852","LISTING"
"http://www.press.sk:80/modelarstvo/o","a,30,120,https://web.archive.org/web/20160717022951/http://www.press.sk:80/modelarstvo/o,a,30,120,","20160717022951","LISTING"
"http://www.press.sk:80/modelarstvo/o","a,30,150,https://web.archive.org/web/20150820235137/http://www.press.sk:80/modelarstvo/o,a,30,150,","20150820235137","LISTING"
"http://www.press.sk:80/modelarstvo/o","a,30,150,https://web.archive.org/web/20150921090852/http://www.press.sk:80/modelarstvo/o,a,30,150,","20150921090852","LISTING"
"http://www.press.sk:80/modelarstvo/o","a,30,150,https://web.archive.org/web/20151121042912/http://www.press.sk:80/modelarstvo/o,a,30,150,","20151121042912","LISTING"
"http://www.press.sk:80/modelarstvo/o","a,30,150/,https://web.archive.org/web/20151124203526/http://www.press.sk:80/modelarstvo/o,a,30,150/,","20151124203526","LISTING"
"http://www.press.sk:80/modelarstvo/o","a,30,150,https://web.archive.org/web/20151221183305/http://www.press.sk:80/modelarstvo/o,a,30,150,","20151221183305","LISTING"
"http://www.press.sk:80/modelarstvo/o","a,30,150,https://web.archive.org/web/20160123114755/http://www.press.sk:80/modelarstvo/o,a,30,150,","20160123114755","LISTING"
"http://www.press.sk:80/modelarstvo/o","a,30,150/,https://web.archive.org/web/20160124131637/http://www.press.sk:80/modelarstvo/o,a,30,150/,","20160124131637","LISTING"
"http://www.press.sk:80/modelarstvo/o","a,30,150,https://web.archive.org/web/20160404021423/http://www.press.sk:80/modelarstvo/o,a,30,150,","20160404021423","LISTING"
"http://www.press.sk:80/modelarstvo/o","a,30,150,https://web.archive.org/web/20160513143750/http://www.press.sk:80/modelarstvo/o,a,30,150,","20160513143750","LISTING"
"http://www.press.sk:80/modelarstvo/o","a,30,150,https://web.archive.org/web/20160514172018/http://www.press.sk:80/modelarstvo/o,a,30,150,","20160514172018","LISTING"
"http://www.press.sk:80/modelarstvo/o","a,30,150,https://web.archive.org/web/20160614194033/http://www.press.sk:80/modelarstvo/o,a,30,150,","20160614194033","LISTING"
"http://www.press.sk:80/modelarstvo/o","a,30,150,https://web.archive.org/web/20160717023017/http://www.press.sk:80/modelarstvo/o,a,30,150,","20160717023017","LISTING"
"http://www.press.sk:80/modelarstvo/o","a,30,180,https://web.archive.org/web/20160528150809/http://www.press.sk:80/modelarstvo/o,a,30,180,","20160528150809","LISTING"
"http://www.press.sk:80/modelarstvo/o","a,30,180,https://web.archive.org/web/20160628045338/http://www.press.sk:80/modelarstvo/o,a,30,180,","20160628045338","LISTING"
"http://www.press.sk:80/modelarstvo/o","a,30,210,https://web.archive.org/web/20160528150814/http://www.press.sk:80/modelarstvo/o,a,30,210,","20160528150814","LISTING"
"http://www.press.sk:80/modelarstvo/o","a,30,210,https://web.archive.org/web/20160628045511/http://www.press.sk:80/modelarstvo/o,a,30,210,","20160628045511","LISTING"
"http://www.press.sk:80/modelarstvo/o","a,30,30/,https://web.archive.org/web/20110912072236/http://www.press.sk:80/modelarstvo/o,a,30,30/,","20110912072236","LISTING"
"http://www.press.sk/modelarstvo/o","a,30,30/,https://web.archive.org/web/20130511001507/http://www.press.sk/modelarstvo/o,a,30,30/,","20130511001507","LISTING"
"http://www.press.sk:80/modelarstvo/o","a,30,30,https://web.archive.org/web/20150625020032/http://www.press.sk:80/modelarstvo/o,a,30,30,","20150625020032","LISTING"
"http://www.press.sk:80/modelarstvo/o","a,30,30/,https://web.archive.org/web/20150626221232/http://www.press.sk:80/modelarstvo/o,a,30,30/,","20150626221232","LISTING"
"http://www.press.sk:80/modelarstvo/o","a,30,30,https://web.archive.org/web/20150729085157/http://www.press.sk:80/modelarstvo/o,a,30,30,","20150729085157","LISTING"
"http://www.press.sk:80/modelarstvo/o","a,30,30/,https://web.archive.org/web/20150826050145/http://www.press.sk:80/modelarstvo/o,a,30,30/,","20150826050145","LISTING"
"http://www.press.sk:80/modelarstvo/o","a,30,30,https://web.archive.org/web/20150829142109/http://www.press.sk:80/modelarstvo/o,a,30,30,","20150829142109","LISTING"
"http://www.press.sk:80/modelarstvo/o","a,30,30,https://web.archive.org/web/20150929074106/http://www.press.sk:80/modelarstvo/o,a,30,30,","20150929074106","LISTING"
"http://www.press.sk:80/modelarstvo/o","a,30,30,https://web.archive.org/web/20151121042731/http://www.press.sk:80/modelarstvo/o,a,30,30,","20151121042731","LISTING"
"http://www.press.sk:80/modelarstvo/o","a,30,30/,https://web.archive.org/web/20151121221936/http://www.press.sk:80/modelarstvo/o,a,30,30/,","20151121221936","LISTING"
"http://www.press.sk:80/modelarstvo/o","a,30,30,https://web.archive.org/web/20151221185256/http://www.press.sk:80/modelarstvo/o,a,30,30,","20151221185256","LISTING"
"http://www.press.sk:80/modelarstvo/o","a,30,30,https://web.archive.org/web/20160402170335/http://www.press.sk:80/modelarstvo/o,a,30,30,","20160402170335","LISTING"
"http://www.press.sk:80/modelarstvo/o","a,30,30,https://web.archive.org/web/20160511035208/http://www.press.sk:80/modelarstvo/o,a,30,30,","20160511035208","LISTING"
"http://www.press.sk:80/modelarstvo/o","a,30,30,https://web.archive.org/web/20160512155858/http://www.press.sk:80/modelarstvo/o,a,30,30,","20160512155858","LISTING"
"http://www.press.sk:80/modelarstvo/o","a,30,30,https://web.archive.org/web/20160612125138/http://www.press.sk:80/modelarstvo/o,a,30,30,","20160612125138","LISTING"
"http://www.press.sk:80/modelarstvo/o","a,30,30,https://web.archive.org/web/20160717025324/http://www.press.sk:80/modelarstvo/o,a,30,30,","20160717025324","LISTING"
"http://www.press.sk/modelarstvo/o","a,30,60/,https://web.archive.org/web/20130511001048/http://www.press.sk/modelarstvo/o,a,30,60/,","20130511001048","LISTING"
"http://www.press.sk:80/modelarstvo/o","a,30,60,https://web.archive.org/web/20150625010118/http://www.press.sk:80/modelarstvo/o,a,30,60,","20150625010118","LISTING"
"http://www.press.sk:80/modelarstvo/o","a,30,60/,https://web.archive.org/web/20150626001820/http://www.press.sk:80/modelarstvo/o,a,30,60/,","20150626001820","LISTING"
"http://www.press.sk:80/modelarstvo/o","a,30,60/,https://web.archive.org/web/20150825231221/http://www.press.sk:80/modelarstvo/o,a,30,60/,","20150825231221","LISTING"
"http://www.press.sk:80/modelarstvo/o","a,30,60,https://web.archive.org/web/20150829063033/http://www.press.sk:80/modelarstvo/o,a,30,60,","20150829063033","LISTING"
"http://www.press.sk:80/modelarstvo/o","a,30,60,https://web.archive.org/web/20150929072004/http://www.press.sk:80/modelarstvo/o,a,30,60,","20150929072004","LISTING"
"http://www.press.sk:80/modelarstvo/o","a,30,60,https://web.archive.org/web/20151121042736/http://www.press.sk:80/modelarstvo/o,a,30,60,","20151121042736","LISTING"
"http://www.press.sk:80/modelarstvo/o","a,30,60/,https://web.archive.org/web/20151121221952/http://www.press.sk:80/modelarstvo/o,a,30,60/,","20151121221952","LISTING"
"http://www.press.sk:80/modelarstvo/o","a,30,60,https://web.archive.org/web/20151221184523/http://www.press.sk:80/modelarstvo/o,a,30,60,","20151221184523","LISTING"
"http://www.press.sk:80/modelarstvo/o","a,30,60,https://web.archive.org/web/20160122062546/http://www.press.sk:80/modelarstvo/o,a,30,60,","20160122062546","LISTING"
"http://www.press.sk:80/modelarstvo/o","a,30,60,https://web.archive.org/web/20160402194801/http://www.press.sk:80/modelarstvo/o,a,30,60,","20160402194801","LISTING"
"http://www.press.sk:80/modelarstvo/o","a,30,60,https://web.archive.org/web/20160513062125/http://www.press.sk:80/modelarstvo/o,a,30,60,","20160513062125","LISTING"
"http://www.press.sk:80/modelarstvo/o","a,30,90,https://web.archive.org/web/20150625020110/http://www.press.sk:80/modelarstvo/o,a,30,90,","20150625020110","LISTING"
"http://www.press.sk:80/modelarstvo/o","a,30,90/,https://web.archive.org/web/20150626232541/http://www.press.sk:80/modelarstvo/o,a,30,90/,","20150626232541","LISTING"
"http://www.press.sk:80/modelarstvo/o","a,30,90,https://web.archive.org/web/20150729072132/http://www.press.sk:80/modelarstvo/o,a,30,90,","20150729072132","LISTING"
"http://www.press.sk:80/modelarstvo/o","a,30,90/,https://web.archive.org/web/20150827040845/http://www.press.sk:80/modelarstvo/o,a,30,90/,","20150827040845","LISTING"
"http://www.press.sk:80/modelarstvo/o","a,30,90,https://web.archive.org/web/20150829151112/http://www.press.sk:80/modelarstvo/o,a,30,90,","20150829151112","LISTING"
"http://www.press.sk:80/modelarstvo/o","a,30,90,https://web.archive.org/web/20150929143617/http://www.press.sk:80/modelarstvo/o,a,30,90,","20150929143617","LISTING"
"http://www.press.sk:80/modelarstvo/o","a,30,90,https://web.archive.org/web/20151121042742/http://www.press.sk:80/modelarstvo/o,a,30,90,","20151121042742","LISTING"
"http://www.press.sk:80/modelarstvo/o","a,30,90/,https://web.archive.org/web/20151121221956/http://www.press.sk:80/modelarstvo/o,a,30,90/,","20151121221956","LISTING"
"http://www.press.sk:80/modelarstvo/o","a,30,90,https://web.archive.org/web/20151221183311/http://www.press.sk:80/modelarstvo/o,a,30,90,","20151221183311","LISTING"
"http://www.press.sk:80/modelarstvo/o","a,30,90,https://web.archive.org/web/20160122062551/http://www.press.sk:80/modelarstvo/o,a,30,90,","20160122062551","LISTING"
"http://www.press.sk:80/modelarstvo/o","a,30,90,https://web.archive.org/web/20160331192254/http://www.press.sk:80/modelarstvo/o,a,30,90,","20160331192254","LISTING"
"http://www.press.sk:80/modelarstvo/o","a,30,90,https://web.archive.org/web/20160511084616/http://www.press.sk:80/modelarstvo/o,a,30,90,","20160511084616","LISTING"
"http://www.press.sk:80/modelarstvo/o","a,30,90,https://web.archive.org/web/20160512120841/http://www.press.sk:80/modelarstvo/o,a,30,90,","20160512120841","LISTING"
"http://www.press.sk:80/modelarstvo/o","a,30,90,https://web.archive.org/web/20160612125203/http://www.press.sk:80/modelarstvo/o,a,30,90,","20160612125203","LISTING"
"http://www.press.sk:80/modelarstvo/o","a,30,90,https://web.archive.org/web/20160717024058/http://www.press.sk:80/modelarstvo/o,a,30,90,","20160717024058","LISTING"
"http://www.press.sk:80/modely/n","a,30,https://web.archive.org/web/20170114040836/http://www.press.sk:80/modely/n,a,30,","20170114040836","LISTING"
"http://www.press.sk:80/modely/n","a,30/,https://web.archive.org/web/20170113220418/http://www.press.sk:80/modely/n,a,30/,","20170113220418","LISTING"
"http://www.press.sk:80/modely/n","a,30,120/,https://web.archive.org/web/20170114185003/http://www.press.sk:80/modely/n,a,30,120/,","20170114185003","LISTING"
"http://www.press.sk:80/modely/n","a,30,30,https://web.archive.org/web/20170113100834/http://www.press.sk:80/modely/n,a,30,30,","20170113100834","LISTING"
"http://www.press.sk:80/modely/n","a,30,30/,https://web.archive.org/web/20170113220115/http://www.press.sk:80/modely/n,a,30,30/,","20170113220115","LISTING"
"http://www.press.sk:80/modely/n","a,30,30,https://web.archive.org/web/20170511091606/http://www.press.sk:80/modely/n,a,30,30,","20170511091606","LISTING"
"http://www.press.sk:80/modely/n","a,30,420,https://web.archive.org/web/20170113100838/http://www.press.sk:80/modely/n,a,30,420,","20170113100838","LISTING"
"http://www.press.sk:80/modely/n","a,30,450/,https://web.archive.org/web/20170114023601/http://www.press.sk:80/modely/n,a,30,450/,","20170114023601","LISTING"
"http://www.press.sk:80/modely/n","a,30,480,https://web.archive.org/web/20170113044634/http://www.press.sk:80/modely/n,a,30,480,","20170113044634","LISTING"
"http://www.press.sk:80/modely/n","a,30,480/,https://web.archive.org/web/20170113220423/http://www.press.sk:80/modely/n,a,30,480/,","20170113220423","LISTING"
"http://www.press.sk:80/modely/n","a,30,480,https://web.archive.org/web/20170511091833/http://www.press.sk:80/modely/n,a,30,480,","20170511091833","LISTING"
"http://www.press.sk:80/modely/n","a,30,510,https://web.archive.org/web/20170113100843/http://www.press.sk:80/modely/n,a,30,510,","20170113100843","LISTING"
"http://www.press.sk:80/modely/n","a,30,510/,https://web.archive.org/web/20170114023606/http://www.press.sk:80/modely/n,a,30,510/,","20170114023606","LISTING"
"http://www.press.sk:80/modely/n","a,30,540/,https://web.archive.org/web/20170113220121/http://www.press.sk:80/modely/n,a,30,540/,","20170113220121","LISTING"
"http://www.press.sk:80/modely/n","a,30,570,https://web.archive.org/web/20170113100848/http://www.press.sk:80/modely/n,a,30,570,","20170113100848","LISTING"
"http://www.press.sk:80/modely/n","a,30,570/,https://web.archive.org/web/20170113220125/http://www.press.sk:80/modely/n,a,30,570/,","20170113220125","LISTING"
"http://www.press.sk:80/modely/n","a,30,60/,https://web.archive.org/web/20170114023611/http://www.press.sk:80/modely/n,a,30,60/,","20170114023611","LISTING"
"http://www.press.sk:80/modely/n","a,30,600,https://web.archive.org/web/20170113044707/http://www.press.sk:80/modely/n,a,30,600,","20170113044707","LISTING"
"http://www.press.sk:80/modely/n","a,30,600/,https://web.archive.org/web/20170113220428/http://www.press.sk:80/modely/n,a,30,600/,","20170113220428","LISTING"
"http://www.press.sk:80/modely/n","a,30,600,https://web.archive.org/web/20170511074441/http://www.press.sk:80/modely/n,a,30,600,","20170511074441","LISTING"
"http://www.press.sk:80/modely/n","a,30,90,https://web.archive.org/web/20170113100854/http://www.press.sk:80/modely/n,a,30,90,","20170113100854","LISTING"
"http://www.press.sk:80/modely/n","a,30,90,https://web.archive.org/web/20170511080448/http://www.press.sk:80/modely/n,a,30,90,","20170511080448","LISTING"
"http://www.press.sk:80/modely/o","a,30/,https://web.archive.org/web/20170116152609/http://www.press.sk:80/modely/o,a,30/,","20170116152609","LISTING"
"http://www.press.sk:80/modely/o","a,30,120/,https://web.archive.org/web/20170114023619/http://www.press.sk:80/modely/o,a,30,120/,","20170114023619","LISTING"
"http://www.press.sk:80/modely/o","a,30,30,https://web.archive.org/web/20170113044716/http://www.press.sk:80/modely/o,a,30,30,","20170113044716","LISTING"
"http://www.press.sk:80/modely/o","a,30,30/,https://web.archive.org/web/20170113220432/http://www.press.sk:80/modely/o,a,30,30/,","20170113220432","LISTING"
"http://www.press.sk:80/modely/o","a,30,30,https://web.archive.org/web/20170511121713/http://www.press.sk:80/modely/o,a,30,30,","20170511121713","LISTING"
"http://www.press.sk:80/modely/o","a,30,30,https://web.archive.org/web/20170526030943/http://www.press.sk:80/modely/o,a,30,30,","20170526030943","LISTING"
"http://www.press.sk:80/modely/o","a,30,570/,https://web.archive.org/web/20170114023621/http://www.press.sk:80/modely/o,a,30,570/,","20170114023621","LISTING"
"http://www.press.sk:80/modely/o","a,30,60/,https://web.archive.org/web/20170114023628/http://www.press.sk:80/modely/o,a,30,60/,","20170114023628","LISTING"
"http://www.press.sk:80/modely/o","a,30,600/,https://web.archive.org/web/20170113220437/http://www.press.sk:80/modely/o,a,30,600/,","20170113220437","LISTING"
"http://www.press.sk:80/modely/o","a,30,780,https://web.archive.org/web/20170505120656/http://www.press.sk:80/modely/o,a,30,780,","20170505120656","LISTING"
"http://www.press.sk:80/modely/o","a,30,780,https://web.archive.org/web/20170605190206/http://www.press.sk:80/modely/o,a,30,780,","20170605190206","LISTING"
"http://www.press.sk:80/modely/o","a,30,810,https://web.archive.org/web/20170505121737/http://www.press.sk:80/modely/o,a,30,810,","20170505121737","LISTING"
"http://www.press.sk:80/modely/o","a,30,810,https://web.archive.org/web/20170606205439/http://www.press.sk:80/modely/o,a,30,810,","20170606205439","LISTING"
"http://www.press.sk:80/modely/o","a,30,90/,https://web.archive.org/web/20170114023631/http://www.press.sk:80/modely/o,a,30,90/,","20170114023631","LISTING"
"http://www.press.sk:80/modely/p","a,30,https://web.archive.org/web/20170113101050/http://www.press.sk:80/modely/p,a,30,","20170113101050","LISTING"
"http://www.press.sk:80/multimedia/n","a,15,https://web.archive.org/web/20090305075829/http://www.press.sk:80/multimedia/n,a,15,","20090305075829","LISTING"
"http://www.press.sk:80/multimedia/n","a,15,https://web.archive.org/web/20090404194931/http://www.press.sk:80/multimedia/n,a,15,","20090404194931","LISTING"
"http://www.press.sk:80/multimedia/n","a,15,https://web.archive.org/web/20100106010504/http://www.press.sk:80/multimedia/n,a,15,","20100106010504","LISTING"
"http://www.press.sk:80/multimedia/n","a,15,15/,https://web.archive.org/web/20090306144606/http://www.press.sk:80/multimedia/n,a,15,15/,","20090306144606","LISTING"
"http://www.press.sk:80/multimedia/n","a,15,45/,https://web.archive.org/web/20090306144621/http://www.press.sk:80/multimedia/n,a,15,45/,","20090306144621","LISTING"
"http://www.press.sk:80/multimedia/n","a, ,20,180,https://web.archive.org/web/20091124083648/http://www.press.sk:80/multimedia/n,a, ,20,180,","20091124083648","LISTING"
"http://www.press.sk:80/multimedia/n","a, ,20,180,https://web.archive.org/web/20100111032930/http://www.press.sk:80/multimedia/n,a, ,20,180,","20100111032930","LISTING"
"http://www.press.sk:80/multimedia/n","a, ,20,195,https://web.archive.org/web/20091124083652/http://www.press.sk:80/multimedia/n,a, ,20,195,","20091124083652","LISTING"
"http://www.press.sk:80/multimedia/n","a, ,20,195,https://web.archive.org/web/20100109090247/http://www.press.sk:80/multimedia/n,a, ,20,195,","20100109090247","LISTING"
"http://www.press.sk:80/multimedia/n","a, ,20, ,200,https://web.archive.org/web/20091124083612/http://www.press.sk:80/multimedia/n,a, ,20, ,200,","20091124083612","LISTING"
"http://www.press.sk:80/multimedia/n","a, ,20, ,200,https://web.archive.org/web/20100111172537/http://www.press.sk:80/multimedia/n,a, ,20, ,200,","20100111172537","LISTING"
"http://www.press.sk:80/multimedia/n","a,30/,https://web.archive.org/web/20090516205756/http://www.press.sk:80/multimedia/n,a,30/,","20090516205756","LISTING"
"http://www.press.sk:80/multimedia/n","a,30/,https://web.archive.org/web/20090910235909/http://www.press.sk:80/multimedia/n,a,30/,","20090910235909","LISTING"
"http://www.press.sk:80/multimedia/n","a,30/,https://web.archive.org/web/20110912033202/http://www.press.sk:80/multimedia/n,a,30/,","20110912033202","LISTING"
"http://www.press.sk:80/multimedia/n","a,30,120/,https://web.archive.org/web/20081026051410/http://www.press.sk:80/multimedia/n,a,30,120/,","20081026051410","LISTING"
"http://www.press.sk:80/multimedia/n","a,30,120/,https://web.archive.org/web/20090105235059/http://www.press.sk:80/multimedia/n,a,30,120/,","20090105235059","LISTING"
"http://www.press.sk:80/multimedia/n","a,30,120/,https://web.archive.org/web/20090911111552/http://www.press.sk:80/multimedia/n,a,30,120/,","20090911111552","LISTING"
"http://www.press.sk:80/multimedia/n","a,30,120,https://web.archive.org/web/20100110135351/http://www.press.sk:80/multimedia/n,a,30,120,","20100110135351","LISTING"
"http://www.press.sk:80/multimedia/n","a,30,120/,https://web.archive.org/web/20101221035914/http://www.press.sk:80/multimedia/n,a,30,120/,","20101221035914","LISTING"
"http://www.press.sk:80/multimedia/n","a,30,120/,https://web.archive.org/web/20101222041112/http://www.press.sk:80/multimedia/n,a,30,120/,","20101222041112","LISTING"
"http://www.press.sk:80/multimedia/n","a,30,120/,https://web.archive.org/web/20110222024830/http://www.press.sk:80/multimedia/n,a,30,120/,","20110222024830","LISTING"
"http://www.press.sk:80/multimedia/n","a,30,120/,https://web.archive.org/web/20110912095302/http://www.press.sk:80/multimedia/n,a,30,120/,","20110912095302","LISTING"
"http://www.press.sk:80/multimedia/n","a,30,150/,https://web.archive.org/web/20081026051414/http://www.press.sk:80/multimedia/n,a,30,150/,","20081026051414","LISTING"
"http://www.press.sk:80/multimedia/n","a,30,150/,https://web.archive.org/web/20090113112129/http://www.press.sk:80/multimedia/n,a,30,150/,","20090113112129","LISTING"
"http://www.press.sk:80/multimedia/n","a,30,150/,https://web.archive.org/web/20090910235923/http://www.press.sk:80/multimedia/n,a,30,150/,","20090910235923","LISTING"
"http://www.press.sk:80/multimedia/n","a,30,150,https://web.archive.org/web/20100107133255/http://www.press.sk:80/multimedia/n,a,30,150,","20100107133255","LISTING"
"http://www.press.sk:80/multimedia/n","a,30,150/,https://web.archive.org/web/20110912100539/http://www.press.sk:80/multimedia/n,a,30,150/,","20110912100539","LISTING"
"http://www.press.sk:80/multimedia/n","a,30,180/,https://web.archive.org/web/20081026051419/http://www.press.sk:80/multimedia/n,a,30,180/,","20081026051419","LISTING"
"http://www.press.sk:80/multimedia/n","a,30,180/,https://web.archive.org/web/20081229002554/http://www.press.sk:80/multimedia/n,a,30,180/,","20081229002554","LISTING"
"http://www.press.sk:80/multimedia/n","a,30,30/,https://web.archive.org/web/20081026051424/http://www.press.sk:80/multimedia/n,a,30,30/,","20081026051424","LISTING"
"http://www.press.sk:80/multimedia/n","a,30,30/,https://web.archive.org/web/20081215143301/http://www.press.sk:80/multimedia/n,a,30,30/,","20081215143301","LISTING"
"http://www.press.sk:80/multimedia/n","a,30,30/,https://web.archive.org/web/20081228212521/http://www.press.sk:80/multimedia/n,a,30,30/,","20081228212521","LISTING"
"http://www.press.sk:80/multimedia/n","a,30,30,https://web.archive.org/web/20090515104052/http://www.press.sk:80/multimedia/n,a,30,30,","20090515104052","LISTING"
"http://www.press.sk:80/multimedia/n","a,30,30/,https://web.archive.org/web/20090516205804/http://www.press.sk:80/multimedia/n,a,30,30/,","20090516205804","LISTING"
"http://www.press.sk:80/multimedia/n","a,30,30/,https://web.archive.org/web/20090911160829/http://www.press.sk:80/multimedia/n,a,30,30/,","20090911160829","LISTING"
"http://www.press.sk:80/multimedia/n","a,30,30/,https://web.archive.org/web/20101219232825/http://www.press.sk:80/multimedia/n,a,30,30/,","20101219232825","LISTING"
"http://www.press.sk:80/multimedia/n","a,30,30/,https://web.archive.org/web/20110218213627/http://www.press.sk:80/multimedia/n,a,30,30/,","20110218213627","LISTING"
"http://www.press.sk:80/multimedia/n","a,30,30,https://web.archive.org/web/20110418115526/http://www.press.sk:80/multimedia/n,a,30,30,","20110418115526","LISTING"
"http://www.press.sk:80/multimedia/n","a,30,30,https://web.archive.org/web/20110520151421/http://www.press.sk:80/multimedia/n,a,30,30,","20110520151421","LISTING"
"http://www.press.sk:80/multimedia/n","a,30,30,https://web.archive.org/web/20110622193453/http://www.press.sk:80/multimedia/n,a,30,30,","20110622193453","LISTING"
"http://www.press.sk:80/multimedia/n","a,30,30,https://web.archive.org/web/20110831011331/http://www.press.sk:80/multimedia/n,a,30,30,","20110831011331","LISTING"
"http://www.press.sk:80/multimedia/n","a,30,30/,https://web.archive.org/web/20110911211213/http://www.press.sk:80/multimedia/n,a,30,30/,","20110911211213","LISTING"
"http://www.press.sk:80/multimedia/n","a,30,30,https://web.archive.org/web/20110912105558/http://www.press.sk:80/multimedia/n,a,30,30,","20110912105558","LISTING"
"http://www.press.sk:80/multimedia/n","a,30,420/,https://web.archive.org/web/20101220005233/http://www.press.sk:80/multimedia/n,a,30,420/,","20101220005233","LISTING"
"http://www.press.sk:80/multimedia/n","a,30,450/,https://web.archive.org/web/20101219232830/http://www.press.sk:80/multimedia/n,a,30,450/,","20101219232830","LISTING"
"http://www.press.sk:80/multimedia/n","a,30,60/,https://web.archive.org/web/20081026051429/http://www.press.sk:80/multimedia/n,a,30,60/,","20081026051429","LISTING"
"http://www.press.sk:80/multimedia/n","a,30,60/,https://web.archive.org/web/20090106042658/http://www.press.sk:80/multimedia/n,a,30,60/,","20090106042658","LISTING"
"http://www.press.sk:80/multimedia/n","a,30,60,https://web.archive.org/web/20090515104503/http://www.press.sk:80/multimedia/n,a,30,60,","20090515104503","LISTING"
"http://www.press.sk:80/multimedia/n","a,30,60/,https://web.archive.org/web/20090517032929/http://www.press.sk:80/multimedia/n,a,30,60/,","20090517032929","LISTING"
"http://www.press.sk:80/multimedia/n","a,30,60/,https://web.archive.org/web/20090911021727/http://www.press.sk:80/multimedia/n,a,30,60/,","20090911021727","LISTING"
"http://www.press.sk:80/multimedia/n","a,30,60,https://web.archive.org/web/20100124061721/http://www.press.sk:80/multimedia/n,a,30,60,","20100124061721","LISTING"
"http://www.press.sk:80/multimedia/n","a,30,60,https://web.archive.org/web/20100125104027/http://www.press.sk:80/multimedia/n,a,30,60,","20100125104027","LISTING"
"http://www.press.sk:80/multimedia/n","a,30,60/,https://web.archive.org/web/20101221035918/http://www.press.sk:80/multimedia/n,a,30,60/,","20101221035918","LISTING"
"http://www.press.sk:80/multimedia/n","a,30,60/,https://web.archive.org/web/20101222041054/http://www.press.sk:80/multimedia/n,a,30,60/,","20101222041054","LISTING"
"http://www.press.sk:80/multimedia/n","a,30,60/,https://web.archive.org/web/20110222024801/http://www.press.sk:80/multimedia/n,a,30,60/,","20110222024801","LISTING"
"http://www.press.sk:80/multimedia/n","a,30,60,https://web.archive.org/web/20110418115603/http://www.press.sk:80/multimedia/n,a,30,60,","20110418115603","LISTING"
"http://www.press.sk:80/multimedia/n","a,30,60,https://web.archive.org/web/20110520151602/http://www.press.sk:80/multimedia/n,a,30,60,","20110520151602","LISTING"
"http://www.press.sk:80/multimedia/n","a,30,60,https://web.archive.org/web/20110622185234/http://www.press.sk:80/multimedia/n,a,30,60,","20110622185234","LISTING"
"http://www.press.sk:80/multimedia/n","a,30,60,https://web.archive.org/web/20110831013509/http://www.press.sk:80/multimedia/n,a,30,60,","20110831013509","LISTING"
"http://www.press.sk:80/multimedia/n","a,30,60/,https://web.archive.org/web/20110910213337/http://www.press.sk:80/multimedia/n,a,30,60/,","20110910213337","LISTING"
"http://www.press.sk:80/multimedia/n","a,30,60,https://web.archive.org/web/20110911211059/http://www.press.sk:80/multimedia/n,a,30,60,","20110911211059","LISTING"
"http://www.press.sk:80/multimedia/n","a,30,840/,https://web.archive.org/web/20110912012429/http://www.press.sk:80/multimedia/n,a,30,840/,","20110912012429","LISTING"
"http://www.press.sk:80/multimedia/n","a,30,870/,https://web.archive.org/web/20110913153529/http://www.press.sk:80/multimedia/n,a,30,870/,","20110913153529","LISTING"
"http://www.press.sk:80/multimedia/n","a,30,90/,https://web.archive.org/web/20081026051434/http://www.press.sk:80/multimedia/n,a,30,90/,","20081026051434","LISTING"
"http://www.press.sk:80/multimedia/n","a,30,90/,https://web.archive.org/web/20090113094207/http://www.press.sk:80/multimedia/n,a,30,90/,","20090113094207","LISTING"
"http://www.press.sk:80/multimedia/n","a,30,90/,https://web.archive.org/web/20090911160834/http://www.press.sk:80/multimedia/n,a,30,90/,","20090911160834","LISTING"
"http://www.press.sk:80/multimedia/n","a,30,90,https://web.archive.org/web/20100107192724/http://www.press.sk:80/multimedia/n,a,30,90,","20100107192724","LISTING"
"http://www.press.sk:80/multimedia/n","a,30,90/,https://web.archive.org/web/20101221035924/http://www.press.sk:80/multimedia/n,a,30,90/,","20101221035924","LISTING"
"http://www.press.sk:80/multimedia/n","a,30,90/,https://web.archive.org/web/20101222041117/http://www.press.sk:80/multimedia/n,a,30,90/,","20101222041117","LISTING"
"http://www.press.sk:80/multimedia/n","a,30,90/,https://web.archive.org/web/20110222024137/http://www.press.sk:80/multimedia/n,a,30,90/,","20110222024137","LISTING"
"http://www.press.sk:80/multimedia/n","a,30,90,https://web.archive.org/web/20110418124358/http://www.press.sk:80/multimedia/n,a,30,90,","20110418124358","LISTING"
"http://www.press.sk:80/multimedia/n","a,30,90,https://web.archive.org/web/20110520145428/http://www.press.sk:80/multimedia/n,a,30,90,","20110520145428","LISTING"
"http://www.press.sk:80/multimedia/n","a,30,90,https://web.archive.org/web/20110622193458/http://www.press.sk:80/multimedia/n,a,30,90,","20110622193458","LISTING"
"http://www.press.sk:80/multimedia/n","a,30,90,https://web.archive.org/web/20110831014354/http://www.press.sk:80/multimedia/n,a,30,90,","20110831014354","LISTING"
"http://www.press.sk:80/multimedia/n","a,30,90/,https://web.archive.org/web/20110912024437/http://www.press.sk:80/multimedia/n,a,30,90/,","20110912024437","LISTING"
"http://www.press.sk:80/multimedia/n","a,30,90,https://web.archive.org/web/20110913091223/http://www.press.sk:80/multimedia/n,a,30,90,","20110913091223","LISTING"
"http://www.press.sk/multimedia/o","a,30/,https://web.archive.org/web/20130621072924/http://www.press.sk/multimedia/o,a,30/,","20130621072924","LISTING"
"http://www.press.sk/multimedia/o","a,30,1020/,https://web.archive.org/web/20130510195808/http://www.press.sk/multimedia/o,a,30,1020/,","20130510195808","LISTING"
"http://www.press.sk:80/multimedia/o","a,30,1020/,https://web.archive.org/web/20140810053156/http://www.press.sk:80/multimedia/o,a,30,1020/,","20140810053156","LISTING"
"http://www.press.sk:80/multimedia/o","a,30,120/,https://web.archive.org/web/20110912035104/http://www.press.sk:80/multimedia/o,a,30,120/,","20110912035104","LISTING"
"http://www.press.sk/multimedia/o","a,30,120/,https://web.archive.org/web/20130510211419/http://www.press.sk/multimedia/o,a,30,120/,","20130510211419","LISTING"
"http://www.press.sk:80/multimedia/o","a,30,120/,https://web.archive.org/web/20140810072413/http://www.press.sk:80/multimedia/o,a,30,120/,","20140810072413","LISTING"
"http://www.press.sk/multimedia/o","a,30,120/,https://web.archive.org/web/20160803045437/http://www.press.sk/multimedia/o,a,30,120/,","20160803045437","LISTING"
"http://www.press.sk/multimedia/o","a,30,150/,https://web.archive.org/web/20130621122606/http://www.press.sk/multimedia/o,a,30,150/,","20130621122606","LISTING"
"http://www.press.sk/multimedia/o","a,30,180/,https://web.archive.org/web/20130621181133/http://www.press.sk/multimedia/o,a,30,180/,","20130621181133","LISTING"
"http://www.press.sk:80/multimedia/o","a,30,30/,https://web.archive.org/web/20110912103045/http://www.press.sk:80/multimedia/o,a,30,30/,","20110912103045","LISTING"
"http://www.press.sk/multimedia/o","a,30,30/,https://web.archive.org/web/20130510205602/http://www.press.sk/multimedia/o,a,30,30/,","20130510205602","LISTING"
"http://www.press.sk:80/multimedia/o","a,30,30/,https://web.archive.org/web/20140810053708/http://www.press.sk:80/multimedia/o,a,30,30/,","20140810053708","LISTING"
"http://www.press.sk:80/multimedia/o","a,30,30/,https://web.archive.org/web/20150228113300/http://www.press.sk:80/multimedia/o,a,30,30/,","20150228113300","LISTING"
"http://www.press.sk/multimedia/o","a,30,30/,https://web.archive.org/web/20160802221510/http://www.press.sk/multimedia/o,a,30,30/,","20160802221510","LISTING"
"http://www.press.sk:80/multimedia/o","a,30,60/,https://web.archive.org/web/20110912023524/http://www.press.sk:80/multimedia/o,a,30,60/,","20110912023524","LISTING"
"http://www.press.sk/multimedia/o","a,30,60/,https://web.archive.org/web/20130510210200/http://www.press.sk/multimedia/o,a,30,60/,","20130510210200","LISTING"
"http://www.press.sk:80/multimedia/o","a,30,60/,https://web.archive.org/web/20140810070826/http://www.press.sk:80/multimedia/o,a,30,60/,","20140810070826","LISTING"
"http://www.press.sk/multimedia/o","a,30,60/,https://web.archive.org/web/20160803104505/http://www.press.sk/multimedia/o,a,30,60/,","20160803104505","LISTING"
"http://www.press.sk:80/multimedia/o","a,30,810/,https://web.archive.org/web/20111003193031/http://www.press.sk:80/multimedia/o,a,30,810/,","20111003193031","LISTING"
"http://www.press.sk:80/multimedia/o","a,30,840/,https://web.archive.org/web/20110912032851/http://www.press.sk:80/multimedia/o,a,30,840/,","20110912032851","LISTING"
"http://www.press.sk:80/multimedia/o","a,30,870/,https://web.archive.org/web/20110912104214/http://www.press.sk:80/multimedia/o,a,30,870/,","20110912104214","LISTING"
"http://www.press.sk:80/multimedia/o","a,30,90/,https://web.archive.org/web/20110912032400/http://www.press.sk:80/multimedia/o,a,30,90/,","20110912032400","LISTING"
"http://www.press.sk/multimedia/o","a,30,90/,https://web.archive.org/web/20130510204514/http://www.press.sk/multimedia/o,a,30,90/,","20130510204514","LISTING"
"http://www.press.sk:80/multimedia/o","a,30,90/,https://web.archive.org/web/20140810072420/http://www.press.sk:80/multimedia/o,a,30,90/,","20140810072420","LISTING"
"http://www.press.sk/multimedia/o","a,30,90/,https://web.archive.org/web/20160802185454/http://www.press.sk/multimedia/o,a,30,90/,","20160802185454","LISTING"
"http://www.press.sk/multimedia/o","a,30,900/,https://web.archive.org/web/20130621062841/http://www.press.sk/multimedia/o,a,30,900/,","20130621062841","LISTING"
"http://www.press.sk/multimedia/o","a,30,930/,https://web.archive.org/web/20130621063042/http://www.press.sk/multimedia/o,a,30,930/,","20130621063042","LISTING"
"http://www.press.sk/multimedia/o","a,30,960/,https://web.archive.org/web/20130621063955/http://www.press.sk/multimedia/o,a,30,960/,","20130621063955","LISTING"
"http://www.press.sk/multimedia/o","a,30,960/,https://web.archive.org/web/20160803104232/http://www.press.sk/multimedia/o,a,30,960/,","20160803104232","LISTING"
"http://www.press.sk/multimedia/o","a,30,990/,https://web.archive.org/web/20130510205051/http://www.press.sk/multimedia/o,a,30,990/,","20130510205051","LISTING"
"http://www.press.sk:80/multimedia/o","a,30,990/,https://web.archive.org/web/20140810072426/http://www.press.sk:80/multimedia/o,a,30,990/,","20140810072426","LISTING"
"http://www.press.sk:80/multimedia/o","a,30,990/,https://web.archive.org/web/20150228113131/http://www.press.sk:80/multimedia/o,a,30,990/,","20150228113131","LISTING"
"http://www.press.sk/multimedia/o","a,30,990/,https://web.archive.org/web/20160802182011/http://www.press.sk/multimedia/o,a,30,990/,","20160802182011","LISTING"
"http://www.press.sk:80/najdene-produkty/?","https://web.archive.org/web/20140707071324/http://www.press.sk:80/najdene-produkty/?,","20140707071324","LISTING"
"http://www.press.sk:80/najdene-produkty/?","https://web.archive.org/web/20140824061404/http://www.press.sk:80/najdene-produkty/?,","20140824061404","LISTING"
"https://www.press.sk/najdene-produkty/","a,16, ,v%C4%8Dela/,https://web.archive.org/web/20210427000859/https://www.press.sk/najdene-produkty/,a,16, ,v%C4%8Dela/,","20210427000859","LISTING"
"https://www.press.sk/najdene-produkty/","a,16, ,v%C4%8Dela/,https://web.archive.org/web/20210427000900/https://www.press.sk/najdene-produkty/,a,16, ,v%C4%8Dela/,","20210427000900","LISTING"
"http://www.press.sk:80/najdene-produkty/","a,30,30, ,poirot,https://web.archive.org/web/20110925180455/http://www.press.sk:80/najdene-produkty/,a,30,30, ,poirot,","20110925180455","LISTING"
"http://www.press.sk:80/najdene-produkty/","a,30,30, ,poirot,https://web.archive.org/web/20111026020517/http://www.press.sk:80/najdene-produkty/,a,30,30, ,poirot,","20111026020517","LISTING"
"http://www.press.sk:80/najdene-produkty/","a,30,30, ,poirot,https://web.archive.org/web/20111125204634/http://www.press.sk:80/najdene-produkty/,a,30,30, ,poirot,","20111125204634","LISTING"
"http://www.press.sk:80/najdene-produkty/","a,30,30, ,poirot,https://web.archive.org/web/20111227012907/http://www.press.sk:80/najdene-produkty/,a,30,30, ,poirot,","20111227012907","LISTING"
"http://www.press.sk:80/najdene-produkty/","a,30,30, ,poirot,https://web.archive.org/web/20120129185247/http://www.press.sk:80/najdene-produkty/,a,30,30, ,poirot,","20120129185247","LISTING"
"http://www.press.sk:80/najdene-produkty/","a,30,30, ,poirot,https://web.archive.org/web/20120229161758/http://www.press.sk:80/najdene-produkty/,a,30,30, ,poirot,","20120229161758","LISTING"
"http://www.press.sk:80/najdene-produkty/","a,30,30, ,poirot,https://web.archive.org/web/20120419212029/http://www.press.sk:80/najdene-produkty/,a,30,30, ,poirot,","20120419212029","LISTING"
"http://www.press.sk:80/najdene-produkty/","a,30,30, ,poirot,https://web.archive.org/web/20120627012423/http://www.press.sk:80/najdene-produkty/,a,30,30, ,poirot,","20120627012423","LISTING"
"http://www.press.sk:80/najdene-produkty/","a,30,30, ,poirot,https://web.archive.org/web/20120815060458/http://www.press.sk:80/najdene-produkty/,a,30,30, ,poirot,","20120815060458","LISTING"
"http://www.press.sk:80/najdene-produkty/","a,30,30, ,poirot,https://web.archive.org/web/20121113223318/http://www.press.sk:80/najdene-produkty/,a,30,30, ,poirot,","20121113223318","LISTING"
"http://www.press.sk:80/najdene-produkty/","a,30,30, ,poirot,https://web.archive.org/web/20121231073646/http://www.press.sk:80/najdene-produkty/,a,30,30, ,poirot,","20121231073646","LISTING"
"http://www.press.sk:80/najdene-produkty/","a,30,30, ,poirot,https://web.archive.org/web/20130529021929/http://www.press.sk:80/najdene-produkty/,a,30,30, ,poirot,","20130529021929","LISTING"
"http://www.press.sk:80/najdene-produkty/","a,30,30, ,tanky,https://web.archive.org/web/20151003021050/http://www.press.sk:80/najdene-produkty/,a,30,30, ,tanky,","20151003021050","LISTING"
"http://www.press.sk:80/najdene-produkty/","a,30,30, ,tanky,https://web.archive.org/web/20151103000845/http://www.press.sk:80/najdene-produkty/,a,30,30, ,tanky,","20151103000845","LISTING"
"http://www.press.sk:80/najdene-produkty/","a,30,30, ,tanky,https://web.archive.org/web/20160402025253/http://www.press.sk:80/najdene-produkty/,a,30,30, ,tanky,","20160402025253","LISTING"
"http://www.press.sk:80/najdene-produkty/","a,30,30, ,tanky,https://web.archive.org/web/20160512125022/http://www.press.sk:80/najdene-produkty/,a,30,30, ,tanky,","20160512125022","LISTING"
"http://www.press.sk:80/najdene-produkty/","a,30,60, ,tanky,https://web.archive.org/web/20151003021102/http://www.press.sk:80/najdene-produkty/,a,30,60, ,tanky,","20151003021102","LISTING"
"http://www.press.sk:80/najdene-produkty/","a,30,60, ,tanky,https://web.archive.org/web/20151103000907/http://www.press.sk:80/najdene-produkty/,a,30,60, ,tanky,","20151103000907","LISTING"
"http://www.press.sk:80/najdene-produkty/","a,30,60, ,tanky,https://web.archive.org/web/20160404020930/http://www.press.sk:80/najdene-produkty/,a,30,60, ,tanky,","20160404020930","LISTING"
"http://www.press.sk:80/najdene-produkty/","a,30,60, ,tanky,https://web.archive.org/web/20160514180139/http://www.press.sk:80/najdene-produkty/,a,30,60, ,tanky,","20160514180139","LISTING"
"https://www.press.sk/najdene-produkty/chalup%C3%A1r/","https://web.archive.org/web/20230311055259/https://www.press.sk/najdene-produkty/chalup%C3%A1r/,","20230311055259","LISTING"
"https://www.press.sk/najdene-produkty/moderni%20v%C4%8Delar/","https://web.archive.org/web/20230311055258/https://www.press.sk/najdene-produkty/moderni%20v%C4%8Delar/,","20230311055258","LISTING"
"http://www.press.sk:80/najdene-produkty/n","a,100, ,flak,https://web.archive.org/web/20160820061229/http://www.press.sk:80/najdene-produkty/n,a,100, ,flak,","20160820061229","LISTING"
"http://www.press.sk:80/najdene-produkty/n","a,100, ,flak,https://web.archive.org/web/20160920181606/http://www.press.sk:80/najdene-produkty/n,a,100, ,flak,","20160920181606","LISTING"
"http://www.press.sk:80/najdene-produkty/n","a,100, ,flak,https://web.archive.org/web/20161023055726/http://www.press.sk:80/najdene-produkty/n,a,100, ,flak,","20161023055726","LISTING"
"http://www.press.sk:80/najdene-produkty/n","a,30, ,,flak,https://web.archive.org/web/20160820061245/http://www.press.sk:80/najdene-produkty/n,a,30, ,,flak,","20160820061245","LISTING"
"http://www.press.sk:80/najdene-produkty/n","a,30, ,,flak,https://web.archive.org/web/20160920181945/http://www.press.sk:80/najdene-produkty/n,a,30, ,,flak,","20160920181945","LISTING"
"http://www.press.sk:80/najdene-produkty/n","a,30, ,,flak,https://web.archive.org/web/20161023065307/http://www.press.sk:80/najdene-produkty/n,a,30, ,,flak,","20161023065307","LISTING"
"http://www.press.sk:80/najdene-produkty/n","a,30, ,atlas,https://web.archive.org/web/20100830163048/http://www.press.sk:80/najdene-produkty/n,a,30, ,atlas,","20100830163048","LISTING"
"http://www.press.sk:80/najdene-produkty/n","a,30, ,atlas,https://web.archive.org/web/20101002125800/http://www.press.sk:80/najdene-produkty/n,a,30, ,atlas,","20101002125800","LISTING"
"http://www.press.sk:80/najdene-produkty/n","a,30, ,bitvy+historie/,https://web.archive.org/web/20110523094520/http://www.press.sk:80/najdene-produkty/n,a,30, ,bitvy+historie/,","20110523094520","LISTING"
"http://www.press.sk:80/najdene-produkty/n","a,30, ,bitvy+historie/,https://web.archive.org/web/20110912092427/http://www.press.sk:80/najdene-produkty/n,a,30, ,bitvy+historie/,","20110912092427","LISTING"
"http://www.press.sk:80/najdene-produkty/n","a,30, ,burda,https://web.archive.org/web/20091219184749/http://www.press.sk:80/najdene-produkty/n,a,30, ,burda,","20091219184749","LISTING"
"http://www.press.sk:80/najdene-produkty/n","a,30, ,burda/,https://web.archive.org/web/20100102195722/http://www.press.sk:80/najdene-produkty/n,a,30, ,burda/,","20100102195722","LISTING"
"http://www.press.sk:80/najdene-produkty/n","a,30, ,drobnosti/,https://web.archive.org/web/20110420173323/http://www.press.sk:80/najdene-produkty/n,a,30, ,drobnosti/,","20110420173323","LISTING"
"http://www.press.sk:80/najdene-produkty/n","a,30, ,drobnosti/,https://web.archive.org/web/20110912013050/http://www.press.sk:80/najdene-produkty/n,a,30, ,drobnosti/,","20110912013050","LISTING"
"http://www.press.sk:80/najdene-produkty/n","a,30, ,dukl/,https://web.archive.org/web/20110418195403/http://www.press.sk:80/najdene-produkty/n,a,30, ,dukl/,","20110418195403","LISTING"
"http://www.press.sk:80/najdene-produkty/n","a,30, ,dukl/,https://web.archive.org/web/20110912084613/http://www.press.sk:80/najdene-produkty/n,a,30, ,dukl/,","20110912084613","LISTING"
"http://www.press.sk:80/najdene-produkty/n","a,30, ,kouzelne,https://web.archive.org/web/20110418203215/http://www.press.sk:80/najdene-produkty/n,a,30, ,kouzelne,","20110418203215","LISTING"
"http://www.press.sk:80/najdene-produkty/n","a,30, ,kouzelne/,https://web.archive.org/web/20110423184912/http://www.press.sk:80/najdene-produkty/n,a,30, ,kouzelne/,","20110423184912","LISTING"
"http://www.press.sk:80/najdene-produkty/n","a,30, ,kouzelne,https://web.archive.org/web/20110520151917/http://www.press.sk:80/najdene-produkty/n,a,30, ,kouzelne,","20110520151917","LISTING"
"http://www.press.sk:80/najdene-produkty/n","a,30, ,kouzelne,https://web.archive.org/web/20110622194746/http://www.press.sk:80/najdene-produkty/n,a,30, ,kouzelne,","20110622194746","LISTING"
"http://www.press.sk:80/najdene-produkty/n","a,30, ,kouzelne,https://web.archive.org/web/20110826080213/http://www.press.sk:80/najdene-produkty/n,a,30, ,kouzelne,","20110826080213","LISTING"
"http://www.press.sk:80/najdene-produkty/n","a,30, ,kouzelne/,https://web.archive.org/web/20110912075956/http://www.press.sk:80/najdene-produkty/n,a,30, ,kouzelne/,","20110912075956","LISTING"
"http://www.press.sk:80/najdene-produkty/n","a,30, ,kouzelne,https://web.archive.org/web/20110912103120/http://www.press.sk:80/najdene-produkty/n,a,30, ,kouzelne,","20110912103120","LISTING"
"http://www.press.sk:80/najdene-produkty/n","a,30, ,monk/,https://web.archive.org/web/20100824055339/http://www.press.sk:80/najdene-produkty/n,a,30, ,monk/,","20100824055339","LISTING"
"http://www.press.sk:80/najdene-produkty/n","a,30, ,operace/,https://web.archive.org/web/20110514205531/http://www.press.sk:80/najdene-produkty/n,a,30, ,operace/,","20110514205531","LISTING"
"http://www.press.sk:80/najdene-produkty/n","a,30, ,operace/,https://web.archive.org/web/20110715074737/http://www.press.sk:80/najdene-produkty/n,a,30, ,operace/,","20110715074737","LISTING"
"http://www.press.sk:80/najdene-produkty/n","a,30, ,operace/,https://web.archive.org/web/20110913215540/http://www.press.sk:80/najdene-produkty/n,a,30, ,operace/,","20110913215540","LISTING"
"http://www.press.sk:80/najdene-produkty/n","a,30, ,pevnost,https://web.archive.org/web/20090712022911/http://www.press.sk:80/najdene-produkty/n,a,30, ,pevnost,","20090712022911","LISTING"
"http://www.press.sk:80/najdene-produkty/n","a,30, ,pevnost/,https://web.archive.org/web/20090713031835/http://www.press.sk:80/najdene-produkty/n,a,30, ,pevnost/,","20090713031835","LISTING"
"http://www.press.sk:80/najdene-produkty/n","a,30, ,pevnost,https://web.archive.org/web/20100107182026/http://www.press.sk:80/najdene-produkty/n,a,30, ,pevnost,","20100107182026","LISTING"
"http://www.press.sk:80/najdene-produkty/n","a,30, ,po%C4%BEovn/,https://web.archive.org/web/20110627072242/http://www.press.sk:80/najdene-produkty/n,a,30, ,po%C4%BEovn/,","20110627072242","LISTING"
"http://www.press.sk:80/najdene-produkty/n","a,30, ,po%C4%BEovn/,https://web.archive.org/web/20110827010615/http://www.press.sk:80/najdene-produkty/n,a,30, ,po%C4%BEovn/,","20110827010615","LISTING"
"http://www.press.sk:80/najdene-produkty/n","a,30, ,po%C4%BEovn/,https://web.archive.org/web/20110912103626/http://www.press.sk:80/najdene-produkty/n,a,30, ,po%C4%BEovn/,","20110912103626","LISTING"
"http://www.press.sk:80/najdene-produkty/n","a,30, ,stiha%C4%8D/,https://web.archive.org/web/20110912095459/http://www.press.sk:80/najdene-produkty/n,a,30, ,stiha%C4%8D/,","20110912095459","LISTING"
"http://www.press.sk:80/najdene-produkty/n","a,30, ,velk%C3%A9+bitvy/,https://web.archive.org/web/20110619020021/http://www.press.sk:80/najdene-produkty/n,a,30, ,velk%C3%A9+bitvy/,","20110619020021","LISTING"
"http://www.press.sk:80/najdene-produkty/n","a,30, ,velk%C3%A9+bitvy/,https://web.archive.org/web/20110620082713/http://www.press.sk:80/najdene-produkty/n,a,30, ,velk%C3%A9+bitvy/,","20110620082713","LISTING"
"http://www.press.sk:80/najdene-produkty/n","a,30, ,velk%C3%A9+bitvy/,https://web.archive.org/web/20110822021752/http://www.press.sk:80/najdene-produkty/n,a,30, ,velk%C3%A9+bitvy/,","20110822021752","LISTING"
"http://www.press.sk:80/najdene-produkty/n","a,30,120/,https://web.archive.org/web/20090322075005/http://www.press.sk:80/najdene-produkty/n,a,30,120/,","20090322075005","LISTING"
"http://www.press.sk:80/najdene-produkty/n","a,30,120/,https://web.archive.org/web/20100419043620/http://www.press.sk:80/najdene-produkty/n,a,30,120/,","20100419043620","LISTING"
"http://www.press.sk:80/najdene-produkty/n","a,30,120/,https://web.archive.org/web/20100824182948/http://www.press.sk:80/najdene-produkty/n,a,30,120/,","20100824182948","LISTING"
"http://www.press.sk:80/najdene-produkty/n","a,30,120, ,stiha%C4%8D/,https://web.archive.org/web/20110912092105/http://www.press.sk:80/najdene-produkty/n,a,30,120, ,stiha%C4%8D/,","20110912092105","LISTING"
"http://www.press.sk:80/najdene-produkty/n","a,30,150, ,stiha%C4%8D,https://web.archive.org/web/20110421073234/http://www.press.sk:80/najdene-produkty/n,a,30,150, ,stiha%C4%8D,","20110421073234","LISTING"
"http://www.press.sk:80/najdene-produkty/n","a,30,150, ,stiha%C4%8D,https://web.archive.org/web/20110523062429/http://www.press.sk:80/najdene-produkty/n,a,30,150, ,stiha%C4%8D,","20110523062429","LISTING"
"http://www.press.sk:80/najdene-produkty/n","a,30,150, ,stiha%C4%8D,https://web.archive.org/web/20110623101632/http://www.press.sk:80/najdene-produkty/n,a,30,150, ,stiha%C4%8D,","20110623101632","LISTING"
"http://www.press.sk:80/najdene-produkty/n","a,30,150, ,stiha%C4%8D/,https://web.archive.org/web/20110912032648/http://www.press.sk:80/najdene-produkty/n,a,30,150, ,stiha%C4%8D/,","20110912032648","LISTING"
"http://www.press.sk:80/najdene-produkty/n","a,30,150, ,stiha%C4%8D,https://web.archive.org/web/20110912103630/http://www.press.sk:80/najdene-produkty/n,a,30,150, ,stiha%C4%8D,","20110912103630","LISTING"
"http://www.press.sk:80/najdene-produkty/n","a,30,180, ,stiha%C4%8D/,https://web.archive.org/web/20110912081037/http://www.press.sk:80/najdene-produkty/n,a,30,180, ,stiha%C4%8D/,","20110912081037","LISTING"
"http://www.press.sk:80/najdene-produkty/n","a,30,30/,https://web.archive.org/web/20090322045530/http://www.press.sk:80/najdene-produkty/n,a,30,30/,","20090322045530","LISTING"
"http://www.press.sk:80/najdene-produkty/n","a,30,30/,https://web.archive.org/web/20100418141223/http://www.press.sk:80/najdene-produkty/n,a,30,30/,","20100418141223","LISTING"
"http://www.press.sk:80/najdene-produkty/n","a,30,30/,https://web.archive.org/web/20100824084113/http://www.press.sk:80/najdene-produkty/n,a,30,30/,","20100824084113","LISTING"
"http://www.press.sk:80/najdene-produkty/n","a,30,30, ,atlas,https://web.archive.org/web/20100830163105/http://www.press.sk:80/najdene-produkty/n,a,30,30, ,atlas,","20100830163105","LISTING"
"http://www.press.sk:80/najdene-produkty/n","a,30,30, ,atlas,https://web.archive.org/web/20101002141105/http://www.press.sk:80/najdene-produkty/n,a,30,30, ,atlas,","20101002141105","LISTING"
"http://www.press.sk:80/najdene-produkty/n","a,30,30, ,bitvy%20historie/,https://web.archive.org/web/20110524071015/http://www.press.sk:80/najdene-produkty/n,a,30,30, ,bitvy%20historie/,","20110524071015","LISTING"
"http://www.press.sk:80/najdene-produkty/n","a,30,30, ,bitvy%20historie/,https://web.archive.org/web/20110911223336/http://www.press.sk:80/najdene-produkty/n,a,30,30, ,bitvy%20historie/,","20110911223336","LISTING"
"http://www.press.sk:80/najdene-produkty/n","a,30,30, ,bitvy+historie,https://web.archive.org/web/20110521170315/http://www.press.sk:80/najdene-produkty/n,a,30,30, ,bitvy+historie,","20110521170315","LISTING"
"http://www.press.sk:80/najdene-produkty/n","a,30,30, ,bitvy+historie,https://web.archive.org/web/20110622192554/http://www.press.sk:80/najdene-produkty/n,a,30,30, ,bitvy+historie,","20110622192554","LISTING"
"http://www.press.sk:80/najdene-produkty/n","a,30,30, ,bitvy+historie,https://web.archive.org/web/20110723222028/http://www.press.sk:80/najdene-produkty/n,a,30,30, ,bitvy+historie,","20110723222028","LISTING"
"http://www.press.sk:80/najdene-produkty/n","a,30,30, ,bitvy+historie,https://web.archive.org/web/20110824004254/http://www.press.sk:80/najdene-produkty/n,a,30,30, ,bitvy+historie,","20110824004254","LISTING"
"http://www.press.sk:80/najdene-produkty/n","a,30,30, ,bitvy+historie,https://web.archive.org/web/20110825015005/http://www.press.sk:80/najdene-produkty/n,a,30,30, ,bitvy+historie,","20110825015005","LISTING"
"http://www.press.sk:80/najdene-produkty/n","a,30,30, ,bitvy+historie,https://web.archive.org/web/20110912144441/http://www.press.sk:80/najdene-produkty/n,a,30,30, ,bitvy+historie,","20110912144441","LISTING"
"http://www.press.sk:80/najdene-produkty/n","a,30,30, ,drobnosti,https://web.archive.org/web/20110418203230/http://www.press.sk:80/najdene-produkty/n,a,30,30, ,drobnosti,","20110418203230","LISTING"
"http://www.press.sk:80/najdene-produkty/n","a,30,30, ,drobnosti/,https://web.archive.org/web/20110421052728/http://www.press.sk:80/najdene-produkty/n,a,30,30, ,drobnosti/,","20110421052728","LISTING"
"http://www.press.sk:80/najdene-produkty/n","a,30,30, ,drobnosti,https://web.archive.org/web/20110520151441/http://www.press.sk:80/najdene-produkty/n,a,30,30, ,drobnosti,","20110520151441","LISTING"
"http://www.press.sk:80/najdene-produkty/n","a,30,30, ,drobnosti,https://web.archive.org/web/20110622200406/http://www.press.sk:80/najdene-produkty/n,a,30,30, ,drobnosti,","20110622200406","LISTING"
"http://www.press.sk:80/najdene-produkty/n","a,30,30, ,drobnosti,https://web.archive.org/web/20110826081917/http://www.press.sk:80/najdene-produkty/n,a,30,30, ,drobnosti,","20110826081917","LISTING"
"http://www.press.sk:80/najdene-produkty/n","a,30,30, ,drobnosti/,https://web.archive.org/web/20110911202017/http://www.press.sk:80/najdene-produkty/n,a,30,30, ,drobnosti/,","20110911202017","LISTING"
"http://www.press.sk:80/najdene-produkty/n","a,30,30, ,drobnosti,https://web.archive.org/web/20110912104840/http://www.press.sk:80/najdene-produkty/n,a,30,30, ,drobnosti,","20110912104840","LISTING"
"http://www.press.sk:80/najdene-produkty/n","a,30,30, ,dukl,https://web.archive.org/web/20110417020419/http://www.press.sk:80/najdene-produkty/n,a,30,30, ,dukl,","20110417020419","LISTING"
"http://www.press.sk:80/najdene-produkty/n","a,30,30, ,dukl/,https://web.archive.org/web/20110419150411/http://www.press.sk:80/najdene-produkty/n,a,30,30, ,dukl/,","20110419150411","LISTING"
"http://www.press.sk:80/najdene-produkty/n","a,30,30, ,dukl,https://web.archive.org/web/20110518102724/http://www.press.sk:80/najdene-produkty/n,a,30,30, ,dukl,","20110518102724","LISTING"
"http://www.press.sk:80/najdene-produkty/n","a,30,30, ,dukl,https://web.archive.org/web/20110618162646/http://www.press.sk:80/najdene-produkty/n,a,30,30, ,dukl,","20110618162646","LISTING"
"http://www.press.sk:80/najdene-produkty/n","a,30,30, ,dukl,https://web.archive.org/web/20110831005836/http://www.press.sk:80/najdene-produkty/n,a,30,30, ,dukl,","20110831005836","LISTING"
"http://www.press.sk:80/najdene-produkty/n","a,30,30, ,dukl,https://web.archive.org/web/20110912025209/http://www.press.sk:80/najdene-produkty/n,a,30,30, ,dukl,","20110912025209","LISTING"
"http://www.press.sk:80/najdene-produkty/n","a,30,30, ,dukl/,https://web.archive.org/web/20110912035934/http://www.press.sk:80/najdene-produkty/n,a,30,30, ,dukl/,","20110912035934","LISTING"
"http://www.press.sk:80/najdene-produkty/n","a,30,30, ,jota/,https://web.archive.org/web/20081206005300/http://www.press.sk:80/najdene-produkty/n,a,30,30, ,jota/,","20081206005300","LISTING"
"http://www.press.sk:80/najdene-produkty/n","a,30,30, ,kouzelne/,https://web.archive.org/web/20110421003435/http://www.press.sk:80/najdene-produkty/n,a,30,30, ,kouzelne/,","20110421003435","LISTING"
"http://www.press.sk:80/najdene-produkty/n","a,30,30, ,kouzelne,https://web.archive.org/web/20110523051619/http://www.press.sk:80/najdene-produkty/n,a,30,30, ,kouzelne,","20110523051619","LISTING"
"http://www.press.sk:80/najdene-produkty/n","a,30,30, ,kouzelne,https://web.archive.org/web/20110623094227/http://www.press.sk:80/najdene-produkty/n,a,30,30, ,kouzelne,","20110623094227","LISTING"
"http://www.press.sk:80/najdene-produkty/n","a,30,30, ,kouzelne,https://web.archive.org/web/20110810163146/http://www.press.sk:80/najdene-produkty/n,a,30,30, ,kouzelne,","20110810163146","LISTING"
"http://www.press.sk:80/najdene-produkty/n","a,30,30, ,kouzelne/,https://web.archive.org/web/20110913074021/http://www.press.sk:80/najdene-produkty/n,a,30,30, ,kouzelne/,","20110913074021","LISTING"
"http://www.press.sk:80/najdene-produkty/n","a,30,30, ,lokom,https://web.archive.org/web/20100830163130/http://www.press.sk:80/najdene-produkty/n,a,30,30, ,lokom,","20100830163130","LISTING"
"http://www.press.sk:80/najdene-produkty/n","a,30,30, ,lokom,https://web.archive.org/web/20101002143039/http://www.press.sk:80/najdene-produkty/n,a,30,30, ,lokom,","20101002143039","LISTING"
"http://www.press.sk:80/najdene-produkty/n","a,30,30, ,monk,https://web.archive.org/web/20100823015703/http://www.press.sk:80/najdene-produkty/n,a,30,30, ,monk,","20100823015703","LISTING"
"http://www.press.sk:80/najdene-produkty/n","a,30,30, ,monk/,https://web.archive.org/web/20100824060147/http://www.press.sk:80/najdene-produkty/n,a,30,30, ,monk/,","20100824060147","LISTING"
"http://www.press.sk:80/najdene-produkty/n","a,30,30, ,monk,https://web.archive.org/web/20100923110951/http://www.press.sk:80/najdene-produkty/n,a,30,30, ,monk,","20100923110951","LISTING"
"http://www.press.sk:80/najdene-produkty/n","a,30,30, ,operace,https://web.archive.org/web/20110513010513/http://www.press.sk:80/najdene-produkty/n,a,30,30, ,operace,","20110513010513","LISTING"
"http://www.press.sk:80/najdene-produkty/n","a,30,30, ,operace/,https://web.archive.org/web/20110515195926/http://www.press.sk:80/najdene-produkty/n,a,30,30, ,operace/,","20110515195926","LISTING"
"http://www.press.sk:80/najdene-produkty/n","a,30,30, ,operace,https://web.archive.org/web/20110614115025/http://www.press.sk:80/najdene-produkty/n,a,30,30, ,operace,","20110614115025","LISTING"
"http://www.press.sk:80/najdene-produkty/n","a,30,30, ,operace,https://web.archive.org/web/20110715154009/http://www.press.sk:80/najdene-produkty/n,a,30,30, ,operace,","20110715154009","LISTING"
"http://www.press.sk:80/najdene-produkty/n","a,30,30, ,operace,https://web.archive.org/web/20110816032728/http://www.press.sk:80/najdene-produkty/n,a,30,30, ,operace,","20110816032728","LISTING"
"http://www.press.sk:80/najdene-produkty/n","a,30,30, ,operace/,https://web.archive.org/web/20110912005450/http://www.press.sk:80/najdene-produkty/n,a,30,30, ,operace/,","20110912005450","LISTING"
"http://www.press.sk:80/najdene-produkty/n","a,30,30, ,operace,https://web.archive.org/web/20110912041114/http://www.press.sk:80/najdene-produkty/n,a,30,30, ,operace,","20110912041114","LISTING"
"http://www.press.sk:80/najdene-produkty/n","a,30,30, ,pevnost,https://web.archive.org/web/20090712012039/http://www.press.sk:80/najdene-produkty/n,a,30,30, ,pevnost,","20090712012039","LISTING"
"http://www.press.sk:80/najdene-produkty/n","a,30,30, ,pevnost/,https://web.archive.org/web/20090713190756/http://www.press.sk:80/najdene-produkty/n,a,30,30, ,pevnost/,","20090713190756","LISTING"
"http://www.press.sk:80/najdene-produkty/n","a,30,30, ,pevnost,https://web.archive.org/web/20100119082917/http://www.press.sk:80/najdene-produkty/n,a,30,30, ,pevnost,","20100119082917","LISTING"
"http://www.press.sk:80/najdene-produkty/n","a,30,30, ,po%C4%BEovn,https://web.archive.org/web/20110625123741/http://www.press.sk:80/najdene-produkty/n,a,30,30, ,po%C4%BEovn,","20110625123741","LISTING"
"http://www.press.sk:80/najdene-produkty/n","a,30,30, ,po%C4%BEovn,https://web.archive.org/web/20110626224342/http://www.press.sk:80/najdene-produkty/n,a,30,30, ,po%C4%BEovn,","20110626224342","LISTING"
"http://www.press.sk:80/najdene-produkty/n","a,30,30, ,po%C4%BEovn/,https://web.archive.org/web/20110627072446/http://www.press.sk:80/najdene-produkty/n,a,30,30, ,po%C4%BEovn/,","20110627072446","LISTING"
"http://www.press.sk:80/najdene-produkty/n","a,30,30, ,po%C4%BEovn,https://web.archive.org/web/20110727214938/http://www.press.sk:80/najdene-produkty/n,a,30,30, ,po%C4%BEovn,","20110727214938","LISTING"
"http://www.press.sk:80/najdene-produkty/n","a,30,30, ,po%C4%BEovn/,https://web.archive.org/web/20110827010846/http://www.press.sk:80/najdene-produkty/n,a,30,30, ,po%C4%BEovn/,","20110827010846","LISTING"
"http://www.press.sk:80/najdene-produkty/n","a,30,30, ,po%C4%BEovn,https://web.archive.org/web/20110828022745/http://www.press.sk:80/najdene-produkty/n,a,30,30, ,po%C4%BEovn,","20110828022745","LISTING"
"http://www.press.sk:80/najdene-produkty/n","a,30,30, ,po%C4%BEovn/,https://web.archive.org/web/20110911210850/http://www.press.sk:80/najdene-produkty/n,a,30,30, ,po%C4%BEovn/,","20110911210850","LISTING"
"http://www.press.sk:80/najdene-produkty/n","a,30,30, ,po%C4%BEovn,https://web.archive.org/web/20110912104540/http://www.press.sk:80/najdene-produkty/n,a,30,30, ,po%C4%BEovn,","20110912104540","LISTING"
"http://www.press.sk:80/najdene-produkty/n","a,30,30, ,spolu+%C5%BEi%C5%A5,https://web.archive.org/web/20100929193426/http://www.press.sk:80/najdene-produkty/n,a,30,30, ,spolu+%C5%BEi%C5%A5,","20100929193426","LISTING"
"http://www.press.sk:80/najdene-produkty/n","a,30,30, ,spolu+%C5%BEi%C5%A5,https://web.archive.org/web/20101101111713/http://www.press.sk:80/najdene-produkty/n,a,30,30, ,spolu+%C5%BEi%C5%A5,","20101101111713","LISTING"
"http://www.press.sk:80/najdene-produkty/n","a,30,30, ,stiha%C4%8D/,https://web.archive.org/web/20110910210014/http://www.press.sk:80/najdene-produkty/n,a,30,30, ,stiha%C4%8D/,","20110910210014","LISTING"
"http://www.press.sk:80/najdene-produkty/n","a,30,30, ,tanky,https://web.archive.org/web/20090117042014/http://www.press.sk:80/najdene-produkty/n,a,30,30, ,tanky,","20090117042014","LISTING"
"http://www.press.sk:80/najdene-produkty/n","a,30,30, ,tanky,https://web.archive.org/web/20090217080243/http://www.press.sk:80/najdene-produkty/n,a,30,30, ,tanky,","20090217080243","LISTING"
"http://www.press.sk:80/najdene-produkty/n","a,30,30, ,tanky,https://web.archive.org/web/20090320214228/http://www.press.sk:80/najdene-produkty/n,a,30,30, ,tanky,","20090320214228","LISTING"
"http://www.press.sk:80/najdene-produkty/n","a,30,30, ,tanky,https://web.archive.org/web/20090420194717/http://www.press.sk:80/najdene-produkty/n,a,30,30, ,tanky,","20090420194717","LISTING"
"http://www.press.sk:80/najdene-produkty/n","a,30,30, ,tanky,https://web.archive.org/web/20090522061747/http://www.press.sk:80/najdene-produkty/n,a,30,30, ,tanky,","20090522061747","LISTING"
"http://www.press.sk:80/najdene-produkty/n","a,30,30, ,tanky,https://web.archive.org/web/20100107192730/http://www.press.sk:80/najdene-produkty/n,a,30,30, ,tanky,","20100107192730","LISTING"
"http://www.press.sk:80/najdene-produkty/n","a,30,30, ,velk%C3%A9%20bitvy/,https://web.archive.org/web/20110622004322/http://www.press.sk:80/najdene-produkty/n,a,30,30, ,velk%C3%A9%20bitvy/,","20110622004322","LISTING"
"http://www.press.sk:80/najdene-produkty/n","a,30,30, ,velk%C3%A9%20bitvy/,https://web.archive.org/web/20110822042154/http://www.press.sk:80/najdene-produkty/n,a,30,30, ,velk%C3%A9%20bitvy/,","20110822042154","LISTING"
"http://www.press.sk:80/najdene-produkty/n","a,30,30, ,velk%C3%A9+bitvy,https://web.archive.org/web/20110616121225/http://www.press.sk:80/najdene-produkty/n,a,30,30, ,velk%C3%A9+bitvy,","20110616121225","LISTING"
"http://www.press.sk:80/najdene-produkty/n","a,30,30, ,velk%C3%A9+bitvy,https://web.archive.org/web/20110718065457/http://www.press.sk:80/najdene-produkty/n,a,30,30, ,velk%C3%A9+bitvy,","20110718065457","LISTING"
"http://www.press.sk:80/najdene-produkty/n","a,30,30, ,velk%C3%A9+bitvy,https://web.archive.org/web/20110818082802/http://www.press.sk:80/najdene-produkty/n,a,30,30, ,velk%C3%A9+bitvy,","20110818082802","LISTING"
"http://www.press.sk:80/najdene-produkty/n","a,30,30, ,velk%C3%A9+bitvy,https://web.archive.org/web/20110913111837/http://www.press.sk:80/najdene-produkty/n,a,30,30, ,velk%C3%A9+bitvy,","20110913111837","LISTING"
"http://www.press.sk:80/najdene-produkty/n","a,30,30, ,vozidiel,https://web.archive.org/web/20100830163042/http://www.press.sk:80/najdene-produkty/n,a,30,30, ,vozidiel,","20100830163042","LISTING"
"http://www.press.sk:80/najdene-produkty/n","a,30,30, ,vozidiel,https://web.archive.org/web/20101002123936/http://www.press.sk:80/najdene-produkty/n,a,30,30, ,vozidiel,","20101002123936","LISTING"
"http://www.press.sk:80/najdene-produkty/n","a,30,3600/,https://web.archive.org/web/20090322075730/http://www.press.sk:80/najdene-produkty/n,a,30,3600/,","20090322075730","LISTING"
"http://www.press.sk:80/najdene-produkty/n","a,30,3630/,https://web.archive.org/web/20090322045534/http://www.press.sk:80/najdene-produkty/n,a,30,3630/,","20090322045534","LISTING"
"http://www.press.sk:80/najdene-produkty/n","a,30,4500/,https://web.archive.org/web/20100419043529/http://www.press.sk:80/najdene-produkty/n,a,30,4500/,","20100419043529","LISTING"
"http://www.press.sk:80/najdene-produkty/n","a,30,4530/,https://web.archive.org/web/20100418140907/http://www.press.sk:80/najdene-produkty/n,a,30,4530/,","20100418140907","LISTING"
"http://www.press.sk:80/najdene-produkty/n","a,30,4650/,https://web.archive.org/web/20100825082111/http://www.press.sk:80/najdene-produkty/n,a,30,4650/,","20100825082111","LISTING"
"http://www.press.sk:80/najdene-produkty/n","a,30,4680/,https://web.archive.org/web/20100824084815/http://www.press.sk:80/najdene-produkty/n,a,30,4680/,","20100824084815","LISTING"
"http://www.press.sk:80/najdene-produkty/n","a,30,60/,https://web.archive.org/web/20090322075735/http://www.press.sk:80/najdene-produkty/n,a,30,60/,","20090322075735","LISTING"
"http://www.press.sk:80/najdene-produkty/n","a,30,60/,https://web.archive.org/web/20100419040935/http://www.press.sk:80/najdene-produkty/n,a,30,60/,","20100419040935","LISTING"
"http://www.press.sk:80/najdene-produkty/n","a,30,60/,https://web.archive.org/web/20100825082116/http://www.press.sk:80/najdene-produkty/n,a,30,60/,","20100825082116","LISTING"
"http://www.press.sk:80/najdene-produkty/n","a,30,60, ,monk,https://web.archive.org/web/20100822163210/http://www.press.sk:80/najdene-produkty/n,a,30,60, ,monk,","20100822163210","LISTING"
"http://www.press.sk:80/najdene-produkty/n","a,30,60, ,monk/,https://web.archive.org/web/20100824071215/http://www.press.sk:80/najdene-produkty/n,a,30,60, ,monk/,","20100824071215","LISTING"
"http://www.press.sk:80/najdene-produkty/n","a,30,60, ,monk,https://web.archive.org/web/20100923102911/http://www.press.sk:80/najdene-produkty/n,a,30,60, ,monk,","20100923102911","LISTING"
"http://www.press.sk:80/najdene-produkty/n","a,30,60, ,operace,https://web.archive.org/web/20110513010551/http://www.press.sk:80/najdene-produkty/n,a,30,60, ,operace,","20110513010551","LISTING"
"http://www.press.sk:80/najdene-produkty/n","a,30,60, ,operace/,https://web.archive.org/web/20110514205551/http://www.press.sk:80/najdene-produkty/n,a,30,60, ,operace/,","20110514205551","LISTING"
"http://www.press.sk:80/najdene-produkty/n","a,30,60, ,operace,https://web.archive.org/web/20110613201558/http://www.press.sk:80/najdene-produkty/n,a,30,60, ,operace,","20110613201558","LISTING"
"http://www.press.sk:80/najdene-produkty/n","a,30,60, ,operace/,https://web.archive.org/web/20110715074733/http://www.press.sk:80/najdene-produkty/n,a,30,60, ,operace/,","20110715074733","LISTING"
"http://www.press.sk:80/najdene-produkty/n","a,30,60, ,operace,https://web.archive.org/web/20110715153211/http://www.press.sk:80/najdene-produkty/n,a,30,60, ,operace,","20110715153211","LISTING"
"http://www.press.sk:80/najdene-produkty/n","a,30,60, ,operace,https://web.archive.org/web/20110816032407/http://www.press.sk:80/najdene-produkty/n,a,30,60, ,operace,","20110816032407","LISTING"
"http://www.press.sk:80/najdene-produkty/n","a,30,60, ,operace,https://web.archive.org/web/20110913015713/http://www.press.sk:80/najdene-produkty/n,a,30,60, ,operace,","20110913015713","LISTING"
"http://www.press.sk:80/najdene-produkty/n","a,30,60, ,operace/,https://web.archive.org/web/20110914013101/http://www.press.sk:80/najdene-produkty/n,a,30,60, ,operace/,","20110914013101","LISTING"
"http://www.press.sk:80/najdene-produkty/n","a,30,60, ,po%C4%BEovn,https://web.archive.org/web/20110625123745/http://www.press.sk:80/najdene-produkty/n,a,30,60, ,po%C4%BEovn,","20110625123745","LISTING"
"http://www.press.sk:80/najdene-produkty/n","a,30,60, ,po%C4%BEovn,https://web.archive.org/web/20110626224402/http://www.press.sk:80/najdene-produkty/n,a,30,60, ,po%C4%BEovn,","20110626224402","LISTING"
"http://www.press.sk:80/najdene-produkty/n","a,30,60, ,po%C4%BEovn/,https://web.archive.org/web/20110627072451/http://www.press.sk:80/najdene-produkty/n,a,30,60, ,po%C4%BEovn/,","20110627072451","LISTING"
"http://www.press.sk:80/najdene-produkty/n","a,30,60, ,po%C4%BEovn,https://web.archive.org/web/20110727210123/http://www.press.sk:80/najdene-produkty/n,a,30,60, ,po%C4%BEovn,","20110727210123","LISTING"
"http://www.press.sk:80/najdene-produkty/n","a,30,60, ,po%C4%BEovn/,https://web.archive.org/web/20110827010619/http://www.press.sk:80/najdene-produkty/n,a,30,60, ,po%C4%BEovn/,","20110827010619","LISTING"
"http://www.press.sk:80/najdene-produkty/n","a,30,60, ,po%C4%BEovn,https://web.archive.org/web/20110828021428/http://www.press.sk:80/najdene-produkty/n,a,30,60, ,po%C4%BEovn,","20110828021428","LISTING"
"http://www.press.sk:80/najdene-produkty/n","a,30,60, ,po%C4%BEovn/,https://web.archive.org/web/20110911222558/http://www.press.sk:80/najdene-produkty/n,a,30,60, ,po%C4%BEovn/,","20110911222558","LISTING"
"http://www.press.sk:80/najdene-produkty/n","a,30,60, ,po%C4%BEovn,https://web.archive.org/web/20110912035657/http://www.press.sk:80/najdene-produkty/n,a,30,60, ,po%C4%BEovn,","20110912035657","LISTING"
"http://www.press.sk:80/najdene-produkty/n","a,30,60, ,spolu+%C5%BEi%C5%A5,https://web.archive.org/web/20100929193431/http://www.press.sk:80/najdene-produkty/n,a,30,60, ,spolu+%C5%BEi%C5%A5,","20100929193431","LISTING"
"http://www.press.sk:80/najdene-produkty/n","a,30,60, ,spolu+%C5%BEi%C5%A5,https://web.archive.org/web/20101101112059/http://www.press.sk:80/najdene-produkty/n,a,30,60, ,spolu+%C5%BEi%C5%A5,","20101101112059","LISTING"
"http://www.press.sk:80/najdene-produkty/n","a,30,60, ,stiha%C4%8D/,https://web.archive.org/web/20110912071514/http://www.press.sk:80/najdene-produkty/n,a,30,60, ,stiha%C4%8D/,","20110912071514","LISTING"
"http://www.press.sk:80/najdene-produkty/n","a,30,90/,https://web.archive.org/web/20090322075036/http://www.press.sk:80/najdene-produkty/n,a,30,90/,","20090322075036","LISTING"
"http://www.press.sk:80/najdene-produkty/n","a,30,90/,https://web.archive.org/web/20100419040900/http://www.press.sk:80/najdene-produkty/n,a,30,90/,","20100419040900","LISTING"
"http://www.press.sk:80/najdene-produkty/n","a,30,90/,https://web.archive.org/web/20100825082121/http://www.press.sk:80/najdene-produkty/n,a,30,90/,","20100825082121","LISTING"
"http://www.press.sk:80/najdene-produkty/n","a,30,90, ,operace/,https://web.archive.org/web/20110911214637/http://www.press.sk:80/najdene-produkty/n,a,30,90, ,operace/,","20110911214637","LISTING"
"http://www.press.sk:80/najdene-produkty/n","a,30,90, ,stiha%C4%8D/,https://web.archive.org/web/20110912175945/http://www.press.sk:80/najdene-produkty/n,a,30,90, ,stiha%C4%8D/,","20110912175945","LISTING"
"http://www.press.sk:80/najdene-produkty/o","a,30, ,v%C3%BDchova/,https://web.archive.org/web/20110912092558/http://www.press.sk:80/najdene-produkty/o,a,30, ,v%C3%BDchova/,","20110912092558","LISTING"
"http://www.press.sk:80/najdene-produkty/o","a,30,120/,https://web.archive.org/web/20110912081213/http://www.press.sk:80/najdene-produkty/o,a,30,120/,","20110912081213","LISTING"
"http://www.press.sk/najdene-produkty/o","a,30,120/,https://web.archive.org/web/20130623081947/http://www.press.sk/najdene-produkty/o,a,30,120/,","20130623081947","LISTING"
"http://www.press.sk:80/najdene-produkty/o","a,30,120/,https://web.archive.org/web/20141018155804/http://www.press.sk:80/najdene-produkty/o,a,30,120/,","20141018155804","LISTING"
"http://www.press.sk:80/najdene-produkty/o","a,30,30/,https://web.archive.org/web/20110913062811/http://www.press.sk:80/najdene-produkty/o,a,30,30/,","20110913062811","LISTING"
"http://www.press.sk/najdene-produkty/o","a,30,30/,https://web.archive.org/web/20130623085835/http://www.press.sk/najdene-produkty/o,a,30,30/,","20130623085835","LISTING"
"http://www.press.sk:80/najdene-produkty/o","a,30,30/,https://web.archive.org/web/20141006035639/http://www.press.sk:80/najdene-produkty/o,a,30,30/,","20141006035639","LISTING"
"http://www.press.sk:80/najdene-produkty/o","a,30,30, ,v%C3%BDchova,https://web.archive.org/web/20110720024821/http://www.press.sk:80/najdene-produkty/o,a,30,30, ,v%C3%BDchova,","20110720024821","LISTING"
"http://www.press.sk:80/najdene-produkty/o","a,30,30, ,v%C3%BDchova,https://web.archive.org/web/20110819233750/http://www.press.sk:80/najdene-produkty/o,a,30,30, ,v%C3%BDchova,","20110819233750","LISTING"
"http://www.press.sk:80/najdene-produkty/o","a,30,30, ,v%C3%BDchova/,https://web.archive.org/web/20110912103135/http://www.press.sk:80/najdene-produkty/o,a,30,30, ,v%C3%BDchova/,","20110912103135","LISTING"
"http://www.press.sk:80/najdene-produkty/o","a,30,30, ,v%C3%BDchova,https://web.archive.org/web/20110912154607/http://www.press.sk:80/najdene-produkty/o,a,30,30, ,v%C3%BDchova,","20110912154607","LISTING"
"http://www.press.sk:80/najdene-produkty/o","a,30,5430/,https://web.archive.org/web/20110912073342/http://www.press.sk:80/najdene-produkty/o,a,30,5430/,","20110912073342","LISTING"
"http://www.press.sk:80/najdene-produkty/o","a,30,5460/,https://web.archive.org/web/20110912031415/http://www.press.sk:80/najdene-produkty/o,a,30,5460/,","20110912031415","LISTING"
"http://www.press.sk:80/najdene-produkty/o","a,30,60/,https://web.archive.org/web/20110913094725/http://www.press.sk:80/najdene-produkty/o,a,30,60/,","20110913094725","LISTING"
"http://www.press.sk/najdene-produkty/o","a,30,60/,https://web.archive.org/web/20130623085412/http://www.press.sk/najdene-produkty/o,a,30,60/,","20130623085412","LISTING"
"http://www.press.sk:80/najdene-produkty/o","a,30,60/,https://web.archive.org/web/20141018212406/http://www.press.sk:80/najdene-produkty/o,a,30,60/,","20141018212406","LISTING"
"http://www.press.sk/najdene-produkty/o","a,30,7620/,https://web.archive.org/web/20130623085546/http://www.press.sk/najdene-produkty/o,a,30,7620/,","20130623085546","LISTING"
"http://www.press.sk/najdene-produkty/o","a,30,7650/,https://web.archive.org/web/20130623080251/http://www.press.sk/najdene-produkty/o,a,30,7650/,","20130623080251","LISTING"
"http://www.press.sk:80/najdene-produkty/o","a,30,90/,https://web.archive.org/web/20110911203250/http://www.press.sk:80/najdene-produkty/o,a,30,90/,","20110911203250","LISTING"
"http://www.press.sk/najdene-produkty/o","a,30,90/,https://web.archive.org/web/20130623091135/http://www.press.sk/najdene-produkty/o,a,30,90/,","20130623091135","LISTING"
"http://www.press.sk:80/najdene-produkty/o","a,30,90/,https://web.archive.org/web/20141006212005/http://www.press.sk:80/najdene-produkty/o,a,30,90/,","20141006212005","LISTING"
"http://www.press.sk:80/najdene-produkty/o","a,30,9120/,https://web.archive.org/web/20141018221049/http://www.press.sk:80/najdene-produkty/o,a,30,9120/,","20141018221049","LISTING"
"http://www.press.sk:80/najdene-produkty/o","a,30,9150/,https://web.archive.org/web/20141006040833/http://www.press.sk:80/najdene-produkty/o,a,30,9150/,","20141006040833","LISTING"
"https://www.press.sk/najdene-produkty/predplatn%C3%A9/","https://web.archive.org/web/20230311055259/https://www.press.sk/najdene-produkty/predplatn%C3%A9/,","20230311055259","LISTING"
"http://www.press.sk:80/namornictvo/n","a,10,10,https://web.archive.org/web/20090630030238/http://www.press.sk:80/namornictvo/n,a,10,10,","20090630030238","LISTING"
"http://www.press.sk:80/namornictvo/n","a,10,10,https://web.archive.org/web/20100109115613/http://www.press.sk:80/namornictvo/n,a,10,10,","20100109115613","LISTING"
"http://www.press.sk:80/namornictvo/n","a,10,30/,https://web.archive.org/web/20090701022925/http://www.press.sk:80/namornictvo/n,a,10,30/,","20090701022925","LISTING"
"http://www.press.sk:80/namornictvo/n","a,10,40/,https://web.archive.org/web/20090701022944/http://www.press.sk:80/namornictvo/n,a,10,40/,","20090701022944","LISTING"
"http://www.press.sk:80/namornictvo/n","a,10,70/,https://web.archive.org/web/20090701023015/http://www.press.sk:80/namornictvo/n,a,10,70/,","20090701023015","LISTING"
"http://www.press.sk:80/namornictvo/n","a,30/,https://web.archive.org/web/20081208091933/http://www.press.sk:80/namornictvo/n,a,30/,","20081208091933","LISTING"
"http://www.press.sk:80/namornictvo/n","a,30,30/,https://web.archive.org/web/20090701023021/http://www.press.sk:80/namornictvo/n,a,30,30/,","20090701023021","LISTING"
"http://www.press.sk:80/namornictvo/n","a,30,60/,https://web.archive.org/web/20090701023435/http://www.press.sk:80/namornictvo/n,a,30,60/,","20090701023435","LISTING"
"http://www.press.sk/namornictvo/o","a,30,30/,https://web.archive.org/web/20130623054100/http://www.press.sk/namornictvo/o,a,30,30/,","20130623054100","LISTING"
"http://www.press.sk:80/namornictvo/o","a,30,30/,https://web.archive.org/web/20150515065428/http://www.press.sk:80/namornictvo/o,a,30,30/,","20150515065428","LISTING"
"http://www.press.sk/namornictvo/o","a,30,60/,https://web.archive.org/web/20130623055358/http://www.press.sk/namornictvo/o,a,30,60/,","20130623055358","LISTING"
"http://www.press.sk:80/namornictvo/o","a,30,90/,https://web.archive.org/web/20150515065238/http://www.press.sk:80/namornictvo/o,a,30,90/,","20150515065238","LISTING"
"http://www.press.sk:80/napoleonske-vojny/n","a,30/,https://web.archive.org/web/20110606042818/http://www.press.sk:80/napoleonske-vojny/n,a,30/,","20110606042818","LISTING"
"http://www.press.sk:80/napoleonske-vojny/n","a,30,30,https://web.archive.org/web/20110604183944/http://www.press.sk:80/napoleonske-vojny/n,a,30,30,","20110604183944","LISTING"
"http://www.press.sk:80/napoleonske-vojny/n","a,30,30/,https://web.archive.org/web/20110606053623/http://www.press.sk:80/napoleonske-vojny/n,a,30,30/,","20110606053623","LISTING"
"http://www.press.sk:80/napoleonske-vojny/n","a,30,30,https://web.archive.org/web/20110706050403/http://www.press.sk:80/napoleonske-vojny/n,a,30,30,","20110706050403","LISTING"
"http://www.press.sk:80/napoleonske-vojny/n","a,30,30,https://web.archive.org/web/20110806031907/http://www.press.sk:80/napoleonske-vojny/n,a,30,30,","20110806031907","LISTING"
"http://www.press.sk:80/napoleonske-vojny/n","a,30,60,https://web.archive.org/web/20110604184015/http://www.press.sk:80/napoleonske-vojny/n,a,30,60,","20110604184015","LISTING"
"http://www.press.sk:80/napoleonske-vojny/n","a,30,60/,https://web.archive.org/web/20110606042828/http://www.press.sk:80/napoleonske-vojny/n,a,30,60/,","20110606042828","LISTING"
"http://www.press.sk:80/napoleonske-vojny/n","a,30,60/,https://web.archive.org/web/20110607043135/http://www.press.sk:80/napoleonske-vojny/n,a,30,60/,","20110607043135","LISTING"
"http://www.press.sk:80/napoleonske-vojny/n","a,30,60,https://web.archive.org/web/20110706031214/http://www.press.sk:80/napoleonske-vojny/n,a,30,60,","20110706031214","LISTING"
"http://www.press.sk:80/napoleonske-vojny/n","a,30,60,https://web.archive.org/web/20110806032052/http://www.press.sk:80/napoleonske-vojny/n,a,30,60,","20110806032052","LISTING"
"http://www.press.sk:80/napoleonske-vojny/n","a,30,60/,https://web.archive.org/web/20110807094221/http://www.press.sk:80/napoleonske-vojny/n,a,30,60/,","20110807094221","LISTING"
"http://www.press.sk:80/napoleonske-vojny/n","a,30,90,https://web.archive.org/web/20110604184055/http://www.press.sk:80/napoleonske-vojny/n,a,30,90,","20110604184055","LISTING"
"http://www.press.sk:80/napoleonske-vojny/n","a,30,90/,https://web.archive.org/web/20110606042856/http://www.press.sk:80/napoleonske-vojny/n,a,30,90/,","20110606042856","LISTING"
"http://www.press.sk:80/napoleonske-vojny/n","a,30,90/,https://web.archive.org/web/20110607043202/http://www.press.sk:80/napoleonske-vojny/n,a,30,90/,","20110607043202","LISTING"
"http://www.press.sk:80/napoleonske-vojny/n","a,30,90,https://web.archive.org/web/20110706044554/http://www.press.sk:80/napoleonske-vojny/n,a,30,90,","20110706044554","LISTING"
"http://www.press.sk:80/napoleonske-vojny/n","a,30,90,https://web.archive.org/web/20110806023712/http://www.press.sk:80/napoleonske-vojny/n,a,30,90,","20110806023712","LISTING"
"http://www.press.sk:80/napoleonske-vojny/n","a,30,90/,https://web.archive.org/web/20110807094308/http://www.press.sk:80/napoleonske-vojny/n,a,30,90/,","20110807094308","LISTING"
"http://www.press.sk/odborne-casopisy/o","a,30/,https://web.archive.org/web/20130622164951/http://www.press.sk/odborne-casopisy/o,a,30/,","20130622164951","LISTING"
"http://www.press.sk:80/odborne-casopisy/o","a,30/,https://web.archive.org/web/20160815020636/http://www.press.sk:80/odborne-casopisy/o,a,30/,","20160815020636","LISTING"
"http://www.press.sk:80/odborne-casopisy/o","a,30,30/,https://web.archive.org/web/20110912030424/http://www.press.sk:80/odborne-casopisy/o,a,30,30/,","20110912030424","LISTING"
"http://www.press.sk/odborne-casopisy/o","a,30,30/,https://web.archive.org/web/20130511005533/http://www.press.sk/odborne-casopisy/o,a,30,30/,","20130511005533","LISTING"
"http://www.press.sk:80/odborne-casopisy/o","a,30,30/,https://web.archive.org/web/20130712085945/http://www.press.sk:80/odborne-casopisy/o,a,30,30/,","20130712085945","LISTING"
"http://www.press.sk:80/odborne-casopisy/o","a,30,30,https://web.archive.org/web/20140114055031/http://www.press.sk:80/odborne-casopisy/o,a,30,30,","20140114055031","LISTING"
"http://www.press.sk:80/odborne-casopisy/o","a,30,30,https://web.archive.org/web/20140220063651/http://www.press.sk:80/odborne-casopisy/o,a,30,30,","20140220063651","LISTING"
"http://www.press.sk:80/odborne-casopisy/o","a,30,30,https://web.archive.org/web/20140705191830/http://www.press.sk:80/odborne-casopisy/o,a,30,30,","20140705191830","LISTING"
"http://www.press.sk:80/odborne-casopisy/o","a,30,30,https://web.archive.org/web/20140915041540/http://www.press.sk:80/odborne-casopisy/o,a,30,30,","20140915041540","LISTING"
"http://www.press.sk:80/odborne-casopisy/o","a,30,30/,https://web.archive.org/web/20150822045556/http://www.press.sk:80/odborne-casopisy/o,a,30,30/,","20150822045556","LISTING"
"http://www.press.sk:80/odborne-casopisy/o","a,30,30,https://web.archive.org/web/20160813071949/http://www.press.sk:80/odborne-casopisy/o,a,30,30,","20160813071949","LISTING"
"http://www.press.sk:80/odborne-casopisy/o","a,30,30/,https://web.archive.org/web/20160815180259/http://www.press.sk:80/odborne-casopisy/o,a,30,30/,","20160815180259","LISTING"
"http://www.press.sk:80/odborne-casopisy/o","a,30,30,https://web.archive.org/web/20160913095016/http://www.press.sk:80/odborne-casopisy/o,a,30,30,","20160913095016","LISTING"
"http://www.press.sk:80/odborne-casopisy/o","a,30,30,https://web.archive.org/web/20161014183205/http://www.press.sk:80/odborne-casopisy/o,a,30,30,","20161014183205","LISTING"
"http://www.press.sk/odborne-casopisy/o","a,30,60/,https://web.archive.org/web/20130511004200/http://www.press.sk/odborne-casopisy/o,a,30,60/,","20130511004200","LISTING"
"http://www.press.sk:80/odborne-casopisy/o","a,30,60/,https://web.archive.org/web/20130712083648/http://www.press.sk:80/odborne-casopisy/o,a,30,60/,","20130712083648","LISTING"
"http://www.press.sk:80/odborne-casopisy/o","a,30,60,https://web.archive.org/web/20140114055036/http://www.press.sk:80/odborne-casopisy/o,a,30,60,","20140114055036","LISTING"
"http://www.press.sk:80/odborne-casopisy/o","a,30,60,https://web.archive.org/web/20140221075713/http://www.press.sk:80/odborne-casopisy/o,a,30,60,","20140221075713","LISTING"
"http://www.press.sk:80/odborne-casopisy/o","a,30,60,https://web.archive.org/web/20140704080849/http://www.press.sk:80/odborne-casopisy/o,a,30,60,","20140704080849","LISTING"
"http://www.press.sk:80/odborne-casopisy/o","a,30,60,https://web.archive.org/web/20140828024434/http://www.press.sk:80/odborne-casopisy/o,a,30,60,","20140828024434","LISTING"
"http://www.press.sk:80/odborne-casopisy/o","a,30,60/,https://web.archive.org/web/20150822044325/http://www.press.sk:80/odborne-casopisy/o,a,30,60/,","20150822044325","LISTING"
"http://www.press.sk:80/odborne-casopisy/o","a,30,60,https://web.archive.org/web/20160813064322/http://www.press.sk:80/odborne-casopisy/o,a,30,60,","20160813064322","LISTING"
"http://www.press.sk:80/odborne-casopisy/o","a,30,60/,https://web.archive.org/web/20160815180355/http://www.press.sk:80/odborne-casopisy/o,a,30,60/,","20160815180355","LISTING"
"http://www.press.sk:80/odborne-casopisy/o","a,30,60,https://web.archive.org/web/20160913101245/http://www.press.sk:80/odborne-casopisy/o,a,30,60,","20160913101245","LISTING"
"http://www.press.sk:80/odborne-casopisy/o","a,30,60,https://web.archive.org/web/20161014190448/http://www.press.sk:80/odborne-casopisy/o,a,30,60,","20161014190448","LISTING"
"http://www.press.sk:80/ostatne","https://web.archive.org/web/20100126044653/http://www.press.sk:80/ostatne,","20100126044653","LISTING"
"http://www.press.sk/ostatne+362/","https://web.archive.org/web/20170614213248/http://www.press.sk/ostatne+362/,","20170614213248","LISTING"
"http://www.press.sk:80/ostatne/o","a,30/,https://web.archive.org/web/20151113000401/http://www.press.sk:80/ostatne/o,a,30/,","20151113000401","LISTING"
"http://www.press.sk:80/ostatne/o","a,30,30/,https://web.archive.org/web/20151113000512/http://www.press.sk:80/ostatne/o,a,30,30/,","20151113000512","LISTING"
"http://www.press.sk:80/ostatne/o","a,30,30,https://web.archive.org/web/20151215143303/http://www.press.sk:80/ostatne/o,a,30,30,","20151215143303","LISTING"
"http://www.press.sk:80/ostatne/o","a,30,30,https://web.archive.org/web/20160115221412/http://www.press.sk:80/ostatne/o,a,30,30,","20160115221412","LISTING"
"http://www.press.sk:80/ostatne/o","a,30,30/,https://web.archive.org/web/20160213171324/http://www.press.sk:80/ostatne/o,a,30,30/,","20160213171324","LISTING"
"http://www.press.sk:80/ostatne/o","a,30,30,https://web.archive.org/web/20160402233507/http://www.press.sk:80/ostatne/o,a,30,30,","20160402233507","LISTING"
"http://www.press.sk:80/ostatne/o","a,30,30,https://web.archive.org/web/20160403235951/http://www.press.sk:80/ostatne/o,a,30,30,","20160403235951","LISTING"
"http://www.press.sk:80/ostatne/o","a,30,30,https://web.archive.org/web/20160508041053/http://www.press.sk:80/ostatne/o,a,30,30,","20160508041053","LISTING"
"http://www.press.sk:80/pan-prstenov-sachove-figurky/o","a,30,30/,https://web.archive.org/web/20150901125102/http://www.press.sk:80/pan-prstenov-sachove-figurky/o,a,30,30/,","20150901125102","LISTING"
"http://www.press.sk:80/pan-prstenov-sachove-figurky/o","a,30,60/,https://web.archive.org/web/20150901124151/http://www.press.sk:80/pan-prstenov-sachove-figurky/o,a,30,60/,","20150901124151","LISTING"
"http://www.press.sk:80/panzerwrecks/o","a,30,30/,https://web.archive.org/web/20160518025816/http://www.press.sk:80/panzerwrecks/o,a,30,30/,","20160518025816","LISTING"
"http://www.press.sk/panzerwrecks/o","a,30,30/,https://web.archive.org/web/20170405233055/http://www.press.sk/panzerwrecks/o,a,30,30/,","20170405233055","LISTING"
"http://www.press.sk:80/plagaty","https://web.archive.org/web/20100317044237/http://www.press.sk:80/plagaty,","20100317044237","LISTING"
"http://www.press.sk:80/plagaty","https://web.archive.org/web/20101012151617/http://www.press.sk:80/plagaty,","20101012151617","LISTING"
"http://www.press.sk:80/plagaty","https://web.archive.org/web/20101112112548/http://www.press.sk:80/plagaty,","20101112112548","LISTING"
"http://www.press.sk:80/plagaty","https://web.archive.org/web/20101217033010/http://www.press.sk:80/plagaty,","20101217033010","LISTING"
"http://www.press.sk:80/plagaty/","https://web.archive.org/web/20101228015343/http://www.press.sk:80/plagaty/,","20101228015343","LISTING"
"http://www.press.sk:80/plagaty","https://web.archive.org/web/20110117192820/http://www.press.sk:80/plagaty,","20110117192820","LISTING"
"http://www.press.sk:80/plagaty/","https://web.archive.org/web/20110226140815/http://www.press.sk:80/plagaty/,","20110226140815","LISTING"
"http://www.press.sk:80/plagaty","https://web.archive.org/web/20110303002129/http://www.press.sk:80/plagaty,","20110303002129","LISTING"
"http://www.press.sk:80/plagaty","https://web.archive.org/web/20110403154644/http://www.press.sk:80/plagaty,","20110403154644","LISTING"
"http://www.press.sk:80/plagaty/","https://web.archive.org/web/20110430083913/http://www.press.sk:80/plagaty/,","20110430083913","LISTING"
"http://www.press.sk:80/plagaty","https://web.archive.org/web/20110504224133/http://www.press.sk:80/plagaty,","20110504224133","LISTING"
"http://www.press.sk:80/plagaty/p","a,30/,https://web.archive.org/web/20081110054001/http://www.press.sk:80/plagaty/p,a,30/,","20081110054001","LISTING"
"http://www.press.sk:80/pocitace-elektronika/n","a,30,https://web.archive.org/web/20090730034302/http://www.press.sk:80/pocitace-elektronika/n,a,30,","20090730034302","LISTING"
"http://www.press.sk:80/pocitace-elektronika/n","a,30,https://web.archive.org/web/20100110125111/http://www.press.sk:80/pocitace-elektronika/n,a,30,","20100110125111","LISTING"
"http://www.press.sk:80/pocitace-elektronika/n","a,30,https://web.archive.org/web/20151123014114/http://www.press.sk:80/pocitace-elektronika/n,a,30,","20151123014114","LISTING"
"http://www.press.sk:80/pocitace-elektronika/n","a,30,https://web.archive.org/web/20151224140515/http://www.press.sk:80/pocitace-elektronika/n,a,30,","20151224140515","LISTING"
"http://www.press.sk:80/pocitace-elektronika/n","a,30,https://web.archive.org/web/20160331183654/http://www.press.sk:80/pocitace-elektronika/n,a,30,","20160331183654","LISTING"
"http://www.press.sk:80/pocitace-elektronika/n","a,30,https://web.archive.org/web/20160508103851/http://www.press.sk:80/pocitace-elektronika/n,a,30,","20160508103851","LISTING"
"http://www.press.sk:80/pocitace-elektronika/n","a,30/,https://web.archive.org/web/20081218020509/http://www.press.sk:80/pocitace-elektronika/n,a,30/,","20081218020509","LISTING"
"http://www.press.sk:80/pocitace-elektronika/n","a,30/,https://web.archive.org/web/20090216153302/http://www.press.sk:80/pocitace-elektronika/n,a,30/,","20090216153302","LISTING"
"http://www.press.sk:80/pocitace-elektronika/n","a,30,30/,https://web.archive.org/web/20081024142249/http://www.press.sk:80/pocitace-elektronika/n,a,30,30/,","20081024142249","LISTING"
"http://www.press.sk:80/pocitace-elektronika/n","a,30,30/,https://web.archive.org/web/20081204062647/http://www.press.sk:80/pocitace-elektronika/n,a,30,30/,","20081204062647","LISTING"
"http://www.press.sk:80/pocitace-elektronika/n","a,30,30/,https://web.archive.org/web/20081217025917/http://www.press.sk:80/pocitace-elektronika/n,a,30,30/,","20081217025917","LISTING"
"http://www.press.sk:80/pocitace-elektronika/n","a,30,30/,https://web.archive.org/web/20090116094801/http://www.press.sk:80/pocitace-elektronika/n,a,30,30/,","20090116094801","LISTING"
"http://www.press.sk:80/pocitace-elektronika/n","a,30,30,https://web.archive.org/web/20090209164117/http://www.press.sk:80/pocitace-elektronika/n,a,30,30,","20090209164117","LISTING"
"http://www.press.sk:80/pocitace-elektronika/n","a,30,30/,https://web.archive.org/web/20090216042037/http://www.press.sk:80/pocitace-elektronika/n,a,30,30/,","20090216042037","LISTING"
"http://www.press.sk:80/pocitace-elektronika/n","a,30,30,https://web.archive.org/web/20090314011640/http://www.press.sk:80/pocitace-elektronika/n,a,30,30,","20090314011640","LISTING"
"http://www.press.sk:80/pocitace-elektronika/n","a,30,30/,https://web.archive.org/web/20090318161023/http://www.press.sk:80/pocitace-elektronika/n,a,30,30/,","20090318161023","LISTING"
"http://www.press.sk:80/pocitace-elektronika/n","a,30,30,https://web.archive.org/web/20090414005812/http://www.press.sk:80/pocitace-elektronika/n,a,30,30,","20090414005812","LISTING"
"http://www.press.sk:80/pocitace-elektronika/n","a,30,30/,https://web.archive.org/web/20090418132546/http://www.press.sk:80/pocitace-elektronika/n,a,30,30/,","20090418132546","LISTING"
"http://www.press.sk:80/pocitace-elektronika/n","a,30,30,https://web.archive.org/web/20090520060905/http://www.press.sk:80/pocitace-elektronika/n,a,30,30,","20090520060905","LISTING"
"http://www.press.sk:80/pocitace-elektronika/n","a,30,30/,https://web.archive.org/web/20090520060926/http://www.press.sk:80/pocitace-elektronika/n,a,30,30/,","20090520060926","LISTING"
"http://www.press.sk:80/pocitace-elektronika/n","a,30,30,https://web.archive.org/web/20100107162951/http://www.press.sk:80/pocitace-elektronika/n,a,30,30,","20100107162951","LISTING"
"http://www.press.sk:80/pocitace-elektronika/n","a,30,30/,https://web.archive.org/web/20100124202352/http://www.press.sk:80/pocitace-elektronika/n,a,30,30/,","20100124202352","LISTING"
"http://www.press.sk:80/pocitace-elektronika/o","a,30/,https://web.archive.org/web/20160629205453/http://www.press.sk:80/pocitace-elektronika/o,a,30/,","20160629205453","LISTING"
"http://www.press.sk:80/pocitace-elektronika/o","a,30,30,https://web.archive.org/web/20151123064006/http://www.press.sk:80/pocitace-elektronika/o,a,30,30,","20151123064006","LISTING"
"http://www.press.sk:80/pocitace-elektronika/o","a,30,30,https://web.archive.org/web/20151224134838/http://www.press.sk:80/pocitace-elektronika/o,a,30,30,","20151224134838","LISTING"
"http://www.press.sk:80/pocitace-elektronika/o","a,30,30,https://web.archive.org/web/20160402213648/http://www.press.sk:80/pocitace-elektronika/o,a,30,30,","20160402213648","LISTING"
"http://www.press.sk:80/pocitace-elektronika/o","a,30,30,https://web.archive.org/web/20160404022718/http://www.press.sk:80/pocitace-elektronika/o,a,30,30,","20160404022718","LISTING"
"http://www.press.sk:80/pocitace-elektronika/o","a,30,30,https://web.archive.org/web/20160507143100/http://www.press.sk:80/pocitace-elektronika/o,a,30,30,","20160507143100","LISTING"
"http://www.press.sk:80/pocitace-elektronika/o","a,30,30,https://web.archive.org/web/20160628045348/http://www.press.sk:80/pocitace-elektronika/o,a,30,30,","20160628045348","LISTING"
"http://www.press.sk:80/pocitace-elektronika/o","a,30,30/,https://web.archive.org/web/20160629235109/http://www.press.sk:80/pocitace-elektronika/o,a,30,30/,","20160629235109","LISTING"
"http://www.press.sk:80/pocitace-elektronika/o","a,30,30,https://web.archive.org/web/20160729034345/http://www.press.sk:80/pocitace-elektronika/o,a,30,30,","20160729034345","LISTING"
"http://www.press.sk:80/pocitace-elektronika/o","a,30,30,https://web.archive.org/web/20160829034047/http://www.press.sk:80/pocitace-elektronika/o,a,30,30,","20160829034047","LISTING"
"http://www.press.sk:80/pocitace-elektronika/o","a,30,30,https://web.archive.org/web/20170609144723/http://www.press.sk:80/pocitace-elektronika/o,a,30,30,","20170609144723","LISTING"
"http://www.press.sk:80/pocitace/n","a,30/,https://web.archive.org/web/20090517033120/http://www.press.sk:80/pocitace/n,a,30/,","20090517033120","LISTING"
"http://www.press.sk:80/pocitace/n","a,30,120/,https://web.archive.org/web/20090517070754/http://www.press.sk:80/pocitace/n,a,30,120/,","20090517070754","LISTING"
"http://www.press.sk:80/pocitace/n","a,30,150/,https://web.archive.org/web/20090517033125/http://www.press.sk:80/pocitace/n,a,30,150/,","20090517033125","LISTING"
"http://www.press.sk:80/pocitace/n","a,30,30,https://web.archive.org/web/20090515104519/http://www.press.sk:80/pocitace/n,a,30,30,","20090515104519","LISTING"
"http://www.press.sk:80/pocitace/n","a,30,30/,https://web.archive.org/web/20090517070800/http://www.press.sk:80/pocitace/n,a,30,30/,","20090517070800","LISTING"
"http://www.press.sk:80/pocitace/n","a,30,60/,https://web.archive.org/web/20090517033130/http://www.press.sk:80/pocitace/n,a,30,60/,","20090517033130","LISTING"
"http://www.press.sk:80/pocitace/n","a,30,90/,https://web.archive.org/web/20090517071553/http://www.press.sk:80/pocitace/n,a,30,90/,","20090517071553","LISTING"
"http://www.press.sk/pocitace/o","a,30,120/,https://web.archive.org/web/20130622184220/http://www.press.sk/pocitace/o,a,30,120/,","20130622184220","LISTING"
"http://www.press.sk/pocitace/o","a,30,30/,https://web.archive.org/web/20130622170632/http://www.press.sk/pocitace/o,a,30,30/,","20130622170632","LISTING"
"http://www.press.sk/pocitace/o","a,30,60/,https://web.archive.org/web/20130622172835/http://www.press.sk/pocitace/o,a,30,60/,","20130622172835","LISTING"
"http://www.press.sk/pocitace/o","a,30,90/,https://web.archive.org/web/20130622175158/http://www.press.sk/pocitace/o,a,30,90/,","20130622175158","LISTING"
"http://www.press.sk:80/policajne-zbory/n","a/,https://web.archive.org/web/20090426020438/http://www.press.sk:80/policajne-zbory/n,a/,","20090426020438","LISTING"
"http://www.press.sk/policia-ochrana/o","a,30,30/,https://web.archive.org/web/20130622103806/http://www.press.sk/policia-ochrana/o,a,30,30/,","20130622103806","LISTING"
"http://www.press.sk/policia-ochrana/o","a,30,60/,https://web.archive.org/web/20130622104837/http://www.press.sk/policia-ochrana/o,a,30,60/,","20130622104837","LISTING"
"http://www.press.sk:80/policia-ochrana/p","a/,https://web.archive.org/web/20090423133530/http://www.press.sk:80/policia-ochrana/p,a/,","20090423133530","LISTING"
"http://www.press.sk:80/policia-ochrana/p","a,30,https://web.archive.org/web/20090422040547/http://www.press.sk:80/policia-ochrana/p,a,30,","20090422040547","LISTING"
"http://www.press.sk:80/policia-ochrana/p","a,30,https://web.archive.org/web/20090524183329/http://www.press.sk:80/policia-ochrana/p,a,30,","20090524183329","LISTING"
"http://www.press.sk:80/policia-ochrana/p","a,30,https://web.archive.org/web/20091218095341/http://www.press.sk:80/policia-ochrana/p,a,30,","20091218095341","LISTING"
"http://www.press.sk/politologia/o","a,30,30/,https://web.archive.org/web/20130623135030/http://www.press.sk/politologia/o,a,30,30/,","20130623135030","LISTING"
"http://www.press.sk/politologia/o","a,30,60/,https://web.archive.org/web/20130623134507/http://www.press.sk/politologia/o,a,30,60/,","20130623134507","LISTING"
"http://www.press.sk:80/polnohospodarstvo+258/","https://web.archive.org/web/20160213222729/http://www.press.sk:80/polnohospodarstvo+258/,","20160213222729","LISTING"
"http://www.press.sk/polnohospodarstvo+258/","https://web.archive.org/web/20160406222839/http://www.press.sk/polnohospodarstvo+258/,","20160406222839","LISTING"
"http://www.press.sk:80/polnohospodarstvo+258/","https://web.archive.org/web/20160524170525/http://www.press.sk:80/polnohospodarstvo+258/,","20160524170525","LISTING"
"http://www.press.sk:80/polnohospodarstvo+258/","https://web.archive.org/web/20160724164312/http://www.press.sk:80/polnohospodarstvo+258/,","20160724164312","LISTING"
"http://www.press.sk:80/polnohospodarstvo+258/","https://web.archive.org/web/20160924074315/http://www.press.sk:80/polnohospodarstvo+258/,","20160924074315","LISTING"
"http://www.press.sk:80/polnohospodarstvo+258","https://web.archive.org/web/20161012175006/http://www.press.sk:80/polnohospodarstvo+258,","20161012175006","LISTING"
"http://www.press.sk:80/polnohospodarstvo+258","https://web.archive.org/web/20161113173505/http://www.press.sk:80/polnohospodarstvo+258,","20161113173505","LISTING"
"http://www.press.sk:80/polnohospodarstvo+258/","https://web.archive.org/web/20161225212651/http://www.press.sk:80/polnohospodarstvo+258/,","20161225212651","LISTING"
"http://www.press.sk/polnohospodarstvo+258/","https://web.archive.org/web/20170405144637/http://www.press.sk/polnohospodarstvo+258/,","20170405144637","LISTING"
"http://www.press.sk:80/polovnictvo-rybarstvo/o","a,30,30/,https://web.archive.org/web/20160524063719/http://www.press.sk:80/polovnictvo-rybarstvo/o,a,30,30/,","20160524063719","LISTING"
"http://www.press.sk:80/polovnictvo/n","a/,https://web.archive.org/web/20090421135817/http://www.press.sk:80/polovnictvo/n,a/,","20090421135817","LISTING"
"http://www.press.sk:80/polovnictvo/n","a,30,120/,https://web.archive.org/web/20090422060821/http://www.press.sk:80/polovnictvo/n,a,30,120/,","20090422060821","LISTING"
"http://www.press.sk:80/polovnictvo/n","a,30,150/,https://web.archive.org/web/20090422061055/http://www.press.sk:80/polovnictvo/n,a,30,150/,","20090422061055","LISTING"
"http://www.press.sk:80/polovnictvo/n","a,30,180/,https://web.archive.org/web/20090421082431/http://www.press.sk:80/polovnictvo/n,a,30,180/,","20090421082431","LISTING"
"http://www.press.sk:80/polovnictvo/n","a,30,30/,https://web.archive.org/web/20090421082436/http://www.press.sk:80/polovnictvo/n,a,30,30/,","20090421082436","LISTING"
"http://www.press.sk:80/polovnictvo/n","a,30,60/,https://web.archive.org/web/20090421101327/http://www.press.sk:80/polovnictvo/n,a,30,60/,","20090421101327","LISTING"
"http://www.press.sk:80/polovnictvo/n","a,30,90/,https://web.archive.org/web/20090421101352/http://www.press.sk:80/polovnictvo/n,a,30,90/,","20090421101352","LISTING"
"http://www.press.sk/polovnictvo/o","a,30,120/,https://web.archive.org/web/20130623031644/http://www.press.sk/polovnictvo/o,a,30,120/,","20130623031644","LISTING"
"http://www.press.sk/polovnictvo/o","a,30,150/,https://web.archive.org/web/20130622231011/http://www.press.sk/polovnictvo/o,a,30,150/,","20130622231011","LISTING"
"http://www.press.sk/polovnictvo/o","a,30,180/,https://web.archive.org/web/20130623035437/http://www.press.sk/polovnictvo/o,a,30,180/,","20130623035437","LISTING"
"http://www.press.sk/polovnictvo/o","a,30,30/,https://web.archive.org/web/20130623031840/http://www.press.sk/polovnictvo/o,a,30,30/,","20130623031840","LISTING"
"http://www.press.sk/polovnictvo/o","a,30,60/,https://web.archive.org/web/20130623033117/http://www.press.sk/polovnictvo/o,a,30,60/,","20130623033117","LISTING"
"http://www.press.sk/polovnictvo/o","a,30,90/,https://web.archive.org/web/20130623035634/http://www.press.sk/polovnictvo/o,a,30,90/,","20130623035634","LISTING"
"http://www.press.sk:80/postavte-si-model-slunecni-soustavy/o","a,30,30/,https://web.archive.org/web/20130201115437/http://www.press.sk:80/postavte-si-model-slunecni-soustavy/o,a,30,30/,","20130201115437","LISTING"
"http://www.press.sk/postavte-si-model-slunecni-soustavy/o","a,30,30/,https://web.archive.org/web/20130620034517/http://www.press.sk/postavte-si-model-slunecni-soustavy/o,a,30,30/,","20130620034517","LISTING"
"http://www.press.sk:80/pozemne-vojsko/n","a,10/,https://web.archive.org/web/20090701000749/http://www.press.sk:80/pozemne-vojsko/n,a,10/,","20090701000749","LISTING"
"http://www.press.sk:80/pozemne-vojsko/n","a,10,10,https://web.archive.org/web/20090630030243/http://www.press.sk:80/pozemne-vojsko/n,a,10,10,","20090630030243","LISTING"
"http://www.press.sk:80/pozemne-vojsko/n","a,10,10/,https://web.archive.org/web/20090701000754/http://www.press.sk:80/pozemne-vojsko/n,a,10,10/,","20090701000754","LISTING"
"http://www.press.sk:80/pozemne-vojsko/n","a,10,10,https://web.archive.org/web/20100110085842/http://www.press.sk:80/pozemne-vojsko/n,a,10,10,","20100110085842","LISTING"
"http://www.press.sk:80/pozemne-vojsko/n","a,10,120/,https://web.archive.org/web/20090701000758/http://www.press.sk:80/pozemne-vojsko/n,a,10,120/,","20090701000758","LISTING"
"http://www.press.sk:80/pozemne-vojsko/n","a,10,130/,https://web.archive.org/web/20090701000803/http://www.press.sk:80/pozemne-vojsko/n,a,10,130/,","20090701000803","LISTING"
"http://www.press.sk:80/pozemne-vojsko/n","a,10, ,20,https://web.archive.org/web/20090630030248/http://www.press.sk:80/pozemne-vojsko/n,a,10, ,20,","20090630030248","LISTING"
"http://www.press.sk:80/pozemne-vojsko/n","a,10,30,https://web.archive.org/web/20090630030253/http://www.press.sk:80/pozemne-vojsko/n,a,10,30,","20090630030253","LISTING"
"http://www.press.sk:80/pozemne-vojsko/n","a,10,30/,https://web.archive.org/web/20090701000809/http://www.press.sk:80/pozemne-vojsko/n,a,10,30/,","20090701000809","LISTING"
"http://www.press.sk:80/pozemne-vojsko/n","a,10,40,https://web.archive.org/web/20090630030300/http://www.press.sk:80/pozemne-vojsko/n,a,10,40,","20090630030300","LISTING"
"http://www.press.sk:80/pozemne-vojsko/n","a,10,40,https://web.archive.org/web/20100125110801/http://www.press.sk:80/pozemne-vojsko/n,a,10,40,","20100125110801","LISTING"
"http://www.press.sk:80/pozemne-vojsko/n","a,10,60/,https://web.archive.org/web/20090701075137/http://www.press.sk:80/pozemne-vojsko/n,a,10,60/,","20090701075137","LISTING"
"http://www.press.sk:80/pozemne-vojsko/n","a,30/,https://web.archive.org/web/20090228070400/http://www.press.sk:80/pozemne-vojsko/n,a,30/,","20090228070400","LISTING"
"http://www.press.sk:80/pozemne-vojsko/n","a,30/,https://web.archive.org/web/20090527085128/http://www.press.sk:80/pozemne-vojsko/n,a,30/,","20090527085128","LISTING"
"http://www.press.sk:80/pozemne-vojsko/n","a,30/,https://web.archive.org/web/20100415204315/http://www.press.sk:80/pozemne-vojsko/n,a,30/,","20100415204315","LISTING"
"http://www.press.sk:80/pozemne-vojsko/n","a,30/,https://web.archive.org/web/20100615224503/http://www.press.sk:80/pozemne-vojsko/n,a,30/,","20100615224503","LISTING"
"http://www.press.sk:80/pozemne-vojsko/n","a,30,120,https://web.archive.org/web/20090227080651/http://www.press.sk:80/pozemne-vojsko/n,a,30,120,","20090227080651","LISTING"
"http://www.press.sk:80/pozemne-vojsko/n","a,30,120,https://web.archive.org/web/20090330025856/http://www.press.sk:80/pozemne-vojsko/n,a,30,120,","20090330025856","LISTING"
"http://www.press.sk:80/pozemne-vojsko/n","a,30,120,https://web.archive.org/web/20090430154749/http://www.press.sk:80/pozemne-vojsko/n,a,30,120,","20090430154749","LISTING"
"http://www.press.sk:80/pozemne-vojsko/n","a,30,120/,https://web.archive.org/web/20090527094053/http://www.press.sk:80/pozemne-vojsko/n,a,30,120/,","20090527094053","LISTING"
"http://www.press.sk:80/pozemne-vojsko/n","a,30,120,https://web.archive.org/web/20100414194353/http://www.press.sk:80/pozemne-vojsko/n,a,30,120,","20100414194353","LISTING"
"http://www.press.sk:80/pozemne-vojsko/n","a,30,120/,https://web.archive.org/web/20100415204309/http://www.press.sk:80/pozemne-vojsko/n,a,30,120/,","20100415204309","LISTING"
"http://www.press.sk:80/pozemne-vojsko/n","a,30,120,https://web.archive.org/web/20100521001623/http://www.press.sk:80/pozemne-vojsko/n,a,30,120,","20100521001623","LISTING"
"http://www.press.sk:80/pozemne-vojsko/n","a,30,120/,https://web.archive.org/web/20100615224519/http://www.press.sk:80/pozemne-vojsko/n,a,30,120/,","20100615224519","LISTING"
"http://www.press.sk:80/pozemne-vojsko/n","a,30,120,https://web.archive.org/web/20101018000258/http://www.press.sk:80/pozemne-vojsko/n,a,30,120,","20101018000258","LISTING"
"http://www.press.sk:80/pozemne-vojsko/n","a,30,120,https://web.archive.org/web/20101118121604/http://www.press.sk:80/pozemne-vojsko/n,a,30,120,","20101118121604","LISTING"
"http://www.press.sk:80/pozemne-vojsko/n","a,30,30,https://web.archive.org/web/20090125012847/http://www.press.sk:80/pozemne-vojsko/n,a,30,30,","20090125012847","LISTING"
"http://www.press.sk:80/pozemne-vojsko/n","a,30,30,https://web.archive.org/web/20090221055248/http://www.press.sk:80/pozemne-vojsko/n,a,30,30,","20090221055248","LISTING"
"http://www.press.sk:80/pozemne-vojsko/n","a,30,30/,https://web.archive.org/web/20090228112507/http://www.press.sk:80/pozemne-vojsko/n,a,30,30/,","20090228112507","LISTING"
"http://www.press.sk:80/pozemne-vojsko/n","a,30,30,https://web.archive.org/web/20090324101041/http://www.press.sk:80/pozemne-vojsko/n,a,30,30,","20090324101041","LISTING"
"http://www.press.sk:80/pozemne-vojsko/n","a,30,30,https://web.archive.org/web/20090425024839/http://www.press.sk:80/pozemne-vojsko/n,a,30,30,","20090425024839","LISTING"
"http://www.press.sk:80/pozemne-vojsko/n","a,30,30,https://web.archive.org/web/20100110105739/http://www.press.sk:80/pozemne-vojsko/n,a,30,30,","20100110105739","LISTING"
"http://www.press.sk:80/pozemne-vojsko/n","a,30,30,https://web.archive.org/web/20100414193554/http://www.press.sk:80/pozemne-vojsko/n,a,30,30,","20100414193554","LISTING"
"http://www.press.sk:80/pozemne-vojsko/n","a,30,30/,https://web.archive.org/web/20100427235904/http://www.press.sk:80/pozemne-vojsko/n,a,30,30/,","20100427235904","LISTING"
"http://www.press.sk:80/pozemne-vojsko/n","a,30,30/,https://web.archive.org/web/20100429032004/http://www.press.sk:80/pozemne-vojsko/n,a,30,30/,","20100429032004","LISTING"
"http://www.press.sk:80/pozemne-vojsko/n","a,30,30,https://web.archive.org/web/20100521004053/http://www.press.sk:80/pozemne-vojsko/n,a,30,30,","20100521004053","LISTING"
"http://www.press.sk:80/pozemne-vojsko/n","a,30,30,https://web.archive.org/web/20101018000331/http://www.press.sk:80/pozemne-vojsko/n,a,30,30,","20101018000331","LISTING"
"http://www.press.sk:80/pozemne-vojsko/n","a,30,30,https://web.archive.org/web/20101118120821/http://www.press.sk:80/pozemne-vojsko/n,a,30,30,","20101118120821","LISTING"
"http://www.press.sk:80/pozemne-vojsko/n","a,30,60,https://web.archive.org/web/20090125012855/http://www.press.sk:80/pozemne-vojsko/n,a,30,60,","20090125012855","LISTING"
"http://www.press.sk:80/pozemne-vojsko/n","a,30,60/,https://web.archive.org/web/20090228112512/http://www.press.sk:80/pozemne-vojsko/n,a,30,60/,","20090228112512","LISTING"
"http://www.press.sk:80/pozemne-vojsko/n","a,30,60,https://web.archive.org/web/20090327124946/http://www.press.sk:80/pozemne-vojsko/n,a,30,60,","20090327124946","LISTING"
"http://www.press.sk:80/pozemne-vojsko/n","a,30,60,https://web.archive.org/web/20090428011407/http://www.press.sk:80/pozemne-vojsko/n,a,30,60,","20090428011407","LISTING"
"http://www.press.sk:80/pozemne-vojsko/n","a,30,60/,https://web.archive.org/web/20090527094402/http://www.press.sk:80/pozemne-vojsko/n,a,30,60/,","20090527094402","LISTING"
"http://www.press.sk:80/pozemne-vojsko/n","a,30,60,https://web.archive.org/web/20100124053730/http://www.press.sk:80/pozemne-vojsko/n,a,30,60,","20100124053730","LISTING"
"http://www.press.sk:80/pozemne-vojsko/n","a,30,60,https://web.archive.org/web/20100125083556/http://www.press.sk:80/pozemne-vojsko/n,a,30,60,","20100125083556","LISTING"
"http://www.press.sk:80/pozemne-vojsko/n","a,30,60,https://web.archive.org/web/20100414194425/http://www.press.sk:80/pozemne-vojsko/n,a,30,60,","20100414194425","LISTING"
"http://www.press.sk:80/pozemne-vojsko/n","a,30,60/,https://web.archive.org/web/20100415204318/http://www.press.sk:80/pozemne-vojsko/n,a,30,60/,","20100415204318","LISTING"
"http://www.press.sk:80/pozemne-vojsko/n","a,30,60,https://web.archive.org/web/20100521005332/http://www.press.sk:80/pozemne-vojsko/n,a,30,60,","20100521005332","LISTING"
"http://www.press.sk:80/pozemne-vojsko/n","a,30,60/,https://web.archive.org/web/20100616031758/http://www.press.sk:80/pozemne-vojsko/n,a,30,60/,","20100616031758","LISTING"
"http://www.press.sk:80/pozemne-vojsko/n","a,30,60,https://web.archive.org/web/20101018002405/http://www.press.sk:80/pozemne-vojsko/n,a,30,60,","20101018002405","LISTING"
"http://www.press.sk:80/pozemne-vojsko/n","a,30,60,https://web.archive.org/web/20101118120828/http://www.press.sk:80/pozemne-vojsko/n,a,30,60,","20101118120828","LISTING"
"http://www.press.sk:80/pozemne-vojsko/n","a,30,90,https://web.archive.org/web/20090125012919/http://www.press.sk:80/pozemne-vojsko/n,a,30,90,","20090125012919","LISTING"
"http://www.press.sk:80/pozemne-vojsko/n","a,30,90/,https://web.archive.org/web/20090228070403/http://www.press.sk:80/pozemne-vojsko/n,a,30,90/,","20090228070403","LISTING"
"http://www.press.sk:80/pozemne-vojsko/n","a,30,90,https://web.archive.org/web/20090327221823/http://www.press.sk:80/pozemne-vojsko/n,a,30,90,","20090327221823","LISTING"
"http://www.press.sk:80/pozemne-vojsko/n","a,30,90,https://web.archive.org/web/20090428035842/http://www.press.sk:80/pozemne-vojsko/n,a,30,90,","20090428035842","LISTING"
"http://www.press.sk:80/pozemne-vojsko/n","a,30,90/,https://web.archive.org/web/20090527124052/http://www.press.sk:80/pozemne-vojsko/n,a,30,90/,","20090527124052","LISTING"
"http://www.press.sk:80/pozemne-vojsko/n","a,30,90,https://web.archive.org/web/20090529072520/http://www.press.sk:80/pozemne-vojsko/n,a,30,90,","20090529072520","LISTING"
"http://www.press.sk:80/pozemne-vojsko/n","a,30,90,https://web.archive.org/web/20100414194031/http://www.press.sk:80/pozemne-vojsko/n,a,30,90,","20100414194031","LISTING"
"http://www.press.sk:80/pozemne-vojsko/n","a,30,90/,https://web.archive.org/web/20100415204338/http://www.press.sk:80/pozemne-vojsko/n,a,30,90/,","20100415204338","LISTING"
"http://www.press.sk:80/pozemne-vojsko/n","a,30,90,https://web.archive.org/web/20100521001703/http://www.press.sk:80/pozemne-vojsko/n,a,30,90,","20100521001703","LISTING"
"http://www.press.sk:80/pozemne-vojsko/n","a,30,90/,https://web.archive.org/web/20100615224551/http://www.press.sk:80/pozemne-vojsko/n,a,30,90/,","20100615224551","LISTING"
"http://www.press.sk:80/pozemne-vojsko/n","a,30,90,https://web.archive.org/web/20101018003802/http://www.press.sk:80/pozemne-vojsko/n,a,30,90,","20101018003802","LISTING"
"http://www.press.sk:80/pozemne-vojsko/n","a,30,90,https://web.archive.org/web/20101118134150/http://www.press.sk:80/pozemne-vojsko/n,a,30,90,","20101118134150","LISTING"
"http://www.press.sk:80/pozemne-vojsko/o","a,30/,https://web.archive.org/web/20150822004834/http://www.press.sk:80/pozemne-vojsko/o,a,30/,","20150822004834","LISTING"
"http://www.press.sk:80/pozemne-vojsko/o","a,30,120/,https://web.archive.org/web/20130509053036/http://www.press.sk:80/pozemne-vojsko/o,a,30,120/,","20130509053036","LISTING"
"http://www.press.sk/pozemne-vojsko/o","a,30,120/,https://web.archive.org/web/20130623055319/http://www.press.sk/pozemne-vojsko/o,a,30,120/,","20130623055319","LISTING"
"http://www.press.sk:80/pozemne-vojsko/o","a,30,120,https://web.archive.org/web/20150820235202/http://www.press.sk:80/pozemne-vojsko/o,a,30,120,","20150820235202","LISTING"
"http://www.press.sk:80/pozemne-vojsko/o","a,30,120/,https://web.archive.org/web/20150822004840/http://www.press.sk:80/pozemne-vojsko/o,a,30,120/,","20150822004840","LISTING"
"http://www.press.sk:80/pozemne-vojsko/o","a,30,120,https://web.archive.org/web/20150921091357/http://www.press.sk:80/pozemne-vojsko/o,a,30,120,","20150921091357","LISTING"
"http://www.press.sk:80/pozemne-vojsko/o","a,30,120,https://web.archive.org/web/20160402203200/http://www.press.sk:80/pozemne-vojsko/o,a,30,120,","20160402203200","LISTING"
"http://www.press.sk:80/pozemne-vojsko/o","a,30,120,https://web.archive.org/web/20160404000823/http://www.press.sk:80/pozemne-vojsko/o,a,30,120,","20160404000823","LISTING"
"http://www.press.sk:80/pozemne-vojsko/o","a,30,120,https://web.archive.org/web/20160508032649/http://www.press.sk:80/pozemne-vojsko/o,a,30,120,","20160508032649","LISTING"
"http://www.press.sk:80/pozemne-vojsko/o","a,30,30/,https://web.archive.org/web/20130509043812/http://www.press.sk:80/pozemne-vojsko/o,a,30,30/,","20130509043812","LISTING"
"http://www.press.sk/pozemne-vojsko/o","a,30,30/,https://web.archive.org/web/20130623070442/http://www.press.sk/pozemne-vojsko/o,a,30,30/,","20130623070442","LISTING"
"http://www.press.sk:80/pozemne-vojsko/o","a,30,30,https://web.archive.org/web/20150820235205/http://www.press.sk:80/pozemne-vojsko/o,a,30,30,","20150820235205","LISTING"
"http://www.press.sk:80/pozemne-vojsko/o","a,30,30/,https://web.archive.org/web/20150822030426/http://www.press.sk:80/pozemne-vojsko/o,a,30,30/,","20150822030426","LISTING"
"http://www.press.sk:80/pozemne-vojsko/o","a,30,30,https://web.archive.org/web/20150921091405/http://www.press.sk:80/pozemne-vojsko/o,a,30,30,","20150921091405","LISTING"
"http://www.press.sk:80/pozemne-vojsko/o","a,30,30,https://web.archive.org/web/20160402222927/http://www.press.sk:80/pozemne-vojsko/o,a,30,30,","20160402222927","LISTING"
"http://www.press.sk:80/pozemne-vojsko/o","a,30,30,https://web.archive.org/web/20160404020242/http://www.press.sk:80/pozemne-vojsko/o,a,30,30,","20160404020242","LISTING"
"http://www.press.sk:80/pozemne-vojsko/o","a,30,30,https://web.archive.org/web/20160508083130/http://www.press.sk:80/pozemne-vojsko/o,a,30,30,","20160508083130","LISTING"
"http://www.press.sk:80/pozemne-vojsko/o","a,30,60/,https://web.archive.org/web/20130513143645/http://www.press.sk:80/pozemne-vojsko/o,a,30,60/,","20130513143645","LISTING"
"http://www.press.sk/pozemne-vojsko/o","a,30,60/,https://web.archive.org/web/20130623071102/http://www.press.sk/pozemne-vojsko/o,a,30,60/,","20130623071102","LISTING"
"http://www.press.sk:80/pozemne-vojsko/o","a,30,60,https://web.archive.org/web/20150820235211/http://www.press.sk:80/pozemne-vojsko/o,a,30,60,","20150820235211","LISTING"
"http://www.press.sk:80/pozemne-vojsko/o","a,30,60/,https://web.archive.org/web/20150822030430/http://www.press.sk:80/pozemne-vojsko/o,a,30,60/,","20150822030430","LISTING"
"http://www.press.sk:80/pozemne-vojsko/o","a,30,60,https://web.archive.org/web/20150921090902/http://www.press.sk:80/pozemne-vojsko/o,a,30,60,","20150921090902","LISTING"
"http://www.press.sk:80/pozemne-vojsko/o","a,30,60,https://web.archive.org/web/20160331160336/http://www.press.sk:80/pozemne-vojsko/o,a,30,60,","20160331160336","LISTING"
"http://www.press.sk:80/pozemne-vojsko/o","a,30,60,https://web.archive.org/web/20160512162840/http://www.press.sk:80/pozemne-vojsko/o,a,30,60,","20160512162840","LISTING"
"http://www.press.sk:80/pozemne-vojsko/o","a,30,90/,https://web.archive.org/web/20130513143803/http://www.press.sk:80/pozemne-vojsko/o,a,30,90/,","20130513143803","LISTING"
"http://www.press.sk/pozemne-vojsko/o","a,30,90/,https://web.archive.org/web/20130623063659/http://www.press.sk/pozemne-vojsko/o,a,30,90/,","20130623063659","LISTING"
"http://www.press.sk:80/pozemne-vojsko/o","a,30,90,https://web.archive.org/web/20150820235226/http://www.press.sk:80/pozemne-vojsko/o,a,30,90,","20150820235226","LISTING"
"http://www.press.sk:80/pozemne-vojsko/o","a,30,90/,https://web.archive.org/web/20150822030436/http://www.press.sk:80/pozemne-vojsko/o,a,30,90/,","20150822030436","LISTING"
"http://www.press.sk:80/pozemne-vojsko/o","a,30,90,https://web.archive.org/web/20150921090908/http://www.press.sk:80/pozemne-vojsko/o,a,30,90,","20150921090908","LISTING"
"http://www.press.sk:80/pozemne-vojsko/o","a,30,90,https://web.archive.org/web/20160330105727/http://www.press.sk:80/pozemne-vojsko/o,a,30,90,","20160330105727","LISTING"
"http://www.press.sk:80/pozemne-vojsko/o","a,30,90,https://web.archive.org/web/20160511012735/http://www.press.sk:80/pozemne-vojsko/o,a,30,90,","20160511012735","LISTING"
"http://www.press.sk:80/pre-deti-a-mladez/n","a,100,https://web.archive.org/web/20160820061253/http://www.press.sk:80/pre-deti-a-mladez/n,a,100,","20160820061253","LISTING"
"http://www.press.sk:80/pre-deti-a-mladez/n","a,100,https://web.archive.org/web/20160920181739/http://www.press.sk:80/pre-deti-a-mladez/n,a,100,","20160920181739","LISTING"
"http://www.press.sk:80/pre-deti-a-mladez/n","a,100,https://web.archive.org/web/20161023065453/http://www.press.sk:80/pre-deti-a-mladez/n,a,100,","20161023065453","LISTING"
"http://www.press.sk:80/pre-deti-a-mladez/n","a,100,100/,https://web.archive.org/web/20160823075613/http://www.press.sk:80/pre-deti-a-mladez/n,a,100,100/,","20160823075613","LISTING"
"http://www.press.sk:80/pre-deti-a-mladez/n","a,100, ,200/,https://web.archive.org/web/20160823073435/http://www.press.sk:80/pre-deti-a-mladez/n,a,100, ,200/,","20160823073435","LISTING"
"http://www.press.sk:80/pre-deti-a-mladez/n","a,25,25/,https://web.archive.org/web/20081108071240/http://www.press.sk:80/pre-deti-a-mladez/n,a,25,25/,","20081108071240","LISTING"
"http://www.press.sk:80/pre-deti-a-mladez/n","a,30/,https://web.archive.org/web/20081214070111/http://www.press.sk:80/pre-deti-a-mladez/n,a,30/,","20081214070111","LISTING"
"http://www.press.sk:80/pre-deti-a-mladez/n","a,30/,https://web.archive.org/web/20090306002450/http://www.press.sk:80/pre-deti-a-mladez/n,a,30/,","20090306002450","LISTING"
"http://www.press.sk:80/pre-deti-a-mladez/n","a,30,https://web.archive.org/web/20090712012054/http://www.press.sk:80/pre-deti-a-mladez/n,a,30,","20090712012054","LISTING"
"http://www.press.sk:80/pre-deti-a-mladez/n","a,30,https://web.archive.org/web/20100119091203/http://www.press.sk:80/pre-deti-a-mladez/n,a,30,","20100119091203","LISTING"
"http://www.press.sk:80/pre-deti-a-mladez/n","a,30/,https://web.archive.org/web/20110913055213/http://www.press.sk:80/pre-deti-a-mladez/n,a,30/,","20110913055213","LISTING"
"http://www.press.sk:80/pre-deti-a-mladez/n","a,30,30,https://web.archive.org/web/20090305062153/http://www.press.sk:80/pre-deti-a-mladez/n,a,30,30,","20090305062153","LISTING"
"http://www.press.sk:80/pre-deti-a-mladez/n","a,30,30/,https://web.archive.org/web/20090325095145/http://www.press.sk:80/pre-deti-a-mladez/n,a,30,30/,","20090325095145","LISTING"
"http://www.press.sk:80/pre-deti-a-mladez/n","a,30,30,https://web.archive.org/web/20090405182448/http://www.press.sk:80/pre-deti-a-mladez/n,a,30,30,","20090405182448","LISTING"
"http://www.press.sk:80/pre-deti-a-mladez/n","a,30,30,https://web.archive.org/web/20090506094439/http://www.press.sk:80/pre-deti-a-mladez/n,a,30,30,","20090506094439","LISTING"
"http://www.press.sk:80/pre-deti-a-mladez/n","a,30,30/,https://web.archive.org/web/20090525002956/http://www.press.sk:80/pre-deti-a-mladez/n,a,30,30/,","20090525002956","LISTING"
"http://www.press.sk:80/pre-deti-a-mladez/n","a,30,30,https://web.archive.org/web/20101012143450/http://www.press.sk:80/pre-deti-a-mladez/n,a,30,30,","20101012143450","LISTING"
"http://www.press.sk:80/pre-deti-a-mladez/n","a,30,30,https://web.archive.org/web/20101112111638/http://www.press.sk:80/pre-deti-a-mladez/n,a,30,30,","20101112111638","LISTING"
"http://www.press.sk:80/pre-deti-a-mladez/n","a,30,30,https://web.archive.org/web/20101216075302/http://www.press.sk:80/pre-deti-a-mladez/n,a,30,30,","20101216075302","LISTING"
"http://www.press.sk:80/pre-deti-a-mladez/n","a,30,30,https://web.archive.org/web/20110418124216/http://www.press.sk:80/pre-deti-a-mladez/n,a,30,30,","20110418124216","LISTING"
"http://www.press.sk:80/pre-deti-a-mladez/n","a,30,30,https://web.archive.org/web/20110520151447/http://www.press.sk:80/pre-deti-a-mladez/n,a,30,30,","20110520151447","LISTING"
"http://www.press.sk:80/pre-deti-a-mladez/n","a,30,30,https://web.archive.org/web/20110623083539/http://www.press.sk:80/pre-deti-a-mladez/n,a,30,30,","20110623083539","LISTING"
"http://www.press.sk:80/pre-deti-a-mladez/n","a,30,30,https://web.archive.org/web/20110831013729/http://www.press.sk:80/pre-deti-a-mladez/n,a,30,30,","20110831013729","LISTING"
"http://www.press.sk:80/pre-deti-a-mladez/n","a,30,30,https://web.archive.org/web/20110912083424/http://www.press.sk:80/pre-deti-a-mladez/n,a,30,30,","20110912083424","LISTING"
"http://www.press.sk:80/pre-deti-a-mladez/n","a,30,30/,https://web.archive.org/web/20110912095503/http://www.press.sk:80/pre-deti-a-mladez/n,a,30,30/,","20110912095503","LISTING"
"http://www.press.sk:80/pre-deti-a-mladez/n","a,30,60,https://web.archive.org/web/20091128082830/http://www.press.sk:80/pre-deti-a-mladez/n,a,30,60,","20091128082830","LISTING"
"http://www.press.sk:80/pre-deti-a-mladez/n","a,30,60,https://web.archive.org/web/20100107171658/http://www.press.sk:80/pre-deti-a-mladez/n,a,30,60,","20100107171658","LISTING"
"http://www.press.sk:80/pre-deti-a-mladez/n","a,30,60,https://web.archive.org/web/20110418115045/http://www.press.sk:80/pre-deti-a-mladez/n,a,30,60,","20110418115045","LISTING"
"http://www.press.sk:80/pre-deti-a-mladez/n","a,30,60,https://web.archive.org/web/20110520151515/http://www.press.sk:80/pre-deti-a-mladez/n,a,30,60,","20110520151515","LISTING"
"http://www.press.sk:80/pre-deti-a-mladez/n","a,30,60,https://web.archive.org/web/20110622194426/http://www.press.sk:80/pre-deti-a-mladez/n,a,30,60,","20110622194426","LISTING"
"http://www.press.sk:80/pre-deti-a-mladez/n","a,30,60,https://web.archive.org/web/20110831015743/http://www.press.sk:80/pre-deti-a-mladez/n,a,30,60,","20110831015743","LISTING"
"http://www.press.sk:80/pre-deti-a-mladez/n","a,30,60,https://web.archive.org/web/20110912040152/http://www.press.sk:80/pre-deti-a-mladez/n,a,30,60,","20110912040152","LISTING"
"http://www.press.sk:80/pre-deti-a-mladez/n","a,30,60/,https://web.archive.org/web/20110913012927/http://www.press.sk:80/pre-deti-a-mladez/n,a,30,60/,","20110913012927","LISTING"
"http://www.press.sk:80/pre-deti-a-mladez/n","a,30,90/,https://web.archive.org/web/20110911195918/http://www.press.sk:80/pre-deti-a-mladez/n,a,30,90/,","20110911195918","LISTING"
"http://www.press.sk/pre-deti-a-mladez/o","a,30/,https://web.archive.org/web/20130622123927/http://www.press.sk/pre-deti-a-mladez/o,a,30/,","20130622123927","LISTING"
"http://www.press.sk:80/pre-deti-a-mladez/o","a,30/,https://web.archive.org/web/20140810003513/http://www.press.sk:80/pre-deti-a-mladez/o,a,30/,","20140810003513","LISTING"
"http://www.press.sk/pre-deti-a-mladez/o","a,30,120/,https://web.archive.org/web/20130511002113/http://www.press.sk/pre-deti-a-mladez/o,a,30,120/,","20130511002113","LISTING"
"http://www.press.sk:80/pre-deti-a-mladez/o","a,30,120/,https://web.archive.org/web/20140115031217/http://www.press.sk:80/pre-deti-a-mladez/o,a,30,120/,","20140115031217","LISTING"
"http://www.press.sk:80/pre-deti-a-mladez/o","a,30,120,https://web.archive.org/web/20140808224541/http://www.press.sk:80/pre-deti-a-mladez/o,a,30,120,","20140808224541","LISTING"
"http://www.press.sk:80/pre-deti-a-mladez/o","a,30,120/,https://web.archive.org/web/20140810003441/http://www.press.sk:80/pre-deti-a-mladez/o,a,30,120/,","20140810003441","LISTING"
"http://www.press.sk:80/pre-deti-a-mladez/o","a,30,120,https://web.archive.org/web/20140917095748/http://www.press.sk:80/pre-deti-a-mladez/o,a,30,120,","20140917095748","LISTING"
"http://www.press.sk:80/pre-deti-a-mladez/o","a,30,120/,https://web.archive.org/web/20160822081153/http://www.press.sk:80/pre-deti-a-mladez/o,a,30,120/,","20160822081153","LISTING"
"http://www.press.sk:80/pre-deti-a-mladez/o","a,30,120/,https://web.archive.org/web/20170430211458/http://www.press.sk:80/pre-deti-a-mladez/o,a,30,120/,","20170430211458","LISTING"
"http://www.press.sk:80/pre-deti-a-mladez/o","a,30,150/,https://web.archive.org/web/20140115004940/http://www.press.sk:80/pre-deti-a-mladez/o,a,30,150/,","20140115004940","LISTING"
"http://www.press.sk:80/pre-deti-a-mladez/o","a,30,150,https://web.archive.org/web/20140808224546/http://www.press.sk:80/pre-deti-a-mladez/o,a,30,150,","20140808224546","LISTING"
"http://www.press.sk:80/pre-deti-a-mladez/o","a,30,150/,https://web.archive.org/web/20140810003522/http://www.press.sk:80/pre-deti-a-mladez/o,a,30,150/,","20140810003522","LISTING"
"http://www.press.sk:80/pre-deti-a-mladez/o","a,30,180,https://web.archive.org/web/20140808224554/http://www.press.sk:80/pre-deti-a-mladez/o,a,30,180,","20140808224554","LISTING"
"http://www.press.sk:80/pre-deti-a-mladez/o","a,30,180/,https://web.archive.org/web/20140810003527/http://www.press.sk:80/pre-deti-a-mladez/o,a,30,180/,","20140810003527","LISTING"
"http://www.press.sk:80/pre-deti-a-mladez/o","a,30,240/,https://web.archive.org/web/20160822082116/http://www.press.sk:80/pre-deti-a-mladez/o,a,30,240/,","20160822082116","LISTING"
"http://www.press.sk:80/pre-deti-a-mladez/o","a,30,270/,https://web.archive.org/web/20160821234638/http://www.press.sk:80/pre-deti-a-mladez/o,a,30,270/,","20160821234638","LISTING"
"http://www.press.sk:80/pre-deti-a-mladez/o","a,30,30/,https://web.archive.org/web/20110913162627/http://www.press.sk:80/pre-deti-a-mladez/o,a,30,30/,","20110913162627","LISTING"
"http://www.press.sk/pre-deti-a-mladez/o","a,30,30/,https://web.archive.org/web/20130511010405/http://www.press.sk/pre-deti-a-mladez/o,a,30,30/,","20130511010405","LISTING"
"http://www.press.sk:80/pre-deti-a-mladez/o","a,30,30/,https://web.archive.org/web/20140115004946/http://www.press.sk:80/pre-deti-a-mladez/o,a,30,30/,","20140115004946","LISTING"
"http://www.press.sk:80/pre-deti-a-mladez/o","a,30,30,https://web.archive.org/web/20140808224556/http://www.press.sk:80/pre-deti-a-mladez/o,a,30,30,","20140808224556","LISTING"
"http://www.press.sk:80/pre-deti-a-mladez/o","a,30,30/,https://web.archive.org/web/20140810043230/http://www.press.sk:80/pre-deti-a-mladez/o,a,30,30/,","20140810043230","LISTING"
"http://www.press.sk:80/pre-deti-a-mladez/o","a,30,30,https://web.archive.org/web/20140917084543/http://www.press.sk:80/pre-deti-a-mladez/o,a,30,30,","20140917084543","LISTING"
"http://www.press.sk:80/pre-deti-a-mladez/o","a,30,30/,https://web.archive.org/web/20160821234643/http://www.press.sk:80/pre-deti-a-mladez/o,a,30,30/,","20160821234643","LISTING"
"http://www.press.sk:80/pre-deti-a-mladez/o","a,30,30/,https://web.archive.org/web/20170412112228/http://www.press.sk:80/pre-deti-a-mladez/o,a,30,30/,","20170412112228","LISTING"
"http://www.press.sk:80/pre-deti-a-mladez/o","a,30,360/,https://web.archive.org/web/20170430212234/http://www.press.sk:80/pre-deti-a-mladez/o,a,30,360/,","20170430212234","LISTING"
"http://www.press.sk:80/pre-deti-a-mladez/o","a,30,390/,https://web.archive.org/web/20170412112233/http://www.press.sk:80/pre-deti-a-mladez/o,a,30,390/,","20170412112233","LISTING"
"http://www.press.sk:80/pre-deti-a-mladez/o","a,30,60/,https://web.archive.org/web/20110911210854/http://www.press.sk:80/pre-deti-a-mladez/o,a,30,60/,","20110911210854","LISTING"
"http://www.press.sk/pre-deti-a-mladez/o","a,30,60/,https://web.archive.org/web/20130511003929/http://www.press.sk/pre-deti-a-mladez/o,a,30,60/,","20130511003929","LISTING"
"http://www.press.sk:80/pre-deti-a-mladez/o","a,30,60/,https://web.archive.org/web/20140115033552/http://www.press.sk:80/pre-deti-a-mladez/o,a,30,60/,","20140115033552","LISTING"
"http://www.press.sk:80/pre-deti-a-mladez/o","a,30,60,https://web.archive.org/web/20140808224607/http://www.press.sk:80/pre-deti-a-mladez/o,a,30,60,","20140808224607","LISTING"
"http://www.press.sk:80/pre-deti-a-mladez/o","a,30,60/,https://web.archive.org/web/20140810003548/http://www.press.sk:80/pre-deti-a-mladez/o,a,30,60/,","20140810003548","LISTING"
"http://www.press.sk:80/pre-deti-a-mladez/o","a,30,60/,https://web.archive.org/web/20160822082130/http://www.press.sk:80/pre-deti-a-mladez/o,a,30,60/,","20160822082130","LISTING"
"http://www.press.sk:80/pre-deti-a-mladez/o","a,30,60/,https://web.archive.org/web/20170430212513/http://www.press.sk:80/pre-deti-a-mladez/o,a,30,60/,","20170430212513","LISTING"
"http://www.press.sk:80/pre-deti-a-mladez/o","a,30,90/,https://web.archive.org/web/20110913064037/http://www.press.sk:80/pre-deti-a-mladez/o,a,30,90/,","20110913064037","LISTING"
"http://www.press.sk/pre-deti-a-mladez/o","a,30,90/,https://web.archive.org/web/20130511003604/http://www.press.sk/pre-deti-a-mladez/o,a,30,90/,","20130511003604","LISTING"
"http://www.press.sk:80/pre-deti-a-mladez/o","a,30,90/,https://web.archive.org/web/20140115031249/http://www.press.sk:80/pre-deti-a-mladez/o,a,30,90/,","20140115031249","LISTING"
"http://www.press.sk:80/pre-deti-a-mladez/o","a,30,90,https://web.archive.org/web/20140808224614/http://www.press.sk:80/pre-deti-a-mladez/o,a,30,90,","20140808224614","LISTING"
"http://www.press.sk:80/pre-deti-a-mladez/o","a,30,90/,https://web.archive.org/web/20140810003643/http://www.press.sk:80/pre-deti-a-mladez/o,a,30,90/,","20140810003643","LISTING"
"http://www.press.sk:80/pre-deti-a-mladez/o","a,30,90,https://web.archive.org/web/20140917145647/http://www.press.sk:80/pre-deti-a-mladez/o,a,30,90,","20140917145647","LISTING"
"http://www.press.sk:80/pre-deti-a-mladez/o","a,30,90/,https://web.archive.org/web/20160822084110/http://www.press.sk:80/pre-deti-a-mladez/o,a,30,90/,","20160822084110","LISTING"
"http://www.press.sk:80/pre-deti-a-mladez/o","a,30,90/,https://web.archive.org/web/20170430211454/http://www.press.sk:80/pre-deti-a-mladez/o,a,30,90/,","20170430211454","LISTING"
"http://www.press.sk:80/priroda/n","a/,https://web.archive.org/web/20090421135825/http://www.press.sk:80/priroda/n,a/,","20090421135825","LISTING"
"http://www.press.sk:80/priroda/n","a,30,120/,https://web.archive.org/web/20110217061918/http://www.press.sk:80/priroda/n,a,30,120/,","20110217061918","LISTING"
"http://www.press.sk:80/priroda/n","a,30,150/,https://web.archive.org/web/20110217063039/http://www.press.sk:80/priroda/n,a,30,150/,","20110217063039","LISTING"
"http://www.press.sk:80/priroda/n","a,30,180/,https://web.archive.org/web/20110217043845/http://www.press.sk:80/priroda/n,a,30,180/,","20110217043845","LISTING"
"http://www.press.sk:80/priroda/n","a,30,30/,https://web.archive.org/web/20110217043601/http://www.press.sk:80/priroda/n,a,30,30/,","20110217043601","LISTING"
"http://www.press.sk:80/priroda/n","a,30,60/,https://web.archive.org/web/20110217063045/http://www.press.sk:80/priroda/n,a,30,60/,","20110217063045","LISTING"
"http://www.press.sk:80/priroda/n","a,30,90/,https://web.archive.org/web/20110217063543/http://www.press.sk:80/priroda/n,a,30,90/,","20110217063543","LISTING"
"http://www.press.sk:80/priroda/n","a,5,https://web.archive.org/web/20090522050208/http://www.press.sk:80/priroda/n,a,5,","20090522050208","LISTING"
"http://www.press.sk:80/priroda/n","a,5,https://web.archive.org/web/20090901073702/http://www.press.sk:80/priroda/n,a,5,","20090901073702","LISTING"
"http://www.press.sk:80/priroda/n","a,5,https://web.archive.org/web/20100107161120/http://www.press.sk:80/priroda/n,a,5,","20100107161120","LISTING"
"http://www.press.sk:80/priroda/n","a,5,10/,https://web.archive.org/web/20090421082440/http://www.press.sk:80/priroda/n,a,5,10/,","20090421082440","LISTING"
"http://www.press.sk:80/priroda/n","a,5,15/,https://web.archive.org/web/20090421082450/http://www.press.sk:80/priroda/n,a,5,15/,","20090421082450","LISTING"
"http://www.press.sk:80/priroda/n","a,5, ,20/,https://web.archive.org/web/20090421082455/http://www.press.sk:80/priroda/n,a,5, ,20/,","20090421082455","LISTING"
"http://www.press.sk:80/priroda/n","a,5,40/,https://web.archive.org/web/20090421082511/http://www.press.sk:80/priroda/n,a,5,40/,","20090421082511","LISTING"
"http://www.press.sk:80/priroda/n","a,5,45/,https://web.archive.org/web/20090421072139/http://www.press.sk:80/priroda/n,a,5,45/,","20090421072139","LISTING"
"http://www.press.sk:80/priroda/n","a,5,5/,https://web.archive.org/web/20090421072200/http://www.press.sk:80/priroda/n,a,5,5/,","20090421072200","LISTING"
"http://www.press.sk:80/priroda/o","a,30,120/,https://web.archive.org/web/20110912012049/http://www.press.sk:80/priroda/o,a,30,120/,","20110912012049","LISTING"
"http://www.press.sk/priroda/o","a,30,120/,https://web.archive.org/web/20130622080748/http://www.press.sk/priroda/o,a,30,120/,","20130622080748","LISTING"
"http://www.press.sk:80/priroda/o","a,30,180/,https://web.archive.org/web/20110912071323/http://www.press.sk:80/priroda/o,a,30,180/,","20110912071323","LISTING"
"http://www.press.sk:80/priroda/o","a,30,210/,https://web.archive.org/web/20110912100810/http://www.press.sk:80/priroda/o,a,30,210/,","20110912100810","LISTING"
"http://www.press.sk/priroda/o","a,30,210/,https://web.archive.org/web/20110918102008/http://www.press.sk/priroda/o,a,30,210/,","20110918102008","LISTING"
"http://www.press.sk:80/priroda/o","a,30,30/,https://web.archive.org/web/20110912081716/http://www.press.sk:80/priroda/o,a,30,30/,","20110912081716","LISTING"
"http://www.press.sk/priroda/o","a,30,30/,https://web.archive.org/web/20110921053802/http://www.press.sk/priroda/o,a,30,30/,","20110921053802","LISTING"
"http://www.press.sk/priroda/o","a,30,30/,https://web.archive.org/web/20130622082810/http://www.press.sk/priroda/o,a,30,30/,","20130622082810","LISTING"
"http://www.press.sk/priroda/o","a,30,360/,https://web.archive.org/web/20130622064949/http://www.press.sk/priroda/o,a,30,360/,","20130622064949","LISTING"
"http://www.press.sk/priroda/o","a,30,390/,https://web.archive.org/web/20130622070844/http://www.press.sk/priroda/o,a,30,390/,","20130622070844","LISTING"
"http://www.press.sk:80/priroda/o","a,30,60/,https://web.archive.org/web/20110912065940/http://www.press.sk:80/priroda/o,a,30,60/,","20110912065940","LISTING"
"http://www.press.sk/priroda/o","a,30,60/,https://web.archive.org/web/20110917052532/http://www.press.sk/priroda/o,a,30,60/,","20110917052532","LISTING"
"http://www.press.sk/priroda/o","a,30,60/,https://web.archive.org/web/20130622083409/http://www.press.sk/priroda/o,a,30,60/,","20130622083409","LISTING"
"http://www.press.sk:80/priroda/o","a,30,90/,https://web.archive.org/web/20110910125929/http://www.press.sk:80/priroda/o,a,30,90/,","20110910125929","LISTING"
"http://www.press.sk/priroda/o","a,30,90/,https://web.archive.org/web/20130622080115/http://www.press.sk/priroda/o,a,30,90/,","20130622080115","LISTING"
"http://www.press.sk:80/product_info.php","https://web.archive.org/web/20040507093431/http://www.press.sk:80/product_info.php,","20040507093431","LISTING"
"http://www.press.sk:80/product_info.php","https://web.archive.org/web/20040809022155/http://www.press.sk:80/product_info.php,","20040809022155","LISTING"
"http://www.press.sk:80/product_info.php?cPath=21_29&amp","https://web.archive.org/web/20040925181016/http://www.press.sk:80/product_info.php?cPath=21_29&amp,","20040925181016","LISTING"
"http://www.press.sk:80/product_info.php?products_id=1281&amp","https://web.archive.org/web/20040609194705/http://www.press.sk:80/product_info.php?products_id=1281&amp,","20040609194705","LISTING"
"http://www.press.sk:80/product_info.php?products_id=1281&amp","https://web.archive.org/web/20040806073616/http://www.press.sk:80/product_info.php?products_id=1281&amp,","20040806073616","LISTING"
"http://www.press.sk:80/product_info.php?cPath=21_26&products_id=948","https://web.archive.org/web/20040416050101/http://www.press.sk:80/product_info.php?cPath=21_26&products_id=948,","20040416050101","LISTING"
"http://www.press.sk:80/product_info.php?cPath=21_26&products_id=948","https://web.archive.org/web/20040902230809/http://www.press.sk:80/product_info.php?cPath=21_26&products_id=948,","20040902230809","LISTING"
"http://www.press.sk:80/product_info.php?products_id=1004","https://web.archive.org/web/20040416050152/http://www.press.sk:80/product_info.php?products_id=1004,","20040416050152","LISTING"
"http://www.press.sk:80/product_info.php?products_id=1004","https://web.archive.org/web/20040612051342/http://www.press.sk:80/product_info.php?products_id=1004,","20040612051342","LISTING"
"http://www.press.sk:80/product_info.php?products_id=1004","https://web.archive.org/web/20040902231020/http://www.press.sk:80/product_info.php?products_id=1004,","20040902231020","LISTING"
"http://www.press.sk:80/product_info.php?products_id=1108","https://web.archive.org/web/20040421094115/http://www.press.sk:80/product_info.php?products_id=1108,","20040421094115","LISTING"
"http://www.press.sk:80/product_info.php?products_id=1220","https://web.archive.org/web/20040416050255/http://www.press.sk:80/product_info.php?products_id=1220,","20040416050255","LISTING"
"http://www.press.sk:80/product_info.php?products_id=1220","https://web.archive.org/web/20040612051349/http://www.press.sk:80/product_info.php?products_id=1220,","20040612051349","LISTING"
"http://www.press.sk:80/product_info.php?products_id=1408","https://web.archive.org/web/20040902231113/http://www.press.sk:80/product_info.php?products_id=1408,","20040902231113","LISTING"
"http://www.press.sk:80/product_info.php?products_id=223","https://web.archive.org/web/20040604200946/http://www.press.sk:80/product_info.php?products_id=223,","20040604200946","LISTING"
"http://www.press.sk:80/product_info.php?products_id=223","https://web.archive.org/web/20040807061941/http://www.press.sk:80/product_info.php?products_id=223,","20040807061941","LISTING"
"http://www.press.sk:80/product_info.php?products_id=223","https://web.archive.org/web/20041018222004/http://www.press.sk:80/product_info.php?products_id=223,","20041018222004","LISTING"
"http://www.press.sk:80/product_info.php?products_id=648","https://web.archive.org/web/20040923082124/http://www.press.sk:80/product_info.php?products_id=648,","20040923082124","LISTING"
"http://www.press.sk:80/product_info.php?products_id=956","https://web.archive.org/web/20040416050348/http://www.press.sk:80/product_info.php?products_id=956,","20040416050348","LISTING"
"http://www.press.sk:80/product_info.php?products_id=956","https://web.archive.org/web/20040612051850/http://www.press.sk:80/product_info.php?products_id=956,","20040612051850","LISTING"
"http://www.press.sk:80/rozne-110/n","a,100,https://web.archive.org/web/20090928072930/http://www.press.sk:80/rozne-110/n,a,100,","20090928072930","LISTING"
"http://www.press.sk:80/rozne-110/n","a,100,https://web.archive.org/web/20100125081352/http://www.press.sk:80/rozne-110/n,a,100,","20100125081352","LISTING"
"http://www.press.sk:80/rozne-110/n","a,100,https://web.archive.org/web/20110201024913/http://www.press.sk:80/rozne-110/n,a,100,","20110201024913","LISTING"
"http://www.press.sk:80/rozne-110/n","a,100,https://web.archive.org/web/20110305130853/http://www.press.sk:80/rozne-110/n,a,100,","20110305130853","LISTING"
"http://www.press.sk:80/rozne-110/n","a,30/,https://web.archive.org/web/20090527012238/http://www.press.sk:80/rozne-110/n,a,30/,","20090527012238","LISTING"
"http://www.press.sk:80/rozne-110/n","a,30,30/,https://web.archive.org/web/20090221101119/http://www.press.sk:80/rozne-110/n,a,30,30/,","20090221101119","LISTING"
"http://www.press.sk:80/rozne-110/n","a,30,30,https://web.archive.org/web/20090525094523/http://www.press.sk:80/rozne-110/n,a,30,30,","20090525094523","LISTING"
"http://www.press.sk:80/rozne-110/n","a,30,30/,https://web.archive.org/web/20090527030204/http://www.press.sk:80/rozne-110/n,a,30,30/,","20090527030204","LISTING"
"http://www.press.sk:80/rozne-110/n","a,30,30,https://web.archive.org/web/20101018002306/http://www.press.sk:80/rozne-110/n,a,30,30,","20101018002306","LISTING"
"http://www.press.sk:80/rozne-110/n","a,30,30,https://web.archive.org/web/20101118121323/http://www.press.sk:80/rozne-110/n,a,30,30,","20101118121323","LISTING"
"http://www.press.sk:80/rozne-110/n","a,30,60/,https://web.archive.org/web/20090218195718/http://www.press.sk:80/rozne-110/n,a,30,60/,","20090218195718","LISTING"
"http://www.press.sk:80/rozne-110/n","a,30,60,https://web.archive.org/web/20090525094528/http://www.press.sk:80/rozne-110/n,a,30,60,","20090525094528","LISTING"
"http://www.press.sk:80/rozne-110/n","a,30,60/,https://web.archive.org/web/20090527030211/http://www.press.sk:80/rozne-110/n,a,30,60/,","20090527030211","LISTING"
"http://www.press.sk:80/rozne-110/n","a,30,60,https://web.archive.org/web/20100111024115/http://www.press.sk:80/rozne-110/n,a,30,60,","20100111024115","LISTING"
"http://www.press.sk:80/rozne-110/n","a,30,60,https://web.archive.org/web/20101018002410/http://www.press.sk:80/rozne-110/n,a,30,60,","20101018002410","LISTING"
"http://www.press.sk:80/rozne-110/n","a,30,60,https://web.archive.org/web/20101118122914/http://www.press.sk:80/rozne-110/n,a,30,60,","20101118122914","LISTING"
"http://www.press.sk:80/rozne-110/n","a,30,90/,https://web.archive.org/web/20090220192807/http://www.press.sk:80/rozne-110/n,a,30,90/,","20090220192807","LISTING"
"http://www.press.sk:80/rozne-110/n","a,30,90,https://web.archive.org/web/20090525094533/http://www.press.sk:80/rozne-110/n,a,30,90,","20090525094533","LISTING"
"http://www.press.sk:80/rozne-110/n","a,30,90/,https://web.archive.org/web/20090527030216/http://www.press.sk:80/rozne-110/n,a,30,90/,","20090527030216","LISTING"
"http://www.press.sk:80/rozne-110/n","a,30,90,https://web.archive.org/web/20091224122308/http://www.press.sk:80/rozne-110/n,a,30,90,","20091224122308","LISTING"
"http://www.press.sk:80/rozne-110/o","a,30/,https://web.archive.org/web/20130508231030/http://www.press.sk:80/rozne-110/o,a,30/,","20130508231030","LISTING"
"http://www.press.sk:80/rozne-110/o","a,30/,https://web.archive.org/web/20130916191956/http://www.press.sk:80/rozne-110/o,a,30/,","20130916191956","LISTING"
"http://www.press.sk:80/rozne-110/o","a,30/,https://web.archive.org/web/20140306223840/http://www.press.sk:80/rozne-110/o,a,30/,","20140306223840","LISTING"
"http://www.press.sk:80/rozne-110/o","a,30,30,https://web.archive.org/web/20130507105610/http://www.press.sk:80/rozne-110/o,a,30,30,","20130507105610","LISTING"
"http://www.press.sk:80/rozne-110/o","a,30,30/,https://web.archive.org/web/20130508231035/http://www.press.sk:80/rozne-110/o,a,30,30/,","20130508231035","LISTING"
"http://www.press.sk/rozne-110/o","a,30,30/,https://web.archive.org/web/20130622202848/http://www.press.sk/rozne-110/o,a,30,30/,","20130622202848","LISTING"
"http://www.press.sk:80/rozne-110/o","a,30,30,https://web.archive.org/web/20130915091902/http://www.press.sk:80/rozne-110/o,a,30,30,","20130915091902","LISTING"
"http://www.press.sk:80/rozne-110/o","a,30,30/,https://web.archive.org/web/20130916192148/http://www.press.sk:80/rozne-110/o,a,30,30/,","20130916192148","LISTING"
"http://www.press.sk:80/rozne-110/o","a,30,30,https://web.archive.org/web/20140221073213/http://www.press.sk:80/rozne-110/o,a,30,30,","20140221073213","LISTING"
"http://www.press.sk:80/rozne-110/o","a,30,30/,https://web.archive.org/web/20140306225254/http://www.press.sk:80/rozne-110/o,a,30,30/,","20140306225254","LISTING"
"http://www.press.sk:80/rozne-110/o","a,30,30,https://web.archive.org/web/20140705045318/http://www.press.sk:80/rozne-110/o,a,30,30,","20140705045318","LISTING"
"http://www.press.sk:80/rozne-110/o","a,30,30,https://web.archive.org/web/20140824103116/http://www.press.sk:80/rozne-110/o,a,30,30,","20140824103116","LISTING"
"http://www.press.sk:80/rozne-110/o","a,30,60,https://web.archive.org/web/20130507105615/http://www.press.sk:80/rozne-110/o,a,30,60,","20130507105615","LISTING"
"http://www.press.sk:80/rozne-110/o","a,30,60/,https://web.archive.org/web/20130508231040/http://www.press.sk:80/rozne-110/o,a,30,60/,","20130508231040","LISTING"
"http://www.press.sk/rozne-110/o","a,30,60/,https://web.archive.org/web/20130622201418/http://www.press.sk/rozne-110/o,a,30,60/,","20130622201418","LISTING"
"http://www.press.sk:80/rozne-110/o","a,30,60/,https://web.archive.org/web/20130916152250/http://www.press.sk:80/rozne-110/o,a,30,60/,","20130916152250","LISTING"
"http://www.press.sk:80/rozne-110/o","a,30,60,https://web.archive.org/web/20140302085641/http://www.press.sk:80/rozne-110/o,a,30,60,","20140302085641","LISTING"
"http://www.press.sk:80/rozne-110/o","a,30,60/,https://web.archive.org/web/20140324163823/http://www.press.sk:80/rozne-110/o,a,30,60/,","20140324163823","LISTING"
"http://www.press.sk:80/rozne-110/o","a,30,60,https://web.archive.org/web/20140705173746/http://www.press.sk:80/rozne-110/o,a,30,60,","20140705173746","LISTING"
"http://www.press.sk:80/rozne-110/o","a,30,60,https://web.archive.org/web/20140917184913/http://www.press.sk:80/rozne-110/o,a,30,60,","20140917184913","LISTING"
"http://www.press.sk:80/rozne-110/o","a,30,90/,https://web.archive.org/web/20140306160404/http://www.press.sk:80/rozne-110/o,a,30,90/,","20140306160404","LISTING"
"http://www.press.sk:80/rozne-110/o","a,30,90/,https://web.archive.org/web/20140307213325/http://www.press.sk:80/rozne-110/o,a,30,90/,","20140307213325","LISTING"
"http://www.press.sk:80/rozne-86/o","a,30,30/,https://web.archive.org/web/20110911211244/http://www.press.sk:80/rozne-86/o,a,30,30/,","20110911211244","LISTING"
"http://www.press.sk/rozne-86/o","a,30,30/,https://web.archive.org/web/20130623063650/http://www.press.sk/rozne-86/o,a,30,30/,","20130623063650","LISTING"
"http://www.press.sk/rozne-95/o","a,30,30/,https://web.archive.org/web/20130623175915/http://www.press.sk/rozne-95/o,a,30,30/,","20130623175915","LISTING"
"http://www.press.sk/rozne/o","a,30,30/,https://web.archive.org/web/20130623022805/http://www.press.sk/rozne/o,a,30,30/,","20130623022805","LISTING"
"http://www.press.sk/rozne/o","a,30,60/,https://web.archive.org/web/20130623015536/http://www.press.sk/rozne/o,a,30,60/,","20130623015536","LISTING"
"http://www.press.sk/rozpravky+356/","https://web.archive.org/web/20170615041003/http://www.press.sk/rozpravky+356/,","20170615041003","LISTING"
"http://www.press.sk:80/rucne-prace/n","a,15,https://web.archive.org/web/20100305123524/http://www.press.sk:80/rucne-prace/n,a,15,","20100305123524","LISTING"
"http://www.press.sk:80/rucne-prace/n","a,15,https://web.archive.org/web/20100405041749/http://www.press.sk:80/rucne-prace/n,a,15,","20100405041749","LISTING"
"http://www.press.sk:80/rucne-prace/n","a,15,https://web.archive.org/web/20100507052114/http://www.press.sk:80/rucne-prace/n,a,15,","20100507052114","LISTING"
"http://www.press.sk:80/rucne-prace/n","a,15,15/,https://web.archive.org/web/20100307132347/http://www.press.sk:80/rucne-prace/n,a,15,15/,","20100307132347","LISTING"
"http://www.press.sk:80/rucne-prace/n","a,15,15,https://web.archive.org/web/20100308215321/http://www.press.sk:80/rucne-prace/n,a,15,15,","20100308215321","LISTING"
"http://www.press.sk:80/rucne-prace/n","a,15,15/,https://web.archive.org/web/20100507081553/http://www.press.sk:80/rucne-prace/n,a,15,15/,","20100507081553","LISTING"
"http://www.press.sk:80/rucne-prace/n","a,15,30/,https://web.archive.org/web/20100307171827/http://www.press.sk:80/rucne-prace/n,a,15,30/,","20100307171827","LISTING"
"http://www.press.sk:80/rucne-prace/n","a,15,30,https://web.archive.org/web/20100308052015/http://www.press.sk:80/rucne-prace/n,a,15,30,","20100308052015","LISTING"
"http://www.press.sk:80/rucne-prace/n","a,15,30,https://web.archive.org/web/20100408020221/http://www.press.sk:80/rucne-prace/n,a,15,30,","20100408020221","LISTING"
"http://www.press.sk:80/rucne-prace/n","a,15,45/,https://web.archive.org/web/20100307123512/http://www.press.sk:80/rucne-prace/n,a,15,45/,","20100307123512","LISTING"
"http://www.press.sk:80/rucne-prace/n","a,15,45,https://web.archive.org/web/20100308223624/http://www.press.sk:80/rucne-prace/n,a,15,45,","20100308223624","LISTING"
"http://www.press.sk:80/rucne-prace/n","a,15,45/,https://web.archive.org/web/20100507081614/http://www.press.sk:80/rucne-prace/n,a,15,45/,","20100507081614","LISTING"
"http://www.press.sk:80/rucne-prace/n","a,30,30/,https://web.archive.org/web/20091203154112/http://www.press.sk:80/rucne-prace/n,a,30,30/,","20091203154112","LISTING"
"http://www.press.sk:80/rucne-prace/n","a,30,30/,https://web.archive.org/web/20110625153709/http://www.press.sk:80/rucne-prace/n,a,30,30/,","20110625153709","LISTING"
"http://www.press.sk:80/rucne-prace/o","a,30,https://web.archive.org/web/20130716154247/http://www.press.sk:80/rucne-prace/o,a,30,","20130716154247","LISTING"
"http://www.press.sk:80/rucne-prace/o","a,30,https://web.archive.org/web/20130819090737/http://www.press.sk:80/rucne-prace/o,a,30,","20130819090737","LISTING"
"http://www.press.sk:80/rucne-prace/o","a,30,https://web.archive.org/web/20130921065829/http://www.press.sk:80/rucne-prace/o,a,30,","20130921065829","LISTING"
"http://www.press.sk:80/rucne-prace/o","a,30,https://web.archive.org/web/20131024062429/http://www.press.sk:80/rucne-prace/o,a,30,","20131024062429","LISTING"
"http://www.press.sk:80/rucne-prace/o","a,30,https://web.archive.org/web/20140221073758/http://www.press.sk:80/rucne-prace/o,a,30,","20140221073758","LISTING"
"http://www.press.sk:80/rucne-prace/o","a,30,https://web.archive.org/web/20140709080102/http://www.press.sk:80/rucne-prace/o,a,30,","20140709080102","LISTING"
"http://www.press.sk:80/rucne-prace/o","a,30,https://web.archive.org/web/20140917082327/http://www.press.sk:80/rucne-prace/o,a,30,","20140917082327","LISTING"
"http://www.press.sk:80/rucne-prace/o","a,30/,https://web.archive.org/web/20141015042837/http://www.press.sk:80/rucne-prace/o,a,30/,","20141015042837","LISTING"
"http://www.press.sk:80/rucne-prace/o","a,30,120,https://web.archive.org/web/20141014105234/http://www.press.sk:80/rucne-prace/o,a,30,120,","20141014105234","LISTING"
"http://www.press.sk:80/rucne-prace/o","a,30,120/,https://web.archive.org/web/20141015042842/http://www.press.sk:80/rucne-prace/o,a,30,120/,","20141015042842","LISTING"
"http://www.press.sk:80/rucne-prace/o","a,30,120,https://web.archive.org/web/20141116153842/http://www.press.sk:80/rucne-prace/o,a,30,120,","20141116153842","LISTING"
"http://www.press.sk:80/rucne-prace/o","a,30,120,https://web.archive.org/web/20141216214908/http://www.press.sk:80/rucne-prace/o,a,30,120,","20141216214908","LISTING"
"http://www.press.sk:80/rucne-prace/o","a,30,120,https://web.archive.org/web/20150117043523/http://www.press.sk:80/rucne-prace/o,a,30,120,","20150117043523","LISTING"
"http://www.press.sk:80/rucne-prace/o","a,30,30/,https://web.archive.org/web/20110912094254/http://www.press.sk:80/rucne-prace/o,a,30,30/,","20110912094254","LISTING"
"http://www.press.sk/rucne-prace/o","a,30,30/,https://web.archive.org/web/20130623120945/http://www.press.sk/rucne-prace/o,a,30,30/,","20130623120945","LISTING"
"http://www.press.sk:80/rucne-prace/o","a,30,30,https://web.archive.org/web/20130716154044/http://www.press.sk:80/rucne-prace/o,a,30,30,","20130716154044","LISTING"
"http://www.press.sk:80/rucne-prace/o","a,30,30,https://web.archive.org/web/20130819081750/http://www.press.sk:80/rucne-prace/o,a,30,30,","20130819081750","LISTING"
"http://www.press.sk:80/rucne-prace/o","a,30,30,https://web.archive.org/web/20130920213143/http://www.press.sk:80/rucne-prace/o,a,30,30,","20130920213143","LISTING"
"http://www.press.sk:80/rucne-prace/o","a,30,30,https://web.archive.org/web/20140222103151/http://www.press.sk:80/rucne-prace/o,a,30,30,","20140222103151","LISTING"
"http://www.press.sk:80/rucne-prace/o","a,30,30,https://web.archive.org/web/20140708025754/http://www.press.sk:80/rucne-prace/o,a,30,30,","20140708025754","LISTING"
"http://www.press.sk:80/rucne-prace/o","a,30,30,https://web.archive.org/web/20140824100235/http://www.press.sk:80/rucne-prace/o,a,30,30,","20140824100235","LISTING"
"http://www.press.sk:80/rucne-prace/o","a,30,30,https://web.archive.org/web/20141014105239/http://www.press.sk:80/rucne-prace/o,a,30,30,","20141014105239","LISTING"
"http://www.press.sk:80/rucne-prace/o","a,30,30/,https://web.archive.org/web/20141015012418/http://www.press.sk:80/rucne-prace/o,a,30,30/,","20141015012418","LISTING"
"http://www.press.sk:80/rucne-prace/o","a,30,30,https://web.archive.org/web/20141115130644/http://www.press.sk:80/rucne-prace/o,a,30,30,","20141115130644","LISTING"
"http://www.press.sk:80/rucne-prace/o","a,30,30,https://web.archive.org/web/20141215201630/http://www.press.sk:80/rucne-prace/o,a,30,30,","20141215201630","LISTING"
"http://www.press.sk:80/rucne-prace/o","a,30,30,https://web.archive.org/web/20150116014230/http://www.press.sk:80/rucne-prace/o,a,30,30,","20150116014230","LISTING"
"http://www.press.sk/rucne-prace/o","a,30,60/,https://web.archive.org/web/20130623120122/http://www.press.sk/rucne-prace/o,a,30,60/,","20130623120122","LISTING"
"http://www.press.sk:80/rucne-prace/o","a,30,60,https://web.archive.org/web/20141014105351/http://www.press.sk:80/rucne-prace/o,a,30,60,","20141014105351","LISTING"
"http://www.press.sk:80/rucne-prace/o","a,30,60/,https://web.archive.org/web/20141015012426/http://www.press.sk:80/rucne-prace/o,a,30,60/,","20141015012426","LISTING"
"http://www.press.sk:80/rucne-prace/o","a,30,60,https://web.archive.org/web/20141115130659/http://www.press.sk:80/rucne-prace/o,a,30,60,","20141115130659","LISTING"
"http://www.press.sk:80/rucne-prace/o","a,30,60,https://web.archive.org/web/20141215201648/http://www.press.sk:80/rucne-prace/o,a,30,60,","20141215201648","LISTING"
"http://www.press.sk:80/rucne-prace/o","a,30,60,https://web.archive.org/web/20150116014525/http://www.press.sk:80/rucne-prace/o,a,30,60,","20150116014525","LISTING"
"http://www.press.sk/rucne-prace/o","a,30,90/,https://web.archive.org/web/20130623122703/http://www.press.sk/rucne-prace/o,a,30,90/,","20130623122703","LISTING"
"http://www.press.sk:80/rucne-prace/o","a,30,90,https://web.archive.org/web/20141014105251/http://www.press.sk:80/rucne-prace/o,a,30,90,","20141014105251","LISTING"
"http://www.press.sk:80/rucne-prace/o","a,30,90/,https://web.archive.org/web/20141015012445/http://www.press.sk:80/rucne-prace/o,a,30,90/,","20141015012445","LISTING"
"http://www.press.sk:80/rucne-prace/o","a,30,90,https://web.archive.org/web/20141115131127/http://www.press.sk:80/rucne-prace/o,a,30,90,","20141115131127","LISTING"
"http://www.press.sk:80/rucne-prace/o","a,30,90,https://web.archive.org/web/20141215201413/http://www.press.sk:80/rucne-prace/o,a,30,90,","20141215201413","LISTING"
"http://www.press.sk:80/rucne-prace/o","a,30,90,https://web.archive.org/web/20150116014528/http://www.press.sk:80/rucne-prace/o,a,30,90,","20150116014528","LISTING"
"http://www.press.sk:80/rybarstvo/n","a,30/,https://web.archive.org/web/20090817224122/http://www.press.sk:80/rybarstvo/n,a,30/,","20090817224122","LISTING"
"http://www.press.sk:80/rybarstvo/n","a,30,30,https://web.archive.org/web/20090816092849/http://www.press.sk:80/rybarstvo/n,a,30,30,","20090816092849","LISTING"
"http://www.press.sk:80/rybarstvo/n","a,30,30/,https://web.archive.org/web/20090817143058/http://www.press.sk:80/rybarstvo/n,a,30,30/,","20090817143058","LISTING"
"http://www.press.sk/rybarstvo/o","a,30,30/,https://web.archive.org/web/20130623014312/http://www.press.sk/rybarstvo/o,a,30,30/,","20130623014312","LISTING"
"http://www.press.sk:80/sociologia/","https://web.archive.org/web/20090120064618/http://www.press.sk:80/sociologia/,","20090120064618","LISTING"
"http://www.press.sk:80/specialne-jednotky/n","a,30/,https://web.archive.org/web/20090218113741/http://www.press.sk:80/specialne-jednotky/n,a,30/,","20090218113741","LISTING"
"http://www.press.sk:80/specialne-jednotky/n","a,30,30,https://web.archive.org/web/20090216113105/http://www.press.sk:80/specialne-jednotky/n,a,30,30,","20090216113105","LISTING"
"http://www.press.sk:80/specialne-jednotky/n","a,30,30/,https://web.archive.org/web/20090217191859/http://www.press.sk:80/specialne-jednotky/n,a,30,30/,","20090217191859","LISTING"
"http://www.press.sk:80/specialne-jednotky/n","a,30,30,https://web.archive.org/web/20090319014454/http://www.press.sk:80/specialne-jednotky/n,a,30,30,","20090319014454","LISTING"
"http://www.press.sk:80/specialne-jednotky/n","a,30,30,https://web.archive.org/web/20090419005159/http://www.press.sk:80/specialne-jednotky/n,a,30,30,","20090419005159","LISTING"
"http://www.press.sk:80/specialne-jednotky/n","a,30,30,https://web.archive.org/web/20090522045655/http://www.press.sk:80/specialne-jednotky/n,a,30,30,","20090522045655","LISTING"
"http://www.press.sk:80/specialne-jednotky/n","a,30,30,https://web.archive.org/web/20091001061159/http://www.press.sk:80/specialne-jednotky/n,a,30,30,","20091001061159","LISTING"
"http://www.press.sk:80/specialne-jednotky/n","a,30,30,https://web.archive.org/web/20100107161535/http://www.press.sk:80/specialne-jednotky/n,a,30,30,","20100107161535","LISTING"
"http://www.press.sk:80/specialne-jednotky/o","a,30/,https://web.archive.org/web/20130825012143/http://www.press.sk:80/specialne-jednotky/o,a,30/,","20130825012143","LISTING"
"http://www.press.sk/specialne-jednotky/o","a,30,30/,https://web.archive.org/web/20130622174833/http://www.press.sk/specialne-jednotky/o,a,30,30/,","20130622174833","LISTING"
"http://www.press.sk:80/specialne-jednotky/o","a,30,30,https://web.archive.org/web/20130823192658/http://www.press.sk:80/specialne-jednotky/o,a,30,30,","20130823192658","LISTING"
"http://www.press.sk:80/specialne-jednotky/o","a,30,30/,https://web.archive.org/web/20130825012148/http://www.press.sk:80/specialne-jednotky/o,a,30,30/,","20130825012148","LISTING"
"http://www.press.sk:80/specialne-jednotky/o","a,30,30,https://web.archive.org/web/20130924184630/http://www.press.sk:80/specialne-jednotky/o,a,30,30,","20130924184630","LISTING"
"http://www.press.sk:80/specialne-jednotky/o","a,30,30,https://web.archive.org/web/20140222071701/http://www.press.sk:80/specialne-jednotky/o,a,30,30,","20140222071701","LISTING"
"http://www.press.sk:80/specialne-jednotky/o","a,30,30,https://web.archive.org/web/20140704080338/http://www.press.sk:80/specialne-jednotky/o,a,30,30,","20140704080338","LISTING"
"http://www.press.sk/specialne-jednotky/o","a,30,60/,https://web.archive.org/web/20130622181513/http://www.press.sk/specialne-jednotky/o,a,30,60/,","20130622181513","LISTING"
"http://www.press.sk:80/specialne-jednotky/o","a,30,60,https://web.archive.org/web/20130823192703/http://www.press.sk:80/specialne-jednotky/o,a,30,60,","20130823192703","LISTING"
"http://www.press.sk:80/specialne-jednotky/o","a,30,60/,https://web.archive.org/web/20130825012210/http://www.press.sk:80/specialne-jednotky/o,a,30,60/,","20130825012210","LISTING"
"http://www.press.sk:80/specialne-jednotky/o","a,30,60,https://web.archive.org/web/20130925000207/http://www.press.sk:80/specialne-jednotky/o,a,30,60,","20130925000207","LISTING"
"http://www.press.sk:80/specialne-jednotky/o","a,30,60,https://web.archive.org/web/20140220214302/http://www.press.sk:80/specialne-jednotky/o,a,30,60,","20140220214302","LISTING"
"http://www.press.sk:80/specialne-jednotky/o","a,30,60,https://web.archive.org/web/20140705024529/http://www.press.sk:80/specialne-jednotky/o,a,30,60,","20140705024529","LISTING"
"http://www.press.sk:80/specialne-jednotky/o","a,30,90,https://web.archive.org/web/20130823192707/http://www.press.sk:80/specialne-jednotky/o,a,30,90,","20130823192707","LISTING"
"http://www.press.sk:80/specialne-jednotky/o","a,30,90/,https://web.archive.org/web/20130825012215/http://www.press.sk:80/specialne-jednotky/o,a,30,90/,","20130825012215","LISTING"
"http://www.press.sk:80/specialne-jednotky/o","a,30,90,https://web.archive.org/web/20130924194212/http://www.press.sk:80/specialne-jednotky/o,a,30,90,","20130924194212","LISTING"
"http://www.press.sk:80/specialne-jednotky/o","a,30,90,https://web.archive.org/web/20140218230857/http://www.press.sk:80/specialne-jednotky/o,a,30,90,","20140218230857","LISTING"
"http://www.press.sk:80/specialne-jednotky/o","a,30,90,https://web.archive.org/web/20140706071725/http://www.press.sk:80/specialne-jednotky/o,a,30,90,","20140706071725","LISTING"
"http://www.press.sk:80/spolocenske-vedy/n","a,30,30/,https://web.archive.org/web/20110517093929/http://www.press.sk:80/spolocenske-vedy/n,a,30,30/,","20110517093929","LISTING"
"http://www.press.sk/spolocenske-vedy/o","a,30,30/,https://web.archive.org/web/20130622113613/http://www.press.sk/spolocenske-vedy/o,a,30,30/,","20130622113613","LISTING"
"http://www.press.sk/spolocenske-vedy/o","a,30,60/,https://web.archive.org/web/20130622112034/http://www.press.sk/spolocenske-vedy/o,a,30,60/,","20130622112034","LISTING"
"http://www.press.sk/spolocenske-vedy/o","a,30,90/,https://web.archive.org/web/20130622111534/http://www.press.sk/spolocenske-vedy/o,a,30,90/,","20130622111534","LISTING"
"http://www.press.sk:80/spravodajske-sluzby","https://web.archive.org/web/20100126044720/http://www.press.sk:80/spravodajske-sluzby,","20100126044720","LISTING"
"http://www.press.sk:80/spravodajske-sluzby/n","a,30/,https://web.archive.org/web/20081109075326/http://www.press.sk:80/spravodajske-sluzby/n,a,30/,","20081109075326","LISTING"
"http://www.press.sk:80/spravodajske-sluzby/n","a,30,30/,https://web.archive.org/web/20081109073303/http://www.press.sk:80/spravodajske-sluzby/n,a,30,30/,","20081109073303","LISTING"
"http://www.press.sk:80/spravodajske-sluzby/n","a,30,30/,https://web.archive.org/web/20090218135732/http://www.press.sk:80/spravodajske-sluzby/n,a,30,30/,","20090218135732","LISTING"
"http://www.press.sk/spravodajske-sluzby/o","a,30,30/,https://web.archive.org/web/20130622205439/http://www.press.sk/spravodajske-sluzby/o,a,30,30/,","20130622205439","LISTING"
"http://www.press.sk:80/sprievodcovia/","https://web.archive.org/web/20091025224614/http://www.press.sk:80/sprievodcovia/,","20091025224614","LISTING"
"http://www.press.sk/star-wars-kultovni-plavidla-a-vozidla/o","a,30,30/,https://web.archive.org/web/20130621045225/http://www.press.sk/star-wars-kultovni-plavidla-a-vozidla/o,a,30,30/,","20130621045225","LISTING"
"http://www.press.sk:80/stavebnice/o","a,100,https://web.archive.org/web/20170528172529/http://www.press.sk:80/stavebnice/o,a,100,","20170528172529","LISTING"
"http://www.press.sk:80/stavebnice/o","a,100,100,https://web.archive.org/web/20170529023644/http://www.press.sk:80/stavebnice/o,a,100,100,","20170529023644","LISTING"
"http://www.press.sk:80/stavebnice/o","a,100, ,200,https://web.archive.org/web/20170528172532/http://www.press.sk:80/stavebnice/o,a,100, ,200,","20170528172532","LISTING"
"http://www.press.sk:80/stavebnice/o","a,30,180,https://web.archive.org/web/20170528172441/http://www.press.sk:80/stavebnice/o,a,30,180,","20170528172441","LISTING"
"http://www.press.sk/stihaci-v-boji/o","a,30,30/,https://web.archive.org/web/20130620132444/http://www.press.sk/stihaci-v-boji/o,a,30,30/,","20130620132444","LISTING"
"http://www.press.sk:80/stredovek/","https://web.archive.org/web/20091115135410/http://www.press.sk:80/stredovek/,","20091115135410","LISTING"
"http://www.press.sk:80/suveniry-modely/n","a,30,https://web.archive.org/web/20170330210811/http://www.press.sk:80/suveniry-modely/n,a,30,","20170330210811","LISTING"
"http://www.press.sk:80/suveniry-modely/n","a,30,https://web.archive.org/web/20170511101348/http://www.press.sk:80/suveniry-modely/n,a,30,","20170511101348","LISTING"
"http://www.press.sk:80/suveniry-modely/n","a,30,https://web.archive.org/web/20170611141445/http://www.press.sk:80/suveniry-modely/n,a,30,","20170611141445","LISTING"
"http://www.press.sk:80/suveniry-modely/n","a,30/,https://web.archive.org/web/20081227015513/http://www.press.sk:80/suveniry-modely/n,a,30/,","20081227015513","LISTING"
"http://www.press.sk:80/suveniry-modely/n","a,30/,https://web.archive.org/web/20090126121653/http://www.press.sk:80/suveniry-modely/n,a,30/,","20090126121653","LISTING"
"http://www.press.sk:80/suveniry-modely/n","a,30/,https://web.archive.org/web/20090226005629/http://www.press.sk:80/suveniry-modely/n,a,30/,","20090226005629","LISTING"
"http://www.press.sk:80/suveniry-modely/n","a,30/,https://web.archive.org/web/20090328174057/http://www.press.sk:80/suveniry-modely/n,a,30/,","20090328174057","LISTING"
"http://www.press.sk:80/suveniry-modely/n","a,30/,https://web.archive.org/web/20090428171241/http://www.press.sk:80/suveniry-modely/n,a,30/,","20090428171241","LISTING"
"http://www.press.sk:80/suveniry-modely/n","a,30/,https://web.archive.org/web/20100107192139/http://www.press.sk:80/suveniry-modely/n,a,30/,","20100107192139","LISTING"
"http://www.press.sk:80/suveniry-modely/n","a,30,https://web.archive.org/web/20101223123455/http://www.press.sk:80/suveniry-modely/n,a,30,","20101223123455","LISTING"
"http://www.press.sk:80/suveniry-modely/n","a,30/,https://web.archive.org/web/20101228032846/http://www.press.sk:80/suveniry-modely/n,a,30/,","20101228032846","LISTING"
"http://www.press.sk:80/suveniry-modely/n","a,30,https://web.archive.org/web/20110123062219/http://www.press.sk:80/suveniry-modely/n,a,30,","20110123062219","LISTING"
"http://www.press.sk:80/suveniry-modely/n","a,30,https://web.archive.org/web/20110124141351/http://www.press.sk:80/suveniry-modely/n,a,30,","20110124141351","LISTING"
"http://www.press.sk:80/suveniry-modely/n","a,30,https://web.archive.org/web/20110303003910/http://www.press.sk:80/suveniry-modely/n,a,30,","20110303003910","LISTING"
"http://www.press.sk:80/suveniry-modely/n","a,30/,https://web.archive.org/web/20110303122848/http://www.press.sk:80/suveniry-modely/n,a,30/,","20110303122848","LISTING"
"http://www.press.sk:80/suveniry-modely/n","a,30,https://web.archive.org/web/20110403162604/http://www.press.sk:80/suveniry-modely/n,a,30,","20110403162604","LISTING"
"http://www.press.sk:80/suveniry-modely/n","a,30/,https://web.archive.org/web/20110912065604/http://www.press.sk:80/suveniry-modely/n,a,30/,","20110912065604","LISTING"
"http://www.press.sk:80/suveniry-modely/n","a,30,1080/,https://web.archive.org/web/20170331175157/http://www.press.sk:80/suveniry-modely/n,a,30,1080/,","20170331175157","LISTING"
"http://www.press.sk:80/suveniry-modely/n","a,30,120,https://web.archive.org/web/20110301182216/http://www.press.sk:80/suveniry-modely/n,a,30,120,","20110301182216","LISTING"
"http://www.press.sk:80/suveniry-modely/n","a,30,120/,https://web.archive.org/web/20110303213946/http://www.press.sk:80/suveniry-modely/n,a,30,120/,","20110303213946","LISTING"
"http://www.press.sk:80/suveniry-modely/n","a,30,120,https://web.archive.org/web/20110401194354/http://www.press.sk:80/suveniry-modely/n,a,30,120,","20110401194354","LISTING"
"http://www.press.sk:80/suveniry-modely/n","a,30,120,https://web.archive.org/web/20110504073357/http://www.press.sk:80/suveniry-modely/n,a,30,120,","20110504073357","LISTING"
"http://www.press.sk:80/suveniry-modely/n","a,30,120,https://web.archive.org/web/20110606004054/http://www.press.sk:80/suveniry-modely/n,a,30,120,","20110606004054","LISTING"
"http://www.press.sk:80/suveniry-modely/n","a,30,120/,https://web.archive.org/web/20110912072648/http://www.press.sk:80/suveniry-modely/n,a,30,120/,","20110912072648","LISTING"
"http://www.press.sk:80/suveniry-modely/n","a,30,150,https://web.archive.org/web/20110323114852/http://www.press.sk:80/suveniry-modely/n,a,30,150,","20110323114852","LISTING"
"http://www.press.sk:80/suveniry-modely/n","a,30,150/,https://web.archive.org/web/20110325195940/http://www.press.sk:80/suveniry-modely/n,a,30,150/,","20110325195940","LISTING"
"http://www.press.sk:80/suveniry-modely/n","a,30,150/,https://web.archive.org/web/20110326210450/http://www.press.sk:80/suveniry-modely/n,a,30,150/,","20110326210450","LISTING"
"http://www.press.sk:80/suveniry-modely/n","a,30,150,https://web.archive.org/web/20110423232603/http://www.press.sk:80/suveniry-modely/n,a,30,150,","20110423232603","LISTING"
"http://www.press.sk:80/suveniry-modely/n","a,30,150/,https://web.archive.org/web/20110912035109/http://www.press.sk:80/suveniry-modely/n,a,30,150/,","20110912035109","LISTING"
"http://www.press.sk:80/suveniry-modely/n","a,30,180/,https://web.archive.org/web/20110913101620/http://www.press.sk:80/suveniry-modely/n,a,30,180/,","20110913101620","LISTING"
"http://www.press.sk:80/suveniry-modely/n","a,30,30/,https://web.archive.org/web/20081026025956/http://www.press.sk:80/suveniry-modely/n,a,30,30/,","20081026025956","LISTING"
"http://www.press.sk:80/suveniry-modely/n","a,30,30/,https://web.archive.org/web/20081219164136/http://www.press.sk:80/suveniry-modely/n,a,30,30/,","20081219164136","LISTING"
"http://www.press.sk:80/suveniry-modely/n","a,30,30/,https://web.archive.org/web/20081227020913/http://www.press.sk:80/suveniry-modely/n,a,30,30/,","20081227020913","LISTING"
"http://www.press.sk:80/suveniry-modely/n","a,30,30,https://web.archive.org/web/20090117042024/http://www.press.sk:80/suveniry-modely/n,a,30,30,","20090117042024","LISTING"
"http://www.press.sk:80/suveniry-modely/n","a,30,30/,https://web.archive.org/web/20090126121256/http://www.press.sk:80/suveniry-modely/n,a,30,30/,","20090126121256","LISTING"
"http://www.press.sk:80/suveniry-modely/n","a,30,30,https://web.archive.org/web/20090217075556/http://www.press.sk:80/suveniry-modely/n,a,30,30,","20090217075556","LISTING"
"http://www.press.sk:80/suveniry-modely/n","a,30,30/,https://web.archive.org/web/20090226011331/http://www.press.sk:80/suveniry-modely/n,a,30,30/,","20090226011331","LISTING"
"http://www.press.sk:80/suveniry-modely/n","a,30,30,https://web.archive.org/web/20090320191619/http://www.press.sk:80/suveniry-modely/n,a,30,30,","20090320191619","LISTING"
"http://www.press.sk:80/suveniry-modely/n","a,30,30/,https://web.archive.org/web/20090328182215/http://www.press.sk:80/suveniry-modely/n,a,30,30/,","20090328182215","LISTING"
"http://www.press.sk:80/suveniry-modely/n","a,30,30,https://web.archive.org/web/20090420100306/http://www.press.sk:80/suveniry-modely/n,a,30,30,","20090420100306","LISTING"
"http://www.press.sk:80/suveniry-modely/n","a,30,30/,https://web.archive.org/web/20090429020256/http://www.press.sk:80/suveniry-modely/n,a,30,30/,","20090429020256","LISTING"
"http://www.press.sk:80/suveniry-modely/n","a,30,30,https://web.archive.org/web/20090523051333/http://www.press.sk:80/suveniry-modely/n,a,30,30,","20090523051333","LISTING"
"http://www.press.sk:80/suveniry-modely/n","a,30,30,https://web.archive.org/web/20100111152813/http://www.press.sk:80/suveniry-modely/n,a,30,30,","20100111152813","LISTING"
"http://www.press.sk:80/suveniry-modely/n","a,30,30/,https://web.archive.org/web/20100126044736/http://www.press.sk:80/suveniry-modely/n,a,30,30/,","20100126044736","LISTING"
"http://www.press.sk:80/suveniry-modely/n","a,30,30,https://web.archive.org/web/20100501073942/http://www.press.sk:80/suveniry-modely/n,a,30,30,","20100501073942","LISTING"
"http://www.press.sk:80/suveniry-modely/n","a,30,30,https://web.archive.org/web/20101024114955/http://www.press.sk:80/suveniry-modely/n,a,30,30,","20101024114955","LISTING"
"http://www.press.sk:80/suveniry-modely/n","a,30,30,https://web.archive.org/web/20101124223155/http://www.press.sk:80/suveniry-modely/n,a,30,30,","20101124223155","LISTING"
"http://www.press.sk:80/suveniry-modely/n","a,30,30,https://web.archive.org/web/20101227212332/http://www.press.sk:80/suveniry-modely/n,a,30,30,","20101227212332","LISTING"
"http://www.press.sk:80/suveniry-modely/n","a,30,30/,https://web.archive.org/web/20101230164434/http://www.press.sk:80/suveniry-modely/n,a,30,30/,","20101230164434","LISTING"
"http://www.press.sk:80/suveniry-modely/n","a,30,30,https://web.archive.org/web/20110128040737/http://www.press.sk:80/suveniry-modely/n,a,30,30,","20110128040737","LISTING"
"http://www.press.sk:80/suveniry-modely/n","a,30,30,https://web.archive.org/web/20110303002200/http://www.press.sk:80/suveniry-modely/n,a,30,30,","20110303002200","LISTING"
"http://www.press.sk:80/suveniry-modely/n","a,30,30/,https://web.archive.org/web/20110305153226/http://www.press.sk:80/suveniry-modely/n,a,30,30/,","20110305153226","LISTING"
"http://www.press.sk:80/suveniry-modely/n","a,30,30,https://web.archive.org/web/20110317172917/http://www.press.sk:80/suveniry-modely/n,a,30,30,","20110317172917","LISTING"
"http://www.press.sk:80/suveniry-modely/n","a,30,30,https://web.archive.org/web/20110411104747/http://www.press.sk:80/suveniry-modely/n,a,30,30,","20110411104747","LISTING"
"http://www.press.sk:80/suveniry-modely/n","a,30,30,https://web.archive.org/web/20110512194458/http://www.press.sk:80/suveniry-modely/n,a,30,30,","20110512194458","LISTING"
"http://www.press.sk:80/suveniry-modely/n","a,30,30,https://web.archive.org/web/20110614113616/http://www.press.sk:80/suveniry-modely/n,a,30,30,","20110614113616","LISTING"
"http://www.press.sk:80/suveniry-modely/n","a,30,30,https://web.archive.org/web/20110715154101/http://www.press.sk:80/suveniry-modely/n,a,30,30,","20110715154101","LISTING"
"http://www.press.sk:80/suveniry-modely/n","a,30,30,https://web.archive.org/web/20110816034954/http://www.press.sk:80/suveniry-modely/n,a,30,30,","20110816034954","LISTING"
"http://www.press.sk:80/suveniry-modely/n","a,30,30/,https://web.archive.org/web/20110912030907/http://www.press.sk:80/suveniry-modely/n,a,30,30/,","20110912030907","LISTING"
"http://www.press.sk:80/suveniry-modely/n","a,30,30,https://web.archive.org/web/20110913011603/http://www.press.sk:80/suveniry-modely/n,a,30,30,","20110913011603","LISTING"
"http://www.press.sk:80/suveniry-modely/n","a,30,30/,https://web.archive.org/web/20170331175743/http://www.press.sk:80/suveniry-modely/n,a,30,30/,","20170331175743","LISTING"
"http://www.press.sk:80/suveniry-modely/n","a,30,60,https://web.archive.org/web/20100313134614/http://www.press.sk:80/suveniry-modely/n,a,30,60,","20100313134614","LISTING"
"http://www.press.sk:80/suveniry-modely/n","a,30,60/,https://web.archive.org/web/20100314223657/http://www.press.sk:80/suveniry-modely/n,a,30,60/,","20100314223657","LISTING"
"http://www.press.sk:80/suveniry-modely/n","a,30,60/,https://web.archive.org/web/20100516054709/http://www.press.sk:80/suveniry-modely/n,a,30,60/,","20100516054709","LISTING"
"http://www.press.sk:80/suveniry-modely/n","a,30,60,https://web.archive.org/web/20101024110731/http://www.press.sk:80/suveniry-modely/n,a,30,60,","20101024110731","LISTING"
"http://www.press.sk:80/suveniry-modely/n","a,30,60,https://web.archive.org/web/20101124220421/http://www.press.sk:80/suveniry-modely/n,a,30,60,","20101124220421","LISTING"
"http://www.press.sk:80/suveniry-modely/n","a,30,60,https://web.archive.org/web/20101126000146/http://www.press.sk:80/suveniry-modely/n,a,30,60,","20101126000146","LISTING"
"http://www.press.sk:80/suveniry-modely/n","a,30,60/,https://web.archive.org/web/20101226215422/http://www.press.sk:80/suveniry-modely/n,a,30,60/,","20101226215422","LISTING"
"http://www.press.sk:80/suveniry-modely/n","a,30,60,https://web.archive.org/web/20101227221651/http://www.press.sk:80/suveniry-modely/n,a,30,60,","20101227221651","LISTING"
"http://www.press.sk:80/suveniry-modely/n","a,30,60,https://web.archive.org/web/20110128041329/http://www.press.sk:80/suveniry-modely/n,a,30,60,","20110128041329","LISTING"
"http://www.press.sk:80/suveniry-modely/n","a,30,60,https://web.archive.org/web/20110302233118/http://www.press.sk:80/suveniry-modely/n,a,30,60,","20110302233118","LISTING"
"http://www.press.sk:80/suveniry-modely/n","a,30,60/,https://web.archive.org/web/20110303152042/http://www.press.sk:80/suveniry-modely/n,a,30,60/,","20110303152042","LISTING"
"http://www.press.sk:80/suveniry-modely/n","a,30,60,https://web.archive.org/web/20110403154231/http://www.press.sk:80/suveniry-modely/n,a,30,60,","20110403154231","LISTING"
"http://www.press.sk:80/suveniry-modely/n","a,30,60,https://web.archive.org/web/20110504223529/http://www.press.sk:80/suveniry-modely/n,a,30,60,","20110504223529","LISTING"
"http://www.press.sk:80/suveniry-modely/n","a,30,60,https://web.archive.org/web/20110606010733/http://www.press.sk:80/suveniry-modely/n,a,30,60,","20110606010733","LISTING"
"http://www.press.sk:80/suveniry-modely/n","a,30,60,https://web.archive.org/web/20110831005959/http://www.press.sk:80/suveniry-modely/n,a,30,60,","20110831005959","LISTING"
"http://www.press.sk:80/suveniry-modely/n","a,30,60,https://web.archive.org/web/20110912072731/http://www.press.sk:80/suveniry-modely/n,a,30,60,","20110912072731","LISTING"
"http://www.press.sk:80/suveniry-modely/n","a,30,60/,https://web.archive.org/web/20110912081410/http://www.press.sk:80/suveniry-modely/n,a,30,60/,","20110912081410","LISTING"
"http://www.press.sk:80/suveniry-modely/n","a,30,90,https://web.archive.org/web/20101223123514/http://www.press.sk:80/suveniry-modely/n,a,30,90,","20101223123514","LISTING"
"http://www.press.sk:80/suveniry-modely/n","a,30,90/,https://web.archive.org/web/20101225064922/http://www.press.sk:80/suveniry-modely/n,a,30,90/,","20101225064922","LISTING"
"http://www.press.sk:80/suveniry-modely/n","a,30,90,https://web.archive.org/web/20110123055112/http://www.press.sk:80/suveniry-modely/n,a,30,90,","20110123055112","LISTING"
"http://www.press.sk:80/suveniry-modely/n","a,30,90,https://web.archive.org/web/20110124141321/http://www.press.sk:80/suveniry-modely/n,a,30,90,","20110124141321","LISTING"
"http://www.press.sk:80/suveniry-modely/n","a,30,90/,https://web.archive.org/web/20110225160209/http://www.press.sk:80/suveniry-modely/n,a,30,90/,","20110225160209","LISTING"
"http://www.press.sk:80/suveniry-modely/n","a,30,90,https://web.archive.org/web/20110303004002/http://www.press.sk:80/suveniry-modely/n,a,30,90,","20110303004002","LISTING"
"http://www.press.sk:80/suveniry-modely/n","a,30,90,https://web.archive.org/web/20110403160239/http://www.press.sk:80/suveniry-modely/n,a,30,90,","20110403160239","LISTING"
"http://www.press.sk:80/suveniry-modely/n","a,30,90/,https://web.archive.org/web/20110429041048/http://www.press.sk:80/suveniry-modely/n,a,30,90/,","20110429041048","LISTING"
"http://www.press.sk:80/suveniry-modely/n","a,30,90,https://web.archive.org/web/20110504224045/http://www.press.sk:80/suveniry-modely/n,a,30,90,","20110504224045","LISTING"
"http://www.press.sk:80/suveniry-modely/n","a,30,90,https://web.archive.org/web/20110606001338/http://www.press.sk:80/suveniry-modely/n,a,30,90,","20110606001338","LISTING"
"http://www.press.sk:80/suveniry-modely/n","a,30,90,https://web.archive.org/web/20110831010028/http://www.press.sk:80/suveniry-modely/n,a,30,90,","20110831010028","LISTING"
"http://www.press.sk:80/suveniry-modely/n","a,30,90/,https://web.archive.org/web/20110912070422/http://www.press.sk:80/suveniry-modely/n,a,30,90/,","20110912070422","LISTING"
"http://www.press.sk:80/suveniry-modely/n","a,30,90,https://web.archive.org/web/20110912100819/http://www.press.sk:80/suveniry-modely/n,a,30,90,","20110912100819","LISTING"
"http://www.press.sk:80/suveniry-modely/o","a,30/,https://web.archive.org/web/20120111042341/http://www.press.sk:80/suveniry-modely/o,a,30/,","20120111042341","LISTING"
"http://www.press.sk/suveniry-modely/o","a,30/,https://web.archive.org/web/20130623041009/http://www.press.sk/suveniry-modely/o,a,30/,","20130623041009","LISTING"
"http://www.press.sk:80/suveniry-modely/o","a,30/,https://web.archive.org/web/20150909235504/http://www.press.sk:80/suveniry-modely/o,a,30/,","20150909235504","LISTING"
"http://www.press.sk:80/suveniry-modely/o","a,30/,https://web.archive.org/web/20170101035250/http://www.press.sk:80/suveniry-modely/o,a,30/,","20170101035250","LISTING"
"http://www.press.sk:80/suveniry-modely/o","a,30,120/,https://web.archive.org/web/20110910210227/http://www.press.sk:80/suveniry-modely/o,a,30,120/,","20110910210227","LISTING"
"http://www.press.sk:80/suveniry-modely/o","a,30,120/,https://web.archive.org/web/20111115121613/http://www.press.sk:80/suveniry-modely/o,a,30,120/,","20111115121613","LISTING"
"http://www.press.sk:80/suveniry-modely/o","a,30,120,https://web.archive.org/web/20120109103304/http://www.press.sk:80/suveniry-modely/o,a,30,120,","20120109103304","LISTING"
"http://www.press.sk:80/suveniry-modely/o","a,30,120/,https://web.archive.org/web/20120115111210/http://www.press.sk:80/suveniry-modely/o,a,30,120/,","20120115111210","LISTING"
"http://www.press.sk:80/suveniry-modely/o","a,30,120,https://web.archive.org/web/20120209151839/http://www.press.sk:80/suveniry-modely/o,a,30,120,","20120209151839","LISTING"
"http://www.press.sk:80/suveniry-modely/o","a,30,120,https://web.archive.org/web/20120311210157/http://www.press.sk:80/suveniry-modely/o,a,30,120,","20120311210157","LISTING"
"http://www.press.sk:80/suveniry-modely/o","a,30,120,https://web.archive.org/web/20120419165316/http://www.press.sk:80/suveniry-modely/o,a,30,120,","20120419165316","LISTING"
"http://www.press.sk:80/suveniry-modely/o","a,30,120,https://web.archive.org/web/20120627102107/http://www.press.sk:80/suveniry-modely/o,a,30,120,","20120627102107","LISTING"
"http://www.press.sk:80/suveniry-modely/o","a,30,120,https://web.archive.org/web/20120818225932/http://www.press.sk:80/suveniry-modely/o,a,30,120,","20120818225932","LISTING"
"http://www.press.sk:80/suveniry-modely/o","a,30,120,https://web.archive.org/web/20121105205429/http://www.press.sk:80/suveniry-modely/o,a,30,120,","20121105205429","LISTING"
"http://www.press.sk:80/suveniry-modely/o","a,30,120,https://web.archive.org/web/20121229082142/http://www.press.sk:80/suveniry-modely/o,a,30,120,","20121229082142","LISTING"
"http://www.press.sk:80/suveniry-modely/o","a,30,120,https://web.archive.org/web/20130319045814/http://www.press.sk:80/suveniry-modely/o,a,30,120,","20130319045814","LISTING"
"http://www.press.sk/suveniry-modely/o","a,30,120/,https://web.archive.org/web/20130511031322/http://www.press.sk/suveniry-modely/o,a,30,120/,","20130511031322","LISTING"
"http://www.press.sk:80/suveniry-modely/o","a,30,120,https://web.archive.org/web/20130523143114/http://www.press.sk:80/suveniry-modely/o,a,30,120,","20130523143114","LISTING"
"http://www.press.sk:80/suveniry-modely/o","a,30,120/,https://web.archive.org/web/20130929215158/http://www.press.sk:80/suveniry-modely/o,a,30,120/,","20130929215158","LISTING"
"http://www.press.sk:80/suveniry-modely/o","a,30,120/,https://web.archive.org/web/20150313161615/http://www.press.sk:80/suveniry-modely/o,a,30,120/,","20150313161615","LISTING"
"http://www.press.sk/suveniry-modely/o","a,30,120/,https://web.archive.org/web/20160802161241/http://www.press.sk/suveniry-modely/o,a,30,120/,","20160802161241","LISTING"
"http://www.press.sk:80/suveniry-modely/o","a,30,120,https://web.archive.org/web/20170101080051/http://www.press.sk:80/suveniry-modely/o,a,30,120,","20170101080051","LISTING"
"http://www.press.sk:80/suveniry-modely/o","a,30,120/,https://web.archive.org/web/20170101182613/http://www.press.sk:80/suveniry-modely/o,a,30,120/,","20170101182613","LISTING"
"http://www.press.sk/suveniry-modely/o","a,30,120/,https://web.archive.org/web/20170405232350/http://www.press.sk/suveniry-modely/o,a,30,120/,","20170405232350","LISTING"
"http://www.press.sk:80/suveniry-modely/o","a,30,120,https://web.archive.org/web/20170511120806/http://www.press.sk:80/suveniry-modely/o,a,30,120,","20170511120806","LISTING"
"http://www.press.sk:80/suveniry-modely/o","a,30,150/,https://web.archive.org/web/20110912104354/http://www.press.sk:80/suveniry-modely/o,a,30,150/,","20110912104354","LISTING"
"http://www.press.sk:80/suveniry-modely/o","a,30,150,https://web.archive.org/web/20120109103309/http://www.press.sk:80/suveniry-modely/o,a,30,150,","20120109103309","LISTING"
"http://www.press.sk:80/suveniry-modely/o","a,30,150/,https://web.archive.org/web/20120111173758/http://www.press.sk:80/suveniry-modely/o,a,30,150/,","20120111173758","LISTING"
"http://www.press.sk:80/suveniry-modely/o","a,30,150,https://web.archive.org/web/20120209154744/http://www.press.sk:80/suveniry-modely/o,a,30,150,","20120209154744","LISTING"
"http://www.press.sk:80/suveniry-modely/o","a,30,150,https://web.archive.org/web/20120311212834/http://www.press.sk:80/suveniry-modely/o,a,30,150,","20120311212834","LISTING"
"http://www.press.sk:80/suveniry-modely/o","a,30,150,https://web.archive.org/web/20120419092751/http://www.press.sk:80/suveniry-modely/o,a,30,150,","20120419092751","LISTING"
"http://www.press.sk:80/suveniry-modely/o","a,30,150,https://web.archive.org/web/20120630044521/http://www.press.sk:80/suveniry-modely/o,a,30,150,","20120630044521","LISTING"
"http://www.press.sk:80/suveniry-modely/o","a,30,150,https://web.archive.org/web/20120818080114/http://www.press.sk:80/suveniry-modely/o,a,30,150,","20120818080114","LISTING"
"http://www.press.sk:80/suveniry-modely/o","a,30,150,https://web.archive.org/web/20121030041726/http://www.press.sk:80/suveniry-modely/o,a,30,150,","20121030041726","LISTING"
"http://www.press.sk:80/suveniry-modely/o","a,30,150,https://web.archive.org/web/20121231061634/http://www.press.sk:80/suveniry-modely/o,a,30,150,","20121231061634","LISTING"
"http://www.press.sk:80/suveniry-modely/o","a,30,150,https://web.archive.org/web/20130523124545/http://www.press.sk:80/suveniry-modely/o,a,30,150,","20130523124545","LISTING"
"http://www.press.sk/suveniry-modely/o","a,30,150/,https://web.archive.org/web/20130623015921/http://www.press.sk/suveniry-modely/o,a,30,150/,","20130623015921","LISTING"
"http://www.press.sk:80/suveniry-modely/o","a,30,150,https://web.archive.org/web/20170101080200/http://www.press.sk:80/suveniry-modely/o,a,30,150,","20170101080200","LISTING"
"http://www.press.sk:80/suveniry-modely/o","a,30,150/,https://web.archive.org/web/20170101182332/http://www.press.sk:80/suveniry-modely/o,a,30,150/,","20170101182332","LISTING"
"http://www.press.sk:80/suveniry-modely/o","a,30,180/,https://web.archive.org/web/20110912105159/http://www.press.sk:80/suveniry-modely/o,a,30,180/,","20110912105159","LISTING"
"http://www.press.sk:80/suveniry-modely/o","a,30,180,https://web.archive.org/web/20120108040135/http://www.press.sk:80/suveniry-modely/o,a,30,180,","20120108040135","LISTING"
"http://www.press.sk:80/suveniry-modely/o","a,30,180,https://web.archive.org/web/20120207203101/http://www.press.sk:80/suveniry-modely/o,a,30,180,","20120207203101","LISTING"
"http://www.press.sk:80/suveniry-modely/o","a,30,180,https://web.archive.org/web/20120309194905/http://www.press.sk:80/suveniry-modely/o,a,30,180,","20120309194905","LISTING"
"http://www.press.sk:80/suveniry-modely/o","a,30,180,https://web.archive.org/web/20120418164621/http://www.press.sk:80/suveniry-modely/o,a,30,180,","20120418164621","LISTING"
"http://www.press.sk:80/suveniry-modely/o","a,30,180,https://web.archive.org/web/20120627131713/http://www.press.sk:80/suveniry-modely/o,a,30,180,","20120627131713","LISTING"
"http://www.press.sk:80/suveniry-modely/o","a,30,180,https://web.archive.org/web/20120819093648/http://www.press.sk:80/suveniry-modely/o,a,30,180,","20120819093648","LISTING"
"http://www.press.sk:80/suveniry-modely/o","a,30,180,https://web.archive.org/web/20121103162658/http://www.press.sk:80/suveniry-modely/o,a,30,180,","20121103162658","LISTING"
"http://www.press.sk:80/suveniry-modely/o","a,30,180,https://web.archive.org/web/20121230140017/http://www.press.sk:80/suveniry-modely/o,a,30,180,","20121230140017","LISTING"
"http://www.press.sk:80/suveniry-modely/o","a,30,180,https://web.archive.org/web/20130601115702/http://www.press.sk:80/suveniry-modely/o,a,30,180,","20130601115702","LISTING"
"http://www.press.sk/suveniry-modely/o","a,30,180/,https://web.archive.org/web/20130623114458/http://www.press.sk/suveniry-modely/o,a,30,180/,","20130623114458","LISTING"
"http://www.press.sk:80/suveniry-modely/o","a,30,180,https://web.archive.org/web/20170101013457/http://www.press.sk:80/suveniry-modely/o,a,30,180,","20170101013457","LISTING"
"http://www.press.sk:80/suveniry-modely/o","a,30,180/,https://web.archive.org/web/20170101182619/http://www.press.sk:80/suveniry-modely/o,a,30,180/,","20170101182619","LISTING"
"http://www.press.sk:80/suveniry-modely/o","a,30,180,https://web.archive.org/web/20170511084125/http://www.press.sk:80/suveniry-modely/o,a,30,180,","20170511084125","LISTING"
"http://www.press.sk:80/suveniry-modely/o","a,30,210/,https://web.archive.org/web/20111114164544/http://www.press.sk:80/suveniry-modely/o,a,30,210/,","20111114164544","LISTING"
"http://www.press.sk:80/suveniry-modely/o","a,30,210,https://web.archive.org/web/20120109122729/http://www.press.sk:80/suveniry-modely/o,a,30,210,","20120109122729","LISTING"
"http://www.press.sk:80/suveniry-modely/o","a,30,210/,https://web.archive.org/web/20120114114626/http://www.press.sk:80/suveniry-modely/o,a,30,210/,","20120114114626","LISTING"
"http://www.press.sk:80/suveniry-modely/o","a,30,210,https://web.archive.org/web/20120209154812/http://www.press.sk:80/suveniry-modely/o,a,30,210,","20120209154812","LISTING"
"http://www.press.sk:80/suveniry-modely/o","a,30,210,https://web.archive.org/web/20120311202009/http://www.press.sk:80/suveniry-modely/o,a,30,210,","20120311202009","LISTING"
"http://www.press.sk:80/suveniry-modely/o","a,30,210,https://web.archive.org/web/20120419212931/http://www.press.sk:80/suveniry-modely/o,a,30,210,","20120419212931","LISTING"
"http://www.press.sk:80/suveniry-modely/o","a,30,210,https://web.archive.org/web/20120627001957/http://www.press.sk:80/suveniry-modely/o,a,30,210,","20120627001957","LISTING"
"http://www.press.sk:80/suveniry-modely/o","a,30,210,https://web.archive.org/web/20120815190326/http://www.press.sk:80/suveniry-modely/o,a,30,210,","20120815190326","LISTING"
"http://www.press.sk:80/suveniry-modely/o","a,30,210,https://web.archive.org/web/20121104011709/http://www.press.sk:80/suveniry-modely/o,a,30,210,","20121104011709","LISTING"
"http://www.press.sk:80/suveniry-modely/o","a,30,210,https://web.archive.org/web/20121227124342/http://www.press.sk:80/suveniry-modely/o,a,30,210,","20121227124342","LISTING"
"http://www.press.sk:80/suveniry-modely/o","a,30,210,https://web.archive.org/web/20130601090557/http://www.press.sk:80/suveniry-modely/o,a,30,210,","20130601090557","LISTING"
"http://www.press.sk:80/suveniry-modely/o","a,30,210,https://web.archive.org/web/20161231190859/http://www.press.sk:80/suveniry-modely/o,a,30,210,","20161231190859","LISTING"
"http://www.press.sk:80/suveniry-modely/o","a,30,210/,https://web.archive.org/web/20170101182337/http://www.press.sk:80/suveniry-modely/o,a,30,210/,","20170101182337","LISTING"
"http://www.press.sk:80/suveniry-modely/o","a,30,240/,https://web.archive.org/web/20111113103722/http://www.press.sk:80/suveniry-modely/o,a,30,240/,","20111113103722","LISTING"
"http://www.press.sk:80/suveniry-modely/o","a,30,240,https://web.archive.org/web/20120109102251/http://www.press.sk:80/suveniry-modely/o,a,30,240,","20120109102251","LISTING"
"http://www.press.sk:80/suveniry-modely/o","a,30,240/,https://web.archive.org/web/20120114180125/http://www.press.sk:80/suveniry-modely/o,a,30,240/,","20120114180125","LISTING"
"http://www.press.sk:80/suveniry-modely/o","a,30,240,https://web.archive.org/web/20120209154311/http://www.press.sk:80/suveniry-modely/o,a,30,240,","20120209154311","LISTING"
"http://www.press.sk:80/suveniry-modely/o","a,30,240,https://web.archive.org/web/20120311202015/http://www.press.sk:80/suveniry-modely/o,a,30,240,","20120311202015","LISTING"
"http://www.press.sk:80/suveniry-modely/o","a,30,240,https://web.archive.org/web/20120419161837/http://www.press.sk:80/suveniry-modely/o,a,30,240,","20120419161837","LISTING"
"http://www.press.sk:80/suveniry-modely/o","a,30,240,https://web.archive.org/web/20120626232801/http://www.press.sk:80/suveniry-modely/o,a,30,240,","20120626232801","LISTING"
"http://www.press.sk:80/suveniry-modely/o","a,30,240,https://web.archive.org/web/20120826102816/http://www.press.sk:80/suveniry-modely/o,a,30,240,","20120826102816","LISTING"
"http://www.press.sk:80/suveniry-modely/o","a,30,240,https://web.archive.org/web/20121105150816/http://www.press.sk:80/suveniry-modely/o,a,30,240,","20121105150816","LISTING"
"http://www.press.sk:80/suveniry-modely/o","a,30,240,https://web.archive.org/web/20121230020251/http://www.press.sk:80/suveniry-modely/o,a,30,240,","20121230020251","LISTING"
"http://www.press.sk:80/suveniry-modely/o","a,30,240,https://web.archive.org/web/20130529181856/http://www.press.sk:80/suveniry-modely/o,a,30,240,","20130529181856","LISTING"
"http://www.press.sk:80/suveniry-modely/o","a,30,240,https://web.archive.org/web/20161231190904/http://www.press.sk:80/suveniry-modely/o,a,30,240,","20161231190904","LISTING"
"http://www.press.sk:80/suveniry-modely/o","a,30,240/,https://web.archive.org/web/20170101182624/http://www.press.sk:80/suveniry-modely/o,a,30,240/,","20170101182624","LISTING"
"http://www.press.sk:80/suveniry-modely/o","a,30,240,https://web.archive.org/web/20170511030644/http://www.press.sk:80/suveniry-modely/o,a,30,240,","20170511030644","LISTING"
"http://www.press.sk:80/suveniry-modely/o","a,30,270/,https://web.archive.org/web/20120111173803/http://www.press.sk:80/suveniry-modely/o,a,30,270/,","20120111173803","LISTING"
"http://www.press.sk:80/suveniry-modely/o","a,30,270,https://web.archive.org/web/20170101013553/http://www.press.sk:80/suveniry-modely/o,a,30,270,","20170101013553","LISTING"
"http://www.press.sk:80/suveniry-modely/o","a,30,270/,https://web.archive.org/web/20170101182411/http://www.press.sk:80/suveniry-modely/o,a,30,270/,","20170101182411","LISTING"
"http://www.press.sk:80/suveniry-modely/o","a,30,270,https://web.archive.org/web/20170511064957/http://www.press.sk:80/suveniry-modely/o,a,30,270,","20170511064957","LISTING"
"http://www.press.sk:80/suveniry-modely/o","a,30,30/,https://web.archive.org/web/20110913053306/http://www.press.sk:80/suveniry-modely/o,a,30,30/,","20110913053306","LISTING"
"http://www.press.sk:80/suveniry-modely/o","a,30,30/,https://web.archive.org/web/20111113123456/http://www.press.sk:80/suveniry-modely/o,a,30,30/,","20111113123456","LISTING"
"http://www.press.sk:80/suveniry-modely/o","a,30,30,https://web.archive.org/web/20120109102256/http://www.press.sk:80/suveniry-modely/o,a,30,30,","20120109102256","LISTING"
"http://www.press.sk:80/suveniry-modely/o","a,30,30/,https://web.archive.org/web/20120114185132/http://www.press.sk:80/suveniry-modely/o,a,30,30/,","20120114185132","LISTING"
"http://www.press.sk:80/suveniry-modely/o","a,30,30,https://web.archive.org/web/20120209154425/http://www.press.sk:80/suveniry-modely/o,a,30,30,","20120209154425","LISTING"
"http://www.press.sk:80/suveniry-modely/o","a,30,30,https://web.archive.org/web/20120311202854/http://www.press.sk:80/suveniry-modely/o,a,30,30,","20120311202854","LISTING"
"http://www.press.sk:80/suveniry-modely/o","a,30,30,https://web.archive.org/web/20120418182318/http://www.press.sk:80/suveniry-modely/o,a,30,30,","20120418182318","LISTING"
"http://www.press.sk:80/suveniry-modely/o","a,30,30,https://web.archive.org/web/20120627011048/http://www.press.sk:80/suveniry-modely/o,a,30,30,","20120627011048","LISTING"
"http://www.press.sk:80/suveniry-modely/o","a,30,30,https://web.archive.org/web/20120815153627/http://www.press.sk:80/suveniry-modely/o,a,30,30,","20120815153627","LISTING"
"http://www.press.sk:80/suveniry-modely/o","a,30,30,https://web.archive.org/web/20121104022957/http://www.press.sk:80/suveniry-modely/o,a,30,30,","20121104022957","LISTING"
"http://www.press.sk:80/suveniry-modely/o","a,30,30,https://web.archive.org/web/20121228031937/http://www.press.sk:80/suveniry-modely/o,a,30,30,","20121228031937","LISTING"
"http://www.press.sk:80/suveniry-modely/o","a,30,30,https://web.archive.org/web/20130212162917/http://www.press.sk:80/suveniry-modely/o,a,30,30,","20130212162917","LISTING"
"http://www.press.sk/suveniry-modely/o","a,30,30/,https://web.archive.org/web/20130511023201/http://www.press.sk/suveniry-modely/o,a,30,30/,","20130511023201","LISTING"
"http://www.press.sk:80/suveniry-modely/o","a,30,30,https://web.archive.org/web/20130527142705/http://www.press.sk:80/suveniry-modely/o,a,30,30,","20130527142705","LISTING"
"http://www.press.sk:80/suveniry-modely/o","a,30,30/,https://web.archive.org/web/20130929164055/http://www.press.sk:80/suveniry-modely/o,a,30,30/,","20130929164055","LISTING"
"http://www.press.sk:80/suveniry-modely/o","a,30,30/,https://web.archive.org/web/20130930180017/http://www.press.sk:80/suveniry-modely/o,a,30,30/,","20130930180017","LISTING"
"http://www.press.sk:80/suveniry-modely/o","a,30,30/,https://web.archive.org/web/20150311130119/http://www.press.sk:80/suveniry-modely/o,a,30,30/,","20150311130119","LISTING"
"http://www.press.sk:80/suveniry-modely/o","a,30,30/,https://web.archive.org/web/20150910073224/http://www.press.sk:80/suveniry-modely/o,a,30,30/,","20150910073224","LISTING"
"http://www.press.sk/suveniry-modely/o","a,30,30/,https://web.archive.org/web/20160802123531/http://www.press.sk/suveniry-modely/o,a,30,30/,","20160802123531","LISTING"
"http://www.press.sk:80/suveniry-modely/o","a,30,30,https://web.archive.org/web/20170101013558/http://www.press.sk:80/suveniry-modely/o,a,30,30,","20170101013558","LISTING"
"http://www.press.sk:80/suveniry-modely/o","a,30,30/,https://web.archive.org/web/20170101035256/http://www.press.sk:80/suveniry-modely/o,a,30,30/,","20170101035256","LISTING"
"http://www.press.sk/suveniry-modely/o","a,30,30/,https://web.archive.org/web/20170405145226/http://www.press.sk/suveniry-modely/o,a,30,30/,","20170405145226","LISTING"
"http://www.press.sk:80/suveniry-modely/o","a,30,300,https://web.archive.org/web/20170101013603/http://www.press.sk:80/suveniry-modely/o,a,30,300,","20170101013603","LISTING"
"http://www.press.sk:80/suveniry-modely/o","a,30,300/,https://web.archive.org/web/20170101182629/http://www.press.sk:80/suveniry-modely/o,a,30,300/,","20170101182629","LISTING"
"http://www.press.sk:80/suveniry-modely/o","a,30,330,https://web.archive.org/web/20170101013608/http://www.press.sk:80/suveniry-modely/o,a,30,330,","20170101013608","LISTING"
"http://www.press.sk:80/suveniry-modely/o","a,30,330/,https://web.archive.org/web/20170101144350/http://www.press.sk:80/suveniry-modely/o,a,30,330/,","20170101144350","LISTING"
"http://www.press.sk:80/suveniry-modely/o","a,30,360,https://web.archive.org/web/20161231190909/http://www.press.sk:80/suveniry-modely/o,a,30,360,","20161231190909","LISTING"
"http://www.press.sk:80/suveniry-modely/o","a,30,360/,https://web.archive.org/web/20170101144354/http://www.press.sk:80/suveniry-modely/o,a,30,360/,","20170101144354","LISTING"
"http://www.press.sk:80/suveniry-modely/o","a,30,360,https://web.archive.org/web/20170511100627/http://www.press.sk:80/suveniry-modely/o,a,30,360,","20170511100627","LISTING"
"http://www.press.sk:80/suveniry-modely/o","a,30,390,https://web.archive.org/web/20161231190914/http://www.press.sk:80/suveniry-modely/o,a,30,390,","20161231190914","LISTING"
"http://www.press.sk:80/suveniry-modely/o","a,30,390/,https://web.archive.org/web/20170101074639/http://www.press.sk:80/suveniry-modely/o,a,30,390/,","20170101074639","LISTING"
"http://www.press.sk:80/suveniry-modely/o","a,30,390,https://web.archive.org/web/20170511030712/http://www.press.sk:80/suveniry-modely/o,a,30,390,","20170511030712","LISTING"
"http://www.press.sk:80/suveniry-modely/o","a,30,420,https://web.archive.org/web/20161231190919/http://www.press.sk:80/suveniry-modely/o,a,30,420,","20161231190919","LISTING"
"http://www.press.sk:80/suveniry-modely/o","a,30,420/,https://web.archive.org/web/20170101144400/http://www.press.sk:80/suveniry-modely/o,a,30,420/,","20170101144400","LISTING"
"http://www.press.sk:80/suveniry-modely/o","a,30,420,https://web.archive.org/web/20170511021149/http://www.press.sk:80/suveniry-modely/o,a,30,420,","20170511021149","LISTING"
"http://www.press.sk:80/suveniry-modely/o","a,30,450,https://web.archive.org/web/20170101013613/http://www.press.sk:80/suveniry-modely/o,a,30,450,","20170101013613","LISTING"
"http://www.press.sk:80/suveniry-modely/o","a,30,450/,https://web.archive.org/web/20170101074644/http://www.press.sk:80/suveniry-modely/o,a,30,450/,","20170101074644","LISTING"
"http://www.press.sk:80/suveniry-modely/o","a,30,480,https://web.archive.org/web/20170101013618/http://www.press.sk:80/suveniry-modely/o,a,30,480,","20170101013618","LISTING"
"http://www.press.sk:80/suveniry-modely/o","a,30,480/,https://web.archive.org/web/20170101074649/http://www.press.sk:80/suveniry-modely/o,a,30,480/,","20170101074649","LISTING"
"http://www.press.sk:80/suveniry-modely/o","a,30,480,https://web.archive.org/web/20170511091235/http://www.press.sk:80/suveniry-modely/o,a,30,480,","20170511091235","LISTING"
"http://www.press.sk:80/suveniry-modely/o","a,30,510,https://web.archive.org/web/20161231190924/http://www.press.sk:80/suveniry-modely/o,a,30,510,","20161231190924","LISTING"
"http://www.press.sk:80/suveniry-modely/o","a,30,510/,https://web.archive.org/web/20170101144405/http://www.press.sk:80/suveniry-modely/o,a,30,510/,","20170101144405","LISTING"
"http://www.press.sk:80/suveniry-modely/o","a,30,540,https://web.archive.org/web/20161231190929/http://www.press.sk:80/suveniry-modely/o,a,30,540,","20161231190929","LISTING"
"http://www.press.sk:80/suveniry-modely/o","a,30,540/,https://web.archive.org/web/20170101074654/http://www.press.sk:80/suveniry-modely/o,a,30,540/,","20170101074654","LISTING"
"http://www.press.sk/suveniry-modely/o","a,30,570/,https://web.archive.org/web/20130623050954/http://www.press.sk/suveniry-modely/o,a,30,570/,","20130623050954","LISTING"
"http://www.press.sk:80/suveniry-modely/o","a,30,570,https://web.archive.org/web/20161231190934/http://www.press.sk:80/suveniry-modely/o,a,30,570,","20161231190934","LISTING"
"http://www.press.sk:80/suveniry-modely/o","a,30,570/,https://web.archive.org/web/20170101074659/http://www.press.sk:80/suveniry-modely/o,a,30,570/,","20170101074659","LISTING"
"http://www.press.sk/suveniry-modely/o","a,30,60/,https://web.archive.org/web/20110901063308/http://www.press.sk/suveniry-modely/o,a,30,60/,","20110901063308","LISTING"
"http://www.press.sk:80/suveniry-modely/o","a,30,60/,https://web.archive.org/web/20110910210951/http://www.press.sk:80/suveniry-modely/o,a,30,60/,","20110910210951","LISTING"
"http://www.press.sk:80/suveniry-modely/o","a,30,60/,https://web.archive.org/web/20111114174014/http://www.press.sk:80/suveniry-modely/o,a,30,60/,","20111114174014","LISTING"
"http://www.press.sk:80/suveniry-modely/o","a,30,60,https://web.archive.org/web/20120109114322/http://www.press.sk:80/suveniry-modely/o,a,30,60,","20120109114322","LISTING"
"http://www.press.sk:80/suveniry-modely/o","a,30,60,https://web.archive.org/web/20120209154355/http://www.press.sk:80/suveniry-modely/o,a,30,60,","20120209154355","LISTING"
"http://www.press.sk:80/suveniry-modely/o","a,30,60,https://web.archive.org/web/20120311210037/http://www.press.sk:80/suveniry-modely/o,a,30,60,","20120311210037","LISTING"
"http://www.press.sk:80/suveniry-modely/o","a,30,60,https://web.archive.org/web/20120416101141/http://www.press.sk:80/suveniry-modely/o,a,30,60,","20120416101141","LISTING"
"http://www.press.sk:80/suveniry-modely/o","a,30,60,https://web.archive.org/web/20120627074454/http://www.press.sk:80/suveniry-modely/o,a,30,60,","20120627074454","LISTING"
"http://www.press.sk:80/suveniry-modely/o","a,30,60,https://web.archive.org/web/20120818175454/http://www.press.sk:80/suveniry-modely/o,a,30,60,","20120818175454","LISTING"
"http://www.press.sk:80/suveniry-modely/o","a,30,60,https://web.archive.org/web/20121103164731/http://www.press.sk:80/suveniry-modely/o,a,30,60,","20121103164731","LISTING"
"http://www.press.sk:80/suveniry-modely/o","a,30,60,https://web.archive.org/web/20130101181241/http://www.press.sk:80/suveniry-modely/o,a,30,60,","20130101181241","LISTING"
"http://www.press.sk:80/suveniry-modely/o","a,30,60,https://web.archive.org/web/20130211134050/http://www.press.sk:80/suveniry-modely/o,a,30,60,","20130211134050","LISTING"
"http://www.press.sk/suveniry-modely/o","a,30,60/,https://web.archive.org/web/20130511022358/http://www.press.sk/suveniry-modely/o,a,30,60/,","20130511022358","LISTING"
"http://www.press.sk:80/suveniry-modely/o","a,30,60,https://web.archive.org/web/20130601033426/http://www.press.sk:80/suveniry-modely/o,a,30,60,","20130601033426","LISTING"
"http://www.press.sk:80/suveniry-modely/o","a,30,60/,https://web.archive.org/web/20130929215233/http://www.press.sk:80/suveniry-modely/o,a,30,60/,","20130929215233","LISTING"
"http://www.press.sk:80/suveniry-modely/o","a,30,60/,https://web.archive.org/web/20150313161140/http://www.press.sk:80/suveniry-modely/o,a,30,60/,","20150313161140","LISTING"
"http://www.press.sk/suveniry-modely/o","a,30,60/,https://web.archive.org/web/20160802221403/http://www.press.sk/suveniry-modely/o,a,30,60/,","20160802221403","LISTING"
"http://www.press.sk:80/suveniry-modely/o","a,30,60,https://web.archive.org/web/20170101013623/http://www.press.sk:80/suveniry-modely/o,a,30,60,","20170101013623","LISTING"
"http://www.press.sk:80/suveniry-modely/o","a,30,60/,https://web.archive.org/web/20170101182416/http://www.press.sk:80/suveniry-modely/o,a,30,60/,","20170101182416","LISTING"
"http://www.press.sk/suveniry-modely/o","a,30,60/,https://web.archive.org/web/20170405192847/http://www.press.sk/suveniry-modely/o,a,30,60/,","20170405192847","LISTING"
"http://www.press.sk:80/suveniry-modely/o","a,30,60,https://web.archive.org/web/20170511052042/http://www.press.sk:80/suveniry-modely/o,a,30,60,","20170511052042","LISTING"
"http://www.press.sk/suveniry-modely/o","a,30,600/,https://web.archive.org/web/20130623024340/http://www.press.sk/suveniry-modely/o,a,30,600/,","20130623024340","LISTING"
"http://www.press.sk:80/suveniry-modely/o","a,30,600,https://web.archive.org/web/20170101013628/http://www.press.sk:80/suveniry-modely/o,a,30,600,","20170101013628","LISTING"
"http://www.press.sk:80/suveniry-modely/o","a,30,600/,https://web.archive.org/web/20170101035034/http://www.press.sk:80/suveniry-modely/o,a,30,600/,","20170101035034","LISTING"
"http://www.press.sk:80/suveniry-modely/o","a,30,600,https://web.archive.org/web/20170511074449/http://www.press.sk:80/suveniry-modely/o,a,30,600,","20170511074449","LISTING"
"http://www.press.sk/suveniry-modely/o","a,30,630/,https://web.archive.org/web/20130511021733/http://www.press.sk/suveniry-modely/o,a,30,630/,","20130511021733","LISTING"
"http://www.press.sk:80/suveniry-modely/o","a,30,630,https://web.archive.org/web/20161231190939/http://www.press.sk:80/suveniry-modely/o,a,30,630,","20161231190939","LISTING"
"http://www.press.sk:80/suveniry-modely/o","a,30,630/,https://web.archive.org/web/20170101074704/http://www.press.sk:80/suveniry-modely/o,a,30,630/,","20170101074704","LISTING"
"http://www.press.sk/suveniry-modely/o","a,30,660/,https://web.archive.org/web/20130511023000/http://www.press.sk/suveniry-modely/o,a,30,660/,","20130511023000","LISTING"
"http://www.press.sk:80/suveniry-modely/o","a,30,660/,https://web.archive.org/web/20150910123724/http://www.press.sk:80/suveniry-modely/o,a,30,660/,","20150910123724","LISTING"
"http://www.press.sk:80/suveniry-modely/o","a,30,660,https://web.archive.org/web/20161231190944/http://www.press.sk:80/suveniry-modely/o,a,30,660,","20161231190944","LISTING"
"http://www.press.sk:80/suveniry-modely/o","a,30,660/,https://web.archive.org/web/20170101074709/http://www.press.sk:80/suveniry-modely/o,a,30,660/,","20170101074709","LISTING"
"http://www.press.sk/suveniry-modely/o","a,30,690/,https://web.archive.org/web/20130623020029/http://www.press.sk/suveniry-modely/o,a,30,690/,","20130623020029","LISTING"
"http://www.press.sk:80/suveniry-modely/o","a,30,690/,https://web.archive.org/web/20150910073235/http://www.press.sk:80/suveniry-modely/o,a,30,690/,","20150910073235","LISTING"
"http://www.press.sk:80/suveniry-modely/o","a,30,690,https://web.archive.org/web/20161231190949/http://www.press.sk:80/suveniry-modely/o,a,30,690,","20161231190949","LISTING"
"http://www.press.sk:80/suveniry-modely/o","a,30,690/,https://web.archive.org/web/20170101144410/http://www.press.sk:80/suveniry-modely/o,a,30,690/,","20170101144410","LISTING"
"http://www.press.sk:80/suveniry-modely/o","a,30,720,https://web.archive.org/web/20150908225141/http://www.press.sk:80/suveniry-modely/o,a,30,720,","20150908225141","LISTING"
"http://www.press.sk:80/suveniry-modely/o","a,30,720/,https://web.archive.org/web/20150910070719/http://www.press.sk:80/suveniry-modely/o,a,30,720/,","20150910070719","LISTING"
"http://www.press.sk:80/suveniry-modely/o","a,30,720,https://web.archive.org/web/20160331211414/http://www.press.sk:80/suveniry-modely/o,a,30,720,","20160331211414","LISTING"
"http://www.press.sk:80/suveniry-modely/o","a,30,720,https://web.archive.org/web/20160507155402/http://www.press.sk:80/suveniry-modely/o,a,30,720,","20160507155402","LISTING"
"http://www.press.sk:80/suveniry-modely/o","a,30,720,https://web.archive.org/web/20170101013633/http://www.press.sk:80/suveniry-modely/o,a,30,720,","20170101013633","LISTING"
"http://www.press.sk:80/suveniry-modely/o","a,30,720/,https://web.archive.org/web/20170101074714/http://www.press.sk:80/suveniry-modely/o,a,30,720/,","20170101074714","LISTING"
"http://www.press.sk:80/suveniry-modely/o","a,30,750/,https://web.archive.org/web/20130929215137/http://www.press.sk:80/suveniry-modely/o,a,30,750/,","20130929215137","LISTING"
"http://www.press.sk:80/suveniry-modely/o","a,30,750/,https://web.archive.org/web/20150313163330/http://www.press.sk:80/suveniry-modely/o,a,30,750/,","20150313163330","LISTING"
"http://www.press.sk:80/suveniry-modely/o","a,30,750/,https://web.archive.org/web/20150909235515/http://www.press.sk:80/suveniry-modely/o,a,30,750/,","20150909235515","LISTING"
"http://www.press.sk:80/suveniry-modely/o","a,30,750,https://web.archive.org/web/20170101013638/http://www.press.sk:80/suveniry-modely/o,a,30,750,","20170101013638","LISTING"
"http://www.press.sk:80/suveniry-modely/o","a,30,750/,https://web.archive.org/web/20170101144415/http://www.press.sk:80/suveniry-modely/o,a,30,750/,","20170101144415","LISTING"
"http://www.press.sk:80/suveniry-modely/o","a,30,780/,https://web.archive.org/web/20130929164101/http://www.press.sk:80/suveniry-modely/o,a,30,780/,","20130929164101","LISTING"
"http://www.press.sk:80/suveniry-modely/o","a,30,780/,https://web.archive.org/web/20130930180021/http://www.press.sk:80/suveniry-modely/o,a,30,780/,","20130930180021","LISTING"
"http://www.press.sk:80/suveniry-modely/o","a,30,780/,https://web.archive.org/web/20150311131815/http://www.press.sk:80/suveniry-modely/o,a,30,780/,","20150311131815","LISTING"
"http://www.press.sk:80/suveniry-modely/o","a,30,780/,https://web.archive.org/web/20150910070725/http://www.press.sk:80/suveniry-modely/o,a,30,780/,","20150910070725","LISTING"
"http://www.press.sk:80/suveniry-modely/o","a,30,780,https://web.archive.org/web/20161231190954/http://www.press.sk:80/suveniry-modely/o,a,30,780,","20161231190954","LISTING"
"http://www.press.sk:80/suveniry-modely/o","a,30,780/,https://web.archive.org/web/20170101144420/http://www.press.sk:80/suveniry-modely/o,a,30,780/,","20170101144420","LISTING"
"http://www.press.sk:80/suveniry-modely/o","a,30,780,https://web.archive.org/web/20170511074509/http://www.press.sk:80/suveniry-modely/o,a,30,780,","20170511074509","LISTING"
"http://www.press.sk:80/suveniry-modely/o","a,30,810/,https://web.archive.org/web/20150909235548/http://www.press.sk:80/suveniry-modely/o,a,30,810/,","20150909235548","LISTING"
"http://www.press.sk:80/suveniry-modely/o","a,30,810,https://web.archive.org/web/20170101013643/http://www.press.sk:80/suveniry-modely/o,a,30,810,","20170101013643","LISTING"
"http://www.press.sk:80/suveniry-modely/o","a,30,810/,https://web.archive.org/web/20170101144530/http://www.press.sk:80/suveniry-modely/o,a,30,810/,","20170101144530","LISTING"
"http://www.press.sk:80/suveniry-modely/o","a,30,840,https://web.archive.org/web/20150908225239/http://www.press.sk:80/suveniry-modely/o,a,30,840,","20150908225239","LISTING"
"http://www.press.sk:80/suveniry-modely/o","a,30,840/,https://web.archive.org/web/20150910070731/http://www.press.sk:80/suveniry-modely/o,a,30,840/,","20150910070731","LISTING"
"http://www.press.sk:80/suveniry-modely/o","a,30,840,https://web.archive.org/web/20160404001502/http://www.press.sk:80/suveniry-modely/o,a,30,840,","20160404001502","LISTING"
"http://www.press.sk:80/suveniry-modely/o","a,30,840,https://web.archive.org/web/20160513155833/http://www.press.sk:80/suveniry-modely/o,a,30,840,","20160513155833","LISTING"
"http://www.press.sk:80/suveniry-modely/o","a,30,840,https://web.archive.org/web/20170101013648/http://www.press.sk:80/suveniry-modely/o,a,30,840,","20170101013648","LISTING"
"http://www.press.sk:80/suveniry-modely/o","a,30,840/,https://web.archive.org/web/20170101035425/http://www.press.sk:80/suveniry-modely/o,a,30,840/,","20170101035425","LISTING"
"http://www.press.sk:80/suveniry-modely/o","a,30,840,https://web.archive.org/web/20170511045547/http://www.press.sk:80/suveniry-modely/o,a,30,840,","20170511045547","LISTING"
"http://www.press.sk:80/suveniry-modely/o","a,30,870,https://web.archive.org/web/20161231190959/http://www.press.sk:80/suveniry-modely/o,a,30,870,","20161231190959","LISTING"
"http://www.press.sk:80/suveniry-modely/o","a,30,870/,https://web.archive.org/web/20170101074719/http://www.press.sk:80/suveniry-modely/o,a,30,870/,","20170101074719","LISTING"
"http://www.press.sk/suveniry-modely/o","a,30,90/,https://web.archive.org/web/20110902232848/http://www.press.sk/suveniry-modely/o,a,30,90/,","20110902232848","LISTING"
"http://www.press.sk:80/suveniry-modely/o","a,30,90/,https://web.archive.org/web/20110913050137/http://www.press.sk:80/suveniry-modely/o,a,30,90/,","20110913050137","LISTING"
"http://www.press.sk:80/suveniry-modely/o","a,30,90/,https://web.archive.org/web/20111115121716/http://www.press.sk:80/suveniry-modely/o,a,30,90/,","20111115121716","LISTING"
"http://www.press.sk:80/suveniry-modely/o","a,30,90,https://web.archive.org/web/20120109102302/http://www.press.sk:80/suveniry-modely/o,a,30,90,","20120109102302","LISTING"
"http://www.press.sk:80/suveniry-modely/o","a,30,90,https://web.archive.org/web/20120209154817/http://www.press.sk:80/suveniry-modely/o,a,30,90,","20120209154817","LISTING"
"http://www.press.sk:80/suveniry-modely/o","a,30,90,https://web.archive.org/web/20120311210640/http://www.press.sk:80/suveniry-modely/o,a,30,90,","20120311210640","LISTING"
"http://www.press.sk:80/suveniry-modely/o","a,30,90,https://web.archive.org/web/20120419083154/http://www.press.sk:80/suveniry-modely/o,a,30,90,","20120419083154","LISTING"
"http://www.press.sk:80/suveniry-modely/o","a,30,90,https://web.archive.org/web/20120701170452/http://www.press.sk:80/suveniry-modely/o,a,30,90,","20120701170452","LISTING"
"http://www.press.sk:80/suveniry-modely/o","a,30,90,https://web.archive.org/web/20120818080546/http://www.press.sk:80/suveniry-modely/o,a,30,90,","20120818080546","LISTING"
"http://www.press.sk:80/suveniry-modely/o","a,30,90,https://web.archive.org/web/20121104034706/http://www.press.sk:80/suveniry-modely/o,a,30,90,","20121104034706","LISTING"
"http://www.press.sk:80/suveniry-modely/o","a,30,90,https://web.archive.org/web/20121230153733/http://www.press.sk:80/suveniry-modely/o,a,30,90,","20121230153733","LISTING"
"http://www.press.sk/suveniry-modely/o","a,30,90/,https://web.archive.org/web/20130511021213/http://www.press.sk/suveniry-modely/o,a,30,90/,","20130511021213","LISTING"
"http://www.press.sk:80/suveniry-modely/o","a,30,90,https://web.archive.org/web/20130529200605/http://www.press.sk:80/suveniry-modely/o,a,30,90,","20130529200605","LISTING"
"http://www.press.sk:80/suveniry-modely/o","a,30,90/,https://web.archive.org/web/20130929215153/http://www.press.sk:80/suveniry-modely/o,a,30,90/,","20130929215153","LISTING"
"http://www.press.sk:80/suveniry-modely/o","a,30,90/,https://web.archive.org/web/20150313161626/http://www.press.sk:80/suveniry-modely/o,a,30,90/,","20150313161626","LISTING"
"http://www.press.sk/suveniry-modely/o","a,30,90/,https://web.archive.org/web/20160803102724/http://www.press.sk/suveniry-modely/o,a,30,90/,","20160803102724","LISTING"
"http://www.press.sk:80/suveniry-modely/o","a,30,90,https://web.archive.org/web/20170101013653/http://www.press.sk:80/suveniry-modely/o,a,30,90,","20170101013653","LISTING"
"http://www.press.sk:80/suveniry-modely/o","a,30,90/,https://web.archive.org/web/20170101182659/http://www.press.sk:80/suveniry-modely/o,a,30,90/,","20170101182659","LISTING"
"http://www.press.sk:80/suveniry-modely/o","a,30,90,https://web.archive.org/web/20170511085932/http://www.press.sk:80/suveniry-modely/o,a,30,90,","20170511085932","LISTING"
"http://www.press.sk/suveniry-modely/o","a,30,900/,https://web.archive.org/web/20160802144705/http://www.press.sk/suveniry-modely/o,a,30,900/,","20160802144705","LISTING"
"http://www.press.sk:80/suveniry-modely/o","a,30,900,https://web.archive.org/web/20161231191004/http://www.press.sk:80/suveniry-modely/o,a,30,900,","20161231191004","LISTING"
"http://www.press.sk:80/suveniry-modely/o","a,30,900/,https://web.archive.org/web/20170101074822/http://www.press.sk:80/suveniry-modely/o,a,30,900/,","20170101074822","LISTING"
"http://www.press.sk:80/suveniry-modely/o","a,30,900,https://web.archive.org/web/20170511081343/http://www.press.sk:80/suveniry-modely/o,a,30,900,","20170511081343","LISTING"
"http://www.press.sk/suveniry-modely/o","a,30,930/,https://web.archive.org/web/20160802141634/http://www.press.sk/suveniry-modely/o,a,30,930/,","20160802141634","LISTING"
"http://www.press.sk:80/suveniry-modely/o","a,30,930,https://web.archive.org/web/20161231191009/http://www.press.sk:80/suveniry-modely/o,a,30,930,","20161231191009","LISTING"
"http://www.press.sk:80/suveniry-modely/o","a,30,930/,https://web.archive.org/web/20170101035041/http://www.press.sk:80/suveniry-modely/o,a,30,930/,","20170101035041","LISTING"
"http://www.press.sk/suveniry-modely/o","a,30,930/,https://web.archive.org/web/20170405175140/http://www.press.sk/suveniry-modely/o,a,30,930/,","20170405175140","LISTING"
"http://www.press.sk:80/suveniry-modely/o","a,30,930,https://web.archive.org/web/20170511080418/http://www.press.sk:80/suveniry-modely/o,a,30,930,","20170511080418","LISTING"
"http://www.press.sk:80/suveniry-modely/o","a,30,960,https://web.archive.org/web/20161231191014/http://www.press.sk:80/suveniry-modely/o,a,30,960,","20161231191014","LISTING"
"http://www.press.sk:80/suveniry-modely/o","a,30,960/,https://web.archive.org/web/20170101035128/http://www.press.sk:80/suveniry-modely/o,a,30,960/,","20170101035128","LISTING"
"http://www.press.sk/suveniry-modely/o","a,30,960/,https://web.archive.org/web/20170405224210/http://www.press.sk/suveniry-modely/o,a,30,960/,","20170405224210","LISTING"
"http://www.press.sk:80/suveniry-modely/o","a,30,960,https://web.archive.org/web/20170511084828/http://www.press.sk:80/suveniry-modely/o,a,30,960,","20170511084828","LISTING"
"http://www.press.sk:80/suveniry-modely/o","d,30,https://web.archive.org/web/20170330210318/http://www.press.sk:80/suveniry-modely/o,d,30,","20170330210318","LISTING"
"http://www.press.sk:80/suveniry-modely/o","d,30,https://web.archive.org/web/20170514140250/http://www.press.sk:80/suveniry-modely/o,d,30,","20170514140250","LISTING"
"http://www.press.sk:80/suveniry-modely/o","d,30,https://web.archive.org/web/20170614134408/http://www.press.sk:80/suveniry-modely/o,d,30,","20170614134408","LISTING"
"http://www.press.sk:80/suveniry-modely/o","d,30,1080/,https://web.archive.org/web/20170331180316/http://www.press.sk:80/suveniry-modely/o,d,30,1080/,","20170331180316","LISTING"
"http://www.press.sk:80/suveniry-modely/o","d,30,30/,https://web.archive.org/web/20170331180322/http://www.press.sk:80/suveniry-modely/o,d,30,30/,","20170331180322","LISTING"
"http://www.press.sk:80/suveniry-modely/p","a,30,https://web.archive.org/web/20090117042039/http://www.press.sk:80/suveniry-modely/p,a,30,","20090117042039","LISTING"
"http://www.press.sk:80/suveniry-modely/p","a,30,https://web.archive.org/web/20090217075559/http://www.press.sk:80/suveniry-modely/p,a,30,","20090217075559","LISTING"
"http://www.press.sk:80/suveniry-modely/p","a,30,https://web.archive.org/web/20090321021726/http://www.press.sk:80/suveniry-modely/p,a,30,","20090321021726","LISTING"
"http://www.press.sk:80/suveniry-modely/p","a,30,https://web.archive.org/web/20090420194746/http://www.press.sk:80/suveniry-modely/p,a,30,","20090420194746","LISTING"
"http://www.press.sk:80/suveniry-modely/p","a,30,https://web.archive.org/web/20090522053857/http://www.press.sk:80/suveniry-modely/p,a,30,","20090522053857","LISTING"
"http://www.press.sk:80/suveniry-modely/p","a,30,https://web.archive.org/web/20100107121559/http://www.press.sk:80/suveniry-modely/p,a,30,","20100107121559","LISTING"
"http://www.press.sk:80/suveniry-modely/p","a,30,https://web.archive.org/web/20111112050552/http://www.press.sk:80/suveniry-modely/p,a,30,","20111112050552","LISTING"
"http://www.press.sk:80/suveniry-modely/p","a,30,https://web.archive.org/web/20111213072758/http://www.press.sk:80/suveniry-modely/p,a,30,","20111213072758","LISTING"
"http://www.press.sk:80/suveniry-modely/p","a,30,https://web.archive.org/web/20120115083432/http://www.press.sk:80/suveniry-modely/p,a,30,","20120115083432","LISTING"
"http://www.press.sk:80/suveniry-modely/p","a,30,https://web.archive.org/web/20120225232942/http://www.press.sk:80/suveniry-modely/p,a,30,","20120225232942","LISTING"
"http://www.press.sk:80/suveniry-modely/p","a,30,https://web.archive.org/web/20120419165254/http://www.press.sk:80/suveniry-modely/p,a,30,","20120419165254","LISTING"
"http://www.press.sk:80/suveniry-modely/p","a,30,https://web.archive.org/web/20120630170550/http://www.press.sk:80/suveniry-modely/p,a,30,","20120630170550","LISTING"
"http://www.press.sk:80/suveniry-modely/p","a,30,https://web.archive.org/web/20120830030139/http://www.press.sk:80/suveniry-modely/p,a,30,","20120830030139","LISTING"
"http://www.press.sk:80/suveniry-modely/p","a,30,https://web.archive.org/web/20121104152547/http://www.press.sk:80/suveniry-modely/p,a,30,","20121104152547","LISTING"
"http://www.press.sk:80/suveniry-modely/p","a,30,https://web.archive.org/web/20121105154721/http://www.press.sk:80/suveniry-modely/p,a,30,","20121105154721","LISTING"
"http://www.press.sk:80/suveniry-modely/p","a,30,https://web.archive.org/web/20121229101823/http://www.press.sk:80/suveniry-modely/p,a,30,","20121229101823","LISTING"
"http://www.press.sk:80/suveniry-modely/p","a,30,https://web.archive.org/web/20130329114935/http://www.press.sk:80/suveniry-modely/p,a,30,","20130329114935","LISTING"
"http://www.press.sk:80/suveniry-modely/p","a,30,https://web.archive.org/web/20130530115957/http://www.press.sk:80/suveniry-modely/p,a,30,","20130530115957","LISTING"
"http://www.press.sk:80/suveniry-modely/p","a,30,https://web.archive.org/web/20170330210324/http://www.press.sk:80/suveniry-modely/p,a,30,","20170330210324","LISTING"
"http://www.press.sk:80/suveniry-modely/p","a,30,https://web.archive.org/web/20170511101358/http://www.press.sk:80/suveniry-modely/p,a,30,","20170511101358","LISTING"
"http://www.press.sk:80/suveniry-modely/p","a,30,https://web.archive.org/web/20170611141423/http://www.press.sk:80/suveniry-modely/p,a,30,","20170611141423","LISTING"
"http://www.press.sk:80/suveniry-modely/p","a,30/,https://web.archive.org/web/20111112171256/http://www.press.sk:80/suveniry-modely/p,a,30/,","20111112171256","LISTING"
"http://www.press.sk:80/suveniry-modely/p","a,30,1080/,https://web.archive.org/web/20170331180744/http://www.press.sk:80/suveniry-modely/p,a,30,1080/,","20170331180744","LISTING"
"http://www.press.sk:80/suveniry-modely/p","a,30,120/,https://web.archive.org/web/20111113051431/http://www.press.sk:80/suveniry-modely/p,a,30,120/,","20111113051431","LISTING"
"http://www.press.sk:80/suveniry-modely/p","a,30,150/,https://web.archive.org/web/20111112171301/http://www.press.sk:80/suveniry-modely/p,a,30,150/,","20111112171301","LISTING"
"http://www.press.sk:80/suveniry-modely/p","a,30,180,https://web.archive.org/web/20111112014024/http://www.press.sk:80/suveniry-modely/p,a,30,180,","20111112014024","LISTING"
"http://www.press.sk:80/suveniry-modely/p","a,30,180/,https://web.archive.org/web/20111113075956/http://www.press.sk:80/suveniry-modely/p,a,30,180/,","20111113075956","LISTING"
"http://www.press.sk:80/suveniry-modely/p","a,30,180,https://web.archive.org/web/20111213084937/http://www.press.sk:80/suveniry-modely/p,a,30,180,","20111213084937","LISTING"
"http://www.press.sk:80/suveniry-modely/p","a,30,180,https://web.archive.org/web/20120115083459/http://www.press.sk:80/suveniry-modely/p,a,30,180,","20120115083459","LISTING"
"http://www.press.sk:80/suveniry-modely/p","a,30,180,https://web.archive.org/web/20120225131150/http://www.press.sk:80/suveniry-modely/p,a,30,180,","20120225131150","LISTING"
"http://www.press.sk:80/suveniry-modely/p","a,30,180,https://web.archive.org/web/20120416072507/http://www.press.sk:80/suveniry-modely/p,a,30,180,","20120416072507","LISTING"
"http://www.press.sk:80/suveniry-modely/p","a,30,180,https://web.archive.org/web/20120630064511/http://www.press.sk:80/suveniry-modely/p,a,30,180,","20120630064511","LISTING"
"http://www.press.sk:80/suveniry-modely/p","a,30,180,https://web.archive.org/web/20120829151047/http://www.press.sk:80/suveniry-modely/p,a,30,180,","20120829151047","LISTING"
"http://www.press.sk:80/suveniry-modely/p","a,30,180,https://web.archive.org/web/20121103155025/http://www.press.sk:80/suveniry-modely/p,a,30,180,","20121103155025","LISTING"
"http://www.press.sk:80/suveniry-modely/p","a,30,180,https://web.archive.org/web/20121229095339/http://www.press.sk:80/suveniry-modely/p,a,30,180,","20121229095339","LISTING"
"http://www.press.sk:80/suveniry-modely/p","a,30,180,https://web.archive.org/web/20130330233305/http://www.press.sk:80/suveniry-modely/p,a,30,180,","20130330233305","LISTING"
"http://www.press.sk:80/suveniry-modely/p","a,30,180,https://web.archive.org/web/20130527223701/http://www.press.sk:80/suveniry-modely/p,a,30,180,","20130527223701","LISTING"
"http://www.press.sk:80/suveniry-modely/p","a,30,210,https://web.archive.org/web/20111112050617/http://www.press.sk:80/suveniry-modely/p,a,30,210,","20111112050617","LISTING"
"http://www.press.sk:80/suveniry-modely/p","a,30,210/,https://web.archive.org/web/20111112172154/http://www.press.sk:80/suveniry-modely/p,a,30,210/,","20111112172154","LISTING"
"http://www.press.sk:80/suveniry-modely/p","a,30,210,https://web.archive.org/web/20111213072734/http://www.press.sk:80/suveniry-modely/p,a,30,210,","20111213072734","LISTING"
"http://www.press.sk:80/suveniry-modely/p","a,30,210,https://web.archive.org/web/20120114101100/http://www.press.sk:80/suveniry-modely/p,a,30,210,","20120114101100","LISTING"
"http://www.press.sk:80/suveniry-modely/p","a,30,210,https://web.archive.org/web/20120222205128/http://www.press.sk:80/suveniry-modely/p,a,30,210,","20120222205128","LISTING"
"http://www.press.sk:80/suveniry-modely/p","a,30,210,https://web.archive.org/web/20120418203539/http://www.press.sk:80/suveniry-modely/p,a,30,210,","20120418203539","LISTING"
"http://www.press.sk:80/suveniry-modely/p","a,30,210,https://web.archive.org/web/20120829230006/http://www.press.sk:80/suveniry-modely/p,a,30,210,","20120829230006","LISTING"
"http://www.press.sk:80/suveniry-modely/p","a,30,210,https://web.archive.org/web/20121113210805/http://www.press.sk:80/suveniry-modely/p,a,30,210,","20121113210805","LISTING"
"http://www.press.sk:80/suveniry-modely/p","a,30,210,https://web.archive.org/web/20121228024707/http://www.press.sk:80/suveniry-modely/p,a,30,210,","20121228024707","LISTING"
"http://www.press.sk:80/suveniry-modely/p","a,30,210,https://web.archive.org/web/20130522160444/http://www.press.sk:80/suveniry-modely/p,a,30,210,","20130522160444","LISTING"
"http://www.press.sk:80/suveniry-modely/p","a,30,240/,https://web.archive.org/web/20111112171306/http://www.press.sk:80/suveniry-modely/p,a,30,240/,","20111112171306","LISTING"
"http://www.press.sk:80/suveniry-modely/p","a,30,30/,https://web.archive.org/web/20111113051437/http://www.press.sk:80/suveniry-modely/p,a,30,30/,","20111113051437","LISTING"
"http://www.press.sk:80/suveniry-modely/p","a,30,30/,https://web.archive.org/web/20170331175748/http://www.press.sk:80/suveniry-modely/p,a,30,30/,","20170331175748","LISTING"
"http://www.press.sk:80/suveniry-modely/p","a,30,60/,https://web.archive.org/web/20111114173924/http://www.press.sk:80/suveniry-modely/p,a,30,60/,","20111114173924","LISTING"
"http://www.press.sk:80/suveniry-modely/p","a,30,90/,https://web.archive.org/web/20111114174806/http://www.press.sk:80/suveniry-modely/p,a,30,90/,","20111114174806","LISTING"
"http://www.press.sk:80/suveniry-modely/p","d,30,https://web.archive.org/web/20170330210922/http://www.press.sk:80/suveniry-modely/p,d,30,","20170330210922","LISTING"
"http://www.press.sk:80/suveniry-modely/p","d,30,https://web.archive.org/web/20170514175944/http://www.press.sk:80/suveniry-modely/p,d,30,","20170514175944","LISTING"
"http://www.press.sk:80/suveniry-modely/p","d,30/,https://web.archive.org/web/20170331180327/http://www.press.sk:80/suveniry-modely/p,d,30/,","20170331180327","LISTING"
"http://www.press.sk:80/suveniry-modely/p","d,30,1020/,https://web.archive.org/web/20170331175203/http://www.press.sk:80/suveniry-modely/p,d,30,1020/,","20170331175203","LISTING"
"http://www.press.sk:80/suveniry-modely/p","d,30,1050,https://web.archive.org/web/20170330210343/http://www.press.sk:80/suveniry-modely/p,d,30,1050,","20170330210343","LISTING"
"http://www.press.sk:80/suveniry-modely/p","d,30,1050,https://web.archive.org/web/20170511084156/http://www.press.sk:80/suveniry-modely/p,d,30,1050,","20170511084156","LISTING"
"http://www.press.sk:80/suveniry-modely/p","d,30,1050,https://web.archive.org/web/20170611141506/http://www.press.sk:80/suveniry-modely/p,d,30,1050,","20170611141506","LISTING"
"http://www.press.sk:80/suveniry-modely/p","d,30,1080/,https://web.archive.org/web/20170331153755/http://www.press.sk:80/suveniry-modely/p,d,30,1080/,","20170331153755","LISTING"
"http://www.press.sk:80/suveniry-modely/p","d,30,30/,https://web.archive.org/web/20170331175208/http://www.press.sk:80/suveniry-modely/p,d,30,30/,","20170331175208","LISTING"
"http://www.press.sk:80/tajomstvo-ludskeho-tela/o","a,30/,https://web.archive.org/web/20141130110057/http://www.press.sk:80/tajomstvo-ludskeho-tela/o,a,30/,","20141130110057","LISTING"
"http://www.press.sk/tajomstvo-ludskeho-tela/o","a,30,30/,https://web.archive.org/web/20130620233813/http://www.press.sk/tajomstvo-ludskeho-tela/o,a,30,30/,","20130620233813","LISTING"
"http://www.press.sk:80/tajomstvo-ludskeho-tela/o","a,30,30,https://web.archive.org/web/20141119011355/http://www.press.sk:80/tajomstvo-ludskeho-tela/o,a,30,30,","20141119011355","LISTING"
"http://www.press.sk:80/tajomstvo-ludskeho-tela/o","a,30,30/,https://web.archive.org/web/20141130110104/http://www.press.sk:80/tajomstvo-ludskeho-tela/o,a,30,30/,","20141130110104","LISTING"
"http://www.press.sk:80/tajomstvo-ludskeho-tela/o","a,30,30,https://web.archive.org/web/20141219213427/http://www.press.sk:80/tajomstvo-ludskeho-tela/o,a,30,30,","20141219213427","LISTING"
"http://www.press.sk:80/tajomstvo-ludskeho-tela/o","a,30,30,https://web.archive.org/web/20150119123722/http://www.press.sk:80/tajomstvo-ludskeho-tela/o,a,30,30,","20150119123722","LISTING"
"http://www.press.sk:80/tajomstvo-ludskeho-tela/o","a,30,60,https://web.archive.org/web/20141119014746/http://www.press.sk:80/tajomstvo-ludskeho-tela/o,a,30,60,","20141119014746","LISTING"
"http://www.press.sk:80/tajomstvo-ludskeho-tela/o","a,30,60/,https://web.archive.org/web/20141130110110/http://www.press.sk:80/tajomstvo-ludskeho-tela/o,a,30,60/,","20141130110110","LISTING"
"http://www.press.sk:80/tajomstvo-ludskeho-tela/o","a,30,60,https://web.archive.org/web/20141219133759/http://www.press.sk:80/tajomstvo-ludskeho-tela/o,a,30,60,","20141219133759","LISTING"
"http://www.press.sk:80/tajomstvo-ludskeho-tela/o","a,30,60,https://web.archive.org/web/20150119123728/http://www.press.sk:80/tajomstvo-ludskeho-tela/o,a,30,60,","20150119123728","LISTING"
"http://www.press.sk:80/tank-t-34-85+281/","https://web.archive.org/web/20170113220150/http://www.press.sk:80/tank-t-34-85+281/,","20170113220150","LISTING"
"http://www.press.sk:80/tank-t-34-85+281/","https://web.archive.org/web/20170315213006/http://www.press.sk:80/tank-t-34-85+281/,","20170315213006","LISTING"
"http://www.press.sk:80/tank-t-34-85+281","https://web.archive.org/web/20170330210420/http://www.press.sk:80/tank-t-34-85+281,","20170330210420","LISTING"
"http://www.press.sk:80/tank-t-34-85+281","https://web.archive.org/web/20170515040757/http://www.press.sk:80/tank-t-34-85+281,","20170515040757","LISTING"
"http://www.press.sk:80/tank-t-34-85+281/","https://web.archive.org/web/20170516121603/http://www.press.sk:80/tank-t-34-85+281/,","20170516121603","LISTING"
"http://www.press.sk/tank-t-34-85+281/","https://web.archive.org/web/20170606134351/http://www.press.sk/tank-t-34-85+281/,","20170606134351","LISTING"
"http://www.press.sk:80/tank-t-34-85/o","a,30,30/,https://web.archive.org/web/20170331180815/http://www.press.sk:80/tank-t-34-85/o,a,30,30/,","20170331180815","LISTING"
"http://www.press.sk/tank-t-34-85/o","a,30,30/,https://web.archive.org/web/20170405161859/http://www.press.sk/tank-t-34-85/o,a,30,30/,","20170405161859","LISTING"
"http://www.press.sk:80/tank-t-34-85/o","a,30,60/,https://web.archive.org/web/20170331175222/http://www.press.sk:80/tank-t-34-85/o,a,30,60/,","20170331175222","LISTING"
"http://www.press.sk/ucebnice-a-slovniky-ine/o","a,30,30/,https://web.archive.org/web/20130623125001/http://www.press.sk/ucebnice-a-slovniky-ine/o,a,30,30/,","20130623125001","LISTING"
"http://www.press.sk/ucebnice-a-slovniky-ine/o","a,30,60/,https://web.archive.org/web/20130623125934/http://www.press.sk/ucebnice-a-slovniky-ine/o,a,30,60/,","20130623125934","LISTING"
"http://www.press.sk/ucebnice-pre-cub/o","a,30,120/,https://web.archive.org/web/20130622213050/http://www.press.sk/ucebnice-pre-cub/o,a,30,120/,","20130622213050","LISTING"
"http://www.press.sk/ucebnice-pre-cub/o","a,30,30/,https://web.archive.org/web/20130622213221/http://www.press.sk/ucebnice-pre-cub/o,a,30,30/,","20130622213221","LISTING"
"http://www.press.sk/ucebnice-pre-cub/o","a,30,60/,https://web.archive.org/web/20130622210828/http://www.press.sk/ucebnice-pre-cub/o,a,30,60/,","20130622210828","LISTING"
"http://www.press.sk/ucebnice-pre-cub/o","a,30,90/,https://web.archive.org/web/20130622202949/http://www.press.sk/ucebnice-pre-cub/o,a,30,90/,","20130622202949","LISTING"
"http://www.press.sk:80/velke-bitvy-historie/o","a,30/,https://web.archive.org/web/20150310140748/http://www.press.sk:80/velke-bitvy-historie/o,a,30/,","20150310140748","LISTING"
"http://www.press.sk/velke-bitvy-historie/o","a,30,30/,https://web.archive.org/web/20130620201409/http://www.press.sk/velke-bitvy-historie/o,a,30,30/,","20130620201409","LISTING"
"http://www.press.sk:80/velke-bitvy-historie/o","a,30,30,https://web.archive.org/web/20150308121800/http://www.press.sk:80/velke-bitvy-historie/o,a,30,30,","20150308121800","LISTING"
"http://www.press.sk:80/velke-bitvy-historie/o","a,30,30/,https://web.archive.org/web/20150310064448/http://www.press.sk:80/velke-bitvy-historie/o,a,30,30/,","20150310064448","LISTING"
"http://www.press.sk:80/velke-bitvy-historie/o","a,30,30,https://web.archive.org/web/20150408170500/http://www.press.sk:80/velke-bitvy-historie/o,a,30,30,","20150408170500","LISTING"
"http://www.press.sk:80/velke-bitvy-historie/o","a,30,30,https://web.archive.org/web/20150509065726/http://www.press.sk:80/velke-bitvy-historie/o,a,30,30,","20150509065726","LISTING"
"http://www.press.sk:80/velke-bitvy-historie/o","a,30,30,https://web.archive.org/web/20150609043626/http://www.press.sk:80/velke-bitvy-historie/o,a,30,30,","20150609043626","LISTING"
"http://www.press.sk:80/velke-bitvy-historie/o","a,30,30,https://web.archive.org/web/20150710101404/http://www.press.sk:80/velke-bitvy-historie/o,a,30,30,","20150710101404","LISTING"
"http://www.press.sk:80/velke-bitvy-historie/o","a,30,30,https://web.archive.org/web/20150810124320/http://www.press.sk:80/velke-bitvy-historie/o,a,30,30,","20150810124320","LISTING"
"http://www.press.sk:80/velke-bitvy-historie/o","a,30,30,https://web.archive.org/web/20150910103924/http://www.press.sk:80/velke-bitvy-historie/o,a,30,30,","20150910103924","LISTING"
"http://www.press.sk:80/velke-bitvy-historie/o","a,30,30,https://web.archive.org/web/20160401134617/http://www.press.sk:80/velke-bitvy-historie/o,a,30,30,","20160401134617","LISTING"
"http://www.press.sk:80/velke-bitvy-historie/o","a,30,30,https://web.archive.org/web/20160402160932/http://www.press.sk:80/velke-bitvy-historie/o,a,30,30,","20160402160932","LISTING"
"http://www.press.sk:80/velke-bitvy-historie/o","a,30,30,https://web.archive.org/web/20160513072714/http://www.press.sk:80/velke-bitvy-historie/o,a,30,30,","20160513072714","LISTING"
"http://www.press.sk:80/vojenska-letadla/o","a,30/,https://web.archive.org/web/20151113193406/http://www.press.sk:80/vojenska-letadla/o,a,30/,","20151113193406","LISTING"
"http://www.press.sk:80/vojenska-letadla/o","a,30,30/,https://web.archive.org/web/20120226165301/http://www.press.sk:80/vojenska-letadla/o,a,30,30/,","20120226165301","LISTING"
"http://www.press.sk:80/vojenska-letadla/o","a,30,30/,https://web.archive.org/web/20120622100842/http://www.press.sk:80/vojenska-letadla/o,a,30,30/,","20120622100842","LISTING"
"http://www.press.sk/vojenska-letadla/o","a,30,30/,https://web.archive.org/web/20130620161956/http://www.press.sk/vojenska-letadla/o,a,30,30/,","20130620161956","LISTING"
"http://www.press.sk:80/vojenska-letadla/o","a,30,30/,https://web.archive.org/web/20140127033239/http://www.press.sk:80/vojenska-letadla/o,a,30,30/,","20140127033239","LISTING"
"http://www.press.sk:80/vojenska-letadla/o","a,30,30,https://web.archive.org/web/20151112173208/http://www.press.sk:80/vojenska-letadla/o,a,30,30,","20151112173208","LISTING"
"http://www.press.sk:80/vojenska-letadla/o","a,30,30/,https://web.archive.org/web/20151113193451/http://www.press.sk:80/vojenska-letadla/o,a,30,30/,","20151113193451","LISTING"
"http://www.press.sk:80/vojenska-letadla/o","a,30,30,https://web.archive.org/web/20151215134349/http://www.press.sk:80/vojenska-letadla/o,a,30,30,","20151215134349","LISTING"
"http://www.press.sk:80/vojenska-letadla/o","a,30,30,https://web.archive.org/web/20160115073928/http://www.press.sk:80/vojenska-letadla/o,a,30,30,","20160115073928","LISTING"
"http://www.press.sk:80/vojenska-letadla/o","a,30,30,https://web.archive.org/web/20160115221509/http://www.press.sk:80/vojenska-letadla/o,a,30,30,","20160115221509","LISTING"
"http://www.press.sk:80/vojenska-letadla/o","a,30,30,https://web.archive.org/web/20160330120459/http://www.press.sk:80/vojenska-letadla/o,a,30,30,","20160330120459","LISTING"
"http://www.press.sk:80/vojenska-letadla/o","a,30,30,https://web.archive.org/web/20160331202541/http://www.press.sk:80/vojenska-letadla/o,a,30,30,","20160331202541","LISTING"
"http://www.press.sk:80/vojenska-letadla/o","a,30,30,https://web.archive.org/web/20160508085008/http://www.press.sk:80/vojenska-letadla/o,a,30,30,","20160508085008","LISTING"
"http://www.press.sk/vojenska-letadla/o","a,30,60/,https://web.archive.org/web/20130620160652/http://www.press.sk/vojenska-letadla/o,a,30,60/,","20130620160652","LISTING"
"http://www.press.sk:80/vojenska-letadla/o","a,30,60/,https://web.archive.org/web/20140127033243/http://www.press.sk:80/vojenska-letadla/o,a,30,60/,","20140127033243","LISTING"
"http://www.press.sk:80/vojenska-technika-sveta/?","https://web.archive.org/web/20161017195857/http://www.press.sk:80/vojenska-technika-sveta/?,","20161017195857","LISTING"
"http://www.press.sk:80/vojenska-technika-sveta/?","https://web.archive.org/web/20161118010350/http://www.press.sk:80/vojenska-technika-sveta/?,","20161118010350","LISTING"
"http://www.press.sk:80/vojnovy-roman/n","a,30/,https://web.archive.org/web/20090527012329/http://www.press.sk:80/vojnovy-roman/n,a,30/,","20090527012329","LISTING"
"http://www.press.sk:80/vojnovy-roman/n","a,30,30,https://web.archive.org/web/20090525094546/http://www.press.sk:80/vojnovy-roman/n,a,30,30,","20090525094546","LISTING"
"http://www.press.sk:80/vojnovy-roman/n","a,30,30/,https://web.archive.org/web/20090527030222/http://www.press.sk:80/vojnovy-roman/n,a,30,30/,","20090527030222","LISTING"
"http://www.press.sk:80/vojnovy-roman/n","a,30,30,https://web.archive.org/web/20100107131614/http://www.press.sk:80/vojnovy-roman/n,a,30,30,","20100107131614","LISTING"
"http://www.press.sk:80/vojnovy-roman/n","a,30,60,https://web.archive.org/web/20090525094632/http://www.press.sk:80/vojnovy-roman/n,a,30,60,","20090525094632","LISTING"
"http://www.press.sk:80/vojnovy-roman/n","a,30,60/,https://web.archive.org/web/20090527030226/http://www.press.sk:80/vojnovy-roman/n,a,30,60/,","20090527030226","LISTING"
"http://www.press.sk:80/vojnovy-roman/n","a,30,60,https://web.archive.org/web/20100110115737/http://www.press.sk:80/vojnovy-roman/n,a,30,60,","20100110115737","LISTING"
"http://www.press.sk/vojnovy-roman/o","a,30,30/,https://web.archive.org/web/20130622232058/http://www.press.sk/vojnovy-roman/o,a,30,30/,","20130622232058","LISTING"
"http://www.press.sk/vojnovy-roman/o","a,30,60/,https://web.archive.org/web/20130622234041/http://www.press.sk/vojnovy-roman/o,a,30,60/,","20130622234041","LISTING"
"http://www.press.sk:80/vojny-20.storocia","https://web.archive.org/web/20110606005304/http://www.press.sk:80/vojny-20.storocia,","20110606005304","LISTING"
"http://www.press.sk:80/vojny-20.storocia/","https://web.archive.org/web/20110606072829/http://www.press.sk:80/vojny-20.storocia/,","20110606072829","LISTING"
"http://www.press.sk:80/vojny-20.storocia","https://web.archive.org/web/20110708000440/http://www.press.sk:80/vojny-20.storocia,","20110708000440","LISTING"
"http://www.press.sk:80/vojny-20.storocia/","https://web.archive.org/web/20110806002331/http://www.press.sk:80/vojny-20.storocia/,","20110806002331","LISTING"
"http://www.press.sk:80/vojny-20.storocia","https://web.archive.org/web/20110808055735/http://www.press.sk:80/vojny-20.storocia,","20110808055735","LISTING"
"http://www.press.sk:80/vojny-20.storocia/n","a,30,https://web.archive.org/web/20091205190335/http://www.press.sk:80/vojny-20.storocia/n,a,30,","20091205190335","LISTING"
"http://www.press.sk:80/vojny-20.storocia/n","a,30,https://web.archive.org/web/20100110094821/http://www.press.sk:80/vojny-20.storocia/n,a,30,","20100110094821","LISTING"
"http://www.press.sk:80/vojny-20.storocia/n","a,30,https://web.archive.org/web/20091205190354/http://www.press.sk:80/vojny-20.storocia/n,a,30,","20091205190354","LISTING"
"http://www.press.sk:80/vojny-20.storocia/n","a,30/,https://web.archive.org/web/20091212085112/http://www.press.sk:80/vojny-20.storocia/n,a,30/,","20091212085112","LISTING"
"http://www.press.sk:80/vojny-20.storocia/n","a,30,https://web.archive.org/web/20100126050529/http://www.press.sk:80/vojny-20.storocia/n,a,30,","20100126050529","LISTING"
"http://www.press.sk:80/vojny-20.storocia/n","a,30/,https://web.archive.org/web/20100211194702/http://www.press.sk:80/vojny-20.storocia/n,a,30/,","20100211194702","LISTING"
"http://www.press.sk:80/vojny-20.storocia/n","a,30,30,https://web.archive.org/web/20091205190400/http://www.press.sk:80/vojny-20.storocia/n,a,30,30,","20091205190400","LISTING"
"http://www.press.sk:80/vojny-20.storocia/n","a,30,30/,https://web.archive.org/web/20091212085116/http://www.press.sk:80/vojny-20.storocia/n,a,30,30/,","20091212085116","LISTING"
"http://www.press.sk:80/vojny-20.storocia/n","a,30,30,https://web.archive.org/web/20100106120654/http://www.press.sk:80/vojny-20.storocia/n,a,30,30,","20100106120654","LISTING"
"http://www.press.sk:80/vojny-20.storocia/n","a,30,30/,https://web.archive.org/web/20100214034904/http://www.press.sk:80/vojny-20.storocia/n,a,30,30/,","20100214034904","LISTING"
"http://www.press.sk:80/vojny-20.storocia/n","a,30,60,https://web.archive.org/web/20091205190427/http://www.press.sk:80/vojny-20.storocia/n,a,30,60,","20091205190427","LISTING"
"http://www.press.sk:80/vojny-20.storocia/n","a,30,60/,https://web.archive.org/web/20091212085122/http://www.press.sk:80/vojny-20.storocia/n,a,30,60/,","20091212085122","LISTING"
"http://www.press.sk:80/vojny-20.storocia/n","a,30,60,https://web.archive.org/web/20100125104255/http://www.press.sk:80/vojny-20.storocia/n,a,30,60,","20100125104255","LISTING"
"http://www.press.sk:80/vojny-20.storocia/n","a,30,60/,https://web.archive.org/web/20100211201339/http://www.press.sk:80/vojny-20.storocia/n,a,30,60/,","20100211201339","LISTING"
"http://www.press.sk:80/vojny-20.storocia/n","a,30,90,https://web.archive.org/web/20091205190331/http://www.press.sk:80/vojny-20.storocia/n,a,30,90,","20091205190331","LISTING"
"http://www.press.sk:80/vojny-20.storocia/n","a,30,90/,https://web.archive.org/web/20091212085126/http://www.press.sk:80/vojny-20.storocia/n,a,30,90/,","20091212085126","LISTING"
"http://www.press.sk:80/vojny-20.storocia/n","a,30,90,https://web.archive.org/web/20100110172907/http://www.press.sk:80/vojny-20.storocia/n,a,30,90,","20100110172907","LISTING"
"http://www.press.sk:80/vojny-20.storocia/n","a,30,90/,https://web.archive.org/web/20100212001155/http://www.press.sk:80/vojny-20.storocia/n,a,30,90/,","20100212001155","LISTING"
"http://www.press.sk:80/vojny-20.storocia/p","a,30,https://web.archive.org/web/20091205190459/http://www.press.sk:80/vojny-20.storocia/p,a,30,","20091205190459","LISTING"
"http://www.press.sk:80/vojny-20.storocia/p","a,30,https://web.archive.org/web/20100109113706/http://www.press.sk:80/vojny-20.storocia/p,a,30,","20100109113706","LISTING"
"http://www.press.sk:80/vojny-20.storocia/p","a,30,30/,https://web.archive.org/web/20091207013618/http://www.press.sk:80/vojny-20.storocia/p,a,30,30/,","20091207013618","LISTING"
"http://www.press.sk:80/vojny-20.storocia/p","a,30,60/,https://web.archive.org/web/20091207034446/http://www.press.sk:80/vojny-20.storocia/p,a,30,60/,","20091207034446","LISTING"
"http://www.press.sk:80/vojny-20.storocia/p","a,30,90,https://web.archive.org/web/20091205190728/http://www.press.sk:80/vojny-20.storocia/p,a,30,90,","20091205190728","LISTING"
"http://www.press.sk:80/vojny-20.storocia/p","a,30,90/,https://web.archive.org/web/20091207013622/http://www.press.sk:80/vojny-20.storocia/p,a,30,90/,","20091207013622","LISTING"
"http://www.press.sk:80/vojny-20.storocia/p","a,30,90,https://web.archive.org/web/20100107144629/http://www.press.sk:80/vojny-20.storocia/p,a,30,90,","20100107144629","LISTING"
"http://www.press.sk/vseobecna/o","a,30,120/,https://web.archive.org/web/20130623212620/http://www.press.sk/vseobecna/o,a,30,120/,","20130623212620","LISTING"
"http://www.press.sk/vseobecna/o","a,30,30/,https://web.archive.org/web/20130623210722/http://www.press.sk/vseobecna/o,a,30,30/,","20130623210722","LISTING"
"http://www.press.sk/vseobecna/o","a,30,480/,https://web.archive.org/web/20130623212049/http://www.press.sk/vseobecna/o,a,30,480/,","20130623212049","LISTING"
"http://www.press.sk/vseobecna/o","a,30,510/,https://web.archive.org/web/20130623205737/http://www.press.sk/vseobecna/o,a,30,510/,","20130623205737","LISTING"
"http://www.press.sk/vseobecna/o","a,30,60/,https://web.archive.org/web/20130623204604/http://www.press.sk/vseobecna/o,a,30,60/,","20130623204604","LISTING"
"http://www.press.sk/vseobecna/o","a,30,90/,https://web.archive.org/web/20130623214241/http://www.press.sk/vseobecna/o,a,30,90/,","20130623214241","LISTING"
"http://www.press.sk/web/4.-kucharska-kniha-z-edicie-apetit-na-cestach---recka-odysea-aneb-slavne-baje-a-povesti/","https://web.archive.org/web/20140812072324/http://www.press.sk/web/4.-kucharska-kniha-z-edicie-apetit-na-cestach---recka-odysea-aneb-slavne-baje-a-povesti/,","20140812072324","LISTING"
"http://www.press.sk/web/expedicia-casopisov-10.-tyzden/","https://web.archive.org/web/20160408100731/http://www.press.sk/web/expedicia-casopisov-10.-tyzden/,","20160408100731","LISTING"
"http://www.press.sk:80/web/expedicia-casopisov-10.tyzden","https://web.archive.org/web/20090406001526/http://www.press.sk:80/web/expedicia-casopisov-10.tyzden,","20090406001526","LISTING"
"http://www.press.sk:80/web/expedicia-casopisov-10.tyzden","https://web.archive.org/web/20090508111821/http://www.press.sk:80/web/expedicia-casopisov-10.tyzden,","20090508111821","LISTING"
"http://www.press.sk:80/web/expedicia-casopisov-10.tyzden","https://web.archive.org/web/20100110090800/http://www.press.sk:80/web/expedicia-casopisov-10.tyzden,","20100110090800","LISTING"
"http://www.press.sk:80/web/expedicia-casopisov-10.tyzden","https://web.archive.org/web/20100415073844/http://www.press.sk:80/web/expedicia-casopisov-10.tyzden,","20100415073844","LISTING"
"http://www.press.sk/web/expedicia-casopisov-11.-tyzden/","https://web.archive.org/web/20160412184603/http://www.press.sk/web/expedicia-casopisov-11.-tyzden/,","20160412184603","LISTING"
"http://www.press.sk:80/web/expedicia-casopisov-11.tyzden","https://web.archive.org/web/20090412045712/http://www.press.sk:80/web/expedicia-casopisov-11.tyzden,","20090412045712","LISTING"
"http://www.press.sk:80/web/expedicia-casopisov-11.tyzden","https://web.archive.org/web/20090513040437/http://www.press.sk:80/web/expedicia-casopisov-11.tyzden,","20090513040437","LISTING"
"http://www.press.sk:80/web/expedicia-casopisov-11.tyzden","https://web.archive.org/web/20100106121926/http://www.press.sk:80/web/expedicia-casopisov-11.tyzden,","20100106121926","LISTING"
"http://www.press.sk:80/web/expedicia-casopisov-11.tyzden","https://web.archive.org/web/20100324023530/http://www.press.sk:80/web/expedicia-casopisov-11.tyzden,","20100324023530","LISTING"
"http://www.press.sk/web/expedicia-casopisov-12.-tyzden/","https://web.archive.org/web/20150418191830/http://www.press.sk/web/expedicia-casopisov-12.-tyzden/,","20150418191830","LISTING"
"http://www.press.sk/web/expedicia-casopisov-12.-tyzden/","https://web.archive.org/web/20160730210311/http://www.press.sk/web/expedicia-casopisov-12.-tyzden/,","20160730210311","LISTING"
"http://www.press.sk:80/web/expedicia-casopisov-12.tyzden","https://web.archive.org/web/20090420194803/http://www.press.sk:80/web/expedicia-casopisov-12.tyzden,","20090420194803","LISTING"
"http://www.press.sk:80/web/expedicia-casopisov-12.tyzden","https://web.archive.org/web/20090523062827/http://www.press.sk:80/web/expedicia-casopisov-12.tyzden,","20090523062827","LISTING"
"http://www.press.sk:80/web/expedicia-casopisov-12.tyzden","https://web.archive.org/web/20100106013943/http://www.press.sk:80/web/expedicia-casopisov-12.tyzden,","20100106013943","LISTING"
"http://www.press.sk:80/web/expedicia-casopisov-12.tyzden","https://web.archive.org/web/20100329195847/http://www.press.sk:80/web/expedicia-casopisov-12.tyzden,","20100329195847","LISTING"
"http://www.press.sk:80/web/expedicia-casopisov-13.tyzden","https://web.archive.org/web/20090426015434/http://www.press.sk:80/web/expedicia-casopisov-13.tyzden,","20090426015434","LISTING"
"http://www.press.sk:80/web/expedicia-casopisov-13.tyzden","https://web.archive.org/web/20090529071037/http://www.press.sk:80/web/expedicia-casopisov-13.tyzden,","20090529071037","LISTING"
"http://www.press.sk:80/web/expedicia-casopisov-14.tyzden","https://web.archive.org/web/20090504102952/http://www.press.sk:80/web/expedicia-casopisov-14.tyzden,","20090504102952","LISTING"
"http://www.press.sk:80/web/expedicia-casopisov-14.tyzden","https://web.archive.org/web/20100118211707/http://www.press.sk:80/web/expedicia-casopisov-14.tyzden,","20100118211707","LISTING"
"http://www.press.sk:80/web/expedicia-casopisov-15.tyzden","https://web.archive.org/web/20090512055805/http://www.press.sk:80/web/expedicia-casopisov-15.tyzden,","20090512055805","LISTING"
"http://www.press.sk:80/web/expedicia-casopisov-15.tyzden","https://web.archive.org/web/20100507051240/http://www.press.sk:80/web/expedicia-casopisov-15.tyzden,","20100507051240","LISTING"
"http://www.press.sk:80/web/expedicia-casopisov-15.tyzden","https://web.archive.org/web/20100607094747/http://www.press.sk:80/web/expedicia-casopisov-15.tyzden,","20100607094747","LISTING"
"http://www.press.sk:80/web/expedicia-casopisov-15.tyzden","https://web.archive.org/web/20100710064515/http://www.press.sk:80/web/expedicia-casopisov-15.tyzden,","20100710064515","LISTING"
"http://www.press.sk:80/web/expedicia-casopisov-15.tyzden","https://web.archive.org/web/20100711082408/http://www.press.sk:80/web/expedicia-casopisov-15.tyzden,","20100711082408","LISTING"
"http://www.press.sk:80/web/expedicia-casopisov-15.tyzden","https://web.archive.org/web/20100811082628/http://www.press.sk:80/web/expedicia-casopisov-15.tyzden,","20100811082628","LISTING"
"http://www.press.sk:80/web/expedicia-casopisov-16.tyzden","https://web.archive.org/web/20090520054414/http://www.press.sk:80/web/expedicia-casopisov-16.tyzden,","20090520054414","LISTING"
"http://www.press.sk:80/web/expedicia-casopisov-16.tyzden","https://web.archive.org/web/20100122030337/http://www.press.sk:80/web/expedicia-casopisov-16.tyzden,","20100122030337","LISTING"
"http://www.press.sk:80/web/expedicia-casopisov-16.tyzden","https://web.archive.org/web/20100428023858/http://www.press.sk:80/web/expedicia-casopisov-16.tyzden,","20100428023858","LISTING"
"http://www.press.sk:80/web/expedicia-casopisov-16.tyzden","https://web.archive.org/web/20100429080911/http://www.press.sk:80/web/expedicia-casopisov-16.tyzden,","20100429080911","LISTING"
"http://www.press.sk:80/web/expedicia-casopisov-16.tyzden","https://web.archive.org/web/20100630222611/http://www.press.sk:80/web/expedicia-casopisov-16.tyzden,","20100630222611","LISTING"
"http://www.press.sk:80/web/expedicia-casopisov-17.tyzden","https://web.archive.org/web/20091217043421/http://www.press.sk:80/web/expedicia-casopisov-17.tyzden,","20091217043421","LISTING"
"http://www.press.sk:80/web/expedicia-casopisov-17.tyzden","https://web.archive.org/web/20100126030630/http://www.press.sk:80/web/expedicia-casopisov-17.tyzden,","20100126030630","LISTING"
"http://www.press.sk:80/web/expedicia-casopisov-18.tyzden","https://web.archive.org/web/20100106144025/http://www.press.sk:80/web/expedicia-casopisov-18.tyzden,","20100106144025","LISTING"
"http://www.press.sk/web/expedicia-casopisov-18.tyzden/","https://web.archive.org/web/20130513001713/http://www.press.sk/web/expedicia-casopisov-18.tyzden/,","20130513001713","LISTING"
"http://www.press.sk:80/web/expedicia-casopisov-19.tyzden","https://web.archive.org/web/20100109114512/http://www.press.sk:80/web/expedicia-casopisov-19.tyzden,","20100109114512","LISTING"
"http://www.press.sk:80/web/expedicia-casopisov-2.tyzden","https://web.archive.org/web/20100120054521/http://www.press.sk:80/web/expedicia-casopisov-2.tyzden,","20100120054521","LISTING"
"http://www.press.sk:80/web/expedicia-casopisov-2.tyzden","https://web.archive.org/web/20110117192843/http://www.press.sk:80/web/expedicia-casopisov-2.tyzden,","20110117192843","LISTING"
"http://www.press.sk:80/web/expedicia-casopisov-2.tyzden/","https://web.archive.org/web/20110119095404/http://www.press.sk:80/web/expedicia-casopisov-2.tyzden/,","20110119095404","LISTING"
"http://www.press.sk:80/web/expedicia-casopisov-2.tyzden","https://web.archive.org/web/20110218080420/http://www.press.sk:80/web/expedicia-casopisov-2.tyzden,","20110218080420","LISTING"
"http://www.press.sk:80/web/expedicia-casopisov-20.tyzden/","https://web.archive.org/web/20110523230333/http://www.press.sk:80/web/expedicia-casopisov-20.tyzden/,","20110523230333","LISTING"
"http://www.press.sk:80/web/expedicia-casopisov-21.tyzden","https://web.archive.org/web/20100110100941/http://www.press.sk:80/web/expedicia-casopisov-21.tyzden,","20100110100941","LISTING"
"http://www.press.sk/web/expedicia-casopisov-22.tyzden/","https://web.archive.org/web/20170606090424/http://www.press.sk/web/expedicia-casopisov-22.tyzden/,","20170606090424","LISTING"
"http://www.press.sk:80/web/expedicia-casopisov-23.tyzden","https://web.archive.org/web/20090612074206/http://www.press.sk:80/web/expedicia-casopisov-23.tyzden,","20090612074206","LISTING"
"http://www.press.sk:80/web/expedicia-casopisov-23.tyzden","https://web.archive.org/web/20100107185010/http://www.press.sk:80/web/expedicia-casopisov-23.tyzden,","20100107185010","LISTING"
"http://www.press.sk:80/web/expedicia-casopisov-25.tyzden","https://web.archive.org/web/20100109090403/http://www.press.sk:80/web/expedicia-casopisov-25.tyzden,","20100109090403","LISTING"
"http://www.press.sk:80/web/expedicia-casopisov-26.tyzden","https://web.archive.org/web/20100107152308/http://www.press.sk:80/web/expedicia-casopisov-26.tyzden,","20100107152308","LISTING"
"http://www.press.sk:80/web/expedicia-casopisov-27.tyzden","https://web.archive.org/web/20100107160037/http://www.press.sk:80/web/expedicia-casopisov-27.tyzden,","20100107160037","LISTING"
"http://www.press.sk/web/expedicia-casopisov-27.tyzden/","https://web.archive.org/web/20140812082214/http://www.press.sk/web/expedicia-casopisov-27.tyzden/,","20140812082214","LISTING"
"http://www.press.sk:80/web/expedicia-casopisov-28.tyzden","https://web.archive.org/web/20100109175211/http://www.press.sk:80/web/expedicia-casopisov-28.tyzden,","20100109175211","LISTING"
"http://www.press.sk/web/expedicia-casopisov-3.tyzden/","https://web.archive.org/web/20120208130111/http://www.press.sk/web/expedicia-casopisov-3.tyzden/,","20120208130111","LISTING"
"http://www.press.sk/web/expedicia-casopisov-3.tyzden/","https://web.archive.org/web/20120307095137/http://www.press.sk/web/expedicia-casopisov-3.tyzden/,","20120307095137","LISTING"
"http://www.press.sk/web/expedicia-casopisov-30.tyzden/","https://web.archive.org/web/20110818140812/http://www.press.sk/web/expedicia-casopisov-30.tyzden/,","20110818140812","LISTING"
"http://www.press.sk:80/web/expedicia-casopisov-30.tyzden/","https://web.archive.org/web/20160801083515/http://www.press.sk:80/web/expedicia-casopisov-30.tyzden/,","20160801083515","LISTING"
"http://www.press.sk:80/web/expedicia-casopisov-31.tyzden","https://web.archive.org/web/20100110163834/http://www.press.sk:80/web/expedicia-casopisov-31.tyzden,","20100110163834","LISTING"
"http://www.press.sk:80/web/expedicia-casopisov-32.tyzden","https://web.archive.org/web/20100107043109/http://www.press.sk:80/web/expedicia-casopisov-32.tyzden,","20100107043109","LISTING"
"http://www.press.sk:80/web/expedicia-casopisov-33.tyzden/","https://web.archive.org/web/20110912094503/http://www.press.sk:80/web/expedicia-casopisov-33.tyzden/,","20110912094503","LISTING"
"http://www.press.sk:80/web/expedicia-casopisov-34.tyzden","https://web.archive.org/web/20100106115908/http://www.press.sk:80/web/expedicia-casopisov-34.tyzden,","20100106115908","LISTING"
"http://www.press.sk:80/web/expedicia-casopisov-34.tyzden/","https://web.archive.org/web/20110912072736/http://www.press.sk:80/web/expedicia-casopisov-34.tyzden/,","20110912072736","LISTING"
"http://www.press.sk:80/web/expedicia-casopisov-34.tyzden/","https://web.archive.org/web/20130826113038/http://www.press.sk:80/web/expedicia-casopisov-34.tyzden/,","20130826113038","LISTING"
"http://www.press.sk:80/web/expedicia-casopisov-35.tyzden/","https://web.archive.org/web/20160906094433/http://www.press.sk:80/web/expedicia-casopisov-35.tyzden/,","20160906094433","LISTING"
"http://www.press.sk:80/web/expedicia-casopisov-36.tyzden","https://web.archive.org/web/20100110135441/http://www.press.sk:80/web/expedicia-casopisov-36.tyzden,","20100110135441","LISTING"
"http://www.press.sk:80/web/expedicia-casopisov-37.tyzden","https://web.archive.org/web/20100111140740/http://www.press.sk:80/web/expedicia-casopisov-37.tyzden,","20100111140740","LISTING"
"http://www.press.sk:80/web/expedicia-casopisov-38.tyzden","https://web.archive.org/web/20090922235656/http://www.press.sk:80/web/expedicia-casopisov-38.tyzden,","20090922235656","LISTING"
"http://www.press.sk:80/web/expedicia-casopisov-38.tyzden","https://web.archive.org/web/20100110095122/http://www.press.sk:80/web/expedicia-casopisov-38.tyzden,","20100110095122","LISTING"
"http://www.press.sk:80/web/expedicia-casopisov-39.tyzden","https://web.archive.org/web/20100107152313/http://www.press.sk:80/web/expedicia-casopisov-39.tyzden,","20100107152313","LISTING"
"http://www.press.sk:80/web/expedicia-casopisov-4.tyzden","https://web.archive.org/web/20090221194834/http://www.press.sk:80/web/expedicia-casopisov-4.tyzden,","20090221194834","LISTING"
"http://www.press.sk:80/web/expedicia-casopisov-4.tyzden","https://web.archive.org/web/20090324113535/http://www.press.sk:80/web/expedicia-casopisov-4.tyzden,","20090324113535","LISTING"
"http://www.press.sk:80/web/expedicia-casopisov-4.tyzden","https://web.archive.org/web/20090425025109/http://www.press.sk:80/web/expedicia-casopisov-4.tyzden,","20090425025109","LISTING"
"http://www.press.sk:80/web/expedicia-casopisov-4.tyzden","https://web.archive.org/web/20100117165208/http://www.press.sk:80/web/expedicia-casopisov-4.tyzden,","20100117165208","LISTING"
"http://www.press.sk:80/web/expedicia-casopisov-40.tyzden","https://web.archive.org/web/20100107121631/http://www.press.sk:80/web/expedicia-casopisov-40.tyzden,","20100107121631","LISTING"
"http://www.press.sk/web/expedicia-casopisov-40.tyzden/","https://web.archive.org/web/20161030104840/http://www.press.sk/web/expedicia-casopisov-40.tyzden/,","20161030104840","LISTING"
"http://www.press.sk:80/web/expedicia-casopisov-41.tyzden","https://web.archive.org/web/20100105231052/http://www.press.sk:80/web/expedicia-casopisov-41.tyzden,","20100105231052","LISTING"
"http://www.press.sk/web/expedicia-casopisov-41.tyzden/","https://web.archive.org/web/20161225071513/http://www.press.sk/web/expedicia-casopisov-41.tyzden/,","20161225071513","LISTING"
"http://www.press.sk:80/web/expedicia-casopisov-43.tyzden","https://web.archive.org/web/20091218102526/http://www.press.sk:80/web/expedicia-casopisov-43.tyzden,","20091218102526","LISTING"
"http://www.press.sk/web/expedicia-casopisov-43.tyzden/","https://web.archive.org/web/20170402171516/http://www.press.sk/web/expedicia-casopisov-43.tyzden/,","20170402171516","LISTING"
"http://www.press.sk:80/web/expedicia-casopisov-44.tyzden","https://web.archive.org/web/20100118182609/http://www.press.sk:80/web/expedicia-casopisov-44.tyzden,","20100118182609","LISTING"
"http://www.press.sk:80/web/expedicia-casopisov-45.tyzden","https://web.archive.org/web/20100107192144/http://www.press.sk:80/web/expedicia-casopisov-45.tyzden,","20100107192144","LISTING"
"http://www.press.sk:80/web/expedicia-casopisov-45.tyzden/","https://web.archive.org/web/20161115043916/http://www.press.sk:80/web/expedicia-casopisov-45.tyzden/,","20161115043916","LISTING"
"http://www.press.sk:80/web/expedicia-casopisov-46.tyzden","https://web.archive.org/web/20100107130725/http://www.press.sk:80/web/expedicia-casopisov-46.tyzden,","20100107130725","LISTING"
"http://www.press.sk:80/web/expedicia-casopisov-47.tyzden","https://web.archive.org/web/20100126022216/http://www.press.sk:80/web/expedicia-casopisov-47.tyzden,","20100126022216","LISTING"
"http://www.press.sk:80/web/expedicia-casopisov-48.tyzden","https://web.archive.org/web/20100111025712/http://www.press.sk:80/web/expedicia-casopisov-48.tyzden,","20100111025712","LISTING"
"http://www.press.sk:80/web/expedicia-casopisov-49.tyzden","https://web.archive.org/web/20100105232209/http://www.press.sk:80/web/expedicia-casopisov-49.tyzden,","20100105232209","LISTING"
"http://www.press.sk:80/web/expedicia-casopisov-49.tyzden","https://web.archive.org/web/20120109122757/http://www.press.sk:80/web/expedicia-casopisov-49.tyzden,","20120109122757","LISTING"
"http://www.press.sk:80/web/expedicia-casopisov-49.tyzden","https://web.archive.org/web/20120209154454/http://www.press.sk:80/web/expedicia-casopisov-49.tyzden,","20120209154454","LISTING"
"http://www.press.sk:80/web/expedicia-casopisov-49.tyzden","https://web.archive.org/web/20120311211404/http://www.press.sk:80/web/expedicia-casopisov-49.tyzden,","20120311211404","LISTING"
"http://www.press.sk:80/web/expedicia-casopisov-49.tyzden","https://web.archive.org/web/20120418171034/http://www.press.sk:80/web/expedicia-casopisov-49.tyzden,","20120418171034","LISTING"
"http://www.press.sk:80/web/expedicia-casopisov-49.tyzden","https://web.archive.org/web/20120627072919/http://www.press.sk:80/web/expedicia-casopisov-49.tyzden,","20120627072919","LISTING"
"http://www.press.sk:80/web/expedicia-casopisov-49.tyzden","https://web.archive.org/web/20120818211125/http://www.press.sk:80/web/expedicia-casopisov-49.tyzden,","20120818211125","LISTING"
"http://www.press.sk:80/web/expedicia-casopisov-49.tyzden","https://web.archive.org/web/20121114032931/http://www.press.sk:80/web/expedicia-casopisov-49.tyzden,","20121114032931","LISTING"
"http://www.press.sk:80/web/expedicia-casopisov-49.tyzden","https://web.archive.org/web/20121228215423/http://www.press.sk:80/web/expedicia-casopisov-49.tyzden,","20121228215423","LISTING"
"http://www.press.sk:80/web/expedicia-casopisov-49.tyzden","https://web.archive.org/web/20121230043311/http://www.press.sk:80/web/expedicia-casopisov-49.tyzden,","20121230043311","LISTING"
"http://www.press.sk:80/web/expedicia-casopisov-49.tyzden","https://web.archive.org/web/20130601085044/http://www.press.sk:80/web/expedicia-casopisov-49.tyzden,","20130601085044","LISTING"
"http://www.press.sk:80/web/expedicia-casopisov-5.tyzden","https://web.archive.org/web/20090221055313/http://www.press.sk:80/web/expedicia-casopisov-5.tyzden,","20090221055313","LISTING"
"http://www.press.sk:80/web/expedicia-casopisov-5.tyzden","https://web.archive.org/web/20090324095028/http://www.press.sk:80/web/expedicia-casopisov-5.tyzden,","20090324095028","LISTING"
"http://www.press.sk:80/web/expedicia-casopisov-5.tyzden","https://web.archive.org/web/20090425015425/http://www.press.sk:80/web/expedicia-casopisov-5.tyzden,","20090425015425","LISTING"
"http://www.press.sk:80/web/expedicia-casopisov-5.tyzden","https://web.archive.org/web/20100124064908/http://www.press.sk:80/web/expedicia-casopisov-5.tyzden,","20100124064908","LISTING"
"http://www.press.sk:80/web/expedicia-casopisov-51.tyzden/","https://web.archive.org/web/20090123165412/http://www.press.sk:80/web/expedicia-casopisov-51.tyzden/,","20090123165412","LISTING"
"http://www.press.sk:80/web/expedicia-casopisov-51.tyzden/","https://web.archive.org/web/20090224030325/http://www.press.sk:80/web/expedicia-casopisov-51.tyzden/,","20090224030325","LISTING"
"http://www.press.sk:80/web/expedicia-casopisov-51.tyzden/","https://web.archive.org/web/20090327204016/http://www.press.sk:80/web/expedicia-casopisov-51.tyzden/,","20090327204016","LISTING"
"http://www.press.sk:80/web/expedicia-casopisov-51.tyzden/","https://web.archive.org/web/20090428031935/http://www.press.sk:80/web/expedicia-casopisov-51.tyzden/,","20090428031935","LISTING"
"http://www.press.sk:80/web/expedicia-casopisov-51.tyzden","https://web.archive.org/web/20100122142119/http://www.press.sk:80/web/expedicia-casopisov-51.tyzden,","20100122142119","LISTING"
"http://www.press.sk:80/web/expedicia-casopisov-6.tyzden","https://web.archive.org/web/20090308055126/http://www.press.sk:80/web/expedicia-casopisov-6.tyzden,","20090308055126","LISTING"
"http://www.press.sk:80/web/expedicia-casopisov-6.tyzden","https://web.archive.org/web/20090510061105/http://www.press.sk:80/web/expedicia-casopisov-6.tyzden,","20090510061105","LISTING"
"http://www.press.sk:80/web/expedicia-casopisov-6.tyzden","https://web.archive.org/web/20100106113315/http://www.press.sk:80/web/expedicia-casopisov-6.tyzden,","20100106113315","LISTING"
"http://www.press.sk/web/expedicia-casopisov-6.tyzden/","https://web.archive.org/web/20140214100851/http://www.press.sk/web/expedicia-casopisov-6.tyzden/,","20140214100851","LISTING"
"http://www.press.sk:80/web/expedicia-casopisov-7.tyzden","https://web.archive.org/web/20090315061309/http://www.press.sk:80/web/expedicia-casopisov-7.tyzden,","20090315061309","LISTING"
"http://www.press.sk:80/web/expedicia-casopisov-7.tyzden","https://web.archive.org/web/20090414212003/http://www.press.sk:80/web/expedicia-casopisov-7.tyzden,","20090414212003","LISTING"
"http://www.press.sk:80/web/expedicia-casopisov-7.tyzden","https://web.archive.org/web/20090520055839/http://www.press.sk:80/web/expedicia-casopisov-7.tyzden,","20090520055839","LISTING"
"http://www.press.sk:80/web/expedicia-casopisov-8.tyzden","https://web.archive.org/web/20090322152923/http://www.press.sk:80/web/expedicia-casopisov-8.tyzden,","20090322152923","LISTING"
"http://www.press.sk:80/web/expedicia-casopisov-8.tyzden","https://web.archive.org/web/20090422101135/http://www.press.sk:80/web/expedicia-casopisov-8.tyzden,","20090422101135","LISTING"
"http://www.press.sk:80/web/expedicia-casopisov-8.tyzden","https://web.archive.org/web/20090524174805/http://www.press.sk:80/web/expedicia-casopisov-8.tyzden,","20090524174805","LISTING"
"http://www.press.sk:80/web/expedicia-casopisov-8.tyzden","https://web.archive.org/web/20091003224752/http://www.press.sk:80/web/expedicia-casopisov-8.tyzden,","20091003224752","LISTING"
"http://www.press.sk:80/web/expedicia-casopisov-8.tyzden","https://web.archive.org/web/20100107160844/http://www.press.sk:80/web/expedicia-casopisov-8.tyzden,","20100107160844","LISTING"
"http://www.press.sk/web/expedicia-casopisov-9.-tyzden/","https://web.archive.org/web/20160324105659/http://www.press.sk/web/expedicia-casopisov-9.-tyzden/,","20160324105659","LISTING"
"http://www.press.sk:80/web/expedicia-casopisov-9.tyzden","https://web.archive.org/web/20090329022626/http://www.press.sk:80/web/expedicia-casopisov-9.tyzden,","20090329022626","LISTING"
"http://www.press.sk:80/web/expedicia-casopisov-9.tyzden","https://web.archive.org/web/20090429021839/http://www.press.sk:80/web/expedicia-casopisov-9.tyzden,","20090429021839","LISTING"
"http://www.press.sk:80/web/expedicia-casopisov-9.tyzden","https://web.archive.org/web/20100105231057/http://www.press.sk:80/web/expedicia-casopisov-9.tyzden,","20100105231057","LISTING"
"http://www.press.sk:80/web/expedicia-casopisov-9.tyzden","https://web.archive.org/web/20100309051050/http://www.press.sk:80/web/expedicia-casopisov-9.tyzden,","20100309051050","LISTING"
"http://www.press.sk:80/web/expedicia-casopisov-9.tyzden","https://web.archive.org/web/20100410024028/http://www.press.sk:80/web/expedicia-casopisov-9.tyzden,","20100410024028","LISTING"
"http://www.press.sk:80/web/kovovy-model-mig-29as-uz-coskoro-v-predaji","https://web.archive.org/web/20120419161705/http://www.press.sk:80/web/kovovy-model-mig-29as-uz-coskoro-v-predaji,","20120419161705","LISTING"
"http://www.press.sk:80/web/kovovy-model-mig-29as-uz-coskoro-v-predaji","https://web.archive.org/web/20120626070236/http://www.press.sk:80/web/kovovy-model-mig-29as-uz-coskoro-v-predaji,","20120626070236","LISTING"
"http://www.press.sk:80/web/kovovy-model-mig-29as-uz-coskoro-v-predaji","https://web.archive.org/web/20120818205418/http://www.press.sk:80/web/kovovy-model-mig-29as-uz-coskoro-v-predaji,","20120818205418","LISTING"
"http://www.press.sk:80/web/kovovy-model-mig-29as-uz-coskoro-v-predaji","https://web.archive.org/web/20121113125532/http://www.press.sk:80/web/kovovy-model-mig-29as-uz-coskoro-v-predaji,","20121113125532","LISTING"
"http://www.press.sk:80/web/kovovy-model-mig-29as-uz-coskoro-v-predaji","https://web.archive.org/web/20121229104038/http://www.press.sk:80/web/kovovy-model-mig-29as-uz-coskoro-v-predaji,","20121229104038","LISTING"
"http://www.press.sk:80/web/kovovy-model-mig-29as-uz-coskoro-v-predaji","https://web.archive.org/web/20130329102746/http://www.press.sk:80/web/kovovy-model-mig-29as-uz-coskoro-v-predaji,","20130329102746","LISTING"
"http://www.press.sk:80/web/kovovy-model-mig-29as-uz-coskoro-v-predaji","https://web.archive.org/web/20130601213558/http://www.press.sk:80/web/kovovy-model-mig-29as-uz-coskoro-v-predaji,","20130601213558","LISTING"
"http://www.press.sk:80/web/magic-happy-english-n-interaktivny-kurz-anglictiny-s-kuzelnym-perom","https://web.archive.org/web/20160831073601/http://www.press.sk:80/web/magic-happy-english-n-interaktivny-kurz-anglictiny-s-kuzelnym-perom,","20160831073601","LISTING"
"http://www.press.sk:80/web/magic-happy-english-n-interaktivny-kurz-anglictiny-s-kuzelnym-perom","https://web.archive.org/web/20161001120505/http://www.press.sk:80/web/magic-happy-english-n-interaktivny-kurz-anglictiny-s-kuzelnym-perom,","20161001120505","LISTING"
"http://www.press.sk/web/mate-uz-kalendar-na-rok-2017/","https://web.archive.org/web/20170402171528/http://www.press.sk/web/mate-uz-kalendar-na-rok-2017/,","20170402171528","LISTING"
"http://www.press.sk/web/mimoriadna-ponuka-publikacii-jakab-publishing/","https://web.archive.org/web/20150418181929/http://www.press.sk/web/mimoriadna-ponuka-publikacii-jakab-publishing/,","20150418181929","LISTING"
"http://www.press.sk/web/nova-kolekcia---the-dog/","https://web.archive.org/web/20140214080920/http://www.press.sk/web/nova-kolekcia---the-dog/,","20140214080920","LISTING"
"http://www.press.sk:80/web/nova-publikace-twm-n-kov","https://web.archive.org/web/20160331203644/http://www.press.sk:80/web/nova-publikace-twm-n-kov,","20160331203644","LISTING"
"http://www.press.sk:80/web/nova-publikace-twm-n-kov","https://web.archive.org/web/20160402022706/http://www.press.sk:80/web/nova-publikace-twm-n-kov,","20160402022706","LISTING"
"http://www.press.sk:80/web/nova-publikace-twm-n-kov","https://web.archive.org/web/20160508094741/http://www.press.sk:80/web/nova-publikace-twm-n-kov,","20160508094741","LISTING"
"http://www.press.sk:80/web/nova-publikacia-dioramy-a-bojovka-na-obzore","https://web.archive.org/web/20100124202432/http://www.press.sk:80/web/nova-publikacia-dioramy-a-bojovka-na-obzore,","20100124202432","LISTING"
"http://www.press.sk:80/web/nova-publikacia-twm---1945","https://web.archive.org/web/20150910104356/http://www.press.sk:80/web/nova-publikacia-twm---1945,","20150910104356","LISTING"
"http://www.press.sk:80/web/nova-publikacia-twm---1945","https://web.archive.org/web/20160331210852/http://www.press.sk:80/web/nova-publikacia-twm---1945,","20160331210852","LISTING"
"http://www.press.sk:80/web/nova-publikacia-twm---1945","https://web.archive.org/web/20160513130829/http://www.press.sk:80/web/nova-publikacia-twm---1945,","20160513130829","LISTING"
"http://www.press.sk:80/web/nova-publikacia-twm---1945","https://web.archive.org/web/20160514180758/http://www.press.sk:80/web/nova-publikacia-twm---1945,","20160514180758","LISTING"
"http://www.press.sk/web/novinky-vydavatelstva-burda-media-2000/","https://web.archive.org/web/20140214102512/http://www.press.sk/web/novinky-vydavatelstva-burda-media-2000/,","20140214102512","LISTING"
"http://www.press.sk:80/web/novy-titul-hobby-historie-sa-predstavuje/","https://web.archive.org/web/20100507081228/http://www.press.sk:80/web/novy-titul-hobby-historie-sa-predstavuje/,","20100507081228","LISTING"
"http://www.press.sk:80/web/postavte-si-presny-model-tanku-t-34-85","https://web.archive.org/web/20160402045528/http://www.press.sk:80/web/postavte-si-presny-model-tanku-t-34-85,","20160402045528","LISTING"
"http://www.press.sk:80/web/postavte-si-presny-model-tanku-t-34-85","https://web.archive.org/web/20160508044807/http://www.press.sk:80/web/postavte-si-presny-model-tanku-t-34-85,","20160508044807","LISTING"
"http://www.press.sk:80/web/predplatne-casopisov-vydavatelstva-magnet-press-pre-rok-2016","https://web.archive.org/web/20160402231057/http://www.press.sk:80/web/predplatne-casopisov-vydavatelstva-magnet-press-pre-rok-2016,","20160402231057","LISTING"
"http://www.press.sk:80/web/predplatne-casopisov-vydavatelstva-magnet-press-pre-rok-2016","https://web.archive.org/web/20160513161228/http://www.press.sk:80/web/predplatne-casopisov-vydavatelstva-magnet-press-pre-rok-2016,","20160513161228","LISTING"
"http://www.press.sk:80/web/predplatne-casopisov-vydavatelstva-magnet-press-pre-rok-2016","https://web.archive.org/web/20160514165407/http://www.press.sk:80/web/predplatne-casopisov-vydavatelstva-magnet-press-pre-rok-2016,","20160514165407","LISTING"
"http://www.press.sk:80/web/pripravujeme-kovovy-model-tanku-t-34-85","https://web.archive.org/web/20151001083117/http://www.press.sk:80/web/pripravujeme-kovovy-model-tanku-t-34-85,","20151001083117","LISTING"
"http://www.press.sk:80/web/pripravujeme-kovovy-model-tanku-t-34-85","https://web.archive.org/web/20160401142342/http://www.press.sk:80/web/pripravujeme-kovovy-model-tanku-t-34-85,","20160401142342","LISTING"
"http://www.press.sk:80/web/pripravujeme-kovovy-model-tanku-t-34-85","https://web.archive.org/web/20160402155900/http://www.press.sk:80/web/pripravujeme-kovovy-model-tanku-t-34-85,","20160402155900","LISTING"
"http://www.press.sk:80/web/pripravujeme-kovovy-model-tanku-t-34-85","https://web.archive.org/web/20160513130834/http://www.press.sk:80/web/pripravujeme-kovovy-model-tanku-t-34-85,","20160513130834","LISTING"
"http://www.press.sk:80/web/pripravujeme-kovovy-model-tanku-t-34-85","https://web.archive.org/web/20160514180803/http://www.press.sk:80/web/pripravujeme-kovovy-model-tanku-t-34-85,","20160514180803","LISTING"
"http://www.press.sk:80/web/pripravujeme-pre-vas...","https://web.archive.org/web/20100514023829/http://www.press.sk:80/web/pripravujeme-pre-vas...,","20100514023829","LISTING"
"http://www.press.sk/web/stolny-letecky-kalendar-2012/","https://web.archive.org/web/20120307103740/http://www.press.sk/web/stolny-letecky-kalendar-2012/,","20120307103740","LISTING"
"http://www.press.sk:80/web/velka-predplatitelska-sutaz-auto-magazinu","https://web.archive.org/web/20110117192814/http://www.press.sk:80/web/velka-predplatitelska-sutaz-auto-magazinu,","20110117192814","LISTING"
"http://www.press.sk:80/web/velka-predplatitelska-sutaz-auto-magazinu/","https://web.archive.org/web/20110120204924/http://www.press.sk:80/web/velka-predplatitelska-sutaz-auto-magazinu/,","20110120204924","LISTING"
"http://www.press.sk/web/venkov--styl-v-znameni-vianoc/","https://web.archive.org/web/20140214092840/http://www.press.sk/web/venkov--styl-v-znameni-vianoc/,","20140214092840","LISTING"
"http://www.press.sk:80/web/vianocny-darcek-z-vydavatelstva-magnet-press","https://web.archive.org/web/20110117192928/http://www.press.sk:80/web/vianocny-darcek-z-vydavatelstva-magnet-press,","20110117192928","LISTING"
"http://www.press.sk:80/web/vianocny-darcek-z-vydavatelstva-magnet-press","https://web.archive.org/web/20110218082805/http://www.press.sk:80/web/vianocny-darcek-z-vydavatelstva-magnet-press,","20110218082805","LISTING"
"http://www.press.sk/web/vrtulniky-prileteli-z-tlaciarne/","https://web.archive.org/web/20120208135147/http://www.press.sk/web/vrtulniky-prileteli-z-tlaciarne/,","20120208135147","LISTING"
"http://www.press.sk/web/vrtulniky-prileteli-z-tlaciarne/","https://web.archive.org/web/20120307102622/http://www.press.sk/web/vrtulniky-prileteli-z-tlaciarne/,","20120307102622","LISTING"
"http://www.press.sk:80/web/vyber-z--periodik-51.tyzden","https://web.archive.org/web/20100125104257/http://www.press.sk:80/web/vyber-z--periodik-51.tyzden,","20100125104257","LISTING"
"http://www.press.sk:80/web/vyber-z-periodik-1.tyzden","https://web.archive.org/web/20090224024632/http://www.press.sk:80/web/vyber-z-periodik-1.tyzden,","20090224024632","LISTING"
"http://www.press.sk:80/web/vyber-z-periodik-1.tyzden","https://web.archive.org/web/20090327123242/http://www.press.sk:80/web/vyber-z-periodik-1.tyzden,","20090327123242","LISTING"
"http://www.press.sk:80/web/vyber-z-periodik-1.tyzden","https://web.archive.org/web/20090428014944/http://www.press.sk:80/web/vyber-z-periodik-1.tyzden,","20090428014944","LISTING"
"http://www.press.sk:80/web/vyber-z-periodik-1.tyzden","https://web.archive.org/web/20090529060343/http://www.press.sk:80/web/vyber-z-periodik-1.tyzden,","20090529060343","LISTING"
"http://www.press.sk:80/web/vyber-z-periodik-1.tyzden","https://web.archive.org/web/20100105090356/http://www.press.sk:80/web/vyber-z-periodik-1.tyzden,","20100105090356","LISTING"
"http://www.press.sk:80/web/vyber-z-periodik-10.tyzden","https://web.archive.org/web/20100412100254/http://www.press.sk:80/web/vyber-z-periodik-10.tyzden,","20100412100254","LISTING"
"http://www.press.sk:80/web/vyber-z-periodik-10.tyzden","https://web.archive.org/web/20100514024402/http://www.press.sk:80/web/vyber-z-periodik-10.tyzden,","20100514024402","LISTING"
"http://www.press.sk/web/vyber-z-periodik-10.tyzden/","https://web.archive.org/web/20160408092757/http://www.press.sk/web/vyber-z-periodik-10.tyzden/,","20160408092757","LISTING"
"http://www.press.sk:80/web/vyber-z-periodik-11.tyzden","https://web.archive.org/web/20100424012032/http://www.press.sk:80/web/vyber-z-periodik-11.tyzden,","20100424012032","LISTING"
"http://www.press.sk:80/web/vyber-z-periodik-11.tyzden","https://web.archive.org/web/20100525071418/http://www.press.sk:80/web/vyber-z-periodik-11.tyzden,","20100525071418","LISTING"
"http://www.press.sk/web/vyber-z-periodik-11.tyzden/","https://web.archive.org/web/20160515181610/http://www.press.sk/web/vyber-z-periodik-11.tyzden/,","20160515181610","LISTING"
"http://www.press.sk:80/web/vyber-z-periodik-12.tyzden","https://web.archive.org/web/20090420203957/http://www.press.sk:80/web/vyber-z-periodik-12.tyzden,","20090420203957","LISTING"
"http://www.press.sk:80/web/vyber-z-periodik-12.tyzden","https://web.archive.org/web/20090522053705/http://www.press.sk:80/web/vyber-z-periodik-12.tyzden,","20090522053705","LISTING"
"http://www.press.sk:80/web/vyber-z-periodik-12.tyzden","https://web.archive.org/web/20100117152006/http://www.press.sk:80/web/vyber-z-periodik-12.tyzden,","20100117152006","LISTING"
"http://www.press.sk:80/web/vyber-z-periodik-12.tyzden","https://web.archive.org/web/20100501074008/http://www.press.sk:80/web/vyber-z-periodik-12.tyzden,","20100501074008","LISTING"
"http://www.press.sk:80/web/vyber-z-periodik-12.tyzden","https://web.archive.org/web/20100602185352/http://www.press.sk:80/web/vyber-z-periodik-12.tyzden,","20100602185352","LISTING"
"http://www.press.sk/web/vyber-z-periodik-12.tyzden/","https://web.archive.org/web/20150418192808/http://www.press.sk/web/vyber-z-periodik-12.tyzden/,","20150418192808","LISTING"
"http://www.press.sk/web/vyber-z-periodik-12.tyzden/","https://web.archive.org/web/20160730211922/http://www.press.sk/web/vyber-z-periodik-12.tyzden/,","20160730211922","LISTING"
"http://www.press.sk:80/web/vyber-z-periodik-13.tyzden","https://web.archive.org/web/20100408144640/http://www.press.sk:80/web/vyber-z-periodik-13.tyzden,","20100408144640","LISTING"
"http://www.press.sk:80/web/vyber-z-periodik-14.tyzden","https://web.archive.org/web/20100510044411/http://www.press.sk:80/web/vyber-z-periodik-14.tyzden,","20100510044411","LISTING"
"http://www.press.sk:80/web/vyber-z-periodik-14.tyzden","https://web.archive.org/web/20100511071150/http://www.press.sk:80/web/vyber-z-periodik-14.tyzden,","20100511071150","LISTING"
"http://www.press.sk:80/web/vyber-z-periodik-14.tyzden","https://web.archive.org/web/20100611042549/http://www.press.sk:80/web/vyber-z-periodik-14.tyzden,","20100611042549","LISTING"
"http://www.press.sk:80/web/vyber-z-periodik-15.tyzden","https://web.archive.org/web/20100517043656/http://www.press.sk:80/web/vyber-z-periodik-15.tyzden,","20100517043656","LISTING"
"http://www.press.sk:80/web/vyber-z-periodik-15.tyzden","https://web.archive.org/web/20100617045245/http://www.press.sk:80/web/vyber-z-periodik-15.tyzden,","20100617045245","LISTING"
"http://www.press.sk:80/web/vyber-z-periodik-16.tyzden","https://web.archive.org/web/20100519045714/http://www.press.sk:80/web/vyber-z-periodik-16.tyzden,","20100519045714","LISTING"
"http://www.press.sk:80/web/vyber-z-periodik-16.tyzden","https://web.archive.org/web/20100619112250/http://www.press.sk:80/web/vyber-z-periodik-16.tyzden,","20100619112250","LISTING"
"http://www.press.sk:80/web/vyber-z-periodik-16.tyzden","https://web.archive.org/web/20100721020757/http://www.press.sk:80/web/vyber-z-periodik-16.tyzden,","20100721020757","LISTING"
"http://www.press.sk/web/vyber-z-periodik-17.tyzden/","https://web.archive.org/web/20130513001727/http://www.press.sk/web/vyber-z-periodik-17.tyzden/,","20130513001727","LISTING"
"http://www.press.sk:80/web/vyber-z-periodik-2.tyzden/","https://web.archive.org/web/20110119061249/http://www.press.sk:80/web/vyber-z-periodik-2.tyzden/,","20110119061249","LISTING"
"http://www.press.sk:80/web/vyber-z-periodik-21.tyzden/","https://web.archive.org/web/20090527072651/http://www.press.sk:80/web/vyber-z-periodik-21.tyzden/,","20090527072651","LISTING"
"http://www.press.sk:80/web/vyber-z-periodik-25.tyzden","https://web.archive.org/web/20100106011538/http://www.press.sk:80/web/vyber-z-periodik-25.tyzden,","20100106011538","LISTING"
"http://www.press.sk:80/web/vyber-z-periodik-26.tyzden","https://web.archive.org/web/20100107152329/http://www.press.sk:80/web/vyber-z-periodik-26.tyzden,","20100107152329","LISTING"
"http://www.press.sk:80/web/vyber-z-periodik-26.tyzden/","https://web.archive.org/web/20120705102256/http://www.press.sk:80/web/vyber-z-periodik-26.tyzden/,","20120705102256","LISTING"
"http://www.press.sk/web/vyber-z-periodik-27.tyzden/","https://web.archive.org/web/20140812091228/http://www.press.sk/web/vyber-z-periodik-27.tyzden/,","20140812091228","LISTING"
"http://www.press.sk:80/web/vyber-z-periodik-27.tyzden/","https://web.archive.org/web/20150711125348/http://www.press.sk:80/web/vyber-z-periodik-27.tyzden/,","20150711125348","LISTING"
"http://www.press.sk/web/vyber-z-periodik-3.tyzden/","https://web.archive.org/web/20120307183222/http://www.press.sk/web/vyber-z-periodik-3.tyzden/,","20120307183222","LISTING"
"http://www.press.sk:80/web/vyber-z-periodik-33.tyzden/","https://web.archive.org/web/20100825002336/http://www.press.sk:80/web/vyber-z-periodik-33.tyzden/,","20100825002336","LISTING"
"http://www.press.sk:80/web/vyber-z-periodik-33.tyzden/","https://web.archive.org/web/20110911223149/http://www.press.sk:80/web/vyber-z-periodik-33.tyzden/,","20110911223149","LISTING"
"http://www.press.sk:80/web/vyber-z-periodik-34.tyzden/","https://web.archive.org/web/20110912032410/http://www.press.sk:80/web/vyber-z-periodik-34.tyzden/,","20110912032410","LISTING"
"http://www.press.sk:80/web/vyber-z-periodik-35.tyzden","https://web.archive.org/web/20090903115243/http://www.press.sk:80/web/vyber-z-periodik-35.tyzden,","20090903115243","LISTING"
"http://www.press.sk:80/web/vyber-z-periodik-35.tyzden","https://web.archive.org/web/20100109122011/http://www.press.sk:80/web/vyber-z-periodik-35.tyzden,","20100109122011","LISTING"
"http://www.press.sk:80/web/vyber-z-periodik-35.tyzden/","https://web.archive.org/web/20160906091153/http://www.press.sk:80/web/vyber-z-periodik-35.tyzden/,","20160906091153","LISTING"
"http://www.press.sk:80/web/vyber-z-periodik-36.tyzden","https://web.archive.org/web/20090911041730/http://www.press.sk:80/web/vyber-z-periodik-36.tyzden,","20090911041730","LISTING"
"http://www.press.sk:80/web/vyber-z-periodik-36.tyzden","https://web.archive.org/web/20100106011543/http://www.press.sk:80/web/vyber-z-periodik-36.tyzden,","20100106011543","LISTING"
"http://www.press.sk:80/web/vyber-z-periodik-38.tyzden","https://web.archive.org/web/20090923011147/http://www.press.sk:80/web/vyber-z-periodik-38.tyzden,","20090923011147","LISTING"
"http://www.press.sk:80/web/vyber-z-periodik-38.tyzden","https://web.archive.org/web/20100107033105/http://www.press.sk:80/web/vyber-z-periodik-38.tyzden,","20100107033105","LISTING"
"http://www.press.sk:80/web/vyber-z-periodik-39.tyzden","https://web.archive.org/web/20091218093708/http://www.press.sk:80/web/vyber-z-periodik-39.tyzden,","20091218093708","LISTING"
"http://www.press.sk:80/web/vyber-z-periodik-4.tyzden","https://web.archive.org/web/20090327123340/http://www.press.sk:80/web/vyber-z-periodik-4.tyzden,","20090327123340","LISTING"
"http://www.press.sk:80/web/vyber-z-periodik-4.tyzden","https://web.archive.org/web/20090428024228/http://www.press.sk:80/web/vyber-z-periodik-4.tyzden,","20090428024228","LISTING"
"http://www.press.sk:80/web/vyber-z-periodik-4.tyzden","https://web.archive.org/web/20090529082037/http://www.press.sk:80/web/vyber-z-periodik-4.tyzden,","20090529082037","LISTING"
"http://www.press.sk:80/web/vyber-z-periodik-4.tyzden","https://web.archive.org/web/20091223085507/http://www.press.sk:80/web/vyber-z-periodik-4.tyzden,","20091223085507","LISTING"
"http://www.press.sk:80/web/vyber-z-periodik-40.tyzden","https://web.archive.org/web/20091230165234/http://www.press.sk:80/web/vyber-z-periodik-40.tyzden,","20091230165234","LISTING"
"http://www.press.sk/web/vyber-z-periodik-40.tyzden/","https://web.archive.org/web/20161030104945/http://www.press.sk/web/vyber-z-periodik-40.tyzden/,","20161030104945","LISTING"
"http://www.press.sk:80/web/vyber-z-periodik-41.tyzden","https://web.archive.org/web/20100125110345/http://www.press.sk:80/web/vyber-z-periodik-41.tyzden,","20100125110345","LISTING"
"http://www.press.sk/web/vyber-z-periodik-41.tyzden/","https://web.archive.org/web/20161225132913/http://www.press.sk/web/vyber-z-periodik-41.tyzden/,","20161225132913","LISTING"
"http://www.press.sk:80/web/vyber-z-periodik-42.tyzden","https://web.archive.org/web/20100128183318/http://www.press.sk:80/web/vyber-z-periodik-42.tyzden,","20100128183318","LISTING"
"http://www.press.sk:80/web/vyber-z-periodik-43.tyzden","https://web.archive.org/web/20100117082710/http://www.press.sk:80/web/vyber-z-periodik-43.tyzden,","20100117082710","LISTING"
"http://www.press.sk/web/vyber-z-periodik-43.tyzden/","https://web.archive.org/web/20170402174218/http://www.press.sk/web/vyber-z-periodik-43.tyzden/,","20170402174218","LISTING"
"http://www.press.sk:80/web/vyber-z-periodik-44.tyzden","https://web.archive.org/web/20100107172417/http://www.press.sk:80/web/vyber-z-periodik-44.tyzden,","20100107172417","LISTING"
"http://www.press.sk:80/web/vyber-z-periodik-45.tyzden","https://web.archive.org/web/20111213160504/http://www.press.sk:80/web/vyber-z-periodik-45.tyzden,","20111213160504","LISTING"
"http://www.press.sk:80/web/vyber-z-periodik-45.tyzden","https://web.archive.org/web/20120115084136/http://www.press.sk:80/web/vyber-z-periodik-45.tyzden,","20120115084136","LISTING"
"http://www.press.sk:80/web/vyber-z-periodik-45.tyzden","https://web.archive.org/web/20120222233354/http://www.press.sk:80/web/vyber-z-periodik-45.tyzden,","20120222233354","LISTING"
"http://www.press.sk:80/web/vyber-z-periodik-45.tyzden","https://web.archive.org/web/20120420205743/http://www.press.sk:80/web/vyber-z-periodik-45.tyzden,","20120420205743","LISTING"
"http://www.press.sk:80/web/vyber-z-periodik-45.tyzden","https://web.archive.org/web/20120629021403/http://www.press.sk:80/web/vyber-z-periodik-45.tyzden,","20120629021403","LISTING"
"http://www.press.sk:80/web/vyber-z-periodik-45.tyzden","https://web.archive.org/web/20120817081904/http://www.press.sk:80/web/vyber-z-periodik-45.tyzden,","20120817081904","LISTING"
"http://www.press.sk:80/web/vyber-z-periodik-45.tyzden","https://web.archive.org/web/20121105010223/http://www.press.sk:80/web/vyber-z-periodik-45.tyzden,","20121105010223","LISTING"
"http://www.press.sk:80/web/vyber-z-periodik-45.tyzden","https://web.archive.org/web/20121229231655/http://www.press.sk:80/web/vyber-z-periodik-45.tyzden,","20121229231655","LISTING"
"http://www.press.sk:80/web/vyber-z-periodik-45.tyzden","https://web.archive.org/web/20130524032412/http://www.press.sk:80/web/vyber-z-periodik-45.tyzden,","20130524032412","LISTING"
"http://www.press.sk:80/web/vyber-z-periodik-45.tyzden/","https://web.archive.org/web/20161115044317/http://www.press.sk:80/web/vyber-z-periodik-45.tyzden/,","20161115044317","LISTING"
"http://www.press.sk:80/web/vyber-z-periodik-46.tyzden","https://web.archive.org/web/20100117152011/http://www.press.sk:80/web/vyber-z-periodik-46.tyzden,","20100117152011","LISTING"
"http://www.press.sk:80/web/vyber-z-periodik-46.tyzden","https://web.archive.org/web/20111218200052/http://www.press.sk:80/web/vyber-z-periodik-46.tyzden,","20111218200052","LISTING"
"http://www.press.sk:80/web/vyber-z-periodik-46.tyzden","https://web.archive.org/web/20120119041153/http://www.press.sk:80/web/vyber-z-periodik-46.tyzden,","20120119041153","LISTING"
"http://www.press.sk:80/web/vyber-z-periodik-46.tyzden","https://web.archive.org/web/20120225223431/http://www.press.sk:80/web/vyber-z-periodik-46.tyzden,","20120225223431","LISTING"
"http://www.press.sk:80/web/vyber-z-periodik-46.tyzden","https://web.archive.org/web/20120418192520/http://www.press.sk:80/web/vyber-z-periodik-46.tyzden,","20120418192520","LISTING"
"http://www.press.sk:80/web/vyber-z-periodik-46.tyzden","https://web.archive.org/web/20120627121344/http://www.press.sk:80/web/vyber-z-periodik-46.tyzden,","20120627121344","LISTING"
"http://www.press.sk:80/web/vyber-z-periodik-46.tyzden","https://web.archive.org/web/20120815155955/http://www.press.sk:80/web/vyber-z-periodik-46.tyzden,","20120815155955","LISTING"
"http://www.press.sk:80/web/vyber-z-periodik-46.tyzden","https://web.archive.org/web/20121104133947/http://www.press.sk:80/web/vyber-z-periodik-46.tyzden,","20121104133947","LISTING"
"http://www.press.sk:80/web/vyber-z-periodik-46.tyzden","https://web.archive.org/web/20121231082321/http://www.press.sk:80/web/vyber-z-periodik-46.tyzden,","20121231082321","LISTING"
"http://www.press.sk:80/web/vyber-z-periodik-46.tyzden","https://web.archive.org/web/20130529050913/http://www.press.sk:80/web/vyber-z-periodik-46.tyzden,","20130529050913","LISTING"
"http://www.press.sk:80/web/vyber-z-periodik-47.tyzden","https://web.archive.org/web/20100106114945/http://www.press.sk:80/web/vyber-z-periodik-47.tyzden,","20100106114945","LISTING"
"http://www.press.sk:80/web/vyber-z-periodik-48.tyzden","https://web.archive.org/web/20100107132823/http://www.press.sk:80/web/vyber-z-periodik-48.tyzden,","20100107132823","LISTING"
"http://www.press.sk:80/web/vyber-z-periodik-48.tyzden","https://web.archive.org/web/20120102091916/http://www.press.sk:80/web/vyber-z-periodik-48.tyzden,","20120102091916","LISTING"
"http://www.press.sk:80/web/vyber-z-periodik-48.tyzden","https://web.archive.org/web/20120201204844/http://www.press.sk:80/web/vyber-z-periodik-48.tyzden,","20120201204844","LISTING"
"http://www.press.sk:80/web/vyber-z-periodik-48.tyzden","https://web.archive.org/web/20120303191134/http://www.press.sk:80/web/vyber-z-periodik-48.tyzden,","20120303191134","LISTING"
"http://www.press.sk:80/web/vyber-z-periodik-48.tyzden","https://web.archive.org/web/20120418182323/http://www.press.sk:80/web/vyber-z-periodik-48.tyzden,","20120418182323","LISTING"
"http://www.press.sk:80/web/vyber-z-periodik-48.tyzden","https://web.archive.org/web/20120629001342/http://www.press.sk:80/web/vyber-z-periodik-48.tyzden,","20120629001342","LISTING"
"http://www.press.sk:80/web/vyber-z-periodik-48.tyzden","https://web.archive.org/web/20120818175522/http://www.press.sk:80/web/vyber-z-periodik-48.tyzden,","20120818175522","LISTING"
"http://www.press.sk:80/web/vyber-z-periodik-48.tyzden","https://web.archive.org/web/20121103164735/http://www.press.sk:80/web/vyber-z-periodik-48.tyzden,","20121103164735","LISTING"
"http://www.press.sk:80/web/vyber-z-periodik-48.tyzden","https://web.archive.org/web/20130101181259/http://www.press.sk:80/web/vyber-z-periodik-48.tyzden,","20130101181259","LISTING"
"http://www.press.sk:80/web/vyber-z-periodik-48.tyzden","https://web.archive.org/web/20130528103757/http://www.press.sk:80/web/vyber-z-periodik-48.tyzden,","20130528103757","LISTING"
"http://www.press.sk:80/web/vyber-z-periodik-49.tyzden","https://web.archive.org/web/20100110085846/http://www.press.sk:80/web/vyber-z-periodik-49.tyzden,","20100110085846","LISTING"
"http://www.press.sk:80/web/vyber-z-periodik-49.tyzden","https://web.archive.org/web/20120109122840/http://www.press.sk:80/web/vyber-z-periodik-49.tyzden,","20120109122840","LISTING"
"http://www.press.sk:80/web/vyber-z-periodik-49.tyzden","https://web.archive.org/web/20120209152806/http://www.press.sk:80/web/vyber-z-periodik-49.tyzden,","20120209152806","LISTING"
"http://www.press.sk:80/web/vyber-z-periodik-49.tyzden","https://web.archive.org/web/20120311203113/http://www.press.sk:80/web/vyber-z-periodik-49.tyzden,","20120311203113","LISTING"
"http://www.press.sk:80/web/vyber-z-periodik-49.tyzden","https://web.archive.org/web/20120419223228/http://www.press.sk:80/web/vyber-z-periodik-49.tyzden,","20120419223228","LISTING"
"http://www.press.sk:80/web/vyber-z-periodik-49.tyzden","https://web.archive.org/web/20120626214323/http://www.press.sk:80/web/vyber-z-periodik-49.tyzden,","20120626214323","LISTING"
"http://www.press.sk:80/web/vyber-z-periodik-49.tyzden","https://web.archive.org/web/20120826214223/http://www.press.sk:80/web/vyber-z-periodik-49.tyzden,","20120826214223","LISTING"
"http://www.press.sk:80/web/vyber-z-periodik-49.tyzden","https://web.archive.org/web/20121027104827/http://www.press.sk:80/web/vyber-z-periodik-49.tyzden,","20121027104827","LISTING"
"http://www.press.sk:80/web/vyber-z-periodik-49.tyzden","https://web.archive.org/web/20121127202110/http://www.press.sk:80/web/vyber-z-periodik-49.tyzden,","20121127202110","LISTING"
"http://www.press.sk:80/web/vyber-z-periodik-49.tyzden","https://web.archive.org/web/20130103134049/http://www.press.sk:80/web/vyber-z-periodik-49.tyzden,","20130103134049","LISTING"
"http://www.press.sk:80/web/vyber-z-periodik-49.tyzden","https://web.archive.org/web/20130524013532/http://www.press.sk:80/web/vyber-z-periodik-49.tyzden,","20130524013532","LISTING"
"http://www.press.sk:80/web/vyber-z-periodik-5.tyzden","https://web.archive.org/web/20090302005432/http://www.press.sk:80/web/vyber-z-periodik-5.tyzden,","20090302005432","LISTING"
"http://www.press.sk:80/web/vyber-z-periodik-5.tyzden","https://web.archive.org/web/20090401184214/http://www.press.sk:80/web/vyber-z-periodik-5.tyzden,","20090401184214","LISTING"
"http://www.press.sk:80/web/vyber-z-periodik-5.tyzden","https://web.archive.org/web/20090503052617/http://www.press.sk:80/web/vyber-z-periodik-5.tyzden,","20090503052617","LISTING"
"http://www.press.sk:80/web/vyber-z-periodik-5.tyzden","https://web.archive.org/web/20100117152108/http://www.press.sk:80/web/vyber-z-periodik-5.tyzden,","20100117152108","LISTING"
"http://www.press.sk:80/web/vyber-z-periodik-50.tyzden","https://web.archive.org/web/20100125104326/http://www.press.sk:80/web/vyber-z-periodik-50.tyzden,","20100125104326","LISTING"
"http://www.press.sk:80/web/vyber-z-periodik-50.tyzden","https://web.archive.org/web/20120109102339/http://www.press.sk:80/web/vyber-z-periodik-50.tyzden,","20120109102339","LISTING"
"http://www.press.sk:80/web/vyber-z-periodik-50.tyzden","https://web.archive.org/web/20120209145551/http://www.press.sk:80/web/vyber-z-periodik-50.tyzden,","20120209145551","LISTING"
"http://www.press.sk:80/web/vyber-z-periodik-50.tyzden","https://web.archive.org/web/20120311200058/http://www.press.sk:80/web/vyber-z-periodik-50.tyzden,","20120311200058","LISTING"
"http://www.press.sk:80/web/vyber-z-periodik-50.tyzden","https://web.archive.org/web/20120418193631/http://www.press.sk:80/web/vyber-z-periodik-50.tyzden,","20120418193631","LISTING"
"http://www.press.sk:80/web/vyber-z-periodik-50.tyzden","https://web.archive.org/web/20120627020435/http://www.press.sk:80/web/vyber-z-periodik-50.tyzden,","20120627020435","LISTING"
"http://www.press.sk:80/web/vyber-z-periodik-50.tyzden","https://web.archive.org/web/20120826182953/http://www.press.sk:80/web/vyber-z-periodik-50.tyzden,","20120826182953","LISTING"
"http://www.press.sk:80/web/vyber-z-periodik-50.tyzden","https://web.archive.org/web/20121103161031/http://www.press.sk:80/web/vyber-z-periodik-50.tyzden,","20121103161031","LISTING"
"http://www.press.sk:80/web/vyber-z-periodik-50.tyzden","https://web.archive.org/web/20130103134128/http://www.press.sk:80/web/vyber-z-periodik-50.tyzden,","20130103134128","LISTING"
"http://www.press.sk:80/web/vyber-z-periodik-50.tyzden","https://web.archive.org/web/20130523012040/http://www.press.sk:80/web/vyber-z-periodik-50.tyzden,","20130523012040","LISTING"
"http://www.press.sk:80/web/vyber-z-periodik-51.tyzden/","https://web.archive.org/web/20101231145037/http://www.press.sk:80/web/vyber-z-periodik-51.tyzden/,","20101231145037","LISTING"
"http://www.press.sk:80/web/vyber-z-periodik-51.tyzden/","https://web.archive.org/web/20110101172310/http://www.press.sk:80/web/vyber-z-periodik-51.tyzden/,","20110101172310","LISTING"
"http://www.press.sk:80/web/vyber-z-periodik-51.tyzden","https://web.archive.org/web/20120107224021/http://www.press.sk:80/web/vyber-z-periodik-51.tyzden,","20120107224021","LISTING"
"http://www.press.sk:80/web/vyber-z-periodik-51.tyzden/","https://web.archive.org/web/20120111140327/http://www.press.sk:80/web/vyber-z-periodik-51.tyzden/,","20120111140327","LISTING"
"http://www.press.sk:80/web/vyber-z-periodik-51.tyzden","https://web.archive.org/web/20120207203046/http://www.press.sk:80/web/vyber-z-periodik-51.tyzden,","20120207203046","LISTING"
"http://www.press.sk:80/web/vyber-z-periodik-51.tyzden","https://web.archive.org/web/20120309184052/http://www.press.sk:80/web/vyber-z-periodik-51.tyzden,","20120309184052","LISTING"
"http://www.press.sk:80/web/vyber-z-periodik-51.tyzden","https://web.archive.org/web/20120418204041/http://www.press.sk:80/web/vyber-z-periodik-51.tyzden,","20120418204041","LISTING"
"http://www.press.sk:80/web/vyber-z-periodik-51.tyzden","https://web.archive.org/web/20120627025654/http://www.press.sk:80/web/vyber-z-periodik-51.tyzden,","20120627025654","LISTING"
"http://www.press.sk:80/web/vyber-z-periodik-51.tyzden","https://web.archive.org/web/20120818223628/http://www.press.sk:80/web/vyber-z-periodik-51.tyzden,","20120818223628","LISTING"
"http://www.press.sk:80/web/vyber-z-periodik-51.tyzden","https://web.archive.org/web/20121103213444/http://www.press.sk:80/web/vyber-z-periodik-51.tyzden,","20121103213444","LISTING"
"http://www.press.sk:80/web/vyber-z-periodik-51.tyzden","https://web.archive.org/web/20121229074356/http://www.press.sk:80/web/vyber-z-periodik-51.tyzden,","20121229074356","LISTING"
"http://www.press.sk:80/web/vyber-z-periodik-51.tyzden","https://web.archive.org/web/20130530230128/http://www.press.sk:80/web/vyber-z-periodik-51.tyzden,","20130530230128","LISTING"
"http://www.press.sk:80/web/vyber-z-periodik-52.tyzden","https://web.archive.org/web/20120110042246/http://www.press.sk:80/web/vyber-z-periodik-52.tyzden,","20120110042246","LISTING"
"http://www.press.sk:80/web/vyber-z-periodik-52.tyzden","https://web.archive.org/web/20120210070621/http://www.press.sk:80/web/vyber-z-periodik-52.tyzden,","20120210070621","LISTING"
"http://www.press.sk:80/web/vyber-z-periodik-52.tyzden","https://web.archive.org/web/20120312164646/http://www.press.sk:80/web/vyber-z-periodik-52.tyzden,","20120312164646","LISTING"
"http://www.press.sk:80/web/vyber-z-periodik-52.tyzden","https://web.archive.org/web/20120419194759/http://www.press.sk:80/web/vyber-z-periodik-52.tyzden,","20120419194759","LISTING"
"http://www.press.sk:80/web/vyber-z-periodik-52.tyzden","https://web.archive.org/web/20120627123621/http://www.press.sk:80/web/vyber-z-periodik-52.tyzden,","20120627123621","LISTING"
"http://www.press.sk:80/web/vyber-z-periodik-52.tyzden","https://web.archive.org/web/20120818080622/http://www.press.sk:80/web/vyber-z-periodik-52.tyzden,","20120818080622","LISTING"
"http://www.press.sk:80/web/vyber-z-periodik-52.tyzden","https://web.archive.org/web/20121104034833/http://www.press.sk:80/web/vyber-z-periodik-52.tyzden,","20121104034833","LISTING"
"http://www.press.sk:80/web/vyber-z-periodik-52.tyzden","https://web.archive.org/web/20121230153802/http://www.press.sk:80/web/vyber-z-periodik-52.tyzden,","20121230153802","LISTING"
"http://www.press.sk:80/web/vyber-z-periodik-52.tyzden","https://web.archive.org/web/20130523162936/http://www.press.sk:80/web/vyber-z-periodik-52.tyzden,","20130523162936","LISTING"
"http://www.press.sk:80/web/vyber-z-periodik-6.tyzden","https://web.archive.org/web/20090410000445/http://www.press.sk:80/web/vyber-z-periodik-6.tyzden,","20090410000445","LISTING"
"http://www.press.sk:80/web/vyber-z-periodik-6.tyzden","https://web.archive.org/web/20090512061343/http://www.press.sk:80/web/vyber-z-periodik-6.tyzden,","20090512061343","LISTING"
"http://www.press.sk/web/vyber-z-periodik-6.tyzden/","https://web.archive.org/web/20140214082109/http://www.press.sk/web/vyber-z-periodik-6.tyzden/,","20140214082109","LISTING"
"http://www.press.sk:80/web/vyber-z-periodik-7.tyzden","https://web.archive.org/web/20090322152929/http://www.press.sk:80/web/vyber-z-periodik-7.tyzden,","20090322152929","LISTING"
"http://www.press.sk:80/web/vyber-z-periodik-7.tyzden","https://web.archive.org/web/20090422105917/http://www.press.sk:80/web/vyber-z-periodik-7.tyzden,","20090422105917","LISTING"
"http://www.press.sk:80/web/vyber-z-periodik-7.tyzden","https://web.archive.org/web/20090523060406/http://www.press.sk:80/web/vyber-z-periodik-7.tyzden,","20090523060406","LISTING"
"http://www.press.sk:80/web/vyber-z-periodik-7.tyzden","https://web.archive.org/web/20100107160142/http://www.press.sk:80/web/vyber-z-periodik-7.tyzden,","20100107160142","LISTING"
"http://www.press.sk:80/web/vyber-z-periodik-8.tyzden","https://web.archive.org/web/20090326043359/http://www.press.sk:80/web/vyber-z-periodik-8.tyzden,","20090326043359","LISTING"
"http://www.press.sk:80/web/vyber-z-periodik-8.tyzden","https://web.archive.org/web/20090426004203/http://www.press.sk:80/web/vyber-z-periodik-8.tyzden,","20090426004203","LISTING"
"http://www.press.sk:80/web/vyber-z-periodik-8.tyzden","https://web.archive.org/web/20100111150940/http://www.press.sk:80/web/vyber-z-periodik-8.tyzden,","20100111150940","LISTING"
"http://www.press.sk:80/web/vyber-z-periodik-9.tyzden","https://web.archive.org/web/20090330184339/http://www.press.sk:80/web/vyber-z-periodik-9.tyzden,","20090330184339","LISTING"
"http://www.press.sk:80/web/vyber-z-periodik-9.tyzden","https://web.archive.org/web/20090430154813/http://www.press.sk:80/web/vyber-z-periodik-9.tyzden,","20090430154813","LISTING"
"http://www.press.sk:80/web/vyber-z-periodik-9.tyzden","https://web.archive.org/web/20100309051055/http://www.press.sk:80/web/vyber-z-periodik-9.tyzden,","20100309051055","LISTING"
"http://www.press.sk:80/web/vyber-z-periodik-9.tyzden","https://web.archive.org/web/20100410024051/http://www.press.sk:80/web/vyber-z-periodik-9.tyzden,","20100410024051","LISTING"
"http://www.press.sk:80/web/vyber-z-periodik-9.tyzden/","https://web.archive.org/web/20110310184006/http://www.press.sk:80/web/vyber-z-periodik-9.tyzden/,","20110310184006","LISTING"
"http://www.press.sk/web/vyber-z-periodik-9.tyzden/","https://web.archive.org/web/20160324110457/http://www.press.sk/web/vyber-z-periodik-9.tyzden/,","20160324110457","LISTING"
"http://www.press.sk/web/vychadza-marcove-cislo-mesacnika-atm/","https://web.archive.org/web/20150418191118/http://www.press.sk/web/vychadza-marcove-cislo-mesacnika-atm/,","20150418191118","LISTING"
"http://www.press.sk/web/vypredaj-knih.-ceny-uz-od-050e./","https://web.archive.org/web/20140812084650/http://www.press.sk/web/vypredaj-knih.-ceny-uz-od-050e./,","20140812084650","LISTING"
"http://www.press.sk:80/web/woman-a-velka-vianocna-sutaz","https://web.archive.org/web/20101224173935/http://www.press.sk:80/web/woman-a-velka-vianocna-sutaz,","20101224173935","LISTING"
"http://www.press.sk/zahradkarstvo/o","a,30,30/,https://web.archive.org/web/20130623043944/http://www.press.sk/zahradkarstvo/o,a,30,30/,","20130623043944","LISTING"
"http://www.press.sk:80/zahradkarstvo/o","a,30,30/,https://web.archive.org/web/20160906094444/http://www.press.sk:80/zahradkarstvo/o,a,30,30/,","20160906094444","LISTING"
"http://www.press.sk/zahradkarstvo/o","a,30,60/,https://web.archive.org/web/20130623041829/http://www.press.sk/zahradkarstvo/o,a,30,60/,","20130623041829","LISTING"
"http://www.press.sk:80/zahradkarstvo/o","a,30,60/,https://web.archive.org/web/20160906093019/http://www.press.sk:80/zahradkarstvo/o,a,30,60/,","20160906093019","LISTING"
"http://www.press.sk:80/zaujimave-stranky/","https://web.archive.org/web/20081020212111/http://www.press.sk:80/zaujimave-stranky/,","20081020212111","LISTING"
"http://www.press.sk:80/zaujimave-stranky/","https://web.archive.org/web/20081023033414/http://www.press.sk:80/zaujimave-stranky/,","20081023033414","LISTING"
"http://www.press.sk:80/zberatelstvo/","https://web.archive.org/web/20170430212745/http://www.press.sk:80/zberatelstvo/,","20170430212745","LISTING"
"http://www.press.sk:80/zbrane-a-technika/n","a,10,https://web.archive.org/web/20090630030304/http://www.press.sk:80/zbrane-a-technika/n,a,10,","20090630030304","LISTING"
"http://www.press.sk:80/zbrane-a-technika/n","a,10,https://web.archive.org/web/20091223085527/http://www.press.sk:80/zbrane-a-technika/n,a,10,","20091223085527","LISTING"
"http://www.press.sk:80/zbrane-a-technika/n","a,10,10,https://web.archive.org/web/20090630030310/http://www.press.sk:80/zbrane-a-technika/n,a,10,10,","20090630030310","LISTING"
"http://www.press.sk:80/zbrane-a-technika/n","a,10,100,https://web.archive.org/web/20090630030315/http://www.press.sk:80/zbrane-a-technika/n,a,10,100,","20090630030315","LISTING"
"http://www.press.sk:80/zbrane-a-technika/n","a,10,100,https://web.archive.org/web/20100128161205/http://www.press.sk:80/zbrane-a-technika/n,a,10,100,","20100128161205","LISTING"
"http://www.press.sk:80/zbrane-a-technika/n","a,10,110,https://web.archive.org/web/20090630030320/http://www.press.sk:80/zbrane-a-technika/n,a,10,110,","20090630030320","LISTING"
"http://www.press.sk:80/zbrane-a-technika/n","a,10,120,https://web.archive.org/web/20090630025624/http://www.press.sk:80/zbrane-a-technika/n,a,10,120,","20090630025624","LISTING"
"http://www.press.sk:80/zbrane-a-technika/n","a,10,120,https://web.archive.org/web/20100125113710/http://www.press.sk:80/zbrane-a-technika/n,a,10,120,","20100125113710","LISTING"
"http://www.press.sk:80/zbrane-a-technika/n","a,10,130,https://web.archive.org/web/20090630030325/http://www.press.sk:80/zbrane-a-technika/n,a,10,130,","20090630030325","LISTING"
"http://www.press.sk:80/zbrane-a-technika/n","a,10,130,https://web.archive.org/web/20100122153440/http://www.press.sk:80/zbrane-a-technika/n,a,10,130,","20100122153440","LISTING"
"http://www.press.sk:80/zbrane-a-technika/n","a,10,140,https://web.archive.org/web/20090630030330/http://www.press.sk:80/zbrane-a-technika/n,a,10,140,","20090630030330","LISTING"
"http://www.press.sk:80/zbrane-a-technika/n","a,10,140/,https://web.archive.org/web/20090701000814/http://www.press.sk:80/zbrane-a-technika/n,a,10,140/,","20090701000814","LISTING"
"http://www.press.sk:80/zbrane-a-technika/n","a,10,140,https://web.archive.org/web/20100126043346/http://www.press.sk:80/zbrane-a-technika/n,a,10,140,","20100126043346","LISTING"
"http://www.press.sk:80/zbrane-a-technika/n","a,10,150,https://web.archive.org/web/20090630030336/http://www.press.sk:80/zbrane-a-technika/n,a,10,150,","20090630030336","LISTING"
"http://www.press.sk:80/zbrane-a-technika/n","a,10,150/,https://web.archive.org/web/20090701000819/http://www.press.sk:80/zbrane-a-technika/n,a,10,150/,","20090701000819","LISTING"
"http://www.press.sk:80/zbrane-a-technika/n","a,10,150,https://web.archive.org/web/20091214153050/http://www.press.sk:80/zbrane-a-technika/n,a,10,150,","20091214153050","LISTING"
"http://www.press.sk:80/zbrane-a-technika/n","a,10,160,https://web.archive.org/web/20090630030340/http://www.press.sk:80/zbrane-a-technika/n,a,10,160,","20090630030340","LISTING"
"http://www.press.sk:80/zbrane-a-technika/n","a,10,160,https://web.archive.org/web/20100106115954/http://www.press.sk:80/zbrane-a-technika/n,a,10,160,","20100106115954","LISTING"
"http://www.press.sk:80/zbrane-a-technika/n","a,10,170,https://web.archive.org/web/20090630030345/http://www.press.sk:80/zbrane-a-technika/n,a,10,170,","20090630030345","LISTING"
"http://www.press.sk:80/zbrane-a-technika/n","a,10,170/,https://web.archive.org/web/20090701000824/http://www.press.sk:80/zbrane-a-technika/n,a,10,170/,","20090701000824","LISTING"
"http://www.press.sk:80/zbrane-a-technika/n","a,10,170,https://web.archive.org/web/20100127140700/http://www.press.sk:80/zbrane-a-technika/n,a,10,170,","20100127140700","LISTING"
"http://www.press.sk:80/zbrane-a-technika/n","a,10,180,https://web.archive.org/web/20090630030350/http://www.press.sk:80/zbrane-a-technika/n,a,10,180,","20090630030350","LISTING"
"http://www.press.sk:80/zbrane-a-technika/n","a,10,180,https://web.archive.org/web/20100126022006/http://www.press.sk:80/zbrane-a-technika/n,a,10,180,","20100126022006","LISTING"
"http://www.press.sk:80/zbrane-a-technika/n","a,10, ,20,https://web.archive.org/web/20090630030356/http://www.press.sk:80/zbrane-a-technika/n,a,10, ,20,","20090630030356","LISTING"
"http://www.press.sk:80/zbrane-a-technika/n","a,10, ,20/,https://web.archive.org/web/20090701000829/http://www.press.sk:80/zbrane-a-technika/n,a,10, ,20/,","20090701000829","LISTING"
"http://www.press.sk:80/zbrane-a-technika/n","a,10, ,20,https://web.archive.org/web/20100109073625/http://www.press.sk:80/zbrane-a-technika/n,a,10, ,20,","20100109073625","LISTING"
"http://www.press.sk:80/zbrane-a-technika/n","a,10,30,https://web.archive.org/web/20090630030401/http://www.press.sk:80/zbrane-a-technika/n,a,10,30,","20090630030401","LISTING"
"http://www.press.sk:80/zbrane-a-technika/n","a,10,30/,https://web.archive.org/web/20090701000834/http://www.press.sk:80/zbrane-a-technika/n,a,10,30/,","20090701000834","LISTING"
"http://www.press.sk:80/zbrane-a-technika/n","a,10,30,https://web.archive.org/web/20100107154557/http://www.press.sk:80/zbrane-a-technika/n,a,10,30,","20100107154557","LISTING"
"http://www.press.sk:80/zbrane-a-technika/n","a,10,40,https://web.archive.org/web/20090630030406/http://www.press.sk:80/zbrane-a-technika/n,a,10,40,","20090630030406","LISTING"
"http://www.press.sk:80/zbrane-a-technika/n","a,10,40,https://web.archive.org/web/20091221055421/http://www.press.sk:80/zbrane-a-technika/n,a,10,40,","20091221055421","LISTING"
"http://www.press.sk:80/zbrane-a-technika/n","a,10,50,https://web.archive.org/web/20090630030411/http://www.press.sk:80/zbrane-a-technika/n,a,10,50,","20090630030411","LISTING"
"http://www.press.sk:80/zbrane-a-technika/n","a,10,50/,https://web.archive.org/web/20090701000839/http://www.press.sk:80/zbrane-a-technika/n,a,10,50/,","20090701000839","LISTING"
"http://www.press.sk:80/zbrane-a-technika/n","a,10,50,https://web.archive.org/web/20100119093150/http://www.press.sk:80/zbrane-a-technika/n,a,10,50,","20100119093150","LISTING"
"http://www.press.sk:80/zbrane-a-technika/n","a,10,60,https://web.archive.org/web/20090630030417/http://www.press.sk:80/zbrane-a-technika/n,a,10,60,","20090630030417","LISTING"
"http://www.press.sk:80/zbrane-a-technika/n","a,10,60/,https://web.archive.org/web/20090701000844/http://www.press.sk:80/zbrane-a-technika/n,a,10,60/,","20090701000844","LISTING"
"http://www.press.sk:80/zbrane-a-technika/n","a,10,70,https://web.archive.org/web/20090630030421/http://www.press.sk:80/zbrane-a-technika/n,a,10,70,","20090630030421","LISTING"
"http://www.press.sk:80/zbrane-a-technika/n","a,10,70/,https://web.archive.org/web/20090701000852/http://www.press.sk:80/zbrane-a-technika/n,a,10,70/,","20090701000852","LISTING"
"http://www.press.sk:80/zbrane-a-technika/n","a,10,70,https://web.archive.org/web/20100107161155/http://www.press.sk:80/zbrane-a-technika/n,a,10,70,","20100107161155","LISTING"
"http://www.press.sk:80/zbrane-a-technika/n","a,10,80,https://web.archive.org/web/20090630030426/http://www.press.sk:80/zbrane-a-technika/n,a,10,80,","20090630030426","LISTING"
"http://www.press.sk:80/zbrane-a-technika/n","a,10,80,https://web.archive.org/web/20100107172515/http://www.press.sk:80/zbrane-a-technika/n,a,10,80,","20100107172515","LISTING"
"http://www.press.sk:80/zbrane-a-technika/n","a,10,90,https://web.archive.org/web/20090630025704/http://www.press.sk:80/zbrane-a-technika/n,a,10,90,","20090630025704","LISTING"
"http://www.press.sk:80/zbrane-a-technika/n","a,10,90,https://web.archive.org/web/20091218095511/http://www.press.sk:80/zbrane-a-technika/n,a,10,90,","20091218095511","LISTING"
"http://www.press.sk:80/zbrane-a-technika/n","a,10,90,https://web.archive.org/web/20100124065940/http://www.press.sk:80/zbrane-a-technika/n,a,10,90,","20100124065940","LISTING"
"http://www.press.sk:80/zbrane-a-technika/n","a,100,https://web.archive.org/web/20091224231820/http://www.press.sk:80/zbrane-a-technika/n,a,100,","20091224231820","LISTING"
"http://www.press.sk:80/zbrane-a-technika/n","a,100,https://web.archive.org/web/20100127111753/http://www.press.sk:80/zbrane-a-technika/n,a,100,","20100127111753","LISTING"
"http://www.press.sk:80/zbrane-a-technika/n","a,100,100/,https://web.archive.org/web/20091226171540/http://www.press.sk:80/zbrane-a-technika/n,a,100,100/,","20091226171540","LISTING"
"http://www.press.sk:80/zbrane-a-technika/n","a,100,100/,https://web.archive.org/web/20100226144548/http://www.press.sk:80/zbrane-a-technika/n,a,100,100/,","20100226144548","LISTING"
"http://www.press.sk:80/zbrane-a-technika/n","a,100,100,https://web.archive.org/web/20101017075853/http://www.press.sk:80/zbrane-a-technika/n,a,100,100,","20101017075853","LISTING"
"http://www.press.sk:80/zbrane-a-technika/n","a,100,100,https://web.archive.org/web/20101118123228/http://www.press.sk:80/zbrane-a-technika/n,a,100,100,","20101118123228","LISTING"
"http://www.press.sk:80/zbrane-a-technika/n","a,100, ,200/,https://web.archive.org/web/20091226171541/http://www.press.sk:80/zbrane-a-technika/n,a,100, ,200/,","20091226171541","LISTING"
"http://www.press.sk:80/zbrane-a-technika/n","a,30/,https://web.archive.org/web/20090213203921/http://www.press.sk:80/zbrane-a-technika/n,a,30/,","20090213203921","LISTING"
"http://www.press.sk:80/zbrane-a-technika/n","a,30/,https://web.archive.org/web/20100210065624/http://www.press.sk:80/zbrane-a-technika/n,a,30/,","20100210065624","LISTING"
"http://www.press.sk:80/zbrane-a-technika/n","a,30,120/,https://web.archive.org/web/20090204225542/http://www.press.sk:80/zbrane-a-technika/n,a,30,120/,","20090204225542","LISTING"
"http://www.press.sk:80/zbrane-a-technika/n","a,30,120,https://web.archive.org/web/20090212174719/http://www.press.sk:80/zbrane-a-technika/n,a,30,120,","20090212174719","LISTING"
"http://www.press.sk:80/zbrane-a-technika/n","a,30,120,https://web.archive.org/web/20090315061738/http://www.press.sk:80/zbrane-a-technika/n,a,30,120,","20090315061738","LISTING"
"http://www.press.sk:80/zbrane-a-technika/n","a,30,120,https://web.archive.org/web/20090414213135/http://www.press.sk:80/zbrane-a-technika/n,a,30,120,","20090414213135","LISTING"
"http://www.press.sk:80/zbrane-a-technika/n","a,30,120,https://web.archive.org/web/20090520052131/http://www.press.sk:80/zbrane-a-technika/n,a,30,120,","20090520052131","LISTING"
"http://www.press.sk:80/zbrane-a-technika/n","a,30,120,https://web.archive.org/web/20100105121223/http://www.press.sk:80/zbrane-a-technika/n,a,30,120,","20100105121223","LISTING"
"http://www.press.sk:80/zbrane-a-technika/n","a,30,120/,https://web.archive.org/web/20100210120947/http://www.press.sk:80/zbrane-a-technika/n,a,30,120/,","20100210120947","LISTING"
"http://www.press.sk:80/zbrane-a-technika/n","a,30,120,https://web.archive.org/web/20110201023904/http://www.press.sk:80/zbrane-a-technika/n,a,30,120,","20110201023904","LISTING"
"http://www.press.sk:80/zbrane-a-technika/n","a,30,120,https://web.archive.org/web/20110305124932/http://www.press.sk:80/zbrane-a-technika/n,a,30,120,","20110305124932","LISTING"
"http://www.press.sk:80/zbrane-a-technika/n","a,30,150/,https://web.archive.org/web/20090204200632/http://www.press.sk:80/zbrane-a-technika/n,a,30,150/,","20090204200632","LISTING"
"http://www.press.sk:80/zbrane-a-technika/n","a,30,150,https://web.archive.org/web/20090212174724/http://www.press.sk:80/zbrane-a-technika/n,a,30,150,","20090212174724","LISTING"
"http://www.press.sk:80/zbrane-a-technika/n","a,30,150,https://web.archive.org/web/20090315062533/http://www.press.sk:80/zbrane-a-technika/n,a,30,150,","20090315062533","LISTING"
"http://www.press.sk:80/zbrane-a-technika/n","a,30,150,https://web.archive.org/web/20090414213140/http://www.press.sk:80/zbrane-a-technika/n,a,30,150,","20090414213140","LISTING"
"http://www.press.sk:80/zbrane-a-technika/n","a,30,150,https://web.archive.org/web/20090520060141/http://www.press.sk:80/zbrane-a-technika/n,a,30,150,","20090520060141","LISTING"
"http://www.press.sk:80/zbrane-a-technika/n","a,30,150,https://web.archive.org/web/20100107033110/http://www.press.sk:80/zbrane-a-technika/n,a,30,150,","20100107033110","LISTING"
"http://www.press.sk:80/zbrane-a-technika/n","a,30,150/,https://web.archive.org/web/20100210065031/http://www.press.sk:80/zbrane-a-technika/n,a,30,150/,","20100210065031","LISTING"
"http://www.press.sk:80/zbrane-a-technika/n","a,30,150,https://web.archive.org/web/20110201021159/http://www.press.sk:80/zbrane-a-technika/n,a,30,150,","20110201021159","LISTING"
"http://www.press.sk:80/zbrane-a-technika/n","a,30,150,https://web.archive.org/web/20110305132305/http://www.press.sk:80/zbrane-a-technika/n,a,30,150,","20110305132305","LISTING"
"http://www.press.sk:80/zbrane-a-technika/n","a,30,180,https://web.archive.org/web/20100208212228/http://www.press.sk:80/zbrane-a-technika/n,a,30,180,","20100208212228","LISTING"
"http://www.press.sk:80/zbrane-a-technika/n","a,30,180,https://web.archive.org/web/20110201024421/http://www.press.sk:80/zbrane-a-technika/n,a,30,180,","20110201024421","LISTING"
"http://www.press.sk:80/zbrane-a-technika/n","a,30,180,https://web.archive.org/web/20110305121253/http://www.press.sk:80/zbrane-a-technika/n,a,30,180,","20110305121253","LISTING"
"http://www.press.sk:80/zbrane-a-technika/n","a,30,30/,https://web.archive.org/web/20081109075337/http://www.press.sk:80/zbrane-a-technika/n,a,30,30/,","20081109075337","LISTING"
"http://www.press.sk:80/zbrane-a-technika/n","a,30,30/,https://web.archive.org/web/20090204104749/http://www.press.sk:80/zbrane-a-technika/n,a,30,30/,","20090204104749","LISTING"
"http://www.press.sk:80/zbrane-a-technika/n","a,30,30,https://web.archive.org/web/20090212174729/http://www.press.sk:80/zbrane-a-technika/n,a,30,30,","20090212174729","LISTING"
"http://www.press.sk:80/zbrane-a-technika/n","a,30,30,https://web.archive.org/web/20090315062817/http://www.press.sk:80/zbrane-a-technika/n,a,30,30,","20090315062817","LISTING"
"http://www.press.sk:80/zbrane-a-technika/n","a,30,30,https://web.archive.org/web/20090414213754/http://www.press.sk:80/zbrane-a-technika/n,a,30,30,","20090414213754","LISTING"
"http://www.press.sk:80/zbrane-a-technika/n","a,30,30,https://web.archive.org/web/20090520052156/http://www.press.sk:80/zbrane-a-technika/n,a,30,30,","20090520052156","LISTING"
"http://www.press.sk:80/zbrane-a-technika/n","a,30,30,https://web.archive.org/web/20100107040010/http://www.press.sk:80/zbrane-a-technika/n,a,30,30,","20100107040010","LISTING"
"http://www.press.sk:80/zbrane-a-technika/n","a,30,30/,https://web.archive.org/web/20100210113521/http://www.press.sk:80/zbrane-a-technika/n,a,30,30/,","20100210113521","LISTING"
"http://www.press.sk:80/zbrane-a-technika/n","a,30,30,https://web.archive.org/web/20110201024452/http://www.press.sk:80/zbrane-a-technika/n,a,30,30,","20110201024452","LISTING"
"http://www.press.sk:80/zbrane-a-technika/n","a,30,30,https://web.archive.org/web/20110305125009/http://www.press.sk:80/zbrane-a-technika/n,a,30,30,","20110305125009","LISTING"
"http://www.press.sk:80/zbrane-a-technika/n","a,30,60/,https://web.archive.org/web/20090204225609/http://www.press.sk:80/zbrane-a-technika/n,a,30,60/,","20090204225609","LISTING"
"http://www.press.sk:80/zbrane-a-technika/n","a,30,60,https://web.archive.org/web/20090212174734/http://www.press.sk:80/zbrane-a-technika/n,a,30,60,","20090212174734","LISTING"
"http://www.press.sk:80/zbrane-a-technika/n","a,30,60,https://web.archive.org/web/20090315061748/http://www.press.sk:80/zbrane-a-technika/n,a,30,60,","20090315061748","LISTING"
"http://www.press.sk:80/zbrane-a-technika/n","a,30,60,https://web.archive.org/web/20090414212029/http://www.press.sk:80/zbrane-a-technika/n,a,30,60,","20090414212029","LISTING"
"http://www.press.sk:80/zbrane-a-technika/n","a,30,60,https://web.archive.org/web/20090520053419/http://www.press.sk:80/zbrane-a-technika/n,a,30,60,","20090520053419","LISTING"
"http://www.press.sk:80/zbrane-a-technika/n","a,30,60,https://web.archive.org/web/20100122112334/http://www.press.sk:80/zbrane-a-technika/n,a,30,60,","20100122112334","LISTING"
"http://www.press.sk:80/zbrane-a-technika/n","a,30,60/,https://web.archive.org/web/20100310172241/http://www.press.sk:80/zbrane-a-technika/n,a,30,60/,","20100310172241","LISTING"
"http://www.press.sk:80/zbrane-a-technika/n","a,30,60,https://web.archive.org/web/20110201024619/http://www.press.sk:80/zbrane-a-technika/n,a,30,60,","20110201024619","LISTING"
"http://www.press.sk:80/zbrane-a-technika/n","a,30,60,https://web.archive.org/web/20110305121342/http://www.press.sk:80/zbrane-a-technika/n,a,30,60,","20110305121342","LISTING"
"http://www.press.sk:80/zbrane-a-technika/n","a,30,90/,https://web.archive.org/web/20090204225723/http://www.press.sk:80/zbrane-a-technika/n,a,30,90/,","20090204225723","LISTING"
"http://www.press.sk:80/zbrane-a-technika/n","a,30,90,https://web.archive.org/web/20090212174805/http://www.press.sk:80/zbrane-a-technika/n,a,30,90,","20090212174805","LISTING"
"http://www.press.sk:80/zbrane-a-technika/n","a,30,90,https://web.archive.org/web/20090315061343/http://www.press.sk:80/zbrane-a-technika/n,a,30,90,","20090315061343","LISTING"
"http://www.press.sk:80/zbrane-a-technika/n","a,30,90,https://web.archive.org/web/20090414213145/http://www.press.sk:80/zbrane-a-technika/n,a,30,90,","20090414213145","LISTING"
"http://www.press.sk:80/zbrane-a-technika/n","a,30,90,https://web.archive.org/web/20090520054802/http://www.press.sk:80/zbrane-a-technika/n,a,30,90,","20090520054802","LISTING"
"http://www.press.sk:80/zbrane-a-technika/n","a,30,90,https://web.archive.org/web/20091216060631/http://www.press.sk:80/zbrane-a-technika/n,a,30,90,","20091216060631","LISTING"
"http://www.press.sk:80/zbrane-a-technika/n","a,30,90/,https://web.archive.org/web/20100210121039/http://www.press.sk:80/zbrane-a-technika/n,a,30,90/,","20100210121039","LISTING"
"http://www.press.sk:80/zbrane-a-technika/n","a,30,90,https://web.archive.org/web/20110201021225/http://www.press.sk:80/zbrane-a-technika/n,a,30,90,","20110201021225","LISTING"
"http://www.press.sk:80/zbrane-a-technika/n","a,30,90,https://web.archive.org/web/20110305132745/http://www.press.sk:80/zbrane-a-technika/n,a,30,90,","20110305132745","LISTING"
"http://www.press.sk:80/zbrane-a-technika/o","a,100,100,https://web.archive.org/web/20160901195306/http://www.press.sk:80/zbrane-a-technika/o,a,100,100,","20160901195306","LISTING"
"http://www.press.sk:80/zbrane-a-technika/o","a,100,100,https://web.archive.org/web/20160903005849/http://www.press.sk:80/zbrane-a-technika/o,a,100,100,","20160903005849","LISTING"
"http://www.press.sk:80/zbrane-a-technika/o","a,100,100,https://web.archive.org/web/20161003205645/http://www.press.sk:80/zbrane-a-technika/o,a,100,100,","20161003205645","LISTING"
"http://www.press.sk:80/zbrane-a-technika/o","a,100,100,https://web.archive.org/web/20161005003302/http://www.press.sk:80/zbrane-a-technika/o,a,100,100,","20161005003302","LISTING"
"http://www.press.sk:80/zbrane-a-technika/o","a,100,100,https://web.archive.org/web/20161105145806/http://www.press.sk:80/zbrane-a-technika/o,a,100,100,","20161105145806","LISTING"
"http://www.press.sk:80/zbrane-a-technika/o","a,100, ,200,https://web.archive.org/web/20160901195311/http://www.press.sk:80/zbrane-a-technika/o,a,100, ,200,","20160901195311","LISTING"
"http://www.press.sk:80/zbrane-a-technika/o","a,100, ,200,https://web.archive.org/web/20160903005854/http://www.press.sk:80/zbrane-a-technika/o,a,100, ,200,","20160903005854","LISTING"
"http://www.press.sk:80/zbrane-a-technika/o","a,100, ,200,https://web.archive.org/web/20161003210053/http://www.press.sk:80/zbrane-a-technika/o,a,100, ,200,","20161003210053","LISTING"
"http://www.press.sk:80/zbrane-a-technika/o","a,100, ,200,https://web.archive.org/web/20161005002831/http://www.press.sk:80/zbrane-a-technika/o,a,100, ,200,","20161005002831","LISTING"
"http://www.press.sk:80/zbrane-a-technika/o","a,100, ,200,https://web.archive.org/web/20161105144725/http://www.press.sk:80/zbrane-a-technika/o,a,100, ,200,","20161105144725","LISTING"
"http://www.press.sk:80/zbrane-a-technika/o","a,100,300,https://web.archive.org/web/20160901195316/http://www.press.sk:80/zbrane-a-technika/o,a,100,300,","20160901195316","LISTING"
"http://www.press.sk:80/zbrane-a-technika/o","a,100,300,https://web.archive.org/web/20160903005859/http://www.press.sk:80/zbrane-a-technika/o,a,100,300,","20160903005859","LISTING"
"http://www.press.sk:80/zbrane-a-technika/o","a,100,300,https://web.archive.org/web/20161003205141/http://www.press.sk:80/zbrane-a-technika/o,a,100,300,","20161003205141","LISTING"
"http://www.press.sk:80/zbrane-a-technika/o","a,100,300,https://web.archive.org/web/20161005003418/http://www.press.sk:80/zbrane-a-technika/o,a,100,300,","20161005003418","LISTING"
"http://www.press.sk:80/zbrane-a-technika/o","a,100,300,https://web.archive.org/web/20161105144731/http://www.press.sk:80/zbrane-a-technika/o,a,100,300,","20161105144731","LISTING"
"http://www.press.sk:80/zbrane-a-technika/o","a,100,400,https://web.archive.org/web/20160901195319/http://www.press.sk:80/zbrane-a-technika/o,a,100,400,","20160901195319","LISTING"
"http://www.press.sk:80/zbrane-a-technika/o","a,100,400,https://web.archive.org/web/20160903005903/http://www.press.sk:80/zbrane-a-technika/o,a,100,400,","20160903005903","LISTING"
"http://www.press.sk:80/zbrane-a-technika/o","a,100,400,https://web.archive.org/web/20161003205922/http://www.press.sk:80/zbrane-a-technika/o,a,100,400,","20161003205922","LISTING"
"http://www.press.sk:80/zbrane-a-technika/o","a,100,400,https://web.archive.org/web/20161005003644/http://www.press.sk:80/zbrane-a-technika/o,a,100,400,","20161005003644","LISTING"
"http://www.press.sk:80/zbrane-a-technika/o","a,100,400,https://web.archive.org/web/20161105150236/http://www.press.sk:80/zbrane-a-technika/o,a,100,400,","20161105150236","LISTING"
"http://www.press.sk:80/zbrane-a-technika/o","a,30/,https://web.archive.org/web/20130510202319/http://www.press.sk:80/zbrane-a-technika/o,a,30/,","20130510202319","LISTING"
"http://www.press.sk:80/zbrane-a-technika/o","a,30/,https://web.archive.org/web/20150515034834/http://www.press.sk:80/zbrane-a-technika/o,a,30/,","20150515034834","LISTING"
"http://www.press.sk:80/zbrane-a-technika/o","a,30/,https://web.archive.org/web/20150822002107/http://www.press.sk:80/zbrane-a-technika/o,a,30/,","20150822002107","LISTING"
"http://www.press.sk:80/zbrane-a-technika/o","a,30,120,https://web.archive.org/web/20130507101135/http://www.press.sk:80/zbrane-a-technika/o,a,30,120,","20130507101135","LISTING"
"http://www.press.sk:80/zbrane-a-technika/o","a,30,120/,https://web.archive.org/web/20130511121519/http://www.press.sk:80/zbrane-a-technika/o,a,30,120/,","20130511121519","LISTING"
"http://www.press.sk/zbrane-a-technika/o","a,30,120/,https://web.archive.org/web/20130623031229/http://www.press.sk/zbrane-a-technika/o,a,30,120/,","20130623031229","LISTING"
"http://www.press.sk:80/zbrane-a-technika/o","a,30,120/,https://web.archive.org/web/20150515034905/http://www.press.sk:80/zbrane-a-technika/o,a,30,120/,","20150515034905","LISTING"
"http://www.press.sk:80/zbrane-a-technika/o","a,30,120,https://web.archive.org/web/20150820235238/http://www.press.sk:80/zbrane-a-technika/o,a,30,120,","20150820235238","LISTING"
"http://www.press.sk:80/zbrane-a-technika/o","a,30,120/,https://web.archive.org/web/20150822045231/http://www.press.sk:80/zbrane-a-technika/o,a,30,120/,","20150822045231","LISTING"
"http://www.press.sk:80/zbrane-a-technika/o","a,30,120,https://web.archive.org/web/20150921091418/http://www.press.sk:80/zbrane-a-technika/o,a,30,120,","20150921091418","LISTING"
"http://www.press.sk:80/zbrane-a-technika/o","a,30,120,https://web.archive.org/web/20160402181227/http://www.press.sk:80/zbrane-a-technika/o,a,30,120,","20160402181227","LISTING"
"http://www.press.sk:80/zbrane-a-technika/o","a,30,120,https://web.archive.org/web/20160513101113/http://www.press.sk:80/zbrane-a-technika/o,a,30,120,","20160513101113","LISTING"
"http://www.press.sk:80/zbrane-a-technika/o","a,30,150,https://web.archive.org/web/20130507094550/http://www.press.sk:80/zbrane-a-technika/o,a,30,150,","20130507094550","LISTING"
"http://www.press.sk:80/zbrane-a-technika/o","a,30,150/,https://web.archive.org/web/20130510202324/http://www.press.sk:80/zbrane-a-technika/o,a,30,150/,","20130510202324","LISTING"
"http://www.press.sk:80/zbrane-a-technika/o","a,30,150,https://web.archive.org/web/20150820235243/http://www.press.sk:80/zbrane-a-technika/o,a,30,150,","20150820235243","LISTING"
"http://www.press.sk:80/zbrane-a-technika/o","a,30,150/,https://web.archive.org/web/20150822030440/http://www.press.sk:80/zbrane-a-technika/o,a,30,150/,","20150822030440","LISTING"
"http://www.press.sk:80/zbrane-a-technika/o","a,30,150,https://web.archive.org/web/20150921090914/http://www.press.sk:80/zbrane-a-technika/o,a,30,150,","20150921090914","LISTING"
"http://www.press.sk:80/zbrane-a-technika/o","a,30,150,https://web.archive.org/web/20160330104931/http://www.press.sk:80/zbrane-a-technika/o,a,30,150,","20160330104931","LISTING"
"http://www.press.sk:80/zbrane-a-technika/o","a,30,150,https://web.archive.org/web/20160511052559/http://www.press.sk:80/zbrane-a-technika/o,a,30,150,","20160511052559","LISTING"
"http://www.press.sk:80/zbrane-a-technika/o","a,30,180,https://web.archive.org/web/20130507101139/http://www.press.sk:80/zbrane-a-technika/o,a,30,180,","20130507101139","LISTING"
"http://www.press.sk:80/zbrane-a-technika/o","a,30,180/,https://web.archive.org/web/20130511121525/http://www.press.sk:80/zbrane-a-technika/o,a,30,180/,","20130511121525","LISTING"
"http://www.press.sk:80/zbrane-a-technika/o","a,30,180,https://web.archive.org/web/20150820235248/http://www.press.sk:80/zbrane-a-technika/o,a,30,180,","20150820235248","LISTING"
"http://www.press.sk:80/zbrane-a-technika/o","a,30,180/,https://web.archive.org/web/20150822030445/http://www.press.sk:80/zbrane-a-technika/o,a,30,180/,","20150822030445","LISTING"
"http://www.press.sk:80/zbrane-a-technika/o","a,30,180,https://web.archive.org/web/20150921091422/http://www.press.sk:80/zbrane-a-technika/o,a,30,180,","20150921091422","LISTING"
"http://www.press.sk:80/zbrane-a-technika/o","a,30,180,https://web.archive.org/web/20160403011735/http://www.press.sk:80/zbrane-a-technika/o,a,30,180,","20160403011735","LISTING"
"http://www.press.sk:80/zbrane-a-technika/o","a,30,180,https://web.archive.org/web/20160404020308/http://www.press.sk:80/zbrane-a-technika/o,a,30,180,","20160404020308","LISTING"
"http://www.press.sk:80/zbrane-a-technika/o","a,30,180,https://web.archive.org/web/20160513084438/http://www.press.sk:80/zbrane-a-technika/o,a,30,180,","20160513084438","LISTING"
"http://www.press.sk:80/zbrane-a-technika/o","a,30,210,https://web.archive.org/web/20130507105638/http://www.press.sk:80/zbrane-a-technika/o,a,30,210,","20130507105638","LISTING"
"http://www.press.sk:80/zbrane-a-technika/o","a,30,210/,https://web.archive.org/web/20130510202330/http://www.press.sk:80/zbrane-a-technika/o,a,30,210/,","20130510202330","LISTING"
"http://www.press.sk:80/zbrane-a-technika/o","a,30,210,https://web.archive.org/web/20150820235253/http://www.press.sk:80/zbrane-a-technika/o,a,30,210,","20150820235253","LISTING"
"http://www.press.sk:80/zbrane-a-technika/o","a,30,210/,https://web.archive.org/web/20150822005357/http://www.press.sk:80/zbrane-a-technika/o,a,30,210/,","20150822005357","LISTING"
"http://www.press.sk:80/zbrane-a-technika/o","a,30,210,https://web.archive.org/web/20150921091429/http://www.press.sk:80/zbrane-a-technika/o,a,30,210,","20150921091429","LISTING"
"http://www.press.sk:80/zbrane-a-technika/o","a,30,210,https://web.archive.org/web/20160403114043/http://www.press.sk:80/zbrane-a-technika/o,a,30,210,","20160403114043","LISTING"
"http://www.press.sk:80/zbrane-a-technika/o","a,30,210,https://web.archive.org/web/20160404145951/http://www.press.sk:80/zbrane-a-technika/o,a,30,210,","20160404145951","LISTING"
"http://www.press.sk:80/zbrane-a-technika/o","a,30,210,https://web.archive.org/web/20160507080809/http://www.press.sk:80/zbrane-a-technika/o,a,30,210,","20160507080809","LISTING"
"http://www.press.sk:80/zbrane-a-technika/o","a,30,240,https://web.archive.org/web/20130507101146/http://www.press.sk:80/zbrane-a-technika/o,a,30,240,","20130507101146","LISTING"
"http://www.press.sk:80/zbrane-a-technika/o","a,30,240/,https://web.archive.org/web/20130510202337/http://www.press.sk:80/zbrane-a-technika/o,a,30,240/,","20130510202337","LISTING"
"http://www.press.sk/zbrane-a-technika/o","a,30,240/,https://web.archive.org/web/20130623031510/http://www.press.sk/zbrane-a-technika/o,a,30,240/,","20130623031510","LISTING"
"http://www.press.sk:80/zbrane-a-technika/o","a,30,240,https://web.archive.org/web/20150820235302/http://www.press.sk:80/zbrane-a-technika/o,a,30,240,","20150820235302","LISTING"
"http://www.press.sk:80/zbrane-a-technika/o","a,30,240/,https://web.archive.org/web/20150822030453/http://www.press.sk:80/zbrane-a-technika/o,a,30,240/,","20150822030453","LISTING"
"http://www.press.sk:80/zbrane-a-technika/o","a,30,240,https://web.archive.org/web/20150921091433/http://www.press.sk:80/zbrane-a-technika/o,a,30,240,","20150921091433","LISTING"
"http://www.press.sk:80/zbrane-a-technika/o","a,30,240,https://web.archive.org/web/20160402202315/http://www.press.sk:80/zbrane-a-technika/o,a,30,240,","20160402202315","LISTING"
"http://www.press.sk:80/zbrane-a-technika/o","a,30,240,https://web.archive.org/web/20160514165124/http://www.press.sk:80/zbrane-a-technika/o,a,30,240,","20160514165124","LISTING"
"http://www.press.sk:80/zbrane-a-technika/o","a,30,270,https://web.archive.org/web/20130507105642/http://www.press.sk:80/zbrane-a-technika/o,a,30,270,","20130507105642","LISTING"
"http://www.press.sk:80/zbrane-a-technika/o","a,30,270/,https://web.archive.org/web/20130510202428/http://www.press.sk:80/zbrane-a-technika/o,a,30,270/,","20130510202428","LISTING"
"http://www.press.sk/zbrane-a-technika/o","a,30,270/,https://web.archive.org/web/20130623032154/http://www.press.sk/zbrane-a-technika/o,a,30,270/,","20130623032154","LISTING"
"http://www.press.sk:80/zbrane-a-technika/o","a,30,270,https://web.archive.org/web/20150820235311/http://www.press.sk:80/zbrane-a-technika/o,a,30,270,","20150820235311","LISTING"
"http://www.press.sk:80/zbrane-a-technika/o","a,30,270/,https://web.archive.org/web/20150822030507/http://www.press.sk:80/zbrane-a-technika/o,a,30,270/,","20150822030507","LISTING"
"http://www.press.sk:80/zbrane-a-technika/o","a,30,270,https://web.archive.org/web/20150921091439/http://www.press.sk:80/zbrane-a-technika/o,a,30,270,","20150921091439","LISTING"
"http://www.press.sk:80/zbrane-a-technika/o","a,30,270,https://web.archive.org/web/20160401151715/http://www.press.sk:80/zbrane-a-technika/o,a,30,270,","20160401151715","LISTING"
"http://www.press.sk:80/zbrane-a-technika/o","a,30,270,https://web.archive.org/web/20160402160219/http://www.press.sk:80/zbrane-a-technika/o,a,30,270,","20160402160219","LISTING"
"http://www.press.sk:80/zbrane-a-technika/o","a,30,270,https://web.archive.org/web/20160514175859/http://www.press.sk:80/zbrane-a-technika/o,a,30,270,","20160514175859","LISTING"
"http://www.press.sk:80/zbrane-a-technika/o","a,30,30,https://web.archive.org/web/20130507105648/http://www.press.sk:80/zbrane-a-technika/o,a,30,30,","20130507105648","LISTING"
"http://www.press.sk:80/zbrane-a-technika/o","a,30,30/,https://web.archive.org/web/20130511121548/http://www.press.sk:80/zbrane-a-technika/o,a,30,30/,","20130511121548","LISTING"
"http://www.press.sk/zbrane-a-technika/o","a,30,30/,https://web.archive.org/web/20130623020750/http://www.press.sk/zbrane-a-technika/o,a,30,30/,","20130623020750","LISTING"
"http://www.press.sk:80/zbrane-a-technika/o","a,30,30,https://web.archive.org/web/20150513231903/http://www.press.sk:80/zbrane-a-technika/o,a,30,30,","20150513231903","LISTING"
"http://www.press.sk:80/zbrane-a-technika/o","a,30,30/,https://web.archive.org/web/20150514170356/http://www.press.sk:80/zbrane-a-technika/o,a,30,30/,","20150514170356","LISTING"
"http://www.press.sk:80/zbrane-a-technika/o","a,30,30,https://web.archive.org/web/20150613082456/http://www.press.sk:80/zbrane-a-technika/o,a,30,30,","20150613082456","LISTING"
"http://www.press.sk:80/zbrane-a-technika/o","a,30,30,https://web.archive.org/web/20150713205432/http://www.press.sk:80/zbrane-a-technika/o,a,30,30,","20150713205432","LISTING"
"http://www.press.sk:80/zbrane-a-technika/o","a,30,30,https://web.archive.org/web/20150817083226/http://www.press.sk:80/zbrane-a-technika/o,a,30,30,","20150817083226","LISTING"
"http://www.press.sk:80/zbrane-a-technika/o","a,30,30/,https://web.archive.org/web/20150822005420/http://www.press.sk:80/zbrane-a-technika/o,a,30,30/,","20150822005420","LISTING"
"http://www.press.sk:80/zbrane-a-technika/o","a,30,30,https://web.archive.org/web/20150917051832/http://www.press.sk:80/zbrane-a-technika/o,a,30,30,","20150917051832","LISTING"
"http://www.press.sk:80/zbrane-a-technika/o","a,30,30,https://web.archive.org/web/20160404020950/http://www.press.sk:80/zbrane-a-technika/o,a,30,30,","20160404020950","LISTING"
"http://www.press.sk:80/zbrane-a-technika/o","a,30,30,https://web.archive.org/web/20160511040502/http://www.press.sk:80/zbrane-a-technika/o,a,30,30,","20160511040502","LISTING"
"http://www.press.sk:80/zbrane-a-technika/o","a,30,300/,https://web.archive.org/web/20150514224937/http://www.press.sk:80/zbrane-a-technika/o,a,30,300/,","20150514224937","LISTING"
"http://www.press.sk:80/zbrane-a-technika/o","a,30,300,https://web.archive.org/web/20150820235314/http://www.press.sk:80/zbrane-a-technika/o,a,30,300,","20150820235314","LISTING"
"http://www.press.sk:80/zbrane-a-technika/o","a,30,300/,https://web.archive.org/web/20150822005708/http://www.press.sk:80/zbrane-a-technika/o,a,30,300/,","20150822005708","LISTING"
"http://www.press.sk:80/zbrane-a-technika/o","a,30,300,https://web.archive.org/web/20150921091443/http://www.press.sk:80/zbrane-a-technika/o,a,30,300,","20150921091443","LISTING"
"http://www.press.sk:80/zbrane-a-technika/o","a,30,300,https://web.archive.org/web/20151204105352/http://www.press.sk:80/zbrane-a-technika/o,a,30,300,","20151204105352","LISTING"
"http://www.press.sk:80/zbrane-a-technika/o","a,30,300,https://web.archive.org/web/20160104191328/http://www.press.sk:80/zbrane-a-technika/o,a,30,300,","20160104191328","LISTING"
"http://www.press.sk:80/zbrane-a-technika/o","a,30,300,https://web.archive.org/web/20160403124047/http://www.press.sk:80/zbrane-a-technika/o,a,30,300,","20160403124047","LISTING"
"http://www.press.sk:80/zbrane-a-technika/o","a,30,300,https://web.archive.org/web/20160404140212/http://www.press.sk:80/zbrane-a-technika/o,a,30,300,","20160404140212","LISTING"
"http://www.press.sk:80/zbrane-a-technika/o","a,30,300,https://web.archive.org/web/20160513064242/http://www.press.sk:80/zbrane-a-technika/o,a,30,300,","20160513064242","LISTING"
"http://www.press.sk:80/zbrane-a-technika/o","a,30,330/,https://web.archive.org/web/20150514170403/http://www.press.sk:80/zbrane-a-technika/o,a,30,330/,","20150514170403","LISTING"
"http://www.press.sk:80/zbrane-a-technika/o","a,30,330,https://web.archive.org/web/20150820235341/http://www.press.sk:80/zbrane-a-technika/o,a,30,330,","20150820235341","LISTING"
"http://www.press.sk:80/zbrane-a-technika/o","a,30,330/,https://web.archive.org/web/20150822002112/http://www.press.sk:80/zbrane-a-technika/o,a,30,330/,","20150822002112","LISTING"
"http://www.press.sk:80/zbrane-a-technika/o","a,30,330,https://web.archive.org/web/20150921090939/http://www.press.sk:80/zbrane-a-technika/o,a,30,330,","20150921090939","LISTING"
"http://www.press.sk:80/zbrane-a-technika/o","a,30,330,https://web.archive.org/web/20160330115122/http://www.press.sk:80/zbrane-a-technika/o,a,30,330,","20160330115122","LISTING"
"http://www.press.sk:80/zbrane-a-technika/o","a,30,330,https://web.archive.org/web/20160512125027/http://www.press.sk:80/zbrane-a-technika/o,a,30,330,","20160512125027","LISTING"
"http://www.press.sk:80/zbrane-a-technika/o","a,30,60,https://web.archive.org/web/20130507101152/http://www.press.sk:80/zbrane-a-technika/o,a,30,60,","20130507101152","LISTING"
"http://www.press.sk:80/zbrane-a-technika/o","a,30,60/,https://web.archive.org/web/20130509233243/http://www.press.sk:80/zbrane-a-technika/o,a,30,60/,","20130509233243","LISTING"
"http://www.press.sk/zbrane-a-technika/o","a,30,60/,https://web.archive.org/web/20130623015246/http://www.press.sk/zbrane-a-technika/o,a,30,60/,","20130623015246","LISTING"
"http://www.press.sk:80/zbrane-a-technika/o","a,30,60,https://web.archive.org/web/20150513215749/http://www.press.sk:80/zbrane-a-technika/o,a,30,60,","20150513215749","LISTING"
"http://www.press.sk:80/zbrane-a-technika/o","a,30,60/,https://web.archive.org/web/20150514224941/http://www.press.sk:80/zbrane-a-technika/o,a,30,60/,","20150514224941","LISTING"
"http://www.press.sk:80/zbrane-a-technika/o","a,30,60,https://web.archive.org/web/20150613082501/http://www.press.sk:80/zbrane-a-technika/o,a,30,60,","20150613082501","LISTING"
"http://www.press.sk:80/zbrane-a-technika/o","a,30,60,https://web.archive.org/web/20150713210757/http://www.press.sk:80/zbrane-a-technika/o,a,30,60,","20150713210757","LISTING"
"http://www.press.sk:80/zbrane-a-technika/o","a,30,60,https://web.archive.org/web/20150817072209/http://www.press.sk:80/zbrane-a-technika/o,a,30,60,","20150817072209","LISTING"
"http://www.press.sk:80/zbrane-a-technika/o","a,30,60/,https://web.archive.org/web/20150823064636/http://www.press.sk:80/zbrane-a-technika/o,a,30,60/,","20150823064636","LISTING"
"http://www.press.sk:80/zbrane-a-technika/o","a,30,60,https://web.archive.org/web/20150917042332/http://www.press.sk:80/zbrane-a-technika/o,a,30,60,","20150917042332","LISTING"
"http://www.press.sk:80/zbrane-a-technika/o","a,30,60,https://web.archive.org/web/20160401145848/http://www.press.sk:80/zbrane-a-technika/o,a,30,60,","20160401145848","LISTING"
"http://www.press.sk:80/zbrane-a-technika/o","a,30,60,https://web.archive.org/web/20160402191942/http://www.press.sk:80/zbrane-a-technika/o,a,30,60,","20160402191942","LISTING"
"http://www.press.sk:80/zbrane-a-technika/o","a,30,60,https://web.archive.org/web/20160511054705/http://www.press.sk:80/zbrane-a-technika/o,a,30,60,","20160511054705","LISTING"
"http://www.press.sk:80/zbrane-a-technika/o","a,30,90,https://web.archive.org/web/20130507101216/http://www.press.sk:80/zbrane-a-technika/o,a,30,90,","20130507101216","LISTING"
"http://www.press.sk:80/zbrane-a-technika/o","a,30,90/,https://web.archive.org/web/20130510202446/http://www.press.sk:80/zbrane-a-technika/o,a,30,90/,","20130510202446","LISTING"
"http://www.press.sk/zbrane-a-technika/o","a,30,90/,https://web.archive.org/web/20130623030415/http://www.press.sk/zbrane-a-technika/o,a,30,90/,","20130623030415","LISTING"
"http://www.press.sk:80/zbrane-a-technika/o","a,30,90,https://web.archive.org/web/20150514023920/http://www.press.sk:80/zbrane-a-technika/o,a,30,90,","20150514023920","LISTING"
"http://www.press.sk:80/zbrane-a-technika/o","a,30,90/,https://web.archive.org/web/20150514170428/http://www.press.sk:80/zbrane-a-technika/o,a,30,90/,","20150514170428","LISTING"
"http://www.press.sk:80/zbrane-a-technika/o","a,30,90,https://web.archive.org/web/20150614063340/http://www.press.sk:80/zbrane-a-technika/o,a,30,90,","20150614063340","LISTING"
"http://www.press.sk:80/zbrane-a-technika/o","a,30,90,https://web.archive.org/web/20150715030702/http://www.press.sk:80/zbrane-a-technika/o,a,30,90,","20150715030702","LISTING"
"http://www.press.sk:80/zbrane-a-technika/o","a,30,90,https://web.archive.org/web/20150817073049/http://www.press.sk:80/zbrane-a-technika/o,a,30,90,","20150817073049","LISTING"
"http://www.press.sk:80/zbrane-a-technika/o","a,30,90/,https://web.archive.org/web/20150822045236/http://www.press.sk:80/zbrane-a-technika/o,a,30,90/,","20150822045236","LISTING"
"http://www.press.sk:80/zbrane-a-technika/o","a,30,90,https://web.archive.org/web/20150917094117/http://www.press.sk:80/zbrane-a-technika/o,a,30,90,","20150917094117","LISTING"
"http://www.press.sk:80/zbrane-a-technika/o","a,30,90,https://web.archive.org/web/20160331213454/http://www.press.sk:80/zbrane-a-technika/o,a,30,90,","20160331213454","LISTING"
"http://www.press.sk:80/zbrane-a-technika/o","a,30,90,https://web.archive.org/web/20160508041058/http://www.press.sk:80/zbrane-a-technika/o,a,30,90,","20160508041058","LISTING"
"http://www.press.sk:80/zdravotnicka-literatura+365/","https://web.archive.org/web/20170126113733/http://www.press.sk:80/zdravotnicka-literatura+365/,","20170126113733","LISTING"
"http://www.press.sk:80/zdravotnicka-literatura+365/","https://web.archive.org/web/20170328025643/http://www.press.sk:80/zdravotnicka-literatura+365/,","20170328025643","LISTING"
"http://www.press.sk:80/zdravotnicka-literatura+365/","https://web.archive.org/web/20170527213039/http://www.press.sk:80/zdravotnicka-literatura+365/,","20170527213039","LISTING"
"http://www.press.sk/zdravotnicka-literatura+365/","https://web.archive.org/web/20170606130747/http://www.press.sk/zdravotnicka-literatura+365/,","20170606130747","LISTING"
"http://www.press.sk:80/zdravotnicka-literatura/o","a,30,30/,https://web.archive.org/web/20150901125052/http://www.press.sk:80/zdravotnicka-literatura/o,a,30,30/,","20150901125052","LISTING"
"http://www.press.sk/zdravotnicka-literatura/o","a,30,30/,https://web.archive.org/web/20160802152620/http://www.press.sk/zdravotnicka-literatura/o,a,30,30/,","20160802152620","LISTING"
"http://www.press.sk/zdravotnicka-literatura/o","a,30,30/,https://web.archive.org/web/20170405213853/http://www.press.sk/zdravotnicka-literatura/o,a,30,30/,","20170405213853","LISTING"
"http://www.press.sk:80/zdravotnicka-literatura/o","a,30,60/,https://web.archive.org/web/20150901125057/http://www.press.sk:80/zdravotnicka-literatura/o,a,30,60/,","20150901125057","LISTING"
"http://www.press.sk/zdravotnicka-literatura/o","a,30,60/,https://web.archive.org/web/20160802131409/http://www.press.sk/zdravotnicka-literatura/o,a,30,60/,","20160802131409","LISTING"
"http://www.press.sk/zdravotnicka-literatura/o","a,30,60/,https://web.archive.org/web/20170405163842/http://www.press.sk/zdravotnicka-literatura/o,a,30,60/,","20170405163842","LISTING"
"http://www.press.sk/zdravotnicka-literatura/o","a,30,90/,https://web.archive.org/web/20170405175132/http://www.press.sk/zdravotnicka-literatura/o,a,30,90/,","20170405175132","LISTING"
"http://www.press.sk/zeleznice/o","a,30,30/,https://web.archive.org/web/20130623005704/http://www.press.sk/zeleznice/o,a,30,30/,","20130623005704","LISTING"
"http://www.press.sk/zeleznice/o","a,30,60/,https://web.archive.org/web/20130623011523/http://www.press.sk/zeleznice/o,a,30,60/,","20130623011523","LISTING"
