"original_url","wayback_url","timestamp","type"
"http://www.press.sk:80/velke-bitvy-historie","https://web.archive.org/web/20150710101144/http://www.press.sk:80/velke-bitvy-historie","20150710101144","LISTING"
"http://www.press.sk:80/velke-bitvy-historie","https://web.archive.org/web/20150810122115/http://www.press.sk:80/velke-bitvy-historie","20150810122115","LISTING"
"http://www.press.sk:80/velke-bitvy-historie","https://web.archive.org/web/20150910104213/http://www.press.sk:80/velke-bitvy-historie","20150910104213","LISTING"
"http://www.press.sk:80/velke-bitvy-historie/","https://web.archive.org/web/20151116085617/http://www.press.sk:80/velke-bitvy-historie/","20151116085617","LISTING"
"http://www.press.sk:80/velke-bitvy-historie","https://web.archive.org/web/20160330104157/http://www.press.sk:80/velke-bitvy-historie","20160330104157","LISTING"
"http://www.press.sk:80/velke-bitvy-historie","https://web.archive.org/web/20160513162502/http://www.press.sk:80/velke-bitvy-historie","20160513162502","LISTING"
"http://www.press.sk:80/velke-bitvy-historie/","https://web.archive.org/web/20160518062437/http://www.press.sk:80/velke-bitvy-historie/","20160518062437","LISTING"
"http://www.press.sk/velke-bitvy-historie/","https://web.archive.org/web/20160802160416/http://www.press.sk/velke-bitvy-historie/","20160802160416","LISTING"
"http://www.press.sk:80/velke-bitvy-historie/","https://web.archive.org/web/20161231054316/http://www.press.sk:80/velke-bitvy-historie/","20161231054316","LISTING"
"http://www.press.sk:80/velke-bitvy-historie/o","a,30/,""""""""""""""""""""""""""""""""""""""""""""""""""""""""""""""""https://web.archive.org/web/20150310140748/http://www.press.sk:80/velke-bitvy-historie/o,a,30/","20150310140748","LISTING"
"http://www.press.sk/velke-bitvy-historie/o","a,30,30/,""""""""""""""""""""""""""""""""""""""""""""""""""""""""""""""""https://web.archive.org/web/20130620201409/http://www.press.sk/velke-bitvy-historie/o,a,30,30/","20130620201409","LISTING"
"http://www.press.sk:80/velke-bitvy-historie/o","a,30,30,""""""""""""""""""""""""""""""""""""""""""""""""""""""""""""""""https://web.archive.org/web/20150308121800/http://www.press.sk:80/velke-bitvy-historie/o,a,30,30","20150308121800","LISTING"
"http://www.press.sk:80/velke-bitvy-historie/o","a,30,30/,""""""""""""""""""""""""""""""""""""""""""""""""""""""""""""""""https://web.archive.org/web/20150310064448/http://www.press.sk:80/velke-bitvy-historie/o,a,30,30/","20150310064448","LISTING"
"http://www.press.sk:80/velke-bitvy-historie/o","a,30,30,""""""""""""""""""""""""""""""""""""""""""""""""""""""""""""""""https://web.archive.org/web/20150408170500/http://www.press.sk:80/velke-bitvy-historie/o,a,30,30","20150408170500","LISTING"
"http://www.press.sk:80/velke-bitvy-historie/o","a,30,30,""""""""""""""""""""""""""""""""""""""""""""""""""""""""""""""""https://web.archive.org/web/20150509065726/http://www.press.sk:80/velke-bitvy-historie/o,a,30,30","20150509065726","LISTING"
"http://www.press.sk:80/velke-bitvy-historie/o","a,30,30,""""""""""""""""""""""""""""""""""""""""""""""""""""""""""""""""https://web.archive.org/web/20150609043626/http://www.press.sk:80/velke-bitvy-historie/o,a,30,30","20150609043626","LISTING"
"http://www.press.sk:80/velke-bitvy-historie/o","a,30,30,""""""""""""""""""""""""""""""""""""""""""""""""""""""""""""""""https://web.archive.org/web/20150710101404/http://www.press.sk:80/velke-bitvy-historie/o,a,30,30","20150710101404","LISTING"
"http://www.press.sk:80/velke-bitvy-historie/o","a,30,30,""""""""""""""""""""""""""""""""""""""""""""""""""""""""""""""""https://web.archive.org/web/20150810124320/http://www.press.sk:80/velke-bitvy-historie/o,a,30,30","20150810124320","LISTING"
"http://www.press.sk:80/velke-bitvy-historie/o","a,30,30,""""""""""""""""""""""""""""""""""""""""""""""""""""""""""""""""https://web.archive.org/web/20150910103924/http://www.press.sk:80/velke-bitvy-historie/o,a,30,30","20150910103924","LISTING"
"http://www.press.sk:80/velke-bitvy-historie/o","a,30,30,""""""""""""""""""""""""""""""""""""""""""""""""""""""""""""""""https://web.archive.org/web/20160401134617/http://www.press.sk:80/velke-bitvy-historie/o,a,30,30","20160401134617","LISTING"
"http://www.press.sk:80/velke-bitvy-historie/o","a,30,30,""""""""""""""""""""""""""""""""""""""""""""""""""""""""""""""""https://web.archive.org/web/20160402160932/http://www.press.sk:80/velke-bitvy-historie/o,a,30,30","20160402160932","LISTING"
"http://www.press.sk:80/velke-bitvy-historie/o","a,30,30,""""""""""""""""""""""""""""""""""""""""""""""""""""""""""""""""https://web.archive.org/web/20160513072714/http://www.press.sk:80/velke-bitvy-historie/o,a,30,30","20160513072714","LISTING"
"http://www.press.sk:80/venkov-styl/","https://web.archive.org/web/20141028145344/http://www.press.sk:80/venkov-styl/","20141028145344","LISTING"
"http://www.press.sk:80/venkov-styl/","https://web.archive.org/web/20150714163701/http://www.press.sk:80/venkov-styl/","20150714163701","LISTING"
"http://www.press.sk:80/venkov-styl/","https://web.archive.org/web/20151211161135/http://www.press.sk:80/venkov-styl/","20151211161135","LISTING"
"http://www.press.sk:80/venkov-styl/","https://web.archive.org/web/20160211181241/http://www.press.sk:80/venkov-styl/","20160211181241","LISTING"
"http://www.press.sk:80/venkov-styl/","https://web.archive.org/web/20160212095045/http://www.press.sk:80/venkov-styl/","20160212095045","LISTING"
"http://www.press.sk/venkov-styl/","https://web.archive.org/web/20160802124450/http://www.press.sk/venkov-styl/","20160802124450","LISTING"
"http://www.press.sk:80/venkov-styl/","https://web.archive.org/web/20161002082754/http://www.press.sk:80/venkov-styl/","20161002082754","LISTING"
"http://www.press.sk:80/vesela-farma/","https://web.archive.org/web/20120825065302/http://www.press.sk:80/vesela-farma/","20120825065302","LISTING"
"http://www.press.sk/vesela-farma/","https://web.archive.org/web/20130510165909/http://www.press.sk/vesela-farma/","20130510165909","LISTING"
"http://www.press.sk:80/vesela-farma/","https://web.archive.org/web/20131108093246/http://www.press.sk:80/vesela-farma/","20131108093246","LISTING"
"http://www.press.sk:80/vesela-farma/","https://web.archive.org/web/20140108200234/http://www.press.sk:80/vesela-farma/","20140108200234","LISTING"
"http://www.press.sk/vesela-farma/","https://web.archive.org/web/20140117041443/http://www.press.sk/vesela-farma/","20140117041443","LISTING"
"http://www.press.sk/vesela-farma/","https://web.archive.org/web/20140214093056/http://www.press.sk/vesela-farma/","20140214093056","LISTING"
"http://www.press.sk:80/vesela-farma/","https://web.archive.org/web/20140311053034/http://www.press.sk:80/vesela-farma/","20140311053034","LISTING"
"http://www.press.sk:80/vesela-farma/","https://web.archive.org/web/20140510193721/http://www.press.sk:80/vesela-farma/","20140510193721","LISTING"
"http://www.press.sk:80/vesela-farma/","https://web.archive.org/web/20140711010625/http://www.press.sk:80/vesela-farma/","20140711010625","LISTING"
"http://www.press.sk/vesela-farma/","https://web.archive.org/web/20140813013952/http://www.press.sk/vesela-farma/","20140813013952","LISTING"
"http://www.press.sk:80/vesela-farma/","https://web.archive.org/web/20140909094822/http://www.press.sk:80/vesela-farma/","20140909094822","LISTING"
"http://www.press.sk:80/vesela-farma","https://web.archive.org/web/20141028160806/http://www.press.sk:80/vesela-farma","20141028160806","LISTING"
"http://www.press.sk:80/vesela-farma/","https://web.archive.org/web/20141125015742/http://www.press.sk:80/vesela-farma/","20141125015742","LISTING"
"http://www.press.sk:80/vesela-farma","https://web.archive.org/web/20141128124354/http://www.press.sk:80/vesela-farma","20141128124354","LISTING"
"http://www.press.sk:80/vesela-farma","https://web.archive.org/web/20141229074923/http://www.press.sk:80/vesela-farma","20141229074923","LISTING"
"http://www.press.sk:80/vesela-farma/","https://web.archive.org/web/20150125014751/http://www.press.sk:80/vesela-farma/","20150125014751","LISTING"
"http://www.press.sk:80/vesela-farma","https://web.archive.org/web/20150202105311/http://www.press.sk:80/vesela-farma","20150202105311","LISTING"
"http://www.press.sk:80/vesela-farma/","https://web.archive.org/web/20150310091040/http://www.press.sk:80/vesela-farma/","20150310091040","LISTING"
"http://www.press.sk/vesela-farma/","https://web.archive.org/web/20150418190356/http://www.press.sk/vesela-farma/","20150418190356","LISTING"
"http://www.press.sk:80/vesela-farma/","https://web.archive.org/web/20150509194342/http://www.press.sk:80/vesela-farma/","20150509194342","LISTING"
"http://www.press.sk:80/vesela-farma/","https://web.archive.org/web/20150711214459/http://www.press.sk:80/vesela-farma/","20150711214459","LISTING"
"http://www.press.sk:80/vesela-farma/","https://web.archive.org/web/20150913010215/http://www.press.sk:80/vesela-farma/","20150913010215","LISTING"
"http://www.press.sk:80/vesela-farma/","https://web.archive.org/web/20151127065708/http://www.press.sk:80/vesela-farma/","20151127065708","LISTING"
"http://www.press.sk/vesela-farma/","https://web.archive.org/web/20160802161320/http://www.press.sk/vesela-farma/","20160802161320","LISTING"
"http://www.press.sk:80/vesela-farma/vesela-farma-kolekcia/","https://web.archive.org/web/20120831150842/http://www.press.sk:80/vesela-farma/vesela-farma-kolekcia/","20120831150842","LISTING"
"http://www.press.sk:80/vesela-farma/vesela-farma-kolekcia/?","https://web.archive.org/web/20120901205400/http://www.press.sk:80/vesela-farma/vesela-farma-kolekcia/?","20120901205400","LISTING"
"http://www.press.sk:80/vesela-farma/vesela-farma-kolekcia","https://web.archive.org/web/20120904003659/http://www.press.sk:80/vesela-farma/vesela-farma-kolekcia","20120904003659","LISTING"
"http://www.press.sk:80/vesela-farma/vesela-farma-kolekcia/","https://web.archive.org/web/20121031143252/http://www.press.sk:80/vesela-farma/vesela-farma-kolekcia/","20121031143252","LISTING"
"http://www.press.sk:80/vesela-farma/vesela-farma-kolekcia","https://web.archive.org/web/20121103203234/http://www.press.sk:80/vesela-farma/vesela-farma-kolekcia","20121103203234","LISTING"
"http://www.press.sk:80/vesela-farma/vesela-farma-kolekcia/?","https://web.archive.org/web/20121104041430/http://www.press.sk:80/vesela-farma/vesela-farma-kolekcia/?","20121104041430","LISTING"
"http://www.press.sk:80/vesela-farma/vesela-farma-kolekcia/?","https://web.archive.org/web/20121230204020/http://www.press.sk:80/vesela-farma/vesela-farma-kolekcia/?","20121230204020","LISTING"
"http://www.press.sk:80/vesela-farma/vesela-farma-kolekcia","https://web.archive.org/web/20130102062009/http://www.press.sk:80/vesela-farma/vesela-farma-kolekcia","20130102062009","LISTING"
"http://www.press.sk:80/vesela-farma/vesela-farma-kolekcia","https://web.archive.org/web/20130330191014/http://www.press.sk:80/vesela-farma/vesela-farma-kolekcia","20130330191014","LISTING"
"http://www.press.sk:80/vesela-farma/vesela-farma-kolekcia","https://web.archive.org/web/20130529055249/http://www.press.sk:80/vesela-farma/vesela-farma-kolekcia","20130529055249","LISTING"
"http://www.press.sk:80/vesela-farma/vesela-farma-kolekcia/?","https://web.archive.org/web/20130529055838/http://www.press.sk:80/vesela-farma/vesela-farma-kolekcia/?","20130529055838","LISTING"
"http://www.press.sk/vesela-farma/vesela-farma-kolekcia/","https://web.archive.org/web/20130620112056/http://www.press.sk/vesela-farma/vesela-farma-kolekcia/","20130620112056","LISTING"
"http://www.press.sk/vesela-farma/vesela-farma-kolekcia/","https://web.archive.org/web/20131207072545/http://www.press.sk/vesela-farma/vesela-farma-kolekcia/","20131207072545","LISTING"
"http://www.press.sk:80/vesela-farma/vesela-farma-kolekcia/","https://web.archive.org/web/20140511004025/http://www.press.sk:80/vesela-farma/vesela-farma-kolekcia/","20140511004025","LISTING"
"http://www.press.sk:80/vesela-farma/vesela-farma-kolekcia/","https://web.archive.org/web/20141019215113/http://www.press.sk:80/vesela-farma/vesela-farma-kolekcia/","20141019215113","LISTING"
"http://www.press.sk:80/vesela-farma/vesela-farma-kolekcia","https://web.archive.org/web/20141121045254/http://www.press.sk:80/vesela-farma/vesela-farma-kolekcia","20141121045254","LISTING"
"http://www.press.sk:80/vesela-farma/vesela-farma-kolekcia/","https://web.archive.org/web/20141219131951/http://www.press.sk:80/vesela-farma/vesela-farma-kolekcia/","20141219131951","LISTING"
"http://www.press.sk:80/vesela-farma/vesela-farma-kolekcia","https://web.archive.org/web/20141221130750/http://www.press.sk:80/vesela-farma/vesela-farma-kolekcia","20141221130750","LISTING"
"http://www.press.sk:80/vesela-farma/vesela-farma-kolekcia","https://web.archive.org/web/20150121060602/http://www.press.sk:80/vesela-farma/vesela-farma-kolekcia","20150121060602","LISTING"
"http://www.press.sk:80/vhs/","https://web.archive.org/web/20081209073112/http://www.press.sk:80/vhs/","20081209073112","LISTING"
"http://www.press.sk:80/vhs/","https://web.archive.org/web/20090226193100/http://www.press.sk:80/vhs/","20090226193100","LISTING"
"http://www.press.sk:80/vhs/","https://web.archive.org/web/20090428134725/http://www.press.sk:80/vhs/","20090428134725","LISTING"
"http://www.press.sk:80/vhs/","https://web.archive.org/web/20090830205149/http://www.press.sk:80/vhs/","20090830205149","LISTING"
"http://www.press.sk:80/vhs/","https://web.archive.org/web/20091030111102/http://www.press.sk:80/vhs/","20091030111102","LISTING"
"http://www.press.sk:80/vhs/","https://web.archive.org/web/20091229225745/http://www.press.sk:80/vhs/","20091229225745","LISTING"
"http://www.press.sk:80/vhs/","https://web.archive.org/web/20100301032438/http://www.press.sk:80/vhs/","20100301032438","LISTING"
"http://www.press.sk:80/vhs/","https://web.archive.org/web/20100501124314/http://www.press.sk:80/vhs/","20100501124314","LISTING"
"http://www.press.sk:80/vhs/","https://web.archive.org/web/20100701043813/http://www.press.sk:80/vhs/","20100701043813","LISTING"
"http://www.press.sk:80/vhs/","https://web.archive.org/web/20100729170239/http://www.press.sk:80/vhs/","20100729170239","LISTING"
"http://www.press.sk:80/vhs/","https://web.archive.org/web/20100929035435/http://www.press.sk:80/vhs/","20100929035435","LISTING"
"http://www.press.sk:80/vhs/","https://web.archive.org/web/20101129041611/http://www.press.sk:80/vhs/","20101129041611","LISTING"
"http://www.press.sk:80/vhs/","https://web.archive.org/web/20101130110727/http://www.press.sk:80/vhs/","20101130110727","LISTING"
"http://www.press.sk:80/vhs/","https://web.archive.org/web/20110130024137/http://www.press.sk:80/vhs/","20110130024137","LISTING"
"http://www.press.sk:80/vhs/","https://web.archive.org/web/20110131033049/http://www.press.sk:80/vhs/","20110131033049","LISTING"
"http://www.press.sk:80/vhs/","https://web.archive.org/web/20110403034612/http://www.press.sk:80/vhs/","20110403034612","LISTING"
"http://www.press.sk:80/vhs/","https://web.archive.org/web/20110404091309/http://www.press.sk:80/vhs/","20110404091309","LISTING"
"http://www.press.sk:80/vhs/","https://web.archive.org/web/20110803164628/http://www.press.sk:80/vhs/","20110803164628","LISTING"
"http://www.press.sk:80/vhs/","https://web.archive.org/web/20111003021232/http://www.press.sk:80/vhs/","20111003021232","LISTING"
"http://www.press.sk:80/vhs/","https://web.archive.org/web/20120323140731/http://www.press.sk:80/vhs/","20120323140731","LISTING"
"http://www.press.sk/vhs/","https://web.archive.org/web/20130510204726/http://www.press.sk/vhs/","20130510204726","LISTING"
"http://www.press.sk/vhs/","https://web.archive.org/web/20140117021430/http://www.press.sk/vhs/","20140117021430","LISTING"
"http://www.press.sk:80/vhs/","https://web.archive.org/web/20140423083611/http://www.press.sk:80/vhs/","20140423083611","LISTING"
"http://www.press.sk:80/vhs/","https://web.archive.org/web/20140810071758/http://www.press.sk:80/vhs/","20140810071758","LISTING"
"http://www.press.sk:80/vhs/","https://web.archive.org/web/20150512103713/http://www.press.sk:80/vhs/","20150512103713","LISTING"
"http://www.press.sk:80/vhs/","https://web.archive.org/web/20160203085216/http://www.press.sk:80/vhs/","20160203085216","LISTING"
"http://www.press.sk:80/vhs/","https://web.archive.org/web/20160204001148/http://www.press.sk:80/vhs/","20160204001148","LISTING"
"http://www.press.sk/vhs/","https://web.archive.org/web/20160409054814/http://www.press.sk/vhs/","20160409054814","LISTING"
"http://www.press.sk:80/vhs/","https://web.archive.org/web/20160416064841/http://www.press.sk:80/vhs/","20160416064841","LISTING"
"http://www.press.sk:80/vojenska-letadla","https://web.archive.org/web/20120225042355/http://www.press.sk:80/vojenska-letadla","20120225042355","LISTING"
"http://www.press.sk:80/vojenska-letadla/","https://web.archive.org/web/20120226165456/http://www.press.sk:80/vojenska-letadla/","20120226165456","LISTING"
"http://www.press.sk:80/vojenska-letadla","https://web.archive.org/web/20120418160121/http://www.press.sk:80/vojenska-letadla","20120418160121","LISTING"
"http://www.press.sk:80/vojenska-letadla/","https://web.archive.org/web/20120427141135/http://www.press.sk:80/vojenska-letadla/","20120427141135","LISTING"
"http://www.press.sk:80/vojenska-letadla","https://web.archive.org/web/20120621042842/http://www.press.sk:80/vojenska-letadla","20120621042842","LISTING"
"http://www.press.sk:80/vojenska-letadla/","https://web.archive.org/web/20120627055516/http://www.press.sk:80/vojenska-letadla/","20120627055516","LISTING"
"http://www.press.sk:80/vojenska-letadla","https://web.archive.org/web/20120828003000/http://www.press.sk:80/vojenska-letadla","20120828003000","LISTING"
"http://www.press.sk:80/vojenska-letadla/","https://web.archive.org/web/20120828152147/http://www.press.sk:80/vojenska-letadla/","20120828152147","LISTING"
"http://www.press.sk:80/vojenska-letadla","https://web.archive.org/web/20121031142229/http://www.press.sk:80/vojenska-letadla","20121031142229","LISTING"
"http://www.press.sk:80/vojenska-letadla","https://web.archive.org/web/20121230020211/http://www.press.sk:80/vojenska-letadla","20121230020211","LISTING"
"http://www.press.sk/vojenska-letadla/","https://web.archive.org/web/20130510170339/http://www.press.sk/vojenska-letadla/","20130510170339","LISTING"
"http://www.press.sk:80/vojenska-letadla","https://web.archive.org/web/20130601070358/http://www.press.sk:80/vojenska-letadla","20130601070358","LISTING"
"http://www.press.sk:80/vojenska-letadla","https://web.archive.org/web/20140126000559/http://www.press.sk:80/vojenska-letadla","20140126000559","LISTING"
"http://www.press.sk:80/vojenska-letadla/","https://web.archive.org/web/20140127033234/http://www.press.sk:80/vojenska-letadla/","20140127033234","LISTING"
"http://www.press.sk:80/vojenska-letadla","https://web.archive.org/web/20140226070957/http://www.press.sk:80/vojenska-letadla","20140226070957","LISTING"
"http://www.press.sk:80/vojenska-letadla","https://web.archive.org/web/20140704093955/http://www.press.sk:80/vojenska-letadla","20140704093955","LISTING"
"http://www.press.sk:80/vojenska-letadla/","https://web.archive.org/web/20140804121548/http://www.press.sk:80/vojenska-letadla/","20140804121548","LISTING"
"http://www.press.sk:80/vojenska-letadla/","https://web.archive.org/web/20141013065625/http://www.press.sk:80/vojenska-letadla/","20141013065625","LISTING"
"http://www.press.sk:80/vojenska-letadla/","https://web.archive.org/web/20150310140753/http://www.press.sk:80/vojenska-letadla/","20150310140753","LISTING"
"http://www.press.sk:80/vojenska-letadla","https://web.archive.org/web/20151112173145/http://www.press.sk:80/vojenska-letadla","20151112173145","LISTING"
"http://www.press.sk:80/vojenska-letadla/","https://web.archive.org/web/20151116085535/http://www.press.sk:80/vojenska-letadla/","20151116085535","LISTING"
"http://www.press.sk:80/vojenska-letadla","https://web.archive.org/web/20151215141829/http://www.press.sk:80/vojenska-letadla","20151215141829","LISTING"
"http://www.press.sk:80/vojenska-letadla","https://web.archive.org/web/20160115070529/http://www.press.sk:80/vojenska-letadla","20160115070529","LISTING"
"http://www.press.sk:80/vojenska-letadla","https://web.archive.org/web/20160115221310/http://www.press.sk:80/vojenska-letadla","20160115221310","LISTING"
"http://www.press.sk:80/vojenska-letadla","https://web.archive.org/web/20160403011956/http://www.press.sk:80/vojenska-letadla","20160403011956","LISTING"
"http://www.press.sk:80/vojenska-letadla","https://web.archive.org/web/20160404031705/http://www.press.sk:80/vojenska-letadla","20160404031705","LISTING"
"http://www.press.sk:80/vojenska-letadla","https://web.archive.org/web/20160507143106/http://www.press.sk:80/vojenska-letadla","20160507143106","LISTING"
"http://www.press.sk:80/vojenska-letadla/","https://web.archive.org/web/20160518062455/http://www.press.sk:80/vojenska-letadla/","20160518062455","LISTING"
"http://www.press.sk/vojenska-letadla/","https://web.archive.org/web/20160802160345/http://www.press.sk/vojenska-letadla/","20160802160345","LISTING"
"http://www.press.sk:80/vojenska-letadla/","https://web.archive.org/web/20161231054749/http://www.press.sk:80/vojenska-letadla/","20161231054749","LISTING"
"http://www.press.sk:80/vojenska-letadla/o","a,30/,""""""""""""""""""""""""""""""""""""""""""""""""""""""""""""""""https://web.archive.org/web/20151113193406/http://www.press.sk:80/vojenska-letadla/o,a,30/","20151113193406","LISTING"
"http://www.press.sk:80/vojenska-letadla/o","a,30,30/,""""""""""""""""""""""""""""""""""""""""""""""""""""""""""""""""https://web.archive.org/web/20120226165301/http://www.press.sk:80/vojenska-letadla/o,a,30,30/","20120226165301","LISTING"
"http://www.press.sk:80/vojenska-letadla/o","a,30,30/,""""""""""""""""""""""""""""""""""""""""""""""""""""""""""""""""https://web.archive.org/web/20120622100842/http://www.press.sk:80/vojenska-letadla/o,a,30,30/","20120622100842","LISTING"
"http://www.press.sk/vojenska-letadla/o","a,30,30/,""""""""""""""""""""""""""""""""""""""""""""""""""""""""""""""""https://web.archive.org/web/20130620161956/http://www.press.sk/vojenska-letadla/o,a,30,30/","20130620161956","LISTING"
"http://www.press.sk:80/vojenska-letadla/o","a,30,30/,""""""""""""""""""""""""""""""""""""""""""""""""""""""""""""""""https://web.archive.org/web/20140127033239/http://www.press.sk:80/vojenska-letadla/o,a,30,30/","20140127033239","LISTING"
"http://www.press.sk:80/vojenska-letadla/o","a,30,30,""""""""""""""""""""""""""""""""""""""""""""""""""""""""""""""""https://web.archive.org/web/20151112173208/http://www.press.sk:80/vojenska-letadla/o,a,30,30","20151112173208","LISTING"
"http://www.press.sk:80/vojenska-letadla/o","a,30,30/,""""""""""""""""""""""""""""""""""""""""""""""""""""""""""""""""https://web.archive.org/web/20151113193451/http://www.press.sk:80/vojenska-letadla/o,a,30,30/","20151113193451","LISTING"
"http://www.press.sk:80/vojenska-letadla/o","a,30,30,""""""""""""""""""""""""""""""""""""""""""""""""""""""""""""""""https://web.archive.org/web/20151215134349/http://www.press.sk:80/vojenska-letadla/o,a,30,30","20151215134349","LISTING"
"http://www.press.sk:80/vojenska-letadla/o","a,30,30,""""""""""""""""""""""""""""""""""""""""""""""""""""""""""""""""https://web.archive.org/web/20160115073928/http://www.press.sk:80/vojenska-letadla/o,a,30,30","20160115073928","LISTING"
"http://www.press.sk:80/vojenska-letadla/o","a,30,30,""""""""""""""""""""""""""""""""""""""""""""""""""""""""""""""""https://web.archive.org/web/20160115221509/http://www.press.sk:80/vojenska-letadla/o,a,30,30","20160115221509","LISTING"
"http://www.press.sk:80/vojenska-letadla/o","a,30,30,""""""""""""""""""""""""""""""""""""""""""""""""""""""""""""""""https://web.archive.org/web/20160330120459/http://www.press.sk:80/vojenska-letadla/o,a,30,30","20160330120459","LISTING"
"http://www.press.sk:80/vojenska-letadla/o","a,30,30,""""""""""""""""""""""""""""""""""""""""""""""""""""""""""""""""https://web.archive.org/web/20160331202541/http://www.press.sk:80/vojenska-letadla/o,a,30,30","20160331202541","LISTING"
"http://www.press.sk:80/vojenska-letadla/o","a,30,30,""""""""""""""""""""""""""""""""""""""""""""""""""""""""""""""""https://web.archive.org/web/20160508085008/http://www.press.sk:80/vojenska-letadla/o,a,30,30","20160508085008","LISTING"
"http://www.press.sk/vojenska-letadla/o","a,30,60/,""""""""""""""""""""""""""""""""""""""""""""""""""""""""""""""""https://web.archive.org/web/20130620160652/http://www.press.sk/vojenska-letadla/o,a,30,60/","20130620160652","LISTING"
"http://www.press.sk:80/vojenska-letadla/o","a,30,60/,""""""""""""""""""""""""""""""""""""""""""""""""""""""""""""""""https://web.archive.org/web/20140127033243/http://www.press.sk:80/vojenska-letadla/o,a,30,60/","20140127033243","LISTING"
"http://www.press.sk:80/vojenska-technika-sveta","https://web.archive.org/web/20150906221946/http://www.press.sk:80/vojenska-technika-sveta","20150906221946","LISTING"
"http://www.press.sk:80/vojenska-technika-sveta/","https://web.archive.org/web/20150907181508/http://www.press.sk:80/vojenska-technika-sveta/","20150907181508","LISTING"
"http://www.press.sk:80/vojenska-technika-sveta/","https://web.archive.org/web/20150914092621/http://www.press.sk:80/vojenska-technika-sveta/","20150914092621","LISTING"
"http://www.press.sk:80/vojenska-technika-sveta","https://web.archive.org/web/20151008160908/http://www.press.sk:80/vojenska-technika-sveta","20151008160908","LISTING"
"http://www.press.sk:80/vojenska-technika-sveta","https://web.archive.org/web/20151108085415/http://www.press.sk:80/vojenska-technika-sveta","20151108085415","LISTING"
"http://www.press.sk:80/vojenska-technika-sveta/","https://web.archive.org/web/20151116085428/http://www.press.sk:80/vojenska-technika-sveta/","20151116085428","LISTING"
"http://www.press.sk:80/vojenska-technika-sveta","https://web.archive.org/web/20151208223108/http://www.press.sk:80/vojenska-technika-sveta","20151208223108","LISTING"
"http://www.press.sk:80/vojenska-technika-sveta","https://web.archive.org/web/20160108145824/http://www.press.sk:80/vojenska-technika-sveta","20160108145824","LISTING"
"http://www.press.sk:80/vojenska-technika-sveta/","https://web.archive.org/web/20160116024239/http://www.press.sk:80/vojenska-technika-sveta/","20160116024239","LISTING"
"http://www.press.sk:80/vojenska-technika-sveta","https://web.archive.org/web/20160208172223/http://www.press.sk:80/vojenska-technika-sveta","20160208172223","LISTING"
"http://www.press.sk:80/vojenska-technika-sveta","https://web.archive.org/web/20160310043151/http://www.press.sk:80/vojenska-technika-sveta","20160310043151","LISTING"
"http://www.press.sk:80/vojenska-technika-sveta/","https://web.archive.org/web/20160317074721/http://www.press.sk:80/vojenska-technika-sveta/","20160317074721","LISTING"
"http://www.press.sk/vojenska-technika-sveta/","https://web.archive.org/web/20160324105604/http://www.press.sk/vojenska-technika-sveta/","20160324105604","LISTING"
"http://www.press.sk:80/vojenska-technika-sveta","https://web.archive.org/web/20160410012012/http://www.press.sk:80/vojenska-technika-sveta","20160410012012","LISTING"
"http://www.press.sk:80/vojenska-technika-sveta","https://web.archive.org/web/20160514165119/http://www.press.sk:80/vojenska-technika-sveta","20160514165119","LISTING"
"http://www.press.sk:80/vojenska-technika-sveta/","https://web.archive.org/web/20160517090045/http://www.press.sk:80/vojenska-technika-sveta/","20160517090045","LISTING"
"http://www.press.sk:80/vojenska-technika-sveta","https://web.archive.org/web/20160614193722/http://www.press.sk:80/vojenska-technika-sveta","20160614193722","LISTING"
"http://www.press.sk/vojenska-technika-sveta/","https://web.archive.org/web/20160623183940/http://www.press.sk/vojenska-technika-sveta/","20160623183940","LISTING"
"http://www.press.sk:80/vojenska-technika-sveta","https://web.archive.org/web/20160715104051/http://www.press.sk:80/vojenska-technika-sveta","20160715104051","LISTING"
"http://www.press.sk:80/vojenska-technika-sveta/","https://web.archive.org/web/20160717145702/http://www.press.sk:80/vojenska-technika-sveta/","20160717145702","LISTING"
"http://www.press.sk:80/vojenska-technika-sveta","https://web.archive.org/web/20160815194546/http://www.press.sk:80/vojenska-technika-sveta","20160815194546","LISTING"
"http://www.press.sk:80/vojenska-technika-sveta/","https://web.archive.org/web/20160916132119/http://www.press.sk:80/vojenska-technika-sveta/","20160916132119","LISTING"
"http://www.press.sk:80/vojenska-technika-sveta/?","https://web.archive.org/web/20161017195857/http://www.press.sk:80/vojenska-technika-sveta/?","20161017195857","LISTING"
"http://www.press.sk/vojenska-technika-sveta/","https://web.archive.org/web/20161030104637/http://www.press.sk/vojenska-technika-sveta/","20161030104637","LISTING"
"http://www.press.sk:80/vojenska-technika-sveta/","https://web.archive.org/web/20161117042522/http://www.press.sk:80/vojenska-technika-sveta/","20161117042522","LISTING"
"http://www.press.sk:80/vojenska-technika-sveta/?","https://web.archive.org/web/20161118010350/http://www.press.sk:80/vojenska-technika-sveta/?","20161118010350","LISTING"
"http://www.press.sk:80/vojenska-technika-sveta/","https://web.archive.org/web/20161207090622/http://www.press.sk:80/vojenska-technika-sveta/","20161207090622","LISTING"
"http://www.press.sk:80/vojenska-technika-sveta-272/","https://web.archive.org/web/20170113220509/http://www.press.sk:80/vojenska-technika-sveta-272/","20170113220509","LISTING"
"http://www.press.sk:80/vojenska-technika-sveta-272/","https://web.archive.org/web/20170205172221/http://www.press.sk:80/vojenska-technika-sveta-272/","20170205172221","LISTING"
"http://www.press.sk:80/vojenska-technika-sveta-272","https://web.archive.org/web/20170330210621/http://www.press.sk:80/vojenska-technika-sveta-272","20170330210621","LISTING"
"http://www.press.sk:80/vojenska-technika-sveta-272/","https://web.archive.org/web/20170407004217/http://www.press.sk:80/vojenska-technika-sveta-272/","20170407004217","LISTING"
"http://www.press.sk:80/vojenska-technika-sveta-272/","https://web.archive.org/web/20170411200740/http://www.press.sk:80/vojenska-technika-sveta-272/","20170411200740","LISTING"
"http://www.press.sk:80/vojenska-technika-sveta-272","https://web.archive.org/web/20170514202252/http://www.press.sk:80/vojenska-technika-sveta-272","20170514202252","LISTING"
"http://www.press.sk:80/vojenska-technika-sveta-272","https://web.archive.org/web/20170528173335/http://www.press.sk:80/vojenska-technika-sveta-272","20170528173335","LISTING"
"http://www.press.sk/vojenska-technika-sveta-272/","https://web.archive.org/web/20170608064602/http://www.press.sk/vojenska-technika-sveta-272/","20170608064602","LISTING"
"http://www.press.sk:80/vojenska-technika-sveta-272/","https://web.archive.org/web/20170611102504/http://www.press.sk:80/vojenska-technika-sveta-272/","20170611102504","LISTING"
"http://www.press.sk:80/vojnovy-roman/","https://web.archive.org/web/20081020212105/http://www.press.sk:80/vojnovy-roman/","20081020212105","LISTING"
"http://www.press.sk:80/vojnovy-roman/","https://web.archive.org/web/20090222172010/http://www.press.sk:80/vojnovy-roman/","20090222172010","LISTING"
"http://www.press.sk:80/vojnovy-roman","https://web.archive.org/web/20090525094539/http://www.press.sk:80/vojnovy-roman","20090525094539","LISTING"
"http://www.press.sk:80/vojnovy-roman/","https://web.archive.org/web/20090625105038/http://www.press.sk:80/vojnovy-roman/","20090625105038","LISTING"
"http://www.press.sk:80/vojnovy-roman/","https://web.archive.org/web/20090831012437/http://www.press.sk:80/vojnovy-roman/","20090831012437","LISTING"
"http://www.press.sk:80/vojnovy-roman/","https://web.archive.org/web/20091030102314/http://www.press.sk:80/vojnovy-roman/","20091030102314","LISTING"
"http://www.press.sk:80/vojnovy-roman/","https://web.archive.org/web/20091229221746/http://www.press.sk:80/vojnovy-roman/","20091229221746","LISTING"
"http://www.press.sk:80/vojnovy-roman","https://web.archive.org/web/20100107154458/http://www.press.sk:80/vojnovy-roman","20100107154458","LISTING"
"http://www.press.sk:80/vojnovy-roman/","https://web.archive.org/web/20100301032444/http://www.press.sk:80/vojnovy-roman/","20100301032444","LISTING"
"http://www.press.sk:80/vojnovy-roman/","https://web.archive.org/web/20100501024752/http://www.press.sk:80/vojnovy-roman/","20100501024752","LISTING"
"http://www.press.sk:80/vojnovy-roman/","https://web.archive.org/web/20100701044133/http://www.press.sk:80/vojnovy-roman/","20100701044133","LISTING"
"http://www.press.sk:80/vojnovy-roman/","https://web.archive.org/web/20100901091037/http://www.press.sk:80/vojnovy-roman/","20100901091037","LISTING"
"http://www.press.sk:80/vojnovy-roman/","https://web.archive.org/web/20101124001051/http://www.press.sk:80/vojnovy-roman/","20101124001051","LISTING"
"http://www.press.sk:80/vojnovy-roman/","https://web.archive.org/web/20110126074357/http://www.press.sk:80/vojnovy-roman/","20110126074357","LISTING"
"http://www.press.sk:80/vojnovy-roman/","https://web.archive.org/web/20110530014807/http://www.press.sk:80/vojnovy-roman/","20110530014807","LISTING"
"http://www.press.sk:80/vojnovy-roman/","https://web.archive.org/web/20110730021629/http://www.press.sk:80/vojnovy-roman/","20110730021629","LISTING"
"http://www.press.sk:80/vojnovy-roman/","https://web.archive.org/web/20111112172159/http://www.press.sk:80/vojnovy-roman/","20111112172159","LISTING"
"http://www.press.sk:80/vojnovy-roman/","https://web.archive.org/web/20120603203706/http://www.press.sk:80/vojnovy-roman/","20120603203706","LISTING"
"http://www.press.sk:80/vojnovy-roman/","https://web.archive.org/web/20120825035751/http://www.press.sk:80/vojnovy-roman/","20120825035751","LISTING"
"http://www.press.sk:80/vojnovy-roman/","https://web.archive.org/web/20121208022815/http://www.press.sk:80/vojnovy-roman/","20121208022815","LISTING"
"http://www.press.sk:80/vojnovy-roman/","https://web.archive.org/web/20130324060350/http://www.press.sk:80/vojnovy-roman/","20130324060350","LISTING"
"http://www.press.sk/vojnovy-roman/","https://web.archive.org/web/20130511022431/http://www.press.sk/vojnovy-roman/","20130511022431","LISTING"
"http://www.press.sk:80/vojnovy-roman/","https://web.archive.org/web/20130524084600/http://www.press.sk:80/vojnovy-roman/","20130524084600","LISTING"
"http://www.press.sk:80/vojnovy-roman/","https://web.archive.org/web/20130825034038/http://www.press.sk:80/vojnovy-roman/","20130825034038","LISTING"
"http://www.press.sk:80/vojnovy-roman/","https://web.archive.org/web/20140313141150/http://www.press.sk:80/vojnovy-roman/","20140313141150","LISTING"
"http://www.press.sk:80/vojnovy-roman/","https://web.archive.org/web/20140520031212/http://www.press.sk:80/vojnovy-roman/","20140520031212","LISTING"
"http://www.press.sk:80/vojnovy-roman/","https://web.archive.org/web/20140720202426/http://www.press.sk:80/vojnovy-roman/","20140720202426","LISTING"
"http://www.press.sk:80/vojnovy-roman/","https://web.archive.org/web/20150311042750/http://www.press.sk:80/vojnovy-roman/","20150311042750","LISTING"
"http://www.press.sk:80/vojnovy-roman/","https://web.archive.org/web/20150515034824/http://www.press.sk:80/vojnovy-roman/","20150515034824","LISTING"
"http://www.press.sk:80/vojnovy-roman/","https://web.archive.org/web/20150822004934/http://www.press.sk:80/vojnovy-roman/","20150822004934","LISTING"
"http://www.press.sk:80/vojnovy-roman/","https://web.archive.org/web/20151030094056/http://www.press.sk:80/vojnovy-roman/","20151030094056","LISTING"
"http://www.press.sk:80/vojnovy-roman/","https://web.archive.org/web/20160221192044/http://www.press.sk:80/vojnovy-roman/","20160221192044","LISTING"
"http://www.press.sk/vojnovy-roman/","https://web.archive.org/web/20160407190738/http://www.press.sk/vojnovy-roman/","20160407190738","LISTING"
"http://www.press.sk:80/vojnovy-roman/","https://web.archive.org/web/20160507085202/http://www.press.sk:80/vojnovy-roman/","20160507085202","LISTING"
"http://www.press.sk/vojnovy-roman/","https://web.archive.org/web/20160624004055/http://www.press.sk/vojnovy-roman/","20160624004055","LISTING"
"http://www.press.sk/vojnovy-roman/","https://web.archive.org/web/20170406145740/http://www.press.sk/vojnovy-roman/","20170406145740","LISTING"
"http://www.press.sk:80/vojnovy-roman/n","a,30/,""""""""""""""""""""""""""""""""""""""""""""""""""""""""""""""""https://web.archive.org/web/20090527012329/http://www.press.sk:80/vojnovy-roman/n,a,30/","20090527012329","LISTING"
"http://www.press.sk:80/vojnovy-roman/n","a,30,30,""""""""""""""""""""""""""""""""""""""""""""""""""""""""""""""""https://web.archive.org/web/20090525094546/http://www.press.sk:80/vojnovy-roman/n,a,30,30","20090525094546","LISTING"
"http://www.press.sk:80/vojnovy-roman/n","a,30,30/,""""""""""""""""""""""""""""""""""""""""""""""""""""""""""""""""https://web.archive.org/web/20090527030222/http://www.press.sk:80/vojnovy-roman/n,a,30,30/","20090527030222","LISTING"
"http://www.press.sk:80/vojnovy-roman/n","a,30,30,""""""""""""""""""""""""""""""""""""""""""""""""""""""""""""""""https://web.archive.org/web/20100107131614/http://www.press.sk:80/vojnovy-roman/n,a,30,30","20100107131614","LISTING"
"http://www.press.sk:80/vojnovy-roman/n","a,30,60,""""""""""""""""""""""""""""""""""""""""""""""""""""""""""""""""https://web.archive.org/web/20090525094632/http://www.press.sk:80/vojnovy-roman/n,a,30,60","20090525094632","LISTING"
"http://www.press.sk:80/vojnovy-roman/n","a,30,60/,""""""""""""""""""""""""""""""""""""""""""""""""""""""""""""""""https://web.archive.org/web/20090527030226/http://www.press.sk:80/vojnovy-roman/n,a,30,60/","20090527030226","LISTING"
"http://www.press.sk:80/vojnovy-roman/n","a,30,60,""""""""""""""""""""""""""""""""""""""""""""""""""""""""""""""""https://web.archive.org/web/20100110115737/http://www.press.sk:80/vojnovy-roman/n,a,30,60","20100110115737","LISTING"
"http://www.press.sk/vojnovy-roman/o","a,30,30/,""""""""""""""""""""""""""""""""""""""""""""""""""""""""""""""""https://web.archive.org/web/20130622232058/http://www.press.sk/vojnovy-roman/o,a,30,30/","20130622232058","LISTING"
"http://www.press.sk/vojnovy-roman/o","a,30,60/,""""""""""""""""""""""""""""""""""""""""""""""""""""""""""""""""https://web.archive.org/web/20130622234041/http://www.press.sk/vojnovy-roman/o,a,30,60/","20130622234041","LISTING"
"http://www.press.sk:80/vojny-20.storocia","https://web.archive.org/web/20091130004033/http://www.press.sk:80/vojny-20.storocia","20091130004033","LISTING"
"http://www.press.sk:80/vojny-20.storocia/","https://web.archive.org/web/20091212091713/http://www.press.sk:80/vojny-20.storocia/","20091212091713","LISTING"
"http://www.press.sk:80/vojny-20.storocia","https://web.archive.org/web/20100106013343/http://www.press.sk:80/vojny-20.storocia","20100106013343","LISTING"
"http://www.press.sk:80/vojny-20.storocia","https://web.archive.org/web/20100107033058/http://www.press.sk:80/vojny-20.storocia","20100107033058","LISTING"
"http://www.press.sk:80/vojny-20.storocia/","https://web.archive.org/web/20100212020612/http://www.press.sk:80/vojny-20.storocia/","20100212020612","LISTING"
"http://www.press.sk:80/vojny-20.storocia/","https://web.archive.org/web/20100927080442/http://www.press.sk:80/vojny-20.storocia/","20100927080442","LISTING"
"http://www.press.sk:80/vojny-20.storocia","https://web.archive.org/web/20110606005304/http://www.press.sk:80/vojny-20.storocia","20110606005304","LISTING"
"http://www.press.sk:80/vojny-20.storocia/","https://web.archive.org/web/20110606072829/http://www.press.sk:80/vojny-20.storocia/","20110606072829","LISTING"
"http://www.press.sk:80/vojny-20.storocia","https://web.archive.org/web/20110708000440/http://www.press.sk:80/vojny-20.storocia","20110708000440","LISTING"
"http://www.press.sk:80/vojny-20.storocia/","https://web.archive.org/web/20110806002331/http://www.press.sk:80/vojny-20.storocia/","20110806002331","LISTING"
"http://www.press.sk:80/vojny-20.storocia","https://web.archive.org/web/20110808055735/http://www.press.sk:80/vojny-20.storocia","20110808055735","LISTING"
"http://www.press.sk:80/vojny-20.storocia/n","a,30,""""""""""""""""""""""""""""""""""""""""""""""""""""""""""""""""https://web.archive.org/web/20091205190335/http://www.press.sk:80/vojny-20.storocia/n,a,30","20091205190335","LISTING"
"http://www.press.sk:80/vojny-20.storocia/n","a,30,""""""""""""""""""""""""""""""""""""""""""""""""""""""""""""""""https://web.archive.org/web/20100110094821/http://www.press.sk:80/vojny-20.storocia/n,a,30","20100110094821","LISTING"
"http://www.press.sk:80/vojny-20.storocia/n","a,30,""""""""""""""""""""""""""""""""""""""""""""""""""""""""""""""""https://web.archive.org/web/20091205190354/http://www.press.sk:80/vojny-20.storocia/n,a,30","20091205190354","LISTING"
"http://www.press.sk:80/vojny-20.storocia/n","a,30/,""""""""""""""""""""""""""""""""""""""""""""""""""""""""""""""""https://web.archive.org/web/20091212085112/http://www.press.sk:80/vojny-20.storocia/n,a,30/","20091212085112","LISTING"
"http://www.press.sk:80/vojny-20.storocia/n","a,30,""""""""""""""""""""""""""""""""""""""""""""""""""""""""""""""""https://web.archive.org/web/20100126050529/http://www.press.sk:80/vojny-20.storocia/n,a,30","20100126050529","LISTING"
"http://www.press.sk:80/vojny-20.storocia/n","a,30/,""""""""""""""""""""""""""""""""""""""""""""""""""""""""""""""""https://web.archive.org/web/20100211194702/http://www.press.sk:80/vojny-20.storocia/n,a,30/","20100211194702","LISTING"
"http://www.press.sk:80/vojny-20.storocia/n","a,30,30,""""""""""""""""""""""""""""""""""""""""""""""""""""""""""""""""https://web.archive.org/web/20091205190400/http://www.press.sk:80/vojny-20.storocia/n,a,30,30","20091205190400","LISTING"
"http://www.press.sk:80/vojny-20.storocia/n","a,30,30/,""""""""""""""""""""""""""""""""""""""""""""""""""""""""""""""""https://web.archive.org/web/20091212085116/http://www.press.sk:80/vojny-20.storocia/n,a,30,30/","20091212085116","LISTING"
"http://www.press.sk:80/vojny-20.storocia/n","a,30,30,""""""""""""""""""""""""""""""""""""""""""""""""""""""""""""""""https://web.archive.org/web/20100106120654/http://www.press.sk:80/vojny-20.storocia/n,a,30,30","20100106120654","LISTING"
"http://www.press.sk:80/vojny-20.storocia/n","a,30,30/,""""""""""""""""""""""""""""""""""""""""""""""""""""""""""""""""https://web.archive.org/web/20100214034904/http://www.press.sk:80/vojny-20.storocia/n,a,30,30/","20100214034904","LISTING"
"http://www.press.sk:80/vojny-20.storocia/n","a,30,60,""""""""""""""""""""""""""""""""""""""""""""""""""""""""""""""""https://web.archive.org/web/20091205190427/http://www.press.sk:80/vojny-20.storocia/n,a,30,60","20091205190427","LISTING"
"http://www.press.sk:80/vojny-20.storocia/n","a,30,60/,""""""""""""""""""""""""""""""""""""""""""""""""""""""""""""""""https://web.archive.org/web/20091212085122/http://www.press.sk:80/vojny-20.storocia/n,a,30,60/","20091212085122","LISTING"
"http://www.press.sk:80/vojny-20.storocia/n","a,30,60,""""""""""""""""""""""""""""""""""""""""""""""""""""""""""""""""https://web.archive.org/web/20100125104255/http://www.press.sk:80/vojny-20.storocia/n,a,30,60","20100125104255","LISTING"
"http://www.press.sk:80/vojny-20.storocia/n","a,30,60/,""""""""""""""""""""""""""""""""""""""""""""""""""""""""""""""""https://web.archive.org/web/20100211201339/http://www.press.sk:80/vojny-20.storocia/n,a,30,60/","20100211201339","LISTING"
"http://www.press.sk:80/vojny-20.storocia/n","a,30,90,""""""""""""""""""""""""""""""""""""""""""""""""""""""""""""""""https://web.archive.org/web/20091205190331/http://www.press.sk:80/vojny-20.storocia/n,a,30,90","20091205190331","LISTING"
"http://www.press.sk:80/vojny-20.storocia/n","a,30,90/,""""""""""""""""""""""""""""""""""""""""""""""""""""""""""""""""https://web.archive.org/web/20091212085126/http://www.press.sk:80/vojny-20.storocia/n,a,30,90/","20091212085126","LISTING"
"http://www.press.sk:80/vojny-20.storocia/n","a,30,90,""""""""""""""""""""""""""""""""""""""""""""""""""""""""""""""""https://web.archive.org/web/20100110172907/http://www.press.sk:80/vojny-20.storocia/n,a,30,90","20100110172907","LISTING"
"http://www.press.sk:80/vojny-20.storocia/n","a,30,90/,""""""""""""""""""""""""""""""""""""""""""""""""""""""""""""""""https://web.archive.org/web/20100212001155/http://www.press.sk:80/vojny-20.storocia/n,a,30,90/","20100212001155","LISTING"
"http://www.press.sk:80/vojny-20.storocia/p","a,30,""""""""""""""""""""""""""""""""""""""""""""""""""""""""""""""""https://web.archive.org/web/20091205190459/http://www.press.sk:80/vojny-20.storocia/p,a,30","20091205190459","LISTING"
"http://www.press.sk:80/vojny-20.storocia/p","a,30,""""""""""""""""""""""""""""""""""""""""""""""""""""""""""""""""https://web.archive.org/web/20100109113706/http://www.press.sk:80/vojny-20.storocia/p,a,30","20100109113706","LISTING"
"http://www.press.sk:80/vojny-20.storocia/p","a,30,30/,""""""""""""""""""""""""""""""""""""""""""""""""""""""""""""""""https://web.archive.org/web/20091207013618/http://www.press.sk:80/vojny-20.storocia/p,a,30,30/","20091207013618","LISTING"
"http://www.press.sk:80/vojny-20.storocia/p","a,30,60/,""""""""""""""""""""""""""""""""""""""""""""""""""""""""""""""""https://web.archive.org/web/20091207034446/http://www.press.sk:80/vojny-20.storocia/p,a,30,60/","20091207034446","LISTING"
"http://www.press.sk:80/vojny-20.storocia/p","a,30,90,""""""""""""""""""""""""""""""""""""""""""""""""""""""""""""""""https://web.archive.org/web/20091205190728/http://www.press.sk:80/vojny-20.storocia/p,a,30,90","20091205190728","LISTING"
"http://www.press.sk:80/vojny-20.storocia/p","a,30,90/,""""""""""""""""""""""""""""""""""""""""""""""""""""""""""""""""https://web.archive.org/web/20091207013622/http://www.press.sk:80/vojny-20.storocia/p,a,30,90/","20091207013622","LISTING"
"http://www.press.sk:80/vojny-20.storocia/p","a,30,90,""""""""""""""""""""""""""""""""""""""""""""""""""""""""""""""""https://web.archive.org/web/20100107144629/http://www.press.sk:80/vojny-20.storocia/p,a,30,90","20100107144629","LISTING"
"http://www.press.sk:80/volker-ruff/","https://web.archive.org/web/20160517234526/http://www.press.sk:80/volker-ruff/","20160517234526","LISTING"
"http://www.press.sk:80/volker-ruff/","https://web.archive.org/web/20160519000611/http://www.press.sk:80/volker-ruff/","20160519000611","LISTING"
"http://www.press.sk/volker-ruff/","https://web.archive.org/web/20170405205606/http://www.press.sk/volker-ruff/","20170405205606","LISTING"
"http://www.press.sk:80/vseobecna/","https://web.archive.org/web/20081022071512/http://www.press.sk:80/vseobecna/","20081022071512","LISTING"
"http://www.press.sk:80/vseobecna/","https://web.archive.org/web/20081223180907/http://www.press.sk:80/vseobecna/","20081223180907","LISTING"
"http://www.press.sk:80/vseobecna/","https://web.archive.org/web/20090222155641/http://www.press.sk:80/vseobecna/","20090222155641","LISTING"
"http://www.press.sk:80/vseobecna/","https://web.archive.org/web/20100211042725/http://www.press.sk:80/vseobecna/","20100211042725","LISTING"
"http://www.press.sk:80/vseobecna/","https://web.archive.org/web/20100417054211/http://www.press.sk:80/vseobecna/","20100417054211","LISTING"
"http://www.press.sk:80/vseobecna/","https://web.archive.org/web/20100618050950/http://www.press.sk:80/vseobecna/","20100618050950","LISTING"
"http://www.press.sk:80/vseobecna/","https://web.archive.org/web/20110419150608/http://www.press.sk:80/vseobecna/","20110419150608","LISTING"
"http://www.press.sk:80/vseobecna/","https://web.archive.org/web/20110912083326/http://www.press.sk:80/vseobecna/","20110912083326","LISTING"
"http://www.press.sk:80/vseobecna/","https://web.archive.org/web/20111204213908/http://www.press.sk:80/vseobecna/","20111204213908","LISTING"
"http://www.press.sk:80/vseobecna/","https://web.archive.org/web/20120704194050/http://www.press.sk:80/vseobecna/","20120704194050","LISTING"
"http://www.press.sk:80/vseobecna/","https://web.archive.org/web/20121209050636/http://www.press.sk:80/vseobecna/","20121209050636","LISTING"
"http://www.press.sk/vseobecna/","https://web.archive.org/web/20130511041203/http://www.press.sk/vseobecna/","20130511041203","LISTING"
"http://www.press.sk:80/vseobecna/","https://web.archive.org/web/20140810053256/http://www.press.sk:80/vseobecna/","20140810053256","LISTING"
"http://www.press.sk:80/vseobecna/","https://web.archive.org/web/20150203032735/http://www.press.sk:80/vseobecna/","20150203032735","LISTING"
"http://www.press.sk:80/vseobecna/","https://web.archive.org/web/20150313163416/http://www.press.sk:80/vseobecna/","20150313163416","LISTING"
"http://www.press.sk/vseobecna/","https://web.archive.org/web/20160411043434/http://www.press.sk/vseobecna/","20160411043434","LISTING"
"http://www.press.sk:80/vseobecna/","https://web.archive.org/web/20160527123415/http://www.press.sk:80/vseobecna/","20160527123415","LISTING"
"http://www.press.sk:80/vseobecna/","https://web.archive.org/web/20170315192725/http://www.press.sk:80/vseobecna/","20170315192725","LISTING"
"http://www.press.sk/vseobecna/","https://web.archive.org/web/20170406063903/http://www.press.sk/vseobecna/","20170406063903","LISTING"
"http://www.press.sk/vseobecna/o","a,30,120/,""""""""""""""""""""""""""""""""""""""""""""""""""""""""""""""""https://web.archive.org/web/20130623212620/http://www.press.sk/vseobecna/o,a,30,120/","20130623212620","LISTING"
"http://www.press.sk/vseobecna/o","a,30,30/,""""""""""""""""""""""""""""""""""""""""""""""""""""""""""""""""https://web.archive.org/web/20130623210722/http://www.press.sk/vseobecna/o,a,30,30/","20130623210722","LISTING"
"http://www.press.sk/vseobecna/o","a,30,480/,""""""""""""""""""""""""""""""""""""""""""""""""""""""""""""""""https://web.archive.org/web/20130623212049/http://www.press.sk/vseobecna/o,a,30,480/","20130623212049","LISTING"
"http://www.press.sk/vseobecna/o","a,30,510/,""""""""""""""""""""""""""""""""""""""""""""""""""""""""""""""""https://web.archive.org/web/20130623205737/http://www.press.sk/vseobecna/o,a,30,510/","20130623205737","LISTING"
"http://www.press.sk/vseobecna/o","a,30,60/,""""""""""""""""""""""""""""""""""""""""""""""""""""""""""""""""https://web.archive.org/web/20130623204604/http://www.press.sk/vseobecna/o,a,30,60/","20130623204604","LISTING"
"http://www.press.sk/vseobecna/o","a,30,90/,""""""""""""""""""""""""""""""""""""""""""""""""""""""""""""""""https://web.archive.org/web/20130623214241/http://www.press.sk/vseobecna/o,a,30,90/","20130623214241","LISTING"
"http://www.press.sk:80/vychova-vzdelavanie/","https://web.archive.org/web/20081203142050/http://www.press.sk:80/vychova-vzdelavanie/","20081203142050","LISTING"
"http://www.press.sk:80/vychova-vzdelavanie/","https://web.archive.org/web/20081217131358/http://www.press.sk:80/vychova-vzdelavanie/","20081217131358","LISTING"
"http://www.press.sk:80/vychova-vzdelavanie/","https://web.archive.org/web/20090217054839/http://www.press.sk:80/vychova-vzdelavanie/","20090217054839","LISTING"
"http://www.press.sk:80/vychova-vzdelavanie/","https://web.archive.org/web/20090418214848/http://www.press.sk:80/vychova-vzdelavanie/","20090418214848","LISTING"
"http://www.press.sk:80/vychova-vzdelavanie/","https://web.archive.org/web/20090618113344/http://www.press.sk:80/vychova-vzdelavanie/","20090618113344","LISTING"
"http://www.press.sk:80/vychova-vzdelavanie/","https://web.archive.org/web/20090822021257/http://www.press.sk:80/vychova-vzdelavanie/","20090822021257","LISTING"
"http://www.press.sk:80/vychova-vzdelavanie/","https://web.archive.org/web/20091021163757/http://www.press.sk:80/vychova-vzdelavanie/","20091021163757","LISTING"
"http://www.press.sk:80/vychova-vzdelavanie/","https://web.archive.org/web/20091221093152/http://www.press.sk:80/vychova-vzdelavanie/","20091221093152","LISTING"
"http://www.press.sk:80/vychova-vzdelavanie/","https://web.archive.org/web/20100220014908/http://www.press.sk:80/vychova-vzdelavanie/","20100220014908","LISTING"
"http://www.press.sk:80/vychova-vzdelavanie/","https://web.archive.org/web/20100221033253/http://www.press.sk:80/vychova-vzdelavanie/","20100221033253","LISTING"
"http://www.press.sk:80/vychova-vzdelavanie/","https://web.archive.org/web/20100423063744/http://www.press.sk:80/vychova-vzdelavanie/","20100423063744","LISTING"
"http://www.press.sk:80/vychova-vzdelavanie/","https://web.archive.org/web/20100623021106/http://www.press.sk:80/vychova-vzdelavanie/","20100623021106","LISTING"
"http://www.press.sk:80/vychova-vzdelavanie/","https://web.archive.org/web/20100624090414/http://www.press.sk:80/vychova-vzdelavanie/","20100624090414","LISTING"
"http://www.press.sk:80/vychova-vzdelavanie/","https://web.archive.org/web/20100824060223/http://www.press.sk:80/vychova-vzdelavanie/","20100824060223","LISTING"
"http://www.press.sk:80/vychova-vzdelavanie","https://web.archive.org/web/20101011204800/http://www.press.sk:80/vychova-vzdelavanie","20101011204800","LISTING"
"http://www.press.sk:80/vychova-vzdelavanie/","https://web.archive.org/web/20101024011421/http://www.press.sk:80/vychova-vzdelavanie/","20101024011421","LISTING"
"http://www.press.sk:80/vychova-vzdelavanie/","https://web.archive.org/web/20101025063004/http://www.press.sk:80/vychova-vzdelavanie/","20101025063004","LISTING"
"http://www.press.sk:80/vychova-vzdelavanie","https://web.archive.org/web/20101112112656/http://www.press.sk:80/vychova-vzdelavanie","20101112112656","LISTING"
"http://www.press.sk:80/vychova-vzdelavanie","https://web.archive.org/web/20101216072005/http://www.press.sk:80/vychova-vzdelavanie","20101216072005","LISTING"
"http://www.press.sk:80/vychova-vzdelavanie/","https://web.archive.org/web/20101226034149/http://www.press.sk:80/vychova-vzdelavanie/","20101226034149","LISTING"
"http://www.press.sk:80/vychova-vzdelavanie/","https://web.archive.org/web/20110225015952/http://www.press.sk:80/vychova-vzdelavanie/","20110225015952","LISTING"
"http://www.press.sk:80/vychova-vzdelavanie","https://web.archive.org/web/20110418115050/http://www.press.sk:80/vychova-vzdelavanie","20110418115050","LISTING"
"http://www.press.sk:80/vychova-vzdelavanie/","https://web.archive.org/web/20110427054557/http://www.press.sk:80/vychova-vzdelavanie/","20110427054557","LISTING"
"http://www.press.sk:80/vychova-vzdelavanie","https://web.archive.org/web/20110520144650/http://www.press.sk:80/vychova-vzdelavanie","20110520144650","LISTING"
"http://www.press.sk:80/vychova-vzdelavanie","https://web.archive.org/web/20110622193119/http://www.press.sk:80/vychova-vzdelavanie","20110622193119","LISTING"
"http://www.press.sk:80/vychova-vzdelavanie/","https://web.archive.org/web/20110627144353/http://www.press.sk:80/vychova-vzdelavanie/","20110627144353","LISTING"
"http://www.press.sk:80/vychova-vzdelavanie/","https://web.archive.org/web/20110828002410/http://www.press.sk:80/vychova-vzdelavanie/","20110828002410","LISTING"
"http://www.press.sk:80/vychova-vzdelavanie","https://web.archive.org/web/20110831010534/http://www.press.sk:80/vychova-vzdelavanie","20110831010534","LISTING"
"http://www.press.sk:80/vychova-vzdelavanie","https://web.archive.org/web/20110913013518/http://www.press.sk:80/vychova-vzdelavanie","20110913013518","LISTING"
"http://www.press.sk:80/vychova-vzdelavanie/","https://web.archive.org/web/20111028114228/http://www.press.sk:80/vychova-vzdelavanie/","20111028114228","LISTING"
"http://www.press.sk:80/vychova-vzdelavanie/","https://web.archive.org/web/20111228001940/http://www.press.sk:80/vychova-vzdelavanie/","20111228001940","LISTING"
"http://www.press.sk:80/vychova-vzdelavanie/","https://web.archive.org/web/20120226180615/http://www.press.sk:80/vychova-vzdelavanie/","20120226180615","LISTING"
"http://www.press.sk:80/vychova-vzdelavanie/","https://web.archive.org/web/20120427113728/http://www.press.sk:80/vychova-vzdelavanie/","20120427113728","LISTING"
"http://www.press.sk:80/vychova-vzdelavanie/","https://web.archive.org/web/20120627091947/http://www.press.sk:80/vychova-vzdelavanie/","20120627091947","LISTING"
"http://www.press.sk:80/vychova-vzdelavanie/","https://web.archive.org/web/20120829222827/http://www.press.sk:80/vychova-vzdelavanie/","20120829222827","LISTING"
"http://www.press.sk:80/vychova-vzdelavanie/","https://web.archive.org/web/20121029201300/http://www.press.sk:80/vychova-vzdelavanie/","20121029201300","LISTING"
"http://www.press.sk/vychova-vzdelavanie/","https://web.archive.org/web/20130425031718/http://www.press.sk/vychova-vzdelavanie/","20130425031718","LISTING"
"http://www.press.sk:80/vychova-vzdelavanie/","https://web.archive.org/web/20130711075512/http://www.press.sk:80/vychova-vzdelavanie/","20130711075512","LISTING"
"http://www.press.sk:80/vychova-vzdelavanie/","https://web.archive.org/web/20130911150513/http://www.press.sk:80/vychova-vzdelavanie/","20130911150513","LISTING"
"http://www.press.sk:80/vychova-vzdelavanie/","https://web.archive.org/web/20140103024549/http://www.press.sk:80/vychova-vzdelavanie/","20140103024549","LISTING"
"http://www.press.sk:80/vychova-vzdelavanie","https://web.archive.org/web/20140503204504/http://www.press.sk:80/vychova-vzdelavanie","20140503204504","LISTING"
"http://www.press.sk:80/vychova-vzdelavanie/","https://web.archive.org/web/20140506005919/http://www.press.sk:80/vychova-vzdelavanie/","20140506005919","LISTING"
"http://www.press.sk:80/vychova-vzdelavanie","https://web.archive.org/web/20140705061806/http://www.press.sk:80/vychova-vzdelavanie","20140705061806","LISTING"
"http://www.press.sk:80/vychova-vzdelavanie/","https://web.archive.org/web/20140705230547/http://www.press.sk:80/vychova-vzdelavanie/","20140705230547","LISTING"
"http://www.press.sk:80/vychova-vzdelavanie/","https://web.archive.org/web/20140905052632/http://www.press.sk:80/vychova-vzdelavanie/","20140905052632","LISTING"
"http://www.press.sk:80/vychova-vzdelavanie","https://web.archive.org/web/20140917200415/http://www.press.sk:80/vychova-vzdelavanie","20140917200415","LISTING"
"http://www.press.sk:80/vychova-vzdelavanie/","https://web.archive.org/web/20141014090254/http://www.press.sk:80/vychova-vzdelavanie/","20141014090254","LISTING"
"http://www.press.sk:80/vychova-vzdelavanie/","https://web.archive.org/web/20141214113652/http://www.press.sk:80/vychova-vzdelavanie/","20141214113652","LISTING"
"http://www.press.sk:80/vychova-vzdelavanie/","https://web.archive.org/web/20150313162309/http://www.press.sk:80/vychova-vzdelavanie/","20150313162309","LISTING"
"http://www.press.sk:80/vychova-vzdelavanie/","https://web.archive.org/web/20150626232617/http://www.press.sk:80/vychova-vzdelavanie/","20150626232617","LISTING"
"http://www.press.sk:80/vychova-vzdelavanie/","https://web.archive.org/web/20150826195638/http://www.press.sk:80/vychova-vzdelavanie/","20150826195638","LISTING"
"http://www.press.sk:80/vychova-vzdelavanie/","https://web.archive.org/web/20151113003729/http://www.press.sk:80/vychova-vzdelavanie/","20151113003729","LISTING"
"http://www.press.sk:80/vychova-vzdelavanie/","https://web.archive.org/web/20160112121430/http://www.press.sk:80/vychova-vzdelavanie/","20160112121430","LISTING"
"http://www.press.sk:80/vychova-vzdelavanie/","https://web.archive.org/web/20160313065205/http://www.press.sk:80/vychova-vzdelavanie/","20160313065205","LISTING"
"http://www.press.sk/vychova-vzdelavanie/","https://web.archive.org/web/20160406223046/http://www.press.sk/vychova-vzdelavanie/","20160406223046","LISTING"
"http://www.press.sk:80/vychova-vzdelavanie/","https://web.archive.org/web/20160524164303/http://www.press.sk:80/vychova-vzdelavanie/","20160524164303","LISTING"
"http://www.press.sk:80/vychova-vzdelavanie/","https://web.archive.org/web/20160724164333/http://www.press.sk:80/vychova-vzdelavanie/","20160724164333","LISTING"
"http://www.press.sk:80/vychova-vzdelavanie/","https://web.archive.org/web/20160924073830/http://www.press.sk:80/vychova-vzdelavanie/","20160924073830","LISTING"
"http://www.press.sk:80/vychova-vzdelavanie/","https://web.archive.org/web/20161225212808/http://www.press.sk:80/vychova-vzdelavanie/","20161225212808","LISTING"
"http://www.press.sk:80/vychova-vzdelavanie/","https://web.archive.org/web/20170331180453/http://www.press.sk:80/vychova-vzdelavanie/","20170331180453","LISTING"
"http://www.press.sk/vychova-vzdelavanie/","https://web.archive.org/web/20170405203324/http://www.press.sk/vychova-vzdelavanie/","20170405203324","LISTING"
"http://www.press.sk:80/vychova-vzdelavanie/","https://web.archive.org/web/20170531093056/http://www.press.sk:80/vychova-vzdelavanie/","20170531093056","LISTING"
"http://www.press.sk/vychova-vzdelavanie/","https://web.archive.org/web/20170608050156/http://www.press.sk/vychova-vzdelavanie/","20170608050156","LISTING"
"http://www.press.sk/web/4.-kucharska-kniha-z-edicie-apetit-na-cestach---recka-odysea-aneb-slavne-baje-a-povesti/","https://web.archive.org/web/20140812072324/http://www.press.sk/web/4.-kucharska-kniha-z-edicie-apetit-na-cestach---recka-odysea-aneb-slavne-baje-a-povesti/","20140812072324","LISTING"
"http://www.press.sk:80/web/doba-ledova---kolekce-zvirat/","https://web.archive.org/web/20101202011110/http://www.press.sk:80/web/doba-ledova---kolekce-zvirat/","20101202011110","LISTING"
"http://www.press.sk:80/web/doba-ledova---kolekce-zvirat/","https://web.archive.org/web/20101203030026/http://www.press.sk:80/web/doba-ledova---kolekce-zvirat/","20101203030026","LISTING"
"http://www.press.sk:80/web/doba-ledova---kolekce-zvirat/","https://web.archive.org/web/20110201230629/http://www.press.sk:80/web/doba-ledova---kolekce-zvirat/","20110201230629","LISTING"
"http://www.press.sk:80/web/doba-ledova---kolekce-zvirat/","https://web.archive.org/web/20110404073406/http://www.press.sk:80/web/doba-ledova---kolekce-zvirat/","20110404073406","LISTING"
"http://www.press.sk:80/web/doba-ledova---kolekce-zvirat/","https://web.archive.org/web/20110405112255/http://www.press.sk:80/web/doba-ledova---kolekce-zvirat/","20110405112255","LISTING"
"http://www.press.sk:80/web/edicia-velke-bitvy-historie/","https://web.archive.org/web/20100425000410/http://www.press.sk:80/web/edicia-velke-bitvy-historie/","20100425000410","LISTING"
"http://www.press.sk:80/web/edicia-velke-bitvy-historie/","https://web.archive.org/web/20100625160136/http://www.press.sk:80/web/edicia-velke-bitvy-historie/","20100625160136","LISTING"
"http://www.press.sk:80/web/edicia-velke-bitvy-historie/","https://web.archive.org/web/20100825172015/http://www.press.sk:80/web/edicia-velke-bitvy-historie/","20100825172015","LISTING"
"http://www.press.sk/web/expedicia-casopisov-10.-tyzden/","https://web.archive.org/web/20160408100731/http://www.press.sk/web/expedicia-casopisov-10.-tyzden/","20160408100731","LISTING"
"http://www.press.sk:80/web/expedicia-casopisov-10.tyzden","https://web.archive.org/web/20090406001526/http://www.press.sk:80/web/expedicia-casopisov-10.tyzden","20090406001526","LISTING"
"http://www.press.sk:80/web/expedicia-casopisov-10.tyzden","https://web.archive.org/web/20090508111821/http://www.press.sk:80/web/expedicia-casopisov-10.tyzden","20090508111821","LISTING"
"http://www.press.sk:80/web/expedicia-casopisov-10.tyzden","https://web.archive.org/web/20100110090800/http://www.press.sk:80/web/expedicia-casopisov-10.tyzden","20100110090800","LISTING"
"http://www.press.sk:80/web/expedicia-casopisov-10.tyzden","https://web.archive.org/web/20100415073844/http://www.press.sk:80/web/expedicia-casopisov-10.tyzden","20100415073844","LISTING"
"http://www.press.sk/web/expedicia-casopisov-11.-tyzden/","https://web.archive.org/web/20160412184603/http://www.press.sk/web/expedicia-casopisov-11.-tyzden/","20160412184603","LISTING"
"http://www.press.sk:80/web/expedicia-casopisov-11.tyzden","https://web.archive.org/web/20090412045712/http://www.press.sk:80/web/expedicia-casopisov-11.tyzden","20090412045712","LISTING"
"http://www.press.sk:80/web/expedicia-casopisov-11.tyzden","https://web.archive.org/web/20090513040437/http://www.press.sk:80/web/expedicia-casopisov-11.tyzden","20090513040437","LISTING"
"http://www.press.sk:80/web/expedicia-casopisov-11.tyzden","https://web.archive.org/web/20100106121926/http://www.press.sk:80/web/expedicia-casopisov-11.tyzden","20100106121926","LISTING"
"http://www.press.sk:80/web/expedicia-casopisov-11.tyzden","https://web.archive.org/web/20100324023530/http://www.press.sk:80/web/expedicia-casopisov-11.tyzden","20100324023530","LISTING"
"http://www.press.sk/web/expedicia-casopisov-12.-tyzden/","https://web.archive.org/web/20150418191830/http://www.press.sk/web/expedicia-casopisov-12.-tyzden/","20150418191830","LISTING"
"http://www.press.sk/web/expedicia-casopisov-12.-tyzden/","https://web.archive.org/web/20160730210311/http://www.press.sk/web/expedicia-casopisov-12.-tyzden/","20160730210311","LISTING"
"http://www.press.sk:80/web/expedicia-casopisov-12.tyzden","https://web.archive.org/web/20090420194803/http://www.press.sk:80/web/expedicia-casopisov-12.tyzden","20090420194803","LISTING"
"http://www.press.sk:80/web/expedicia-casopisov-12.tyzden","https://web.archive.org/web/20090523062827/http://www.press.sk:80/web/expedicia-casopisov-12.tyzden","20090523062827","LISTING"
"http://www.press.sk:80/web/expedicia-casopisov-12.tyzden","https://web.archive.org/web/20100106013943/http://www.press.sk:80/web/expedicia-casopisov-12.tyzden","20100106013943","LISTING"
"http://www.press.sk:80/web/expedicia-casopisov-12.tyzden","https://web.archive.org/web/20100329195847/http://www.press.sk:80/web/expedicia-casopisov-12.tyzden","20100329195847","LISTING"
"http://www.press.sk:80/web/expedicia-casopisov-13.tyzden","https://web.archive.org/web/20090426015434/http://www.press.sk:80/web/expedicia-casopisov-13.tyzden","20090426015434","LISTING"
"http://www.press.sk:80/web/expedicia-casopisov-13.tyzden","https://web.archive.org/web/20090529071037/http://www.press.sk:80/web/expedicia-casopisov-13.tyzden","20090529071037","LISTING"
"http://www.press.sk:80/web/expedicia-casopisov-14.tyzden","https://web.archive.org/web/20090504102952/http://www.press.sk:80/web/expedicia-casopisov-14.tyzden","20090504102952","LISTING"
"http://www.press.sk:80/web/expedicia-casopisov-14.tyzden","https://web.archive.org/web/20100118211707/http://www.press.sk:80/web/expedicia-casopisov-14.tyzden","20100118211707","LISTING"
"http://www.press.sk:80/web/expedicia-casopisov-15.tyzden","https://web.archive.org/web/20090512055805/http://www.press.sk:80/web/expedicia-casopisov-15.tyzden","20090512055805","LISTING"
"http://www.press.sk:80/web/expedicia-casopisov-15.tyzden","https://web.archive.org/web/20100507051240/http://www.press.sk:80/web/expedicia-casopisov-15.tyzden","20100507051240","LISTING"
"http://www.press.sk:80/web/expedicia-casopisov-15.tyzden","https://web.archive.org/web/20100607094747/http://www.press.sk:80/web/expedicia-casopisov-15.tyzden","20100607094747","LISTING"
"http://www.press.sk:80/web/expedicia-casopisov-15.tyzden","https://web.archive.org/web/20100710064515/http://www.press.sk:80/web/expedicia-casopisov-15.tyzden","20100710064515","LISTING"
"http://www.press.sk:80/web/expedicia-casopisov-15.tyzden","https://web.archive.org/web/20100711082408/http://www.press.sk:80/web/expedicia-casopisov-15.tyzden","20100711082408","LISTING"
"http://www.press.sk:80/web/expedicia-casopisov-15.tyzden","https://web.archive.org/web/20100811082628/http://www.press.sk:80/web/expedicia-casopisov-15.tyzden","20100811082628","LISTING"
"http://www.press.sk:80/web/expedicia-casopisov-16.tyzden","https://web.archive.org/web/20090520054414/http://www.press.sk:80/web/expedicia-casopisov-16.tyzden","20090520054414","LISTING"
"http://www.press.sk:80/web/expedicia-casopisov-16.tyzden","https://web.archive.org/web/20100122030337/http://www.press.sk:80/web/expedicia-casopisov-16.tyzden","20100122030337","LISTING"
"http://www.press.sk:80/web/expedicia-casopisov-16.tyzden","https://web.archive.org/web/20100428023858/http://www.press.sk:80/web/expedicia-casopisov-16.tyzden","20100428023858","LISTING"
"http://www.press.sk:80/web/expedicia-casopisov-16.tyzden","https://web.archive.org/web/20100429080911/http://www.press.sk:80/web/expedicia-casopisov-16.tyzden","20100429080911","LISTING"
"http://www.press.sk:80/web/expedicia-casopisov-16.tyzden","https://web.archive.org/web/20100630222611/http://www.press.sk:80/web/expedicia-casopisov-16.tyzden","20100630222611","LISTING"
"http://www.press.sk:80/web/expedicia-casopisov-17.tyzden","https://web.archive.org/web/20091217043421/http://www.press.sk:80/web/expedicia-casopisov-17.tyzden","20091217043421","LISTING"
"http://www.press.sk:80/web/expedicia-casopisov-17.tyzden","https://web.archive.org/web/20100126030630/http://www.press.sk:80/web/expedicia-casopisov-17.tyzden","20100126030630","LISTING"
"http://www.press.sk:80/web/expedicia-casopisov-18.tyzden","https://web.archive.org/web/20100106144025/http://www.press.sk:80/web/expedicia-casopisov-18.tyzden","20100106144025","LISTING"
"http://www.press.sk/web/expedicia-casopisov-18.tyzden/","https://web.archive.org/web/20130513001713/http://www.press.sk/web/expedicia-casopisov-18.tyzden/","20130513001713","LISTING"
"http://www.press.sk:80/web/expedicia-casopisov-19.tyzden","https://web.archive.org/web/20100109114512/http://www.press.sk:80/web/expedicia-casopisov-19.tyzden","20100109114512","LISTING"
"http://www.press.sk:80/web/expedicia-casopisov-2.tyzden","https://web.archive.org/web/20100120054521/http://www.press.sk:80/web/expedicia-casopisov-2.tyzden","20100120054521","LISTING"
"http://www.press.sk:80/web/expedicia-casopisov-2.tyzden","https://web.archive.org/web/20110117192843/http://www.press.sk:80/web/expedicia-casopisov-2.tyzden","20110117192843","LISTING"
"http://www.press.sk:80/web/expedicia-casopisov-2.tyzden/","https://web.archive.org/web/20110119095404/http://www.press.sk:80/web/expedicia-casopisov-2.tyzden/","20110119095404","LISTING"
"http://www.press.sk:80/web/expedicia-casopisov-2.tyzden","https://web.archive.org/web/20110218080420/http://www.press.sk:80/web/expedicia-casopisov-2.tyzden","20110218080420","LISTING"
"http://www.press.sk:80/web/expedicia-casopisov-20.tyzden/","https://web.archive.org/web/20110523230333/http://www.press.sk:80/web/expedicia-casopisov-20.tyzden/","20110523230333","LISTING"
"http://www.press.sk:80/web/expedicia-casopisov-21.tyzden","https://web.archive.org/web/20100110100941/http://www.press.sk:80/web/expedicia-casopisov-21.tyzden","20100110100941","LISTING"
"http://www.press.sk/web/expedicia-casopisov-22.tyzden/","https://web.archive.org/web/20170606090424/http://www.press.sk/web/expedicia-casopisov-22.tyzden/","20170606090424","LISTING"
"http://www.press.sk:80/web/expedicia-casopisov-23.tyzden","https://web.archive.org/web/20090612074206/http://www.press.sk:80/web/expedicia-casopisov-23.tyzden","20090612074206","LISTING"
"http://www.press.sk:80/web/expedicia-casopisov-23.tyzden","https://web.archive.org/web/20100107185010/http://www.press.sk:80/web/expedicia-casopisov-23.tyzden","20100107185010","LISTING"
"http://www.press.sk:80/web/expedicia-casopisov-25.tyzden","https://web.archive.org/web/20100109090403/http://www.press.sk:80/web/expedicia-casopisov-25.tyzden","20100109090403","LISTING"
"http://www.press.sk:80/web/expedicia-casopisov-26.tyzden","https://web.archive.org/web/20100107152308/http://www.press.sk:80/web/expedicia-casopisov-26.tyzden","20100107152308","LISTING"
"http://www.press.sk:80/web/expedicia-casopisov-27.tyzden","https://web.archive.org/web/20100107160037/http://www.press.sk:80/web/expedicia-casopisov-27.tyzden","20100107160037","LISTING"
"http://www.press.sk/web/expedicia-casopisov-27.tyzden/","https://web.archive.org/web/20140812082214/http://www.press.sk/web/expedicia-casopisov-27.tyzden/","20140812082214","LISTING"
"http://www.press.sk:80/web/expedicia-casopisov-28.tyzden","https://web.archive.org/web/20100109175211/http://www.press.sk:80/web/expedicia-casopisov-28.tyzden","20100109175211","LISTING"
"http://www.press.sk/web/expedicia-casopisov-3.tyzden/","https://web.archive.org/web/20120208130111/http://www.press.sk/web/expedicia-casopisov-3.tyzden/","20120208130111","LISTING"
"http://www.press.sk/web/expedicia-casopisov-3.tyzden/","https://web.archive.org/web/20120307095137/http://www.press.sk/web/expedicia-casopisov-3.tyzden/","20120307095137","LISTING"
"http://www.press.sk/web/expedicia-casopisov-30.tyzden/","https://web.archive.org/web/20110818140812/http://www.press.sk/web/expedicia-casopisov-30.tyzden/","20110818140812","LISTING"
"http://www.press.sk:80/web/expedicia-casopisov-30.tyzden/","https://web.archive.org/web/20160801083515/http://www.press.sk:80/web/expedicia-casopisov-30.tyzden/","20160801083515","LISTING"
"http://www.press.sk:80/web/expedicia-casopisov-31.tyzden","https://web.archive.org/web/20100110163834/http://www.press.sk:80/web/expedicia-casopisov-31.tyzden","20100110163834","LISTING"
"http://www.press.sk:80/web/expedicia-casopisov-32.tyzden","https://web.archive.org/web/20100107043109/http://www.press.sk:80/web/expedicia-casopisov-32.tyzden","20100107043109","LISTING"
"http://www.press.sk:80/web/expedicia-casopisov-33.tyzden/","https://web.archive.org/web/20110912094503/http://www.press.sk:80/web/expedicia-casopisov-33.tyzden/","20110912094503","LISTING"
"http://www.press.sk:80/web/expedicia-casopisov-34.tyzden","https://web.archive.org/web/20100106115908/http://www.press.sk:80/web/expedicia-casopisov-34.tyzden","20100106115908","LISTING"
"http://www.press.sk:80/web/expedicia-casopisov-34.tyzden/","https://web.archive.org/web/20110912072736/http://www.press.sk:80/web/expedicia-casopisov-34.tyzden/","20110912072736","LISTING"
"http://www.press.sk:80/web/expedicia-casopisov-34.tyzden/","https://web.archive.org/web/20130826113038/http://www.press.sk:80/web/expedicia-casopisov-34.tyzden/","20130826113038","LISTING"
"http://www.press.sk:80/web/expedicia-casopisov-35.tyzden/","https://web.archive.org/web/20160906094433/http://www.press.sk:80/web/expedicia-casopisov-35.tyzden/","20160906094433","LISTING"
"http://www.press.sk:80/web/expedicia-casopisov-36.tyzden","https://web.archive.org/web/20100110135441/http://www.press.sk:80/web/expedicia-casopisov-36.tyzden","20100110135441","LISTING"
"http://www.press.sk:80/web/expedicia-casopisov-37.tyzden","https://web.archive.org/web/20100111140740/http://www.press.sk:80/web/expedicia-casopisov-37.tyzden","20100111140740","LISTING"
"http://www.press.sk:80/web/expedicia-casopisov-38.tyzden","https://web.archive.org/web/20090922235656/http://www.press.sk:80/web/expedicia-casopisov-38.tyzden","20090922235656","LISTING"
"http://www.press.sk:80/web/expedicia-casopisov-38.tyzden","https://web.archive.org/web/20100110095122/http://www.press.sk:80/web/expedicia-casopisov-38.tyzden","20100110095122","LISTING"
"http://www.press.sk:80/web/expedicia-casopisov-39.tyzden","https://web.archive.org/web/20100107152313/http://www.press.sk:80/web/expedicia-casopisov-39.tyzden","20100107152313","LISTING"
"http://www.press.sk:80/web/expedicia-casopisov-4.tyzden","https://web.archive.org/web/20090221194834/http://www.press.sk:80/web/expedicia-casopisov-4.tyzden","20090221194834","LISTING"
"http://www.press.sk:80/web/expedicia-casopisov-4.tyzden","https://web.archive.org/web/20090324113535/http://www.press.sk:80/web/expedicia-casopisov-4.tyzden","20090324113535","LISTING"
"http://www.press.sk:80/web/expedicia-casopisov-4.tyzden","https://web.archive.org/web/20090425025109/http://www.press.sk:80/web/expedicia-casopisov-4.tyzden","20090425025109","LISTING"
"http://www.press.sk:80/web/expedicia-casopisov-4.tyzden","https://web.archive.org/web/20100117165208/http://www.press.sk:80/web/expedicia-casopisov-4.tyzden","20100117165208","LISTING"
"http://www.press.sk:80/web/expedicia-casopisov-40.tyzden","https://web.archive.org/web/20100107121631/http://www.press.sk:80/web/expedicia-casopisov-40.tyzden","20100107121631","LISTING"
"http://www.press.sk/web/expedicia-casopisov-40.tyzden/","https://web.archive.org/web/20161030104840/http://www.press.sk/web/expedicia-casopisov-40.tyzden/","20161030104840","LISTING"
"http://www.press.sk:80/web/expedicia-casopisov-41.tyzden","https://web.archive.org/web/20100105231052/http://www.press.sk:80/web/expedicia-casopisov-41.tyzden","20100105231052","LISTING"
"http://www.press.sk/web/expedicia-casopisov-41.tyzden/","https://web.archive.org/web/20161225071513/http://www.press.sk/web/expedicia-casopisov-41.tyzden/","20161225071513","LISTING"
"http://www.press.sk:80/web/expedicia-casopisov-43.tyzden","https://web.archive.org/web/20091218102526/http://www.press.sk:80/web/expedicia-casopisov-43.tyzden","20091218102526","LISTING"
"http://www.press.sk/web/expedicia-casopisov-43.tyzden/","https://web.archive.org/web/20170402171516/http://www.press.sk/web/expedicia-casopisov-43.tyzden/","20170402171516","LISTING"
"http://www.press.sk:80/web/expedicia-casopisov-44.tyzden","https://web.archive.org/web/20100118182609/http://www.press.sk:80/web/expedicia-casopisov-44.tyzden","20100118182609","LISTING"
"http://www.press.sk:80/web/expedicia-casopisov-45.tyzden","https://web.archive.org/web/20100107192144/http://www.press.sk:80/web/expedicia-casopisov-45.tyzden","20100107192144","LISTING"
"http://www.press.sk:80/web/expedicia-casopisov-45.tyzden/","https://web.archive.org/web/20161115043916/http://www.press.sk:80/web/expedicia-casopisov-45.tyzden/","20161115043916","LISTING"
"http://www.press.sk:80/web/expedicia-casopisov-46.tyzden","https://web.archive.org/web/20100107130725/http://www.press.sk:80/web/expedicia-casopisov-46.tyzden","20100107130725","LISTING"
"http://www.press.sk:80/web/expedicia-casopisov-47.tyzden","https://web.archive.org/web/20100126022216/http://www.press.sk:80/web/expedicia-casopisov-47.tyzden","20100126022216","LISTING"
"http://www.press.sk:80/web/expedicia-casopisov-48.tyzden","https://web.archive.org/web/20100111025712/http://www.press.sk:80/web/expedicia-casopisov-48.tyzden","20100111025712","LISTING"
"http://www.press.sk:80/web/expedicia-casopisov-49.tyzden","https://web.archive.org/web/20100105232209/http://www.press.sk:80/web/expedicia-casopisov-49.tyzden","20100105232209","LISTING"
"http://www.press.sk:80/web/expedicia-casopisov-49.tyzden","https://web.archive.org/web/20120109122757/http://www.press.sk:80/web/expedicia-casopisov-49.tyzden","20120109122757","LISTING"
"http://www.press.sk:80/web/expedicia-casopisov-49.tyzden","https://web.archive.org/web/20120209154454/http://www.press.sk:80/web/expedicia-casopisov-49.tyzden","20120209154454","LISTING"
"http://www.press.sk:80/web/expedicia-casopisov-49.tyzden","https://web.archive.org/web/20120311211404/http://www.press.sk:80/web/expedicia-casopisov-49.tyzden","20120311211404","LISTING"
"http://www.press.sk:80/web/expedicia-casopisov-49.tyzden","https://web.archive.org/web/20120418171034/http://www.press.sk:80/web/expedicia-casopisov-49.tyzden","20120418171034","LISTING"
"http://www.press.sk:80/web/expedicia-casopisov-49.tyzden","https://web.archive.org/web/20120627072919/http://www.press.sk:80/web/expedicia-casopisov-49.tyzden","20120627072919","LISTING"
"http://www.press.sk:80/web/expedicia-casopisov-49.tyzden","https://web.archive.org/web/20120818211125/http://www.press.sk:80/web/expedicia-casopisov-49.tyzden","20120818211125","LISTING"
"http://www.press.sk:80/web/expedicia-casopisov-49.tyzden","https://web.archive.org/web/20121114032931/http://www.press.sk:80/web/expedicia-casopisov-49.tyzden","20121114032931","LISTING"
"http://www.press.sk:80/web/expedicia-casopisov-49.tyzden","https://web.archive.org/web/20121228215423/http://www.press.sk:80/web/expedicia-casopisov-49.tyzden","20121228215423","LISTING"
"http://www.press.sk:80/web/expedicia-casopisov-49.tyzden","https://web.archive.org/web/20121230043311/http://www.press.sk:80/web/expedicia-casopisov-49.tyzden","20121230043311","LISTING"
"http://www.press.sk:80/web/expedicia-casopisov-49.tyzden","https://web.archive.org/web/20130601085044/http://www.press.sk:80/web/expedicia-casopisov-49.tyzden","20130601085044","LISTING"
"http://www.press.sk:80/web/expedicia-casopisov-5.tyzden","https://web.archive.org/web/20090221055313/http://www.press.sk:80/web/expedicia-casopisov-5.tyzden","20090221055313","LISTING"
"http://www.press.sk:80/web/expedicia-casopisov-5.tyzden","https://web.archive.org/web/20090324095028/http://www.press.sk:80/web/expedicia-casopisov-5.tyzden","20090324095028","LISTING"
"http://www.press.sk:80/web/expedicia-casopisov-5.tyzden","https://web.archive.org/web/20090425015425/http://www.press.sk:80/web/expedicia-casopisov-5.tyzden","20090425015425","LISTING"
"http://www.press.sk:80/web/expedicia-casopisov-5.tyzden","https://web.archive.org/web/20100124064908/http://www.press.sk:80/web/expedicia-casopisov-5.tyzden","20100124064908","LISTING"
"http://www.press.sk:80/web/expedicia-casopisov-51.tyzden/","https://web.archive.org/web/20090123165412/http://www.press.sk:80/web/expedicia-casopisov-51.tyzden/","20090123165412","LISTING"
"http://www.press.sk:80/web/expedicia-casopisov-51.tyzden/","https://web.archive.org/web/20090224030325/http://www.press.sk:80/web/expedicia-casopisov-51.tyzden/","20090224030325","LISTING"
"http://www.press.sk:80/web/expedicia-casopisov-51.tyzden/","https://web.archive.org/web/20090327204016/http://www.press.sk:80/web/expedicia-casopisov-51.tyzden/","20090327204016","LISTING"
"http://www.press.sk:80/web/expedicia-casopisov-51.tyzden/","https://web.archive.org/web/20090428031935/http://www.press.sk:80/web/expedicia-casopisov-51.tyzden/","20090428031935","LISTING"
"http://www.press.sk:80/web/expedicia-casopisov-51.tyzden","https://web.archive.org/web/20100122142119/http://www.press.sk:80/web/expedicia-casopisov-51.tyzden","20100122142119","LISTING"
"http://www.press.sk:80/web/expedicia-casopisov-6.tyzden","https://web.archive.org/web/20090308055126/http://www.press.sk:80/web/expedicia-casopisov-6.tyzden","20090308055126","LISTING"
"http://www.press.sk:80/web/expedicia-casopisov-6.tyzden","https://web.archive.org/web/20090510061105/http://www.press.sk:80/web/expedicia-casopisov-6.tyzden","20090510061105","LISTING"
"http://www.press.sk:80/web/expedicia-casopisov-6.tyzden","https://web.archive.org/web/20100106113315/http://www.press.sk:80/web/expedicia-casopisov-6.tyzden","20100106113315","LISTING"
"http://www.press.sk/web/expedicia-casopisov-6.tyzden/","https://web.archive.org/web/20140214100851/http://www.press.sk/web/expedicia-casopisov-6.tyzden/","20140214100851","LISTING"
"http://www.press.sk:80/web/expedicia-casopisov-7.tyzden","https://web.archive.org/web/20090315061309/http://www.press.sk:80/web/expedicia-casopisov-7.tyzden","20090315061309","LISTING"
"http://www.press.sk:80/web/expedicia-casopisov-7.tyzden","https://web.archive.org/web/20090414212003/http://www.press.sk:80/web/expedicia-casopisov-7.tyzden","20090414212003","LISTING"
"http://www.press.sk:80/web/expedicia-casopisov-7.tyzden","https://web.archive.org/web/20090520055839/http://www.press.sk:80/web/expedicia-casopisov-7.tyzden","20090520055839","LISTING"
"http://www.press.sk:80/web/expedicia-casopisov-8.tyzden","https://web.archive.org/web/20090322152923/http://www.press.sk:80/web/expedicia-casopisov-8.tyzden","20090322152923","LISTING"
"http://www.press.sk:80/web/expedicia-casopisov-8.tyzden","https://web.archive.org/web/20090422101135/http://www.press.sk:80/web/expedicia-casopisov-8.tyzden","20090422101135","LISTING"
"http://www.press.sk:80/web/expedicia-casopisov-8.tyzden","https://web.archive.org/web/20090524174805/http://www.press.sk:80/web/expedicia-casopisov-8.tyzden","20090524174805","LISTING"
"http://www.press.sk:80/web/expedicia-casopisov-8.tyzden","https://web.archive.org/web/20091003224752/http://www.press.sk:80/web/expedicia-casopisov-8.tyzden","20091003224752","LISTING"
"http://www.press.sk:80/web/expedicia-casopisov-8.tyzden","https://web.archive.org/web/20100107160844/http://www.press.sk:80/web/expedicia-casopisov-8.tyzden","20100107160844","LISTING"
"http://www.press.sk/web/expedicia-casopisov-9.-tyzden/","https://web.archive.org/web/20160324105659/http://www.press.sk/web/expedicia-casopisov-9.-tyzden/","20160324105659","LISTING"
"http://www.press.sk:80/web/expedicia-casopisov-9.tyzden","https://web.archive.org/web/20090329022626/http://www.press.sk:80/web/expedicia-casopisov-9.tyzden","20090329022626","LISTING"
"http://www.press.sk:80/web/expedicia-casopisov-9.tyzden","https://web.archive.org/web/20090429021839/http://www.press.sk:80/web/expedicia-casopisov-9.tyzden","20090429021839","LISTING"
"http://www.press.sk:80/web/expedicia-casopisov-9.tyzden","https://web.archive.org/web/20100105231057/http://www.press.sk:80/web/expedicia-casopisov-9.tyzden","20100105231057","LISTING"
"http://www.press.sk:80/web/expedicia-casopisov-9.tyzden","https://web.archive.org/web/20100309051050/http://www.press.sk:80/web/expedicia-casopisov-9.tyzden","20100309051050","LISTING"
"http://www.press.sk:80/web/expedicia-casopisov-9.tyzden","https://web.archive.org/web/20100410024028/http://www.press.sk:80/web/expedicia-casopisov-9.tyzden","20100410024028","LISTING"
"http://www.press.sk/web/igracek---casopis-pro-deti-ktore-objevuju-svet/","https://web.archive.org/web/20120208152827/http://www.press.sk/web/igracek---casopis-pro-deti-ktore-objevuju-svet/","20120208152827","LISTING"
"http://www.press.sk/web/igracek---casopis-pro-deti-ktore-objevuju-svet/","https://web.archive.org/web/20120307113046/http://www.press.sk/web/igracek---casopis-pro-deti-ktore-objevuju-svet/","20120307113046","LISTING"
"http://www.press.sk:80/web/kovovy-model-mig-29as-uz-coskoro-v-predaji/","https://web.archive.org/web/20110310183953/http://www.press.sk:80/web/kovovy-model-mig-29as-uz-coskoro-v-predaji/","20110310183953","LISTING"
"http://www.press.sk:80/web/kovovy-model-mig-29as-uz-coskoro-v-predaji/","https://web.archive.org/web/20110522193022/http://www.press.sk:80/web/kovovy-model-mig-29as-uz-coskoro-v-predaji/","20110522193022","LISTING"
"http://www.press.sk:80/web/kovovy-model-mig-29as-uz-coskoro-v-predaji/","https://web.archive.org/web/20110523230346/http://www.press.sk:80/web/kovovy-model-mig-29as-uz-coskoro-v-predaji/","20110523230346","LISTING"
"http://www.press.sk:80/web/kovovy-model-mig-29as-uz-coskoro-v-predaji/","https://web.archive.org/web/20110730061403/http://www.press.sk:80/web/kovovy-model-mig-29as-uz-coskoro-v-predaji/","20110730061403","LISTING"
"http://www.press.sk:80/web/kovovy-model-mig-29as-uz-coskoro-v-predaji","https://web.archive.org/web/20111111013836/http://www.press.sk:80/web/kovovy-model-mig-29as-uz-coskoro-v-predaji","20111111013836","LISTING"
"http://www.press.sk:80/web/kovovy-model-mig-29as-uz-coskoro-v-predaji","https://web.archive.org/web/20111211175233/http://www.press.sk:80/web/kovovy-model-mig-29as-uz-coskoro-v-predaji","20111211175233","LISTING"
"http://www.press.sk:80/web/kovovy-model-mig-29as-uz-coskoro-v-predaji","https://web.archive.org/web/20120114094924/http://www.press.sk:80/web/kovovy-model-mig-29as-uz-coskoro-v-predaji","20120114094924","LISTING"
"http://www.press.sk:80/web/kovovy-model-mig-29as-uz-coskoro-v-predaji","https://web.archive.org/web/20120225202543/http://www.press.sk:80/web/kovovy-model-mig-29as-uz-coskoro-v-predaji","20120225202543","LISTING"
"http://www.press.sk:80/web/kovovy-model-mig-29as-uz-coskoro-v-predaji","https://web.archive.org/web/20120419161705/http://www.press.sk:80/web/kovovy-model-mig-29as-uz-coskoro-v-predaji","20120419161705","LISTING"
"http://www.press.sk:80/web/kovovy-model-mig-29as-uz-coskoro-v-predaji","https://web.archive.org/web/20120626070236/http://www.press.sk:80/web/kovovy-model-mig-29as-uz-coskoro-v-predaji","20120626070236","LISTING"
"http://www.press.sk:80/web/kovovy-model-mig-29as-uz-coskoro-v-predaji","https://web.archive.org/web/20120818205418/http://www.press.sk:80/web/kovovy-model-mig-29as-uz-coskoro-v-predaji","20120818205418","LISTING"
"http://www.press.sk:80/web/kovovy-model-mig-29as-uz-coskoro-v-predaji","https://web.archive.org/web/20121113125532/http://www.press.sk:80/web/kovovy-model-mig-29as-uz-coskoro-v-predaji","20121113125532","LISTING"
"http://www.press.sk:80/web/kovovy-model-mig-29as-uz-coskoro-v-predaji","https://web.archive.org/web/20121229104038/http://www.press.sk:80/web/kovovy-model-mig-29as-uz-coskoro-v-predaji","20121229104038","LISTING"
"http://www.press.sk:80/web/kovovy-model-mig-29as-uz-coskoro-v-predaji","https://web.archive.org/web/20130329102746/http://www.press.sk:80/web/kovovy-model-mig-29as-uz-coskoro-v-predaji","20130329102746","LISTING"
"http://www.press.sk:80/web/kovovy-model-mig-29as-uz-coskoro-v-predaji","https://web.archive.org/web/20130601213558/http://www.press.sk:80/web/kovovy-model-mig-29as-uz-coskoro-v-predaji","20130601213558","LISTING"
"http://www.press.sk:80/web/legendarne-automobily---dalsia-kolekcia-modelov-do-vasej-zbierky/","https://web.archive.org/web/20101231145029/http://www.press.sk:80/web/legendarne-automobily---dalsia-kolekcia-modelov-do-vasej-zbierky/","20101231145029","LISTING"
"http://www.press.sk:80/web/legendarne-automobily---dalsia-kolekcia-modelov-do-vasej-zbierky/","https://web.archive.org/web/20110101173621/http://www.press.sk:80/web/legendarne-automobily---dalsia-kolekcia-modelov-do-vasej-zbierky/","20110101173621","LISTING"
"http://www.press.sk:80/web/legendarne-automobily---dalsia-kolekcia-modelov-do-vasej-zbierky","https://web.archive.org/web/20110301182224/http://www.press.sk:80/web/legendarne-automobily---dalsia-kolekcia-modelov-do-vasej-zbierky","20110301182224","LISTING"
"http://www.press.sk:80/web/legendarne-automobily---dalsia-kolekcia-modelov-do-vasej-zbierky/","https://web.archive.org/web/20110303122151/http://www.press.sk:80/web/legendarne-automobily---dalsia-kolekcia-modelov-do-vasej-zbierky/","20110303122151","LISTING"
"http://www.press.sk:80/web/legendarne-automobily---dalsia-kolekcia-modelov-do-vasej-zbierky","https://web.archive.org/web/20110401191407/http://www.press.sk:80/web/legendarne-automobily---dalsia-kolekcia-modelov-do-vasej-zbierky","20110401191407","LISTING"
"http://www.press.sk:80/web/legendarne-automobily---dalsia-kolekcia-modelov-do-vasej-zbierky/","https://web.archive.org/web/20110522193027/http://www.press.sk:80/web/legendarne-automobily---dalsia-kolekcia-modelov-do-vasej-zbierky/","20110522193027","LISTING"
"http://www.press.sk:80/web/legendarne-automobily---dalsia-kolekcia-modelov-do-vasej-zbierky/","https://web.archive.org/web/20110523230356/http://www.press.sk:80/web/legendarne-automobily---dalsia-kolekcia-modelov-do-vasej-zbierky/","20110523230356","LISTING"
"http://www.press.sk:80/web/legendarne-automobily---dalsia-kolekcia-modelov-do-vasej-zbierky/","https://web.archive.org/web/20110730061432/http://www.press.sk:80/web/legendarne-automobily---dalsia-kolekcia-modelov-do-vasej-zbierky/","20110730061432","LISTING"
"http://www.press.sk:80/web/legendarne-automobily---dalsia-kolekcia-modelov-do-vasej-zbierky/","https://web.archive.org/web/20111202073711/http://www.press.sk:80/web/legendarne-automobily---dalsia-kolekcia-modelov-do-vasej-zbierky/","20111202073711","LISTING"
"http://www.press.sk/web/legendarne-automobily---dalsia-kolekcia-modelov-do-vasej-zbierky/","https://web.archive.org/web/20120208163523/http://www.press.sk/web/legendarne-automobily---dalsia-kolekcia-modelov-do-vasej-zbierky/","20120208163523","LISTING"
"http://www.press.sk/web/legendarne-automobily---dalsia-kolekcia-modelov-do-vasej-zbierky/","https://web.archive.org/web/20120307120803/http://www.press.sk/web/legendarne-automobily---dalsia-kolekcia-modelov-do-vasej-zbierky/","20120307120803","LISTING"
"http://www.press.sk:80/web/magic-happy-english-n-interaktivny-kurz-anglictiny-s-kuzelnym-perom","https://web.archive.org/web/20160831073601/http://www.press.sk:80/web/magic-happy-english-n-interaktivny-kurz-anglictiny-s-kuzelnym-perom","20160831073601","LISTING"
"http://www.press.sk:80/web/magic-happy-english-n-interaktivny-kurz-anglictiny-s-kuzelnym-perom","https://web.archive.org/web/20161001120505/http://www.press.sk:80/web/magic-happy-english-n-interaktivny-kurz-anglictiny-s-kuzelnym-perom","20161001120505","LISTING"
"http://www.press.sk/web/mate-uz-kalendar-na-rok-2017/","https://web.archive.org/web/20170402171528/http://www.press.sk/web/mate-uz-kalendar-na-rok-2017/","20170402171528","LISTING"
"http://www.press.sk/web/mimoriadna-ponuka-publikacii-jakab-publishing/","https://web.archive.org/web/20150418181929/http://www.press.sk/web/mimoriadna-ponuka-publikacii-jakab-publishing/","20150418181929","LISTING"
"http://www.press.sk/web/nova-kolekcia---the-dog/","https://web.archive.org/web/20140214080920/http://www.press.sk/web/nova-kolekcia---the-dog/","20140214080920","LISTING"
"http://www.press.sk:80/web/nova-publikace-twm-n-kov","https://web.archive.org/web/20160331203644/http://www.press.sk:80/web/nova-publikace-twm-n-kov","20160331203644","LISTING"
"http://www.press.sk:80/web/nova-publikace-twm-n-kov","https://web.archive.org/web/20160402022706/http://www.press.sk:80/web/nova-publikace-twm-n-kov","20160402022706","LISTING"
"http://www.press.sk:80/web/nova-publikace-twm-n-kov","https://web.archive.org/web/20160508094741/http://www.press.sk:80/web/nova-publikace-twm-n-kov","20160508094741","LISTING"
"http://www.press.sk:80/web/nova-publikacia-dioramy-a-bojovka-na-obzore","https://web.archive.org/web/20100124202432/http://www.press.sk:80/web/nova-publikacia-dioramy-a-bojovka-na-obzore","20100124202432","LISTING"
"http://www.press.sk:80/web/nova-publikacia-twm---1945","https://web.archive.org/web/20150910104356/http://www.press.sk:80/web/nova-publikacia-twm---1945","20150910104356","LISTING"
"http://www.press.sk:80/web/nova-publikacia-twm---1945","https://web.archive.org/web/20160331210852/http://www.press.sk:80/web/nova-publikacia-twm---1945","20160331210852","LISTING"
"http://www.press.sk:80/web/nova-publikacia-twm---1945","https://web.archive.org/web/20160513130829/http://www.press.sk:80/web/nova-publikacia-twm---1945","20160513130829","LISTING"
"http://www.press.sk:80/web/nova-publikacia-twm---1945","https://web.archive.org/web/20160514180758/http://www.press.sk:80/web/nova-publikacia-twm---1945","20160514180758","LISTING"
"http://www.press.sk:80/web/novinka-z-edicie-magnet-plus/","https://web.archive.org/web/20120831114715/http://www.press.sk:80/web/novinka-z-edicie-magnet-plus/","20120831114715","LISTING"
"http://www.press.sk/web/novinky-vydavatelstva-burda-media-2000/","https://web.archive.org/web/20140214102512/http://www.press.sk/web/novinky-vydavatelstva-burda-media-2000/","20140214102512","LISTING"
"http://www.press.sk:80/web/novy-exkluzivny-casopis-v-nasej-ponuke/","https://web.archive.org/web/20081218020518/http://www.press.sk:80/web/novy-exkluzivny-casopis-v-nasej-ponuke/","20081218020518","LISTING"
"http://www.press.sk:80/web/novy-titul-hobby-historie-sa-predstavuje/","https://web.archive.org/web/20100507081228/http://www.press.sk:80/web/novy-titul-hobby-historie-sa-predstavuje/","20100507081228","LISTING"
"http://www.press.sk:80/web/postavte-si-presny-model-tanku-t-34-85","https://web.archive.org/web/20160402045528/http://www.press.sk:80/web/postavte-si-presny-model-tanku-t-34-85","20160402045528","LISTING"
"http://www.press.sk:80/web/postavte-si-presny-model-tanku-t-34-85","https://web.archive.org/web/20160508044807/http://www.press.sk:80/web/postavte-si-presny-model-tanku-t-34-85","20160508044807","LISTING"
"http://www.press.sk:80/web/predplatne-casopisov-vydavatelstva-magnet-press-pre-rok-2016","https://web.archive.org/web/20160402231057/http://www.press.sk:80/web/predplatne-casopisov-vydavatelstva-magnet-press-pre-rok-2016","20160402231057","LISTING"
"http://www.press.sk:80/web/predplatne-casopisov-vydavatelstva-magnet-press-pre-rok-2016","https://web.archive.org/web/20160513161228/http://www.press.sk:80/web/predplatne-casopisov-vydavatelstva-magnet-press-pre-rok-2016","20160513161228","LISTING"
"http://www.press.sk:80/web/predplatne-casopisov-vydavatelstva-magnet-press-pre-rok-2016","https://web.archive.org/web/20160514165407/http://www.press.sk:80/web/predplatne-casopisov-vydavatelstva-magnet-press-pre-rok-2016","20160514165407","LISTING"
"http://www.press.sk:80/web/pripravujeme-kovovy-model-tanku-t-34-85","https://web.archive.org/web/20151001083117/http://www.press.sk:80/web/pripravujeme-kovovy-model-tanku-t-34-85","20151001083117","LISTING"
"http://www.press.sk:80/web/pripravujeme-kovovy-model-tanku-t-34-85","https://web.archive.org/web/20160401142342/http://www.press.sk:80/web/pripravujeme-kovovy-model-tanku-t-34-85","20160401142342","LISTING"
"http://www.press.sk:80/web/pripravujeme-kovovy-model-tanku-t-34-85","https://web.archive.org/web/20160402155900/http://www.press.sk:80/web/pripravujeme-kovovy-model-tanku-t-34-85","20160402155900","LISTING"
"http://www.press.sk:80/web/pripravujeme-kovovy-model-tanku-t-34-85","https://web.archive.org/web/20160513130834/http://www.press.sk:80/web/pripravujeme-kovovy-model-tanku-t-34-85","20160513130834","LISTING"
"http://www.press.sk:80/web/pripravujeme-kovovy-model-tanku-t-34-85","https://web.archive.org/web/20160514180803/http://www.press.sk:80/web/pripravujeme-kovovy-model-tanku-t-34-85","20160514180803","LISTING"
"http://www.press.sk:80/web/pripravujeme-pre-vas","https://web.archive.org/web/20130116061641/http://www.press.sk:80/web/pripravujeme-pre-vas","20130116061641","LISTING"
"http://www.press.sk:80/web/pripravujeme-pre-vas/","https://web.archive.org/web/20130118003808/http://www.press.sk:80/web/pripravujeme-pre-vas/","20130118003808","LISTING"
"http://www.press.sk:80/web/pripravujeme-pre-vas","https://web.archive.org/web/20130330055730/http://www.press.sk:80/web/pripravujeme-pre-vas","20130330055730","LISTING"
"http://www.press.sk/web/pripravujeme-pre-vas/","https://web.archive.org/web/20130513000243/http://www.press.sk/web/pripravujeme-pre-vas/","20130513000243","LISTING"
"http://www.press.sk:80/web/pripravujeme-pre-vas","https://web.archive.org/web/20130529182045/http://www.press.sk:80/web/pripravujeme-pre-vas","20130529182045","LISTING"
"http://www.press.sk:80/web/pripravujeme-pre-vas/","https://web.archive.org/web/20130826113347/http://www.press.sk:80/web/pripravujeme-pre-vas/","20130826113347","LISTING"
"http://www.press.sk:80/web/pripravujeme-pre-vas...","https://web.archive.org/web/20100514023829/http://www.press.sk:80/web/pripravujeme-pre-vas...","20100514023829","LISTING"
"http://www.press.sk:80/web/reedicia-vojnovych-dokumentov-za-jedinecne-ceny/","https://web.archive.org/web/20110120185854/http://www.press.sk:80/web/reedicia-vojnovych-dokumentov-za-jedinecne-ceny/","20110120185854","LISTING"
"http://www.press.sk:80/web/reedicia-vojnovych-dokumentov-za-jedinecne-ceny/","https://web.archive.org/web/20110121220843/http://www.press.sk:80/web/reedicia-vojnovych-dokumentov-za-jedinecne-ceny/","20110121220843","LISTING"
"http://www.press.sk:80/web/reedicia-vojnovych-dokumentov-za-jedinecne-ceny/","https://web.archive.org/web/20110327140206/http://www.press.sk:80/web/reedicia-vojnovych-dokumentov-za-jedinecne-ceny/","20110327140206","LISTING"
"http://www.press.sk/web/stolny-letecky-kalendar-2012/","https://web.archive.org/web/20120307103740/http://www.press.sk/web/stolny-letecky-kalendar-2012/","20120307103740","LISTING"
"http://www.press.sk:80/web/valecna-technika---reedicia-vojnovych-dokumentov-za-jedinecne-ceny/","https://web.archive.org/web/20101121004958/http://www.press.sk:80/web/valecna-technika---reedicia-vojnovych-dokumentov-za-jedinecne-ceny/","20101121004958","LISTING"
"http://www.press.sk:80/web/valecna-technika---reedicia-vojnovych-dokumentov-za-jedinecne-ceny/","https://web.archive.org/web/20110120185859/http://www.press.sk:80/web/valecna-technika---reedicia-vojnovych-dokumentov-za-jedinecne-ceny/","20110120185859","LISTING"
"http://www.press.sk:80/web/valecna-technika---reedicia-vojnovych-dokumentov-za-jedinecne-ceny/","https://web.archive.org/web/20110121220921/http://www.press.sk:80/web/valecna-technika---reedicia-vojnovych-dokumentov-za-jedinecne-ceny/","20110121220921","LISTING"
"http://www.press.sk:80/web/valecna-technika---reedicia-vojnovych-dokumentov-za-jedinecne-ceny/","https://web.archive.org/web/20110327140108/http://www.press.sk:80/web/valecna-technika---reedicia-vojnovych-dokumentov-za-jedinecne-ceny/","20110327140108","LISTING"
"http://www.press.sk:80/web/velka-predplatitelska-sutaz-auto-magazinu","https://web.archive.org/web/20110117192814/http://www.press.sk:80/web/velka-predplatitelska-sutaz-auto-magazinu","20110117192814","LISTING"
"http://www.press.sk:80/web/velka-predplatitelska-sutaz-auto-magazinu/","https://web.archive.org/web/20110120204924/http://www.press.sk:80/web/velka-predplatitelska-sutaz-auto-magazinu/","20110120204924","LISTING"
"http://www.press.sk/web/venkov--styl-v-znameni-vianoc/","https://web.archive.org/web/20140214092840/http://www.press.sk/web/venkov--styl-v-znameni-vianoc/","20140214092840","LISTING"
"http://www.press.sk:80/web/vianocny-darcek-z-vydavatelstva-magnet-press","https://web.archive.org/web/20110117192928/http://www.press.sk:80/web/vianocny-darcek-z-vydavatelstva-magnet-press","20110117192928","LISTING"
"http://www.press.sk:80/web/vianocny-darcek-z-vydavatelstva-magnet-press","https://web.archive.org/web/20110218082805/http://www.press.sk:80/web/vianocny-darcek-z-vydavatelstva-magnet-press","20110218082805","LISTING"
"http://www.press.sk:80/web/vrtulniky-prileteli-z-tlaciarne/","https://web.archive.org/web/20111202072731/http://www.press.sk:80/web/vrtulniky-prileteli-z-tlaciarne/","20111202072731","LISTING"
"http://www.press.sk/web/vrtulniky-prileteli-z-tlaciarne/","https://web.archive.org/web/20120208135147/http://www.press.sk/web/vrtulniky-prileteli-z-tlaciarne/","20120208135147","LISTING"
"http://www.press.sk/web/vrtulniky-prileteli-z-tlaciarne/","https://web.archive.org/web/20120307102622/http://www.press.sk/web/vrtulniky-prileteli-z-tlaciarne/","20120307102622","LISTING"
"http://www.press.sk:80/web/vyber-z--periodik-51.tyzden","https://web.archive.org/web/20100125104257/http://www.press.sk:80/web/vyber-z--periodik-51.tyzden","20100125104257","LISTING"
"http://www.press.sk:80/web/vyber-z-periodik-1.tyzden","https://web.archive.org/web/20090224024632/http://www.press.sk:80/web/vyber-z-periodik-1.tyzden","20090224024632","LISTING"
"http://www.press.sk:80/web/vyber-z-periodik-1.tyzden","https://web.archive.org/web/20090327123242/http://www.press.sk:80/web/vyber-z-periodik-1.tyzden","20090327123242","LISTING"
"http://www.press.sk:80/web/vyber-z-periodik-1.tyzden","https://web.archive.org/web/20090428014944/http://www.press.sk:80/web/vyber-z-periodik-1.tyzden","20090428014944","LISTING"
"http://www.press.sk:80/web/vyber-z-periodik-1.tyzden","https://web.archive.org/web/20090529060343/http://www.press.sk:80/web/vyber-z-periodik-1.tyzden","20090529060343","LISTING"
"http://www.press.sk:80/web/vyber-z-periodik-1.tyzden","https://web.archive.org/web/20100105090356/http://www.press.sk:80/web/vyber-z-periodik-1.tyzden","20100105090356","LISTING"
"http://www.press.sk:80/web/vyber-z-periodik-10.tyzden","https://web.archive.org/web/20100412100254/http://www.press.sk:80/web/vyber-z-periodik-10.tyzden","20100412100254","LISTING"
"http://www.press.sk:80/web/vyber-z-periodik-10.tyzden","https://web.archive.org/web/20100514024402/http://www.press.sk:80/web/vyber-z-periodik-10.tyzden","20100514024402","LISTING"
"http://www.press.sk/web/vyber-z-periodik-10.tyzden/","https://web.archive.org/web/20160408092757/http://www.press.sk/web/vyber-z-periodik-10.tyzden/","20160408092757","LISTING"
"http://www.press.sk:80/web/vyber-z-periodik-11.tyzden","https://web.archive.org/web/20100424012032/http://www.press.sk:80/web/vyber-z-periodik-11.tyzden","20100424012032","LISTING"
"http://www.press.sk:80/web/vyber-z-periodik-11.tyzden","https://web.archive.org/web/20100525071418/http://www.press.sk:80/web/vyber-z-periodik-11.tyzden","20100525071418","LISTING"
"http://www.press.sk/web/vyber-z-periodik-11.tyzden/","https://web.archive.org/web/20160515181610/http://www.press.sk/web/vyber-z-periodik-11.tyzden/","20160515181610","LISTING"
"http://www.press.sk:80/web/vyber-z-periodik-12.tyzden","https://web.archive.org/web/20090420203957/http://www.press.sk:80/web/vyber-z-periodik-12.tyzden","20090420203957","LISTING"
"http://www.press.sk:80/web/vyber-z-periodik-12.tyzden","https://web.archive.org/web/20090522053705/http://www.press.sk:80/web/vyber-z-periodik-12.tyzden","20090522053705","LISTING"
"http://www.press.sk:80/web/vyber-z-periodik-12.tyzden","https://web.archive.org/web/20100117152006/http://www.press.sk:80/web/vyber-z-periodik-12.tyzden","20100117152006","LISTING"
"http://www.press.sk:80/web/vyber-z-periodik-12.tyzden","https://web.archive.org/web/20100501074008/http://www.press.sk:80/web/vyber-z-periodik-12.tyzden","20100501074008","LISTING"
"http://www.press.sk:80/web/vyber-z-periodik-12.tyzden","https://web.archive.org/web/20100602185352/http://www.press.sk:80/web/vyber-z-periodik-12.tyzden","20100602185352","LISTING"
"http://www.press.sk/web/vyber-z-periodik-12.tyzden/","https://web.archive.org/web/20150418192808/http://www.press.sk/web/vyber-z-periodik-12.tyzden/","20150418192808","LISTING"
"http://www.press.sk/web/vyber-z-periodik-12.tyzden/","https://web.archive.org/web/20160730211922/http://www.press.sk/web/vyber-z-periodik-12.tyzden/","20160730211922","LISTING"
"http://www.press.sk:80/web/vyber-z-periodik-13.tyzden","https://web.archive.org/web/20100408144640/http://www.press.sk:80/web/vyber-z-periodik-13.tyzden","20100408144640","LISTING"
"http://www.press.sk:80/web/vyber-z-periodik-14.tyzden","https://web.archive.org/web/20100510044411/http://www.press.sk:80/web/vyber-z-periodik-14.tyzden","20100510044411","LISTING"
"http://www.press.sk:80/web/vyber-z-periodik-14.tyzden","https://web.archive.org/web/20100511071150/http://www.press.sk:80/web/vyber-z-periodik-14.tyzden","20100511071150","LISTING"
"http://www.press.sk:80/web/vyber-z-periodik-14.tyzden","https://web.archive.org/web/20100611042549/http://www.press.sk:80/web/vyber-z-periodik-14.tyzden","20100611042549","LISTING"
"http://www.press.sk:80/web/vyber-z-periodik-15.tyzden","https://web.archive.org/web/20100517043656/http://www.press.sk:80/web/vyber-z-periodik-15.tyzden","20100517043656","LISTING"
"http://www.press.sk:80/web/vyber-z-periodik-15.tyzden","https://web.archive.org/web/20100617045245/http://www.press.sk:80/web/vyber-z-periodik-15.tyzden","20100617045245","LISTING"
"http://www.press.sk:80/web/vyber-z-periodik-16.tyzden","https://web.archive.org/web/20100519045714/http://www.press.sk:80/web/vyber-z-periodik-16.tyzden","20100519045714","LISTING"
"http://www.press.sk:80/web/vyber-z-periodik-16.tyzden","https://web.archive.org/web/20100619112250/http://www.press.sk:80/web/vyber-z-periodik-16.tyzden","20100619112250","LISTING"
"http://www.press.sk:80/web/vyber-z-periodik-16.tyzden","https://web.archive.org/web/20100721020757/http://www.press.sk:80/web/vyber-z-periodik-16.tyzden","20100721020757","LISTING"
"http://www.press.sk/web/vyber-z-periodik-17.tyzden/","https://web.archive.org/web/20130513001727/http://www.press.sk/web/vyber-z-periodik-17.tyzden/","20130513001727","LISTING"
"http://www.press.sk:80/web/vyber-z-periodik-2.tyzden/","https://web.archive.org/web/20110119061249/http://www.press.sk:80/web/vyber-z-periodik-2.tyzden/","20110119061249","LISTING"
"http://www.press.sk:80/web/vyber-z-periodik-21.tyzden/","https://web.archive.org/web/20090527072651/http://www.press.sk:80/web/vyber-z-periodik-21.tyzden/","20090527072651","LISTING"
"http://www.press.sk:80/web/vyber-z-periodik-25.tyzden","https://web.archive.org/web/20100106011538/http://www.press.sk:80/web/vyber-z-periodik-25.tyzden","20100106011538","LISTING"
"http://www.press.sk:80/web/vyber-z-periodik-26.tyzden","https://web.archive.org/web/20100107152329/http://www.press.sk:80/web/vyber-z-periodik-26.tyzden","20100107152329","LISTING"
"http://www.press.sk:80/web/vyber-z-periodik-26.tyzden/","https://web.archive.org/web/20120705102256/http://www.press.sk:80/web/vyber-z-periodik-26.tyzden/","20120705102256","LISTING"
"http://www.press.sk/web/vyber-z-periodik-27.tyzden/","https://web.archive.org/web/20140812091228/http://www.press.sk/web/vyber-z-periodik-27.tyzden/","20140812091228","LISTING"
"http://www.press.sk:80/web/vyber-z-periodik-27.tyzden/","https://web.archive.org/web/20150711125348/http://www.press.sk:80/web/vyber-z-periodik-27.tyzden/","20150711125348","LISTING"
"http://www.press.sk/web/vyber-z-periodik-3.tyzden/","https://web.archive.org/web/20120307183222/http://www.press.sk/web/vyber-z-periodik-3.tyzden/","20120307183222","LISTING"
"http://www.press.sk:80/web/vyber-z-periodik-33.tyzden/","https://web.archive.org/web/20100825002336/http://www.press.sk:80/web/vyber-z-periodik-33.tyzden/","20100825002336","LISTING"
"http://www.press.sk:80/web/vyber-z-periodik-33.tyzden/","https://web.archive.org/web/20110911223149/http://www.press.sk:80/web/vyber-z-periodik-33.tyzden/","20110911223149","LISTING"
"http://www.press.sk:80/web/vyber-z-periodik-34.tyzden/","https://web.archive.org/web/20110912032410/http://www.press.sk:80/web/vyber-z-periodik-34.tyzden/","20110912032410","LISTING"
"http://www.press.sk:80/web/vyber-z-periodik-35.tyzden","https://web.archive.org/web/20090903115243/http://www.press.sk:80/web/vyber-z-periodik-35.tyzden","20090903115243","LISTING"
"http://www.press.sk:80/web/vyber-z-periodik-35.tyzden","https://web.archive.org/web/20100109122011/http://www.press.sk:80/web/vyber-z-periodik-35.tyzden","20100109122011","LISTING"
"http://www.press.sk:80/web/vyber-z-periodik-35.tyzden/","https://web.archive.org/web/20160906091153/http://www.press.sk:80/web/vyber-z-periodik-35.tyzden/","20160906091153","LISTING"
"http://www.press.sk:80/web/vyber-z-periodik-36.tyzden","https://web.archive.org/web/20090911041730/http://www.press.sk:80/web/vyber-z-periodik-36.tyzden","20090911041730","LISTING"
"http://www.press.sk:80/web/vyber-z-periodik-36.tyzden","https://web.archive.org/web/20100106011543/http://www.press.sk:80/web/vyber-z-periodik-36.tyzden","20100106011543","LISTING"
"http://www.press.sk:80/web/vyber-z-periodik-38.tyzden","https://web.archive.org/web/20090923011147/http://www.press.sk:80/web/vyber-z-periodik-38.tyzden","20090923011147","LISTING"
"http://www.press.sk:80/web/vyber-z-periodik-38.tyzden","https://web.archive.org/web/20100107033105/http://www.press.sk:80/web/vyber-z-periodik-38.tyzden","20100107033105","LISTING"
"http://www.press.sk:80/web/vyber-z-periodik-39.tyzden","https://web.archive.org/web/20091218093708/http://www.press.sk:80/web/vyber-z-periodik-39.tyzden","20091218093708","LISTING"
"http://www.press.sk:80/web/vyber-z-periodik-4.tyzden","https://web.archive.org/web/20090327123340/http://www.press.sk:80/web/vyber-z-periodik-4.tyzden","20090327123340","LISTING"
"http://www.press.sk:80/web/vyber-z-periodik-4.tyzden","https://web.archive.org/web/20090428024228/http://www.press.sk:80/web/vyber-z-periodik-4.tyzden","20090428024228","LISTING"
"http://www.press.sk:80/web/vyber-z-periodik-4.tyzden","https://web.archive.org/web/20090529082037/http://www.press.sk:80/web/vyber-z-periodik-4.tyzden","20090529082037","LISTING"
"http://www.press.sk:80/web/vyber-z-periodik-4.tyzden","https://web.archive.org/web/20091223085507/http://www.press.sk:80/web/vyber-z-periodik-4.tyzden","20091223085507","LISTING"
"http://www.press.sk:80/web/vyber-z-periodik-40.tyzden","https://web.archive.org/web/20091230165234/http://www.press.sk:80/web/vyber-z-periodik-40.tyzden","20091230165234","LISTING"
"http://www.press.sk/web/vyber-z-periodik-40.tyzden/","https://web.archive.org/web/20161030104945/http://www.press.sk/web/vyber-z-periodik-40.tyzden/","20161030104945","LISTING"
"http://www.press.sk:80/web/vyber-z-periodik-41.tyzden","https://web.archive.org/web/20100125110345/http://www.press.sk:80/web/vyber-z-periodik-41.tyzden","20100125110345","LISTING"
"http://www.press.sk/web/vyber-z-periodik-41.tyzden/","https://web.archive.org/web/20161225132913/http://www.press.sk/web/vyber-z-periodik-41.tyzden/","20161225132913","LISTING"
"http://www.press.sk:80/web/vyber-z-periodik-42.tyzden","https://web.archive.org/web/20100128183318/http://www.press.sk:80/web/vyber-z-periodik-42.tyzden","20100128183318","LISTING"
"http://www.press.sk:80/web/vyber-z-periodik-43.tyzden","https://web.archive.org/web/20100117082710/http://www.press.sk:80/web/vyber-z-periodik-43.tyzden","20100117082710","LISTING"
"http://www.press.sk/web/vyber-z-periodik-43.tyzden/","https://web.archive.org/web/20170402174218/http://www.press.sk/web/vyber-z-periodik-43.tyzden/","20170402174218","LISTING"
"http://www.press.sk:80/web/vyber-z-periodik-44.tyzden","https://web.archive.org/web/20100107172417/http://www.press.sk:80/web/vyber-z-periodik-44.tyzden","20100107172417","LISTING"
"http://www.press.sk:80/web/vyber-z-periodik-45.tyzden","https://web.archive.org/web/20111213160504/http://www.press.sk:80/web/vyber-z-periodik-45.tyzden","20111213160504","LISTING"
"http://www.press.sk:80/web/vyber-z-periodik-45.tyzden","https://web.archive.org/web/20120115084136/http://www.press.sk:80/web/vyber-z-periodik-45.tyzden","20120115084136","LISTING"
"http://www.press.sk:80/web/vyber-z-periodik-45.tyzden","https://web.archive.org/web/20120222233354/http://www.press.sk:80/web/vyber-z-periodik-45.tyzden","20120222233354","LISTING"
"http://www.press.sk:80/web/vyber-z-periodik-45.tyzden","https://web.archive.org/web/20120420205743/http://www.press.sk:80/web/vyber-z-periodik-45.tyzden","20120420205743","LISTING"
"http://www.press.sk:80/web/vyber-z-periodik-45.tyzden","https://web.archive.org/web/20120629021403/http://www.press.sk:80/web/vyber-z-periodik-45.tyzden","20120629021403","LISTING"
"http://www.press.sk:80/web/vyber-z-periodik-45.tyzden","https://web.archive.org/web/20120817081904/http://www.press.sk:80/web/vyber-z-periodik-45.tyzden","20120817081904","LISTING"
"http://www.press.sk:80/web/vyber-z-periodik-45.tyzden","https://web.archive.org/web/20121105010223/http://www.press.sk:80/web/vyber-z-periodik-45.tyzden","20121105010223","LISTING"
"http://www.press.sk:80/web/vyber-z-periodik-45.tyzden","https://web.archive.org/web/20121229231655/http://www.press.sk:80/web/vyber-z-periodik-45.tyzden","20121229231655","LISTING"
"http://www.press.sk:80/web/vyber-z-periodik-45.tyzden","https://web.archive.org/web/20130524032412/http://www.press.sk:80/web/vyber-z-periodik-45.tyzden","20130524032412","LISTING"
"http://www.press.sk:80/web/vyber-z-periodik-45.tyzden/","https://web.archive.org/web/20161115044317/http://www.press.sk:80/web/vyber-z-periodik-45.tyzden/","20161115044317","LISTING"
"http://www.press.sk:80/web/vyber-z-periodik-46.tyzden","https://web.archive.org/web/20100117152011/http://www.press.sk:80/web/vyber-z-periodik-46.tyzden","20100117152011","LISTING"
"http://www.press.sk:80/web/vyber-z-periodik-46.tyzden","https://web.archive.org/web/20111218200052/http://www.press.sk:80/web/vyber-z-periodik-46.tyzden","20111218200052","LISTING"
"http://www.press.sk:80/web/vyber-z-periodik-46.tyzden","https://web.archive.org/web/20120119041153/http://www.press.sk:80/web/vyber-z-periodik-46.tyzden","20120119041153","LISTING"
"http://www.press.sk:80/web/vyber-z-periodik-46.tyzden","https://web.archive.org/web/20120225223431/http://www.press.sk:80/web/vyber-z-periodik-46.tyzden","20120225223431","LISTING"
"http://www.press.sk:80/web/vyber-z-periodik-46.tyzden","https://web.archive.org/web/20120418192520/http://www.press.sk:80/web/vyber-z-periodik-46.tyzden","20120418192520","LISTING"
"http://www.press.sk:80/web/vyber-z-periodik-46.tyzden","https://web.archive.org/web/20120627121344/http://www.press.sk:80/web/vyber-z-periodik-46.tyzden","20120627121344","LISTING"
"http://www.press.sk:80/web/vyber-z-periodik-46.tyzden","https://web.archive.org/web/20120815155955/http://www.press.sk:80/web/vyber-z-periodik-46.tyzden","20120815155955","LISTING"
"http://www.press.sk:80/web/vyber-z-periodik-46.tyzden","https://web.archive.org/web/20121104133947/http://www.press.sk:80/web/vyber-z-periodik-46.tyzden","20121104133947","LISTING"
"http://www.press.sk:80/web/vyber-z-periodik-46.tyzden","https://web.archive.org/web/20121231082321/http://www.press.sk:80/web/vyber-z-periodik-46.tyzden","20121231082321","LISTING"
"http://www.press.sk:80/web/vyber-z-periodik-46.tyzden","https://web.archive.org/web/20130529050913/http://www.press.sk:80/web/vyber-z-periodik-46.tyzden","20130529050913","LISTING"
"http://www.press.sk:80/web/vyber-z-periodik-47.tyzden","https://web.archive.org/web/20100106114945/http://www.press.sk:80/web/vyber-z-periodik-47.tyzden","20100106114945","LISTING"
"http://www.press.sk:80/web/vyber-z-periodik-48.tyzden","https://web.archive.org/web/20100107132823/http://www.press.sk:80/web/vyber-z-periodik-48.tyzden","20100107132823","LISTING"
"http://www.press.sk:80/web/vyber-z-periodik-48.tyzden","https://web.archive.org/web/20120102091916/http://www.press.sk:80/web/vyber-z-periodik-48.tyzden","20120102091916","LISTING"
"http://www.press.sk:80/web/vyber-z-periodik-48.tyzden","https://web.archive.org/web/20120201204844/http://www.press.sk:80/web/vyber-z-periodik-48.tyzden","20120201204844","LISTING"
"http://www.press.sk:80/web/vyber-z-periodik-48.tyzden","https://web.archive.org/web/20120303191134/http://www.press.sk:80/web/vyber-z-periodik-48.tyzden","20120303191134","LISTING"
"http://www.press.sk:80/web/vyber-z-periodik-48.tyzden","https://web.archive.org/web/20120418182323/http://www.press.sk:80/web/vyber-z-periodik-48.tyzden","20120418182323","LISTING"
"http://www.press.sk:80/web/vyber-z-periodik-48.tyzden","https://web.archive.org/web/20120629001342/http://www.press.sk:80/web/vyber-z-periodik-48.tyzden","20120629001342","LISTING"
"http://www.press.sk:80/web/vyber-z-periodik-48.tyzden","https://web.archive.org/web/20120818175522/http://www.press.sk:80/web/vyber-z-periodik-48.tyzden","20120818175522","LISTING"
"http://www.press.sk:80/web/vyber-z-periodik-48.tyzden","https://web.archive.org/web/20121103164735/http://www.press.sk:80/web/vyber-z-periodik-48.tyzden","20121103164735","LISTING"
"http://www.press.sk:80/web/vyber-z-periodik-48.tyzden","https://web.archive.org/web/20130101181259/http://www.press.sk:80/web/vyber-z-periodik-48.tyzden","20130101181259","LISTING"
"http://www.press.sk:80/web/vyber-z-periodik-48.tyzden","https://web.archive.org/web/20130528103757/http://www.press.sk:80/web/vyber-z-periodik-48.tyzden","20130528103757","LISTING"
"http://www.press.sk:80/web/vyber-z-periodik-49.tyzden","https://web.archive.org/web/20100110085846/http://www.press.sk:80/web/vyber-z-periodik-49.tyzden","20100110085846","LISTING"
"http://www.press.sk:80/web/vyber-z-periodik-49.tyzden","https://web.archive.org/web/20120109122840/http://www.press.sk:80/web/vyber-z-periodik-49.tyzden","20120109122840","LISTING"
"http://www.press.sk:80/web/vyber-z-periodik-49.tyzden","https://web.archive.org/web/20120209152806/http://www.press.sk:80/web/vyber-z-periodik-49.tyzden","20120209152806","LISTING"
"http://www.press.sk:80/web/vyber-z-periodik-49.tyzden","https://web.archive.org/web/20120311203113/http://www.press.sk:80/web/vyber-z-periodik-49.tyzden","20120311203113","LISTING"
"http://www.press.sk:80/web/vyber-z-periodik-49.tyzden","https://web.archive.org/web/20120419223228/http://www.press.sk:80/web/vyber-z-periodik-49.tyzden","20120419223228","LISTING"
"http://www.press.sk:80/web/vyber-z-periodik-49.tyzden","https://web.archive.org/web/20120626214323/http://www.press.sk:80/web/vyber-z-periodik-49.tyzden","20120626214323","LISTING"
"http://www.press.sk:80/web/vyber-z-periodik-49.tyzden","https://web.archive.org/web/20120826214223/http://www.press.sk:80/web/vyber-z-periodik-49.tyzden","20120826214223","LISTING"
"http://www.press.sk:80/web/vyber-z-periodik-49.tyzden","https://web.archive.org/web/20121027104827/http://www.press.sk:80/web/vyber-z-periodik-49.tyzden","20121027104827","LISTING"
"http://www.press.sk:80/web/vyber-z-periodik-49.tyzden","https://web.archive.org/web/20121127202110/http://www.press.sk:80/web/vyber-z-periodik-49.tyzden","20121127202110","LISTING"
"http://www.press.sk:80/web/vyber-z-periodik-49.tyzden","https://web.archive.org/web/20130103134049/http://www.press.sk:80/web/vyber-z-periodik-49.tyzden","20130103134049","LISTING"
"http://www.press.sk:80/web/vyber-z-periodik-49.tyzden","https://web.archive.org/web/20130524013532/http://www.press.sk:80/web/vyber-z-periodik-49.tyzden","20130524013532","LISTING"
"http://www.press.sk:80/web/vyber-z-periodik-5.tyzden","https://web.archive.org/web/20090302005432/http://www.press.sk:80/web/vyber-z-periodik-5.tyzden","20090302005432","LISTING"
"http://www.press.sk:80/web/vyber-z-periodik-5.tyzden","https://web.archive.org/web/20090401184214/http://www.press.sk:80/web/vyber-z-periodik-5.tyzden","20090401184214","LISTING"
"http://www.press.sk:80/web/vyber-z-periodik-5.tyzden","https://web.archive.org/web/20090503052617/http://www.press.sk:80/web/vyber-z-periodik-5.tyzden","20090503052617","LISTING"
"http://www.press.sk:80/web/vyber-z-periodik-5.tyzden","https://web.archive.org/web/20100117152108/http://www.press.sk:80/web/vyber-z-periodik-5.tyzden","20100117152108","LISTING"
"http://www.press.sk:80/web/vyber-z-periodik-50.tyzden","https://web.archive.org/web/20100125104326/http://www.press.sk:80/web/vyber-z-periodik-50.tyzden","20100125104326","LISTING"
"http://www.press.sk:80/web/vyber-z-periodik-50.tyzden","https://web.archive.org/web/20120109102339/http://www.press.sk:80/web/vyber-z-periodik-50.tyzden","20120109102339","LISTING"
"http://www.press.sk:80/web/vyber-z-periodik-50.tyzden","https://web.archive.org/web/20120209145551/http://www.press.sk:80/web/vyber-z-periodik-50.tyzden","20120209145551","LISTING"
"http://www.press.sk:80/web/vyber-z-periodik-50.tyzden","https://web.archive.org/web/20120311200058/http://www.press.sk:80/web/vyber-z-periodik-50.tyzden","20120311200058","LISTING"
"http://www.press.sk:80/web/vyber-z-periodik-50.tyzden","https://web.archive.org/web/20120418193631/http://www.press.sk:80/web/vyber-z-periodik-50.tyzden","20120418193631","LISTING"
"http://www.press.sk:80/web/vyber-z-periodik-50.tyzden","https://web.archive.org/web/20120627020435/http://www.press.sk:80/web/vyber-z-periodik-50.tyzden","20120627020435","LISTING"
"http://www.press.sk:80/web/vyber-z-periodik-50.tyzden","https://web.archive.org/web/20120826182953/http://www.press.sk:80/web/vyber-z-periodik-50.tyzden","20120826182953","LISTING"
"http://www.press.sk:80/web/vyber-z-periodik-50.tyzden","https://web.archive.org/web/20121103161031/http://www.press.sk:80/web/vyber-z-periodik-50.tyzden","20121103161031","LISTING"
"http://www.press.sk:80/web/vyber-z-periodik-50.tyzden","https://web.archive.org/web/20130103134128/http://www.press.sk:80/web/vyber-z-periodik-50.tyzden","20130103134128","LISTING"
"http://www.press.sk:80/web/vyber-z-periodik-50.tyzden","https://web.archive.org/web/20130523012040/http://www.press.sk:80/web/vyber-z-periodik-50.tyzden","20130523012040","LISTING"
"http://www.press.sk:80/web/vyber-z-periodik-51.tyzden/","https://web.archive.org/web/20101231145037/http://www.press.sk:80/web/vyber-z-periodik-51.tyzden/","20101231145037","LISTING"
"http://www.press.sk:80/web/vyber-z-periodik-51.tyzden/","https://web.archive.org/web/20110101172310/http://www.press.sk:80/web/vyber-z-periodik-51.tyzden/","20110101172310","LISTING"
"http://www.press.sk:80/web/vyber-z-periodik-51.tyzden","https://web.archive.org/web/20120107224021/http://www.press.sk:80/web/vyber-z-periodik-51.tyzden","20120107224021","LISTING"
"http://www.press.sk:80/web/vyber-z-periodik-51.tyzden/","https://web.archive.org/web/20120111140327/http://www.press.sk:80/web/vyber-z-periodik-51.tyzden/","20120111140327","LISTING"
"http://www.press.sk:80/web/vyber-z-periodik-51.tyzden","https://web.archive.org/web/20120207203046/http://www.press.sk:80/web/vyber-z-periodik-51.tyzden","20120207203046","LISTING"
"http://www.press.sk:80/web/vyber-z-periodik-51.tyzden","https://web.archive.org/web/20120309184052/http://www.press.sk:80/web/vyber-z-periodik-51.tyzden","20120309184052","LISTING"
"http://www.press.sk:80/web/vyber-z-periodik-51.tyzden","https://web.archive.org/web/20120418204041/http://www.press.sk:80/web/vyber-z-periodik-51.tyzden","20120418204041","LISTING"
"http://www.press.sk:80/web/vyber-z-periodik-51.tyzden","https://web.archive.org/web/20120627025654/http://www.press.sk:80/web/vyber-z-periodik-51.tyzden","20120627025654","LISTING"
"http://www.press.sk:80/web/vyber-z-periodik-51.tyzden","https://web.archive.org/web/20120818223628/http://www.press.sk:80/web/vyber-z-periodik-51.tyzden","20120818223628","LISTING"
"http://www.press.sk:80/web/vyber-z-periodik-51.tyzden","https://web.archive.org/web/20121103213444/http://www.press.sk:80/web/vyber-z-periodik-51.tyzden","20121103213444","LISTING"
"http://www.press.sk:80/web/vyber-z-periodik-51.tyzden","https://web.archive.org/web/20121229074356/http://www.press.sk:80/web/vyber-z-periodik-51.tyzden","20121229074356","LISTING"
"http://www.press.sk:80/web/vyber-z-periodik-51.tyzden","https://web.archive.org/web/20130530230128/http://www.press.sk:80/web/vyber-z-periodik-51.tyzden","20130530230128","LISTING"
"http://www.press.sk:80/web/vyber-z-periodik-52.tyzden","https://web.archive.org/web/20120110042246/http://www.press.sk:80/web/vyber-z-periodik-52.tyzden","20120110042246","LISTING"
"http://www.press.sk:80/web/vyber-z-periodik-52.tyzden","https://web.archive.org/web/20120210070621/http://www.press.sk:80/web/vyber-z-periodik-52.tyzden","20120210070621","LISTING"
"http://www.press.sk:80/web/vyber-z-periodik-52.tyzden","https://web.archive.org/web/20120312164646/http://www.press.sk:80/web/vyber-z-periodik-52.tyzden","20120312164646","LISTING"
"http://www.press.sk:80/web/vyber-z-periodik-52.tyzden","https://web.archive.org/web/20120419194759/http://www.press.sk:80/web/vyber-z-periodik-52.tyzden","20120419194759","LISTING"
"http://www.press.sk:80/web/vyber-z-periodik-52.tyzden","https://web.archive.org/web/20120627123621/http://www.press.sk:80/web/vyber-z-periodik-52.tyzden","20120627123621","LISTING"
"http://www.press.sk:80/web/vyber-z-periodik-52.tyzden","https://web.archive.org/web/20120818080622/http://www.press.sk:80/web/vyber-z-periodik-52.tyzden","20120818080622","LISTING"
"http://www.press.sk:80/web/vyber-z-periodik-52.tyzden","https://web.archive.org/web/20121104034833/http://www.press.sk:80/web/vyber-z-periodik-52.tyzden","20121104034833","LISTING"
"http://www.press.sk:80/web/vyber-z-periodik-52.tyzden","https://web.archive.org/web/20121230153802/http://www.press.sk:80/web/vyber-z-periodik-52.tyzden","20121230153802","LISTING"
"http://www.press.sk:80/web/vyber-z-periodik-52.tyzden","https://web.archive.org/web/20130523162936/http://www.press.sk:80/web/vyber-z-periodik-52.tyzden","20130523162936","LISTING"
"http://www.press.sk:80/web/vyber-z-periodik-6.tyzden","https://web.archive.org/web/20090410000445/http://www.press.sk:80/web/vyber-z-periodik-6.tyzden","20090410000445","LISTING"
"http://www.press.sk:80/web/vyber-z-periodik-6.tyzden","https://web.archive.org/web/20090512061343/http://www.press.sk:80/web/vyber-z-periodik-6.tyzden","20090512061343","LISTING"
"http://www.press.sk/web/vyber-z-periodik-6.tyzden/","https://web.archive.org/web/20140214082109/http://www.press.sk/web/vyber-z-periodik-6.tyzden/","20140214082109","LISTING"
"http://www.press.sk:80/web/vyber-z-periodik-7.tyzden","https://web.archive.org/web/20090322152929/http://www.press.sk:80/web/vyber-z-periodik-7.tyzden","20090322152929","LISTING"
"http://www.press.sk:80/web/vyber-z-periodik-7.tyzden","https://web.archive.org/web/20090422105917/http://www.press.sk:80/web/vyber-z-periodik-7.tyzden","20090422105917","LISTING"
"http://www.press.sk:80/web/vyber-z-periodik-7.tyzden","https://web.archive.org/web/20090523060406/http://www.press.sk:80/web/vyber-z-periodik-7.tyzden","20090523060406","LISTING"
"http://www.press.sk:80/web/vyber-z-periodik-7.tyzden","https://web.archive.org/web/20100107160142/http://www.press.sk:80/web/vyber-z-periodik-7.tyzden","20100107160142","LISTING"
"http://www.press.sk:80/web/vyber-z-periodik-8.tyzden","https://web.archive.org/web/20090326043359/http://www.press.sk:80/web/vyber-z-periodik-8.tyzden","20090326043359","LISTING"
"http://www.press.sk:80/web/vyber-z-periodik-8.tyzden","https://web.archive.org/web/20090426004203/http://www.press.sk:80/web/vyber-z-periodik-8.tyzden","20090426004203","LISTING"
"http://www.press.sk:80/web/vyber-z-periodik-8.tyzden","https://web.archive.org/web/20100111150940/http://www.press.sk:80/web/vyber-z-periodik-8.tyzden","20100111150940","LISTING"
"http://www.press.sk:80/web/vyber-z-periodik-9.tyzden","https://web.archive.org/web/20090330184339/http://www.press.sk:80/web/vyber-z-periodik-9.tyzden","20090330184339","LISTING"
"http://www.press.sk:80/web/vyber-z-periodik-9.tyzden","https://web.archive.org/web/20090430154813/http://www.press.sk:80/web/vyber-z-periodik-9.tyzden","20090430154813","LISTING"
"http://www.press.sk:80/web/vyber-z-periodik-9.tyzden","https://web.archive.org/web/20100309051055/http://www.press.sk:80/web/vyber-z-periodik-9.tyzden","20100309051055","LISTING"
"http://www.press.sk:80/web/vyber-z-periodik-9.tyzden","https://web.archive.org/web/20100410024051/http://www.press.sk:80/web/vyber-z-periodik-9.tyzden","20100410024051","LISTING"
"http://www.press.sk:80/web/vyber-z-periodik-9.tyzden/","https://web.archive.org/web/20110310184006/http://www.press.sk:80/web/vyber-z-periodik-9.tyzden/","20110310184006","LISTING"
"http://www.press.sk/web/vyber-z-periodik-9.tyzden/","https://web.archive.org/web/20160324110457/http://www.press.sk/web/vyber-z-periodik-9.tyzden/","20160324110457","LISTING"
"http://www.press.sk/web/vychadza-marcove-cislo-mesacnika-atm/","https://web.archive.org/web/20150418191118/http://www.press.sk/web/vychadza-marcove-cislo-mesacnika-atm/","20150418191118","LISTING"
"http://www.press.sk/web/vypredaj-knih.-ceny-uz-od-050e./","https://web.archive.org/web/20140812084650/http://www.press.sk/web/vypredaj-knih.-ceny-uz-od-050e./","20140812084650","LISTING"
"http://www.press.sk:80/web/woman-a-velka-vianocna-sutaz","https://web.archive.org/web/20101224173935/http://www.press.sk:80/web/woman-a-velka-vianocna-sutaz","20101224173935","LISTING"
"http://www.press.sk/zahradkar/","https://web.archive.org/web/20130511014917/http://www.press.sk/zahradkar/","20130511014917","LISTING"
"http://www.press.sk:80/zahradkar/","https://web.archive.org/web/20130726213154/http://www.press.sk:80/zahradkar/","20130726213154","LISTING"
"http://www.press.sk:80/zahradkar/","https://web.archive.org/web/20140110120940/http://www.press.sk:80/zahradkar/","20140110120940","LISTING"
"http://www.press.sk:80/zahradkar/","https://web.archive.org/web/20150910123529/http://www.press.sk:80/zahradkar/","20150910123529","LISTING"
"http://www.press.sk/zahradkar/","https://web.archive.org/web/20160407131709/http://www.press.sk/zahradkar/","20160407131709","LISTING"
"http://www.press.sk:80/zahradkar/","https://web.archive.org/web/20160510060555/http://www.press.sk:80/zahradkar/","20160510060555","LISTING"
"http://www.press.sk/zahradkar/","https://web.archive.org/web/20170406145505/http://www.press.sk/zahradkar/","20170406145505","LISTING"
"http://www.press.sk:80/zahradkarstvo/","https://web.archive.org/web/20081211135326/http://www.press.sk:80/zahradkarstvo/","20081211135326","LISTING"
"http://www.press.sk:80/zahradkarstvo/","https://web.archive.org/web/20081224212623/http://www.press.sk:80/zahradkarstvo/","20081224212623","LISTING"
"http://www.press.sk:80/zahradkarstvo/","https://web.archive.org/web/20090223070920/http://www.press.sk:80/zahradkarstvo/","20090223070920","LISTING"
"http://www.press.sk:80/zahradkarstvo/","https://web.archive.org/web/20090424183955/http://www.press.sk:80/zahradkarstvo/","20090424183955","LISTING"
"http://www.press.sk:80/zahradkarstvo/","https://web.archive.org/web/20090817224127/http://www.press.sk:80/zahradkarstvo/","20090817224127","LISTING"
"http://www.press.sk:80/zahradkarstvo/","https://web.archive.org/web/20091017195118/http://www.press.sk:80/zahradkarstvo/","20091017195118","LISTING"
"http://www.press.sk:80/zahradkarstvo/","https://web.archive.org/web/20091217140631/http://www.press.sk:80/zahradkarstvo/","20091217140631","LISTING"
"http://www.press.sk:80/zahradkarstvo/","https://web.archive.org/web/20100325135635/http://www.press.sk:80/zahradkarstvo/","20100325135635","LISTING"
"http://www.press.sk:80/zahradkarstvo/","https://web.archive.org/web/20101004000258/http://www.press.sk:80/zahradkarstvo/","20101004000258","LISTING"
"http://www.press.sk:80/zahradkarstvo/","https://web.archive.org/web/20110217022121/http://www.press.sk:80/zahradkarstvo/","20110217022121","LISTING"
"http://www.press.sk:80/zahradkarstvo/","https://web.archive.org/web/20110627094830/http://www.press.sk:80/zahradkarstvo/","20110627094830","LISTING"
"http://www.press.sk:80/zahradkarstvo/","https://web.archive.org/web/20110827030411/http://www.press.sk:80/zahradkarstvo/","20110827030411","LISTING"
"http://www.press.sk:80/zahradkarstvo/","https://web.archive.org/web/20121018022236/http://www.press.sk:80/zahradkarstvo/","20121018022236","LISTING"
"http://www.press.sk/zahradkarstvo/","https://web.archive.org/web/20130511020711/http://www.press.sk/zahradkarstvo/","20130511020711","LISTING"
"http://www.press.sk:80/zahradkarstvo/","https://web.archive.org/web/20160713131411/http://www.press.sk:80/zahradkarstvo/","20160713131411","LISTING"
"http://www.press.sk/zahradkarstvo/","https://web.archive.org/web/20160803103055/http://www.press.sk/zahradkarstvo/","20160803103055","LISTING"
"http://www.press.sk:80/zahradkarstvo","https://web.archive.org/web/20160903072350/http://www.press.sk:80/zahradkarstvo","20160903072350","LISTING"
"http://www.press.sk:80/zahradkarstvo","https://web.archive.org/web/20161005003535/http://www.press.sk:80/zahradkarstvo","20161005003535","LISTING"
"http://www.press.sk:80/zahradkarstvo","https://web.archive.org/web/20161105145204/http://www.press.sk:80/zahradkarstvo","20161105145204","LISTING"
"http://www.press.sk:80/zahradkarstvo/","https://web.archive.org/web/20161107022057/http://www.press.sk:80/zahradkarstvo/","20161107022057","LISTING"
"http://www.press.sk/zahradkarstvo/","https://web.archive.org/web/20170406105546/http://www.press.sk/zahradkarstvo/","20170406105546","LISTING"
"http://www.press.sk/zahradkarstvo/o","a,30,30/,""""""""""""""""""""""""""""""""""""""""""""""""""""""""""""""""https://web.archive.org/web/20130623043944/http://www.press.sk/zahradkarstvo/o,a,30,30/","20130623043944","LISTING"
"http://www.press.sk:80/zahradkarstvo/o","a,30,30/,""""""""""""""""""""""""""""""""""""""""""""""""""""""""""""""""https://web.archive.org/web/20160906094444/http://www.press.sk:80/zahradkarstvo/o,a,30,30/","20160906094444","LISTING"
"http://www.press.sk/zahradkarstvo/o","a,30,60/,""""""""""""""""""""""""""""""""""""""""""""""""""""""""""""""""https://web.archive.org/web/20130623041829/http://www.press.sk/zahradkarstvo/o,a,30,60/","20130623041829","LISTING"
"http://www.press.sk:80/zahradkarstvo/o","a,30,60/,""""""""""""""""""""""""""""""""""""""""""""""""""""""""""""""""https://web.archive.org/web/20160906093019/http://www.press.sk:80/zahradkarstvo/o,a,30,60/","20160906093019","LISTING"
"http://www.press.sk:80/zaujimave-stranky/","https://web.archive.org/web/20081020212111/http://www.press.sk:80/zaujimave-stranky/","20081020212111","LISTING"
"http://www.press.sk:80/zaujimave-stranky/","https://web.archive.org/web/20081023033414/http://www.press.sk:80/zaujimave-stranky/","20081023033414","LISTING"
"http://www.press.sk:80/zberatelske-kolekcie/","https://web.archive.org/web/20170331180956/http://www.press.sk:80/zberatelske-kolekcie/","20170331180956","LISTING"
"http://www.press.sk:80/zberatelske-kolekcie/","https://web.archive.org/web/20170531185829/http://www.press.sk:80/zberatelske-kolekcie/","20170531185829","LISTING"
"http://www.press.sk/zberatelske-kolekcie/","https://web.archive.org/web/20170608073318/http://www.press.sk/zberatelske-kolekcie/","20170608073318","LISTING"
"http://www.press.sk:80/zberatelstvo/","https://web.archive.org/web/20170430212745/http://www.press.sk:80/zberatelstvo/","20170430212745","LISTING"
"http://www.press.sk:80/zbrane-a-technika/","https://web.archive.org/web/20081020212117/http://www.press.sk:80/zbrane-a-technika/","20081020212117","LISTING"
"http://www.press.sk:80/zbrane-a-technika/","https://web.archive.org/web/20081109075332/http://www.press.sk:80/zbrane-a-technika/","20081109075332","LISTING"
"http://www.press.sk:80/zbrane-a-technika/","https://web.archive.org/web/20090222172335/http://www.press.sk:80/zbrane-a-technika/","20090222172335","LISTING"
"http://www.press.sk:80/zbrane-a-technika","https://web.archive.org/web/20090307051257/http://www.press.sk:80/zbrane-a-technika","20090307051257","LISTING"
"http://www.press.sk:80/zbrane-a-technika","https://web.archive.org/web/20090409021347/http://www.press.sk:80/zbrane-a-technika","20090409021347","LISTING"
"http://www.press.sk:80/zbrane-a-technika","https://web.archive.org/web/20090510045157/http://www.press.sk:80/zbrane-a-technika","20090510045157","LISTING"
"http://www.press.sk:80/zbrane-a-technika/","https://web.archive.org/web/20090624210903/http://www.press.sk:80/zbrane-a-technika/","20090624210903","LISTING"
"http://www.press.sk:80/zbrane-a-technika/","https://web.archive.org/web/20090831010626/http://www.press.sk:80/zbrane-a-technika/","20090831010626","LISTING"
"http://www.press.sk:80/zbrane-a-technika/","https://web.archive.org/web/20091030102347/http://www.press.sk:80/zbrane-a-technika/","20091030102347","LISTING"
"http://www.press.sk:80/zbrane-a-technika/","https://web.archive.org/web/20091229221104/http://www.press.sk:80/zbrane-a-technika/","20091229221104","LISTING"
"http://www.press.sk:80/zbrane-a-technika/","https://web.archive.org/web/20100301032451/http://www.press.sk:80/zbrane-a-technika/","20100301032451","LISTING"
"http://www.press.sk:80/zbrane-a-technika/","https://web.archive.org/web/20100501024808/http://www.press.sk:80/zbrane-a-technika/","20100501024808","LISTING"
"http://www.press.sk:80/zbrane-a-technika/","https://web.archive.org/web/20100701044139/http://www.press.sk:80/zbrane-a-technika/","20100701044139","LISTING"
"http://www.press.sk:80/zbrane-a-technika/","https://web.archive.org/web/20100901091108/http://www.press.sk:80/zbrane-a-technika/","20100901091108","LISTING"
"http://www.press.sk:80/zbrane-a-technika","https://web.archive.org/web/20101017235248/http://www.press.sk:80/zbrane-a-technika","20101017235248","LISTING"
"http://www.press.sk:80/zbrane-a-technika","https://web.archive.org/web/20101118123147/http://www.press.sk:80/zbrane-a-technika","20101118123147","LISTING"
"http://www.press.sk:80/zbrane-a-technika/","https://web.archive.org/web/20101124000359/http://www.press.sk:80/zbrane-a-technika/","20101124000359","LISTING"
"http://www.press.sk:80/zbrane-a-technika/","https://web.archive.org/web/20110126073850/http://www.press.sk:80/zbrane-a-technika/","20110126073850","LISTING"
"http://www.press.sk:80/zbrane-a-technika","https://web.archive.org/web/20110201023821/http://www.press.sk:80/zbrane-a-technika","20110201023821","LISTING"
"http://www.press.sk:80/zbrane-a-technika","https://web.archive.org/web/20110305121237/http://www.press.sk:80/zbrane-a-technika","20110305121237","LISTING"
"http://www.press.sk:80/zbrane-a-technika/","https://web.archive.org/web/20110530013030/http://www.press.sk:80/zbrane-a-technika/","20110530013030","LISTING"
"http://www.press.sk:80/zbrane-a-technika/","https://web.archive.org/web/20110730021331/http://www.press.sk:80/zbrane-a-technika/","20110730021331","LISTING"
"http://www.press.sk:80/zbrane-a-technika/","https://web.archive.org/web/20111112171327/http://www.press.sk:80/zbrane-a-technika/","20111112171327","LISTING"
"http://www.press.sk:80/zbrane-a-technika/","https://web.archive.org/web/20120603203712/http://www.press.sk:80/zbrane-a-technika/","20120603203712","LISTING"
"http://www.press.sk:80/zbrane-a-technika/","https://web.archive.org/web/20120825035722/http://www.press.sk:80/zbrane-a-technika/","20120825035722","LISTING"
"http://www.press.sk:80/zbrane-a-technika/","https://web.archive.org/web/20121208022256/http://www.press.sk:80/zbrane-a-technika/","20121208022256","LISTING"
"http://www.press.sk:80/zbrane-a-technika/","https://web.archive.org/web/20130324055703/http://www.press.sk:80/zbrane-a-technika/","20130324055703","LISTING"
"http://www.press.sk:80/zbrane-a-technika","https://web.archive.org/web/20130507101129/http://www.press.sk:80/zbrane-a-technika","20130507101129","LISTING"
"http://www.press.sk/zbrane-a-technika/","https://web.archive.org/web/20130511015720/http://www.press.sk/zbrane-a-technika/","20130511015720","LISTING"
"http://www.press.sk:80/zbrane-a-technika/","https://web.archive.org/web/20130524084615/http://www.press.sk:80/zbrane-a-technika/","20130524084615","LISTING"
"http://www.press.sk:80/zbrane-a-technika/","https://web.archive.org/web/20130825034241/http://www.press.sk:80/zbrane-a-technika/","20130825034241","LISTING"
"http://www.press.sk:80/zbrane-a-technika/","https://web.archive.org/web/20140313122718/http://www.press.sk:80/zbrane-a-technika/","20140313122718","LISTING"
"http://www.press.sk:80/zbrane-a-technika/","https://web.archive.org/web/20140518160045/http://www.press.sk:80/zbrane-a-technika/","20140518160045","LISTING"
"http://www.press.sk:80/zbrane-a-technika/","https://web.archive.org/web/20140718195319/http://www.press.sk:80/zbrane-a-technika/","20140718195319","LISTING"
"http://www.press.sk:80/zbrane-a-technika/","https://web.archive.org/web/20140918043626/http://www.press.sk:80/zbrane-a-technika/","20140918043626","LISTING"
"http://www.press.sk:80/zbrane-a-technika/","https://web.archive.org/web/20150311043127/http://www.press.sk:80/zbrane-a-technika/","20150311043127","LISTING"
"http://www.press.sk:80/zbrane-a-technika","https://web.archive.org/web/20150514023753/http://www.press.sk:80/zbrane-a-technika","20150514023753","LISTING"
"http://www.press.sk:80/zbrane-a-technika/","https://web.archive.org/web/20150515034829/http://www.press.sk:80/zbrane-a-technika/","20150515034829","LISTING"
"http://www.press.sk:80/zbrane-a-technika","https://web.archive.org/web/20150614064456/http://www.press.sk:80/zbrane-a-technika","20150614064456","LISTING"
"http://www.press.sk:80/zbrane-a-technika","https://web.archive.org/web/20150715030150/http://www.press.sk:80/zbrane-a-technika","20150715030150","LISTING"
"http://www.press.sk:80/zbrane-a-technika","https://web.archive.org/web/20150817065547/http://www.press.sk:80/zbrane-a-technika","20150817065547","LISTING"
"http://www.press.sk:80/zbrane-a-technika/","https://web.archive.org/web/20150822005352/http://www.press.sk:80/zbrane-a-technika/","20150822005352","LISTING"
"http://www.press.sk:80/zbrane-a-technika","https://web.archive.org/web/20150917044015/http://www.press.sk:80/zbrane-a-technika","20150917044015","LISTING"
"http://www.press.sk:80/zbrane-a-technika/","https://web.archive.org/web/20151030094128/http://www.press.sk:80/zbrane-a-technika/","20151030094128","LISTING"
"http://www.press.sk:80/zbrane-a-technika","https://web.archive.org/web/20151204104735/http://www.press.sk:80/zbrane-a-technika","20151204104735","LISTING"
"http://www.press.sk:80/zbrane-a-technika","https://web.archive.org/web/20160104191118/http://www.press.sk:80/zbrane-a-technika","20160104191118","LISTING"
"http://www.press.sk:80/zbrane-a-technika/","https://web.archive.org/web/20160221192048/http://www.press.sk:80/zbrane-a-technika/","20160221192048","LISTING"
"http://www.press.sk:80/zbrane-a-technika","https://web.archive.org/web/20160401134620/http://www.press.sk:80/zbrane-a-technika","20160401134620","LISTING"
"http://www.press.sk:80/zbrane-a-technika","https://web.archive.org/web/20160402160936/http://www.press.sk:80/zbrane-a-technika","20160402160936","LISTING"
"http://www.press.sk/zbrane-a-technika/","https://web.archive.org/web/20160407165154/http://www.press.sk/zbrane-a-technika/","20160407165154","LISTING"
"http://www.press.sk:80/zbrane-a-technika/","https://web.archive.org/web/20160507090809/http://www.press.sk:80/zbrane-a-technika/","20160507090809","LISTING"
"http://www.press.sk:80/zbrane-a-technika","https://web.archive.org/web/20160511060859/http://www.press.sk:80/zbrane-a-technika","20160511060859","LISTING"
"http://www.press.sk/zbrane-a-technika/","https://web.archive.org/web/20160624005732/http://www.press.sk/zbrane-a-technika/","20160624005732","LISTING"
"http://www.press.sk:80/zbrane-a-technika","https://web.archive.org/web/20160902004734/http://www.press.sk:80/zbrane-a-technika","20160902004734","LISTING"
"http://www.press.sk:80/zbrane-a-technika","https://web.archive.org/web/20161002234842/http://www.press.sk:80/zbrane-a-technika","20161002234842","LISTING"
"http://www.press.sk:80/zbrane-a-technika","https://web.archive.org/web/20161103134635/http://www.press.sk:80/zbrane-a-technika","20161103134635","LISTING"
"http://www.press.sk/zbrane-a-technika/","https://web.archive.org/web/20170405225927/http://www.press.sk/zbrane-a-technika/","20170405225927","LISTING"
"http://www.press.sk:80/zbrane-a-technika/n","a,10,""""""""""""""""""""""""""""""""""""""""""""""""""""""""""""""""https://web.archive.org/web/20090630030304/http://www.press.sk:80/zbrane-a-technika/n,a,10","20090630030304","LISTING"
"http://www.press.sk:80/zbrane-a-technika/n","a,10,""""""""""""""""""""""""""""""""""""""""""""""""""""""""""""""""https://web.archive.org/web/20091223085527/http://www.press.sk:80/zbrane-a-technika/n,a,10","20091223085527","LISTING"
"http://www.press.sk:80/zbrane-a-technika/n","a,10,10,""""""""""""""""""""""""""""""""""""""""""""""""""""""""""""""""https://web.archive.org/web/20090630030310/http://www.press.sk:80/zbrane-a-technika/n,a,10,10","20090630030310","LISTING"
"http://www.press.sk:80/zbrane-a-technika/n","a,10,100,""""""""""""""""""""""""""""""""""""""""""""""""""""""""""""""""https://web.archive.org/web/20090630030315/http://www.press.sk:80/zbrane-a-technika/n,a,10,100","20090630030315","LISTING"
"http://www.press.sk:80/zbrane-a-technika/n","a,10,100,""""""""""""""""""""""""""""""""""""""""""""""""""""""""""""""""https://web.archive.org/web/20100128161205/http://www.press.sk:80/zbrane-a-technika/n,a,10,100","20100128161205","LISTING"
"http://www.press.sk:80/zbrane-a-technika/n","a,10,110,""""""""""""""""""""""""""""""""""""""""""""""""""""""""""""""""https://web.archive.org/web/20090630030320/http://www.press.sk:80/zbrane-a-technika/n,a,10,110","20090630030320","LISTING"
"http://www.press.sk:80/zbrane-a-technika/n","a,10,120,""""""""""""""""""""""""""""""""""""""""""""""""""""""""""""""""https://web.archive.org/web/20090630025624/http://www.press.sk:80/zbrane-a-technika/n,a,10,120","20090630025624","LISTING"
"http://www.press.sk:80/zbrane-a-technika/n","a,10,120,""""""""""""""""""""""""""""""""""""""""""""""""""""""""""""""""https://web.archive.org/web/20100125113710/http://www.press.sk:80/zbrane-a-technika/n,a,10,120","20100125113710","LISTING"
"http://www.press.sk:80/zbrane-a-technika/n","a,10,130,""""""""""""""""""""""""""""""""""""""""""""""""""""""""""""""""https://web.archive.org/web/20090630030325/http://www.press.sk:80/zbrane-a-technika/n,a,10,130","20090630030325","LISTING"
"http://www.press.sk:80/zbrane-a-technika/n","a,10,130,""""""""""""""""""""""""""""""""""""""""""""""""""""""""""""""""https://web.archive.org/web/20100122153440/http://www.press.sk:80/zbrane-a-technika/n,a,10,130","20100122153440","LISTING"
"http://www.press.sk:80/zbrane-a-technika/n","a,10,140,""""""""""""""""""""""""""""""""""""""""""""""""""""""""""""""""https://web.archive.org/web/20090630030330/http://www.press.sk:80/zbrane-a-technika/n,a,10,140","20090630030330","LISTING"
"http://www.press.sk:80/zbrane-a-technika/n","a,10,140/,""""""""""""""""""""""""""""""""""""""""""""""""""""""""""""""""https://web.archive.org/web/20090701000814/http://www.press.sk:80/zbrane-a-technika/n,a,10,140/","20090701000814","LISTING"
"http://www.press.sk:80/zbrane-a-technika/n","a,10,140,""""""""""""""""""""""""""""""""""""""""""""""""""""""""""""""""https://web.archive.org/web/20100126043346/http://www.press.sk:80/zbrane-a-technika/n,a,10,140","20100126043346","LISTING"
"http://www.press.sk:80/zbrane-a-technika/n","a,10,150,""""""""""""""""""""""""""""""""""""""""""""""""""""""""""""""""https://web.archive.org/web/20090630030336/http://www.press.sk:80/zbrane-a-technika/n,a,10,150","20090630030336","LISTING"
"http://www.press.sk:80/zbrane-a-technika/n","a,10,150/,""""""""""""""""""""""""""""""""""""""""""""""""""""""""""""""""https://web.archive.org/web/20090701000819/http://www.press.sk:80/zbrane-a-technika/n,a,10,150/","20090701000819","LISTING"
"http://www.press.sk:80/zbrane-a-technika/n","a,10,150,""""""""""""""""""""""""""""""""""""""""""""""""""""""""""""""""https://web.archive.org/web/20091214153050/http://www.press.sk:80/zbrane-a-technika/n,a,10,150","20091214153050","LISTING"
"http://www.press.sk:80/zbrane-a-technika/n","a,10,160,""""""""""""""""""""""""""""""""""""""""""""""""""""""""""""""""https://web.archive.org/web/20090630030340/http://www.press.sk:80/zbrane-a-technika/n,a,10,160","20090630030340","LISTING"
"http://www.press.sk:80/zbrane-a-technika/n","a,10,160,""""""""""""""""""""""""""""""""""""""""""""""""""""""""""""""""https://web.archive.org/web/20100106115954/http://www.press.sk:80/zbrane-a-technika/n,a,10,160","20100106115954","LISTING"
"http://www.press.sk:80/zbrane-a-technika/n","a,10,170,""""""""""""""""""""""""""""""""""""""""""""""""""""""""""""""""https://web.archive.org/web/20090630030345/http://www.press.sk:80/zbrane-a-technika/n,a,10,170","20090630030345","LISTING"
"http://www.press.sk:80/zbrane-a-technika/n","a,10,170/,""""""""""""""""""""""""""""""""""""""""""""""""""""""""""""""""https://web.archive.org/web/20090701000824/http://www.press.sk:80/zbrane-a-technika/n,a,10,170/","20090701000824","LISTING"
"http://www.press.sk:80/zbrane-a-technika/n","a,10,170,""""""""""""""""""""""""""""""""""""""""""""""""""""""""""""""""https://web.archive.org/web/20100127140700/http://www.press.sk:80/zbrane-a-technika/n,a,10,170","20100127140700","LISTING"
"http://www.press.sk:80/zbrane-a-technika/n","a,10,180,""""""""""""""""""""""""""""""""""""""""""""""""""""""""""""""""https://web.archive.org/web/20090630030350/http://www.press.sk:80/zbrane-a-technika/n,a,10,180","20090630030350","LISTING"
"http://www.press.sk:80/zbrane-a-technika/n","a,10,180,""""""""""""""""""""""""""""""""""""""""""""""""""""""""""""""""https://web.archive.org/web/20100126022006/http://www.press.sk:80/zbrane-a-technika/n,a,10,180","20100126022006","LISTING"
"http://www.press.sk:80/zbrane-a-technika/n","a,10,20,""""""""""""""""""""""""""""""""""""""""""""""""""""""""""""""""https://web.archive.org/web/20090630030356/http://www.press.sk:80/zbrane-a-technika/n,a,10,20","20090630030356","LISTING"
"http://www.press.sk:80/zbrane-a-technika/n","a,10,20/,""""""""""""""""""""""""""""""""""""""""""""""""""""""""""""""""https://web.archive.org/web/20090701000829/http://www.press.sk:80/zbrane-a-technika/n,a,10,20/","20090701000829","LISTING"
"http://www.press.sk:80/zbrane-a-technika/n","a,10,20,""""""""""""""""""""""""""""""""""""""""""""""""""""""""""""""""https://web.archive.org/web/20100109073625/http://www.press.sk:80/zbrane-a-technika/n,a,10,20","20100109073625","LISTING"
"http://www.press.sk:80/zbrane-a-technika/n","a,10,30,""""""""""""""""""""""""""""""""""""""""""""""""""""""""""""""""https://web.archive.org/web/20090630030401/http://www.press.sk:80/zbrane-a-technika/n,a,10,30","20090630030401","LISTING"
"http://www.press.sk:80/zbrane-a-technika/n","a,10,30/,""""""""""""""""""""""""""""""""""""""""""""""""""""""""""""""""https://web.archive.org/web/20090701000834/http://www.press.sk:80/zbrane-a-technika/n,a,10,30/","20090701000834","LISTING"
"http://www.press.sk:80/zbrane-a-technika/n","a,10,30,""""""""""""""""""""""""""""""""""""""""""""""""""""""""""""""""https://web.archive.org/web/20100107154557/http://www.press.sk:80/zbrane-a-technika/n,a,10,30","20100107154557","LISTING"
"http://www.press.sk:80/zbrane-a-technika/n","a,10,40,""""""""""""""""""""""""""""""""""""""""""""""""""""""""""""""""https://web.archive.org/web/20090630030406/http://www.press.sk:80/zbrane-a-technika/n,a,10,40","20090630030406","LISTING"
"http://www.press.sk:80/zbrane-a-technika/n","a,10,40,""""""""""""""""""""""""""""""""""""""""""""""""""""""""""""""""https://web.archive.org/web/20091221055421/http://www.press.sk:80/zbrane-a-technika/n,a,10,40","20091221055421","LISTING"
"http://www.press.sk:80/zbrane-a-technika/n","a,10,50,""""""""""""""""""""""""""""""""""""""""""""""""""""""""""""""""https://web.archive.org/web/20090630030411/http://www.press.sk:80/zbrane-a-technika/n,a,10,50","20090630030411","LISTING"
"http://www.press.sk:80/zbrane-a-technika/n","a,10,50/,""""""""""""""""""""""""""""""""""""""""""""""""""""""""""""""""https://web.archive.org/web/20090701000839/http://www.press.sk:80/zbrane-a-technika/n,a,10,50/","20090701000839","LISTING"
"http://www.press.sk:80/zbrane-a-technika/n","a,10,50,""""""""""""""""""""""""""""""""""""""""""""""""""""""""""""""""https://web.archive.org/web/20100119093150/http://www.press.sk:80/zbrane-a-technika/n,a,10,50","20100119093150","LISTING"
"http://www.press.sk:80/zbrane-a-technika/n","a,10,60,""""""""""""""""""""""""""""""""""""""""""""""""""""""""""""""""https://web.archive.org/web/20090630030417/http://www.press.sk:80/zbrane-a-technika/n,a,10,60","20090630030417","LISTING"
"http://www.press.sk:80/zbrane-a-technika/n","a,10,60/,""""""""""""""""""""""""""""""""""""""""""""""""""""""""""""""""https://web.archive.org/web/20090701000844/http://www.press.sk:80/zbrane-a-technika/n,a,10,60/","20090701000844","LISTING"
"http://www.press.sk:80/zbrane-a-technika/n","a,10,70,""""""""""""""""""""""""""""""""""""""""""""""""""""""""""""""""https://web.archive.org/web/20090630030421/http://www.press.sk:80/zbrane-a-technika/n,a,10,70","20090630030421","LISTING"
"http://www.press.sk:80/zbrane-a-technika/n","a,10,70/,""""""""""""""""""""""""""""""""""""""""""""""""""""""""""""""""https://web.archive.org/web/20090701000852/http://www.press.sk:80/zbrane-a-technika/n,a,10,70/","20090701000852","LISTING"
"http://www.press.sk:80/zbrane-a-technika/n","a,10,70,""""""""""""""""""""""""""""""""""""""""""""""""""""""""""""""""https://web.archive.org/web/20100107161155/http://www.press.sk:80/zbrane-a-technika/n,a,10,70","20100107161155","LISTING"
"http://www.press.sk:80/zbrane-a-technika/n","a,10,80,""""""""""""""""""""""""""""""""""""""""""""""""""""""""""""""""https://web.archive.org/web/20090630030426/http://www.press.sk:80/zbrane-a-technika/n,a,10,80","20090630030426","LISTING"
"http://www.press.sk:80/zbrane-a-technika/n","a,10,80,""""""""""""""""""""""""""""""""""""""""""""""""""""""""""""""""https://web.archive.org/web/20100107172515/http://www.press.sk:80/zbrane-a-technika/n,a,10,80","20100107172515","LISTING"
"http://www.press.sk:80/zbrane-a-technika/n","a,10,90,""""""""""""""""""""""""""""""""""""""""""""""""""""""""""""""""https://web.archive.org/web/20090630025704/http://www.press.sk:80/zbrane-a-technika/n,a,10,90","20090630025704","LISTING"
"http://www.press.sk:80/zbrane-a-technika/n","a,10,90,""""""""""""""""""""""""""""""""""""""""""""""""""""""""""""""""https://web.archive.org/web/20091218095511/http://www.press.sk:80/zbrane-a-technika/n,a,10,90","20091218095511","LISTING"
"http://www.press.sk:80/zbrane-a-technika/n","a,10,90,""""""""""""""""""""""""""""""""""""""""""""""""""""""""""""""""https://web.archive.org/web/20100124065940/http://www.press.sk:80/zbrane-a-technika/n,a,10,90","20100124065940","LISTING"
"http://www.press.sk:80/zbrane-a-technika/n","a,100,""""""""""""""""""""""""""""""""""""""""""""""""""""""""""""""""https://web.archive.org/web/20091224231820/http://www.press.sk:80/zbrane-a-technika/n,a,100","20091224231820","LISTING"
"http://www.press.sk:80/zbrane-a-technika/n","a,100,""""""""""""""""""""""""""""""""""""""""""""""""""""""""""""""""https://web.archive.org/web/20100127111753/http://www.press.sk:80/zbrane-a-technika/n,a,100","20100127111753","LISTING"
"http://www.press.sk:80/zbrane-a-technika/n","a,100,100/,""""""""""""""""""""""""""""""""""""""""""""""""""""""""""""""""https://web.archive.org/web/20091226171540/http://www.press.sk:80/zbrane-a-technika/n,a,100,100/","20091226171540","LISTING"
"http://www.press.sk:80/zbrane-a-technika/n","a,100,100/,""""""""""""""""""""""""""""""""""""""""""""""""""""""""""""""""https://web.archive.org/web/20100226144548/http://www.press.sk:80/zbrane-a-technika/n,a,100,100/","20100226144548","LISTING"
"http://www.press.sk:80/zbrane-a-technika/n","a,100,100,""""""""""""""""""""""""""""""""""""""""""""""""""""""""""""""""https://web.archive.org/web/20101017075853/http://www.press.sk:80/zbrane-a-technika/n,a,100,100","20101017075853","LISTING"
"http://www.press.sk:80/zbrane-a-technika/n","a,100,100,""""""""""""""""""""""""""""""""""""""""""""""""""""""""""""""""https://web.archive.org/web/20101118123228/http://www.press.sk:80/zbrane-a-technika/n,a,100,100","20101118123228","LISTING"
"http://www.press.sk:80/zbrane-a-technika/n","a,100,200/,""""""""""""""""""""""""""""""""""""""""""""""""""""""""""""""""https://web.archive.org/web/20091226171541/http://www.press.sk:80/zbrane-a-technika/n,a,100,200/","20091226171541","LISTING"
"http://www.press.sk:80/zbrane-a-technika/n","a,30/,""""""""""""""""""""""""""""""""""""""""""""""""""""""""""""""""https://web.archive.org/web/20090213203921/http://www.press.sk:80/zbrane-a-technika/n,a,30/","20090213203921","LISTING"
"http://www.press.sk:80/zbrane-a-technika/n","a,30/,""""""""""""""""""""""""""""""""""""""""""""""""""""""""""""""""https://web.archive.org/web/20100210065624/http://www.press.sk:80/zbrane-a-technika/n,a,30/","20100210065624","LISTING"
"http://www.press.sk:80/zbrane-a-technika/n","a,30,120/,""""""""""""""""""""""""""""""""""""""""""""""""""""""""""""""""https://web.archive.org/web/20090204225542/http://www.press.sk:80/zbrane-a-technika/n,a,30,120/","20090204225542","LISTING"
"http://www.press.sk:80/zbrane-a-technika/n","a,30,120,""""""""""""""""""""""""""""""""""""""""""""""""""""""""""""""""https://web.archive.org/web/20090212174719/http://www.press.sk:80/zbrane-a-technika/n,a,30,120","20090212174719","LISTING"
"http://www.press.sk:80/zbrane-a-technika/n","a,30,120,""""""""""""""""""""""""""""""""""""""""""""""""""""""""""""""""https://web.archive.org/web/20090315061738/http://www.press.sk:80/zbrane-a-technika/n,a,30,120","20090315061738","LISTING"
"http://www.press.sk:80/zbrane-a-technika/n","a,30,120,""""""""""""""""""""""""""""""""""""""""""""""""""""""""""""""""https://web.archive.org/web/20090414213135/http://www.press.sk:80/zbrane-a-technika/n,a,30,120","20090414213135","LISTING"
"http://www.press.sk:80/zbrane-a-technika/n","a,30,120,""""""""""""""""""""""""""""""""""""""""""""""""""""""""""""""""https://web.archive.org/web/20090520052131/http://www.press.sk:80/zbrane-a-technika/n,a,30,120","20090520052131","LISTING"
"http://www.press.sk:80/zbrane-a-technika/n","a,30,120,""""""""""""""""""""""""""""""""""""""""""""""""""""""""""""""""https://web.archive.org/web/20100105121223/http://www.press.sk:80/zbrane-a-technika/n,a,30,120","20100105121223","LISTING"
"http://www.press.sk:80/zbrane-a-technika/n","a,30,120/,""""""""""""""""""""""""""""""""""""""""""""""""""""""""""""""""https://web.archive.org/web/20100210120947/http://www.press.sk:80/zbrane-a-technika/n,a,30,120/","20100210120947","LISTING"
"http://www.press.sk:80/zbrane-a-technika/n","a,30,120,""""""""""""""""""""""""""""""""""""""""""""""""""""""""""""""""https://web.archive.org/web/20110201023904/http://www.press.sk:80/zbrane-a-technika/n,a,30,120","20110201023904","LISTING"
"http://www.press.sk:80/zbrane-a-technika/n","a,30,120,""""""""""""""""""""""""""""""""""""""""""""""""""""""""""""""""https://web.archive.org/web/20110305124932/http://www.press.sk:80/zbrane-a-technika/n,a,30,120","20110305124932","LISTING"
"http://www.press.sk:80/zbrane-a-technika/n","a,30,150/,""""""""""""""""""""""""""""""""""""""""""""""""""""""""""""""""https://web.archive.org/web/20090204200632/http://www.press.sk:80/zbrane-a-technika/n,a,30,150/","20090204200632","LISTING"
"http://www.press.sk:80/zbrane-a-technika/n","a,30,150,""""""""""""""""""""""""""""""""""""""""""""""""""""""""""""""""https://web.archive.org/web/20090212174724/http://www.press.sk:80/zbrane-a-technika/n,a,30,150","20090212174724","LISTING"
"http://www.press.sk:80/zbrane-a-technika/n","a,30,150,""""""""""""""""""""""""""""""""""""""""""""""""""""""""""""""""https://web.archive.org/web/20090315062533/http://www.press.sk:80/zbrane-a-technika/n,a,30,150","20090315062533","LISTING"
"http://www.press.sk:80/zbrane-a-technika/n","a,30,150,""""""""""""""""""""""""""""""""""""""""""""""""""""""""""""""""https://web.archive.org/web/20090414213140/http://www.press.sk:80/zbrane-a-technika/n,a,30,150","20090414213140","LISTING"
"http://www.press.sk:80/zbrane-a-technika/n","a,30,150,""""""""""""""""""""""""""""""""""""""""""""""""""""""""""""""""https://web.archive.org/web/20090520060141/http://www.press.sk:80/zbrane-a-technika/n,a,30,150","20090520060141","LISTING"
"http://www.press.sk:80/zbrane-a-technika/n","a,30,150,""""""""""""""""""""""""""""""""""""""""""""""""""""""""""""""""https://web.archive.org/web/20100107033110/http://www.press.sk:80/zbrane-a-technika/n,a,30,150","20100107033110","LISTING"
"http://www.press.sk:80/zbrane-a-technika/n","a,30,150/,""""""""""""""""""""""""""""""""""""""""""""""""""""""""""""""""https://web.archive.org/web/20100210065031/http://www.press.sk:80/zbrane-a-technika/n,a,30,150/","20100210065031","LISTING"
"http://www.press.sk:80/zbrane-a-technika/n","a,30,150,""""""""""""""""""""""""""""""""""""""""""""""""""""""""""""""""https://web.archive.org/web/20110201021159/http://www.press.sk:80/zbrane-a-technika/n,a,30,150","20110201021159","LISTING"
"http://www.press.sk:80/zbrane-a-technika/n","a,30,150,""""""""""""""""""""""""""""""""""""""""""""""""""""""""""""""""https://web.archive.org/web/20110305132305/http://www.press.sk:80/zbrane-a-technika/n,a,30,150","20110305132305","LISTING"
"http://www.press.sk:80/zbrane-a-technika/n","a,30,180,""""""""""""""""""""""""""""""""""""""""""""""""""""""""""""""""https://web.archive.org/web/20100208212228/http://www.press.sk:80/zbrane-a-technika/n,a,30,180","20100208212228","LISTING"
"http://www.press.sk:80/zbrane-a-technika/n","a,30,180,""""""""""""""""""""""""""""""""""""""""""""""""""""""""""""""""https://web.archive.org/web/20110201024421/http://www.press.sk:80/zbrane-a-technika/n,a,30,180","20110201024421","LISTING"
"http://www.press.sk:80/zbrane-a-technika/n","a,30,180,""""""""""""""""""""""""""""""""""""""""""""""""""""""""""""""""https://web.archive.org/web/20110305121253/http://www.press.sk:80/zbrane-a-technika/n,a,30,180","20110305121253","LISTING"
"http://www.press.sk:80/zbrane-a-technika/n","a,30,30/,""""""""""""""""""""""""""""""""""""""""""""""""""""""""""""""""https://web.archive.org/web/20081109075337/http://www.press.sk:80/zbrane-a-technika/n,a,30,30/","20081109075337","LISTING"
"http://www.press.sk:80/zbrane-a-technika/n","a,30,30/,""""""""""""""""""""""""""""""""""""""""""""""""""""""""""""""""https://web.archive.org/web/20090204104749/http://www.press.sk:80/zbrane-a-technika/n,a,30,30/","20090204104749","LISTING"
"http://www.press.sk:80/zbrane-a-technika/n","a,30,30,""""""""""""""""""""""""""""""""""""""""""""""""""""""""""""""""https://web.archive.org/web/20090212174729/http://www.press.sk:80/zbrane-a-technika/n,a,30,30","20090212174729","LISTING"
"http://www.press.sk:80/zbrane-a-technika/n","a,30,30,""""""""""""""""""""""""""""""""""""""""""""""""""""""""""""""""https://web.archive.org/web/20090315062817/http://www.press.sk:80/zbrane-a-technika/n,a,30,30","20090315062817","LISTING"
"http://www.press.sk:80/zbrane-a-technika/n","a,30,30,""""""""""""""""""""""""""""""""""""""""""""""""""""""""""""""""https://web.archive.org/web/20090414213754/http://www.press.sk:80/zbrane-a-technika/n,a,30,30","20090414213754","LISTING"
"http://www.press.sk:80/zbrane-a-technika/n","a,30,30,""""""""""""""""""""""""""""""""""""""""""""""""""""""""""""""""https://web.archive.org/web/20090520052156/http://www.press.sk:80/zbrane-a-technika/n,a,30,30","20090520052156","LISTING"
"http://www.press.sk:80/zbrane-a-technika/n","a,30,30,""""""""""""""""""""""""""""""""""""""""""""""""""""""""""""""""https://web.archive.org/web/20100107040010/http://www.press.sk:80/zbrane-a-technika/n,a,30,30","20100107040010","LISTING"
"http://www.press.sk:80/zbrane-a-technika/n","a,30,30/,""""""""""""""""""""""""""""""""""""""""""""""""""""""""""""""""https://web.archive.org/web/20100210113521/http://www.press.sk:80/zbrane-a-technika/n,a,30,30/","20100210113521","LISTING"
"http://www.press.sk:80/zbrane-a-technika/n","a,30,30,""""""""""""""""""""""""""""""""""""""""""""""""""""""""""""""""https://web.archive.org/web/20110201024452/http://www.press.sk:80/zbrane-a-technika/n,a,30,30","20110201024452","LISTING"
"http://www.press.sk:80/zbrane-a-technika/n","a,30,30,""""""""""""""""""""""""""""""""""""""""""""""""""""""""""""""""https://web.archive.org/web/20110305125009/http://www.press.sk:80/zbrane-a-technika/n,a,30,30","20110305125009","LISTING"
"http://www.press.sk:80/zbrane-a-technika/n","a,30,60/,""""""""""""""""""""""""""""""""""""""""""""""""""""""""""""""""https://web.archive.org/web/20090204225609/http://www.press.sk:80/zbrane-a-technika/n,a,30,60/","20090204225609","LISTING"
"http://www.press.sk:80/zbrane-a-technika/n","a,30,60,""""""""""""""""""""""""""""""""""""""""""""""""""""""""""""""""https://web.archive.org/web/20090212174734/http://www.press.sk:80/zbrane-a-technika/n,a,30,60","20090212174734","LISTING"
"http://www.press.sk:80/zbrane-a-technika/n","a,30,60,""""""""""""""""""""""""""""""""""""""""""""""""""""""""""""""""https://web.archive.org/web/20090315061748/http://www.press.sk:80/zbrane-a-technika/n,a,30,60","20090315061748","LISTING"
"http://www.press.sk:80/zbrane-a-technika/n","a,30,60,""""""""""""""""""""""""""""""""""""""""""""""""""""""""""""""""https://web.archive.org/web/20090414212029/http://www.press.sk:80/zbrane-a-technika/n,a,30,60","20090414212029","LISTING"
"http://www.press.sk:80/zbrane-a-technika/n","a,30,60,""""""""""""""""""""""""""""""""""""""""""""""""""""""""""""""""https://web.archive.org/web/20090520053419/http://www.press.sk:80/zbrane-a-technika/n,a,30,60","20090520053419","LISTING"
"http://www.press.sk:80/zbrane-a-technika/n","a,30,60,""""""""""""""""""""""""""""""""""""""""""""""""""""""""""""""""https://web.archive.org/web/20100122112334/http://www.press.sk:80/zbrane-a-technika/n,a,30,60","20100122112334","LISTING"
"http://www.press.sk:80/zbrane-a-technika/n","a,30,60/,""""""""""""""""""""""""""""""""""""""""""""""""""""""""""""""""https://web.archive.org/web/20100310172241/http://www.press.sk:80/zbrane-a-technika/n,a,30,60/","20100310172241","LISTING"
"http://www.press.sk:80/zbrane-a-technika/n","a,30,60,""""""""""""""""""""""""""""""""""""""""""""""""""""""""""""""""https://web.archive.org/web/20110201024619/http://www.press.sk:80/zbrane-a-technika/n,a,30,60","20110201024619","LISTING"
"http://www.press.sk:80/zbrane-a-technika/n","a,30,60,""""""""""""""""""""""""""""""""""""""""""""""""""""""""""""""""https://web.archive.org/web/20110305121342/http://www.press.sk:80/zbrane-a-technika/n,a,30,60","20110305121342","LISTING"
"http://www.press.sk:80/zbrane-a-technika/n","a,30,90/,""""""""""""""""""""""""""""""""""""""""""""""""""""""""""""""""https://web.archive.org/web/20090204225723/http://www.press.sk:80/zbrane-a-technika/n,a,30,90/","20090204225723","LISTING"
"http://www.press.sk:80/zbrane-a-technika/n","a,30,90,""""""""""""""""""""""""""""""""""""""""""""""""""""""""""""""""https://web.archive.org/web/20090212174805/http://www.press.sk:80/zbrane-a-technika/n,a,30,90","20090212174805","LISTING"
"http://www.press.sk:80/zbrane-a-technika/n","a,30,90,""""""""""""""""""""""""""""""""""""""""""""""""""""""""""""""""https://web.archive.org/web/20090315061343/http://www.press.sk:80/zbrane-a-technika/n,a,30,90","20090315061343","LISTING"
"http://www.press.sk:80/zbrane-a-technika/n","a,30,90,""""""""""""""""""""""""""""""""""""""""""""""""""""""""""""""""https://web.archive.org/web/20090414213145/http://www.press.sk:80/zbrane-a-technika/n,a,30,90","20090414213145","LISTING"
"http://www.press.sk:80/zbrane-a-technika/n","a,30,90,""""""""""""""""""""""""""""""""""""""""""""""""""""""""""""""""https://web.archive.org/web/20090520054802/http://www.press.sk:80/zbrane-a-technika/n,a,30,90","20090520054802","LISTING"
"http://www.press.sk:80/zbrane-a-technika/n","a,30,90,""""""""""""""""""""""""""""""""""""""""""""""""""""""""""""""""https://web.archive.org/web/20091216060631/http://www.press.sk:80/zbrane-a-technika/n,a,30,90","20091216060631","LISTING"
"http://www.press.sk:80/zbrane-a-technika/n","a,30,90/,""""""""""""""""""""""""""""""""""""""""""""""""""""""""""""""""https://web.archive.org/web/20100210121039/http://www.press.sk:80/zbrane-a-technika/n,a,30,90/","20100210121039","LISTING"
"http://www.press.sk:80/zbrane-a-technika/n","a,30,90,""""""""""""""""""""""""""""""""""""""""""""""""""""""""""""""""https://web.archive.org/web/20110201021225/http://www.press.sk:80/zbrane-a-technika/n,a,30,90","20110201021225","LISTING"
"http://www.press.sk:80/zbrane-a-technika/n","a,30,90,""""""""""""""""""""""""""""""""""""""""""""""""""""""""""""""""https://web.archive.org/web/20110305132745/http://www.press.sk:80/zbrane-a-technika/n,a,30,90","20110305132745","LISTING"
"http://www.press.sk:80/zbrane-a-technika/o","a,100,100,""""""""""""""""""""""""""""""""""""""""""""""""""""""""""""""""https://web.archive.org/web/20160901195306/http://www.press.sk:80/zbrane-a-technika/o,a,100,100","20160901195306","LISTING"
"http://www.press.sk:80/zbrane-a-technika/o","a,100,100,""""""""""""""""""""""""""""""""""""""""""""""""""""""""""""""""https://web.archive.org/web/20160903005849/http://www.press.sk:80/zbrane-a-technika/o,a,100,100","20160903005849","LISTING"
"http://www.press.sk:80/zbrane-a-technika/o","a,100,100,""""""""""""""""""""""""""""""""""""""""""""""""""""""""""""""""https://web.archive.org/web/20161003205645/http://www.press.sk:80/zbrane-a-technika/o,a,100,100","20161003205645","LISTING"
"http://www.press.sk:80/zbrane-a-technika/o","a,100,100,""""""""""""""""""""""""""""""""""""""""""""""""""""""""""""""""https://web.archive.org/web/20161005003302/http://www.press.sk:80/zbrane-a-technika/o,a,100,100","20161005003302","LISTING"
"http://www.press.sk:80/zbrane-a-technika/o","a,100,100,""""""""""""""""""""""""""""""""""""""""""""""""""""""""""""""""https://web.archive.org/web/20161105145806/http://www.press.sk:80/zbrane-a-technika/o,a,100,100","20161105145806","LISTING"
"http://www.press.sk:80/zbrane-a-technika/o","a,100,200,""""""""""""""""""""""""""""""""""""""""""""""""""""""""""""""""https://web.archive.org/web/20160901195311/http://www.press.sk:80/zbrane-a-technika/o,a,100,200","20160901195311","LISTING"
"http://www.press.sk:80/zbrane-a-technika/o","a,100,200,""""""""""""""""""""""""""""""""""""""""""""""""""""""""""""""""https://web.archive.org/web/20160903005854/http://www.press.sk:80/zbrane-a-technika/o,a,100,200","20160903005854","LISTING"
"http://www.press.sk:80/zbrane-a-technika/o","a,100,200,""""""""""""""""""""""""""""""""""""""""""""""""""""""""""""""""https://web.archive.org/web/20161003210053/http://www.press.sk:80/zbrane-a-technika/o,a,100,200","20161003210053","LISTING"
"http://www.press.sk:80/zbrane-a-technika/o","a,100,200,""""""""""""""""""""""""""""""""""""""""""""""""""""""""""""""""https://web.archive.org/web/20161005002831/http://www.press.sk:80/zbrane-a-technika/o,a,100,200","20161005002831","LISTING"
"http://www.press.sk:80/zbrane-a-technika/o","a,100,200,""""""""""""""""""""""""""""""""""""""""""""""""""""""""""""""""https://web.archive.org/web/20161105144725/http://www.press.sk:80/zbrane-a-technika/o,a,100,200","20161105144725","LISTING"
"http://www.press.sk:80/zbrane-a-technika/o","a,100,300,""""""""""""""""""""""""""""""""""""""""""""""""""""""""""""""""https://web.archive.org/web/20160901195316/http://www.press.sk:80/zbrane-a-technika/o,a,100,300","20160901195316","LISTING"
"http://www.press.sk:80/zbrane-a-technika/o","a,100,300,""""""""""""""""""""""""""""""""""""""""""""""""""""""""""""""""https://web.archive.org/web/20160903005859/http://www.press.sk:80/zbrane-a-technika/o,a,100,300","20160903005859","LISTING"
"http://www.press.sk:80/zbrane-a-technika/o","a,100,300,""""""""""""""""""""""""""""""""""""""""""""""""""""""""""""""""https://web.archive.org/web/20161003205141/http://www.press.sk:80/zbrane-a-technika/o,a,100,300","20161003205141","LISTING"
"http://www.press.sk:80/zbrane-a-technika/o","a,100,300,""""""""""""""""""""""""""""""""""""""""""""""""""""""""""""""""https://web.archive.org/web/20161005003418/http://www.press.sk:80/zbrane-a-technika/o,a,100,300","20161005003418","LISTING"
"http://www.press.sk:80/zbrane-a-technika/o","a,100,300,""""""""""""""""""""""""""""""""""""""""""""""""""""""""""""""""https://web.archive.org/web/20161105144731/http://www.press.sk:80/zbrane-a-technika/o,a,100,300","20161105144731","LISTING"
"http://www.press.sk:80/zbrane-a-technika/o","a,100,400,""""""""""""""""""""""""""""""""""""""""""""""""""""""""""""""""https://web.archive.org/web/20160901195319/http://www.press.sk:80/zbrane-a-technika/o,a,100,400","20160901195319","LISTING"
"http://www.press.sk:80/zbrane-a-technika/o","a,100,400,""""""""""""""""""""""""""""""""""""""""""""""""""""""""""""""""https://web.archive.org/web/20160903005903/http://www.press.sk:80/zbrane-a-technika/o,a,100,400","20160903005903","LISTING"
"http://www.press.sk:80/zbrane-a-technika/o","a,100,400,""""""""""""""""""""""""""""""""""""""""""""""""""""""""""""""""https://web.archive.org/web/20161003205922/http://www.press.sk:80/zbrane-a-technika/o,a,100,400","20161003205922","LISTING"
"http://www.press.sk:80/zbrane-a-technika/o","a,100,400,""""""""""""""""""""""""""""""""""""""""""""""""""""""""""""""""https://web.archive.org/web/20161005003644/http://www.press.sk:80/zbrane-a-technika/o,a,100,400","20161005003644","LISTING"
"http://www.press.sk:80/zbrane-a-technika/o","a,100,400,""""""""""""""""""""""""""""""""""""""""""""""""""""""""""""""""https://web.archive.org/web/20161105150236/http://www.press.sk:80/zbrane-a-technika/o,a,100,400","20161105150236","LISTING"
"http://www.press.sk:80/zbrane-a-technika/o","a,30/,""""""""""""""""""""""""""""""""""""""""""""""""""""""""""""""""https://web.archive.org/web/20130510202319/http://www.press.sk:80/zbrane-a-technika/o,a,30/","20130510202319","LISTING"
"http://www.press.sk:80/zbrane-a-technika/o","a,30/,""""""""""""""""""""""""""""""""""""""""""""""""""""""""""""""""https://web.archive.org/web/20150515034834/http://www.press.sk:80/zbrane-a-technika/o,a,30/","20150515034834","LISTING"
"http://www.press.sk:80/zbrane-a-technika/o","a,30/,""""""""""""""""""""""""""""""""""""""""""""""""""""""""""""""""https://web.archive.org/web/20150822002107/http://www.press.sk:80/zbrane-a-technika/o,a,30/","20150822002107","LISTING"
"http://www.press.sk:80/zbrane-a-technika/o","a,30,120,""""""""""""""""""""""""""""""""""""""""""""""""""""""""""""""""https://web.archive.org/web/20130507101135/http://www.press.sk:80/zbrane-a-technika/o,a,30,120","20130507101135","LISTING"
"http://www.press.sk:80/zbrane-a-technika/o","a,30,120/,""""""""""""""""""""""""""""""""""""""""""""""""""""""""""""""""https://web.archive.org/web/20130511121519/http://www.press.sk:80/zbrane-a-technika/o,a,30,120/","20130511121519","LISTING"
"http://www.press.sk/zbrane-a-technika/o","a,30,120/,""""""""""""""""""""""""""""""""""""""""""""""""""""""""""""""""https://web.archive.org/web/20130623031229/http://www.press.sk/zbrane-a-technika/o,a,30,120/","20130623031229","LISTING"
"http://www.press.sk:80/zbrane-a-technika/o","a,30,120/,""""""""""""""""""""""""""""""""""""""""""""""""""""""""""""""""https://web.archive.org/web/20150515034905/http://www.press.sk:80/zbrane-a-technika/o,a,30,120/","20150515034905","LISTING"
"http://www.press.sk:80/zbrane-a-technika/o","a,30,120,""""""""""""""""""""""""""""""""""""""""""""""""""""""""""""""""https://web.archive.org/web/20150820235238/http://www.press.sk:80/zbrane-a-technika/o,a,30,120","20150820235238","LISTING"
"http://www.press.sk:80/zbrane-a-technika/o","a,30,120/,""""""""""""""""""""""""""""""""""""""""""""""""""""""""""""""""https://web.archive.org/web/20150822045231/http://www.press.sk:80/zbrane-a-technika/o,a,30,120/","20150822045231","LISTING"
"http://www.press.sk:80/zbrane-a-technika/o","a,30,120,""""""""""""""""""""""""""""""""""""""""""""""""""""""""""""""""https://web.archive.org/web/20150921091418/http://www.press.sk:80/zbrane-a-technika/o,a,30,120","20150921091418","LISTING"
"http://www.press.sk:80/zbrane-a-technika/o","a,30,120,""""""""""""""""""""""""""""""""""""""""""""""""""""""""""""""""https://web.archive.org/web/20160402181227/http://www.press.sk:80/zbrane-a-technika/o,a,30,120","20160402181227","LISTING"
"http://www.press.sk:80/zbrane-a-technika/o","a,30,120,""""""""""""""""""""""""""""""""""""""""""""""""""""""""""""""""https://web.archive.org/web/20160513101113/http://www.press.sk:80/zbrane-a-technika/o,a,30,120","20160513101113","LISTING"
"http://www.press.sk:80/zbrane-a-technika/o","a,30,150,""""""""""""""""""""""""""""""""""""""""""""""""""""""""""""""""https://web.archive.org/web/20130507094550/http://www.press.sk:80/zbrane-a-technika/o,a,30,150","20130507094550","LISTING"
"http://www.press.sk:80/zbrane-a-technika/o","a,30,150/,""""""""""""""""""""""""""""""""""""""""""""""""""""""""""""""""https://web.archive.org/web/20130510202324/http://www.press.sk:80/zbrane-a-technika/o,a,30,150/","20130510202324","LISTING"
"http://www.press.sk:80/zbrane-a-technika/o","a,30,150,""""""""""""""""""""""""""""""""""""""""""""""""""""""""""""""""https://web.archive.org/web/20150820235243/http://www.press.sk:80/zbrane-a-technika/o,a,30,150","20150820235243","LISTING"
"http://www.press.sk:80/zbrane-a-technika/o","a,30,150/,""""""""""""""""""""""""""""""""""""""""""""""""""""""""""""""""https://web.archive.org/web/20150822030440/http://www.press.sk:80/zbrane-a-technika/o,a,30,150/","20150822030440","LISTING"
"http://www.press.sk:80/zbrane-a-technika/o","a,30,150,""""""""""""""""""""""""""""""""""""""""""""""""""""""""""""""""https://web.archive.org/web/20150921090914/http://www.press.sk:80/zbrane-a-technika/o,a,30,150","20150921090914","LISTING"
"http://www.press.sk:80/zbrane-a-technika/o","a,30,150,""""""""""""""""""""""""""""""""""""""""""""""""""""""""""""""""https://web.archive.org/web/20160330104931/http://www.press.sk:80/zbrane-a-technika/o,a,30,150","20160330104931","LISTING"
"http://www.press.sk:80/zbrane-a-technika/o","a,30,150,""""""""""""""""""""""""""""""""""""""""""""""""""""""""""""""""https://web.archive.org/web/20160511052559/http://www.press.sk:80/zbrane-a-technika/o,a,30,150","20160511052559","LISTING"
"http://www.press.sk:80/zbrane-a-technika/o","a,30,180,""""""""""""""""""""""""""""""""""""""""""""""""""""""""""""""""https://web.archive.org/web/20130507101139/http://www.press.sk:80/zbrane-a-technika/o,a,30,180","20130507101139","LISTING"
"http://www.press.sk:80/zbrane-a-technika/o","a,30,180/,""""""""""""""""""""""""""""""""""""""""""""""""""""""""""""""""https://web.archive.org/web/20130511121525/http://www.press.sk:80/zbrane-a-technika/o,a,30,180/","20130511121525","LISTING"
"http://www.press.sk:80/zbrane-a-technika/o","a,30,180,""""""""""""""""""""""""""""""""""""""""""""""""""""""""""""""""https://web.archive.org/web/20150820235248/http://www.press.sk:80/zbrane-a-technika/o,a,30,180","20150820235248","LISTING"
"http://www.press.sk:80/zbrane-a-technika/o","a,30,180/,""""""""""""""""""""""""""""""""""""""""""""""""""""""""""""""""https://web.archive.org/web/20150822030445/http://www.press.sk:80/zbrane-a-technika/o,a,30,180/","20150822030445","LISTING"
"http://www.press.sk:80/zbrane-a-technika/o","a,30,180,""""""""""""""""""""""""""""""""""""""""""""""""""""""""""""""""https://web.archive.org/web/20150921091422/http://www.press.sk:80/zbrane-a-technika/o,a,30,180","20150921091422","LISTING"
"http://www.press.sk:80/zbrane-a-technika/o","a,30,180,""""""""""""""""""""""""""""""""""""""""""""""""""""""""""""""""https://web.archive.org/web/20160403011735/http://www.press.sk:80/zbrane-a-technika/o,a,30,180","20160403011735","LISTING"
"http://www.press.sk:80/zbrane-a-technika/o","a,30,180,""""""""""""""""""""""""""""""""""""""""""""""""""""""""""""""""https://web.archive.org/web/20160404020308/http://www.press.sk:80/zbrane-a-technika/o,a,30,180","20160404020308","LISTING"
"http://www.press.sk:80/zbrane-a-technika/o","a,30,180,""""""""""""""""""""""""""""""""""""""""""""""""""""""""""""""""https://web.archive.org/web/20160513084438/http://www.press.sk:80/zbrane-a-technika/o,a,30,180","20160513084438","LISTING"
"http://www.press.sk:80/zbrane-a-technika/o","a,30,210,""""""""""""""""""""""""""""""""""""""""""""""""""""""""""""""""https://web.archive.org/web/20130507105638/http://www.press.sk:80/zbrane-a-technika/o,a,30,210","20130507105638","LISTING"
"http://www.press.sk:80/zbrane-a-technika/o","a,30,210/,""""""""""""""""""""""""""""""""""""""""""""""""""""""""""""""""https://web.archive.org/web/20130510202330/http://www.press.sk:80/zbrane-a-technika/o,a,30,210/","20130510202330","LISTING"
"http://www.press.sk:80/zbrane-a-technika/o","a,30,210,""""""""""""""""""""""""""""""""""""""""""""""""""""""""""""""""https://web.archive.org/web/20150820235253/http://www.press.sk:80/zbrane-a-technika/o,a,30,210","20150820235253","LISTING"
"http://www.press.sk:80/zbrane-a-technika/o","a,30,210/,""""""""""""""""""""""""""""""""""""""""""""""""""""""""""""""""https://web.archive.org/web/20150822005357/http://www.press.sk:80/zbrane-a-technika/o,a,30,210/","20150822005357","LISTING"
"http://www.press.sk:80/zbrane-a-technika/o","a,30,210,""""""""""""""""""""""""""""""""""""""""""""""""""""""""""""""""https://web.archive.org/web/20150921091429/http://www.press.sk:80/zbrane-a-technika/o,a,30,210","20150921091429","LISTING"
"http://www.press.sk:80/zbrane-a-technika/o","a,30,210,""""""""""""""""""""""""""""""""""""""""""""""""""""""""""""""""https://web.archive.org/web/20160403114043/http://www.press.sk:80/zbrane-a-technika/o,a,30,210","20160403114043","LISTING"
"http://www.press.sk:80/zbrane-a-technika/o","a,30,210,""""""""""""""""""""""""""""""""""""""""""""""""""""""""""""""""https://web.archive.org/web/20160404145951/http://www.press.sk:80/zbrane-a-technika/o,a,30,210","20160404145951","LISTING"
"http://www.press.sk:80/zbrane-a-technika/o","a,30,210,""""""""""""""""""""""""""""""""""""""""""""""""""""""""""""""""https://web.archive.org/web/20160507080809/http://www.press.sk:80/zbrane-a-technika/o,a,30,210","20160507080809","LISTING"
"http://www.press.sk:80/zbrane-a-technika/o","a,30,240,""""""""""""""""""""""""""""""""""""""""""""""""""""""""""""""""https://web.archive.org/web/20130507101146/http://www.press.sk:80/zbrane-a-technika/o,a,30,240","20130507101146","LISTING"
"http://www.press.sk:80/zbrane-a-technika/o","a,30,240/,""""""""""""""""""""""""""""""""""""""""""""""""""""""""""""""""https://web.archive.org/web/20130510202337/http://www.press.sk:80/zbrane-a-technika/o,a,30,240/","20130510202337","LISTING"
"http://www.press.sk/zbrane-a-technika/o","a,30,240/,""""""""""""""""""""""""""""""""""""""""""""""""""""""""""""""""https://web.archive.org/web/20130623031510/http://www.press.sk/zbrane-a-technika/o,a,30,240/","20130623031510","LISTING"
"http://www.press.sk:80/zbrane-a-technika/o","a,30,240,""""""""""""""""""""""""""""""""""""""""""""""""""""""""""""""""https://web.archive.org/web/20150820235302/http://www.press.sk:80/zbrane-a-technika/o,a,30,240","20150820235302","LISTING"
"http://www.press.sk:80/zbrane-a-technika/o","a,30,240/,""""""""""""""""""""""""""""""""""""""""""""""""""""""""""""""""https://web.archive.org/web/20150822030453/http://www.press.sk:80/zbrane-a-technika/o,a,30,240/","20150822030453","LISTING"
"http://www.press.sk:80/zbrane-a-technika/o","a,30,240,""""""""""""""""""""""""""""""""""""""""""""""""""""""""""""""""https://web.archive.org/web/20150921091433/http://www.press.sk:80/zbrane-a-technika/o,a,30,240","20150921091433","LISTING"
"http://www.press.sk:80/zbrane-a-technika/o","a,30,240,""""""""""""""""""""""""""""""""""""""""""""""""""""""""""""""""https://web.archive.org/web/20160402202315/http://www.press.sk:80/zbrane-a-technika/o,a,30,240","20160402202315","LISTING"
"http://www.press.sk:80/zbrane-a-technika/o","a,30,240,""""""""""""""""""""""""""""""""""""""""""""""""""""""""""""""""https://web.archive.org/web/20160514165124/http://www.press.sk:80/zbrane-a-technika/o,a,30,240","20160514165124","LISTING"
"http://www.press.sk:80/zbrane-a-technika/o","a,30,270,""""""""""""""""""""""""""""""""""""""""""""""""""""""""""""""""https://web.archive.org/web/20130507105642/http://www.press.sk:80/zbrane-a-technika/o,a,30,270","20130507105642","LISTING"
"http://www.press.sk:80/zbrane-a-technika/o","a,30,270/,""""""""""""""""""""""""""""""""""""""""""""""""""""""""""""""""https://web.archive.org/web/20130510202428/http://www.press.sk:80/zbrane-a-technika/o,a,30,270/","20130510202428","LISTING"
"http://www.press.sk/zbrane-a-technika/o","a,30,270/,""""""""""""""""""""""""""""""""""""""""""""""""""""""""""""""""https://web.archive.org/web/20130623032154/http://www.press.sk/zbrane-a-technika/o,a,30,270/","20130623032154","LISTING"
"http://www.press.sk:80/zbrane-a-technika/o","a,30,270,""""""""""""""""""""""""""""""""""""""""""""""""""""""""""""""""https://web.archive.org/web/20150820235311/http://www.press.sk:80/zbrane-a-technika/o,a,30,270","20150820235311","LISTING"
"http://www.press.sk:80/zbrane-a-technika/o","a,30,270/,""""""""""""""""""""""""""""""""""""""""""""""""""""""""""""""""https://web.archive.org/web/20150822030507/http://www.press.sk:80/zbrane-a-technika/o,a,30,270/","20150822030507","LISTING"
"http://www.press.sk:80/zbrane-a-technika/o","a,30,270,""""""""""""""""""""""""""""""""""""""""""""""""""""""""""""""""https://web.archive.org/web/20150921091439/http://www.press.sk:80/zbrane-a-technika/o,a,30,270","20150921091439","LISTING"
"http://www.press.sk:80/zbrane-a-technika/o","a,30,270,""""""""""""""""""""""""""""""""""""""""""""""""""""""""""""""""https://web.archive.org/web/20160401151715/http://www.press.sk:80/zbrane-a-technika/o,a,30,270","20160401151715","LISTING"
"http://www.press.sk:80/zbrane-a-technika/o","a,30,270,""""""""""""""""""""""""""""""""""""""""""""""""""""""""""""""""https://web.archive.org/web/20160402160219/http://www.press.sk:80/zbrane-a-technika/o,a,30,270","20160402160219","LISTING"
"http://www.press.sk:80/zbrane-a-technika/o","a,30,270,""""""""""""""""""""""""""""""""""""""""""""""""""""""""""""""""https://web.archive.org/web/20160514175859/http://www.press.sk:80/zbrane-a-technika/o,a,30,270","20160514175859","LISTING"
"http://www.press.sk:80/zbrane-a-technika/o","a,30,30,""""""""""""""""""""""""""""""""""""""""""""""""""""""""""""""""https://web.archive.org/web/20130507105648/http://www.press.sk:80/zbrane-a-technika/o,a,30,30","20130507105648","LISTING"
"http://www.press.sk:80/zbrane-a-technika/o","a,30,30/,""""""""""""""""""""""""""""""""""""""""""""""""""""""""""""""""https://web.archive.org/web/20130511121548/http://www.press.sk:80/zbrane-a-technika/o,a,30,30/","20130511121548","LISTING"
"http://www.press.sk/zbrane-a-technika/o","a,30,30/,""""""""""""""""""""""""""""""""""""""""""""""""""""""""""""""""https://web.archive.org/web/20130623020750/http://www.press.sk/zbrane-a-technika/o,a,30,30/","20130623020750","LISTING"
"http://www.press.sk:80/zbrane-a-technika/o","a,30,30,""""""""""""""""""""""""""""""""""""""""""""""""""""""""""""""""https://web.archive.org/web/20150513231903/http://www.press.sk:80/zbrane-a-technika/o,a,30,30","20150513231903","LISTING"
"http://www.press.sk:80/zbrane-a-technika/o","a,30,30/,""""""""""""""""""""""""""""""""""""""""""""""""""""""""""""""""https://web.archive.org/web/20150514170356/http://www.press.sk:80/zbrane-a-technika/o,a,30,30/","20150514170356","LISTING"
"http://www.press.sk:80/zbrane-a-technika/o","a,30,30,""""""""""""""""""""""""""""""""""""""""""""""""""""""""""""""""https://web.archive.org/web/20150613082456/http://www.press.sk:80/zbrane-a-technika/o,a,30,30","20150613082456","LISTING"
"http://www.press.sk:80/zbrane-a-technika/o","a,30,30,""""""""""""""""""""""""""""""""""""""""""""""""""""""""""""""""https://web.archive.org/web/20150713205432/http://www.press.sk:80/zbrane-a-technika/o,a,30,30","20150713205432","LISTING"
"http://www.press.sk:80/zbrane-a-technika/o","a,30,30,""""""""""""""""""""""""""""""""""""""""""""""""""""""""""""""""https://web.archive.org/web/20150817083226/http://www.press.sk:80/zbrane-a-technika/o,a,30,30","20150817083226","LISTING"
"http://www.press.sk:80/zbrane-a-technika/o","a,30,30/,""""""""""""""""""""""""""""""""""""""""""""""""""""""""""""""""https://web.archive.org/web/20150822005420/http://www.press.sk:80/zbrane-a-technika/o,a,30,30/","20150822005420","LISTING"
"http://www.press.sk:80/zbrane-a-technika/o","a,30,30,""""""""""""""""""""""""""""""""""""""""""""""""""""""""""""""""https://web.archive.org/web/20150917051832/http://www.press.sk:80/zbrane-a-technika/o,a,30,30","20150917051832","LISTING"
"http://www.press.sk:80/zbrane-a-technika/o","a,30,30,""""""""""""""""""""""""""""""""""""""""""""""""""""""""""""""""https://web.archive.org/web/20160404020950/http://www.press.sk:80/zbrane-a-technika/o,a,30,30","20160404020950","LISTING"
"http://www.press.sk:80/zbrane-a-technika/o","a,30,30,""""""""""""""""""""""""""""""""""""""""""""""""""""""""""""""""https://web.archive.org/web/20160511040502/http://www.press.sk:80/zbrane-a-technika/o,a,30,30","20160511040502","LISTING"
"http://www.press.sk:80/zbrane-a-technika/o","a,30,300/,""""""""""""""""""""""""""""""""""""""""""""""""""""""""""""""""https://web.archive.org/web/20150514224937/http://www.press.sk:80/zbrane-a-technika/o,a,30,300/","20150514224937","LISTING"
"http://www.press.sk:80/zbrane-a-technika/o","a,30,300,""""""""""""""""""""""""""""""""""""""""""""""""""""""""""""""""https://web.archive.org/web/20150820235314/http://www.press.sk:80/zbrane-a-technika/o,a,30,300","20150820235314","LISTING"
"http://www.press.sk:80/zbrane-a-technika/o","a,30,300/,""""""""""""""""""""""""""""""""""""""""""""""""""""""""""""""""https://web.archive.org/web/20150822005708/http://www.press.sk:80/zbrane-a-technika/o,a,30,300/","20150822005708","LISTING"
"http://www.press.sk:80/zbrane-a-technika/o","a,30,300,""""""""""""""""""""""""""""""""""""""""""""""""""""""""""""""""https://web.archive.org/web/20150921091443/http://www.press.sk:80/zbrane-a-technika/o,a,30,300","20150921091443","LISTING"
"http://www.press.sk:80/zbrane-a-technika/o","a,30,300,""""""""""""""""""""""""""""""""""""""""""""""""""""""""""""""""https://web.archive.org/web/20151204105352/http://www.press.sk:80/zbrane-a-technika/o,a,30,300","20151204105352","LISTING"
"http://www.press.sk:80/zbrane-a-technika/o","a,30,300,""""""""""""""""""""""""""""""""""""""""""""""""""""""""""""""""https://web.archive.org/web/20160104191328/http://www.press.sk:80/zbrane-a-technika/o,a,30,300","20160104191328","LISTING"
"http://www.press.sk:80/zbrane-a-technika/o","a,30,300,""""""""""""""""""""""""""""""""""""""""""""""""""""""""""""""""https://web.archive.org/web/20160403124047/http://www.press.sk:80/zbrane-a-technika/o,a,30,300","20160403124047","LISTING"
"http://www.press.sk:80/zbrane-a-technika/o","a,30,300,""""""""""""""""""""""""""""""""""""""""""""""""""""""""""""""""https://web.archive.org/web/20160404140212/http://www.press.sk:80/zbrane-a-technika/o,a,30,300","20160404140212","LISTING"
"http://www.press.sk:80/zbrane-a-technika/o","a,30,300,""""""""""""""""""""""""""""""""""""""""""""""""""""""""""""""""https://web.archive.org/web/20160513064242/http://www.press.sk:80/zbrane-a-technika/o,a,30,300","20160513064242","LISTING"
"http://www.press.sk:80/zbrane-a-technika/o","a,30,330/,""""""""""""""""""""""""""""""""""""""""""""""""""""""""""""""""https://web.archive.org/web/20150514170403/http://www.press.sk:80/zbrane-a-technika/o,a,30,330/","20150514170403","LISTING"
"http://www.press.sk:80/zbrane-a-technika/o","a,30,330,""""""""""""""""""""""""""""""""""""""""""""""""""""""""""""""""https://web.archive.org/web/20150820235341/http://www.press.sk:80/zbrane-a-technika/o,a,30,330","20150820235341","LISTING"
"http://www.press.sk:80/zbrane-a-technika/o","a,30,330/,""""""""""""""""""""""""""""""""""""""""""""""""""""""""""""""""https://web.archive.org/web/20150822002112/http://www.press.sk:80/zbrane-a-technika/o,a,30,330/","20150822002112","LISTING"
"http://www.press.sk:80/zbrane-a-technika/o","a,30,330,""""""""""""""""""""""""""""""""""""""""""""""""""""""""""""""""https://web.archive.org/web/20150921090939/http://www.press.sk:80/zbrane-a-technika/o,a,30,330","20150921090939","LISTING"
"http://www.press.sk:80/zbrane-a-technika/o","a,30,330,""""""""""""""""""""""""""""""""""""""""""""""""""""""""""""""""https://web.archive.org/web/20160330115122/http://www.press.sk:80/zbrane-a-technika/o,a,30,330","20160330115122","LISTING"
"http://www.press.sk:80/zbrane-a-technika/o","a,30,330,""""""""""""""""""""""""""""""""""""""""""""""""""""""""""""""""https://web.archive.org/web/20160512125027/http://www.press.sk:80/zbrane-a-technika/o,a,30,330","20160512125027","LISTING"
"http://www.press.sk:80/zbrane-a-technika/o","a,30,60,""""""""""""""""""""""""""""""""""""""""""""""""""""""""""""""""https://web.archive.org/web/20130507101152/http://www.press.sk:80/zbrane-a-technika/o,a,30,60","20130507101152","LISTING"
"http://www.press.sk:80/zbrane-a-technika/o","a,30,60/,""""""""""""""""""""""""""""""""""""""""""""""""""""""""""""""""https://web.archive.org/web/20130509233243/http://www.press.sk:80/zbrane-a-technika/o,a,30,60/","20130509233243","LISTING"
"http://www.press.sk/zbrane-a-technika/o","a,30,60/,""""""""""""""""""""""""""""""""""""""""""""""""""""""""""""""""https://web.archive.org/web/20130623015246/http://www.press.sk/zbrane-a-technika/o,a,30,60/","20130623015246","LISTING"
"http://www.press.sk:80/zbrane-a-technika/o","a,30,60,""""""""""""""""""""""""""""""""""""""""""""""""""""""""""""""""https://web.archive.org/web/20150513215749/http://www.press.sk:80/zbrane-a-technika/o,a,30,60","20150513215749","LISTING"
"http://www.press.sk:80/zbrane-a-technika/o","a,30,60/,""""""""""""""""""""""""""""""""""""""""""""""""""""""""""""""""https://web.archive.org/web/20150514224941/http://www.press.sk:80/zbrane-a-technika/o,a,30,60/","20150514224941","LISTING"
"http://www.press.sk:80/zbrane-a-technika/o","a,30,60,""""""""""""""""""""""""""""""""""""""""""""""""""""""""""""""""https://web.archive.org/web/20150613082501/http://www.press.sk:80/zbrane-a-technika/o,a,30,60","20150613082501","LISTING"
"http://www.press.sk:80/zbrane-a-technika/o","a,30,60,""""""""""""""""""""""""""""""""""""""""""""""""""""""""""""""""https://web.archive.org/web/20150713210757/http://www.press.sk:80/zbrane-a-technika/o,a,30,60","20150713210757","LISTING"
"http://www.press.sk:80/zbrane-a-technika/o","a,30,60,""""""""""""""""""""""""""""""""""""""""""""""""""""""""""""""""https://web.archive.org/web/20150817072209/http://www.press.sk:80/zbrane-a-technika/o,a,30,60","20150817072209","LISTING"
"http://www.press.sk:80/zbrane-a-technika/o","a,30,60/,""""""""""""""""""""""""""""""""""""""""""""""""""""""""""""""""https://web.archive.org/web/20150823064636/http://www.press.sk:80/zbrane-a-technika/o,a,30,60/","20150823064636","LISTING"
"http://www.press.sk:80/zbrane-a-technika/o","a,30,60,""""""""""""""""""""""""""""""""""""""""""""""""""""""""""""""""https://web.archive.org/web/20150917042332/http://www.press.sk:80/zbrane-a-technika/o,a,30,60","20150917042332","LISTING"
"http://www.press.sk:80/zbrane-a-technika/o","a,30,60,""""""""""""""""""""""""""""""""""""""""""""""""""""""""""""""""https://web.archive.org/web/20160401145848/http://www.press.sk:80/zbrane-a-technika/o,a,30,60","20160401145848","LISTING"
"http://www.press.sk:80/zbrane-a-technika/o","a,30,60,""""""""""""""""""""""""""""""""""""""""""""""""""""""""""""""""https://web.archive.org/web/20160402191942/http://www.press.sk:80/zbrane-a-technika/o,a,30,60","20160402191942","LISTING"
"http://www.press.sk:80/zbrane-a-technika/o","a,30,60,""""""""""""""""""""""""""""""""""""""""""""""""""""""""""""""""https://web.archive.org/web/20160511054705/http://www.press.sk:80/zbrane-a-technika/o,a,30,60","20160511054705","LISTING"
"http://www.press.sk:80/zbrane-a-technika/o","a,30,90,""""""""""""""""""""""""""""""""""""""""""""""""""""""""""""""""https://web.archive.org/web/20130507101216/http://www.press.sk:80/zbrane-a-technika/o,a,30,90","20130507101216","LISTING"
"http://www.press.sk:80/zbrane-a-technika/o","a,30,90/,""""""""""""""""""""""""""""""""""""""""""""""""""""""""""""""""https://web.archive.org/web/20130510202446/http://www.press.sk:80/zbrane-a-technika/o,a,30,90/","20130510202446","LISTING"
"http://www.press.sk/zbrane-a-technika/o","a,30,90/,""""""""""""""""""""""""""""""""""""""""""""""""""""""""""""""""https://web.archive.org/web/20130623030415/http://www.press.sk/zbrane-a-technika/o,a,30,90/","20130623030415","LISTING"
"http://www.press.sk:80/zbrane-a-technika/o","a,30,90,""""""""""""""""""""""""""""""""""""""""""""""""""""""""""""""""https://web.archive.org/web/20150514023920/http://www.press.sk:80/zbrane-a-technika/o,a,30,90","20150514023920","LISTING"
"http://www.press.sk:80/zbrane-a-technika/o","a,30,90/,""""""""""""""""""""""""""""""""""""""""""""""""""""""""""""""""https://web.archive.org/web/20150514170428/http://www.press.sk:80/zbrane-a-technika/o,a,30,90/","20150514170428","LISTING"
"http://www.press.sk:80/zbrane-a-technika/o","a,30,90,""""""""""""""""""""""""""""""""""""""""""""""""""""""""""""""""https://web.archive.org/web/20150614063340/http://www.press.sk:80/zbrane-a-technika/o,a,30,90","20150614063340","LISTING"
"http://www.press.sk:80/zbrane-a-technika/o","a,30,90,""""""""""""""""""""""""""""""""""""""""""""""""""""""""""""""""https://web.archive.org/web/20150715030702/http://www.press.sk:80/zbrane-a-technika/o,a,30,90","20150715030702","LISTING"
"http://www.press.sk:80/zbrane-a-technika/o","a,30,90,""""""""""""""""""""""""""""""""""""""""""""""""""""""""""""""""https://web.archive.org/web/20150817073049/http://www.press.sk:80/zbrane-a-technika/o,a,30,90","20150817073049","LISTING"
"http://www.press.sk:80/zbrane-a-technika/o","a,30,90/,""""""""""""""""""""""""""""""""""""""""""""""""""""""""""""""""https://web.archive.org/web/20150822045236/http://www.press.sk:80/zbrane-a-technika/o,a,30,90/","20150822045236","LISTING"
"http://www.press.sk:80/zbrane-a-technika/o","a,30,90,""""""""""""""""""""""""""""""""""""""""""""""""""""""""""""""""https://web.archive.org/web/20150917094117/http://www.press.sk:80/zbrane-a-technika/o,a,30,90","20150917094117","LISTING"
"http://www.press.sk:80/zbrane-a-technika/o","a,30,90,""""""""""""""""""""""""""""""""""""""""""""""""""""""""""""""""https://web.archive.org/web/20160331213454/http://www.press.sk:80/zbrane-a-technika/o,a,30,90","20160331213454","LISTING"
"http://www.press.sk:80/zbrane-a-technika/o","a,30,90,""""""""""""""""""""""""""""""""""""""""""""""""""""""""""""""""https://web.archive.org/web/20160508041058/http://www.press.sk:80/zbrane-a-technika/o,a,30,90","20160508041058","LISTING"
"http://www.press.sk:80/zdravotnicka-literatura/","https://web.archive.org/web/20150131195049/http://www.press.sk:80/zdravotnicka-literatura/","20150131195049","LISTING"
"http://www.press.sk:80/zdravotnicka-literatura/","https://web.archive.org/web/20150310090913/http://www.press.sk:80/zdravotnicka-literatura/","20150310090913","LISTING"
"http://www.press.sk/zdravotnicka-literatura/","https://web.archive.org/web/20150418181826/http://www.press.sk/zdravotnicka-literatura/","20150418181826","LISTING"
"http://www.press.sk:80/zdravotnicka-literatura/","https://web.archive.org/web/20150509194433/http://www.press.sk:80/zdravotnicka-literatura/","20150509194433","LISTING"
"http://www.press.sk:80/zdravotnicka-literatura/","https://web.archive.org/web/20150711130855/http://www.press.sk:80/zdravotnicka-literatura/","20150711130855","LISTING"
"http://www.press.sk:80/zdravotnicka-literatura","https://web.archive.org/web/20150831144146/http://www.press.sk:80/zdravotnicka-literatura","20150831144146","LISTING"
"http://www.press.sk:80/zdravotnicka-literatura/","https://web.archive.org/web/20150909214646/http://www.press.sk:80/zdravotnicka-literatura/","20150909214646","LISTING"
"http://www.press.sk:80/zdravotnicka-literatura","https://web.archive.org/web/20151001083124/http://www.press.sk:80/zdravotnicka-literatura","20151001083124","LISTING"
"http://www.press.sk:80/zdravotnicka-literatura/","https://web.archive.org/web/20151109051450/http://www.press.sk:80/zdravotnicka-literatura/","20151109051450","LISTING"
"http://www.press.sk:80/zdravotnicka-literatura/","https://web.archive.org/web/20160110044423/http://www.press.sk:80/zdravotnicka-literatura/","20160110044423","LISTING"
"http://www.press.sk:80/zdravotnicka-literatura/","https://web.archive.org/web/20160311074245/http://www.press.sk:80/zdravotnicka-literatura/","20160311074245","LISTING"
"http://www.press.sk/zdravotnicka-literatura/","https://web.archive.org/web/20160324112813/http://www.press.sk/zdravotnicka-literatura/","20160324112813","LISTING"
"http://www.press.sk:80/zdravotnicka-literatura","https://web.archive.org/web/20160402175535/http://www.press.sk:80/zdravotnicka-literatura","20160402175535","LISTING"
"http://www.press.sk:80/zdravotnicka-literatura/","https://web.archive.org/web/20160511111549/http://www.press.sk:80/zdravotnicka-literatura/","20160511111549","LISTING"
"http://www.press.sk:80/zdravotnicka-literatura","https://web.archive.org/web/20160513064247/http://www.press.sk:80/zdravotnicka-literatura","20160513064247","LISTING"
"http://www.press.sk/zdravotnicka-literatura/","https://web.archive.org/web/20160623191305/http://www.press.sk/zdravotnicka-literatura/","20160623191305","LISTING"
"http://www.press.sk:80/zdravotnicka-literatura/","https://web.archive.org/web/20160711072007/http://www.press.sk:80/zdravotnicka-literatura/","20160711072007","LISTING"
"http://www.press.sk:80/zdravotnicka-literatura/","https://web.archive.org/web/20160910111632/http://www.press.sk:80/zdravotnicka-literatura/","20160910111632","LISTING"
"http://www.press.sk/zdravotnicka-literatura/","https://web.archive.org/web/20161030104749/http://www.press.sk/zdravotnicka-literatura/","20161030104749","LISTING"
"http://www.press.sk:80/zdravotnicka-literatura/","https://web.archive.org/web/20161109235304/http://www.press.sk:80/zdravotnicka-literatura/","20161109235304","LISTING"
"http://www.press.sk:80/zdravotnicka-literatura/","https://web.archive.org/web/20161207113200/http://www.press.sk:80/zdravotnicka-literatura/","20161207113200","LISTING"
"http://www.press.sk:80/zdravotnicka-literatura","https://web.archive.org/web/20170109195912/http://www.press.sk:80/zdravotnicka-literatura","20170109195912","LISTING"
"http://www.press.sk:80/zdravotnicka-literatura/","https://web.archive.org/web/20170205172343/http://www.press.sk:80/zdravotnicka-literatura/","20170205172343","LISTING"
"http://www.press.sk:80/zdravotnicka-literatura/","https://web.archive.org/web/20170412112016/http://www.press.sk:80/zdravotnicka-literatura/","20170412112016","LISTING"
"http://www.press.sk:80/zdravotnicka-literatura","https://web.archive.org/web/20170511074650/http://www.press.sk:80/zdravotnicka-literatura","20170511074650","LISTING"
"http://www.press.sk/zdravotnicka-literatura/","https://web.archive.org/web/20170608011100/http://www.press.sk/zdravotnicka-literatura/","20170608011100","LISTING"
"http://www.press.sk:80/zdravotnicka-literatura+365/","https://web.archive.org/web/20170126113733/http://www.press.sk:80/zdravotnicka-literatura+365/","20170126113733","LISTING"
"http://www.press.sk:80/zdravotnicka-literatura+365/","https://web.archive.org/web/20170328025643/http://www.press.sk:80/zdravotnicka-literatura+365/","20170328025643","LISTING"
"http://www.press.sk:80/zdravotnicka-literatura+365/","https://web.archive.org/web/20170527213039/http://www.press.sk:80/zdravotnicka-literatura+365/","20170527213039","LISTING"
"http://www.press.sk/zdravotnicka-literatura+365/","https://web.archive.org/web/20170606130747/http://www.press.sk/zdravotnicka-literatura+365/","20170606130747","LISTING"
"http://www.press.sk:80/zdravotnicka-literatura/o","a,30,30/,""""""""""""""""""""""""""""""""""""""""""""""""""""""""""""""""https://web.archive.org/web/20150901125052/http://www.press.sk:80/zdravotnicka-literatura/o,a,30,30/","20150901125052","LISTING"
"http://www.press.sk/zdravotnicka-literatura/o","a,30,30/,""""""""""""""""""""""""""""""""""""""""""""""""""""""""""""""""https://web.archive.org/web/20160802152620/http://www.press.sk/zdravotnicka-literatura/o,a,30,30/","20160802152620","LISTING"
"http://www.press.sk/zdravotnicka-literatura/o","a,30,30/,""""""""""""""""""""""""""""""""""""""""""""""""""""""""""""""""https://web.archive.org/web/20170405213853/http://www.press.sk/zdravotnicka-literatura/o,a,30,30/","20170405213853","LISTING"
"http://www.press.sk:80/zdravotnicka-literatura/o","a,30,60/,""""""""""""""""""""""""""""""""""""""""""""""""""""""""""""""""https://web.archive.org/web/20150901125057/http://www.press.sk:80/zdravotnicka-literatura/o,a,30,60/","20150901125057","LISTING"
"http://www.press.sk/zdravotnicka-literatura/o","a,30,60/,""""""""""""""""""""""""""""""""""""""""""""""""""""""""""""""""https://web.archive.org/web/20160802131409/http://www.press.sk/zdravotnicka-literatura/o,a,30,60/","20160802131409","LISTING"
"http://www.press.sk/zdravotnicka-literatura/o","a,30,60/,""""""""""""""""""""""""""""""""""""""""""""""""""""""""""""""""https://web.archive.org/web/20170405163842/http://www.press.sk/zdravotnicka-literatura/o,a,30,60/","20170405163842","LISTING"
"http://www.press.sk/zdravotnicka-literatura/o","a,30,90/,""""""""""""""""""""""""""""""""""""""""""""""""""""""""""""""""https://web.archive.org/web/20170405175132/http://www.press.sk/zdravotnicka-literatura/o,a,30,90/","20170405175132","LISTING"
"http://www.press.sk:80/zeleznice/","https://web.archive.org/web/20090305233858/http://www.press.sk:80/zeleznice/","20090305233858","LISTING"
"http://www.press.sk:80/zeleznice/","https://web.archive.org/web/20090506080416/http://www.press.sk:80/zeleznice/","20090506080416","LISTING"
"http://www.press.sk:80/zeleznice","https://web.archive.org/web/20091001173809/http://www.press.sk:80/zeleznice","20091001173809","LISTING"
"http://www.press.sk:80/zeleznice","https://web.archive.org/web/20100111023335/http://www.press.sk:80/zeleznice","20100111023335","LISTING"
"http://www.press.sk:80/zeleznice/","https://web.archive.org/web/20100604171838/http://www.press.sk:80/zeleznice/","20100604171838","LISTING"
"http://www.press.sk:80/zeleznice/","https://web.archive.org/web/20100829102722/http://www.press.sk:80/zeleznice/","20100829102722","LISTING"
"http://www.press.sk:80/zeleznice/","https://web.archive.org/web/20110517173253/http://www.press.sk:80/zeleznice/","20110517173253","LISTING"
"http://www.press.sk:80/zeleznice/","https://web.archive.org/web/20110802063539/http://www.press.sk:80/zeleznice/","20110802063539","LISTING"
"http://www.press.sk:80/zeleznice/","https://web.archive.org/web/20111118094708/http://www.press.sk:80/zeleznice/","20111118094708","LISTING"
"http://www.press.sk:80/zeleznice/","https://web.archive.org/web/20120319050632/http://www.press.sk:80/zeleznice/","20120319050632","LISTING"
"http://www.press.sk/zeleznice/","https://web.archive.org/web/20130511020135/http://www.press.sk/zeleznice/","20130511020135","LISTING"
"http://www.press.sk:80/zeleznice","https://web.archive.org/web/20131108025217/http://www.press.sk:80/zeleznice","20131108025217","LISTING"
"http://www.press.sk:80/zeleznice","https://web.archive.org/web/20140219215752/http://www.press.sk:80/zeleznice","20140219215752","LISTING"
"http://www.press.sk:80/zeleznice","https://web.archive.org/web/20140708033004/http://www.press.sk:80/zeleznice","20140708033004","LISTING"
"http://www.press.sk:80/zeleznice","https://web.archive.org/web/20140828012348/http://www.press.sk:80/zeleznice","20140828012348","LISTING"
"http://www.press.sk:80/zeleznice/","https://web.archive.org/web/20150823064641/http://www.press.sk:80/zeleznice/","20150823064641","LISTING"
"http://www.press.sk/zeleznice/","https://web.archive.org/web/20160406122633/http://www.press.sk/zeleznice/","20160406122633","LISTING"
"http://www.press.sk/zeleznice/","https://web.archive.org/web/20170406004422/http://www.press.sk/zeleznice/","20170406004422","LISTING"
"http://www.press.sk/zeleznice/o","a,30,30/,""""""""""""""""""""""""""""""""""""""""""""""""""""""""""""""""https://web.archive.org/web/20130623005704/http://www.press.sk/zeleznice/o,a,30,30/","20130623005704","LISTING"
"http://www.press.sk/zeleznice/o","a,30,60/,""""""""""""""""""""""""""""""""""""""""""""""""""""""""""""""""https://web.archive.org/web/20130623011523/http://www.press.sk/zeleznice/o,a,30,60/","20130623011523","LISTING"
"http://www.press.sk:80/zenaty-se-zavazky/","https://web.archive.org/web/20120226165500/http://www.press.sk:80/zenaty-se-zavazky/","20120226165500","LISTING"
