original_url,wayback_url,timestamp,type
http://www.press.sk:80/,https://web.archive.org/web/20040412111327/http://www.press.sk:80/,20040412111327,skip
http://www.press.sk:80/,https://web.archive.org/web/20040513074327/http://www.press.sk:80/,20040513074327,skip
http://www.press.sk:80/,https://web.archive.org/web/20040520094852/http://www.press.sk:80/,20040520094852,skip
http://www.press.sk:80/,https://web.archive.org/web/20040611124332/http://www.press.sk:80/,20040611124332,skip
http://www.press.sk:80/,https://web.archive.org/web/20040612125618/http://www.press.sk:80/,20040612125618,skip
http://www.press.sk:80/,https://web.archive.org/web/20040729170636/http://www.press.sk:80/,20040729170636,skip
http://www.press.sk:80/,https://web.archive.org/web/20040729232422/http://www.press.sk:80/,20040729232422,skip
http://www.press.sk:80/,https://web.archive.org/web/20040809014613/http://www.press.sk:80/,20040809014613,skip
http://www.press.sk:80/,https://web.archive.org/web/20040922002746/http://www.press.sk:80/,20040922002746,skip
http://www.press.sk:80/,https://web.archive.org/web/20040924123256/http://www.press.sk:80/,20040924123256,skip
http://www.press.sk:80/,https://web.archive.org/web/20041010061425/http://www.press.sk:80/,20041010061425,skip
http://www.press.sk:80/,https://web.archive.org/web/20041212104736/http://www.press.sk:80/,20041212104736,skip
http://www.press.sk:80/,https://web.archive.org/web/20050205015323/http://www.press.sk:80/,20050205015323,skip
http://press.sk:80/,https://web.archive.org/web/20050213074428/http://press.sk:80/,20050213074428,skip
http://www.press.sk:80/,https://web.archive.org/web/20050304120437/http://www.press.sk:80/,20050304120437,skip
http://www.press.sk:80/,https://web.archive.org/web/20050319033311/http://www.press.sk:80/,20050319033311,skip
http://www.press.sk:80/,https://web.archive.org/web/20050402014732/http://www.press.sk:80/,20050402014732,skip
http://www.press.sk:80/,https://web.archive.org/web/20050611031010/http://www.press.sk:80/,20050611031010,skip
http://www.press.sk:80/,https://web.archive.org/web/20050731091401/http://www.press.sk:80/,20050731091401,skip
http://www.press.sk:80/,https://web.archive.org/web/20050827202014/http://www.press.sk:80/,20050827202014,skip
http://www.press.sk:80/,https://web.archive.org/web/20050828194915/http://www.press.sk:80/,20050828194915,skip
http://www.press.sk:80/,https://web.archive.org/web/20050901044751/http://www.press.sk:80/,20050901044751,skip
http://www.press.sk:80/,https://web.archive.org/web/20051030175532/http://www.press.sk:80/,20051030175532,skip
http://www.press.sk:80/,https://web.archive.org/web/20051219231848/http://www.press.sk:80/,20051219231848,skip
http://www.press.sk:80/,https://web.archive.org/web/20060110202142/http://www.press.sk:80/,20060110202142,skip
http://press.sk:80/,https://web.archive.org/web/20060203162336/http://press.sk:80/,20060203162336,skip
http://www.press.sk:80/,https://web.archive.org/web/20060212162644/http://www.press.sk:80/,20060212162644,skip
http://www.press.sk:80/,https://web.archive.org/web/20060409151502/http://www.press.sk:80/,20060409151502,skip
http://www.press.sk:80/,https://web.archive.org/web/20060421234033/http://www.press.sk:80/,20060421234033,skip
http://www.press.sk:80/,https://web.archive.org/web/20060426015227/http://www.press.sk:80/,20060426015227,skip
http://www.press.sk:80/,https://web.archive.org/web/20060613045510/http://www.press.sk:80/,20060613045510,skip
http://press.sk:80/,https://web.archive.org/web/20060613060847/http://press.sk:80/,20060613060847,skip
http://www.press.sk:80/,https://web.archive.org/web/20060711035850/http://www.press.sk:80/,20060711035850,skip
http://www.press.sk:80/,https://web.archive.org/web/20060715162442/http://www.press.sk:80/,20060715162442,skip
http://press.sk:80/,https://web.archive.org/web/20060804031304/http://press.sk:80/,20060804031304,skip
http://press.sk:80/,https://web.archive.org/web/20060804133130/http://press.sk:80/,20060804133130,skip
http://www.press.sk:80/,https://web.archive.org/web/20060810135053/http://www.press.sk:80/,20060810135053,skip
http://www.press.sk:80/,https://web.archive.org/web/20060810142850/http://www.press.sk:80/,20060810142850,skip
http://www.press.sk:80/,https://web.archive.org/web/20060820111028/http://www.press.sk:80/,20060820111028,skip
http://www.press.sk:80/,https://web.archive.org/web/20060902181321/http://www.press.sk:80/,20060902181321,skip
http://www.press.sk:80/,https://web.archive.org/web/20061023141235/http://www.press.sk:80/,20061023141235,skip
http://press.sk:80/,https://web.archive.org/web/20061205015157/http://press.sk:80/,20061205015157,skip
http://www.press.sk:80/,https://web.archive.org/web/20061207230433/http://www.press.sk:80/,20061207230433,skip
http://www.press.sk:80/,https://web.archive.org/web/20061217190058/http://www.press.sk:80/,20061217190058,skip
http://www.press.sk:80/,https://web.archive.org/web/20061225111825/http://www.press.sk:80/,20061225111825,skip
http://www.press.sk:80/,https://web.archive.org/web/20070103023756/http://www.press.sk:80/,20070103023756,skip
http://www.press.sk:80/,https://web.archive.org/web/20070107201958/http://www.press.sk:80/,20070107201958,skip
http://www.press.sk:80/,https://web.archive.org/web/20070112101536/http://www.press.sk:80/,20070112101536,skip
http://www.press.sk:80/?,https://web.archive.org/web/20070113122620/http://www.press.sk:80/?,20070113122620,skip
http://www.press.sk:80/,https://web.archive.org/web/20070117100221/http://www.press.sk:80/,20070117100221,skip
http://www.press.sk:80/?,https://web.archive.org/web/20070118173945/http://www.press.sk:80/?,20070118173945,skip
http://www.press.sk:80/,https://web.archive.org/web/20070122141051/http://www.press.sk:80/,20070122141051,skip
http://www.press.sk:80/?,https://web.archive.org/web/20070123223927/http://www.press.sk:80/?,20070123223927,skip
http://www.press.sk:80/,https://web.archive.org/web/20070127200951/http://www.press.sk:80/,20070127200951,skip
http://www.press.sk:80/?,https://web.archive.org/web/20070128212955/http://www.press.sk:80/?,20070128212955,skip
http://www.press.sk:80/,https://web.archive.org/web/20070202032809/http://www.press.sk:80/,20070202032809,skip
http://www.press.sk:80/,https://web.archive.org/web/20070210013012/http://www.press.sk:80/,20070210013012,skip
http://www.press.sk:80/?,https://web.archive.org/web/20070212090752/http://www.press.sk:80/?,20070212090752,skip
http://www.press.sk:80/,https://web.archive.org/web/20070217155940/http://www.press.sk:80/,20070217155940,skip
http://www.press.sk:80/,https://web.archive.org/web/20070225165022/http://www.press.sk:80/,20070225165022,skip
http://www.press.sk:80/,https://web.archive.org/web/20070306022434/http://www.press.sk:80/,20070306022434,skip
http://press.sk:80/,https://web.archive.org/web/20070314043510/http://press.sk:80/,20070314043510,skip
http://www.press.sk:80/,https://web.archive.org/web/20070315020943/http://www.press.sk:80/,20070315020943,skip
http://www.press.sk:80/,https://web.archive.org/web/20070323104259/http://www.press.sk:80/,20070323104259,skip
http://www.press.sk:80/?,https://web.archive.org/web/20070329051001/http://www.press.sk:80/?,20070329051001,skip
http://www.press.sk:80/,https://web.archive.org/web/20070408233849/http://www.press.sk:80/,20070408233849,skip
http://www.press.sk:80/?,https://web.archive.org/web/20070421005104/http://www.press.sk:80/?,20070421005104,skip
http://www.press.sk:80/,https://web.archive.org/web/20070425061654/http://www.press.sk:80/,20070425061654,skip
http://www.press.sk:80/,https://web.archive.org/web/20070509045238/http://www.press.sk:80/,20070509045238,skip
http://www.press.sk:80/?,https://web.archive.org/web/20070521065924/http://www.press.sk:80/?,20070521065924,skip
http://www.press.sk:80/,https://web.archive.org/web/20070531065953/http://www.press.sk:80/,20070531065953,skip
http://www.press.sk:80/,https://web.archive.org/web/20070608220233/http://www.press.sk:80/,20070608220233,skip
http://www.press.sk/,https://web.archive.org/web/20070609145300/http://www.press.sk/,20070609145300,skip
http://www.press.sk:80/?,https://web.archive.org/web/20070620202951/http://www.press.sk:80/?,20070620202951,skip
http://www.press.sk:80/,https://web.archive.org/web/20070627004719/http://www.press.sk:80/,20070627004719,skip
http://www.press.sk:80/,https://web.archive.org/web/20070703144429/http://www.press.sk:80/,20070703144429,skip
http://www.press.sk:80/,https://web.archive.org/web/20070820094520/http://www.press.sk:80/,20070820094520,skip
http://www.press.sk:80/,https://web.archive.org/web/20070929124835/http://www.press.sk:80/,20070929124835,skip
http://www.press.sk:80/,https://web.archive.org/web/20070930132738/http://www.press.sk:80/,20070930132738,skip
http://www.press.sk:80/,https://web.archive.org/web/20071002060539/http://www.press.sk:80/,20071002060539,skip
http://www.press.sk:80/,https://web.archive.org/web/20071005004811/http://www.press.sk:80/,20071005004811,skip
http://www.press.sk:80/,https://web.archive.org/web/20071007115520/http://www.press.sk:80/,20071007115520,skip
http://www.press.sk:80/,https://web.archive.org/web/20071011010651/http://www.press.sk:80/,20071011010651,skip
http://www.press.sk:80/,https://web.archive.org/web/20071020234403/http://www.press.sk:80/,20071020234403,skip
http://www.press.sk:80/?,https://web.archive.org/web/20071026035727/http://www.press.sk:80/?,20071026035727,skip
http://www.press.sk:80/,https://web.archive.org/web/20071029194039/http://www.press.sk:80/,20071029194039,skip
http://www.press.sk:80/,https://web.archive.org/web/20071106051115/http://www.press.sk:80/,20071106051115,skip
http://www.press.sk:80/,https://web.archive.org/web/20071113171232/http://www.press.sk:80/,20071113171232,skip
http://www.press.sk:80/,https://web.archive.org/web/20071121215116/http://www.press.sk:80/,20071121215116,skip
http://www.press.sk:80/?,https://web.archive.org/web/20071126042420/http://www.press.sk:80/?,20071126042420,skip
http://www.press.sk:80/,https://web.archive.org/web/20071130015703/http://www.press.sk:80/,20071130015703,skip
http://www.press.sk:80/,https://web.archive.org/web/20071208030209/http://www.press.sk:80/,20071208030209,skip
http://www.press.sk:80/,https://web.archive.org/web/20071215025538/http://www.press.sk:80/,20071215025538,skip
http://www.press.sk:80/,https://web.archive.org/web/20071222020331/http://www.press.sk:80/,20071222020331,skip
http://www.press.sk:80/?,https://web.archive.org/web/20071226161604/http://www.press.sk:80/?,20071226161604,skip
http://www.press.sk:80/,https://web.archive.org/web/20071229032153/http://www.press.sk:80/,20071229032153,skip
http://www.press.sk:80/,https://web.archive.org/web/20080105161852/http://www.press.sk:80/,20080105161852,skip
http://www.press.sk:80/,https://web.archive.org/web/20080113034148/http://www.press.sk:80/,20080113034148,skip
http://www.press.sk:80/,https://web.archive.org/web/20080120221203/http://www.press.sk:80/,20080120221203,skip
http://www.press.sk:80/?,https://web.archive.org/web/20080126114523/http://www.press.sk:80/?,20080126114523,skip
http://www.press.sk:80/,https://web.archive.org/web/20080129183821/http://www.press.sk:80/,20080129183821,skip
http://www.press.sk:80/,https://web.archive.org/web/20080208061738/http://www.press.sk:80/,20080208061738,skip
http://www.press.sk:80/,https://web.archive.org/web/20080215205139/http://www.press.sk:80/,20080215205139,skip
http://www.press.sk:80/,https://web.archive.org/web/20080228071234/http://www.press.sk:80/,20080228071234,skip
http://www.press.sk:80/?,https://web.archive.org/web/20080228071238/http://www.press.sk:80/?,20080228071238,skip
http://www.press.sk:80/,https://web.archive.org/web/20080310041523/http://www.press.sk:80/,20080310041523,skip
http://www.press.sk:80/,https://web.archive.org/web/20080318192535/http://www.press.sk:80/,20080318192535,skip
http://www.press.sk:80/,https://web.archive.org/web/20080328100444/http://www.press.sk:80/,20080328100444,skip
http://www.press.sk:80/?,https://web.archive.org/web/20080330073810/http://www.press.sk:80/?,20080330073810,skip
http://www.press.sk:80/,https://web.archive.org/web/20080406000100/http://www.press.sk:80/,20080406000100,skip
http://www.press.sk:80/,https://web.archive.org/web/20080415130551/http://www.press.sk:80/,20080415130551,skip
http://www.press.sk:80/,https://web.archive.org/web/20080424010747/http://www.press.sk:80/,20080424010747,skip
http://www.press.sk:80/?,https://web.archive.org/web/20080430024705/http://www.press.sk:80/?,20080430024705,skip
http://www.press.sk:80/,https://web.archive.org/web/20080507114512/http://www.press.sk:80/,20080507114512,skip
http://www.press.sk:80/,https://web.archive.org/web/20080514221911/http://www.press.sk:80/,20080514221911,skip
http://www.press.sk:80/,https://web.archive.org/web/20080523075539/http://www.press.sk:80/,20080523075539,skip
http://www.press.sk:80/?,https://web.archive.org/web/20080530201554/http://www.press.sk:80/?,20080530201554,skip
http://www.press.sk:80/,https://web.archive.org/web/20080531121633/http://www.press.sk:80/,20080531121633,skip
http://www.press.sk:80/,https://web.archive.org/web/20080607095218/http://www.press.sk:80/,20080607095218,skip
http://www.press.sk:80/,https://web.archive.org/web/20080615025014/http://www.press.sk:80/,20080615025014,skip
http://www.press.sk:80/,https://web.archive.org/web/20080622130256/http://www.press.sk:80/,20080622130256,skip
http://www.press.sk:80/?,https://web.archive.org/web/20080630001338/http://www.press.sk:80/?,20080630001338,skip
http://www.press.sk:80/?,https://web.archive.org/web/20080706142316/http://www.press.sk:80/?,20080706142316,skip
http://www.press.sk:80/?,https://web.archive.org/web/20080814151817/http://www.press.sk:80/?,20080814151817,skip
http://www.press.sk:80/?,https://web.archive.org/web/20080815160014/http://www.press.sk:80/?,20080815160014,skip
http://www.press.sk:80/?,https://web.archive.org/web/20080817053746/http://www.press.sk:80/?,20080817053746,skip
http://www.press.sk:80/,https://web.archive.org/web/20080913064725/http://www.press.sk:80/,20080913064725,skip
http://www.press.sk:80/?,https://web.archive.org/web/20080918232434/http://www.press.sk:80/?,20080918232434,skip
http://www.press.sk:80/,https://web.archive.org/web/20080922110246/http://www.press.sk:80/,20080922110246,skip
http://www.press.sk:80/,https://web.archive.org/web/20081002134207/http://www.press.sk:80/,20081002134207,skip
http://www.press.sk:80/,https://web.archive.org/web/20081011115747/http://www.press.sk:80/,20081011115747,skip
http://www.press.sk:80/?,https://web.archive.org/web/20081020013511/http://www.press.sk:80/?,20081020013511,skip
http://www.press.sk:80/,https://web.archive.org/web/20081021001155/http://www.press.sk:80/,20081021001155,skip
http://www.press.sk:80/,https://web.archive.org/web/20081028210656/http://www.press.sk:80/,20081028210656,skip
http://www.press.sk:80/,https://web.archive.org/web/20081105082344/http://www.press.sk:80/,20081105082344,skip
http://www.press.sk:80/,https://web.archive.org/web/20081112081645/http://www.press.sk:80/,20081112081645,skip
http://www.press.sk:80/,https://web.archive.org/web/20081208175430/http://www.press.sk:80/,20081208175430,skip
http://www.press.sk:80/,https://web.archive.org/web/20081216020151/http://www.press.sk:80/,20081216020151,skip
http://www.press.sk:80/,https://web.archive.org/web/20081217002957/http://www.press.sk:80/,20081217002957,skip
http://www.press.sk:80/,https://web.archive.org/web/20081220115714/http://www.press.sk:80/,20081220115714,skip
http://www.press.sk:80/,https://web.archive.org/web/20081224020300/http://www.press.sk:80/,20081224020300,skip
http://www.press.sk:80/,https://web.archive.org/web/20090101124500/http://www.press.sk:80/,20090101124500,skip
http://www.press.sk:80/,https://web.archive.org/web/20090113085709/http://www.press.sk:80/,20090113085709,skip
http://www.press.sk:80/,https://web.archive.org/web/20090123154916/http://www.press.sk:80/,20090123154916,skip
http://www.press.sk:80/,https://web.archive.org/web/20090201220810/http://www.press.sk:80/,20090201220810,skip
http://www.press.sk:80/,https://web.archive.org/web/20090211050227/http://www.press.sk:80/,20090211050227,skip
http://www.press.sk:80/,https://web.archive.org/web/20090213232120/http://www.press.sk:80/,20090213232120,skip
http://www.press.sk:80/,https://web.archive.org/web/20090215004825/http://www.press.sk:80/,20090215004825,skip
http://www.press.sk:80/,https://web.archive.org/web/20090218111856/http://www.press.sk:80/,20090218111856,skip
http://www.press.sk:80/,https://web.archive.org/web/20090223110830/http://www.press.sk:80/,20090223110830,skip
http://www.press.sk:80/,https://web.archive.org/web/20090224024608/http://www.press.sk:80/,20090224024608,skip
http://www.press.sk:80/,https://web.archive.org/web/20090304224750/http://www.press.sk:80/,20090304224750,skip
http://www.press.sk:80/,https://web.archive.org/web/20090313081541/http://www.press.sk:80/,20090313081541,skip
http://www.press.sk:80/,https://web.archive.org/web/20090321021720/http://www.press.sk:80/,20090321021720,skip
http://www.press.sk:80/,https://web.archive.org/web/20090322045504/http://www.press.sk:80/,20090322045504,skip
http://www.press.sk:80/,https://web.archive.org/web/20090328040126/http://www.press.sk:80/,20090328040126,skip
http://www.press.sk:80/,https://web.archive.org/web/20090405234241/http://www.press.sk:80/,20090405234241,skip
http://www.press.sk:80/,https://web.archive.org/web/20090416080754/http://www.press.sk:80/,20090416080754,skip
http://www.press.sk:80/,https://web.archive.org/web/20090420200944/http://www.press.sk:80/,20090420200944,skip
http://www.press.sk:80/,https://web.archive.org/web/20090426014300/http://www.press.sk:80/,20090426014300,skip
http://www.press.sk:80/,https://web.archive.org/web/20090501193043/http://www.press.sk:80/,20090501193043,skip
http://www.press.sk:80/,https://web.archive.org/web/20090505233549/http://www.press.sk:80/,20090505233549,skip
http://www.press.sk:80/,https://web.archive.org/web/20090512155542/http://www.press.sk:80/,20090512155542,skip
http://www.press.sk:80/,https://web.archive.org/web/20090515032130/http://www.press.sk:80/,20090515032130,skip
http://www.press.sk:80/,https://web.archive.org/web/20090526084125/http://www.press.sk:80/,20090526084125,skip
http://www.press.sk:80/,https://web.archive.org/web/20090612073915/http://www.press.sk:80/,20090612073915,skip
http://www.press.sk:80/,https://web.archive.org/web/20090718225134/http://www.press.sk:80/,20090718225134,skip
http://www.press.sk:80/,https://web.archive.org/web/20090725032623/http://www.press.sk:80/,20090725032623,skip
http://www.press.sk:80/,https://web.archive.org/web/20090801103953/http://www.press.sk:80/,20090801103953,skip
http://www.press.sk:80/,https://web.archive.org/web/20090909153055/http://www.press.sk:80/,20090909153055,skip
http://www.press.sk:80/,https://web.archive.org/web/20090914095128/http://www.press.sk:80/,20090914095128,skip
http://www.press.sk:80/,https://web.archive.org/web/20090917084816/http://www.press.sk:80/,20090917084816,skip
http://www.press.sk:80/,https://web.archive.org/web/20091003135510/http://www.press.sk:80/,20091003135510,skip
http://www.press.sk:80/,https://web.archive.org/web/20091003224708/http://www.press.sk:80/,20091003224708,skip
http://www.press.sk:80/,https://web.archive.org/web/20091202194639/http://www.press.sk:80/,20091202194639,skip
http://www.press.sk:80/,https://web.archive.org/web/20091204040033/http://www.press.sk:80/,20091204040033,skip
http://www.press.sk:80/,https://web.archive.org/web/20091217091357/http://www.press.sk:80/,20091217091357,skip
http://www.press.sk:80/,https://web.archive.org/web/20091217091357/http://www.press.sk:80/,20091217091357,skip
http://www.press.sk:80/,https://web.archive.org/web/20100105132415/http://www.press.sk:80/,20100105132415,skip
http://www.press.sk:80/,https://web.archive.org/web/20100105132415/http://www.press.sk:80/,20100105132415,skip
http://www.press.sk:80/,https://web.archive.org/web/20100107042327/http://www.press.sk:80/,20100107042327,skip
http://www.press.sk:80/,https://web.archive.org/web/20100107042327/http://www.press.sk:80/,20100107042327,skip
http://www.press.sk:80/,https://web.archive.org/web/20100109155614/http://www.press.sk:80/,20100109155614,skip
http://www.press.sk:80/,https://web.archive.org/web/20100111024934/http://www.press.sk:80/,20100111024934,skip
http://www.press.sk:80/,https://web.archive.org/web/20100116073917/http://www.press.sk:80/,20100116073917,skip
http://www.press.sk:80/,https://web.archive.org/web/20100117165126/http://www.press.sk:80/,20100117165126,skip
http://www.press.sk:80/,https://web.archive.org/web/20100122134716/http://www.press.sk:80/,20100122134716,skip
http://www.press.sk:80/,https://web.archive.org/web/20100124192650/http://www.press.sk:80/,20100124192650,skip
http://www.press.sk:80/,https://web.archive.org/web/20100126061942/http://www.press.sk:80/,20100126061942,skip
http://www.press.sk:80/,https://web.archive.org/web/20100127114226/http://www.press.sk:80/,20100127114226,skip
http://www.press.sk/,https://web.archive.org/web/20100131000928/http://www.press.sk/,20100131000928,skip
http://www.press.sk:80/,https://web.archive.org/web/20100211042439/http://www.press.sk:80/,20100211042439,skip
http://www.press.sk:80/,https://web.archive.org/web/20100228085526/http://www.press.sk:80/,20100228085526,skip
http://www.press.sk:80/,https://web.archive.org/web/20100301093552/http://www.press.sk:80/,20100301093552,skip
http://www.press.sk:80/,https://web.archive.org/web/20100311044201/http://www.press.sk:80/,20100311044201,skip
http://www.press.sk:80/?,https://web.archive.org/web/20100311153827/http://www.press.sk:80/?,20100311153827,skip
http://www.press.sk:80/,https://web.archive.org/web/20100323154940/http://www.press.sk:80/,20100323154940,skip
http://www.press.sk:80/,https://web.archive.org/web/20100402042207/http://www.press.sk:80/,20100402042207,skip
http://www.press.sk:80/,https://web.archive.org/web/20100403051407/http://www.press.sk:80/,20100403051407,skip
http://www.press.sk:80/,https://web.archive.org/web/20100405113046/http://www.press.sk:80/,20100405113046,skip
http://www.press.sk:80/,https://web.archive.org/web/20100405113046/http://www.press.sk:80/,20100405113046,skip
http://www.press.sk:80/?,https://web.archive.org/web/20100412100852/http://www.press.sk:80/?,20100412100852,skip
http://www.press.sk:80/?,https://web.archive.org/web/20100412100852/http://www.press.sk:80/?,20100412100852,skip
http://www.press.sk:80/,https://web.archive.org/web/20100413042810/http://www.press.sk:80/,20100413042810,skip
http://www.press.sk:80/,https://web.archive.org/web/20100418140818/http://www.press.sk:80/,20100418140818,skip
http://www.press.sk:80/,https://web.archive.org/web/20100418140818/http://www.press.sk:80/,20100418140818,skip
http://www.press.sk:80/,https://web.archive.org/web/20100424012644/http://www.press.sk:80/,20100424012644,skip
http://www.press.sk:80/,https://web.archive.org/web/20100424012644/http://www.press.sk:80/,20100424012644,skip
http://www.press.sk:80/,https://web.archive.org/web/20100430033317/http://www.press.sk:80/,20100430033317,skip
http://www.press.sk:80/,https://web.archive.org/web/20100501040541/http://www.press.sk:80/,20100501040541,skip
http://www.press.sk:80/,https://web.archive.org/web/20100503112535/http://www.press.sk:80/,20100503112535,skip
http://www.press.sk:80/?,https://web.archive.org/web/20100513043743/http://www.press.sk:80/?,20100513043743,skip
http://www.press.sk:80/,https://web.archive.org/web/20100513044411/http://www.press.sk:80/,20100513044411,skip
http://www.press.sk:80/,https://web.archive.org/web/20100525073136/http://www.press.sk:80/,20100525073136,skip
http://www.press.sk:80/,https://web.archive.org/web/20100608061400/http://www.press.sk:80/,20100608061400,skip
http://www.press.sk:80/?,https://web.archive.org/web/20100613204657/http://www.press.sk:80/?,20100613204657,skip
http://www.press.sk:80/,https://web.archive.org/web/20100626102041/http://www.press.sk:80/,20100626102041,skip
http://www.press.sk:80/?,https://web.archive.org/web/20100715160830/http://www.press.sk:80/?,20100715160830,skip
http://www.press.sk:80/,https://web.archive.org/web/20100725063441/http://www.press.sk:80/,20100725063441,skip
http://www.press.sk:80/,https://web.archive.org/web/20100815021353/http://www.press.sk:80/,20100815021353,skip
http://www.press.sk:80/,https://web.archive.org/web/20100823195340/http://www.press.sk:80/,20100823195340,skip
http://www.press.sk:80/,https://web.archive.org/web/20100910013002/http://www.press.sk:80/,20100910013002,skip
http://www.press.sk:80/,https://web.archive.org/web/20101002134205/http://www.press.sk:80/,20101002134205,skip
http://www.press.sk:80/?,https://web.archive.org/web/20101018002335/http://www.press.sk:80/?,20101018002335,skip
http://www.press.sk:80/,https://web.archive.org/web/20101030074544/http://www.press.sk:80/,20101030074544,skip
http://www.press.sk:80/?,https://web.archive.org/web/20101118121513/http://www.press.sk:80/?,20101118121513,skip
http://www.press.sk:80/,https://web.archive.org/web/20101120004015/http://www.press.sk:80/,20101120004015,skip
http://www.press.sk:80/,https://web.archive.org/web/20101211183818/http://www.press.sk:80/,20101211183818,skip
http://www.press.sk:80/,https://web.archive.org/web/20101217160655/http://www.press.sk:80/,20101217160655,skip
http://www.press.sk:80/?,https://web.archive.org/web/20101229232134/http://www.press.sk:80/?,20101229232134,skip
http://www.press.sk:80/,https://web.archive.org/web/20101230212147/http://www.press.sk:80/,20101230212147,skip
http://www.press.sk:80/,https://web.archive.org/web/20110117193542/http://www.press.sk:80/,20110117193542,skip
http://www.press.sk:80/?,https://web.archive.org/web/20110130152057/http://www.press.sk:80/?,20110130152057,skip
http://www.press.sk:80/,https://web.archive.org/web/20110208221211/http://www.press.sk:80/,20110208221211,skip
http://www.press.sk:80/,https://web.archive.org/web/20110217044233/http://www.press.sk:80/,20110217044233,skip
http://www.press.sk:80/,https://web.archive.org/web/20110222051852/http://www.press.sk:80/,20110222051852,skip
http://www.press.sk:80/?,https://web.archive.org/web/20110302233102/http://www.press.sk:80/?,20110302233102,skip
http://www.press.sk:80/,https://web.archive.org/web/20110309041408/http://www.press.sk:80/,20110309041408,skip
http://www.press.sk:80/?,https://web.archive.org/web/20110403161952/http://www.press.sk:80/?,20110403161952,skip
http://www.press.sk:80/,https://web.archive.org/web/20110423221836/http://www.press.sk:80/,20110423221836,skip
http://www.press.sk:80/?,https://web.archive.org/web/20110504223504/http://www.press.sk:80/?,20110504223504,skip
http://www.press.sk:80/,https://web.archive.org/web/20110520151546/http://www.press.sk:80/,20110520151546,skip
http://www.press.sk:80/?,https://web.archive.org/web/20110622180937/http://www.press.sk:80/?,20110622180937,skip
http://www.press.sk:80/,https://web.archive.org/web/20110622195852/http://www.press.sk:80/,20110622195852,skip
http://www.press.sk:80/,https://web.archive.org/web/20110723214944/http://www.press.sk:80/,20110723214944,skip
http://www.press.sk:80/?,https://web.archive.org/web/20110723222314/http://www.press.sk:80/?,20110723222314,skip
http://www.press.sk/,https://web.archive.org/web/20110728194010/http://www.press.sk/,20110728194010,skip
http://www.press.sk:80/?,https://web.archive.org/web/20110824003823/http://www.press.sk:80/?,20110824003823,skip
http://www.press.sk:80/,https://web.archive.org/web/20110824004227/http://www.press.sk:80/,20110824004227,skip
http://www.press.sk:80/,https://web.archive.org/web/20110825014944/http://www.press.sk:80/,20110825014944,skip
http://www.press.sk:80/?,https://web.archive.org/web/20110825020028/http://www.press.sk:80/?,20110825020028,skip
http://www.press.sk:80/,https://web.archive.org/web/20110902000656/http://www.press.sk:80/,20110902000656,skip
http://www.press.sk:80/,https://web.archive.org/web/20110911190813/http://www.press.sk:80/,20110911190813,skip
http://www.press.sk:80/?,https://web.archive.org/web/20110911191009/http://www.press.sk:80/?,20110911191009,skip
http://www.press.sk:80/,https://web.archive.org/web/20110925180531/http://www.press.sk:80/,20110925180531,skip
http://www.press.sk:80/,https://web.archive.org/web/20111026014645/http://www.press.sk:80/,20111026014645,skip
http://www.press.sk:80/,https://web.archive.org/web/20111116040205/http://www.press.sk:80/,20111116040205,skip
http://www.press.sk:80/,https://web.archive.org/web/20111201065812/http://www.press.sk:80/,20111201065812,skip
http://www.press.sk:80/,https://web.archive.org/web/20111218200012/http://www.press.sk:80/,20111218200012,skip
http://www.press.sk:80/,https://web.archive.org/web/20120115091413/http://www.press.sk:80/,20120115091413,skip
http://www.press.sk/,https://web.archive.org/web/20120118142147/http://www.press.sk/,20120118142147,skip
http://www.press.sk:80/,https://web.archive.org/web/20120204075811/http://www.press.sk:80/,20120204075811,skip
http://www.press.sk:80/,https://web.archive.org/web/20120306163224/http://www.press.sk:80/,20120306163224,skip
http://www.press.sk:80/,https://web.archive.org/web/20120410224031/http://www.press.sk:80/,20120410224031,skip
http://www.press.sk:80/,https://web.archive.org/web/20120512095335/http://www.press.sk:80/,20120512095335,skip
http://www.press.sk/,https://web.archive.org/web/20120626110054/http://www.press.sk/,20120626110054,skip
http://www.press.sk:80/,https://web.archive.org/web/20120627083056/http://www.press.sk:80/,20120627083056,skip
http://www.press.sk:80/?,https://web.archive.org/web/20120702112454/http://www.press.sk:80/?,20120702112454,skip
http://www.press.sk:80/,https://web.archive.org/web/20120828122158/http://www.press.sk:80/,20120828122158,skip
http://www.press.sk:80/?,https://web.archive.org/web/20120829140922/http://www.press.sk:80/?,20120829140922,skip
http://www.press.sk:80/?,https://web.archive.org/web/20121031222850/http://www.press.sk:80/?,20121031222850,skip
http://www.press.sk:80/,https://web.archive.org/web/20121104024523/http://www.press.sk:80/,20121104024523,skip
http://www.press.sk:80/,https://web.archive.org/web/20121226173228/http://www.press.sk:80/,20121226173228,skip
http://www.press.sk:80/?,https://web.archive.org/web/20130102103318/http://www.press.sk:80/?,20130102103318,skip
http://www.press.sk/,https://web.archive.org/web/20130309202611/http://www.press.sk/,20130309202611,skip
http://www.press.sk:80/,https://web.archive.org/web/20130329080404/http://www.press.sk:80/,20130329080404,skip
http://www.press.sk/,https://web.archive.org/web/20130430073155/http://www.press.sk/,20130430073155,skip
http://www.press.sk:80/?,https://web.archive.org/web/20130528155049/http://www.press.sk:80/?,20130528155049,skip
http://www.press.sk:80/,https://web.archive.org/web/20130529055929/http://www.press.sk:80/,20130529055929,skip
http://www.press.sk/,https://web.archive.org/web/20130602214206/http://www.press.sk/,20130602214206,skip
http://www.press.sk/,https://web.archive.org/web/20130613190805/http://www.press.sk/,20130613190805,skip
http://www.press.sk:80/,https://web.archive.org/web/20130707220509/http://www.press.sk:80/,20130707220509,skip
http://www.press.sk/,https://web.archive.org/web/20130718203722/http://www.press.sk/,20130718203722,skip
http://www.press.sk/,https://web.archive.org/web/20130807025243/http://www.press.sk/,20130807025243,skip
http://www.press.sk/,https://web.archive.org/web/20130819081317/http://www.press.sk/,20130819081317,skip
http://www.press.sk:80/,https://web.archive.org/web/20130823192611/http://www.press.sk:80/,20130823192611,skip
http://www.press.sk:80/?,https://web.archive.org/web/20130823192616/http://www.press.sk:80/?,20130823192616,skip
http://www.press.sk:80/?,https://web.archive.org/web/20130924170121/http://www.press.sk:80/?,20130924170121,skip
http://www.press.sk:80/,https://web.archive.org/web/20130924185949/http://www.press.sk:80/,20130924185949,skip
http://www.press.sk/,https://web.archive.org/web/20131102113655/http://www.press.sk/,20131102113655,skip
http://www.press.sk/,https://web.archive.org/web/20131212191042/http://www.press.sk/,20131212191042,skip
http://www.press.sk/,https://web.archive.org/web/20131227065708/http://www.press.sk/,20131227065708,skip
http://www.press.sk/,https://web.archive.org/web/20140104052312/http://www.press.sk/,20140104052312,skip
http://www.press.sk/,https://web.archive.org/web/20140105070350/http://www.press.sk/,20140105070350,skip
http://www.press.sk/,https://web.archive.org/web/20140122144455/http://www.press.sk/,20140122144455,skip
http://www.press.sk/,https://web.archive.org/web/20140123114253/http://www.press.sk/,20140123114253,skip
http://www.press.sk/,https://web.archive.org/web/20140124142251/http://www.press.sk/,20140124142251,skip
http://www.press.sk/,https://web.archive.org/web/20140131130955/http://www.press.sk/,20140131130955,skip
http://www.press.sk/,https://web.archive.org/web/20140207085702/http://www.press.sk/,20140207085702,skip
http://www.press.sk/,https://web.archive.org/web/20140208070625/http://www.press.sk/,20140208070625,skip
http://www.press.sk/,https://web.archive.org/web/20140214113259/http://www.press.sk/,20140214113259,skip
http://www.press.sk:80/,https://web.archive.org/web/20140221102637/http://www.press.sk:80/,20140221102637,skip
http://www.press.sk/,https://web.archive.org/web/20140221105025/http://www.press.sk/,20140221105025,skip
http://www.press.sk:80/?,https://web.archive.org/web/20140223031718/http://www.press.sk:80/?,20140223031718,skip
http://www.press.sk/,https://web.archive.org/web/20140228110726/http://www.press.sk/,20140228110726,skip
http://www.press.sk/,https://web.archive.org/web/20140307121553/http://www.press.sk/,20140307121553,skip
http://www.press.sk/,https://web.archive.org/web/20140314125058/http://www.press.sk/,20140314125058,skip
http://www.press.sk/,https://web.archive.org/web/20140321192714/http://www.press.sk/,20140321192714,skip
http://www.press.sk/,https://web.archive.org/web/20140328221141/http://www.press.sk/,20140328221141,skip
http://www.press.sk/,https://web.archive.org/web/20140408044811/http://www.press.sk/,20140408044811,skip
http://www.press.sk/,https://web.archive.org/web/20140415024812/http://www.press.sk/,20140415024812,skip
http://www.press.sk/,https://web.archive.org/web/20140418150211/http://www.press.sk/,20140418150211,skip
http://www.press.sk/,https://web.archive.org/web/20140422040415/http://www.press.sk/,20140422040415,skip
http://www.press.sk/,https://web.archive.org/web/20140429041729/http://www.press.sk/,20140429041729,skip
http://www.press.sk/,https://web.archive.org/web/20140506045802/http://www.press.sk/,20140506045802,skip
http://www.press.sk/,https://web.archive.org/web/20140513034309/http://www.press.sk/,20140513034309,skip
http://www.press.sk/,https://web.archive.org/web/20140517213825/http://www.press.sk/,20140517213825,skip
http://www.press.sk/,https://web.archive.org/web/20140520050047/http://www.press.sk/,20140520050047,skip
http://www.press.sk/,https://web.archive.org/web/20140527051900/http://www.press.sk/,20140527051900,skip
http://www.press.sk/,https://web.archive.org/web/20140603051844/http://www.press.sk/,20140603051844,skip
http://www.press.sk/,https://web.archive.org/web/20140610065704/http://www.press.sk/,20140610065704,skip
http://www.press.sk/,https://web.archive.org/web/20140617080516/http://www.press.sk/,20140617080516,skip
http://www.press.sk/,https://web.archive.org/web/20140624103419/http://www.press.sk/,20140624103419,skip
http://www.press.sk/,https://web.archive.org/web/20140701094251/http://www.press.sk/,20140701094251,skip
http://www.press.sk/,https://web.archive.org/web/20140702183233/http://www.press.sk/,20140702183233,skip
http://www.press.sk:80/?,https://web.archive.org/web/20140704091500/http://www.press.sk:80/?,20140704091500,skip
http://www.press.sk/,https://web.archive.org/web/20140708073451/http://www.press.sk/,20140708073451,skip
http://www.press.sk:80/,https://web.archive.org/web/20140711133932/http://www.press.sk:80/,20140711133932,skip
http://www.press.sk/,https://web.archive.org/web/20140715105835/http://www.press.sk/,20140715105835,skip
http://www.press.sk/,https://web.archive.org/web/20140721022552/http://www.press.sk/,20140721022552,skip
http://www.press.sk/,https://web.archive.org/web/20140723133737/http://www.press.sk/,20140723133737,skip
http://www.press.sk/,https://web.archive.org/web/20140730160547/http://www.press.sk/,20140730160547,skip
http://www.press.sk/,https://web.archive.org/web/20140806104022/http://www.press.sk/,20140806104022,skip
http://www.press.sk/,https://web.archive.org/web/20140814074207/http://www.press.sk/,20140814074207,skip
http://www.press.sk/,https://web.archive.org/web/20140815091924/http://www.press.sk/,20140815091924,skip
http://www.press.sk/,https://web.archive.org/web/20140821074518/http://www.press.sk/,20140821074518,skip
http://www.press.sk:80/?,https://web.archive.org/web/20140827105936/http://www.press.sk:80/?,20140827105936,skip
http://www.press.sk/,https://web.archive.org/web/20140827193324/http://www.press.sk/,20140827193324,skip
http://www.press.sk/,https://web.archive.org/web/20140828121144/http://www.press.sk/,20140828121144,skip
http://www.press.sk/,https://web.archive.org/web/20140904133548/http://www.press.sk/,20140904133548,skip
http://www.press.sk/,https://web.archive.org/web/20140911103231/http://www.press.sk/,20140911103231,skip
http://www.press.sk/,https://web.archive.org/web/20140920015318/http://www.press.sk/,20140920015318,skip
http://www.press.sk/,https://web.archive.org/web/20140927145823/http://www.press.sk/,20140927145823,skip
http://www.press.sk/,https://web.archive.org/web/20141004162942/http://www.press.sk/,20141004162942,skip
http://www.press.sk:80/,https://web.archive.org/web/20141005193925/http://www.press.sk:80/,20141005193925,skip
http://www.press.sk/,https://web.archive.org/web/20141010232519/http://www.press.sk/,20141010232519,skip
http://www.press.sk/,https://web.archive.org/web/20141017235243/http://www.press.sk/,20141017235243,skip
http://www.press.sk/,https://web.archive.org/web/20141025031023/http://www.press.sk/,20141025031023,skip
http://www.press.sk:80/,https://web.archive.org/web/20141105034140/http://www.press.sk:80/,20141105034140,skip
http://www.press.sk/,https://web.archive.org/web/20141111094328/http://www.press.sk/,20141111094328,skip
http://www.press.sk/,https://web.archive.org/web/20141118163445/http://www.press.sk/,20141118163445,skip
http://www.press.sk/,https://web.archive.org/web/20141125065512/http://www.press.sk/,20141125065512,skip
http://www.press.sk:80/,https://web.archive.org/web/20141130150222/http://www.press.sk:80/,20141130150222,skip
http://www.press.sk:80/,https://web.archive.org/web/20141201172458/http://www.press.sk:80/,20141201172458,skip
http://www.press.sk/,https://web.archive.org/web/20141213012202/http://www.press.sk/,20141213012202,skip
http://www.press.sk/,https://web.archive.org/web/20141218083527/http://www.press.sk/,20141218083527,skip
http://www.press.sk/,https://web.archive.org/web/20141218141424/http://www.press.sk/,20141218141424,skip
http://www.press.sk/,https://web.archive.org/web/20141220101428/http://www.press.sk/,20141220101428,skip
http://www.press.sk/,https://web.archive.org/web/20141227141913/http://www.press.sk/,20141227141913,skip
http://www.press.sk:80/,https://web.archive.org/web/20141231002308/http://www.press.sk:80/,20141231002308,skip
http://www.press.sk/,https://web.archive.org/web/20150103091311/http://www.press.sk/,20150103091311,skip
http://www.press.sk/,https://web.archive.org/web/20150110193927/http://www.press.sk/,20150110193927,skip
http://www.press.sk/,https://web.archive.org/web/20150117134953/http://www.press.sk/,20150117134953,skip
http://www.press.sk/,https://web.archive.org/web/20150124064032/http://www.press.sk/,20150124064032,skip
http://www.press.sk/,https://web.archive.org/web/20150126154056/http://www.press.sk/,20150126154056,skip
http://www.press.sk:80/,https://web.archive.org/web/20150203002952/http://www.press.sk:80/,20150203002952,skip
http://www.press.sk:80/,https://web.archive.org/web/20150209132641/http://www.press.sk:80/,20150209132641,skip
http://www.press.sk/,https://web.archive.org/web/20150310105024/http://www.press.sk/,20150310105024,skip
http://www.press.sk:80/,https://web.archive.org/web/20150312140652/http://www.press.sk:80/,20150312140652,skip
http://www.press.sk/,https://web.archive.org/web/20150317072031/http://www.press.sk/,20150317072031,skip
http://www.press.sk/,https://web.archive.org/web/20150317121800/http://www.press.sk/,20150317121800,skip
http://www.press.sk/,https://web.archive.org/web/20150324110605/http://www.press.sk/,20150324110605,skip
http://www.press.sk/,https://web.archive.org/web/20150331095856/http://www.press.sk/,20150331095856,skip
http://www.press.sk/,https://web.archive.org/web/20150407085832/http://www.press.sk/,20150407085832,skip
http://www.press.sk/,https://web.archive.org/web/20150414083927/http://www.press.sk/,20150414083927,skip
http://www.press.sk:80/,https://web.archive.org/web/20150415122136/http://www.press.sk:80/,20150415122136,skip
http://www.press.sk/,https://web.archive.org/web/20150421121428/http://www.press.sk/,20150421121428,skip
http://www.press.sk:80/,https://web.archive.org/web/20150516042821/http://www.press.sk:80/,20150516042821,skip
http://www.press.sk/,https://web.archive.org/web/20150527055539/http://www.press.sk/,20150527055539,skip
http://www.press.sk:80/,https://web.archive.org/web/20150530095636/http://www.press.sk:80/,20150530095636,skip
http://www.press.sk/,https://web.archive.org/web/20150603033508/http://www.press.sk/,20150603033508,skip
http://www.press.sk/,https://web.archive.org/web/20150610034238/http://www.press.sk/,20150610034238,skip
http://www.press.sk/,https://web.archive.org/web/20150617091901/http://www.press.sk/,20150617091901,skip
http://www.press.sk:80/,https://web.archive.org/web/20150623074355/http://www.press.sk:80/,20150623074355,skip
http://www.press.sk/,https://web.archive.org/web/20150624041454/http://www.press.sk/,20150624041454,skip
http://www.press.sk/,https://web.archive.org/web/20150627152735/http://www.press.sk/,20150627152735,skip
http://www.press.sk/,https://web.archive.org/web/20150705154748/http://www.press.sk/,20150705154748,skip
http://www.press.sk:80/,https://web.archive.org/web/20150728161557/http://www.press.sk:80/,20150728161557,skip
http://www.press.sk/,https://web.archive.org/web/20150801230933/http://www.press.sk/,20150801230933,skip
http://www.press.sk/,https://web.archive.org/web/20150814062934/http://www.press.sk/,20150814062934,skip
http://www.press.sk/,https://web.archive.org/web/20150821074302/http://www.press.sk/,20150821074302,skip
http://www.press.sk:80/,https://web.archive.org/web/20150829065045/http://www.press.sk:80/,20150829065045,skip
http://www.press.sk:80/,https://web.archive.org/web/20150929082633/http://www.press.sk:80/,20150929082633,skip
http://www.press.sk/,https://web.archive.org/web/20151011005945/http://www.press.sk/,20151011005945,skip
http://www.press.sk/,https://web.archive.org/web/20151016041559/http://www.press.sk/,20151016041559,skip
http://www.press.sk/,https://web.archive.org/web/20151022014854/http://www.press.sk/,20151022014854,skip
http://www.press.sk/,https://web.archive.org/web/20151023113603/http://www.press.sk/,20151023113603,skip
http://www.press.sk:80/,https://web.archive.org/web/20151030043911/http://www.press.sk:80/,20151030043911,skip
http://www.press.sk/,https://web.archive.org/web/20151030080131/http://www.press.sk/,20151030080131,skip
http://www.press.sk/,https://web.archive.org/web/20151106132917/http://www.press.sk/,20151106132917,skip
http://www.press.sk/,https://web.archive.org/web/20151113195658/http://www.press.sk/,20151113195658,skip
http://www.press.sk:80/,https://web.archive.org/web/20151115224518/http://www.press.sk:80/,20151115224518,skip
http://www.press.sk/,https://web.archive.org/web/20151120131102/http://www.press.sk/,20151120131102,skip
http://www.press.sk:80/,https://web.archive.org/web/20151124014140/http://www.press.sk:80/,20151124014140,skip
http://www.press.sk/,https://web.archive.org/web/20151127133600/http://www.press.sk/,20151127133600,skip
http://www.press.sk/,https://web.archive.org/web/20151129075346/http://www.press.sk/,20151129075346,skip
http://www.press.sk/,https://web.archive.org/web/20151202021107/http://www.press.sk/,20151202021107,skip
http://www.press.sk/,https://web.archive.org/web/20151204111253/http://www.press.sk/,20151204111253,skip
http://www.press.sk/,https://web.archive.org/web/20151211080357/http://www.press.sk/,20151211080357,skip
http://www.press.sk/,https://web.archive.org/web/20151218145654/http://www.press.sk/,20151218145654,skip
http://www.press.sk:80/,https://web.archive.org/web/20151224235712/http://www.press.sk:80/,20151224235712,skip
http://www.press.sk/,https://web.archive.org/web/20151225050730/http://www.press.sk/,20151225050730,skip
http://www.press.sk/,https://web.archive.org/web/20160101050748/http://www.press.sk/,20160101050748,skip
http://www.press.sk/,https://web.archive.org/web/20160102223956/http://www.press.sk/,20160102223956,skip
http://www.press.sk/,https://web.archive.org/web/20160109234409/http://www.press.sk/,20160109234409,skip
http://www.press.sk/,https://web.archive.org/web/20160110001030/http://www.press.sk/,20160110001030,skip
http://www.press.sk/,https://web.archive.org/web/20160111134657/http://www.press.sk/,20160111134657,skip
http://www.press.sk/,https://web.archive.org/web/20160117144057/http://www.press.sk/,20160117144057,skip
http://www.press.sk/,https://web.archive.org/web/20160119015259/http://www.press.sk/,20160119015259,skip
http://www.press.sk:80/,https://web.archive.org/web/20160124104858/http://www.press.sk:80/,20160124104858,skip
http://www.press.sk:80/,https://web.archive.org/web/20160125034932/http://www.press.sk:80/,20160125034932,skip
http://www.press.sk/,https://web.archive.org/web/20160126054245/http://www.press.sk/,20160126054245,skip
http://www.press.sk/,https://web.archive.org/web/20160202055635/http://www.press.sk/,20160202055635,skip
http://www.press.sk/,https://web.archive.org/web/20160206224522/http://www.press.sk/,20160206224522,skip
http://www.press.sk/,https://web.archive.org/web/20160207122219/http://www.press.sk/,20160207122219,skip
http://www.press.sk/,https://web.archive.org/web/20160209111256/http://www.press.sk/,20160209111256,skip
http://www.press.sk/,https://web.archive.org/web/20160216074318/http://www.press.sk/,20160216074318,skip
http://www.press.sk/,https://web.archive.org/web/20160223122210/http://www.press.sk/,20160223122210,skip
http://www.press.sk:80/,https://web.archive.org/web/20160226055407/http://www.press.sk:80/,20160226055407,skip
http://www.press.sk/,https://web.archive.org/web/20160301202940/http://www.press.sk/,20160301202940,skip
http://www.press.sk/,https://web.archive.org/web/20160306130503/http://www.press.sk/,20160306130503,skip
http://www.press.sk/,https://web.archive.org/web/20160307191352/http://www.press.sk/,20160307191352,skip
http://www.press.sk/,https://web.archive.org/web/20160308190303/http://www.press.sk/,20160308190303,skip
http://www.press.sk/,https://web.archive.org/web/20160310035910/http://www.press.sk/,20160310035910,skip
http://www.press.sk/,https://web.archive.org/web/20160313043744/http://www.press.sk/,20160313043744,skip
http://www.press.sk/,https://web.archive.org/web/20160316154753/http://www.press.sk/,20160316154753,skip
http://www.press.sk/,https://web.archive.org/web/20160319093053/http://www.press.sk/,20160319093053,skip
http://www.press.sk/,https://web.archive.org/web/20160323161941/http://www.press.sk/,20160323161941,skip
http://www.press.sk/,https://web.archive.org/web/20160324044831/http://www.press.sk/,20160324044831,skip
http://www.press.sk/,https://web.archive.org/web/20160327123209/http://www.press.sk/,20160327123209,skip
http://www.press.sk:80/,https://web.archive.org/web/20160329085702/http://www.press.sk:80/,20160329085702,skip
http://www.press.sk/,https://web.archive.org/web/20160331010512/http://www.press.sk/,20160331010512,skip
http://www.press.sk/,https://web.archive.org/web/20160402182742/http://www.press.sk/,20160402182742,skip
http://www.press.sk/,https://web.archive.org/web/20160403174109/http://www.press.sk/,20160403174109,skip
http://www.press.sk/,https://web.archive.org/web/20160406172205/http://www.press.sk/,20160406172205,skip
http://www.press.sk/,https://web.archive.org/web/20160413152854/http://www.press.sk/,20160413152854,skip
http://www.press.sk/,https://web.archive.org/web/20160414150037/http://www.press.sk/,20160414150037,skip
http://www.press.sk/,https://web.archive.org/web/20160421232709/http://www.press.sk/,20160421232709,skip
http://www.press.sk:80/,https://web.archive.org/web/20160429203019/http://www.press.sk:80/,20160429203019,skip
http://www.press.sk/,https://web.archive.org/web/20160505084506/http://www.press.sk/,20160505084506,skip
http://www.press.sk:80/,https://web.archive.org/web/20160531000539/http://www.press.sk:80/,20160531000539,skip
http://www.press.sk/,https://web.archive.org/web/20160602112852/http://www.press.sk/,20160602112852,skip
http://www.press.sk/,https://web.archive.org/web/20160609145428/http://www.press.sk/,20160609145428,skip
http://www.press.sk/,https://web.archive.org/web/20160616151801/http://www.press.sk/,20160616151801,skip
http://www.press.sk:80/,https://web.archive.org/web/20160630143625/http://www.press.sk:80/,20160630143625,skip
http://www.press.sk:80/,https://web.archive.org/web/20160701211307/http://www.press.sk:80/,20160701211307,skip
http://www.press.sk/,https://web.archive.org/web/20160708182546/http://www.press.sk/,20160708182546,skip
http://www.press.sk/,https://web.archive.org/web/20160729205026/http://www.press.sk/,20160729205026,skip
http://www.press.sk:80/,https://web.archive.org/web/20160801224618/http://www.press.sk:80/,20160801224618,skip
http://www.press.sk:80/,https://web.archive.org/web/20160803023745/http://www.press.sk:80/,20160803023745,skip
http://www.press.sk/,https://web.archive.org/web/20160812094440/http://www.press.sk/,20160812094440,skip
http://www.press.sk/,https://web.archive.org/web/20160819140841/http://www.press.sk/,20160819140841,skip
http://www.press.sk/,https://web.archive.org/web/20160826202959/http://www.press.sk/,20160826202959,skip
http://www.press.sk/,https://web.archive.org/web/20160902132419/http://www.press.sk/,20160902132419,skip
http://www.press.sk:80/,https://web.archive.org/web/20160903162253/http://www.press.sk:80/,20160903162253,skip
http://www.press.sk/,https://web.archive.org/web/20160909151140/http://www.press.sk/,20160909151140,skip
http://www.press.sk/,https://web.archive.org/web/20160916161511/http://www.press.sk/,20160916161511,skip
http://www.press.sk:80/,https://web.archive.org/web/20160923002008/http://www.press.sk:80/,20160923002008,skip
http://www.press.sk/,https://web.archive.org/web/20160923130545/http://www.press.sk/,20160923130545,skip
http://www.press.sk:80/,https://web.archive.org/web/20160924060345/http://www.press.sk:80/,20160924060345,skip
http://www.press.sk/,https://web.archive.org/web/20160930123807/http://www.press.sk/,20160930123807,skip
http://www.press.sk/,https://web.archive.org/web/20161007041832/http://www.press.sk/,20161007041832,skip
http://www.press.sk/,https://web.archive.org/web/20161007134716/http://www.press.sk/,20161007134716,skip
http://www.press.sk/,https://web.archive.org/web/20161008012516/http://www.press.sk/,20161008012516,skip
http://www.press.sk/,https://web.archive.org/web/20161008072533/http://www.press.sk/,20161008072533,skip
http://www.press.sk/,https://web.archive.org/web/20161014190113/http://www.press.sk/,20161014190113,skip
http://www.press.sk/,https://web.archive.org/web/20161015081852/http://www.press.sk/,20161015081852,skip
http://www.press.sk:80/,https://web.archive.org/web/20161023063146/http://www.press.sk:80/,20161023063146,skip
http://www.press.sk/,https://web.archive.org/web/20161029083939/http://www.press.sk/,20161029083939,skip
http://www.press.sk/,https://web.archive.org/web/20161031095646/http://www.press.sk/,20161031095646,skip
http://www.press.sk/,https://web.archive.org/web/20161031151544/http://www.press.sk/,20161031151544,skip
http://www.press.sk/,https://web.archive.org/web/20161108065943/http://www.press.sk/,20161108065943,skip
http://www.press.sk:80/,https://web.archive.org/web/20161113171615/http://www.press.sk:80/,20161113171615,skip
http://www.press.sk/,https://web.archive.org/web/20161115074254/http://www.press.sk/,20161115074254,skip
http://www.press.sk/,https://web.archive.org/web/20161122093823/http://www.press.sk/,20161122093823,skip
http://www.press.sk:80/,https://web.archive.org/web/20161122131157/http://www.press.sk:80/,20161122131157,skip
http://www.press.sk/,https://web.archive.org/web/20161129080611/http://www.press.sk/,20161129080611,skip
http://www.press.sk/,https://web.archive.org/web/20161202152810/http://www.press.sk/,20161202152810,skip
http://www.press.sk/,https://web.archive.org/web/20161206081902/http://www.press.sk/,20161206081902,skip
http://www.press.sk/,https://web.archive.org/web/20161209124540/http://www.press.sk/,20161209124540,skip
http://www.press.sk/,https://web.archive.org/web/20161210105459/http://www.press.sk/,20161210105459,skip
http://www.press.sk/,https://web.archive.org/web/20161211105127/http://www.press.sk/,20161211105127,skip
http://www.press.sk/,https://web.archive.org/web/20161212074311/http://www.press.sk/,20161212074311,skip
http://www.press.sk/,https://web.archive.org/web/20161213065052/http://www.press.sk/,20161213065052,skip
http://www.press.sk/,https://web.archive.org/web/20161214053024/http://www.press.sk/,20161214053024,skip
http://www.press.sk/,https://web.archive.org/web/20161222182850/http://www.press.sk/,20161222182850,skip
http://www.press.sk/,https://web.archive.org/web/20161229150202/http://www.press.sk/,20161229150202,skip
http://www.press.sk/,https://web.archive.org/web/20170105133849/http://www.press.sk/,20170105133849,skip
http://www.press.sk/,https://web.archive.org/web/20170112133806/http://www.press.sk/,20170112133806,skip
http://www.press.sk/,https://web.archive.org/web/20170119135109/http://www.press.sk/,20170119135109,skip
http://www.press.sk/,https://web.archive.org/web/20170204083108/http://www.press.sk/,20170204083108,skip
http://www.press.sk:80/,https://web.archive.org/web/20170205201033/http://www.press.sk:80/,20170205201033,skip
http://www.press.sk/,https://web.archive.org/web/20170208013722/http://www.press.sk/,20170208013722,skip
http://www.press.sk/,https://web.archive.org/web/20170214094303/http://www.press.sk/,20170214094303,skip
http://www.press.sk/,https://web.archive.org/web/20170215081746/http://www.press.sk/,20170215081746,skip
http://www.press.sk/,https://web.archive.org/web/20170222090053/http://www.press.sk/,20170222090053,skip
http://www.press.sk/,https://web.archive.org/web/20170222102229/http://www.press.sk/,20170222102229,skip
http://www.press.sk/,https://web.archive.org/web/20170301082258/http://www.press.sk/,20170301082258,skip
http://www.press.sk/,https://web.archive.org/web/20170314030223/http://www.press.sk/,20170314030223,skip
http://www.press.sk:80/,https://web.archive.org/web/20170316101851/http://www.press.sk:80/,20170316101851,skip
http://www.press.sk/,https://web.archive.org/web/20170321014414/http://www.press.sk/,20170321014414,skip
http://www.press.sk/,https://web.archive.org/web/20170328025432/http://www.press.sk/,20170328025432,skip
http://www.press.sk/,https://web.archive.org/web/20170404055039/http://www.press.sk/,20170404055039,skip
http://www.press.sk/,https://web.archive.org/web/20170411052755/http://www.press.sk/,20170411052755,skip
http://www.press.sk/,https://web.archive.org/web/20170421134530/http://www.press.sk/,20170421134530,skip
http://www.press.sk/,https://web.archive.org/web/20170422083059/http://www.press.sk/,20170422083059,skip
http://www.press.sk/,https://web.archive.org/web/20170424165848/http://www.press.sk/,20170424165848,skip
http://www.press.sk:80/,https://web.archive.org/web/20170425081451/http://www.press.sk:80/,20170425081451,skip
http://www.press.sk/,https://web.archive.org/web/20170429030726/http://www.press.sk/,20170429030726,skip
http://www.press.sk:80/,https://web.archive.org/web/20170505190825/http://www.press.sk:80/,20170505190825,skip
http://www.press.sk/,https://web.archive.org/web/20170506042935/http://www.press.sk/,20170506042935,skip
http://www.press.sk:80/,https://web.archive.org/web/20170511020015/http://www.press.sk:80/,20170511020015,skip
http://www.press.sk/,https://web.archive.org/web/20170513072643/http://www.press.sk/,20170513072643,skip
http://www.press.sk/,https://web.archive.org/web/20170520073152/http://www.press.sk/,20170520073152,skip
http://www.press.sk/,https://web.archive.org/web/20170525111935/http://www.press.sk/,20170525111935,skip
http://www.press.sk/,https://web.archive.org/web/20170527083433/http://www.press.sk/,20170527083433,skip
http://www.press.sk/,https://web.archive.org/web/20170528102734/http://www.press.sk/,20170528102734,skip
http://www.press.sk:80/,https://web.archive.org/web/20170602192035/http://www.press.sk:80/,20170602192035,skip
http://www.press.sk/,https://web.archive.org/web/20170603213216/http://www.press.sk/,20170603213216,skip
http://www.press.sk:80/,https://web.archive.org/web/20170605191750/http://www.press.sk:80/,20170605191750,skip
http://www.press.sk/,https://web.archive.org/web/20170611132755/http://www.press.sk/,20170611132755,skip
https://www.press.sk/,https://web.archive.org/web/20170624050911/https://www.press.sk/,20170624050911,skip
https://www.press.sk/,https://web.archive.org/web/20170909172621/https://www.press.sk/,20170909172621,skip
https://www.press.sk/,https://web.archive.org/web/20170913173010/https://www.press.sk/,20170913173010,skip
https://www.press.sk/,https://web.archive.org/web/20170916111430/https://www.press.sk/,20170916111430,skip
https://www.press.sk/,https://web.archive.org/web/20170921001643/https://www.press.sk/,20170921001643,skip
https://www.press.sk/,https://web.archive.org/web/20170922062827/https://www.press.sk/,20170922062827,skip
https://www.press.sk/,https://web.archive.org/web/20171018155507/https://www.press.sk/,20171018155507,skip
https://www.press.sk/,https://web.archive.org/web/20171030211132/https://www.press.sk/,20171030211132,skip
https://www.press.sk/,https://web.archive.org/web/20171105161038/https://www.press.sk/,20171105161038,skip
https://www.press.sk/,https://web.archive.org/web/20171115112702/https://www.press.sk/,20171115112702,skip
https://www.press.sk/,https://web.archive.org/web/20171115112710/https://www.press.sk/,20171115112710,skip
https://www.press.sk/,https://web.archive.org/web/20180304011812/https://www.press.sk/,20180304011812,skip
https://www.press.sk/,https://web.archive.org/web/20180726001609/https://www.press.sk/,20180726001609,skip
https://www.press.sk/,https://web.archive.org/web/20180809223446/https://www.press.sk/,20180809223446,skip
https://www.press.sk/,https://web.archive.org/web/20180809225056/https://www.press.sk/,20180809225056,skip
https://www.press.sk/,https://web.archive.org/web/20180810035049/https://www.press.sk/,20180810035049,skip
https://www.press.sk/,https://web.archive.org/web/20180908042811/https://www.press.sk/,20180908042811,skip
https://www.press.sk/,https://web.archive.org/web/20180917011210/https://www.press.sk/,20180917011210,skip
https://www.press.sk/,https://web.archive.org/web/20181202183950/https://www.press.sk/,20181202183950,skip
https://www.press.sk/,https://web.archive.org/web/20190123084332/https://www.press.sk/,20190123084332,skip
https://www.press.sk/,https://web.archive.org/web/20190324133655/https://www.press.sk/,20190324133655,skip
https://www.press.sk/,https://web.archive.org/web/20190718012350/https://www.press.sk/,20190718012350,skip
https://www.press.sk/,https://web.archive.org/web/20190718110525/https://www.press.sk/,20190718110525,skip
https://www.press.sk/,https://web.archive.org/web/20190719145913/https://www.press.sk/,20190719145913,skip
https://www.press.sk/,https://web.archive.org/web/20190723181000/https://www.press.sk/,20190723181000,skip
https://www.press.sk/,https://web.archive.org/web/20190819061152/https://www.press.sk/,20190819061152,skip
https://www.press.sk/,https://web.archive.org/web/20190820055305/https://www.press.sk/,20190820055305,skip
https://www.press.sk/,https://web.archive.org/web/20190820080711/https://www.press.sk/,20190820080711,skip
https://www.press.sk/,https://web.archive.org/web/20190820231327/https://www.press.sk/,20190820231327,skip
https://www.press.sk/,https://web.archive.org/web/20190821014001/https://www.press.sk/,20190821014001,skip
https://www.press.sk/,https://web.archive.org/web/20190821034709/https://www.press.sk/,20190821034709,skip
https://www.press.sk/,https://web.archive.org/web/20190821043710/https://www.press.sk/,20190821043710,skip
https://www.press.sk/,https://web.archive.org/web/20190821111650/https://www.press.sk/,20190821111650,skip
https://www.press.sk/,https://web.archive.org/web/20190822001456/https://www.press.sk/,20190822001456,skip
https://www.press.sk/,https://web.archive.org/web/20190822140402/https://www.press.sk/,20190822140402,skip
https://www.press.sk/,https://web.archive.org/web/20190823010435/https://www.press.sk/,20190823010435,skip
https://www.press.sk/,https://web.archive.org/web/20190823092840/https://www.press.sk/,20190823092840,skip
https://www.press.sk/,https://web.archive.org/web/20190824004914/https://www.press.sk/,20190824004914,skip
https://www.press.sk/,https://web.archive.org/web/20190824194730/https://www.press.sk/,20190824194730,skip
https://www.press.sk/,https://web.archive.org/web/20190825001526/https://www.press.sk/,20190825001526,skip
https://www.press.sk/,https://web.archive.org/web/20190825232028/https://www.press.sk/,20190825232028,skip
https://www.press.sk/,https://web.archive.org/web/20190826070854/https://www.press.sk/,20190826070854,skip
https://www.press.sk/,https://web.archive.org/web/20190826090004/https://www.press.sk/,20190826090004,skip
https://www.press.sk/,https://web.archive.org/web/20190915200646/https://www.press.sk/,20190915200646,skip
https://www.press.sk/,https://web.archive.org/web/20190918014316/https://www.press.sk/,20190918014316,skip
https://www.press.sk/,https://web.archive.org/web/20190918183425/https://www.press.sk/,20190918183425,skip
https://www.press.sk/,https://web.archive.org/web/20190920225113/https://www.press.sk/,20190920225113,skip
https://www.press.sk/,https://web.archive.org/web/20190923181847/https://www.press.sk/,20190923181847,skip
https://www.press.sk/,https://web.archive.org/web/20191015161853/https://www.press.sk/,20191015161853,skip
https://www.press.sk/,https://web.archive.org/web/20191015215333/https://www.press.sk/,20191015215333,skip
https://www.press.sk/,https://web.archive.org/web/20191016001526/https://www.press.sk/,20191016001526,skip
https://www.press.sk/,https://web.archive.org/web/20191021173807/https://www.press.sk/,20191021173807,skip
https://www.press.sk/,https://web.archive.org/web/20191111221946/https://www.press.sk/,20191111221946,skip
https://www.press.sk/,https://web.archive.org/web/20191114173924/https://www.press.sk/,20191114173924,skip
https://www.press.sk/,https://web.archive.org/web/20191211115339/https://www.press.sk/,20191211115339,skip
https://www.press.sk/,https://web.archive.org/web/20200107103849/https://www.press.sk/,20200107103849,skip
https://www.press.sk/,https://web.archive.org/web/20200513123857/https://www.press.sk/,20200513123857,skip
https://www.press.sk/,https://web.archive.org/web/20210506232800/https://www.press.sk/,20210506232800,skip
https://www.press.sk/,https://web.archive.org/web/20210511154214/https://www.press.sk/,20210511154214,skip
https://www.press.sk/,https://web.archive.org/web/20210511164547/https://www.press.sk/,20210511164547,skip
https://www.press.sk/,https://web.archive.org/web/20220115125400/https://www.press.sk/,20220115125400,skip
https://www.press.sk/,https://web.archive.org/web/20220123171611/https://www.press.sk/,20220123171611,skip
https://www.press.sk/,https://web.archive.org/web/20220218182223/https://www.press.sk/,20220218182223,skip
https://www.press.sk/,https://web.archive.org/web/20220302172951/https://www.press.sk/,20220302172951,skip
https://www.press.sk/,https://web.archive.org/web/20220302173613/https://www.press.sk/,20220302173613,skip
https://www.press.sk/,https://web.archive.org/web/20220308061622/https://www.press.sk/,20220308061622,skip
https://www.press.sk/,https://web.archive.org/web/20220617211753/https://www.press.sk/,20220617211753,skip
https://www.press.sk/,https://web.archive.org/web/20220626064714/https://www.press.sk/,20220626064714,skip
https://www.press.sk/,https://web.archive.org/web/20220706004747/https://www.press.sk/,20220706004747,skip
https://www.press.sk/,https://web.archive.org/web/20220708222925/https://www.press.sk/,20220708222925,skip
https://www.press.sk/,https://web.archive.org/web/20220803065438/https://www.press.sk/,20220803065438,skip
https://www.press.sk/,https://web.archive.org/web/20221014073810/https://www.press.sk/,20221014073810,skip
https://www.press.sk/,https://web.archive.org/web/20221212000254/https://www.press.sk/,20221212000254,skip
https://www.press.sk/,https://web.archive.org/web/20221212000254/https://www.press.sk/,20221212000254,skip
https://www.press.sk/,https://web.archive.org/web/20221212000401/https://www.press.sk/,20221212000401,skip
https://www.press.sk/,https://web.archive.org/web/20221221140332/https://www.press.sk/,20221221140332,skip
https://www.press.sk/,https://web.archive.org/web/20230130010156/https://www.press.sk/,20230130010156,skip
https://www.press.sk/,https://web.archive.org/web/20230301194353/https://www.press.sk/,20230301194353,skip
https://www.press.sk/,https://web.archive.org/web/20230311041511/https://www.press.sk/,20230311041511,skip
https://www.press.sk/,https://web.archive.org/web/20230311055244/https://www.press.sk/,20230311055244,skip
https://www.press.sk/,https://web.archive.org/web/20230316075028/https://www.press.sk/,20230316075028,skip
https://www.press.sk/,https://web.archive.org/web/20230319015151/https://www.press.sk/,20230319015151,skip
https://www.press.sk/,https://web.archive.org/web/20230407215858/https://www.press.sk/,20230407215858,skip
https://www.press.sk/,https://web.archive.org/web/20230424234021/https://www.press.sk/,20230424234021,skip
https://www.press.sk/,https://web.archive.org/web/20230508172951/https://www.press.sk/,20230508172951,skip
https://www.press.sk/,https://web.archive.org/web/20230510111752/https://www.press.sk/,20230510111752,skip
https://www.press.sk/,https://web.archive.org/web/20230619123224/https://www.press.sk/,20230619123224,skip
https://www.press.sk/,https://web.archive.org/web/20230701112534/https://www.press.sk/,20230701112534,skip
https://www.press.sk/,https://web.archive.org/web/20230801132512/https://www.press.sk/,20230801132512,skip
https://www.press.sk/,https://web.archive.org/web/20240217144303/https://www.press.sk/,20240217144303,skip
https://www.press.sk/,https://web.archive.org/web/20240308062734/https://www.press.sk/,20240308062734,skip
https://www.press.sk/,https://web.archive.org/web/20240316054840/https://www.press.sk/,20240316054840,skip
https://www.press.sk/,https://web.archive.org/web/20240402051020/https://www.press.sk/,20240402051020,skip
https://www.press.sk/,https://web.archive.org/web/20240504010407/https://www.press.sk/,20240504010407,skip
https://www.press.sk/,https://web.archive.org/web/20240518160649/https://www.press.sk/,20240518160649,skip
https://www.press.sk/,https://web.archive.org/web/20240601090209/https://www.press.sk/,20240601090209,skip
https://www.press.sk/,https://web.archive.org/web/20240807134439/https://www.press.sk/,20240807134439,skip
https://www.press.sk/,https://web.archive.org/web/20240924034309/https://www.press.sk/,20240924034309,skip
https://www.press.sk/,https://web.archive.org/web/20241004004648/https://www.press.sk/,20241004004648,skip
https://www.press.sk/,https://web.archive.org/web/20241104094133/https://www.press.sk/,20241104094133,skip
https://www.press.sk/,https://web.archive.org/web/20241124065407/https://www.press.sk/,20241124065407,skip
https://www.press.sk/,https://web.archive.org/web/20241201015750/https://www.press.sk/,20241201015750,skip
https://www.press.sk/,https://web.archive.org/web/20250312163125/https://www.press.sk/,20250312163125,skip
https://www.press.sk/,https://web.archive.org/web/20250528095754/https://www.press.sk/,20250528095754,skip
https://www.press.sk/,https://web.archive.org/web/20250601050705/https://www.press.sk/,20250601050705,skip
https://www.press.sk/,https://web.archive.org/web/20250707133233/https://www.press.sk/,20250707133233,skip
https://www.press.sk/,https://web.archive.org/web/20250809130427/https://www.press.sk/,20250809130427,skip
https://www.press.sk/,https://web.archive.org/web/20251224211101/https://www.press.sk/,20251224211101,skip
https://www.press.sk/,https://web.archive.org/web/20251224212120/https://www.press.sk/,20251224212120,skip
http://www.press.sk:80/.za-vudce-narod-a-otcinu/,https://web.archive.org/web/20081024190932/http://www.press.sk:80/.za-vudce-narod-a-otcinu/,20081024190932,skip
http://www.press.sk:80/1.-a-2.svetova-vojna/,https://web.archive.org/web/20091115135359/http://www.press.sk:80/1.-a-2.svetova-vojna/,20091115135359,skip
http://www.press.sk:80/2012+193/,https://web.archive.org/web/20140110121026/http://www.press.sk:80/2012+193/,20140110121026,skip
http://www.press.sk:80/2013+194/,https://web.archive.org/web/20140110121031/http://www.press.sk:80/2013+194/,20140110121031,skip
http://www.press.sk:80/2014+208/,https://web.archive.org/web/20140110120855/http://www.press.sk:80/2014+208/,20140110120855,skip
http://www.press.sk:80/2014+210/,https://web.archive.org/web/20140103024508/http://www.press.sk:80/2014+210/,20140103024508,skip
http://www.press.sk:80/2014+212/letectvi-kosmonautika-c.052014,https://web.archive.org/web/20141008135301/http://www.press.sk:80/2014+212/letectvi-kosmonautika-c.052014,20141008135301,skip
http://www.press.sk:80/2014+212/letectvi-kosmonautika-c.052014,https://web.archive.org/web/20141109104856/http://www.press.sk:80/2014+212/letectvi-kosmonautika-c.052014,20141109104856,skip
http://www.press.sk:80/2014+212/letectvi-kosmonautika-c.052014,https://web.archive.org/web/20141210231238/http://www.press.sk:80/2014+212/letectvi-kosmonautika-c.052014,20141210231238,skip
http://www.press.sk:80/2014+212/letectvi-kosmonautika-c.052014,https://web.archive.org/web/20150110143009/http://www.press.sk:80/2014+212/letectvi-kosmonautika-c.052014,20150110143009,skip
http://www.press.sk:80/2015+229/modelar-c.092015,https://web.archive.org/web/20170426043156/http://www.press.sk:80/2015+229/modelar-c.092015,20170426043156,skip
http://www.press.sk:80/2016+248/atm-c.052016,https://web.archive.org/web/20160505113456/http://www.press.sk:80/2016+248/atm-c.052016,20160505113456,skip
http://www.press.sk:80/2016+248/atm-c.052016,https://web.archive.org/web/20160607191336/http://www.press.sk:80/2016+248/atm-c.052016,20160607191336,skip
http://www.press.sk:80/2016+248/atm-c.082016/,https://web.archive.org/web/20160802021717/http://www.press.sk:80/2016+248/atm-c.082016/,20160802021717,skip
http://www.press.sk:80/2016+249/aerohobby-c.042016/,https://web.archive.org/web/20160802022402/http://www.press.sk:80/2016+249/aerohobby-c.042016/,20160802022402,skip
http://www.press.sk:80/2016+250/modelar-c.072016/,https://web.archive.org/web/20160802021353/http://www.press.sk:80/2016+250/modelar-c.072016/,20160802021353,skip
http://www.press.sk:80/2016+253/zahradkar-c.012016/,https://web.archive.org/web/20160113184259/http://www.press.sk:80/2016+253/zahradkar-c.012016/,20160113184259,skip
http://www.press.sk:80/2016+253/zahradkar-c.082016/,https://web.archive.org/web/20160802021910/http://www.press.sk:80/2016+253/zahradkar-c.082016/,20160802021910,skip
http://www.press.sk:80/?page=shop.browse&offset=20&category_id=&keyword=&manufacturer_id=177&option=com_phpshop&phpshop=c46062b74060220937424444bff050a8,https://web.archive.org/web/20050325134746/http://www.press.sk:80/?page=shop.browse&offset=20&category_id=&keyword=&manufacturer_id=177&option=com_phpshop&phpshop=c46062b74060220937424444bff050a8,20050325134746,skip
http://www.press.sk:80/?page=shop.browse&offset=20&category_id=&keyword=&manufacturer_id=184&option=com_phpshop&phpshop=c46062b74060220937424444bff050a8,https://web.archive.org/web/20050326024410/http://www.press.sk:80/?page=shop.browse&offset=20&category_id=&keyword=&manufacturer_id=184&option=com_phpshop&phpshop=c46062b74060220937424444bff050a8,20050326024410,skip
http://www.press.sk:80/?page=shop.browse&category_id=&keyword=&offset=0&manufacturer_id=539&option=com_phpshop,https://web.archive.org/web/20080518011944/http://www.press.sk:80/?page=shop.browse&category_id=&keyword=&offset=0&manufacturer_id=539&option=com_phpshop,20080518011944,skip
http://www.press.sk:80/?page=shop.browse&offset=20&category_id=&keyword=&manufacturer_id=539&option=com_phpshop,https://web.archive.org/web/20080518004215/http://www.press.sk:80/?page=shop.browse&offset=20&category_id=&keyword=&manufacturer_id=539&option=com_phpshop,20080518004215,skip
http://www.press.sk:80/?page=shop.browse&category_id=&keyword=&offset=20&manufacturer_id=539&option=com_phpshop,https://web.archive.org/web/20080519223042/http://www.press.sk:80/?page=shop.browse&category_id=&keyword=&offset=20&manufacturer_id=539&option=com_phpshop,20080519223042,skip
http://www.press.sk:80/?page=shop.browse&offset=40&category_id=&keyword=&manufacturer_id=539&option=com_phpshop,https://web.archive.org/web/20080518011949/http://www.press.sk:80/?page=shop.browse&offset=40&category_id=&keyword=&manufacturer_id=539&option=com_phpshop,20080518011949,skip
http://www.press.sk:80/?page=shop.browse&category_id=&keyword=&offset=40&manufacturer_id=539&option=com_phpshop,https://web.archive.org/web/20080520095545/http://www.press.sk:80/?page=shop.browse&category_id=&keyword=&offset=40&manufacturer_id=539&option=com_phpshop,20080520095545,skip
http://www.press.sk:80/?page=shop.browse&offset=60&category_id=&keyword=&manufacturer_id=539&option=com_phpshop,https://web.archive.org/web/20080519223047/http://www.press.sk:80/?page=shop.browse&offset=60&category_id=&keyword=&manufacturer_id=539&option=com_phpshop,20080519223047,skip
http://www.press.sk:80/?page=shop.browse&offset=20&category_id=&keyword=&manufacturer_id=581&option=com_phpshop,https://web.archive.org/web/20080531031735/http://www.press.sk:80/?page=shop.browse&offset=20&category_id=&keyword=&manufacturer_id=581&option=com_phpshop,20080531031735,skip
http://www.press.sk:80/?page=shop.flypage&product_id=1004&category_id=&option=com_phpshop&phpshop=c46062b74060220937424444bff050a8,https://web.archive.org/web/20050326023948/http://www.press.sk:80/?page=shop.flypage&product_id=1004&category_id=&option=com_phpshop&phpshop=c46062b74060220937424444bff050a8,20050326023948,skip
http://www.press.sk:80/?page=shop.flypage&product_id=1020&category_id=&option=com_phpshop&phpshop=c46062b74060220937424444bff050a8,https://web.archive.org/web/20050326024527/http://www.press.sk:80/?page=shop.flypage&product_id=1020&category_id=&option=com_phpshop&phpshop=c46062b74060220937424444bff050a8,20050326024527,skip
http://www.press.sk:80/?page=shop.flypage&product_id=1029&category_id=&option=com_phpshop&phpshop=c46062b74060220937424444bff050a8,https://web.archive.org/web/20050326024314/http://www.press.sk:80/?page=shop.flypage&product_id=1029&category_id=&option=com_phpshop&phpshop=c46062b74060220937424444bff050a8,20050326024314,skip
http://www.press.sk:80/?page=shop.flypage&product_id=1067&category_id=&option=com_phpshop&phpshop=c46062b74060220937424444bff050a8,https://web.archive.org/web/20050326024454/http://www.press.sk:80/?page=shop.flypage&product_id=1067&category_id=&option=com_phpshop&phpshop=c46062b74060220937424444bff050a8,20050326024454,skip
http://www.press.sk:80/?page=shop.flypage&product_id=1078&category_id=&option=com_phpshop&phpshop=c46062b74060220937424444bff050a8,https://web.archive.org/web/20050326023933/http://www.press.sk:80/?page=shop.flypage&product_id=1078&category_id=&option=com_phpshop&phpshop=c46062b74060220937424444bff050a8,20050326023933,skip
http://www.press.sk:80/?page=shop.flypage&product_id=1109&category_id=&option=com_phpshop&phpshop=c46062b74060220937424444bff050a8,https://web.archive.org/web/20050326024414/http://www.press.sk:80/?page=shop.flypage&product_id=1109&category_id=&option=com_phpshop&phpshop=c46062b74060220937424444bff050a8,20050326024414,skip
http://www.press.sk:80/?page=shop.flypage&product_id=1132&category_id=&option=com_phpshop&phpshop=c46062b74060220937424444bff050a8,https://web.archive.org/web/20050326024255/http://www.press.sk:80/?page=shop.flypage&product_id=1132&category_id=&option=com_phpshop&phpshop=c46062b74060220937424444bff050a8,20050326024255,skip
http://www.press.sk:80/?page=shop.flypage&product_id=1138&category_id=&option=com_phpshop&phpshop=c46062b74060220937424444bff050a8,https://web.archive.org/web/20050326024418/http://www.press.sk:80/?page=shop.flypage&product_id=1138&category_id=&option=com_phpshop&phpshop=c46062b74060220937424444bff050a8,20050326024418,skip
http://www.press.sk:80/?page=shop.flypage&product_id=1172&category_id=&option=com_phpshop&phpshop=c46062b74060220937424444bff050a8,https://web.archive.org/web/20050319095036/http://www.press.sk:80/?page=shop.flypage&product_id=1172&category_id=&option=com_phpshop&phpshop=c46062b74060220937424444bff050a8,20050319095036,skip
http://www.press.sk:80/?page=shop.flypage&product_id=1192&category_id=&option=com_phpshop&phpshop=c46062b74060220937424444bff050a8,https://web.archive.org/web/20050326024218/http://www.press.sk:80/?page=shop.flypage&product_id=1192&category_id=&option=com_phpshop&phpshop=c46062b74060220937424444bff050a8,20050326024218,skip
http://www.press.sk:80/?page=shop.flypage&product_id=1194&category_id=&option=com_phpshop&phpshop=c46062b74060220937424444bff050a8,https://web.archive.org/web/20050327104811/http://www.press.sk:80/?page=shop.flypage&product_id=1194&category_id=&option=com_phpshop&phpshop=c46062b74060220937424444bff050a8,20050327104811,skip
http://www.press.sk:80/?page=shop.flypage&product_id=1229&category_id=&option=com_phpshop&phpshop=c46062b74060220937424444bff050a8,https://web.archive.org/web/20050327105010/http://www.press.sk:80/?page=shop.flypage&product_id=1229&category_id=&option=com_phpshop&phpshop=c46062b74060220937424444bff050a8,20050327105010,skip
http://www.press.sk:80/?page=shop.flypage&product_id=1230&category_id=&option=com_phpshop&phpshop=c46062b74060220937424444bff050a8,https://web.archive.org/web/20050327104829/http://www.press.sk:80/?page=shop.flypage&product_id=1230&category_id=&option=com_phpshop&phpshop=c46062b74060220937424444bff050a8,20050327104829,skip
http://www.press.sk:80/?page=shop.flypage&product_id=1245&category_id=&option=com_phpshop&phpshop=c46062b74060220937424444bff050a8,https://web.archive.org/web/20050319094655/http://www.press.sk:80/?page=shop.flypage&product_id=1245&category_id=&option=com_phpshop&phpshop=c46062b74060220937424444bff050a8,20050319094655,skip
http://www.press.sk:80/?page=shop.flypage&product_id=1246&category_id=&option=com_phpshop&phpshop=c46062b74060220937424444bff050a8,https://web.archive.org/web/20050319095058/http://www.press.sk:80/?page=shop.flypage&product_id=1246&category_id=&option=com_phpshop&phpshop=c46062b74060220937424444bff050a8,20050319095058,skip
http://www.press.sk:80/?page=shop.flypage&product_id=1281&category_id=&option=com_phpshop&phpshop=c46062b74060220937424444bff050a8,https://web.archive.org/web/20050327104750/http://www.press.sk:80/?page=shop.flypage&product_id=1281&category_id=&option=com_phpshop&phpshop=c46062b74060220937424444bff050a8,20050327104750,skip
http://www.press.sk:80/?page=shop.flypage&product_id=1283&category_id=&option=com_phpshop&phpshop=c46062b74060220937424444bff050a8,https://web.archive.org/web/20050327104458/http://www.press.sk:80/?page=shop.flypage&product_id=1283&category_id=&option=com_phpshop&phpshop=c46062b74060220937424444bff050a8,20050327104458,skip
http://www.press.sk:80/?page=shop.flypage&product_id=1284&category_id=&option=com_phpshop&phpshop=c46062b74060220937424444bff050a8,https://web.archive.org/web/20050327104846/http://www.press.sk:80/?page=shop.flypage&product_id=1284&category_id=&option=com_phpshop&phpshop=c46062b74060220937424444bff050a8,20050327104846,skip
http://www.press.sk:80/?page=shop.flypage&product_id=1296&category_id=&option=com_phpshop&phpshop=c46062b74060220937424444bff050a8,https://web.archive.org/web/20050327104914/http://www.press.sk:80/?page=shop.flypage&product_id=1296&category_id=&option=com_phpshop&phpshop=c46062b74060220937424444bff050a8,20050327104914,skip
http://www.press.sk:80/?page=shop.flypage&product_id=1338&category_id=&option=com_phpshop&phpshop=c46062b74060220937424444bff050a8,https://web.archive.org/web/20050319095112/http://www.press.sk:80/?page=shop.flypage&product_id=1338&category_id=&option=com_phpshop&phpshop=c46062b74060220937424444bff050a8,20050319095112,skip
http://www.press.sk:80/?page=shop.flypage&product_id=1348&category_id=&option=com_phpshop&phpshop=c46062b74060220937424444bff050a8,https://web.archive.org/web/20050327104610/http://www.press.sk:80/?page=shop.flypage&product_id=1348&category_id=&option=com_phpshop&phpshop=c46062b74060220937424444bff050a8,20050327104610,skip
http://www.press.sk:80/?page=shop.flypage&product_id=1391&category_id=&option=com_phpshop&phpshop=c46062b74060220937424444bff050a8,https://web.archive.org/web/20050319094704/http://www.press.sk:80/?page=shop.flypage&product_id=1391&category_id=&option=com_phpshop&phpshop=c46062b74060220937424444bff050a8,20050319094704,skip
http://www.press.sk:80/?page=shop.flypage&product_id=1406&category_id=&option=com_phpshop&phpshop=c46062b74060220937424444bff050a8,https://web.archive.org/web/20050319094829/http://www.press.sk:80/?page=shop.flypage&product_id=1406&category_id=&option=com_phpshop&phpshop=c46062b74060220937424444bff050a8,20050319094829,skip
http://www.press.sk:80/?page=shop.flypage&product_id=1408&category_id=&option=com_phpshop&phpshop=c46062b74060220937424444bff050a8,https://web.archive.org/web/20050327104546/http://www.press.sk:80/?page=shop.flypage&product_id=1408&category_id=&option=com_phpshop&phpshop=c46062b74060220937424444bff050a8,20050327104546,skip
http://www.press.sk:80/?page=shop.flypage&product_id=1413&category_id=&option=com_phpshop&phpshop=c46062b74060220937424444bff050a8,https://web.archive.org/web/20050327104630/http://www.press.sk:80/?page=shop.flypage&product_id=1413&category_id=&option=com_phpshop&phpshop=c46062b74060220937424444bff050a8,20050327104630,skip
http://www.press.sk:80/?page=shop.flypage&product_id=1445&category_id=&option=com_phpshop&phpshop=c46062b74060220937424444bff050a8,https://web.archive.org/web/20050330205604/http://www.press.sk:80/?page=shop.flypage&product_id=1445&category_id=&option=com_phpshop&phpshop=c46062b74060220937424444bff050a8,20050330205604,skip
http://www.press.sk:80/?page=shop.flypage&product_id=1447&category_id=&option=com_phpshop&phpshop=c46062b74060220937424444bff050a8,https://web.archive.org/web/20050330205539/http://www.press.sk:80/?page=shop.flypage&product_id=1447&category_id=&option=com_phpshop&phpshop=c46062b74060220937424444bff050a8,20050330205539,skip
http://www.press.sk:80/?page=shop.flypage&product_id=1466&category_id=&option=com_phpshop&phpshop=c46062b74060220937424444bff050a8,https://web.archive.org/web/20050319094833/http://www.press.sk:80/?page=shop.flypage&product_id=1466&category_id=&option=com_phpshop&phpshop=c46062b74060220937424444bff050a8,20050319094833,skip
http://www.press.sk:80/?page=shop.flypage&product_id=1467&category_id=&option=com_phpshop&phpshop=c46062b74060220937424444bff050a8,https://web.archive.org/web/20050319095109/http://www.press.sk:80/?page=shop.flypage&product_id=1467&category_id=&option=com_phpshop&phpshop=c46062b74060220937424444bff050a8,20050319095109,skip
http://www.press.sk:80/?page=shop.flypage&product_id=1519&category_id=&option=com_phpshop&phpshop=c46062b74060220937424444bff050a8,https://web.archive.org/web/20050330205502/http://www.press.sk:80/?page=shop.flypage&product_id=1519&category_id=&option=com_phpshop&phpshop=c46062b74060220937424444bff050a8,20050330205502,skip
http://www.press.sk:80/?page=shop.flypage&product_id=1522&category_id=&option=com_phpshop&phpshop=c46062b74060220937424444bff050a8,https://web.archive.org/web/20050330205828/http://www.press.sk:80/?page=shop.flypage&product_id=1522&category_id=&option=com_phpshop&phpshop=c46062b74060220937424444bff050a8,20050330205828,skip
http://www.press.sk:80/?page=shop.flypage&product_id=1523&category_id=&option=com_phpshop&phpshop=c46062b74060220937424444bff050a8,https://web.archive.org/web/20050330205437/http://www.press.sk:80/?page=shop.flypage&product_id=1523&category_id=&option=com_phpshop&phpshop=c46062b74060220937424444bff050a8,20050330205437,skip
http://www.press.sk:80/?page=shop.flypage&product_id=1524&category_id=&option=com_phpshop&phpshop=c46062b74060220937424444bff050a8,https://web.archive.org/web/20050330205754/http://www.press.sk:80/?page=shop.flypage&product_id=1524&category_id=&option=com_phpshop&phpshop=c46062b74060220937424444bff050a8,20050330205754,skip
http://www.press.sk:80/?page=shop.flypage&product_id=1525&category_id=&option=com_phpshop&phpshop=c46062b74060220937424444bff050a8,https://web.archive.org/web/20050330205423/http://www.press.sk:80/?page=shop.flypage&product_id=1525&category_id=&option=com_phpshop&phpshop=c46062b74060220937424444bff050a8,20050330205423,skip
http://www.press.sk:80/?page=shop.flypage&product_id=1529&category_id=&option=com_phpshop&phpshop=c46062b74060220937424444bff050a8,https://web.archive.org/web/20050330205419/http://www.press.sk:80/?page=shop.flypage&product_id=1529&category_id=&option=com_phpshop&phpshop=c46062b74060220937424444bff050a8,20050330205419,skip
http://www.press.sk:80/?page=shop.flypage&product_id=1539&category_id=&option=com_phpshop&phpshop=c46062b74060220937424444bff050a8,https://web.archive.org/web/20050319094844/http://www.press.sk:80/?page=shop.flypage&product_id=1539&category_id=&option=com_phpshop&phpshop=c46062b74060220937424444bff050a8,20050319094844,skip
http://www.press.sk:80/?page=shop.flypage&product_id=1540&category_id=&option=com_phpshop&phpshop=c46062b74060220937424444bff050a8,https://web.archive.org/web/20050319095512/http://www.press.sk:80/?page=shop.flypage&product_id=1540&category_id=&option=com_phpshop&phpshop=c46062b74060220937424444bff050a8,20050319095512,skip
http://www.press.sk:80/?page=shop.flypage&product_id=1542&category_id=&option=com_phpshop&phpshop=c46062b74060220937424444bff050a8,https://web.archive.org/web/20050319095455/http://www.press.sk:80/?page=shop.flypage&product_id=1542&category_id=&option=com_phpshop&phpshop=c46062b74060220937424444bff050a8,20050319095455,skip
http://www.press.sk:80/?page=shop.flypage&product_id=1543&category_id=&option=com_phpshop&phpshop=c46062b74060220937424444bff050a8,https://web.archive.org/web/20050319095534/http://www.press.sk:80/?page=shop.flypage&product_id=1543&category_id=&option=com_phpshop&phpshop=c46062b74060220937424444bff050a8,20050319095534,skip
http://www.press.sk:80/?page=shop.flypage&product_id=1544&category_id=&option=com_phpshop&phpshop=c46062b74060220937424444bff050a8,https://web.archive.org/web/20050319095500/http://www.press.sk:80/?page=shop.flypage&product_id=1544&category_id=&option=com_phpshop&phpshop=c46062b74060220937424444bff050a8,20050319095500,skip
http://www.press.sk:80/?page=shop.flypage&product_id=1545&category_id=&option=com_phpshop&phpshop=c46062b74060220937424444bff050a8,https://web.archive.org/web/20050319095413/http://www.press.sk:80/?page=shop.flypage&product_id=1545&category_id=&option=com_phpshop&phpshop=c46062b74060220937424444bff050a8,20050319095413,skip
http://www.press.sk:80/?page=shop.flypage&product_id=1546&category_id=&option=com_phpshop&phpshop=c46062b74060220937424444bff050a8,https://web.archive.org/web/20050319095525/http://www.press.sk:80/?page=shop.flypage&product_id=1546&category_id=&option=com_phpshop&phpshop=c46062b74060220937424444bff050a8,20050319095525,skip
http://www.press.sk:80/?page=shop.flypage&product_id=1551&category_id=&option=com_phpshop&phpshop=c46062b74060220937424444bff050a8,https://web.archive.org/web/20050330205718/http://www.press.sk:80/?page=shop.flypage&product_id=1551&category_id=&option=com_phpshop&phpshop=c46062b74060220937424444bff050a8,20050330205718,skip
http://www.press.sk:80/?page=shop.flypage&product_id=1560&category_id=&option=com_phpshop&phpshop=c46062b74060220937424444bff050a8,https://web.archive.org/web/20050330205632/http://www.press.sk:80/?page=shop.flypage&product_id=1560&category_id=&option=com_phpshop&phpshop=c46062b74060220937424444bff050a8,20050330205632,skip
http://www.press.sk:80/?page=shop.flypage&product_id=1671&category_id=&option=com_phpshop&phpshop=c46062b74060220937424444bff050a8,https://web.archive.org/web/20050319095409/http://www.press.sk:80/?page=shop.flypage&product_id=1671&category_id=&option=com_phpshop&phpshop=c46062b74060220937424444bff050a8,20050319095409,skip
http://www.press.sk:80/?page=shop.flypage&product_id=1784&category_id=&option=com_phpshop&phpshop=c46062b74060220937424444bff050a8,https://web.archive.org/web/20050319095421/http://www.press.sk:80/?page=shop.flypage&product_id=1784&category_id=&option=com_phpshop&phpshop=c46062b74060220937424444bff050a8,20050319095421,skip
http://www.press.sk:80/?page=shop.flypage&product_id=1785&category_id=&option=com_phpshop&phpshop=c46062b74060220937424444bff050a8,https://web.archive.org/web/20050319095433/http://www.press.sk:80/?page=shop.flypage&product_id=1785&category_id=&option=com_phpshop&phpshop=c46062b74060220937424444bff050a8,20050319095433,skip
http://www.press.sk:80/?page=shop.flypage&product_id=3404&category_id=&option=com_phpshop,https://web.archive.org/web/20080519211038/http://www.press.sk:80/?page=shop.flypage&product_id=3404&category_id=&option=com_phpshop,20080519211038,skip
http://www.press.sk:80/?page=shop.flypage&product_id=3405&category_id=&option=com_phpshop,https://web.archive.org/web/20080519211043/http://www.press.sk:80/?page=shop.flypage&product_id=3405&category_id=&option=com_phpshop,20080519211043,skip
http://www.press.sk:80/?page=shop.flypage&product_id=3406&category_id=&option=com_phpshop,https://web.archive.org/web/20080519211048/http://www.press.sk:80/?page=shop.flypage&product_id=3406&category_id=&option=com_phpshop,20080519211048,skip
http://www.press.sk:80/?page=shop.flypage&product_id=3407&category_id=&option=com_phpshop,https://web.archive.org/web/20080519211053/http://www.press.sk:80/?page=shop.flypage&product_id=3407&category_id=&option=com_phpshop,20080519211053,skip
http://www.press.sk:80/?page=shop.flypage&product_id=3408&category_id=&option=com_phpshop,https://web.archive.org/web/20080519211058/http://www.press.sk:80/?page=shop.flypage&product_id=3408&category_id=&option=com_phpshop,20080519211058,skip
http://www.press.sk:80/?page=shop.flypage&product_id=3409&category_id=&option=com_phpshop,https://web.archive.org/web/20080519211103/http://www.press.sk:80/?page=shop.flypage&product_id=3409&category_id=&option=com_phpshop,20080519211103,skip
http://www.press.sk:80/?page=shop.flypage&product_id=3410&category_id=&option=com_phpshop,https://web.archive.org/web/20080517173316/http://www.press.sk:80/?page=shop.flypage&product_id=3410&category_id=&option=com_phpshop,20080517173316,skip
http://www.press.sk:80/?page=shop.flypage&product_id=3411&category_id=&option=com_phpshop,https://web.archive.org/web/20080518005644/http://www.press.sk:80/?page=shop.flypage&product_id=3411&category_id=&option=com_phpshop,20080518005644,skip
http://www.press.sk:80/?page=shop.flypage&product_id=3412&category_id=&option=com_phpshop,https://web.archive.org/web/20080519211108/http://www.press.sk:80/?page=shop.flypage&product_id=3412&category_id=&option=com_phpshop,20080519211108,skip
http://www.press.sk:80/?page=shop.flypage&product_id=3413&category_id=&option=com_phpshop,https://web.archive.org/web/20080517173321/http://www.press.sk:80/?page=shop.flypage&product_id=3413&category_id=&option=com_phpshop,20080517173321,skip
http://www.press.sk:80/?page=shop.flypage&product_id=3414&category_id=&option=com_phpshop,https://web.archive.org/web/20080519202604/http://www.press.sk:80/?page=shop.flypage&product_id=3414&category_id=&option=com_phpshop,20080519202604,skip
http://www.press.sk:80/?page=shop.flypage&product_id=3415&category_id=&option=com_phpshop,https://web.archive.org/web/20080518005649/http://www.press.sk:80/?page=shop.flypage&product_id=3415&category_id=&option=com_phpshop,20080518005649,skip
http://www.press.sk:80/?page=shop.flypage&product_id=3460&category_id=&option=com_phpshop,https://web.archive.org/web/20080517173326/http://www.press.sk:80/?page=shop.flypage&product_id=3460&category_id=&option=com_phpshop,20080517173326,skip
http://www.press.sk:80/?page=shop.flypage&product_id=3461&category_id=&option=com_phpshop,https://web.archive.org/web/20080517173332/http://www.press.sk:80/?page=shop.flypage&product_id=3461&category_id=&option=com_phpshop,20080517173332,skip
http://www.press.sk:80/?page=shop.flypage&product_id=3462&category_id=&option=com_phpshop,https://web.archive.org/web/20080519202607/http://www.press.sk:80/?page=shop.flypage&product_id=3462&category_id=&option=com_phpshop,20080519202607,skip
http://www.press.sk:80/?page=shop.flypage&product_id=3463&category_id=&option=com_phpshop,https://web.archive.org/web/20080518005654/http://www.press.sk:80/?page=shop.flypage&product_id=3463&category_id=&option=com_phpshop,20080518005654,skip
http://www.press.sk:80/?page=shop.flypage&product_id=3464&category_id=&option=com_phpshop,https://web.archive.org/web/20080519202611/http://www.press.sk:80/?page=shop.flypage&product_id=3464&category_id=&option=com_phpshop,20080519202611,skip
http://www.press.sk:80/?page=shop.flypage&product_id=3465&category_id=&option=com_phpshop,https://web.archive.org/web/20080519202616/http://www.press.sk:80/?page=shop.flypage&product_id=3465&category_id=&option=com_phpshop,20080519202616,skip
http://www.press.sk:80/?page=shop.flypage&product_id=3466&category_id=&option=com_phpshop,https://web.archive.org/web/20080518005659/http://www.press.sk:80/?page=shop.flypage&product_id=3466&category_id=&option=com_phpshop,20080518005659,skip
http://www.press.sk:80/?page=shop.flypage&product_id=3467&category_id=&option=com_phpshop,https://web.archive.org/web/20080518005704/http://www.press.sk:80/?page=shop.flypage&product_id=3467&category_id=&option=com_phpshop,20080518005704,skip
http://www.press.sk:80/?page=shop.flypage&product_id=3468&category_id=&option=com_phpshop,https://web.archive.org/web/20080517173336/http://www.press.sk:80/?page=shop.flypage&product_id=3468&category_id=&option=com_phpshop,20080517173336,skip
http://www.press.sk:80/?page=shop.flypage&product_id=3469&category_id=&option=com_phpshop,https://web.archive.org/web/20080517174802/http://www.press.sk:80/?page=shop.flypage&product_id=3469&category_id=&option=com_phpshop,20080517174802,skip
http://www.press.sk:80/?page=shop.flypage&product_id=3470&category_id=&option=com_phpshop,https://web.archive.org/web/20080518005709/http://www.press.sk:80/?page=shop.flypage&product_id=3470&category_id=&option=com_phpshop,20080518005709,skip
http://www.press.sk:80/?page=shop.flypage&product_id=3471&category_id=&option=com_phpshop,https://web.archive.org/web/20080518005716/http://www.press.sk:80/?page=shop.flypage&product_id=3471&category_id=&option=com_phpshop,20080518005716,skip
http://www.press.sk:80/?page=shop.flypage&product_id=3472&category_id=&option=com_phpshop,https://web.archive.org/web/20080517174809/http://www.press.sk:80/?page=shop.flypage&product_id=3472&category_id=&option=com_phpshop,20080517174809,skip
http://www.press.sk:80/?page=shop.flypage&product_id=3473&category_id=&option=com_phpshop,https://web.archive.org/web/20080519211113/http://www.press.sk:80/?page=shop.flypage&product_id=3473&category_id=&option=com_phpshop,20080519211113,skip
http://www.press.sk:80/?page=shop.flypage&product_id=3474&category_id=&option=com_phpshop,https://web.archive.org/web/20080519211119/http://www.press.sk:80/?page=shop.flypage&product_id=3474&category_id=&option=com_phpshop,20080519211119,skip
http://www.press.sk:80/?page=shop.flypage&product_id=3475&category_id=&option=com_phpshop,https://web.archive.org/web/20080517174813/http://www.press.sk:80/?page=shop.flypage&product_id=3475&category_id=&option=com_phpshop,20080517174813,skip
http://www.press.sk:80/?page=shop.flypage&product_id=3476&category_id=&option=com_phpshop,https://web.archive.org/web/20080517174819/http://www.press.sk:80/?page=shop.flypage&product_id=3476&category_id=&option=com_phpshop,20080517174819,skip
http://www.press.sk:80/?page=shop.flypage&product_id=3477&category_id=&option=com_phpshop,https://web.archive.org/web/20080519211124/http://www.press.sk:80/?page=shop.flypage&product_id=3477&category_id=&option=com_phpshop,20080519211124,skip
http://www.press.sk:80/?page=shop.flypage&product_id=3478&category_id=&option=com_phpshop,https://web.archive.org/web/20080518005721/http://www.press.sk:80/?page=shop.flypage&product_id=3478&category_id=&option=com_phpshop,20080518005721,skip
http://www.press.sk:80/?page=shop.flypage&product_id=3479&category_id=&option=com_phpshop,https://web.archive.org/web/20080518005726/http://www.press.sk:80/?page=shop.flypage&product_id=3479&category_id=&option=com_phpshop,20080518005726,skip
http://www.press.sk:80/?page=shop.flypage&product_id=3480&category_id=&option=com_phpshop,https://web.archive.org/web/20080519202623/http://www.press.sk:80/?page=shop.flypage&product_id=3480&category_id=&option=com_phpshop,20080519202623,skip
http://www.press.sk:80/?page=shop.flypage&product_id=3481&category_id=&option=com_phpshop,https://web.archive.org/web/20080519211129/http://www.press.sk:80/?page=shop.flypage&product_id=3481&category_id=&option=com_phpshop,20080519211129,skip
http://www.press.sk:80/?page=shop.flypage&product_id=3482&category_id=&option=com_phpshop,https://web.archive.org/web/20080519202627/http://www.press.sk:80/?page=shop.flypage&product_id=3482&category_id=&option=com_phpshop,20080519202627,skip
http://www.press.sk:80/?page=shop.flypage&product_id=3483&category_id=&option=com_phpshop,https://web.archive.org/web/20080519231613/http://www.press.sk:80/?page=shop.flypage&product_id=3483&category_id=&option=com_phpshop,20080519231613,skip
http://www.press.sk:80/?page=shop.flypage&product_id=3484&category_id=&option=com_phpshop,https://web.archive.org/web/20080519202702/http://www.press.sk:80/?page=shop.flypage&product_id=3484&category_id=&option=com_phpshop,20080519202702,skip
http://www.press.sk:80/?page=shop.flypage&product_id=3485&category_id=&option=com_phpshop,https://web.archive.org/web/20080518005731/http://www.press.sk:80/?page=shop.flypage&product_id=3485&category_id=&option=com_phpshop,20080518005731,skip
http://www.press.sk:80/?page=shop.flypage&product_id=3486&category_id=&option=com_phpshop,https://web.archive.org/web/20080519202707/http://www.press.sk:80/?page=shop.flypage&product_id=3486&category_id=&option=com_phpshop,20080519202707,skip
http://www.press.sk:80/?page=shop.flypage&product_id=3487&category_id=&option=com_phpshop,https://web.archive.org/web/20080517174823/http://www.press.sk:80/?page=shop.flypage&product_id=3487&category_id=&option=com_phpshop,20080517174823,skip
http://www.press.sk:80/?page=shop.flypage&product_id=3488&category_id=&option=com_phpshop,https://web.archive.org/web/20080518005736/http://www.press.sk:80/?page=shop.flypage&product_id=3488&category_id=&option=com_phpshop,20080518005736,skip
http://www.press.sk:80/?page=shop.flypage&product_id=3489&category_id=&option=com_phpshop,https://web.archive.org/web/20080519202729/http://www.press.sk:80/?page=shop.flypage&product_id=3489&category_id=&option=com_phpshop,20080519202729,skip
http://www.press.sk:80/?page=shop.flypage&product_id=3490&category_id=&option=com_phpshop,https://web.archive.org/web/20080519211134/http://www.press.sk:80/?page=shop.flypage&product_id=3490&category_id=&option=com_phpshop,20080519211134,skip
http://www.press.sk:80/?page=shop.flypage&product_id=3491&category_id=&option=com_phpshop,https://web.archive.org/web/20080519202743/http://www.press.sk:80/?page=shop.flypage&product_id=3491&category_id=&option=com_phpshop,20080519202743,skip
http://www.press.sk:80/?page=shop.flypage&product_id=3492&category_id=&option=com_phpshop,https://web.archive.org/web/20080518005746/http://www.press.sk:80/?page=shop.flypage&product_id=3492&category_id=&option=com_phpshop,20080518005746,skip
http://www.press.sk:80/?page=shop.flypage&product_id=3493&category_id=&option=com_phpshop,https://web.archive.org/web/20080517174828/http://www.press.sk:80/?page=shop.flypage&product_id=3493&category_id=&option=com_phpshop,20080517174828,skip
http://www.press.sk:80/?page=shop.flypage&product_id=3494&category_id=&option=com_phpshop,https://web.archive.org/web/20080519202752/http://www.press.sk:80/?page=shop.flypage&product_id=3494&category_id=&option=com_phpshop,20080519202752,skip
http://www.press.sk:80/?page=shop.flypage&product_id=3495&category_id=&option=com_phpshop,https://web.archive.org/web/20080518005753/http://www.press.sk:80/?page=shop.flypage&product_id=3495&category_id=&option=com_phpshop,20080518005753,skip
http://www.press.sk:80/?page=shop.flypage&product_id=3496&category_id=&option=com_phpshop,https://web.archive.org/web/20080518005758/http://www.press.sk:80/?page=shop.flypage&product_id=3496&category_id=&option=com_phpshop,20080518005758,skip
http://www.press.sk:80/?page=shop.flypage&product_id=3497&category_id=&option=com_phpshop,https://web.archive.org/web/20080517174833/http://www.press.sk:80/?page=shop.flypage&product_id=3497&category_id=&option=com_phpshop,20080517174833,skip
http://www.press.sk:80/?page=shop.flypage&product_id=3498&category_id=&option=com_phpshop,https://web.archive.org/web/20080519202803/http://www.press.sk:80/?page=shop.flypage&product_id=3498&category_id=&option=com_phpshop,20080519202803,skip
http://www.press.sk:80/?page=shop.flypage&product_id=3499&category_id=&option=com_phpshop,https://web.archive.org/web/20080519202809/http://www.press.sk:80/?page=shop.flypage&product_id=3499&category_id=&option=com_phpshop,20080519202809,skip
http://www.press.sk:80/?page=shop.flypage&product_id=3500&category_id=&option=com_phpshop,https://web.archive.org/web/20080517174838/http://www.press.sk:80/?page=shop.flypage&product_id=3500&category_id=&option=com_phpshop,20080517174838,skip
http://www.press.sk:80/?page=shop.flypage&product_id=3501&category_id=&option=com_phpshop,https://web.archive.org/web/20080518005803/http://www.press.sk:80/?page=shop.flypage&product_id=3501&category_id=&option=com_phpshop,20080518005803,skip
http://www.press.sk:80/?page=shop.flypage&product_id=3502&category_id=&option=com_phpshop,https://web.archive.org/web/20080519211139/http://www.press.sk:80/?page=shop.flypage&product_id=3502&category_id=&option=com_phpshop,20080519211139,skip
http://www.press.sk:80/?page=shop.flypage&product_id=3503&category_id=&option=com_phpshop,https://web.archive.org/web/20080517174844/http://www.press.sk:80/?page=shop.flypage&product_id=3503&category_id=&option=com_phpshop,20080517174844,skip
http://www.press.sk:80/?page=shop.flypage&product_id=3504&category_id=&option=com_phpshop,https://web.archive.org/web/20080518005808/http://www.press.sk:80/?page=shop.flypage&product_id=3504&category_id=&option=com_phpshop,20080518005808,skip
http://www.press.sk:80/?page=shop.flypage&product_id=3505&category_id=&option=com_phpshop,https://web.archive.org/web/20080519202811/http://www.press.sk:80/?page=shop.flypage&product_id=3505&category_id=&option=com_phpshop,20080519202811,skip
http://www.press.sk:80/?page=shop.flypage&product_id=3506&category_id=&option=com_phpshop,https://web.archive.org/web/20080517174848/http://www.press.sk:80/?page=shop.flypage&product_id=3506&category_id=&option=com_phpshop,20080517174848,skip
http://www.press.sk:80/?page=shop.flypage&product_id=3557&category_id=&option=com_phpshop,https://web.archive.org/web/20080518005813/http://www.press.sk:80/?page=shop.flypage&product_id=3557&category_id=&option=com_phpshop,20080518005813,skip
http://www.press.sk:80/?page=shop.flypage&product_id=3566&category_id=&option=com_phpshop,https://web.archive.org/web/20080519202816/http://www.press.sk:80/?page=shop.flypage&product_id=3566&category_id=&option=com_phpshop,20080519202816,skip
http://www.press.sk:80/?page=shop.flypage&product_id=3567&category_id=&option=com_phpshop,https://web.archive.org/web/20080519211144/http://www.press.sk:80/?page=shop.flypage&product_id=3567&category_id=&option=com_phpshop,20080519211144,skip
http://www.press.sk:80/?page=shop.flypage&product_id=3722&category_id=&option=com_phpshop,https://web.archive.org/web/20080519202822/http://www.press.sk:80/?page=shop.flypage&product_id=3722&category_id=&option=com_phpshop,20080519202822,skip
http://www.press.sk:80/?page=shop.flypage&product_id=3723&category_id=&option=com_phpshop,https://web.archive.org/web/20080519202842/http://www.press.sk:80/?page=shop.flypage&product_id=3723&category_id=&option=com_phpshop,20080519202842,skip
http://www.press.sk:80/?page=shop.flypage&product_id=3724&category_id=&option=com_phpshop,https://web.archive.org/web/20080517174859/http://www.press.sk:80/?page=shop.flypage&product_id=3724&category_id=&option=com_phpshop,20080517174859,skip
http://www.press.sk:80/?page=shop.flypage&product_id=3725&category_id=&option=com_phpshop,https://web.archive.org/web/20080519202849/http://www.press.sk:80/?page=shop.flypage&product_id=3725&category_id=&option=com_phpshop,20080519202849,skip
http://www.press.sk:80/?page=shop.flypage&product_id=3778&category_id=&option=com_phpshop,https://web.archive.org/web/20080517174906/http://www.press.sk:80/?page=shop.flypage&product_id=3778&category_id=&option=com_phpshop,20080517174906,skip
http://www.press.sk:80/?page=shop.flypage&product_id=3779&category_id=&option=com_phpshop,https://web.archive.org/web/20080517174911/http://www.press.sk:80/?page=shop.flypage&product_id=3779&category_id=&option=com_phpshop,20080517174911,skip
http://www.press.sk:80/?page=shop.flypage&product_id=3780&category_id=&option=com_phpshop,https://web.archive.org/web/20080517174916/http://www.press.sk:80/?page=shop.flypage&product_id=3780&category_id=&option=com_phpshop,20080517174916,skip
http://www.press.sk:80/?page=shop.flypage&product_id=3781&category_id=&option=com_phpshop,https://web.archive.org/web/20080517174921/http://www.press.sk:80/?page=shop.flypage&product_id=3781&category_id=&option=com_phpshop,20080517174921,skip
http://www.press.sk:80/?page=shop.flypage&product_id=3782&category_id=&option=com_phpshop,https://web.archive.org/web/20080518005818/http://www.press.sk:80/?page=shop.flypage&product_id=3782&category_id=&option=com_phpshop,20080518005818,skip
http://www.press.sk:80/?page=shop.flypage&product_id=3783&category_id=&option=com_phpshop,https://web.archive.org/web/20080518005823/http://www.press.sk:80/?page=shop.flypage&product_id=3783&category_id=&option=com_phpshop,20080518005823,skip
http://www.press.sk:80/?page=shop.flypage&product_id=3784&category_id=&option=com_phpshop,https://web.archive.org/web/20080518005837/http://www.press.sk:80/?page=shop.flypage&product_id=3784&category_id=&option=com_phpshop,20080518005837,skip
http://www.press.sk:80/?page=shop.flypage&product_id=3785&category_id=&option=com_phpshop,https://web.archive.org/web/20080519202853/http://www.press.sk:80/?page=shop.flypage&product_id=3785&category_id=&option=com_phpshop,20080519202853,skip
http://www.press.sk:80/?page=shop.flypage&product_id=3893&category_id=&option=com_phpshop,https://web.archive.org/web/20080531024940/http://www.press.sk:80/?page=shop.flypage&product_id=3893&category_id=&option=com_phpshop,20080531024940,skip
http://www.press.sk:80/?page=shop.flypage&product_id=3894&category_id=&option=com_phpshop,https://web.archive.org/web/20080531024944/http://www.press.sk:80/?page=shop.flypage&product_id=3894&category_id=&option=com_phpshop,20080531024944,skip
http://www.press.sk:80/?page=shop.flypage&product_id=3895&category_id=&option=com_phpshop,https://web.archive.org/web/20080501174420/http://www.press.sk:80/?page=shop.flypage&product_id=3895&category_id=&option=com_phpshop,20080501174420,skip
http://www.press.sk:80/?page=shop.flypage&product_id=3896&category_id=&option=com_phpshop,https://web.archive.org/web/20080501174427/http://www.press.sk:80/?page=shop.flypage&product_id=3896&category_id=&option=com_phpshop,20080501174427,skip
http://www.press.sk:80/?page=shop.flypage&product_id=3897&category_id=&option=com_phpshop,https://web.archive.org/web/20080501174431/http://www.press.sk:80/?page=shop.flypage&product_id=3897&category_id=&option=com_phpshop,20080501174431,skip
http://www.press.sk:80/?page=shop.flypage&product_id=3915&category_id=&option=com_phpshop,https://web.archive.org/web/20080531024951/http://www.press.sk:80/?page=shop.flypage&product_id=3915&category_id=&option=com_phpshop,20080531024951,skip
http://www.press.sk:80/?page=shop.flypage&product_id=3916&category_id=&option=com_phpshop,https://web.archive.org/web/20080531025000/http://www.press.sk:80/?page=shop.flypage&product_id=3916&category_id=&option=com_phpshop,20080531025000,skip
http://www.press.sk:80/?page=shop.flypage&product_id=3917&category_id=&option=com_phpshop,https://web.archive.org/web/20080501174438/http://www.press.sk:80/?page=shop.flypage&product_id=3917&category_id=&option=com_phpshop,20080501174438,skip
http://www.press.sk:80/?page=shop.flypage&product_id=3918&category_id=&option=com_phpshop,https://web.archive.org/web/20080501174441/http://www.press.sk:80/?page=shop.flypage&product_id=3918&category_id=&option=com_phpshop,20080501174441,skip
http://www.press.sk:80/?page=shop.flypage&product_id=3920&category_id=&option=com_phpshop,https://web.archive.org/web/20080501174446/http://www.press.sk:80/?page=shop.flypage&product_id=3920&category_id=&option=com_phpshop,20080501174446,skip
http://www.press.sk:80/?page=shop.flypage&product_id=3951&category_id=&option=com_phpshop,https://web.archive.org/web/20080531025005/http://www.press.sk:80/?page=shop.flypage&product_id=3951&category_id=&option=com_phpshop,20080531025005,skip
http://www.press.sk:80/?page=shop.flypage&product_id=3952&category_id=&option=com_phpshop,https://web.archive.org/web/20080531025011/http://www.press.sk:80/?page=shop.flypage&product_id=3952&category_id=&option=com_phpshop,20080531025011,skip
http://www.press.sk:80/?page=shop.flypage&product_id=3953&category_id=&option=com_phpshop,https://web.archive.org/web/20080531025025/http://www.press.sk:80/?page=shop.flypage&product_id=3953&category_id=&option=com_phpshop,20080531025025,skip
http://www.press.sk:80/?page=shop.flypage&product_id=3966&category_id=&option=com_phpshop,https://web.archive.org/web/20080531025029/http://www.press.sk:80/?page=shop.flypage&product_id=3966&category_id=&option=com_phpshop,20080531025029,skip
http://www.press.sk:80/?page=shop.flypage&product_id=3967&category_id=&option=com_phpshop,https://web.archive.org/web/20080531025035/http://www.press.sk:80/?page=shop.flypage&product_id=3967&category_id=&option=com_phpshop,20080531025035,skip
http://www.press.sk:80/?page=shop.flypage&product_id=3968&category_id=&option=com_phpshop,https://web.archive.org/web/20080531025040/http://www.press.sk:80/?page=shop.flypage&product_id=3968&category_id=&option=com_phpshop,20080531025040,skip
http://www.press.sk:80/?page=shop.flypage&product_id=3969&category_id=&option=com_phpshop,https://web.archive.org/web/20080531025049/http://www.press.sk:80/?page=shop.flypage&product_id=3969&category_id=&option=com_phpshop,20080531025049,skip
http://www.press.sk:80/?page=shop.flypage&product_id=3970&category_id=&option=com_phpshop,https://web.archive.org/web/20080531025052/http://www.press.sk:80/?page=shop.flypage&product_id=3970&category_id=&option=com_phpshop,20080531025052,skip
http://www.press.sk:80/?page=shop.flypage&product_id=3971&category_id=&option=com_phpshop,https://web.archive.org/web/20080531025112/http://www.press.sk:80/?page=shop.flypage&product_id=3971&category_id=&option=com_phpshop,20080531025112,skip
http://www.press.sk:80/?page=shop.flypage&product_id=3973&category_id=&option=com_phpshop,https://web.archive.org/web/20080531025117/http://www.press.sk:80/?page=shop.flypage&product_id=3973&category_id=&option=com_phpshop,20080531025117,skip
http://www.press.sk:80/?page=shop.flypage&product_id=85&category_id=&option=com_phpshop,https://web.archive.org/web/20071027122217/http://www.press.sk:80/?page=shop.flypage&product_id=85&category_id=&option=com_phpshop,20071027122217,skip
http://press.sk:80/?page=shop.flypage&product_id=3347&category_id=1&option=com_phpshop,https://web.archive.org/web/20071011082243/http://press.sk:80/?page=shop.flypage&product_id=3347&category_id=1&option=com_phpshop,20071011082243,skip
http://www.press.sk:80/?page=shop.flypage&product_id=3347&category_id=1&option=com_phpshop,https://web.archive.org/web/20071210203255/http://www.press.sk:80/?page=shop.flypage&product_id=3347&category_id=1&option=com_phpshop,20071210203255,skip
http://www.press.sk:80/?page=shop.flypage&product_id=3347&category_id=1&option=com_phpshop,https://web.archive.org/web/20080209060220/http://www.press.sk:80/?page=shop.flypage&product_id=3347&category_id=1&option=com_phpshop,20080209060220,skip
http://www.press.sk:80/?page=shop.flypage&product_id=3347&category_id=1&option=com_phpshop,https://web.archive.org/web/20080409140557/http://www.press.sk:80/?page=shop.flypage&product_id=3347&category_id=1&option=com_phpshop,20080409140557,skip
http://www.press.sk:80/?page=shop.flypage&product_id=3347&category_id=1&option=com_phpshop,https://web.archive.org/web/20080609001703/http://www.press.sk:80/?page=shop.flypage&product_id=3347&category_id=1&option=com_phpshop,20080609001703,skip
http://press.sk:80/?page=shop.flypage&product_id=3354&category_id=1&option=com_phpshop,https://web.archive.org/web/20071011082250/http://press.sk:80/?page=shop.flypage&product_id=3354&category_id=1&option=com_phpshop,20071011082250,skip
http://www.press.sk:80/?page=shop.flypage&product_id=3354&category_id=1&option=com_phpshop,https://web.archive.org/web/20071210203319/http://www.press.sk:80/?page=shop.flypage&product_id=3354&category_id=1&option=com_phpshop,20071210203319,skip
http://www.press.sk:80/?page=shop.flypage&product_id=3354&category_id=1&option=com_phpshop,https://web.archive.org/web/20080209060226/http://www.press.sk:80/?page=shop.flypage&product_id=3354&category_id=1&option=com_phpshop,20080209060226,skip
http://www.press.sk:80/?page=shop.flypage&product_id=3354&category_id=1&option=com_phpshop,https://web.archive.org/web/20080409140600/http://www.press.sk:80/?page=shop.flypage&product_id=3354&category_id=1&option=com_phpshop,20080409140600,skip
http://www.press.sk:80/?page=shop.flypage&product_id=3354&category_id=1&option=com_phpshop,https://web.archive.org/web/20080609001708/http://www.press.sk:80/?page=shop.flypage&product_id=3354&category_id=1&option=com_phpshop,20080609001708,skip
http://press.sk:80/?page=shop.flypage&product_id=3372&category_id=1&option=com_phpshop,https://web.archive.org/web/20071011095600/http://press.sk:80/?page=shop.flypage&product_id=3372&category_id=1&option=com_phpshop,20071011095600,skip
http://www.press.sk:80/?page=shop.flypage&product_id=3372&category_id=1&option=com_phpshop,https://web.archive.org/web/20071211032947/http://www.press.sk:80/?page=shop.flypage&product_id=3372&category_id=1&option=com_phpshop,20071211032947,skip
http://www.press.sk:80/?page=shop.flypage&product_id=3372&category_id=1&option=com_phpshop,https://web.archive.org/web/20080209131622/http://www.press.sk:80/?page=shop.flypage&product_id=3372&category_id=1&option=com_phpshop,20080209131622,skip
http://www.press.sk:80/?page=shop.flypage&product_id=3372&category_id=1&option=com_phpshop,https://web.archive.org/web/20080409205039/http://www.press.sk:80/?page=shop.flypage&product_id=3372&category_id=1&option=com_phpshop,20080409205039,skip
http://www.press.sk:80/?page=shop.flypage&product_id=3372&category_id=1&option=com_phpshop,https://web.archive.org/web/20080609001713/http://www.press.sk:80/?page=shop.flypage&product_id=3372&category_id=1&option=com_phpshop,20080609001713,skip
http://press.sk:80/?page=shop.flypage&product_id=3373&category_id=1&option=com_phpshop,https://web.archive.org/web/20071011095605/http://press.sk:80/?page=shop.flypage&product_id=3373&category_id=1&option=com_phpshop,20071011095605,skip
http://www.press.sk:80/?page=shop.flypage&product_id=3373&category_id=1&option=com_phpshop,https://web.archive.org/web/20071211032952/http://www.press.sk:80/?page=shop.flypage&product_id=3373&category_id=1&option=com_phpshop,20071211032952,skip
http://www.press.sk:80/?page=shop.flypage&product_id=3373&category_id=1&option=com_phpshop,https://web.archive.org/web/20080209131631/http://www.press.sk:80/?page=shop.flypage&product_id=3373&category_id=1&option=com_phpshop,20080209131631,skip
http://www.press.sk:80/?page=shop.flypage&product_id=3373&category_id=1&option=com_phpshop,https://web.archive.org/web/20080409205148/http://www.press.sk:80/?page=shop.flypage&product_id=3373&category_id=1&option=com_phpshop,20080409205148,skip
http://www.press.sk:80/?page=shop.flypage&product_id=3373&category_id=1&option=com_phpshop,https://web.archive.org/web/20080609001719/http://www.press.sk:80/?page=shop.flypage&product_id=3373&category_id=1&option=com_phpshop,20080609001719,skip
http://press.sk:80/?page=shop.flypage&product_id=3374&category_id=1&option=com_phpshop,https://web.archive.org/web/20071011085904/http://press.sk:80/?page=shop.flypage&product_id=3374&category_id=1&option=com_phpshop,20071011085904,skip
http://www.press.sk:80/?page=shop.flypage&product_id=3374&category_id=1&option=com_phpshop,https://web.archive.org/web/20071211032957/http://www.press.sk:80/?page=shop.flypage&product_id=3374&category_id=1&option=com_phpshop,20071211032957,skip
http://www.press.sk:80/?page=shop.flypage&product_id=3374&category_id=1&option=com_phpshop,https://web.archive.org/web/20080209131632/http://www.press.sk:80/?page=shop.flypage&product_id=3374&category_id=1&option=com_phpshop,20080209131632,skip
http://www.press.sk:80/?page=shop.flypage&product_id=3374&category_id=1&option=com_phpshop,https://web.archive.org/web/20080409205152/http://www.press.sk:80/?page=shop.flypage&product_id=3374&category_id=1&option=com_phpshop,20080409205152,skip
http://www.press.sk:80/?page=shop.flypage&product_id=3374&category_id=1&option=com_phpshop,https://web.archive.org/web/20080609001723/http://www.press.sk:80/?page=shop.flypage&product_id=3374&category_id=1&option=com_phpshop,20080609001723,skip
http://press.sk:80/?page=shop.flypage&product_id=3386&category_id=1&option=com_phpshop,https://web.archive.org/web/20071011095611/http://press.sk:80/?page=shop.flypage&product_id=3386&category_id=1&option=com_phpshop,20071011095611,skip
http://www.press.sk:80/?page=shop.flypage&product_id=3386&category_id=1&option=com_phpshop,https://web.archive.org/web/20071211033002/http://www.press.sk:80/?page=shop.flypage&product_id=3386&category_id=1&option=com_phpshop,20071211033002,skip
http://www.press.sk:80/?page=shop.flypage&product_id=3386&category_id=1&option=com_phpshop,https://web.archive.org/web/20080209131638/http://www.press.sk:80/?page=shop.flypage&product_id=3386&category_id=1&option=com_phpshop,20080209131638,skip
http://www.press.sk:80/?page=shop.flypage&product_id=3386&category_id=1&option=com_phpshop,https://web.archive.org/web/20080409205158/http://www.press.sk:80/?page=shop.flypage&product_id=3386&category_id=1&option=com_phpshop,20080409205158,skip
http://www.press.sk:80/?page=shop.flypage&product_id=3386&category_id=1&option=com_phpshop,https://web.archive.org/web/20080609001729/http://www.press.sk:80/?page=shop.flypage&product_id=3386&category_id=1&option=com_phpshop,20080609001729,skip
http://press.sk:80/?page=shop.flypage&product_id=3426&category_id=1&option=com_phpshop,https://web.archive.org/web/20071011080431/http://press.sk:80/?page=shop.flypage&product_id=3426&category_id=1&option=com_phpshop,20071011080431,skip
http://www.press.sk:80/?page=shop.flypage&product_id=3426&category_id=1&option=com_phpshop,https://web.archive.org/web/20071210203327/http://www.press.sk:80/?page=shop.flypage&product_id=3426&category_id=1&option=com_phpshop,20071210203327,skip
http://www.press.sk:80/?page=shop.flypage&product_id=3426&category_id=1&option=com_phpshop,https://web.archive.org/web/20080209060231/http://www.press.sk:80/?page=shop.flypage&product_id=3426&category_id=1&option=com_phpshop,20080209060231,skip
http://www.press.sk:80/?page=shop.flypage&product_id=3426&category_id=1&option=com_phpshop,https://web.archive.org/web/20080409140606/http://www.press.sk:80/?page=shop.flypage&product_id=3426&category_id=1&option=com_phpshop,20080409140606,skip
http://www.press.sk:80/?page=shop.flypage&product_id=3426&category_id=1&option=com_phpshop,https://web.archive.org/web/20080609001734/http://www.press.sk:80/?page=shop.flypage&product_id=3426&category_id=1&option=com_phpshop,20080609001734,skip
http://press.sk:80/?page=shop.browse&root=10&category_id=101&option=com_phpshop,https://web.archive.org/web/20071011090023/http://press.sk:80/?page=shop.browse&root=10&category_id=101&option=com_phpshop,20071011090023,skip
http://www.press.sk:80/?page=shop.browse&root=10&category_id=101&option=com_phpshop,https://web.archive.org/web/20071211011036/http://www.press.sk:80/?page=shop.browse&root=10&category_id=101&option=com_phpshop,20071211011036,skip
http://www.press.sk:80/?page=shop.browse&root=10&category_id=101&option=com_phpshop,https://web.archive.org/web/20080210061133/http://www.press.sk:80/?page=shop.browse&root=10&category_id=101&option=com_phpshop,20080210061133,skip
http://www.press.sk:80/?page=shop.browse&root=10&category_id=101&option=com_phpshop,https://web.archive.org/web/20080211120405/http://www.press.sk:80/?page=shop.browse&root=10&category_id=101&option=com_phpshop,20080211120405,skip
http://www.press.sk:80/?page=shop.browse&root=10&category_id=101&option=com_phpshop,https://web.archive.org/web/20080419114127/http://www.press.sk:80/?page=shop.browse&root=10&category_id=101&option=com_phpshop,20080419114127,skip
http://www.press.sk:80/?page=shop.browse&root=10&category_id=101&option=com_phpshop,https://web.archive.org/web/20080618164814/http://www.press.sk:80/?page=shop.browse&root=10&category_id=101&option=com_phpshop,20080618164814,skip
http://www.press.sk:80/?page=shop.browse&root=10&category_id=101&option=com_phpshop,https://web.archive.org/web/20081012224849/http://www.press.sk:80/?page=shop.browse&root=10&category_id=101&option=com_phpshop,20081012224849,skip
http://www.press.sk:80/?page=shop.browse&root=103&category_id=104&option=com_phpshop,https://web.archive.org/web/20081010181233/http://www.press.sk:80/?page=shop.browse&root=103&category_id=104&option=com_phpshop,20081010181233,skip
http://www.press.sk:80/?page=shop.browse&root=103&category_id=105&option=com_phpshop,https://web.archive.org/web/20081010181237/http://www.press.sk:80/?page=shop.browse&root=103&category_id=105&option=com_phpshop,20081010181237,skip
http://www.press.sk:80/?page=shop.browse&root=103&category_id=106&option=com_phpshop,https://web.archive.org/web/20081010181243/http://www.press.sk:80/?page=shop.browse&root=103&category_id=106&option=com_phpshop,20081010181243,skip
http://www.press.sk:80/?page=shop.browse&root=103&category_id=107&option=com_phpshop,https://web.archive.org/web/20081010181247/http://www.press.sk:80/?page=shop.browse&root=103&category_id=107&option=com_phpshop,20081010181247,skip
http://www.press.sk:80/?page=shop.browse&offset=20&category_id=108&keyword=&manufacturer_id=&option=com_phpshop,https://web.archive.org/web/20071124015143/http://www.press.sk:80/?page=shop.browse&offset=20&category_id=108&keyword=&manufacturer_id=&option=com_phpshop,20071124015143,skip
http://www.press.sk:80/?page=shop.flypage&product_id=1052&category_id=108&option=com_phpshop,https://web.archive.org/web/20071124004348/http://www.press.sk:80/?page=shop.flypage&product_id=1052&category_id=108&option=com_phpshop,20071124004348,skip
http://www.press.sk:80/?page=shop.flypage&product_id=1056&category_id=108&option=com_phpshop,https://web.archive.org/web/20071124004352/http://www.press.sk:80/?page=shop.flypage&product_id=1056&category_id=108&option=com_phpshop,20071124004352,skip
http://www.press.sk:80/?page=shop.flypage&product_id=1106&category_id=108&option=com_phpshop,https://web.archive.org/web/20071124004358/http://www.press.sk:80/?page=shop.flypage&product_id=1106&category_id=108&option=com_phpshop,20071124004358,skip
http://www.press.sk:80/?page=shop.flypage&product_id=1389&category_id=108&option=com_phpshop,https://web.archive.org/web/20071124004403/http://www.press.sk:80/?page=shop.flypage&product_id=1389&category_id=108&option=com_phpshop,20071124004403,skip
http://www.press.sk:80/?page=shop.flypage&product_id=1557&category_id=108&option=com_phpshop,https://web.archive.org/web/20071124004408/http://www.press.sk:80/?page=shop.flypage&product_id=1557&category_id=108&option=com_phpshop,20071124004408,skip
http://www.press.sk:80/?page=shop.flypage&product_id=1582&category_id=108&option=com_phpshop,https://web.archive.org/web/20071124004413/http://www.press.sk:80/?page=shop.flypage&product_id=1582&category_id=108&option=com_phpshop,20071124004413,skip
http://www.press.sk:80/?page=shop.flypage&product_id=1608&category_id=108&option=com_phpshop,https://web.archive.org/web/20071124004418/http://www.press.sk:80/?page=shop.flypage&product_id=1608&category_id=108&option=com_phpshop,20071124004418,skip
http://www.press.sk:80/?page=shop.flypage&product_id=1729&category_id=108&option=com_phpshop,https://web.archive.org/web/20071124004424/http://www.press.sk:80/?page=shop.flypage&product_id=1729&category_id=108&option=com_phpshop,20071124004424,skip
http://www.press.sk:80/?page=shop.flypage&product_id=1886&category_id=108&option=com_phpshop,https://web.archive.org/web/20071124004428/http://www.press.sk:80/?page=shop.flypage&product_id=1886&category_id=108&option=com_phpshop,20071124004428,skip
http://www.press.sk:80/?page=shop.flypage&product_id=1924&category_id=108&option=com_phpshop,https://web.archive.org/web/20071124004433/http://www.press.sk:80/?page=shop.flypage&product_id=1924&category_id=108&option=com_phpshop,20071124004433,skip
http://www.press.sk:80/?page=shop.flypage&product_id=2550&category_id=108&option=com_phpshop,https://web.archive.org/web/20071124004439/http://www.press.sk:80/?page=shop.flypage&product_id=2550&category_id=108&option=com_phpshop,20071124004439,skip
http://www.press.sk:80/?page=shop.flypage&product_id=2861&category_id=108&option=com_phpshop,https://web.archive.org/web/20071124004444/http://www.press.sk:80/?page=shop.flypage&product_id=2861&category_id=108&option=com_phpshop,20071124004444,skip
http://www.press.sk:80/?page=shop.flypage&product_id=2872&category_id=108&option=com_phpshop,https://web.archive.org/web/20071124004449/http://www.press.sk:80/?page=shop.flypage&product_id=2872&category_id=108&option=com_phpshop,20071124004449,skip
http://www.press.sk:80/?page=shop.flypage&product_id=3093&category_id=108&option=com_phpshop,https://web.archive.org/web/20071124004454/http://www.press.sk:80/?page=shop.flypage&product_id=3093&category_id=108&option=com_phpshop,20071124004454,skip
http://www.press.sk:80/?page=shop.flypage&product_id=3152&category_id=108&option=com_phpshop,https://web.archive.org/web/20071124004459/http://www.press.sk:80/?page=shop.flypage&product_id=3152&category_id=108&option=com_phpshop,20071124004459,skip
http://www.press.sk:80/?page=shop.flypage&product_id=3211&category_id=108&option=com_phpshop,https://web.archive.org/web/20071124004504/http://www.press.sk:80/?page=shop.flypage&product_id=3211&category_id=108&option=com_phpshop,20071124004504,skip
http://www.press.sk:80/?page=shop.flypage&product_id=3420&category_id=108&option=com_phpshop,https://web.archive.org/web/20071124004509/http://www.press.sk:80/?page=shop.flypage&product_id=3420&category_id=108&option=com_phpshop,20071124004509,skip
http://www.press.sk:80/?page=shop.flypage&product_id=3443&category_id=108&option=com_phpshop,https://web.archive.org/web/20071124004514/http://www.press.sk:80/?page=shop.flypage&product_id=3443&category_id=108&option=com_phpshop,20071124004514,skip
http://www.press.sk:80/?page=shop.flypage&product_id=3523&category_id=108&option=com_phpshop,https://web.archive.org/web/20071124004519/http://www.press.sk:80/?page=shop.flypage&product_id=3523&category_id=108&option=com_phpshop,20071124004519,skip
http://www.press.sk:80/?page=shop.flypage&product_id=888&category_id=108&option=com_phpshop,https://web.archive.org/web/20071124004525/http://www.press.sk:80/?page=shop.flypage&product_id=888&category_id=108&option=com_phpshop,20071124004525,skip
http://press.sk:80/?page=shop.browse&root=10&category_id=112&option=com_phpshop,https://web.archive.org/web/20071011085502/http://press.sk:80/?page=shop.browse&root=10&category_id=112&option=com_phpshop,20071011085502,skip
http://www.press.sk:80/?page=shop.browse&root=10&category_id=112&option=com_phpshop,https://web.archive.org/web/20071211011041/http://www.press.sk:80/?page=shop.browse&root=10&category_id=112&option=com_phpshop,20071211011041,skip
http://www.press.sk:80/?page=shop.browse&root=10&category_id=112&option=com_phpshop,https://web.archive.org/web/20080210061137/http://www.press.sk:80/?page=shop.browse&root=10&category_id=112&option=com_phpshop,20080210061137,skip
http://www.press.sk:80/?page=shop.browse&root=10&category_id=112&option=com_phpshop,https://web.archive.org/web/20080211120410/http://www.press.sk:80/?page=shop.browse&root=10&category_id=112&option=com_phpshop,20080211120410,skip
http://www.press.sk:80/?page=shop.browse&root=10&category_id=112&option=com_phpshop,https://web.archive.org/web/20080419082418/http://www.press.sk:80/?page=shop.browse&root=10&category_id=112&option=com_phpshop,20080419082418,skip
http://www.press.sk:80/?page=shop.browse&root=10&category_id=112&option=com_phpshop,https://web.archive.org/web/20080618164819/http://www.press.sk:80/?page=shop.browse&root=10&category_id=112&option=com_phpshop,20080618164819,skip
http://www.press.sk:80/?page=shop.browse&root=10&category_id=112&option=com_phpshop,https://web.archive.org/web/20081012224854/http://www.press.sk:80/?page=shop.browse&root=10&category_id=112&option=com_phpshop,20081012224854,skip
http://www.press.sk:80/?page=shop.flypage&product_id=2333&category_id=113&option=com_phpshop,https://web.archive.org/web/20071028143119/http://www.press.sk:80/?page=shop.flypage&product_id=2333&category_id=113&option=com_phpshop,20071028143119,skip
http://www.press.sk:80/?page=shop.flypage&product_id=2333&category_id=113&option=com_phpshop,https://web.archive.org/web/20080501153656/http://www.press.sk:80/?page=shop.flypage&product_id=2333&category_id=113&option=com_phpshop,20080501153656,skip
http://www.press.sk:80/?page=shop.flypage&product_id=2334&category_id=113&option=com_phpshop,https://web.archive.org/web/20071028143124/http://www.press.sk:80/?page=shop.flypage&product_id=2334&category_id=113&option=com_phpshop,20071028143124,skip
http://www.press.sk:80/?page=shop.flypage&product_id=2334&category_id=113&option=com_phpshop,https://web.archive.org/web/20080501153701/http://www.press.sk:80/?page=shop.flypage&product_id=2334&category_id=113&option=com_phpshop,20080501153701,skip
http://www.press.sk:80/?page=shop.flypage&product_id=3767&category_id=113&option=com_phpshop,https://web.archive.org/web/20080501153707/http://www.press.sk:80/?page=shop.flypage&product_id=3767&category_id=113&option=com_phpshop,20080501153707,skip
http://www.press.sk:80/?page=shop.flypage&product_id=3887&category_id=113&option=com_phpshop,https://web.archive.org/web/20080501153711/http://www.press.sk:80/?page=shop.flypage&product_id=3887&category_id=113&option=com_phpshop,20080501153711,skip
http://www.press.sk:80/?page=shop.flypage&product_id=3888&category_id=113&option=com_phpshop,https://web.archive.org/web/20080501153716/http://www.press.sk:80/?page=shop.flypage&product_id=3888&category_id=113&option=com_phpshop,20080501153716,skip
http://www.press.sk:80/?page=shop.flypage&product_id=3889&category_id=113&option=com_phpshop,https://web.archive.org/web/20080501153721/http://www.press.sk:80/?page=shop.flypage&product_id=3889&category_id=113&option=com_phpshop,20080501153721,skip
http://www.press.sk:80/?page=shop.flypage&product_id=3890&category_id=113&option=com_phpshop,https://web.archive.org/web/20080501153729/http://www.press.sk:80/?page=shop.flypage&product_id=3890&category_id=113&option=com_phpshop,20080501153729,skip
http://www.press.sk:80/?page=shop.flypage&product_id=3892&category_id=113&option=com_phpshop,https://web.archive.org/web/20080501153732/http://www.press.sk:80/?page=shop.flypage&product_id=3892&category_id=113&option=com_phpshop,20080501153732,skip
http://www.press.sk:80/?page=shop.flypage&product_id=3893&category_id=113&option=com_phpshop,https://web.archive.org/web/20080501153737/http://www.press.sk:80/?page=shop.flypage&product_id=3893&category_id=113&option=com_phpshop,20080501153737,skip
http://www.press.sk:80/?page=shop.flypage&product_id=3894&category_id=113&option=com_phpshop,https://web.archive.org/web/20080501153741/http://www.press.sk:80/?page=shop.flypage&product_id=3894&category_id=113&option=com_phpshop,20080501153741,skip
http://www.press.sk:80/?page=shop.flypage&product_id=3914&category_id=113&option=com_phpshop,https://web.archive.org/web/20080501153747/http://www.press.sk:80/?page=shop.flypage&product_id=3914&category_id=113&option=com_phpshop,20080501153747,skip
http://www.press.sk:80/?page=shop.flypage&product_id=3915&category_id=113&option=com_phpshop,https://web.archive.org/web/20080501153752/http://www.press.sk:80/?page=shop.flypage&product_id=3915&category_id=113&option=com_phpshop,20080501153752,skip
http://www.press.sk:80/?page=shop.flypage&product_id=3916&category_id=113&option=com_phpshop,https://web.archive.org/web/20080501153757/http://www.press.sk:80/?page=shop.flypage&product_id=3916&category_id=113&option=com_phpshop,20080501153757,skip
http://www.press.sk:80/?page=shop.flypage&product_id=3951&category_id=113&option=com_phpshop,https://web.archive.org/web/20080501153802/http://www.press.sk:80/?page=shop.flypage&product_id=3951&category_id=113&option=com_phpshop,20080501153802,skip
http://www.press.sk:80/?page=shop.flypage&product_id=3952&category_id=113&option=com_phpshop,https://web.archive.org/web/20080501153807/http://www.press.sk:80/?page=shop.flypage&product_id=3952&category_id=113&option=com_phpshop,20080501153807,skip
http://www.press.sk:80/?page=shop.flypage&product_id=3953&category_id=113&option=com_phpshop,https://web.archive.org/web/20080501153812/http://www.press.sk:80/?page=shop.flypage&product_id=3953&category_id=113&option=com_phpshop,20080501153812,skip
http://www.press.sk:80/?page=shop.flypage&product_id=3954&category_id=113&option=com_phpshop,https://web.archive.org/web/20080501153817/http://www.press.sk:80/?page=shop.flypage&product_id=3954&category_id=113&option=com_phpshop,20080501153817,skip
http://www.press.sk:80/?page=shop.flypage&product_id=3971&category_id=113&option=com_phpshop,https://web.archive.org/web/20080614052558/http://www.press.sk:80/?page=shop.flypage&product_id=3971&category_id=113&option=com_phpshop,20080614052558,skip
http://www.press.sk:80/?page=shop.flypage&product_id=3972&category_id=113&option=com_phpshop,https://web.archive.org/web/20080614052600/http://www.press.sk:80/?page=shop.flypage&product_id=3972&category_id=113&option=com_phpshop,20080614052600,skip
http://www.press.sk:80/?page=shop.flypage&product_id=3973&category_id=113&option=com_phpshop,https://web.archive.org/web/20080614052606/http://www.press.sk:80/?page=shop.flypage&product_id=3973&category_id=113&option=com_phpshop,20080614052606,skip
http://www.press.sk:80/?page=shop.flypage&product_id=956&category_id=113&option=com_phpshop,https://web.archive.org/web/20071028143129/http://www.press.sk:80/?page=shop.flypage&product_id=956&category_id=113&option=com_phpshop,20071028143129,skip
http://press.sk:80/?page=shop.browse&root=10&category_id=115&option=com_phpshop,https://web.archive.org/web/20071011081023/http://press.sk:80/?page=shop.browse&root=10&category_id=115&option=com_phpshop,20071011081023,skip
http://www.press.sk:80/?page=shop.browse&root=10&category_id=115&option=com_phpshop,https://web.archive.org/web/20071210175356/http://www.press.sk:80/?page=shop.browse&root=10&category_id=115&option=com_phpshop,20071210175356,skip
http://www.press.sk:80/?page=shop.browse&root=10&category_id=115&option=com_phpshop,https://web.archive.org/web/20080210061143/http://www.press.sk:80/?page=shop.browse&root=10&category_id=115&option=com_phpshop,20080210061143,skip
http://www.press.sk:80/?page=shop.browse&root=10&category_id=115&option=com_phpshop,https://web.archive.org/web/20080211120415/http://www.press.sk:80/?page=shop.browse&root=10&category_id=115&option=com_phpshop,20080211120415,skip
http://www.press.sk:80/?page=shop.browse&root=10&category_id=115&option=com_phpshop,https://web.archive.org/web/20080419115502/http://www.press.sk:80/?page=shop.browse&root=10&category_id=115&option=com_phpshop,20080419115502,skip
http://www.press.sk:80/?page=shop.browse&root=10&category_id=115&option=com_phpshop,https://web.archive.org/web/20080618164824/http://www.press.sk:80/?page=shop.browse&root=10&category_id=115&option=com_phpshop,20080618164824,skip
http://www.press.sk:80/?page=shop.browse&root=10&category_id=115&option=com_phpshop,https://web.archive.org/web/20081012224859/http://www.press.sk:80/?page=shop.browse&root=10&category_id=115&option=com_phpshop,20081012224859,skip
http://www.press.sk:80/?page=shop.flypage&product_id=2705&category_id=116&option=com_phpshop,https://web.archive.org/web/20070830062332/http://www.press.sk:80/?page=shop.flypage&product_id=2705&category_id=116&option=com_phpshop,20070830062332,skip
http://www.press.sk:80/?page=shop.flypage&product_id=2706&category_id=116&option=com_phpshop,https://web.archive.org/web/20070830014338/http://www.press.sk:80/?page=shop.flypage&product_id=2706&category_id=116&option=com_phpshop,20070830014338,skip
http://www.press.sk:80/?page=shop.flypage&product_id=2707&category_id=116&option=com_phpshop,https://web.archive.org/web/20070830062129/http://www.press.sk:80/?page=shop.flypage&product_id=2707&category_id=116&option=com_phpshop,20070830062129,skip
http://press.sk:80/?page=shop.browse&root=1&category_id=120&option=com_phpshop,https://web.archive.org/web/20071011085451/http://press.sk:80/?page=shop.browse&root=1&category_id=120&option=com_phpshop,20071011085451,skip
http://www.press.sk:80/?page=shop.browse&root=1&category_id=120&option=com_phpshop,https://web.archive.org/web/20071211063402/http://www.press.sk:80/?page=shop.browse&root=1&category_id=120&option=com_phpshop,20071211063402,skip
http://www.press.sk:80/?page=shop.browse&root=1&category_id=120&option=com_phpshop,https://web.archive.org/web/20080209171610/http://www.press.sk:80/?page=shop.browse&root=1&category_id=120&option=com_phpshop,20080209171610,skip
http://www.press.sk:80/?page=shop.browse&root=1&category_id=120&option=com_phpshop,https://web.archive.org/web/20080410091420/http://www.press.sk:80/?page=shop.browse&root=1&category_id=120&option=com_phpshop,20080410091420,skip
http://www.press.sk:80/?page=shop.browse&root=1&category_id=120&option=com_phpshop,https://web.archive.org/web/20080609165311/http://www.press.sk:80/?page=shop.browse&root=1&category_id=120&option=com_phpshop,20080609165311,skip
http://press.sk:80/?page=shop.browse&root=10&category_id=121&option=com_phpshop,https://web.archive.org/web/20071011081326/http://press.sk:80/?page=shop.browse&root=10&category_id=121&option=com_phpshop,20071011081326,skip
http://www.press.sk:80/?page=shop.browse&root=10&category_id=121&option=com_phpshop,https://web.archive.org/web/20071210175402/http://www.press.sk:80/?page=shop.browse&root=10&category_id=121&option=com_phpshop,20071210175402,skip
http://www.press.sk:80/?page=shop.browse&root=10&category_id=121&option=com_phpshop,https://web.archive.org/web/20080210060602/http://www.press.sk:80/?page=shop.browse&root=10&category_id=121&option=com_phpshop,20080210060602,skip
http://www.press.sk:80/?page=shop.browse&root=10&category_id=121&option=com_phpshop,https://web.archive.org/web/20080211120421/http://www.press.sk:80/?page=shop.browse&root=10&category_id=121&option=com_phpshop,20080211120421,skip
http://www.press.sk:80/?page=shop.browse&root=10&category_id=121&option=com_phpshop,https://web.archive.org/web/20080419115107/http://www.press.sk:80/?page=shop.browse&root=10&category_id=121&option=com_phpshop,20080419115107,skip
http://www.press.sk:80/?page=shop.browse&root=10&category_id=121&option=com_phpshop,https://web.archive.org/web/20080618164828/http://www.press.sk:80/?page=shop.browse&root=10&category_id=121&option=com_phpshop,20080618164828,skip
http://www.press.sk:80/?page=shop.browse&root=10&category_id=121&option=com_phpshop,https://web.archive.org/web/20081012224904/http://www.press.sk:80/?page=shop.browse&root=10&category_id=121&option=com_phpshop,20081012224904,skip
http://www.press.sk:80/?page=shop.browse&offset=20&category_id=122&keyword=&manufacturer_id=&option=com_phpshop,https://web.archive.org/web/20071226103130/http://www.press.sk:80/?page=shop.browse&offset=20&category_id=122&keyword=&manufacturer_id=&option=com_phpshop,20071226103130,skip
http://www.press.sk:80/?page=shop.flypage&product_id=3410&category_id=122&option=com_phpshop,https://web.archive.org/web/20071226052056/http://www.press.sk:80/?page=shop.flypage&product_id=3410&category_id=122&option=com_phpshop,20071226052056,skip
http://www.press.sk:80/?page=shop.flypage&product_id=3413&category_id=122&option=com_phpshop,https://web.archive.org/web/20071226052102/http://www.press.sk:80/?page=shop.flypage&product_id=3413&category_id=122&option=com_phpshop,20071226052102,skip
http://www.press.sk:80/?page=shop.flypage&product_id=3416&category_id=122&option=com_phpshop,https://web.archive.org/web/20071226052106/http://www.press.sk:80/?page=shop.flypage&product_id=3416&category_id=122&option=com_phpshop,20071226052106,skip
http://www.press.sk:80/?page=shop.flypage&product_id=3460&category_id=122&option=com_phpshop,https://web.archive.org/web/20071226052111/http://www.press.sk:80/?page=shop.flypage&product_id=3460&category_id=122&option=com_phpshop,20071226052111,skip
http://www.press.sk:80/?page=shop.flypage&product_id=3461&category_id=122&option=com_phpshop,https://web.archive.org/web/20071226052116/http://www.press.sk:80/?page=shop.flypage&product_id=3461&category_id=122&option=com_phpshop,20071226052116,skip
http://www.press.sk:80/?page=shop.flypage&product_id=3468&category_id=122&option=com_phpshop,https://web.archive.org/web/20071226052121/http://www.press.sk:80/?page=shop.flypage&product_id=3468&category_id=122&option=com_phpshop,20071226052121,skip
http://www.press.sk:80/?page=shop.flypage&product_id=3469&category_id=122&option=com_phpshop,https://web.archive.org/web/20071226052126/http://www.press.sk:80/?page=shop.flypage&product_id=3469&category_id=122&option=com_phpshop,20071226052126,skip
http://www.press.sk:80/?page=shop.flypage&product_id=3471&category_id=122&option=com_phpshop,https://web.archive.org/web/20071226052131/http://www.press.sk:80/?page=shop.flypage&product_id=3471&category_id=122&option=com_phpshop,20071226052131,skip
http://www.press.sk:80/?page=shop.flypage&product_id=3472&category_id=122&option=com_phpshop,https://web.archive.org/web/20071226052140/http://www.press.sk:80/?page=shop.flypage&product_id=3472&category_id=122&option=com_phpshop,20071226052140,skip
http://www.press.sk:80/?page=shop.flypage&product_id=3475&category_id=122&option=com_phpshop,https://web.archive.org/web/20071226052145/http://www.press.sk:80/?page=shop.flypage&product_id=3475&category_id=122&option=com_phpshop,20071226052145,skip
http://www.press.sk:80/?page=shop.flypage&product_id=3476&category_id=122&option=com_phpshop,https://web.archive.org/web/20071226052150/http://www.press.sk:80/?page=shop.flypage&product_id=3476&category_id=122&option=com_phpshop,20071226052150,skip
http://www.press.sk:80/?page=shop.flypage&product_id=3487&category_id=122&option=com_phpshop,https://web.archive.org/web/20071226052155/http://www.press.sk:80/?page=shop.flypage&product_id=3487&category_id=122&option=com_phpshop,20071226052155,skip
http://www.press.sk:80/?page=shop.flypage&product_id=3488&category_id=122&option=com_phpshop,https://web.archive.org/web/20071226052200/http://www.press.sk:80/?page=shop.flypage&product_id=3488&category_id=122&option=com_phpshop,20071226052200,skip
http://www.press.sk:80/?page=shop.flypage&product_id=3493&category_id=122&option=com_phpshop,https://web.archive.org/web/20071226052205/http://www.press.sk:80/?page=shop.flypage&product_id=3493&category_id=122&option=com_phpshop,20071226052205,skip
http://www.press.sk:80/?page=shop.flypage&product_id=3497&category_id=122&option=com_phpshop,https://web.archive.org/web/20071226052210/http://www.press.sk:80/?page=shop.flypage&product_id=3497&category_id=122&option=com_phpshop,20071226052210,skip
http://www.press.sk:80/?page=shop.flypage&product_id=3500&category_id=122&option=com_phpshop,https://web.archive.org/web/20071226052215/http://www.press.sk:80/?page=shop.flypage&product_id=3500&category_id=122&option=com_phpshop,20071226052215,skip
http://www.press.sk:80/?page=shop.flypage&product_id=3503&category_id=122&option=com_phpshop,https://web.archive.org/web/20071226052220/http://www.press.sk:80/?page=shop.flypage&product_id=3503&category_id=122&option=com_phpshop,20071226052220,skip
http://www.press.sk:80/?page=shop.flypage&product_id=3506&category_id=122&option=com_phpshop,https://web.archive.org/web/20071226052225/http://www.press.sk:80/?page=shop.flypage&product_id=3506&category_id=122&option=com_phpshop,20071226052225,skip
http://www.press.sk:80/?page=shop.flypage&product_id=3682&category_id=122&option=com_phpshop,https://web.archive.org/web/20071226052242/http://www.press.sk:80/?page=shop.flypage&product_id=3682&category_id=122&option=com_phpshop,20071226052242,skip
http://www.press.sk:80/?page=shop.flypage&product_id=3724&category_id=122&option=com_phpshop,https://web.archive.org/web/20071226052256/http://www.press.sk:80/?page=shop.flypage&product_id=3724&category_id=122&option=com_phpshop,20071226052256,skip
http://www.press.sk:80/?page=shop.browse&root=1&category_id=20&option=com_phpshop,https://web.archive.org/web/20051029062153/http://www.press.sk:80/?page=shop.browse&root=1&category_id=20&option=com_phpshop,20051029062153,skip
http://press.sk:80/?page=shop.browse&root=1&category_id=20&option=com_phpshop,https://web.archive.org/web/20071011084615/http://press.sk:80/?page=shop.browse&root=1&category_id=20&option=com_phpshop,20071011084615,skip
http://www.press.sk:80/?page=shop.browse&root=1&category_id=20&option=com_phpshop,https://web.archive.org/web/20071211065227/http://www.press.sk:80/?page=shop.browse&root=1&category_id=20&option=com_phpshop,20071211065227,skip
http://www.press.sk:80/?page=shop.browse&root=1&category_id=20&option=com_phpshop,https://web.archive.org/web/20080209171622/http://www.press.sk:80/?page=shop.browse&root=1&category_id=20&option=com_phpshop,20080209171622,skip
http://www.press.sk:80/?page=shop.browse&root=1&category_id=20&option=com_phpshop,https://web.archive.org/web/20080410091424/http://www.press.sk:80/?page=shop.browse&root=1&category_id=20&option=com_phpshop,20080410091424,skip
http://www.press.sk:80/?page=shop.browse&root=1&category_id=20&option=com_phpshop,https://web.archive.org/web/20080609165317/http://www.press.sk:80/?page=shop.browse&root=1&category_id=20&option=com_phpshop,20080609165317,skip
http://www.press.sk:80/?page=shop.browse&root=1&category_id=29&option=com_phpshop,https://web.archive.org/web/20051029062233/http://www.press.sk:80/?page=shop.browse&root=1&category_id=29&option=com_phpshop,20051029062233,skip
http://press.sk:80/?page=shop.browse&root=1&category_id=29&option=com_phpshop,https://web.archive.org/web/20071011085854/http://press.sk:80/?page=shop.browse&root=1&category_id=29&option=com_phpshop,20071011085854,skip
http://www.press.sk:80/?page=shop.browse&root=1&category_id=29&option=com_phpshop,https://web.archive.org/web/20071211063407/http://www.press.sk:80/?page=shop.browse&root=1&category_id=29&option=com_phpshop,20071211063407,skip
http://www.press.sk:80/?page=shop.browse&root=1&category_id=29&option=com_phpshop,https://web.archive.org/web/20080209171625/http://www.press.sk:80/?page=shop.browse&root=1&category_id=29&option=com_phpshop,20080209171625,skip
http://www.press.sk:80/?page=shop.browse&root=1&category_id=29&option=com_phpshop,https://web.archive.org/web/20080410091429/http://www.press.sk:80/?page=shop.browse&root=1&category_id=29&option=com_phpshop,20080410091429,skip
http://www.press.sk:80/?page=shop.browse&root=1&category_id=29&option=com_phpshop,https://web.archive.org/web/20080609165322/http://www.press.sk:80/?page=shop.browse&root=1&category_id=29&option=com_phpshop,20080609165322,skip
http://www.press.sk:80/?page=shop.browse&root=1&category_id=3&option=com_phpshop,https://web.archive.org/web/20051029055750/http://www.press.sk:80/?page=shop.browse&root=1&category_id=3&option=com_phpshop,20051029055750,skip
http://press.sk:80/?page=shop.browse&root=1&category_id=3&option=com_phpshop,https://web.archive.org/web/20071011085330/http://press.sk:80/?page=shop.browse&root=1&category_id=3&option=com_phpshop,20071011085330,skip
http://www.press.sk:80/?page=shop.browse&root=1&category_id=3&option=com_phpshop,https://web.archive.org/web/20071211065232/http://www.press.sk:80/?page=shop.browse&root=1&category_id=3&option=com_phpshop,20071211065232,skip
http://www.press.sk:80/?page=shop.browse&root=1&category_id=3&option=com_phpshop,https://web.archive.org/web/20080209171630/http://www.press.sk:80/?page=shop.browse&root=1&category_id=3&option=com_phpshop,20080209171630,skip
http://www.press.sk:80/?page=shop.browse&root=1&category_id=3&option=com_phpshop,https://web.archive.org/web/20080410091435/http://www.press.sk:80/?page=shop.browse&root=1&category_id=3&option=com_phpshop,20080410091435,skip
http://www.press.sk:80/?page=shop.browse&root=1&category_id=3&option=com_phpshop,https://web.archive.org/web/20080609165328/http://www.press.sk:80/?page=shop.browse&root=1&category_id=3&option=com_phpshop,20080609165328,skip
http://www.press.sk:80/?page=shop.flypage&product_id=2331&category_id=35&option=com_phpshop,https://web.archive.org/web/20071225044035/http://www.press.sk:80/?page=shop.flypage&product_id=2331&category_id=35&option=com_phpshop,20071225044035,skip
http://www.press.sk:80/?page=shop.flypage&product_id=3355&category_id=35&option=com_phpshop,https://web.archive.org/web/20070830014304/http://www.press.sk:80/?page=shop.flypage&product_id=3355&category_id=35&option=com_phpshop,20070830014304,skip
http://www.press.sk:80/?page=shop.flypage&product_id=3355&category_id=35&option=com_phpshop,https://web.archive.org/web/20071225044039/http://www.press.sk:80/?page=shop.flypage&product_id=3355&category_id=35&option=com_phpshop,20071225044039,skip
http://www.press.sk:80/?page=shop.flypage&product_id=3356&category_id=35&option=com_phpshop,https://web.archive.org/web/20071225044044/http://www.press.sk:80/?page=shop.flypage&product_id=3356&category_id=35&option=com_phpshop,20071225044044,skip
http://www.press.sk:80/?page=shop.flypage&product_id=3357&category_id=35&option=com_phpshop,https://web.archive.org/web/20071225044051/http://www.press.sk:80/?page=shop.flypage&product_id=3357&category_id=35&option=com_phpshop,20071225044051,skip
http://www.press.sk:80/?page=shop.flypage&product_id=3401&category_id=35&option=com_phpshop,https://web.archive.org/web/20070830062429/http://www.press.sk:80/?page=shop.flypage&product_id=3401&category_id=35&option=com_phpshop,20070830062429,skip
http://www.press.sk:80/?page=shop.flypage&product_id=3401&category_id=35&option=com_phpshop,https://web.archive.org/web/20071225044056/http://www.press.sk:80/?page=shop.flypage&product_id=3401&category_id=35&option=com_phpshop,20071225044056,skip
http://www.press.sk:80/?page=shop.flypage&product_id=3758&category_id=35&option=com_phpshop,https://web.archive.org/web/20071225044101/http://www.press.sk:80/?page=shop.flypage&product_id=3758&category_id=35&option=com_phpshop,20071225044101,skip
http://www.press.sk:80/?page=shop.browse&root=1&category_id=4&option=com_phpshop,https://web.archive.org/web/20051029055830/http://www.press.sk:80/?page=shop.browse&root=1&category_id=4&option=com_phpshop,20051029055830,skip
http://press.sk:80/?page=shop.browse&root=1&category_id=4&option=com_phpshop,https://web.archive.org/web/20071011095534/http://press.sk:80/?page=shop.browse&root=1&category_id=4&option=com_phpshop,20071011095534,skip
http://www.press.sk:80/?page=shop.browse&root=1&category_id=4&option=com_phpshop,https://web.archive.org/web/20071211063740/http://www.press.sk:80/?page=shop.browse&root=1&category_id=4&option=com_phpshop,20071211063740,skip
http://www.press.sk:80/?page=shop.browse&root=1&category_id=4&option=com_phpshop,https://web.archive.org/web/20080209171634/http://www.press.sk:80/?page=shop.browse&root=1&category_id=4&option=com_phpshop,20080209171634,skip
http://www.press.sk:80/?page=shop.browse&root=1&category_id=4&option=com_phpshop,https://web.archive.org/web/20080410091440/http://www.press.sk:80/?page=shop.browse&root=1&category_id=4&option=com_phpshop,20080410091440,skip
http://www.press.sk:80/?page=shop.browse&root=1&category_id=4&option=com_phpshop,https://web.archive.org/web/20080609165333/http://www.press.sk:80/?page=shop.browse&root=1&category_id=4&option=com_phpshop,20080609165333,skip
http://www.press.sk:80/?page=shop.browse&root=1&category_id=5&option=com_phpshop,https://web.archive.org/web/20051029055855/http://www.press.sk:80/?page=shop.browse&root=1&category_id=5&option=com_phpshop,20051029055855,skip
http://press.sk:80/?page=shop.browse&root=1&category_id=5&option=com_phpshop,https://web.archive.org/web/20071011085456/http://press.sk:80/?page=shop.browse&root=1&category_id=5&option=com_phpshop,20071011085456,skip
http://www.press.sk:80/?page=shop.browse&root=1&category_id=5&option=com_phpshop,https://web.archive.org/web/20071211065237/http://www.press.sk:80/?page=shop.browse&root=1&category_id=5&option=com_phpshop,20071211065237,skip
http://www.press.sk:80/?page=shop.browse&root=1&category_id=5&option=com_phpshop,https://web.archive.org/web/20080209171640/http://www.press.sk:80/?page=shop.browse&root=1&category_id=5&option=com_phpshop,20080209171640,skip
http://www.press.sk:80/?page=shop.browse&root=1&category_id=5&option=com_phpshop,https://web.archive.org/web/20080410091446/http://www.press.sk:80/?page=shop.browse&root=1&category_id=5&option=com_phpshop,20080410091446,skip
http://www.press.sk:80/?page=shop.browse&root=1&category_id=5&option=com_phpshop,https://web.archive.org/web/20080609170356/http://www.press.sk:80/?page=shop.browse&root=1&category_id=5&option=com_phpshop,20080609170356,skip
http://www.press.sk:80/?page=shop.browse&offset=20&category_id=51&keyword=&manufacturer_id=&option=com_phpshop,https://web.archive.org/web/20080111165125/http://www.press.sk:80/?page=shop.browse&offset=20&category_id=51&keyword=&manufacturer_id=&option=com_phpshop,20080111165125,skip
http://www.press.sk:80/?page=shop.browse&offset=20&category_id=51&keyword=&manufacturer_id=&option=com_phpshop,https://web.archive.org/web/20080602113211/http://www.press.sk:80/?page=shop.browse&offset=20&category_id=51&keyword=&manufacturer_id=&option=com_phpshop,20080602113211,skip
http://press.sk:80/?page=shop.browse&root=10&category_id=51&option=com_phpshop,https://web.archive.org/web/20071011095540/http://press.sk:80/?page=shop.browse&root=10&category_id=51&option=com_phpshop,20071011095540,skip
http://www.press.sk:80/?page=shop.browse&root=10&category_id=51&option=com_phpshop,https://web.archive.org/web/20071211011046/http://www.press.sk:80/?page=shop.browse&root=10&category_id=51&option=com_phpshop,20071211011046,skip
http://www.press.sk:80/?page=shop.browse&root=10&category_id=51&option=com_phpshop,https://web.archive.org/web/20080210060607/http://www.press.sk:80/?page=shop.browse&root=10&category_id=51&option=com_phpshop,20080210060607,skip
http://www.press.sk:80/?page=shop.browse&root=10&category_id=51&option=com_phpshop,https://web.archive.org/web/20080211120427/http://www.press.sk:80/?page=shop.browse&root=10&category_id=51&option=com_phpshop,20080211120427,skip
http://www.press.sk:80/?page=shop.browse&root=10&category_id=51&option=com_phpshop,https://web.archive.org/web/20080419131043/http://www.press.sk:80/?page=shop.browse&root=10&category_id=51&option=com_phpshop,20080419131043,skip
http://www.press.sk:80/?page=shop.browse&root=10&category_id=51&option=com_phpshop,https://web.archive.org/web/20080618164834/http://www.press.sk:80/?page=shop.browse&root=10&category_id=51&option=com_phpshop,20080618164834,skip
http://www.press.sk:80/?page=shop.browse&root=10&category_id=51&option=com_phpshop,https://web.archive.org/web/20081012224909/http://www.press.sk:80/?page=shop.browse&root=10&category_id=51&option=com_phpshop,20081012224909,skip
http://press.sk:80/?page=shop.flypage&product_id=2759&category_id=51&option=com_phpshop,https://web.archive.org/web/20071011090032/http://press.sk:80/?page=shop.flypage&product_id=2759&category_id=51&option=com_phpshop,20071011090032,skip
http://www.press.sk:80/?page=shop.flypage&product_id=2759&category_id=51&option=com_phpshop,https://web.archive.org/web/20080111131741/http://www.press.sk:80/?page=shop.flypage&product_id=2759&category_id=51&option=com_phpshop,20080111131741,skip
http://www.press.sk:80/?page=shop.flypage&product_id=2759&category_id=51&option=com_phpshop,https://web.archive.org/web/20080602111604/http://www.press.sk:80/?page=shop.flypage&product_id=2759&category_id=51&option=com_phpshop,20080602111604,skip
http://press.sk:80/?page=shop.flypage&product_id=2761&category_id=51&option=com_phpshop,https://web.archive.org/web/20071011080426/http://press.sk:80/?page=shop.flypage&product_id=2761&category_id=51&option=com_phpshop,20071011080426,skip
http://www.press.sk:80/?page=shop.flypage&product_id=2761&category_id=51&option=com_phpshop,https://web.archive.org/web/20080111131745/http://www.press.sk:80/?page=shop.flypage&product_id=2761&category_id=51&option=com_phpshop,20080111131745,skip
http://www.press.sk:80/?page=shop.flypage&product_id=2761&category_id=51&option=com_phpshop,https://web.archive.org/web/20080602111607/http://www.press.sk:80/?page=shop.flypage&product_id=2761&category_id=51&option=com_phpshop,20080602111607,skip
http://press.sk:80/?page=shop.flypage&product_id=2763&category_id=51&option=com_phpshop,https://web.archive.org/web/20071011095549/http://press.sk:80/?page=shop.flypage&product_id=2763&category_id=51&option=com_phpshop,20071011095549,skip
http://www.press.sk:80/?page=shop.flypage&product_id=2763&category_id=51&option=com_phpshop,https://web.archive.org/web/20080111131753/http://www.press.sk:80/?page=shop.flypage&product_id=2763&category_id=51&option=com_phpshop,20080111131753,skip
http://www.press.sk:80/?page=shop.flypage&product_id=2763&category_id=51&option=com_phpshop,https://web.archive.org/web/20080602111617/http://www.press.sk:80/?page=shop.flypage&product_id=2763&category_id=51&option=com_phpshop,20080602111617,skip
http://press.sk:80/?page=shop.flypage&product_id=2764&category_id=51&option=com_phpshop,https://web.archive.org/web/20071011083652/http://press.sk:80/?page=shop.flypage&product_id=2764&category_id=51&option=com_phpshop,20071011083652,skip
http://www.press.sk:80/?page=shop.flypage&product_id=2764&category_id=51&option=com_phpshop,https://web.archive.org/web/20080111131800/http://www.press.sk:80/?page=shop.flypage&product_id=2764&category_id=51&option=com_phpshop,20080111131800,skip
http://www.press.sk:80/?page=shop.flypage&product_id=2764&category_id=51&option=com_phpshop,https://web.archive.org/web/20080602111620/http://www.press.sk:80/?page=shop.flypage&product_id=2764&category_id=51&option=com_phpshop,20080602111620,skip
http://press.sk:80/?page=shop.flypage&product_id=2777&category_id=51&option=com_phpshop,https://web.archive.org/web/20071011085507/http://press.sk:80/?page=shop.flypage&product_id=2777&category_id=51&option=com_phpshop,20071011085507,skip
http://www.press.sk:80/?page=shop.flypage&product_id=2777&category_id=51&option=com_phpshop,https://web.archive.org/web/20080111131806/http://www.press.sk:80/?page=shop.flypage&product_id=2777&category_id=51&option=com_phpshop,20080111131806,skip
http://www.press.sk:80/?page=shop.flypage&product_id=2777&category_id=51&option=com_phpshop,https://web.archive.org/web/20080602111623/http://www.press.sk:80/?page=shop.flypage&product_id=2777&category_id=51&option=com_phpshop,20080602111623,skip
http://press.sk:80/?page=shop.flypage&product_id=2778&category_id=51&option=com_phpshop,https://web.archive.org/web/20071011084621/http://press.sk:80/?page=shop.flypage&product_id=2778&category_id=51&option=com_phpshop,20071011084621,skip
http://press.sk:80/?page=shop.flypage&product_id=3200&category_id=51&option=com_phpshop,https://web.archive.org/web/20071011095555/http://press.sk:80/?page=shop.flypage&product_id=3200&category_id=51&option=com_phpshop,20071011095555,skip
http://www.press.sk:80/?page=shop.flypage&product_id=3200&category_id=51&option=com_phpshop,https://web.archive.org/web/20080111131808/http://www.press.sk:80/?page=shop.flypage&product_id=3200&category_id=51&option=com_phpshop,20080111131808,skip
http://www.press.sk:80/?page=shop.flypage&product_id=3200&category_id=51&option=com_phpshop,https://web.archive.org/web/20080602111629/http://www.press.sk:80/?page=shop.flypage&product_id=3200&category_id=51&option=com_phpshop,20080602111629,skip
http://press.sk:80/?page=shop.flypage&product_id=3236&category_id=51&option=com_phpshop,https://web.archive.org/web/20071011085859/http://press.sk:80/?page=shop.flypage&product_id=3236&category_id=51&option=com_phpshop,20071011085859,skip
http://www.press.sk:80/?page=shop.flypage&product_id=3236&category_id=51&option=com_phpshop,https://web.archive.org/web/20080111131815/http://www.press.sk:80/?page=shop.flypage&product_id=3236&category_id=51&option=com_phpshop,20080111131815,skip
http://www.press.sk:80/?page=shop.flypage&product_id=3236&category_id=51&option=com_phpshop,https://web.archive.org/web/20080602111635/http://www.press.sk:80/?page=shop.flypage&product_id=3236&category_id=51&option=com_phpshop,20080602111635,skip
http://press.sk:80/?page=shop.flypage&product_id=3335&category_id=51&option=com_phpshop,https://web.archive.org/web/20071011085513/http://press.sk:80/?page=shop.flypage&product_id=3335&category_id=51&option=com_phpshop,20071011085513,skip
http://www.press.sk:80/?page=shop.flypage&product_id=3335&category_id=51&option=com_phpshop,https://web.archive.org/web/20080111131820/http://www.press.sk:80/?page=shop.flypage&product_id=3335&category_id=51&option=com_phpshop,20080111131820,skip
http://www.press.sk:80/?page=shop.flypage&product_id=3335&category_id=51&option=com_phpshop,https://web.archive.org/web/20080602111640/http://www.press.sk:80/?page=shop.flypage&product_id=3335&category_id=51&option=com_phpshop,20080602111640,skip
http://press.sk:80/?page=shop.flypage&product_id=3341&category_id=51&option=com_phpshop,https://web.archive.org/web/20071011081642/http://press.sk:80/?page=shop.flypage&product_id=3341&category_id=51&option=com_phpshop,20071011081642,skip
http://www.press.sk:80/?page=shop.flypage&product_id=3341&category_id=51&option=com_phpshop,https://web.archive.org/web/20080111131823/http://www.press.sk:80/?page=shop.flypage&product_id=3341&category_id=51&option=com_phpshop,20080111131823,skip
http://www.press.sk:80/?page=shop.flypage&product_id=3341&category_id=51&option=com_phpshop,https://web.archive.org/web/20080602111647/http://www.press.sk:80/?page=shop.flypage&product_id=3341&category_id=51&option=com_phpshop,20080602111647,skip
http://press.sk:80/?page=shop.flypage&product_id=3404&category_id=51&option=com_phpshop,https://web.archive.org/web/20071011084625/http://press.sk:80/?page=shop.flypage&product_id=3404&category_id=51&option=com_phpshop,20071011084625,skip
http://www.press.sk:80/?page=shop.flypage&product_id=3404&category_id=51&option=com_phpshop,https://web.archive.org/web/20080111131829/http://www.press.sk:80/?page=shop.flypage&product_id=3404&category_id=51&option=com_phpshop,20080111131829,skip
http://www.press.sk:80/?page=shop.flypage&product_id=3404&category_id=51&option=com_phpshop,https://web.archive.org/web/20080602111650/http://www.press.sk:80/?page=shop.flypage&product_id=3404&category_id=51&option=com_phpshop,20080602111650,skip
http://press.sk:80/?page=shop.flypage&product_id=3405&category_id=51&option=com_phpshop,https://web.archive.org/web/20071011083659/http://press.sk:80/?page=shop.flypage&product_id=3405&category_id=51&option=com_phpshop,20071011083659,skip
http://www.press.sk:80/?page=shop.flypage&product_id=3405&category_id=51&option=com_phpshop,https://web.archive.org/web/20080111131834/http://www.press.sk:80/?page=shop.flypage&product_id=3405&category_id=51&option=com_phpshop,20080111131834,skip
http://www.press.sk:80/?page=shop.flypage&product_id=3405&category_id=51&option=com_phpshop,https://web.archive.org/web/20080602111656/http://www.press.sk:80/?page=shop.flypage&product_id=3405&category_id=51&option=com_phpshop,20080602111656,skip
http://press.sk:80/?page=shop.flypage&product_id=3406&category_id=51&option=com_phpshop,https://web.archive.org/web/20071011081029/http://press.sk:80/?page=shop.flypage&product_id=3406&category_id=51&option=com_phpshop,20071011081029,skip
http://www.press.sk:80/?page=shop.flypage&product_id=3406&category_id=51&option=com_phpshop,https://web.archive.org/web/20080111132043/http://www.press.sk:80/?page=shop.flypage&product_id=3406&category_id=51&option=com_phpshop,20080111132043,skip
http://www.press.sk:80/?page=shop.flypage&product_id=3406&category_id=51&option=com_phpshop,https://web.archive.org/web/20080602111700/http://www.press.sk:80/?page=shop.flypage&product_id=3406&category_id=51&option=com_phpshop,20080602111700,skip
http://press.sk:80/?page=shop.flypage&product_id=3412&category_id=51&option=com_phpshop,https://web.archive.org/web/20071011090037/http://press.sk:80/?page=shop.flypage&product_id=3412&category_id=51&option=com_phpshop,20071011090037,skip
http://www.press.sk:80/?page=shop.flypage&product_id=3412&category_id=51&option=com_phpshop,https://web.archive.org/web/20080111132048/http://www.press.sk:80/?page=shop.flypage&product_id=3412&category_id=51&option=com_phpshop,20080111132048,skip
http://www.press.sk:80/?page=shop.flypage&product_id=3412&category_id=51&option=com_phpshop,https://web.archive.org/web/20080602111707/http://www.press.sk:80/?page=shop.flypage&product_id=3412&category_id=51&option=com_phpshop,20080602111707,skip
http://press.sk:80/?page=shop.flypage&product_id=3413&category_id=51&option=com_phpshop,https://web.archive.org/web/20071011083052/http://press.sk:80/?page=shop.flypage&product_id=3413&category_id=51&option=com_phpshop,20071011083052,skip
http://www.press.sk:80/?page=shop.flypage&product_id=3413&category_id=51&option=com_phpshop,https://web.archive.org/web/20080111132053/http://www.press.sk:80/?page=shop.flypage&product_id=3413&category_id=51&option=com_phpshop,20080111132053,skip
http://www.press.sk:80/?page=shop.flypage&product_id=3413&category_id=51&option=com_phpshop,https://web.archive.org/web/20080602111713/http://www.press.sk:80/?page=shop.flypage&product_id=3413&category_id=51&option=com_phpshop,20080602111713,skip
http://press.sk:80/?page=shop.flypage&product_id=3414&category_id=51&option=com_phpshop,https://web.archive.org/web/20071011083205/http://press.sk:80/?page=shop.flypage&product_id=3414&category_id=51&option=com_phpshop,20071011083205,skip
http://www.press.sk:80/?page=shop.flypage&product_id=3414&category_id=51&option=com_phpshop,https://web.archive.org/web/20080111132058/http://www.press.sk:80/?page=shop.flypage&product_id=3414&category_id=51&option=com_phpshop,20080111132058,skip
http://www.press.sk:80/?page=shop.flypage&product_id=3414&category_id=51&option=com_phpshop,https://web.archive.org/web/20080602111718/http://www.press.sk:80/?page=shop.flypage&product_id=3414&category_id=51&option=com_phpshop,20080602111718,skip
http://press.sk:80/?page=shop.flypage&product_id=3415&category_id=51&option=com_phpshop,https://web.archive.org/web/20071011095615/http://press.sk:80/?page=shop.flypage&product_id=3415&category_id=51&option=com_phpshop,20071011095615,skip
http://www.press.sk:80/?page=shop.flypage&product_id=3415&category_id=51&option=com_phpshop,https://web.archive.org/web/20080111132103/http://www.press.sk:80/?page=shop.flypage&product_id=3415&category_id=51&option=com_phpshop,20080111132103,skip
http://www.press.sk:80/?page=shop.flypage&product_id=3415&category_id=51&option=com_phpshop,https://web.archive.org/web/20080602111723/http://www.press.sk:80/?page=shop.flypage&product_id=3415&category_id=51&option=com_phpshop,20080602111723,skip
http://press.sk:80/?page=shop.flypage&product_id=3416&category_id=51&option=com_phpshop,https://web.archive.org/web/20071011084633/http://press.sk:80/?page=shop.flypage&product_id=3416&category_id=51&option=com_phpshop,20071011084633,skip
http://www.press.sk:80/?page=shop.flypage&product_id=3416&category_id=51&option=com_phpshop,https://web.archive.org/web/20080111132129/http://www.press.sk:80/?page=shop.flypage&product_id=3416&category_id=51&option=com_phpshop,20080111132129,skip
http://press.sk:80/?page=shop.flypage&product_id=3436&category_id=51&option=com_phpshop,https://web.archive.org/web/20071011083059/http://press.sk:80/?page=shop.flypage&product_id=3436&category_id=51&option=com_phpshop,20071011083059,skip
http://www.press.sk:80/?page=shop.flypage&product_id=3557&category_id=51&option=com_phpshop,https://web.archive.org/web/20080111132134/http://www.press.sk:80/?page=shop.flypage&product_id=3557&category_id=51&option=com_phpshop,20080111132134,skip
http://www.press.sk:80/?page=shop.flypage&product_id=3557&category_id=51&option=com_phpshop,https://web.archive.org/web/20080602111727/http://www.press.sk:80/?page=shop.flypage&product_id=3557&category_id=51&option=com_phpshop,20080602111727,skip
http://www.press.sk:80/?page=shop.flypage&product_id=3567&category_id=51&option=com_phpshop,https://web.archive.org/web/20080111132152/http://www.press.sk:80/?page=shop.flypage&product_id=3567&category_id=51&option=com_phpshop,20080111132152,skip
http://www.press.sk:80/?page=shop.flypage&product_id=3567&category_id=51&option=com_phpshop,https://web.archive.org/web/20080602111733/http://www.press.sk:80/?page=shop.flypage&product_id=3567&category_id=51&option=com_phpshop,20080602111733,skip
http://www.press.sk:80/?page=shop.flypage&product_id=3609&category_id=51&option=com_phpshop,https://web.archive.org/web/20080111132158/http://www.press.sk:80/?page=shop.flypage&product_id=3609&category_id=51&option=com_phpshop,20080111132158,skip
http://www.press.sk:80/?page=shop.flypage&product_id=3609&category_id=51&option=com_phpshop,https://web.archive.org/web/20080602111738/http://www.press.sk:80/?page=shop.flypage&product_id=3609&category_id=51&option=com_phpshop,20080602111738,skip
http://www.press.sk:80/?page=shop.flypage&product_id=3868&category_id=51&option=com_phpshop,https://web.archive.org/web/20080602111747/http://www.press.sk:80/?page=shop.flypage&product_id=3868&category_id=51&option=com_phpshop,20080602111747,skip
http://press.sk:80/?page=shop.browse&root=10&category_id=58&option=com_phpshop,https://web.archive.org/web/20071011083042/http://press.sk:80/?page=shop.browse&root=10&category_id=58&option=com_phpshop,20071011083042,skip
http://www.press.sk:80/?page=shop.browse&root=10&category_id=58&option=com_phpshop,https://web.archive.org/web/20071210175408/http://www.press.sk:80/?page=shop.browse&root=10&category_id=58&option=com_phpshop,20071210175408,skip
http://www.press.sk:80/?page=shop.browse&root=10&category_id=58&option=com_phpshop,https://web.archive.org/web/20080210061148/http://www.press.sk:80/?page=shop.browse&root=10&category_id=58&option=com_phpshop,20080210061148,skip
http://www.press.sk:80/?page=shop.browse&root=10&category_id=58&option=com_phpshop,https://web.archive.org/web/20080211120432/http://www.press.sk:80/?page=shop.browse&root=10&category_id=58&option=com_phpshop,20080211120432,skip
http://www.press.sk:80/?page=shop.browse&root=10&category_id=58&option=com_phpshop,https://web.archive.org/web/20080419115113/http://www.press.sk:80/?page=shop.browse&root=10&category_id=58&option=com_phpshop,20080419115113,skip
http://www.press.sk:80/?page=shop.browse&root=10&category_id=58&option=com_phpshop,https://web.archive.org/web/20080618164839/http://www.press.sk:80/?page=shop.browse&root=10&category_id=58&option=com_phpshop,20080618164839,skip
http://www.press.sk:80/?page=shop.browse&root=10&category_id=58&option=com_phpshop,https://web.archive.org/web/20081012224914/http://www.press.sk:80/?page=shop.browse&root=10&category_id=58&option=com_phpshop,20081012224914,skip
http://www.press.sk:80/?page=shop.browse&offset=20&category_id=6&keyword=&manufacturer_id=&option=com_phpshop,https://web.archive.org/web/20080602060349/http://www.press.sk:80/?page=shop.browse&offset=20&category_id=6&keyword=&manufacturer_id=&option=com_phpshop,20080602060349,skip
http://www.press.sk:80/?page=shop.browse&root=1&category_id=6&option=com_phpshop,https://web.archive.org/web/20051029055925/http://www.press.sk:80/?page=shop.browse&root=1&category_id=6&option=com_phpshop,20051029055925,skip
http://press.sk:80/?page=shop.browse&root=1&category_id=6&option=com_phpshop,https://web.archive.org/web/20071011090017/http://press.sk:80/?page=shop.browse&root=1&category_id=6&option=com_phpshop,20071011090017,skip
http://www.press.sk:80/?page=shop.browse&root=1&category_id=6&option=com_phpshop,https://web.archive.org/web/20071211065243/http://www.press.sk:80/?page=shop.browse&root=1&category_id=6&option=com_phpshop,20071211065243,skip
http://www.press.sk:80/?page=shop.browse&root=1&category_id=6&option=com_phpshop,https://web.archive.org/web/20080209171645/http://www.press.sk:80/?page=shop.browse&root=1&category_id=6&option=com_phpshop,20080209171645,skip
http://www.press.sk:80/?page=shop.browse&root=1&category_id=6&option=com_phpshop,https://web.archive.org/web/20080410091453/http://www.press.sk:80/?page=shop.browse&root=1&category_id=6&option=com_phpshop,20080410091453,skip
http://www.press.sk:80/?page=shop.browse&root=1&category_id=6&option=com_phpshop,https://web.archive.org/web/20080609170404/http://www.press.sk:80/?page=shop.browse&root=1&category_id=6&option=com_phpshop,20080609170404,skip
http://www.press.sk:80/?page=shop.flypage&product_id=1481&category_id=6&option=com_phpshop,https://web.archive.org/web/20080602054707/http://www.press.sk:80/?page=shop.flypage&product_id=1481&category_id=6&option=com_phpshop,20080602054707,skip
http://www.press.sk:80/?page=shop.flypage&product_id=2000&category_id=6&option=com_phpshop,https://web.archive.org/web/20080602054712/http://www.press.sk:80/?page=shop.flypage&product_id=2000&category_id=6&option=com_phpshop,20080602054712,skip
http://www.press.sk:80/?page=shop.flypage&product_id=223&category_id=6&option=com_phpshop,https://web.archive.org/web/20080602054717/http://www.press.sk:80/?page=shop.flypage&product_id=223&category_id=6&option=com_phpshop,20080602054717,skip
http://www.press.sk:80/?page=shop.flypage&product_id=224&category_id=6&option=com_phpshop,https://web.archive.org/web/20080602054722/http://www.press.sk:80/?page=shop.flypage&product_id=224&category_id=6&option=com_phpshop,20080602054722,skip
http://www.press.sk:80/?page=shop.flypage&product_id=2418&category_id=6&option=com_phpshop,https://web.archive.org/web/20080602054727/http://www.press.sk:80/?page=shop.flypage&product_id=2418&category_id=6&option=com_phpshop,20080602054727,skip
http://www.press.sk:80/?page=shop.flypage&product_id=2771&category_id=6&option=com_phpshop,https://web.archive.org/web/20080602054732/http://www.press.sk:80/?page=shop.flypage&product_id=2771&category_id=6&option=com_phpshop,20080602054732,skip
http://www.press.sk:80/?page=shop.flypage&product_id=2943&category_id=6&option=com_phpshop,https://web.archive.org/web/20080602054738/http://www.press.sk:80/?page=shop.flypage&product_id=2943&category_id=6&option=com_phpshop,20080602054738,skip
http://www.press.sk:80/?page=shop.flypage&product_id=3603&category_id=6&option=com_phpshop,https://web.archive.org/web/20080602054744/http://www.press.sk:80/?page=shop.flypage&product_id=3603&category_id=6&option=com_phpshop,20080602054744,skip
http://www.press.sk:80/?page=shop.flypage&product_id=3604&category_id=6&option=com_phpshop,https://web.archive.org/web/20080602054749/http://www.press.sk:80/?page=shop.flypage&product_id=3604&category_id=6&option=com_phpshop,20080602054749,skip
http://www.press.sk:80/?page=shop.flypage&product_id=3606&category_id=6&option=com_phpshop,https://web.archive.org/web/20080602054754/http://www.press.sk:80/?page=shop.flypage&product_id=3606&category_id=6&option=com_phpshop,20080602054754,skip
http://www.press.sk:80/?page=shop.flypage&product_id=3607&category_id=6&option=com_phpshop,https://web.archive.org/web/20080602054759/http://www.press.sk:80/?page=shop.flypage&product_id=3607&category_id=6&option=com_phpshop,20080602054759,skip
http://www.press.sk:80/?page=shop.flypage&product_id=3608&category_id=6&option=com_phpshop,https://web.archive.org/web/20080602054804/http://www.press.sk:80/?page=shop.flypage&product_id=3608&category_id=6&option=com_phpshop,20080602054804,skip
http://www.press.sk:80/?page=shop.flypage&product_id=3610&category_id=6&option=com_phpshop,https://web.archive.org/web/20080602054809/http://www.press.sk:80/?page=shop.flypage&product_id=3610&category_id=6&option=com_phpshop,20080602054809,skip
http://www.press.sk:80/?page=shop.flypage&product_id=3611&category_id=6&option=com_phpshop,https://web.archive.org/web/20080602054815/http://www.press.sk:80/?page=shop.flypage&product_id=3611&category_id=6&option=com_phpshop,20080602054815,skip
http://www.press.sk:80/?page=shop.flypage&product_id=3614&category_id=6&option=com_phpshop,https://web.archive.org/web/20080602054820/http://www.press.sk:80/?page=shop.flypage&product_id=3614&category_id=6&option=com_phpshop,20080602054820,skip
http://www.press.sk:80/?page=shop.flypage&product_id=3615&category_id=6&option=com_phpshop,https://web.archive.org/web/20080602054826/http://www.press.sk:80/?page=shop.flypage&product_id=3615&category_id=6&option=com_phpshop,20080602054826,skip
http://www.press.sk:80/?page=shop.flypage&product_id=3616&category_id=6&option=com_phpshop,https://web.archive.org/web/20080602054831/http://www.press.sk:80/?page=shop.flypage&product_id=3616&category_id=6&option=com_phpshop,20080602054831,skip
http://www.press.sk:80/?page=shop.flypage&product_id=3618&category_id=6&option=com_phpshop,https://web.archive.org/web/20080602054836/http://www.press.sk:80/?page=shop.flypage&product_id=3618&category_id=6&option=com_phpshop,20080602054836,skip
http://www.press.sk:80/?page=shop.flypage&product_id=948&category_id=6&option=com_phpshop,https://web.archive.org/web/20080602054841/http://www.press.sk:80/?page=shop.flypage&product_id=948&category_id=6&option=com_phpshop,20080602054841,skip
http://www.press.sk:80/?page=shop.flypage&product_id=957&category_id=6&option=com_phpshop,https://web.archive.org/web/20080602054847/http://www.press.sk:80/?page=shop.flypage&product_id=957&category_id=6&option=com_phpshop,20080602054847,skip
http://press.sk:80/?page=shop.browse&root=10&category_id=63&option=com_phpshop,https://web.archive.org/web/20071011080421/http://press.sk:80/?page=shop.browse&root=10&category_id=63&option=com_phpshop,20071011080421,skip
http://www.press.sk:80/?page=shop.browse&root=10&category_id=63&option=com_phpshop,https://web.archive.org/web/20071210175415/http://www.press.sk:80/?page=shop.browse&root=10&category_id=63&option=com_phpshop,20071210175415,skip
http://www.press.sk:80/?page=shop.browse&root=10&category_id=63&option=com_phpshop,https://web.archive.org/web/20080210061456/http://www.press.sk:80/?page=shop.browse&root=10&category_id=63&option=com_phpshop,20080210061456,skip
http://www.press.sk:80/?page=shop.browse&root=10&category_id=63&option=com_phpshop,https://web.archive.org/web/20080211120437/http://www.press.sk:80/?page=shop.browse&root=10&category_id=63&option=com_phpshop,20080211120437,skip
http://www.press.sk:80/?page=shop.browse&root=10&category_id=63&option=com_phpshop,https://web.archive.org/web/20080419114130/http://www.press.sk:80/?page=shop.browse&root=10&category_id=63&option=com_phpshop,20080419114130,skip
http://www.press.sk:80/?page=shop.browse&root=10&category_id=63&option=com_phpshop,https://web.archive.org/web/20080618164845/http://www.press.sk:80/?page=shop.browse&root=10&category_id=63&option=com_phpshop,20080618164845,skip
http://www.press.sk:80/?page=shop.browse&root=10&category_id=63&option=com_phpshop,https://web.archive.org/web/20081012224919/http://www.press.sk:80/?page=shop.browse&root=10&category_id=63&option=com_phpshop,20081012224919,skip
http://press.sk:80/?page=shop.browse&root=10&category_id=66&option=com_phpshop,https://web.archive.org/web/20071011081638/http://press.sk:80/?page=shop.browse&root=10&category_id=66&option=com_phpshop,20071011081638,skip
http://www.press.sk:80/?page=shop.browse&root=10&category_id=66&option=com_phpshop,https://web.archive.org/web/20071210175418/http://www.press.sk:80/?page=shop.browse&root=10&category_id=66&option=com_phpshop,20071210175418,skip
http://www.press.sk:80/?page=shop.browse&root=10&category_id=66&option=com_phpshop,https://web.archive.org/web/20080210061502/http://www.press.sk:80/?page=shop.browse&root=10&category_id=66&option=com_phpshop,20080210061502,skip
http://www.press.sk:80/?page=shop.browse&root=10&category_id=66&option=com_phpshop,https://web.archive.org/web/20080211120441/http://www.press.sk:80/?page=shop.browse&root=10&category_id=66&option=com_phpshop,20080211120441,skip
http://www.press.sk:80/?page=shop.browse&root=10&category_id=66&option=com_phpshop,https://web.archive.org/web/20080419131048/http://www.press.sk:80/?page=shop.browse&root=10&category_id=66&option=com_phpshop,20080419131048,skip
http://www.press.sk:80/?page=shop.browse&root=10&category_id=66&option=com_phpshop,https://web.archive.org/web/20080618164850/http://www.press.sk:80/?page=shop.browse&root=10&category_id=66&option=com_phpshop,20080618164850,skip
http://www.press.sk:80/?page=shop.browse&root=10&category_id=66&option=com_phpshop,https://web.archive.org/web/20081012224925/http://www.press.sk:80/?page=shop.browse&root=10&category_id=66&option=com_phpshop,20081012224925,skip
http://www.press.sk:80/?page=shop.browse&offset=20&category_id=67&keyword=&manufacturer_id=&option=com_phpshop,https://web.archive.org/web/20071213020703/http://www.press.sk:80/?page=shop.browse&offset=20&category_id=67&keyword=&manufacturer_id=&option=com_phpshop,20071213020703,skip
http://www.press.sk:80/?page=shop.flypage&product_id=1500&category_id=67&option=com_phpshop,https://web.archive.org/web/20071212194819/http://www.press.sk:80/?page=shop.flypage&product_id=1500&category_id=67&option=com_phpshop,20071212194819,skip
http://www.press.sk:80/?page=shop.flypage&product_id=1501&category_id=67&option=com_phpshop,https://web.archive.org/web/20071212194828/http://www.press.sk:80/?page=shop.flypage&product_id=1501&category_id=67&option=com_phpshop,20071212194828,skip
http://www.press.sk:80/?page=shop.flypage&product_id=1525&category_id=67&option=com_phpshop,https://web.archive.org/web/20071212194831/http://www.press.sk:80/?page=shop.flypage&product_id=1525&category_id=67&option=com_phpshop,20071212194831,skip
http://www.press.sk:80/?page=shop.flypage&product_id=1526&category_id=67&option=com_phpshop,https://web.archive.org/web/20071212194837/http://www.press.sk:80/?page=shop.flypage&product_id=1526&category_id=67&option=com_phpshop,20071212194837,skip
http://www.press.sk:80/?page=shop.flypage&product_id=2022&category_id=67&option=com_phpshop,https://web.archive.org/web/20071212194841/http://www.press.sk:80/?page=shop.flypage&product_id=2022&category_id=67&option=com_phpshop,20071212194841,skip
http://www.press.sk:80/?page=shop.flypage&product_id=2196&category_id=67&option=com_phpshop,https://web.archive.org/web/20071212194846/http://www.press.sk:80/?page=shop.flypage&product_id=2196&category_id=67&option=com_phpshop,20071212194846,skip
http://www.press.sk:80/?page=shop.flypage&product_id=2285&category_id=67&option=com_phpshop,https://web.archive.org/web/20071212194851/http://www.press.sk:80/?page=shop.flypage&product_id=2285&category_id=67&option=com_phpshop,20071212194851,skip
http://www.press.sk:80/?page=shop.flypage&product_id=2379&category_id=67&option=com_phpshop,https://web.archive.org/web/20071212194855/http://www.press.sk:80/?page=shop.flypage&product_id=2379&category_id=67&option=com_phpshop,20071212194855,skip
http://www.press.sk:80/?page=shop.flypage&product_id=2572&category_id=67&option=com_phpshop,https://web.archive.org/web/20071212194901/http://www.press.sk:80/?page=shop.flypage&product_id=2572&category_id=67&option=com_phpshop,20071212194901,skip
http://www.press.sk:80/?page=shop.flypage&product_id=2948&category_id=67&option=com_phpshop,https://web.archive.org/web/20071212194906/http://www.press.sk:80/?page=shop.flypage&product_id=2948&category_id=67&option=com_phpshop,20071212194906,skip
http://www.press.sk:80/?page=shop.flypage&product_id=3065&category_id=67&option=com_phpshop,https://web.archive.org/web/20071212194911/http://www.press.sk:80/?page=shop.flypage&product_id=3065&category_id=67&option=com_phpshop,20071212194911,skip
http://www.press.sk:80/?page=shop.flypage&product_id=3261&category_id=67&option=com_phpshop,https://web.archive.org/web/20071212194915/http://www.press.sk:80/?page=shop.flypage&product_id=3261&category_id=67&option=com_phpshop,20071212194915,skip
http://www.press.sk:80/?page=shop.flypage&product_id=3362&category_id=67&option=com_phpshop,https://web.archive.org/web/20071212194920/http://www.press.sk:80/?page=shop.flypage&product_id=3362&category_id=67&option=com_phpshop,20071212194920,skip
http://www.press.sk:80/?page=shop.flypage&product_id=3678&category_id=67&option=com_phpshop,https://web.archive.org/web/20071212194928/http://www.press.sk:80/?page=shop.flypage&product_id=3678&category_id=67&option=com_phpshop,20071212194928,skip
http://www.press.sk:80/?page=shop.flypage&product_id=3683&category_id=67&option=com_phpshop,https://web.archive.org/web/20071212194932/http://www.press.sk:80/?page=shop.flypage&product_id=3683&category_id=67&option=com_phpshop,20071212194932,skip
http://www.press.sk:80/?page=shop.flypage&product_id=410&category_id=67&option=com_phpshop,https://web.archive.org/web/20071212194935/http://www.press.sk:80/?page=shop.flypage&product_id=410&category_id=67&option=com_phpshop,20071212194935,skip
http://www.press.sk:80/?page=shop.flypage&product_id=500&category_id=67&option=com_phpshop,https://web.archive.org/web/20071212194940/http://www.press.sk:80/?page=shop.flypage&product_id=500&category_id=67&option=com_phpshop,20071212194940,skip
http://www.press.sk:80/?page=shop.flypage&product_id=730&category_id=67&option=com_phpshop,https://web.archive.org/web/20071212194945/http://www.press.sk:80/?page=shop.flypage&product_id=730&category_id=67&option=com_phpshop,20071212194945,skip
http://www.press.sk:80/?page=shop.flypage&product_id=731&category_id=67&option=com_phpshop,https://web.archive.org/web/20071212194950/http://www.press.sk:80/?page=shop.flypage&product_id=731&category_id=67&option=com_phpshop,20071212194950,skip
http://www.press.sk:80/?page=shop.flypage&product_id=789&category_id=67&option=com_phpshop,https://web.archive.org/web/20071212194956/http://www.press.sk:80/?page=shop.flypage&product_id=789&category_id=67&option=com_phpshop,20071212194956,skip
http://www.press.sk:80/?page=shop.browse&root=1&category_id=7&option=com_phpshop,https://web.archive.org/web/20051029055953/http://www.press.sk:80/?page=shop.browse&root=1&category_id=7&option=com_phpshop,20051029055953,skip
http://press.sk:80/?page=shop.browse&root=1&category_id=7&option=com_phpshop,https://web.archive.org/web/20071011083036/http://press.sk:80/?page=shop.browse&root=1&category_id=7&option=com_phpshop,20071011083036,skip
http://www.press.sk:80/?page=shop.browse&root=1&category_id=7&option=com_phpshop,https://web.archive.org/web/20071211064458/http://www.press.sk:80/?page=shop.browse&root=1&category_id=7&option=com_phpshop,20071211064458,skip
http://www.press.sk:80/?page=shop.browse&root=1&category_id=7&option=com_phpshop,https://web.archive.org/web/20080209171649/http://www.press.sk:80/?page=shop.browse&root=1&category_id=7&option=com_phpshop,20080209171649,skip
http://www.press.sk:80/?page=shop.browse&root=1&category_id=7&option=com_phpshop,https://web.archive.org/web/20080410091457/http://www.press.sk:80/?page=shop.browse&root=1&category_id=7&option=com_phpshop,20080410091457,skip
http://www.press.sk:80/?page=shop.browse&root=1&category_id=7&option=com_phpshop,https://web.archive.org/web/20080609170415/http://www.press.sk:80/?page=shop.browse&root=1&category_id=7&option=com_phpshop,20080609170415,skip
http://press.sk:80/?page=shop.browse&root=10&category_id=73&option=com_phpshop,https://web.archive.org/web/20071011081331/http://press.sk:80/?page=shop.browse&root=10&category_id=73&option=com_phpshop,20071011081331,skip
http://www.press.sk:80/?page=shop.browse&root=10&category_id=73&option=com_phpshop,https://web.archive.org/web/20071210175423/http://www.press.sk:80/?page=shop.browse&root=10&category_id=73&option=com_phpshop,20071210175423,skip
http://www.press.sk:80/?page=shop.browse&root=10&category_id=73&option=com_phpshop,https://web.archive.org/web/20080210060612/http://www.press.sk:80/?page=shop.browse&root=10&category_id=73&option=com_phpshop,20080210060612,skip
http://www.press.sk:80/?page=shop.browse&root=10&category_id=73&option=com_phpshop,https://web.archive.org/web/20080211120447/http://www.press.sk:80/?page=shop.browse&root=10&category_id=73&option=com_phpshop,20080211120447,skip
http://www.press.sk:80/?page=shop.browse&root=10&category_id=73&option=com_phpshop,https://web.archive.org/web/20080419142904/http://www.press.sk:80/?page=shop.browse&root=10&category_id=73&option=com_phpshop,20080419142904,skip
http://www.press.sk:80/?page=shop.browse&root=10&category_id=73&option=com_phpshop,https://web.archive.org/web/20080618192018/http://www.press.sk:80/?page=shop.browse&root=10&category_id=73&option=com_phpshop,20080618192018,skip
http://www.press.sk:80/?page=shop.browse&root=10&category_id=73&option=com_phpshop,https://web.archive.org/web/20081012224929/http://www.press.sk:80/?page=shop.browse&root=10&category_id=73&option=com_phpshop,20081012224929,skip
http://www.press.sk:80/?page=shop.browse&root=1&category_id=8&option=com_phpshop,https://web.archive.org/web/20051029060011/http://www.press.sk:80/?page=shop.browse&root=1&category_id=8&option=com_phpshop,20051029060011,skip
http://press.sk:80/?page=shop.browse&root=1&category_id=8&option=com_phpshop,https://web.archive.org/web/20071011083647/http://press.sk:80/?page=shop.browse&root=1&category_id=8&option=com_phpshop,20071011083647,skip
http://www.press.sk:80/?page=shop.browse&root=1&category_id=8&option=com_phpshop,https://web.archive.org/web/20071211064512/http://www.press.sk:80/?page=shop.browse&root=1&category_id=8&option=com_phpshop,20071211064512,skip
http://www.press.sk:80/?page=shop.browse&root=1&category_id=8&option=com_phpshop,https://web.archive.org/web/20080209171655/http://www.press.sk:80/?page=shop.browse&root=1&category_id=8&option=com_phpshop,20080209171655,skip
http://www.press.sk:80/?page=shop.browse&root=1&category_id=8&option=com_phpshop,https://web.archive.org/web/20080410091502/http://www.press.sk:80/?page=shop.browse&root=1&category_id=8&option=com_phpshop,20080410091502,skip
http://www.press.sk:80/?page=shop.browse&root=1&category_id=8&option=com_phpshop,https://web.archive.org/web/20080609171032/http://www.press.sk:80/?page=shop.browse&root=1&category_id=8&option=com_phpshop,20080609171032,skip
http://press.sk:80/?page=shop.browse&root=10&category_id=80&option=com_phpshop,https://web.archive.org/web/20071011085335/http://press.sk:80/?page=shop.browse&root=10&category_id=80&option=com_phpshop,20071011085335,skip
http://www.press.sk:80/?page=shop.browse&root=10&category_id=80&option=com_phpshop,https://web.archive.org/web/20071211011051/http://www.press.sk:80/?page=shop.browse&root=10&category_id=80&option=com_phpshop,20071211011051,skip
http://www.press.sk:80/?page=shop.browse&root=10&category_id=80&option=com_phpshop,https://web.archive.org/web/20080210060616/http://www.press.sk:80/?page=shop.browse&root=10&category_id=80&option=com_phpshop,20080210060616,skip
http://www.press.sk:80/?page=shop.browse&root=10&category_id=80&option=com_phpshop,https://web.archive.org/web/20080211120452/http://www.press.sk:80/?page=shop.browse&root=10&category_id=80&option=com_phpshop,20080211120452,skip
http://www.press.sk:80/?page=shop.browse&root=10&category_id=80&option=com_phpshop,https://web.archive.org/web/20080419115119/http://www.press.sk:80/?page=shop.browse&root=10&category_id=80&option=com_phpshop,20080419115119,skip
http://www.press.sk:80/?page=shop.browse&root=10&category_id=80&option=com_phpshop,https://web.archive.org/web/20080618164855/http://www.press.sk:80/?page=shop.browse&root=10&category_id=80&option=com_phpshop,20080618164855,skip
http://www.press.sk:80/?page=shop.browse&root=10&category_id=80&option=com_phpshop,https://web.archive.org/web/20081012224935/http://www.press.sk:80/?page=shop.browse&root=10&category_id=80&option=com_phpshop,20081012224935,skip
http://press.sk:80/?page=shop.browse&root=10&category_id=87&option=com_phpshop,https://web.archive.org/web/20071011095544/http://press.sk:80/?page=shop.browse&root=10&category_id=87&option=com_phpshop,20071011095544,skip
http://www.press.sk:80/?page=shop.browse&root=10&category_id=87&option=com_phpshop,https://web.archive.org/web/20071211011100/http://www.press.sk:80/?page=shop.browse&root=10&category_id=87&option=com_phpshop,20071211011100,skip
http://www.press.sk:80/?page=shop.browse&root=10&category_id=87&option=com_phpshop,https://web.archive.org/web/20080210061508/http://www.press.sk:80/?page=shop.browse&root=10&category_id=87&option=com_phpshop,20080210061508,skip
http://www.press.sk:80/?page=shop.browse&root=10&category_id=87&option=com_phpshop,https://web.archive.org/web/20080211120458/http://www.press.sk:80/?page=shop.browse&root=10&category_id=87&option=com_phpshop,20080211120458,skip
http://www.press.sk:80/?page=shop.browse&root=10&category_id=87&option=com_phpshop,https://web.archive.org/web/20080419082422/http://www.press.sk:80/?page=shop.browse&root=10&category_id=87&option=com_phpshop,20080419082422,skip
http://www.press.sk:80/?page=shop.browse&root=10&category_id=87&option=com_phpshop,https://web.archive.org/web/20080618164900/http://www.press.sk:80/?page=shop.browse&root=10&category_id=87&option=com_phpshop,20080618164900,skip
http://www.press.sk:80/?page=shop.browse&root=10&category_id=87&option=com_phpshop,https://web.archive.org/web/20081012224940/http://www.press.sk:80/?page=shop.browse&root=10&category_id=87&option=com_phpshop,20081012224940,skip
http://www.press.sk:80/?page=shop.browse&category_id=9&keyword=&offset=0&manufacturer_id=&option=com_phpshop,https://web.archive.org/web/20080214054756/http://www.press.sk:80/?page=shop.browse&category_id=9&keyword=&offset=0&manufacturer_id=&option=com_phpshop,20080214054756,skip
http://www.press.sk:80/?page=shop.browse&category_id=9&keyword=&offset=0&manufacturer_id=&option=com_phpshop,https://web.archive.org/web/20080420091252/http://www.press.sk:80/?page=shop.browse&category_id=9&keyword=&offset=0&manufacturer_id=&option=com_phpshop,20080420091252,skip
http://www.press.sk:80/?page=shop.browse&offset=20&category_id=9&keyword=&manufacturer_id=&option=com_phpshop,https://web.archive.org/web/20071105212139/http://www.press.sk:80/?page=shop.browse&offset=20&category_id=9&keyword=&manufacturer_id=&option=com_phpshop,20071105212139,skip
http://www.press.sk:80/?page=shop.browse&offset=40&category_id=9&keyword=&manufacturer_id=&option=com_phpshop,https://web.archive.org/web/20080214054802/http://www.press.sk:80/?page=shop.browse&offset=40&category_id=9&keyword=&manufacturer_id=&option=com_phpshop,20080214054802,skip
http://www.press.sk:80/?page=shop.browse&offset=40&category_id=9&keyword=&manufacturer_id=&option=com_phpshop,https://web.archive.org/web/20080420092732/http://www.press.sk:80/?page=shop.browse&offset=40&category_id=9&keyword=&manufacturer_id=&option=com_phpshop,20080420092732,skip
http://www.press.sk:80/?page=shop.browse&root=1&category_id=9&option=com_phpshop,https://web.archive.org/web/20051029060037/http://www.press.sk:80/?page=shop.browse&root=1&category_id=9&option=com_phpshop,20051029060037,skip
http://press.sk:80/?page=shop.browse&root=1&category_id=9&option=com_phpshop,https://web.archive.org/web/20071011082000/http://press.sk:80/?page=shop.browse&root=1&category_id=9&option=com_phpshop,20071011082000,skip
http://www.press.sk:80/?page=shop.browse&root=1&category_id=9&option=com_phpshop,https://web.archive.org/web/20071211064523/http://www.press.sk:80/?page=shop.browse&root=1&category_id=9&option=com_phpshop,20071211064523,skip
http://www.press.sk:80/?page=shop.browse&root=1&category_id=9&option=com_phpshop,https://web.archive.org/web/20080209171701/http://www.press.sk:80/?page=shop.browse&root=1&category_id=9&option=com_phpshop,20080209171701,skip
http://www.press.sk:80/?page=shop.browse&root=1&category_id=9&option=com_phpshop,https://web.archive.org/web/20080410091507/http://www.press.sk:80/?page=shop.browse&root=1&category_id=9&option=com_phpshop,20080410091507,skip
http://www.press.sk:80/?page=shop.browse&root=1&category_id=9&option=com_phpshop,https://web.archive.org/web/20080609171046/http://www.press.sk:80/?page=shop.browse&root=1&category_id=9&option=com_phpshop,20080609171046,skip
http://www.press.sk:80/?page=shop.flypage&product_id=1173&category_id=9&option=com_phpshop,https://web.archive.org/web/20071105164933/http://www.press.sk:80/?page=shop.flypage&product_id=1173&category_id=9&option=com_phpshop,20071105164933,skip
http://www.press.sk:80/?page=shop.flypage&product_id=1174&category_id=9&option=com_phpshop,https://web.archive.org/web/20080214025838/http://www.press.sk:80/?page=shop.flypage&product_id=1174&category_id=9&option=com_phpshop,20080214025838,skip
http://www.press.sk:80/?page=shop.flypage&product_id=1174&category_id=9&option=com_phpshop,https://web.archive.org/web/20080419143832/http://www.press.sk:80/?page=shop.flypage&product_id=1174&category_id=9&option=com_phpshop,20080419143832,skip
http://www.press.sk:80/?page=shop.flypage&product_id=12&category_id=9&option=com_phpshop,https://web.archive.org/web/20071105164937/http://www.press.sk:80/?page=shop.flypage&product_id=12&category_id=9&option=com_phpshop,20071105164937,skip
http://www.press.sk:80/?page=shop.flypage&product_id=13&category_id=9&option=com_phpshop,https://web.archive.org/web/20071105164942/http://www.press.sk:80/?page=shop.flypage&product_id=13&category_id=9&option=com_phpshop,20071105164942,skip
http://www.press.sk:80/?page=shop.flypage&product_id=1472&category_id=9&option=com_phpshop,https://web.archive.org/web/20080214025844/http://www.press.sk:80/?page=shop.flypage&product_id=1472&category_id=9&option=com_phpshop,20080214025844,skip
http://www.press.sk:80/?page=shop.flypage&product_id=1712&category_id=9&option=com_phpshop,https://web.archive.org/web/20080214025849/http://www.press.sk:80/?page=shop.flypage&product_id=1712&category_id=9&option=com_phpshop,20080214025849,skip
http://www.press.sk:80/?page=shop.flypage&product_id=1712&category_id=9&option=com_phpshop,https://web.archive.org/web/20080419082427/http://www.press.sk:80/?page=shop.flypage&product_id=1712&category_id=9&option=com_phpshop,20080419082427,skip
http://www.press.sk:80/?page=shop.flypage&product_id=1715&category_id=9&option=com_phpshop,https://web.archive.org/web/20080214025854/http://www.press.sk:80/?page=shop.flypage&product_id=1715&category_id=9&option=com_phpshop,20080214025854,skip
http://www.press.sk:80/?page=shop.flypage&product_id=1715&category_id=9&option=com_phpshop,https://web.archive.org/web/20080419131053/http://www.press.sk:80/?page=shop.flypage&product_id=1715&category_id=9&option=com_phpshop,20080419131053,skip
http://www.press.sk:80/?page=shop.flypage&product_id=191&category_id=9&option=com_phpshop,https://web.archive.org/web/20080214025859/http://www.press.sk:80/?page=shop.flypage&product_id=191&category_id=9&option=com_phpshop,20080214025859,skip
http://www.press.sk:80/?page=shop.flypage&product_id=191&category_id=9&option=com_phpshop,https://web.archive.org/web/20080419120854/http://www.press.sk:80/?page=shop.flypage&product_id=191&category_id=9&option=com_phpshop,20080419120854,skip
http://www.press.sk:80/?page=shop.flypage&product_id=20&category_id=9&option=com_phpshop,https://web.archive.org/web/20071105164947/http://www.press.sk:80/?page=shop.flypage&product_id=20&category_id=9&option=com_phpshop,20071105164947,skip
http://www.press.sk:80/?page=shop.flypage&product_id=21&category_id=9&option=com_phpshop,https://web.archive.org/web/20071105164952/http://www.press.sk:80/?page=shop.flypage&product_id=21&category_id=9&option=com_phpshop,20071105164952,skip
http://www.press.sk:80/?page=shop.flypage&product_id=237&category_id=9&option=com_phpshop,https://web.archive.org/web/20071105164957/http://www.press.sk:80/?page=shop.flypage&product_id=237&category_id=9&option=com_phpshop,20071105164957,skip
http://www.press.sk:80/?page=shop.flypage&product_id=2412&category_id=9&option=com_phpshop,https://web.archive.org/web/20080214025904/http://www.press.sk:80/?page=shop.flypage&product_id=2412&category_id=9&option=com_phpshop,20080214025904,skip
http://www.press.sk:80/?page=shop.flypage&product_id=2412&category_id=9&option=com_phpshop,https://web.archive.org/web/20080419114135/http://www.press.sk:80/?page=shop.flypage&product_id=2412&category_id=9&option=com_phpshop,20080419114135,skip
http://www.press.sk:80/?page=shop.flypage&product_id=2416&category_id=9&option=com_phpshop,https://web.archive.org/web/20071105165002/http://www.press.sk:80/?page=shop.flypage&product_id=2416&category_id=9&option=com_phpshop,20071105165002,skip
http://www.press.sk:80/?page=shop.flypage&product_id=2445&category_id=9&option=com_phpshop,https://web.archive.org/web/20080214025910/http://www.press.sk:80/?page=shop.flypage&product_id=2445&category_id=9&option=com_phpshop,20080214025910,skip
http://www.press.sk:80/?page=shop.flypage&product_id=2445&category_id=9&option=com_phpshop,https://web.archive.org/web/20080419115512/http://www.press.sk:80/?page=shop.flypage&product_id=2445&category_id=9&option=com_phpshop,20080419115512,skip
http://www.press.sk:80/?page=shop.flypage&product_id=2603&category_id=9&option=com_phpshop,https://web.archive.org/web/20071105165008/http://www.press.sk:80/?page=shop.flypage&product_id=2603&category_id=9&option=com_phpshop,20071105165008,skip
http://www.press.sk:80/?page=shop.flypage&product_id=2657&category_id=9&option=com_phpshop,https://web.archive.org/web/20080214025915/http://www.press.sk:80/?page=shop.flypage&product_id=2657&category_id=9&option=com_phpshop,20080214025915,skip
http://www.press.sk:80/?page=shop.flypage&product_id=2657&category_id=9&option=com_phpshop,https://web.archive.org/web/20080419142910/http://www.press.sk:80/?page=shop.flypage&product_id=2657&category_id=9&option=com_phpshop,20080419142910,skip
http://www.press.sk:80/?page=shop.flypage&product_id=2658&category_id=9&option=com_phpshop,https://web.archive.org/web/20071105165013/http://www.press.sk:80/?page=shop.flypage&product_id=2658&category_id=9&option=com_phpshop,20071105165013,skip
http://www.press.sk:80/?page=shop.flypage&product_id=2659&category_id=9&option=com_phpshop,https://web.archive.org/web/20071105165017/http://www.press.sk:80/?page=shop.flypage&product_id=2659&category_id=9&option=com_phpshop,20071105165017,skip
http://www.press.sk:80/?page=shop.flypage&product_id=2697&category_id=9&option=com_phpshop,https://web.archive.org/web/20071105165023/http://www.press.sk:80/?page=shop.flypage&product_id=2697&category_id=9&option=com_phpshop,20071105165023,skip
http://www.press.sk:80/?page=shop.flypage&product_id=2698&category_id=9&option=com_phpshop,https://web.archive.org/web/20071105165027/http://www.press.sk:80/?page=shop.flypage&product_id=2698&category_id=9&option=com_phpshop,20071105165027,skip
http://www.press.sk:80/?page=shop.flypage&product_id=2708&category_id=9&option=com_phpshop,https://web.archive.org/web/20080214025920/http://www.press.sk:80/?page=shop.flypage&product_id=2708&category_id=9&option=com_phpshop,20080214025920,skip
http://www.press.sk:80/?page=shop.flypage&product_id=2708&category_id=9&option=com_phpshop,https://web.archive.org/web/20080419120905/http://www.press.sk:80/?page=shop.flypage&product_id=2708&category_id=9&option=com_phpshop,20080419120905,skip
http://www.press.sk:80/?page=shop.flypage&product_id=2714&category_id=9&option=com_phpshop,https://web.archive.org/web/20071105165033/http://www.press.sk:80/?page=shop.flypage&product_id=2714&category_id=9&option=com_phpshop,20071105165033,skip
http://www.press.sk:80/?page=shop.flypage&product_id=2818&category_id=9&option=com_phpshop,https://web.archive.org/web/20071105165038/http://www.press.sk:80/?page=shop.flypage&product_id=2818&category_id=9&option=com_phpshop,20071105165038,skip
http://www.press.sk:80/?page=shop.flypage&product_id=2830&category_id=9&option=com_phpshop,https://web.archive.org/web/20071105165043/http://www.press.sk:80/?page=shop.flypage&product_id=2830&category_id=9&option=com_phpshop,20071105165043,skip
http://www.press.sk:80/?page=shop.flypage&product_id=29&category_id=9&option=com_phpshop,https://web.archive.org/web/20080214025925/http://www.press.sk:80/?page=shop.flypage&product_id=29&category_id=9&option=com_phpshop,20080214025925,skip
http://www.press.sk:80/?page=shop.flypage&product_id=29&category_id=9&option=com_phpshop,https://web.archive.org/web/20080419143838/http://www.press.sk:80/?page=shop.flypage&product_id=29&category_id=9&option=com_phpshop,20080419143838,skip
http://www.press.sk:80/?page=shop.flypage&product_id=30&category_id=9&option=com_phpshop,https://web.archive.org/web/20080214025930/http://www.press.sk:80/?page=shop.flypage&product_id=30&category_id=9&option=com_phpshop,20080214025930,skip
http://www.press.sk:80/?page=shop.flypage&product_id=30&category_id=9&option=com_phpshop,https://web.archive.org/web/20080419131058/http://www.press.sk:80/?page=shop.flypage&product_id=30&category_id=9&option=com_phpshop,20080419131058,skip
http://www.press.sk:80/?page=shop.flypage&product_id=3123&category_id=9&option=com_phpshop,https://web.archive.org/web/20080214025935/http://www.press.sk:80/?page=shop.flypage&product_id=3123&category_id=9&option=com_phpshop,20080214025935,skip
http://www.press.sk:80/?page=shop.flypage&product_id=3123&category_id=9&option=com_phpshop,https://web.archive.org/web/20080419131103/http://www.press.sk:80/?page=shop.flypage&product_id=3123&category_id=9&option=com_phpshop,20080419131103,skip
http://www.press.sk:80/?page=shop.flypage&product_id=3124&category_id=9&option=com_phpshop,https://web.archive.org/web/20080214025940/http://www.press.sk:80/?page=shop.flypage&product_id=3124&category_id=9&option=com_phpshop,20080214025940,skip
http://www.press.sk:80/?page=shop.flypage&product_id=3124&category_id=9&option=com_phpshop,https://web.archive.org/web/20080419115124/http://www.press.sk:80/?page=shop.flypage&product_id=3124&category_id=9&option=com_phpshop,20080419115124,skip
http://www.press.sk:80/?page=shop.flypage&product_id=3161&category_id=9&option=com_phpshop,https://web.archive.org/web/20071105165048/http://www.press.sk:80/?page=shop.flypage&product_id=3161&category_id=9&option=com_phpshop,20071105165048,skip
http://www.press.sk:80/?page=shop.flypage&product_id=3172&category_id=9&option=com_phpshop,https://web.archive.org/web/20071105165053/http://www.press.sk:80/?page=shop.flypage&product_id=3172&category_id=9&option=com_phpshop,20071105165053,skip
http://www.press.sk:80/?page=shop.flypage&product_id=3543&category_id=9&option=com_phpshop,https://web.archive.org/web/20071105165059/http://www.press.sk:80/?page=shop.flypage&product_id=3543&category_id=9&option=com_phpshop,20071105165059,skip
http://www.press.sk:80/?page=shop.flypage&product_id=3681&category_id=9&option=com_phpshop,https://web.archive.org/web/20080214025945/http://www.press.sk:80/?page=shop.flypage&product_id=3681&category_id=9&option=com_phpshop,20080214025945,skip
http://www.press.sk:80/?page=shop.flypage&product_id=3681&category_id=9&option=com_phpshop,https://web.archive.org/web/20080419142916/http://www.press.sk:80/?page=shop.flypage&product_id=3681&category_id=9&option=com_phpshop,20080419142916,skip
http://www.press.sk:80/?page=shop.flypage&product_id=43&category_id=9&option=com_phpshop,https://web.archive.org/web/20080214025950/http://www.press.sk:80/?page=shop.flypage&product_id=43&category_id=9&option=com_phpshop,20080214025950,skip
http://www.press.sk:80/?page=shop.flypage&product_id=43&category_id=9&option=com_phpshop,https://web.archive.org/web/20080419131108/http://www.press.sk:80/?page=shop.flypage&product_id=43&category_id=9&option=com_phpshop,20080419131108,skip
http://www.press.sk:80/?page=shop.flypage&product_id=445&category_id=9&option=com_phpshop,https://web.archive.org/web/20071105165104/http://www.press.sk:80/?page=shop.flypage&product_id=445&category_id=9&option=com_phpshop,20071105165104,skip
http://www.press.sk:80/?page=shop.flypage&product_id=445&category_id=9&option=com_phpshop,https://web.archive.org/web/20080214025956/http://www.press.sk:80/?page=shop.flypage&product_id=445&category_id=9&option=com_phpshop,20080214025956,skip
http://www.press.sk:80/?page=shop.flypage&product_id=445&category_id=9&option=com_phpshop,https://web.archive.org/web/20080419131114/http://www.press.sk:80/?page=shop.flypage&product_id=445&category_id=9&option=com_phpshop,20080419131114,skip
http://www.press.sk:80/?page=shop.flypage&product_id=47&category_id=9&option=com_phpshop,https://web.archive.org/web/20080214030002/http://www.press.sk:80/?page=shop.flypage&product_id=47&category_id=9&option=com_phpshop,20080214030002,skip
http://www.press.sk:80/?page=shop.flypage&product_id=47&category_id=9&option=com_phpshop,https://web.archive.org/web/20080419120112/http://www.press.sk:80/?page=shop.flypage&product_id=47&category_id=9&option=com_phpshop,20080419120112,skip
http://www.press.sk:80/?page=shop.flypage&product_id=54&category_id=9&option=com_phpshop,https://web.archive.org/web/20071105165109/http://www.press.sk:80/?page=shop.flypage&product_id=54&category_id=9&option=com_phpshop,20071105165109,skip
http://www.press.sk:80/?page=shop.flypage&product_id=59&category_id=9&option=com_phpshop,https://web.archive.org/web/20080214030007/http://www.press.sk:80/?page=shop.flypage&product_id=59&category_id=9&option=com_phpshop,20080214030007,skip
http://www.press.sk:80/?page=shop.flypage&product_id=59&category_id=9&option=com_phpshop,https://web.archive.org/web/20080419082432/http://www.press.sk:80/?page=shop.flypage&product_id=59&category_id=9&option=com_phpshop,20080419082432,skip
http://www.press.sk:80/?page=shop.flypage&product_id=742&category_id=9&option=com_phpshop,https://web.archive.org/web/20080214030012/http://www.press.sk:80/?page=shop.flypage&product_id=742&category_id=9&option=com_phpshop,20080214030012,skip
http://www.press.sk:80/?page=shop.flypage&product_id=742&category_id=9&option=com_phpshop,https://web.archive.org/web/20080419114140/http://www.press.sk:80/?page=shop.flypage&product_id=742&category_id=9&option=com_phpshop,20080419114140,skip
http://www.press.sk:80/?page=shop.flypage&product_id=889&category_id=9&option=com_phpshop,https://web.archive.org/web/20080214030017/http://www.press.sk:80/?page=shop.flypage&product_id=889&category_id=9&option=com_phpshop,20080214030017,skip
http://www.press.sk:80/?page=shop.flypage&product_id=889&category_id=9&option=com_phpshop,https://web.archive.org/web/20080419131118/http://www.press.sk:80/?page=shop.flypage&product_id=889&category_id=9&option=com_phpshop,20080419131118,skip
http://press.sk:80/?page=shop.browse&root=10&category_id=91&option=com_phpshop,https://web.archive.org/web/20071011083047/http://press.sk:80/?page=shop.browse&root=10&category_id=91&option=com_phpshop,20071011083047,skip
http://www.press.sk:80/?page=shop.browse&root=10&category_id=91&option=com_phpshop,https://web.archive.org/web/20071210175428/http://www.press.sk:80/?page=shop.browse&root=10&category_id=91&option=com_phpshop,20071210175428,skip
http://www.press.sk:80/?page=shop.browse&root=10&category_id=91&option=com_phpshop,https://web.archive.org/web/20080210061511/http://www.press.sk:80/?page=shop.browse&root=10&category_id=91&option=com_phpshop,20080210061511,skip
http://www.press.sk:80/?page=shop.browse&root=10&category_id=91&option=com_phpshop,https://web.archive.org/web/20080211120502/http://www.press.sk:80/?page=shop.browse&root=10&category_id=91&option=com_phpshop,20080211120502,skip
http://www.press.sk:80/?page=shop.browse&root=10&category_id=91&option=com_phpshop,https://web.archive.org/web/20080419120105/http://www.press.sk:80/?page=shop.browse&root=10&category_id=91&option=com_phpshop,20080419120105,skip
http://www.press.sk:80/?page=shop.browse&root=10&category_id=91&option=com_phpshop,https://web.archive.org/web/20080618164905/http://www.press.sk:80/?page=shop.browse&root=10&category_id=91&option=com_phpshop,20080618164905,skip
http://www.press.sk:80/?page=shop.browse&root=10&category_id=91&option=com_phpshop,https://web.archive.org/web/20081012224945/http://www.press.sk:80/?page=shop.browse&root=10&category_id=91&option=com_phpshop,20081012224945,skip
http://www.press.sk:80/?page=shop.flypage&product_id=3455&category_id=91&option=com_phpshop,https://web.archive.org/web/20071217101353/http://www.press.sk:80/?page=shop.flypage&product_id=3455&category_id=91&option=com_phpshop,20071217101353,skip
http://press.sk:80/?page=shop.browse&root=10&category_id=96&option=com_phpshop,https://web.archive.org/web/20071011090028/http://press.sk:80/?page=shop.browse&root=10&category_id=96&option=com_phpshop,20071011090028,skip
http://www.press.sk:80/?page=shop.browse&root=10&category_id=96&option=com_phpshop,https://web.archive.org/web/20071211011104/http://www.press.sk:80/?page=shop.browse&root=10&category_id=96&option=com_phpshop,20071211011104,skip
http://www.press.sk:80/?page=shop.browse&root=10&category_id=96&option=com_phpshop,https://web.archive.org/web/20080210060622/http://www.press.sk:80/?page=shop.browse&root=10&category_id=96&option=com_phpshop,20080210060622,skip
http://www.press.sk:80/?page=shop.browse&root=10&category_id=96&option=com_phpshop,https://web.archive.org/web/20080211120507/http://www.press.sk:80/?page=shop.browse&root=10&category_id=96&option=com_phpshop,20080211120507,skip
http://www.press.sk:80/?page=shop.browse&root=10&category_id=96&option=com_phpshop,https://web.archive.org/web/20080419115507/http://www.press.sk:80/?page=shop.browse&root=10&category_id=96&option=com_phpshop,20080419115507,skip
http://www.press.sk:80/?page=shop.browse&root=10&category_id=96&option=com_phpshop,https://web.archive.org/web/20080618164911/http://www.press.sk:80/?page=shop.browse&root=10&category_id=96&option=com_phpshop,20080618164911,skip
http://www.press.sk:80/?page=shop.browse&root=10&category_id=96&option=com_phpshop,https://web.archive.org/web/20081012224950/http://www.press.sk:80/?page=shop.browse&root=10&category_id=96&option=com_phpshop,20081012224950,skip
http://www.press.sk:80/?phpshop=c46062b74060220937424444bff050a8,https://web.archive.org/web/20050325101906/http://www.press.sk:80/?phpshop=c46062b74060220937424444bff050a8,20050325101906,skip
http://www.press.sk:80/?utm_source=newsletter&utm_campaign=April_2010&utm_medium=archive,https://web.archive.org/web/20100427214349/http://www.press.sk:80/?utm_source=newsletter&utm_campaign=April_2010&utm_medium=archive,20100427214349,skip
http://www.press.sk:80/?utm_source=newsletter&utm_campaign=April_2010&utm_medium=archive,https://web.archive.org/web/20100427214349/http://www.press.sk:80/?utm_source=newsletter&utm_campaign=April_2010&utm_medium=archive,20100427214349,skip
https://www.press.sk/?utm_source=newsletter&utm_campaign=April_2010&utm_medium=archive,https://web.archive.org/web/20190820055339/https://www.press.sk/?utm_source=newsletter&utm_campaign=April_2010&utm_medium=archive,20190820055339,skip
https://www.press.sk/?utm_source=newsletter&utm_campaign=April_2012&utm_medium=archive,https://web.archive.org/web/20190825013859/https://www.press.sk/?utm_source=newsletter&utm_campaign=April_2012&utm_medium=archive,20190825013859,skip
https://www.press.sk/?utm_source=newsletter&utm_campaign=April_2014&utm_medium=archive,https://web.archive.org/web/20190821044415/https://www.press.sk/?utm_source=newsletter&utm_campaign=April_2014&utm_medium=archive,20190821044415,skip
https://www.press.sk/?utm_source=newsletter&utm_campaign=April_2014&utm_medium=archive,https://web.archive.org/web/20190821110853/https://www.press.sk/?utm_source=newsletter&utm_campaign=April_2014&utm_medium=archive,20190821110853,skip
https://www.press.sk/?utm_source=newsletter&utm_campaign=August_2011&utm_medium=archive,https://web.archive.org/web/20190820054653/https://www.press.sk/?utm_source=newsletter&utm_campaign=August_2011&utm_medium=archive,20190820054653,skip
https://www.press.sk/?utm_source=newsletter&utm_campaign=August_2012&utm_medium=archive,https://web.archive.org/web/20190825220206/https://www.press.sk/?utm_source=newsletter&utm_campaign=August_2012&utm_medium=archive,20190825220206,skip
https://www.press.sk/?utm_source=newsletter&utm_campaign=August_2013&utm_medium=archive,https://web.archive.org/web/20190822004601/https://www.press.sk/?utm_source=newsletter&utm_campaign=August_2013&utm_medium=archive,20190822004601,skip
https://www.press.sk/?utm_source=newsletter&utm_campaign=August_2013&utm_medium=archive,https://web.archive.org/web/20190824000629/https://www.press.sk/?utm_source=newsletter&utm_campaign=August_2013&utm_medium=archive,20190824000629,skip
https://www.press.sk/?utm_source=newsletter&utm_campaign=August_2013_special&utm_medium=archive,https://web.archive.org/web/20190825011508/https://www.press.sk/?utm_source=newsletter&utm_campaign=August_2013_special&utm_medium=archive,20190825011508,skip
https://www.press.sk/?utm_source=newsletter&utm_campaign=August_2014&utm_medium=archive,https://web.archive.org/web/20190825220415/https://www.press.sk/?utm_source=newsletter&utm_campaign=August_2014&utm_medium=archive,20190825220415,skip
https://www.press.sk/?utm_source=newsletter&utm_campaign=August_2014&utm_medium=archive,https://web.archive.org/web/20190923075607/https://www.press.sk/?utm_source=newsletter&utm_campaign=August_2014&utm_medium=archive,20190923075607,skip
https://www.press.sk/?utm_source=newsletter&utm_campaign=August_2014&utm_medium=archive,https://web.archive.org/web/20191015070151/https://www.press.sk/?utm_source=newsletter&utm_campaign=August_2014&utm_medium=archive,20191015070151,skip
https://www.press.sk/?utm_source=newsletter&utm_campaign=August_2014&utm_medium=archive,https://web.archive.org/web/20191114100623/https://www.press.sk/?utm_source=newsletter&utm_campaign=August_2014&utm_medium=archive,20191114100623,skip
https://www.press.sk/?utm_source=newsletter&utm_campaign=August_2014&utm_medium=archive,https://web.archive.org/web/20191207060715/https://www.press.sk/?utm_source=newsletter&utm_campaign=August_2014&utm_medium=archive,20191207060715,skip
http://www.press.sk/?utm_campaign=azet-katalog&utm_medium=profil&utm_source=azet.sk,https://web.archive.org/web/20160314110147/http://www.press.sk/?utm_campaign=azet-katalog&utm_medium=profil&utm_source=azet.sk,20160314110147,skip
https://www.press.sk/?utm_source=newsletter&utm_campaign=December_2010&utm_medium=archive,https://web.archive.org/web/20190820055157/https://www.press.sk/?utm_source=newsletter&utm_campaign=December_2010&utm_medium=archive,20190820055157,skip
https://www.press.sk/?utm_source=newsletter&utm_campaign=December_2011&utm_medium=archive,https://web.archive.org/web/20190824002247/https://www.press.sk/?utm_source=newsletter&utm_campaign=December_2011&utm_medium=archive,20190824002247,skip
https://www.press.sk/?utm_source=newsletter&utm_campaign=December_2012&utm_medium=archive,https://web.archive.org/web/20190824010811/https://www.press.sk/?utm_source=newsletter&utm_campaign=December_2012&utm_medium=archive,20190824010811,skip
https://www.press.sk/?utm_source=newsletter&utm_campaign=December_2012&utm_medium=archive,https://web.archive.org/web/20190825003351/https://www.press.sk/?utm_source=newsletter&utm_campaign=December_2012&utm_medium=archive,20190825003351,skip
https://www.press.sk/?utm_source=newsletter&utm_campaign=December_2013&utm_medium=archive,https://web.archive.org/web/20190825002514/https://www.press.sk/?utm_source=newsletter&utm_campaign=December_2013&utm_medium=archive,20190825002514,skip
https://www.press.sk/?utm_source=newsletter&utm_campaign=Februar_2014&utm_medium=archive,https://web.archive.org/web/20190825000754/https://www.press.sk/?utm_source=newsletter&utm_campaign=Februar_2014&utm_medium=archive,20190825000754,skip
https://www.press.sk/?utm_source=newsletter&utm_campaign=Januar_2011&utm_medium=archive,https://web.archive.org/web/20190820055245/https://www.press.sk/?utm_source=newsletter&utm_campaign=Januar_2011&utm_medium=archive,20190820055245,skip
https://www.press.sk/?utm_source=newsletter&utm_campaign=Januar_2012&utm_medium=archive,https://web.archive.org/web/20190824000258/https://www.press.sk/?utm_source=newsletter&utm_campaign=Januar_2012&utm_medium=archive,20190824000258,skip
https://www.press.sk/?utm_source=newsletter&utm_campaign=Januar_2012&utm_medium=archive,https://web.archive.org/web/20190825004443/https://www.press.sk/?utm_source=newsletter&utm_campaign=Januar_2012&utm_medium=archive,20190825004443,skip
https://www.press.sk/?utm_source=newsletter&utm_campaign=Januar_2013&utm_medium=archive,https://web.archive.org/web/20190825230150/https://www.press.sk/?utm_source=newsletter&utm_campaign=Januar_2013&utm_medium=archive,20190825230150,skip
https://www.press.sk/?utm_source=newsletter&utm_campaign=Januar_2014&utm_medium=archive,https://web.archive.org/web/20190825220942/https://www.press.sk/?utm_source=newsletter&utm_campaign=Januar_2014&utm_medium=archive,20190825220942,skip
http://www.press.sk:80/?utm_source=newsletter&utm_campaign=Jul_2011&utm_medium=archive,https://web.archive.org/web/20110720043709/http://www.press.sk:80/?utm_source=newsletter&utm_campaign=Jul_2011&utm_medium=archive,20110720043709,skip
https://www.press.sk/?utm_source=newsletter&utm_campaign=Jul_2011&utm_medium=archive,https://web.archive.org/web/20190820055422/https://www.press.sk/?utm_source=newsletter&utm_campaign=Jul_2011&utm_medium=archive,20190820055422,skip
https://www.press.sk/?utm_source=newsletter&utm_campaign=Jul_2012&utm_medium=archive,https://web.archive.org/web/20190824000139/https://www.press.sk/?utm_source=newsletter&utm_campaign=Jul_2012&utm_medium=archive,20190824000139,skip
https://www.press.sk/?utm_source=newsletter&utm_campaign=Jul_2014&utm_medium=archive,https://web.archive.org/web/20190825231142/https://www.press.sk/?utm_source=newsletter&utm_campaign=Jul_2014&utm_medium=archive,20190825231142,skip
https://www.press.sk/?utm_source=newsletter&utm_campaign=Jun_2011&utm_medium=archive,https://web.archive.org/web/20190820060035/https://www.press.sk/?utm_source=newsletter&utm_campaign=Jun_2011&utm_medium=archive,20190820060035,skip
https://www.press.sk/?utm_source=newsletter&utm_campaign=Jun_2013&utm_medium=archive,https://web.archive.org/web/20190824004244/https://www.press.sk/?utm_source=newsletter&utm_campaign=Jun_2013&utm_medium=archive,20190824004244,skip
https://www.press.sk/?utm_source=newsletter&utm_campaign=Jun_2014&utm_medium=archive,https://web.archive.org/web/20190825004027/https://www.press.sk/?utm_source=newsletter&utm_campaign=Jun_2014&utm_medium=archive,20190825004027,skip
https://www.press.sk/?utm_source=newsletter&utm_campaign=Maj_2010&utm_medium=archive,https://web.archive.org/web/20190820055132/https://www.press.sk/?utm_source=newsletter&utm_campaign=Maj_2010&utm_medium=archive,20190820055132,skip
https://www.press.sk/?utm_source=newsletter&utm_campaign=Maj_2011&utm_medium=archive,https://web.archive.org/web/20190820054450/https://www.press.sk/?utm_source=newsletter&utm_campaign=Maj_2011&utm_medium=archive,20190820054450,skip
https://www.press.sk/?utm_source=newsletter&utm_campaign=Maj_2012&utm_medium=archive,https://web.archive.org/web/20190825220217/https://www.press.sk/?utm_source=newsletter&utm_campaign=Maj_2012&utm_medium=archive,20190825220217,skip
https://www.press.sk/?utm_source=newsletter&utm_campaign=Maj_2012_special&utm_medium=archive,https://web.archive.org/web/20190822002042/https://www.press.sk/?utm_source=newsletter&utm_campaign=Maj_2012_special&utm_medium=archive,20190822002042,skip
https://www.press.sk/?utm_source=newsletter&utm_campaign=Maj_2013&utm_medium=archive,https://web.archive.org/web/20190824002749/https://www.press.sk/?utm_source=newsletter&utm_campaign=Maj_2013&utm_medium=archive,20190824002749,skip
https://www.press.sk/?utm_source=newsletter&utm_campaign=Maj_2013&utm_medium=archive,https://web.archive.org/web/20190825001255/https://www.press.sk/?utm_source=newsletter&utm_campaign=Maj_2013&utm_medium=archive,20190825001255,skip
https://www.press.sk/?utm_source=newsletter&utm_campaign=Maj_2013_special&utm_medium=archive,https://web.archive.org/web/20190822003736/https://www.press.sk/?utm_source=newsletter&utm_campaign=Maj_2013_special&utm_medium=archive,20190822003736,skip
https://www.press.sk/?utm_source=newsletter&utm_campaign=Maj_2014&utm_medium=archive,https://web.archive.org/web/20190821111010/https://www.press.sk/?utm_source=newsletter&utm_campaign=Maj_2014&utm_medium=archive,20190821111010,skip
https://www.press.sk/?utm_source=newsletter&utm_campaign=Marec_2010&utm_medium=email,https://web.archive.org/web/20190820054401/https://www.press.sk/?utm_source=newsletter&utm_campaign=Marec_2010&utm_medium=email,20190820054401,skip
https://www.press.sk/?utm_source=newsletter&utm_campaign=Marec_2011&utm_medium=archive,https://web.archive.org/web/20190820054338/https://www.press.sk/?utm_source=newsletter&utm_campaign=Marec_2011&utm_medium=archive,20190820054338,skip
https://www.press.sk/?utm_source=newsletter&utm_campaign=Marec_2012&utm_medium=archive,https://web.archive.org/web/20190825225204/https://www.press.sk/?utm_source=newsletter&utm_campaign=Marec_2012&utm_medium=archive,20190825225204,skip
https://www.press.sk/?utm_source=newsletter&utm_campaign=Marec_2013&utm_medium=archive,https://web.archive.org/web/20190821043328/https://www.press.sk/?utm_source=newsletter&utm_campaign=Marec_2013&utm_medium=archive,20190821043328,skip
https://www.press.sk/?utm_source=newsletter&utm_campaign=Marec_2013&utm_medium=archive,https://web.archive.org/web/20190825221550/https://www.press.sk/?utm_source=newsletter&utm_campaign=Marec_2013&utm_medium=archive,20190825221550,skip
https://www.press.sk/?utm_source=newsletter&utm_campaign=Marec_2013_special&utm_medium=archive,https://web.archive.org/web/20190822004904/https://www.press.sk/?utm_source=newsletter&utm_campaign=Marec_2013_special&utm_medium=archive,20190822004904,skip
https://www.press.sk/?utm_source=newsletter&utm_campaign=Marec_2014&utm_medium=archive,https://web.archive.org/web/20190821110814/https://www.press.sk/?utm_source=newsletter&utm_campaign=Marec_2014&utm_medium=archive,20190821110814,skip
https://www.press.sk/?utm_source=newsletter&utm_campaign=November_2010&utm_medium=archive,https://web.archive.org/web/20190820055458/https://www.press.sk/?utm_source=newsletter&utm_campaign=November_2010&utm_medium=archive,20190820055458,skip
https://www.press.sk/?utm_source=newsletter&utm_campaign=November_2011&utm_medium=archive,https://web.archive.org/web/20190820231428/https://www.press.sk/?utm_source=newsletter&utm_campaign=November_2011&utm_medium=archive,20190820231428,skip
https://www.press.sk/?utm_source=newsletter&utm_campaign=November_2012&utm_medium=archive,https://web.archive.org/web/20190824000350/https://www.press.sk/?utm_source=newsletter&utm_campaign=November_2012&utm_medium=archive,20190824000350,skip
https://www.press.sk/?utm_source=newsletter&utm_campaign=November_2012&utm_medium=archive,https://web.archive.org/web/20190825001001/https://www.press.sk/?utm_source=newsletter&utm_campaign=November_2012&utm_medium=archive,20190825001001,skip
https://www.press.sk/?utm_source=newsletter&utm_campaign=November_2013&utm_medium=archive,https://web.archive.org/web/20190821053524/https://www.press.sk/?utm_source=newsletter&utm_campaign=November_2013&utm_medium=archive,20190821053524,skip
https://www.press.sk/?utm_source=newsletter&utm_campaign=November_2013&utm_medium=archive,https://web.archive.org/web/20190825220552/https://www.press.sk/?utm_source=newsletter&utm_campaign=November_2013&utm_medium=archive,20190825220552,skip
https://www.press.sk/?utm_source=newsletter&utm_campaign=November_2013_special&utm_medium=archive,https://web.archive.org/web/20190825221028/https://www.press.sk/?utm_source=newsletter&utm_campaign=November_2013_special&utm_medium=archive,20190825221028,skip
https://www.press.sk/?utm_source=newsletter&utm_campaign=November_2014&utm_medium=archive,https://web.archive.org/web/20190825003400/https://www.press.sk/?utm_source=newsletter&utm_campaign=November_2014&utm_medium=archive,20190825003400,skip
https://www.press.sk/?utm_source=newsletter&utm_campaign=Oktober_2010&utm_medium=archive,https://web.archive.org/web/20190820055834/https://www.press.sk/?utm_source=newsletter&utm_campaign=Oktober_2010&utm_medium=archive,20190820055834,skip
https://www.press.sk/?utm_source=newsletter&utm_campaign=Oktober_2011&utm_medium=archive,https://web.archive.org/web/20190820231110/https://www.press.sk/?utm_source=newsletter&utm_campaign=Oktober_2011&utm_medium=archive,20190820231110,skip
https://www.press.sk/?utm_source=newsletter&utm_campaign=Oktober_2013&utm_medium=archive,https://web.archive.org/web/20190825013322/https://www.press.sk/?utm_source=newsletter&utm_campaign=Oktober_2013&utm_medium=archive,20190825013322,skip
https://www.press.sk/?utm_source=newsletter&utm_campaign=september_2010&utm_medium=archive,https://web.archive.org/web/20190820054806/https://www.press.sk/?utm_source=newsletter&utm_campaign=september_2010&utm_medium=archive,20190820054806,skip
https://www.press.sk/?utm_source=newsletter&utm_campaign=September_2010&utm_medium=archive,https://web.archive.org/web/20190820055043/https://www.press.sk/?utm_source=newsletter&utm_campaign=September_2010&utm_medium=archive,20190820055043,skip
https://www.press.sk/?utm_source=newsletter&utm_campaign=September_2010_extra&utm_medium=archive,https://web.archive.org/web/20190820054847/https://www.press.sk/?utm_source=newsletter&utm_campaign=September_2010_extra&utm_medium=archive,20190820054847,skip
http://www.press.sk:80/?utm_source=newsletter&utm_campaign=September_2011_special&utm_medium=archive,https://web.archive.org/web/20120610003758/http://www.press.sk:80/?utm_source=newsletter&utm_campaign=September_2011_special&utm_medium=archive,20120610003758,skip
https://www.press.sk/?utm_source=newsletter&utm_campaign=September_2011_special&utm_medium=archive,https://web.archive.org/web/20190820054613/https://www.press.sk/?utm_source=newsletter&utm_campaign=September_2011_special&utm_medium=archive,20190820054613,skip
https://www.press.sk/?utm_source=newsletter&utm_campaign=September_2012&utm_medium=archive,https://web.archive.org/web/20190824000717/https://www.press.sk/?utm_source=newsletter&utm_campaign=September_2012&utm_medium=archive,20190824000717,skip
https://www.press.sk/?utm_source=newsletter&utm_campaign=September_2012_special&utm_medium=archive,https://web.archive.org/web/20190920230239/https://www.press.sk/?utm_source=newsletter&utm_campaign=September_2012_special&utm_medium=archive,20190920230239,skip
https://www.press.sk/?utm_source=newsletter&utm_campaign=September_2013&utm_medium=archive,https://web.archive.org/web/20190824003350/https://www.press.sk/?utm_source=newsletter&utm_campaign=September_2013&utm_medium=archive,20190824003350,skip
http://www.press.sk/?utm_kampan=azet-katalog&utm_medium=profil&utm_source=azet.sk,https://web.archive.org/web/20160313073212/http://www.press.sk/?utm_kampan=azet-katalog&utm_medium=profil&utm_source=azet.sk,20160313073212,skip
http://www.press.sk:80/?utm_source=azet.sk&utm_medium=kampan,https://web.archive.org/web/20140313143851/http://www.press.sk:80/?utm_source=azet.sk&utm_medium=kampan,20140313143851,skip
https://www.press.sk/administrator/components/com_shop/css/edit.svg,https://web.archive.org/web/20200107104002/https://www.press.sk/administrator/components/com_shop/css/edit.svg,20200107104002,skip
https://www.press.sk/administrator/components/com_shop/css/edit.svg,https://web.archive.org/web/20201010192845/https://www.press.sk/administrator/components/com_shop/css/edit.svg,20201010192845,skip
https://www.press.sk/administrator/components/com_shop/css/edit.svg,https://web.archive.org/web/20210121151528/https://www.press.sk/administrator/components/com_shop/css/edit.svg,20210121151528,skip
https://www.press.sk/administrator/components/com_shop/css/edit.svg,https://web.archive.org/web/20210429105335/https://www.press.sk/administrator/components/com_shop/css/edit.svg,20210429105335,skip
https://www.press.sk/administrator/components/com_shop/css/edit.svg,https://web.archive.org/web/20210517043636/https://www.press.sk/administrator/components/com_shop/css/edit.svg,20210517043636,skip
https://www.press.sk/administrator/components/com_shop/css/edit.svg,https://web.archive.org/web/20231116012728/https://www.press.sk/administrator/components/com_shop/css/edit.svg,20231116012728,skip
https://www.press.sk/administrator/components/com_shop/css/edit.svg,https://web.archive.org/web/20240507235040/https://www.press.sk/administrator/components/com_shop/css/edit.svg,20240507235040,skip
https://www.press.sk/administrator/components/com_shop/css/edit.svg,https://web.archive.org/web/20251018104611/https://www.press.sk/administrator/components/com_shop/css/edit.svg,20251018104611,skip
https://www.press.sk/administrator/components/com_shop/html/product_stock_availibility_label/product_stock_availibility_label.js,https://web.archive.org/web/20220617211854/https://www.press.sk/administrator/components/com_shop/html/product_stock_availibility_label/product_stock_availibility_label.js,20220617211854,skip
https://www.press.sk/administrator/components/com_shop/html/product_stock_availibility_label/product_stock_availibility_label.js?1568708891,https://web.archive.org/web/20201009142450/https://www.press.sk/administrator/components/com_shop/html/product_stock_availibility_label/product_stock_availibility_label.js?1568708891,20201009142450,skip
https://www.press.sk/administrator/components/com_shop/html/product_stock_availibility_label/product_stock_availibility_label.js?1568708891,https://web.archive.org/web/20210120083125/https://www.press.sk/administrator/components/com_shop/html/product_stock_availibility_label/product_stock_availibility_label.js?1568708891,20210120083125,skip
https://www.press.sk/administrator/components/com_shop/html/product_stock_availibility_label/product_stock_availibility_label.js?1568708891,https://web.archive.org/web/20210516120120/https://www.press.sk/administrator/components/com_shop/html/product_stock_availibility_label/product_stock_availibility_label.js?1568708891,20210516120120,skip
https://www.press.sk/administrator/components/com_shop/html/product_stock_availibility_label/product_stock_availibility_label.js?1652080323,https://web.archive.org/web/20220617211807/https://www.press.sk/administrator/components/com_shop/html/product_stock_availibility_label/product_stock_availibility_label.js?1652080323,20220617211807,skip
https://www.press.sk/administrator/components/com_shop/html/product_stock_availibility_label/product_stock_availibility_label.js?1662465538,https://web.archive.org/web/20221212000242/https://www.press.sk/administrator/components/com_shop/html/product_stock_availibility_label/product_stock_availibility_label.js?1662465538,20221212000242,skip
https://www.press.sk/administrator/components/com_shop/html/product_stock_availibility_label/product_stock_availibility_label.js?1662465538,https://web.archive.org/web/20221212000256/https://www.press.sk/administrator/components/com_shop/html/product_stock_availibility_label/product_stock_availibility_label.js?1662465538,20221212000256,skip
https://www.press.sk/administrator/components/com_shop/html/product_stock_availibility_label/product_stock_availibility_label.js?1662465538,https://web.archive.org/web/20221221140232/https://www.press.sk/administrator/components/com_shop/html/product_stock_availibility_label/product_stock_availibility_label.js?1662465538,20221221140232,skip
https://www.press.sk/administrator/components/com_shop/html/product_stock_availibility_label/product_stock_availibility_label.js?1675838925,https://web.archive.org/web/20230301194410/https://www.press.sk/administrator/components/com_shop/html/product_stock_availibility_label/product_stock_availibility_label.js?1675838925,20230301194410,skip
https://www.press.sk/administrator/components/com_shop/html/product_stock_availibility_label/product_stock_availibility_label.js?1675838925,https://web.archive.org/web/20230502163149/https://www.press.sk/administrator/components/com_shop/html/product_stock_availibility_label/product_stock_availibility_label.js?1675838925,20230502163149,skip
https://www.press.sk/administrator/components/com_shop/html/product_stock_availibility_label/product_stock_availibility_label.js?1688631968,https://web.archive.org/web/20230711143154/https://www.press.sk/administrator/components/com_shop/html/product_stock_availibility_label/product_stock_availibility_label.js?1688631968,20230711143154,skip
https://www.press.sk/administrator/components/com_shop/html/product_stock_availibility_label/product_stock_availibility_label.js?1694377302,https://web.archive.org/web/20231014163703/https://www.press.sk/administrator/components/com_shop/html/product_stock_availibility_label/product_stock_availibility_label.js?1694377302,20231014163703,skip
https://www.press.sk/administrator/components/com_shop/html/product_stock_availibility_label/product_stock_availibility_label.js?1703681414,https://web.archive.org/web/20240523114015/https://www.press.sk/administrator/components/com_shop/html/product_stock_availibility_label/product_stock_availibility_label.js?1703681414,20240523114015,skip
https://www.press.sk/administrator/components/com_shop/html/product_stock_availibility_label/product_stock_availibility_label.js?473202,https://web.archive.org/web/20251018030355/https://www.press.sk/administrator/components/com_shop/html/product_stock_availibility_label/product_stock_availibility_label.js?473202,20251018030355,skip
https://www.press.sk/administrator/components/com_shop/html/product_stock_availibility_label/product_stock_availibility_label.js?473202=,https://web.archive.org/web/20251112183203/https://www.press.sk/administrator/components/com_shop/html/product_stock_availibility_label/product_stock_availibility_label.js?473202=,20251112183203,skip
https://www.press.sk/administrator/components/com_shop/html/product_stock_availibility_label/product_stock_availibility_label.js?681414,https://web.archive.org/web/20241104094308/https://www.press.sk/administrator/components/com_shop/html/product_stock_availibility_label/product_stock_availibility_label.js?681414,20241104094308,skip
https://www.press.sk/administrator/components/com_shop/html/product_stock_availibility_label/product_stock_availibility_label.js?681414,https://web.archive.org/web/20250312163840/https://www.press.sk/administrator/components/com_shop/html/product_stock_availibility_label/product_stock_availibility_label.js?681414,20250312163840,skip
https://www.press.sk/administrator/components/com_shop/html/product_stock_availibility_label/product_stock_availibility_label.js?68708891,https://web.archive.org/web/20200203085416/https://www.press.sk/administrator/components/com_shop/html/product_stock_availibility_label/product_stock_availibility_label.js?68708891,20200203085416,skip
https://www.press.sk/administrator/components/com_shop/html/product_stock_availibility_label/product_stock_availibility_label.js?68708891,https://web.archive.org/web/20200411111637/https://www.press.sk/administrator/components/com_shop/html/product_stock_availibility_label/product_stock_availibility_label.js?68708891,20200411111637,skip
https://www.press.sk/administrator/images/collapseall.png,https://web.archive.org/web/20171115022815/https://www.press.sk/administrator/images/collapseall.png,20171115022815,skip
https://www.press.sk/administrator/images/collapseall.png,https://web.archive.org/web/20181001044611/https://www.press.sk/administrator/images/collapseall.png,20181001044611,skip
https://www.press.sk/administrator/images/collapseall.png,https://web.archive.org/web/20200107103827/https://www.press.sk/administrator/images/collapseall.png,20200107103827,skip
https://www.press.sk/administrator/images/collapseall.png,https://web.archive.org/web/20201010192928/https://www.press.sk/administrator/images/collapseall.png,20201010192928,skip
https://www.press.sk/administrator/images/collapseall.png,https://web.archive.org/web/20210121151502/https://www.press.sk/administrator/images/collapseall.png,20210121151502,skip
https://www.press.sk/administrator/images/collapseall.png,https://web.archive.org/web/20210429105355/https://www.press.sk/administrator/images/collapseall.png,20210429105355,skip
https://www.press.sk/administrator/images/collapseall.png,https://web.archive.org/web/20210517043625/https://www.press.sk/administrator/images/collapseall.png,20210517043625,skip
https://www.press.sk/administrator/images/collapseall.png,https://web.archive.org/web/20231116012719/https://www.press.sk/administrator/images/collapseall.png,20231116012719,skip
https://www.press.sk/administrator/images/collapseall.png,https://web.archive.org/web/20240507235025/https://www.press.sk/administrator/images/collapseall.png,20240507235025,skip
https://www.press.sk/administrator/images/collapseall.png,https://web.archive.org/web/20251018104558/https://www.press.sk/administrator/images/collapseall.png,20251018104558,skip
https://www.press.sk/administrator/images/expandall.png,https://web.archive.org/web/20171115032618/https://www.press.sk/administrator/images/expandall.png,20171115032618,skip
https://www.press.sk/administrator/images/expandall.png,https://web.archive.org/web/20181001050251/https://www.press.sk/administrator/images/expandall.png,20181001050251,skip
https://www.press.sk/administrator/images/expandall.png,https://web.archive.org/web/20200107103836/https://www.press.sk/administrator/images/expandall.png,20200107103836,skip
https://www.press.sk/administrator/images/expandall.png,https://web.archive.org/web/20201010192928/https://www.press.sk/administrator/images/expandall.png,20201010192928,skip
https://www.press.sk/administrator/images/expandall.png,https://web.archive.org/web/20210121151505/https://www.press.sk/administrator/images/expandall.png,20210121151505,skip
https://www.press.sk/administrator/images/expandall.png,https://web.archive.org/web/20210429105353/https://www.press.sk/administrator/images/expandall.png,20210429105353,skip
https://www.press.sk/administrator/images/expandall.png,https://web.archive.org/web/20210517043625/https://www.press.sk/administrator/images/expandall.png,20210517043625,skip
https://www.press.sk/administrator/images/expandall.png,https://web.archive.org/web/20231116012715/https://www.press.sk/administrator/images/expandall.png,20231116012715,skip
https://www.press.sk/administrator/images/expandall.png,https://web.archive.org/web/20240507235029/https://www.press.sk/administrator/images/expandall.png,20240507235029,skip
https://www.press.sk/administrator/images/expandall.png,https://web.archive.org/web/20251018104556/https://www.press.sk/administrator/images/expandall.png,20251018104556,skip
https://www.press.sk/administrator/images/newsletter_settings.png,https://web.archive.org/web/20171115023115/https://www.press.sk/administrator/images/newsletter_settings.png,20171115023115,skip
https://www.press.sk/administrator/images/newsletter_settings.png,https://web.archive.org/web/20181001050624/https://www.press.sk/administrator/images/newsletter_settings.png,20181001050624,skip
https://www.press.sk/administrator/images/newsletter_settings.png,https://web.archive.org/web/20200107103835/https://www.press.sk/administrator/images/newsletter_settings.png,20200107103835,skip
https://www.press.sk/administrator/images/newsletter_settings.png,https://web.archive.org/web/20201010192931/https://www.press.sk/administrator/images/newsletter_settings.png,20201010192931,skip
https://www.press.sk/administrator/images/newsletter_settings.png,https://web.archive.org/web/20210121151503/https://www.press.sk/administrator/images/newsletter_settings.png,20210121151503,skip
https://www.press.sk/administrator/images/newsletter_settings.png,https://web.archive.org/web/20210429105353/https://www.press.sk/administrator/images/newsletter_settings.png,20210429105353,skip
https://www.press.sk/administrator/images/newsletter_settings.png,https://web.archive.org/web/20210517043623/https://www.press.sk/administrator/images/newsletter_settings.png,20210517043623,skip
https://www.press.sk/administrator/images/newsletter_settings.png,https://web.archive.org/web/20231116012724/https://www.press.sk/administrator/images/newsletter_settings.png,20231116012724,skip
https://www.press.sk/administrator/images/newsletter_settings.png,https://web.archive.org/web/20240507235032/https://www.press.sk/administrator/images/newsletter_settings.png,20240507235032,skip
https://www.press.sk/administrator/images/newsletter_settings.png,https://web.archive.org/web/20251018104554/https://www.press.sk/administrator/images/newsletter_settings.png,20251018104554,skip
https://www.press.sk/administrator/images/orders/payment/ps_paylike.png,https://web.archive.org/web/20200223191244/https://www.press.sk/administrator/images/orders/payment/ps_paylike.png,20200223191244,skip
https://www.press.sk/administrator/images/orders/payment/ps_paylike.png,https://web.archive.org/web/20201010192932/https://www.press.sk/administrator/images/orders/payment/ps_paylike.png,20201010192932,skip
https://www.press.sk/administrator/images/orders/payment/ps_paylike.png,https://web.archive.org/web/20210121151506/https://www.press.sk/administrator/images/orders/payment/ps_paylike.png,20210121151506,skip
https://www.press.sk/administrator/images/orders/payment/ps_paylike.png,https://web.archive.org/web/20210429105354/https://www.press.sk/administrator/images/orders/payment/ps_paylike.png,20210429105354,skip
https://www.press.sk/administrator/images/orders/payment/ps_paylike.png,https://web.archive.org/web/20210517043622/https://www.press.sk/administrator/images/orders/payment/ps_paylike.png,20210517043622,skip
https://www.press.sk/administrator/images/orders/payment/ps_paylike.png,https://web.archive.org/web/20231116012724/https://www.press.sk/administrator/images/orders/payment/ps_paylike.png,20231116012724,skip
https://www.press.sk/administrator/images/orders/payment/ps_paylike.png,https://web.archive.org/web/20240507235035/https://www.press.sk/administrator/images/orders/payment/ps_paylike.png,20240507235035,skip
https://www.press.sk/administrator/images/orders/payment/ps_paylike.png,https://web.archive.org/web/20251018104556/https://www.press.sk/administrator/images/orders/payment/ps_paylike.png,20251018104556,skip
https://www.press.sk/administrator/images/unavailable_product.svg,https://web.archive.org/web/20171115030452/https://www.press.sk/administrator/images/unavailable_product.svg,20171115030452,skip
https://www.press.sk/administrator/images/unavailable_product.svg,https://web.archive.org/web/20181001051122/https://www.press.sk/administrator/images/unavailable_product.svg,20181001051122,skip
https://www.press.sk/administrator/images/unavailable_product.svg,https://web.archive.org/web/20200107103839/https://www.press.sk/administrator/images/unavailable_product.svg,20200107103839,skip
https://www.press.sk/administrator/images/unavailable_product.svg,https://web.archive.org/web/20201010192928/https://www.press.sk/administrator/images/unavailable_product.svg,20201010192928,skip
https://www.press.sk/administrator/images/unavailable_product.svg,https://web.archive.org/web/20210121151503/https://www.press.sk/administrator/images/unavailable_product.svg,20210121151503,skip
https://www.press.sk/administrator/images/unavailable_product.svg,https://web.archive.org/web/20210429105355/https://www.press.sk/administrator/images/unavailable_product.svg,20210429105355,skip
https://www.press.sk/administrator/images/unavailable_product.svg,https://web.archive.org/web/20210517043622/https://www.press.sk/administrator/images/unavailable_product.svg,20210517043622,skip
https://www.press.sk/administrator/images/unavailable_product.svg,https://web.archive.org/web/20231116012714/https://www.press.sk/administrator/images/unavailable_product.svg,20231116012714,skip
https://www.press.sk/administrator/images/unavailable_product.svg,https://web.archive.org/web/20240507235029/https://www.press.sk/administrator/images/unavailable_product.svg,20240507235029,skip
https://www.press.sk/administrator/images/unavailable_product.svg,https://web.archive.org/web/20251018104556/https://www.press.sk/administrator/images/unavailable_product.svg,20251018104556,skip
http://www.press.sk/aerohobby/,https://web.archive.org/web/20130511022437/http://www.press.sk/aerohobby/,20130511022437,skip
http://www.press.sk:80/aerohobby/,https://web.archive.org/web/20130727032920/http://www.press.sk:80/aerohobby/,20130727032920,skip
http://www.press.sk:80/aerohobby/,https://web.archive.org/web/20140110120858/http://www.press.sk:80/aerohobby/,20140110120858,skip
http://www.press.sk:80/aerohobby,https://web.archive.org/web/20150131064821/http://www.press.sk:80/aerohobby,20150131064821,skip
http://www.press.sk:80/aerohobby/,https://web.archive.org/web/20150203032328/http://www.press.sk:80/aerohobby/,20150203032328,skip
http://www.press.sk:80/aerohobby/,https://web.archive.org/web/20150910123815/http://www.press.sk:80/aerohobby/,20150910123815,skip
http://www.press.sk/aerohobby/,https://web.archive.org/web/20160407093341/http://www.press.sk/aerohobby/,20160407093341,skip
http://www.press.sk:80/aerohobby/,https://web.archive.org/web/20160511004357/http://www.press.sk:80/aerohobby/,20160511004357,skip
http://www.press.sk:80/aerohobby/,https://web.archive.org/web/20161001193257/http://www.press.sk:80/aerohobby/,20161001193257,skip
http://www.press.sk/aerohobby/,https://web.archive.org/web/20161104065932/http://www.press.sk/aerohobby/,20161104065932,skip
https://www.press.sk/aerohobby/,https://web.archive.org/web/20190826033305/https://www.press.sk/aerohobby/,20190826033305,skip
https://www.press.sk/aerohobby/,https://web.archive.org/web/20191019104904/https://www.press.sk/aerohobby/,20191019104904,skip
https://www.press.sk/aerohobby/,https://web.archive.org/web/20191206231955/https://www.press.sk/aerohobby/,20191206231955,skip
https://www.press.sk/aerohobby/,https://web.archive.org/web/20221212000254/https://www.press.sk/aerohobby/,20221212000254,skip
https://www.press.sk/aerohobby/,https://web.archive.org/web/20230311055243/https://www.press.sk/aerohobby/,20230311055243,skip
https://www.press.sk/aerohobby/,https://web.archive.org/web/20230624065721/https://www.press.sk/aerohobby/,20230624065721,skip
http://www.press.sk/aerohobby/aerohobby/,https://web.archive.org/web/20130623042125/http://www.press.sk/aerohobby/aerohobby/,20130623042125,skip
http://www.press.sk:80/aerohobby/aerohobby/,https://web.archive.org/web/20150203024438/http://www.press.sk:80/aerohobby/aerohobby/,20150203024438,skip
http://www.press.sk/aerohobby/aerohobby/,https://web.archive.org/web/20160319091439/http://www.press.sk/aerohobby/aerohobby/,20160319091439,skip
http://www.press.sk/aerohobby/aerohobby/,https://web.archive.org/web/20160328120752/http://www.press.sk/aerohobby/aerohobby/,20160328120752,skip
http://www.press.sk:80/aerohobby/aerohobby/,https://web.archive.org/web/20160720050858/http://www.press.sk:80/aerohobby/aerohobby/,20160720050858,skip
http://www.press.sk/aerohobby/aerohobby/,https://web.archive.org/web/20170415025916/http://www.press.sk/aerohobby/aerohobby/,20170415025916,skip
https://www.press.sk/aerohobby/aerohobby/,https://web.archive.org/web/20190724005814/https://www.press.sk/aerohobby/aerohobby/,20190724005814,skip
https://www.press.sk/aerohobby/aerohobby/,https://web.archive.org/web/20190820060716/https://www.press.sk/aerohobby/aerohobby/,20190820060716,skip
https://www.press.sk/aerohobby/aerohobby/,https://web.archive.org/web/20191017060316/https://www.press.sk/aerohobby/aerohobby/,20191017060316,skip
https://www.press.sk/aerohobby/aerohobby/,https://web.archive.org/web/20191019111710/https://www.press.sk/aerohobby/aerohobby/,20191019111710,skip
https://www.press.sk/aerohobby/aerohobby/,https://web.archive.org/web/20230319015235/https://www.press.sk/aerohobby/aerohobby/,20230319015235,skip
http://www.press.sk/aerohobby/aerohobby-42012/,https://web.archive.org/web/20130623012550/http://www.press.sk/aerohobby/aerohobby-42012/,20130623012550,skip
http://www.press.sk:80/aerohobby/aerohobby-42012/,https://web.archive.org/web/20150204025032/http://www.press.sk:80/aerohobby/aerohobby-42012/,20150204025032,skip
http://www.press.sk/aerohobby/aerohobby-42012/,https://web.archive.org/web/20170415030842/http://www.press.sk/aerohobby/aerohobby-42012/,20170415030842,skip
http://www.press.sk/aerohobby/aerohobby-52012/,https://web.archive.org/web/20130623015825/http://www.press.sk/aerohobby/aerohobby-52012/,20130623015825,skip
http://www.press.sk:80/aerohobby/aerohobby-52012/,https://web.archive.org/web/20150204025616/http://www.press.sk:80/aerohobby/aerohobby-52012/,20150204025616,skip
http://www.press.sk/aerohobby/aerohobby-52012/,https://web.archive.org/web/20170414170732/http://www.press.sk/aerohobby/aerohobby-52012/,20170414170732,skip
http://www.press.sk/aerohobby/aerohobby-c.012013/,https://web.archive.org/web/20130623023313/http://www.press.sk/aerohobby/aerohobby-c.012013/,20130623023313,skip
http://www.press.sk:80/aerohobby/aerohobby-c.012013/,https://web.archive.org/web/20150203024413/http://www.press.sk:80/aerohobby/aerohobby-c.012013/,20150203024413,skip
http://www.press.sk/aerohobby/aerohobby-c.012013/,https://web.archive.org/web/20170414205558/http://www.press.sk/aerohobby/aerohobby-c.012013/,20170414205558,skip
http://www.press.sk:80/aerohobby/aerohobby-c.012014/,https://web.archive.org/web/20150203032313/http://www.press.sk:80/aerohobby/aerohobby-c.012014/,20150203032313,skip
http://www.press.sk:80/aerohobby/aerohobby-c.012015/,https://web.archive.org/web/20150203032637/http://www.press.sk:80/aerohobby/aerohobby-c.012015/,20150203032637,skip
http://www.press.sk/aerohobby/aerohobby-c.012016/,https://web.archive.org/web/20170415031038/http://www.press.sk/aerohobby/aerohobby-c.012016/,20170415031038,skip
http://www.press.sk/aerohobby/aerohobby-c.022013/,https://web.archive.org/web/20130623044943/http://www.press.sk/aerohobby/aerohobby-c.022013/,20130623044943,skip
http://www.press.sk:80/aerohobby/aerohobby-c.022013/,https://web.archive.org/web/20150203032645/http://www.press.sk:80/aerohobby/aerohobby-c.022013/,20150203032645,skip
http://www.press.sk:80/aerohobby/aerohobby-c.022014/,https://web.archive.org/web/20150204025631/http://www.press.sk:80/aerohobby/aerohobby-c.022014/,20150204025631,skip
http://www.press.sk/aerohobby/aerohobby-c.022014/,https://web.archive.org/web/20170414150730/http://www.press.sk/aerohobby/aerohobby-c.022014/,20170414150730,skip
http://www.press.sk/aerohobby/aerohobby-c.022015/,https://web.archive.org/web/20170414205848/http://www.press.sk/aerohobby/aerohobby-c.022015/,20170414205848,skip
http://www.press.sk/aerohobby/aerohobby-c.022016/,https://web.archive.org/web/20170415000407/http://www.press.sk/aerohobby/aerohobby-c.022016/,20170415000407,skip
http://www.press.sk:80/aerohobby/aerohobby-c.032013/,https://web.archive.org/web/20150203032333/http://www.press.sk:80/aerohobby/aerohobby-c.032013/,20150203032333,skip
http://www.press.sk/aerohobby/aerohobby-c.032013/,https://web.archive.org/web/20170415032133/http://www.press.sk/aerohobby/aerohobby-c.032013/,20170415032133,skip
http://www.press.sk:80/aerohobby/aerohobby-c.032014/,https://web.archive.org/web/20150204025637/http://www.press.sk:80/aerohobby/aerohobby-c.032014/,20150204025637,skip
http://www.press.sk/aerohobby/aerohobby-c.032014/,https://web.archive.org/web/20170414222911/http://www.press.sk/aerohobby/aerohobby-c.032014/,20170414222911,skip
http://www.press.sk:80/aerohobby/aerohobby-c.042013/,https://web.archive.org/web/20150203030936/http://www.press.sk:80/aerohobby/aerohobby-c.042013/,20150203030936,skip
http://www.press.sk/aerohobby/aerohobby-c.042013/,https://web.archive.org/web/20170414210852/http://www.press.sk/aerohobby/aerohobby-c.042013/,20170414210852,skip
http://www.press.sk:80/aerohobby/aerohobby-c.042014/,https://web.archive.org/web/20150204025652/http://www.press.sk:80/aerohobby/aerohobby-c.042014/,20150204025652,skip
http://www.press.sk/aerohobby/aerohobby-c.042014/,https://web.archive.org/web/20170414210022/http://www.press.sk/aerohobby/aerohobby-c.042014/,20170414210022,skip
http://www.press.sk/aerohobby/aerohobby-c.042015/,https://web.archive.org/web/20170414210403/http://www.press.sk/aerohobby/aerohobby-c.042015/,20170414210403,skip
http://www.press.sk:80/aerohobby/aerohobby-c.052013/,https://web.archive.org/web/20150203032352/http://www.press.sk:80/aerohobby/aerohobby-c.052013/,20150203032352,skip
http://www.press.sk:80/aerohobby/aerohobby-c.052014/,https://web.archive.org/web/20150203032416/http://www.press.sk:80/aerohobby/aerohobby-c.052014/,20150203032416,skip
http://www.press.sk/aerohobby/aerohobby-c.052014/,https://web.archive.org/web/20170414215942/http://www.press.sk/aerohobby/aerohobby-c.052014/,20170414215942,skip
http://www.press.sk/aerohobby/aerohobby-c.052015/,https://web.archive.org/web/20170415031545/http://www.press.sk/aerohobby/aerohobby-c.052015/,20170415031545,skip
http://www.press.sk/aerohobby/aerohobby-c.052016/,https://web.archive.org/web/20170414172245/http://www.press.sk/aerohobby/aerohobby-c.052016/,20170414172245,skip
http://www.press.sk:80/aerohobby/aerohobby-c.062013/,https://web.archive.org/web/20150203032709/http://www.press.sk:80/aerohobby/aerohobby-c.062013/,20150203032709,skip
http://www.press.sk/aerohobby/aerohobby-c.062013/,https://web.archive.org/web/20170415031607/http://www.press.sk/aerohobby/aerohobby-c.062013/,20170415031607,skip
http://www.press.sk/aerohobby/aerohobby-c.12012/,https://web.archive.org/web/20130623014942/http://www.press.sk/aerohobby/aerohobby-c.12012/,20130623014942,skip
http://www.press.sk:80/aerohobby/aerohobby-c.12012/,https://web.archive.org/web/20150204025657/http://www.press.sk:80/aerohobby/aerohobby-c.12012/,20150204025657,skip
http://www.press.sk/aerohobby/aerohobby-c.12012/,https://web.archive.org/web/20170415031413/http://www.press.sk/aerohobby/aerohobby-c.12012/,20170415031413,skip
http://www.press.sk/aerohobby/aerohobby-c.22012/,https://web.archive.org/web/20130623040946/http://www.press.sk/aerohobby/aerohobby-c.22012/,20130623040946,skip
http://www.press.sk:80/aerohobby/aerohobby-c.22012/,https://web.archive.org/web/20150203032423/http://www.press.sk:80/aerohobby/aerohobby-c.22012/,20150203032423,skip
http://www.press.sk/aerohobby/aerohobby-c.22012/,https://web.archive.org/web/20170414211850/http://www.press.sk/aerohobby/aerohobby-c.22012/,20170414211850,skip
http://www.press.sk/aerohobby/aerohobby-c.32012/,https://web.archive.org/web/20130623042139/http://www.press.sk/aerohobby/aerohobby-c.32012/,20130623042139,skip
http://www.press.sk:80/aerohobby/aerohobby-c.32012/,https://web.archive.org/web/20150204025119/http://www.press.sk:80/aerohobby/aerohobby-c.32012/,20150204025119,skip
http://www.press.sk/aerohobby/aerohobby-c.32012/,https://web.archive.org/web/20170414210119/http://www.press.sk/aerohobby/aerohobby-c.32012/,20170414210119,skip
http://www.press.sk/aerohobby/aerohobby-c.62012/,https://web.archive.org/web/20130623045611/http://www.press.sk/aerohobby/aerohobby-c.62012/,20130623045611,skip
http://www.press.sk:80/aerohobby/aerohobby-c.62012/,https://web.archive.org/web/20150203031002/http://www.press.sk:80/aerohobby/aerohobby-c.62012/,20150203031002,skip
http://www.press.sk/aerohobby/aerohobby-c.62012/,https://web.archive.org/web/20170414150555/http://www.press.sk/aerohobby/aerohobby-c.62012/,20170414150555,skip
http://www.press.sk:80/aerohobby/aerohobby-c.62014/,https://web.archive.org/web/20150203024419/http://www.press.sk:80/aerohobby/aerohobby-c.62014/,20150203024419,skip
http://www.press.sk/aerohobby/aerohobby-c.62014/,https://web.archive.org/web/20170414195845/http://www.press.sk/aerohobby/aerohobby-c.62014/,20170414195845,skip
https://www.press.sk/aerohobby/aerohobby/?utm_source=newsletter&utm_campaign=Januar_2014&utm_medium=archive,https://web.archive.org/web/20190821050802/https://www.press.sk/aerohobby/aerohobby/?utm_source=newsletter&utm_campaign=Januar_2014&utm_medium=archive,20190821050802,skip
https://www.press.sk/aerohobby/aerohobby/?utm_source=newsletter&utm_campaign=November_2013&utm_medium=archive,https://web.archive.org/web/20190821051609/https://www.press.sk/aerohobby/aerohobby/?utm_source=newsletter&utm_campaign=November_2013&utm_medium=archive,20190821051609,skip
http://www.press.sk/aerohobby/lk-max-2017/,https://web.archive.org/web/20170415031405/http://www.press.sk/aerohobby/lk-max-2017/,20170415031405,skip
"http://www.press.sk/aerohobby/o,a,30,30/","https://web.archive.org/web/20170414183817/http://www.press.sk/aerohobby/o,a,30,30/",20170414183817,skip
http://www.press.sk:80/aeskulap-pre-lekarov-a-odbornu-verejnost/,https://web.archive.org/web/20150901182137/http://www.press.sk:80/aeskulap-pre-lekarov-a-odbornu-verejnost/,20150901182137,skip
http://www.press.sk/aeskulap-pre-lekarov-a-odbornu-verejnost/,https://web.archive.org/web/20160802161342/http://www.press.sk/aeskulap-pre-lekarov-a-odbornu-verejnost/,20160802161342,skip
http://www.press.sk:80/aeskulap-pre-lekarov-a-odbornu-verejnost,https://web.archive.org/web/20170109195720/http://www.press.sk:80/aeskulap-pre-lekarov-a-odbornu-verejnost,20170109195720,skip
http://www.press.sk:80/aeskulap-pre-lekarov-a-odbornu-verejnost/,https://web.archive.org/web/20170114184957/http://www.press.sk:80/aeskulap-pre-lekarov-a-odbornu-verejnost/,20170114184957,skip
https://www.press.sk/akcia/,https://web.archive.org/web/20191015070324/https://www.press.sk/akcia/,20191015070324,skip
https://www.press.sk/akcia/,https://web.archive.org/web/20230311055322/https://www.press.sk/akcia/,20230311055322,skip
http://www.press.sk:80/akcie/,https://web.archive.org/web/20081023181342/http://www.press.sk:80/akcie/,20081023181342,skip
http://www.press.sk:80/akcie/,https://web.archive.org/web/20081101031230/http://www.press.sk:80/akcie/,20081101031230,skip
http://www.press.sk:80/akcie/,https://web.archive.org/web/20081101031230/http://www.press.sk:80/akcie/,20081101031230,skip
http://www.press.sk:80/akcie/,https://web.archive.org/web/20081217074115/http://www.press.sk:80/akcie/,20081217074115,skip
http://www.press.sk:80/akcie,https://web.archive.org/web/20090125012807/http://www.press.sk:80/akcie,20090125012807,skip
http://www.press.sk:80/akcie/,https://web.archive.org/web/20090215175020/http://www.press.sk:80/akcie/,20090215175020,skip
http://www.press.sk:80/akcie,https://web.archive.org/web/20090224202018/http://www.press.sk:80/akcie,20090224202018,skip
http://www.press.sk:80/akcie,https://web.archive.org/web/20090327124845/http://www.press.sk:80/akcie,20090327124845,skip
http://www.press.sk:80/akcie/,https://web.archive.org/web/20090417044022/http://www.press.sk:80/akcie/,20090417044022,skip
http://www.press.sk:80/akcie,https://web.archive.org/web/20090428020234/http://www.press.sk:80/akcie,20090428020234,skip
http://www.press.sk:80/akcie,https://web.archive.org/web/20090529054642/http://www.press.sk:80/akcie,20090529054642,skip
http://www.press.sk:80/akcie/,https://web.archive.org/web/20090617043618/http://www.press.sk:80/akcie/,20090617043618,skip
http://www.press.sk:80/akcie/,https://web.archive.org/web/20090817143113/http://www.press.sk:80/akcie/,20090817143113,skip
http://www.press.sk:80/akcie/,https://web.archive.org/web/20091017164954/http://www.press.sk:80/akcie/,20091017164954,skip
http://www.press.sk:80/akcie/,https://web.archive.org/web/20091217091327/http://www.press.sk:80/akcie/,20091217091327,skip
http://www.press.sk:80/akcie/,https://web.archive.org/web/20091217091327/http://www.press.sk:80/akcie/,20091217091327,skip
http://www.press.sk:80/akcie,https://web.archive.org/web/20100107135212/http://www.press.sk:80/akcie,20100107135212,skip
http://www.press.sk:80/akcie,https://web.archive.org/web/20100107135212/http://www.press.sk:80/akcie,20100107135212,skip
http://www.press.sk:80/akcie/,https://web.archive.org/web/20100215193438/http://www.press.sk:80/akcie/,20100215193438,skip
http://www.press.sk:80/akcie/,https://web.archive.org/web/20100417091613/http://www.press.sk:80/akcie/,20100417091613,skip
http://www.press.sk:80/akcie/,https://web.archive.org/web/20100417091613/http://www.press.sk:80/akcie/,20100417091613,skip
http://www.press.sk:80/akcie,https://web.archive.org/web/20100503112540/http://www.press.sk:80/akcie,20100503112540,skip
http://www.press.sk:80/akcie,https://web.archive.org/web/20100604015453/http://www.press.sk:80/akcie,20100604015453,skip
http://www.press.sk:80/akcie/,https://web.archive.org/web/20100616213620/http://www.press.sk:80/akcie/,20100616213620,skip
http://www.press.sk:80/akcie,https://web.archive.org/web/20100707115534/http://www.press.sk:80/akcie,20100707115534,skip
http://www.press.sk:80/akcie/,https://web.archive.org/web/20100816223112/http://www.press.sk:80/akcie/,20100816223112,skip
http://www.press.sk:80/akcie,https://web.archive.org/web/20100823223248/http://www.press.sk:80/akcie,20100823223248,skip
http://www.press.sk:80/akcie,https://web.archive.org/web/20100923234906/http://www.press.sk:80/akcie,20100923234906,skip
http://www.press.sk:80/akcie/,https://web.archive.org/web/20101016131919/http://www.press.sk:80/akcie/,20101016131919,skip
http://www.press.sk:80/akcie,https://web.archive.org/web/20101110084631/http://www.press.sk:80/akcie,20101110084631,skip
http://www.press.sk:80/akcie,https://web.archive.org/web/20101211175006/http://www.press.sk:80/akcie,20101211175006,skip
http://www.press.sk:80/akcie/,https://web.archive.org/web/20101216164902/http://www.press.sk:80/akcie/,20101216164902,skip
http://www.press.sk:80/akcie,https://web.archive.org/web/20110114213414/http://www.press.sk:80/akcie,20110114213414,skip
http://www.press.sk:80/akcie/,https://web.archive.org/web/20110215123423/http://www.press.sk:80/akcie/,20110215123423,skip
http://www.press.sk:80/akcie,https://web.archive.org/web/20110414233418/http://www.press.sk:80/akcie,20110414233418,skip
http://www.press.sk:80/akcie,https://web.archive.org/web/20110416032944/http://www.press.sk:80/akcie,20110416032944,skip
http://www.press.sk:80/akcie/,https://web.archive.org/web/20110417014536/http://www.press.sk:80/akcie/,20110417014536,skip
http://www.press.sk:80/akcie,https://web.archive.org/web/20110517211432/http://www.press.sk:80/akcie,20110517211432,skip
http://www.press.sk:80/akcie/,https://web.archive.org/web/20110617073018/http://www.press.sk:80/akcie/,20110617073018,skip
http://www.press.sk:80/akcie/,https://web.archive.org/web/20110817090340/http://www.press.sk:80/akcie/,20110817090340,skip
http://www.press.sk:80/akcie/,https://web.archive.org/web/20111019024306/http://www.press.sk:80/akcie/,20111019024306,skip
http://www.press.sk:80/akcie/,https://web.archive.org/web/20111218190853/http://www.press.sk:80/akcie/,20111218190853,skip
http://www.press.sk/akcie/,https://web.archive.org/web/20120208152902/http://www.press.sk/akcie/,20120208152902,skip
http://www.press.sk:80/akcie/,https://web.archive.org/web/20120217084825/http://www.press.sk:80/akcie/,20120217084825,skip
http://www.press.sk/akcie/,https://web.archive.org/web/20120307113118/http://www.press.sk/akcie/,20120307113118,skip
http://www.press.sk:80/akcie/,https://web.archive.org/web/20120418030156/http://www.press.sk:80/akcie/,20120418030156,skip
http://www.press.sk:80/akcie/,https://web.archive.org/web/20120617202236/http://www.press.sk:80/akcie/,20120617202236,skip
http://www.press.sk:80/akcie,https://web.archive.org/web/20120702112459/http://www.press.sk:80/akcie,20120702112459,skip
http://www.press.sk:80/akcie/,https://web.archive.org/web/20120817133150/http://www.press.sk:80/akcie/,20120817133150,skip
http://www.press.sk:80/akcie,https://web.archive.org/web/20120826192413/http://www.press.sk:80/akcie,20120826192413,skip
http://www.press.sk:80/akcie/,https://web.archive.org/web/20121017235327/http://www.press.sk:80/akcie/,20121017235327,skip
http://www.press.sk:80/akcie,https://web.archive.org/web/20121103185830/http://www.press.sk:80/akcie,20121103185830,skip
http://www.press.sk:80/akcie/,https://web.archive.org/web/20121217201247/http://www.press.sk:80/akcie/,20121217201247,skip
http://www.press.sk:80/akcie,https://web.archive.org/web/20121228213831/http://www.press.sk:80/akcie,20121228213831,skip
http://www.press.sk:80/akcie/,https://web.archive.org/web/20130217163918/http://www.press.sk:80/akcie/,20130217163918,skip
http://www.press.sk:80/akcie,https://web.archive.org/web/20130330054422/http://www.press.sk:80/akcie,20130330054422,skip
http://www.press.sk/akcie/,https://web.archive.org/web/20130425061326/http://www.press.sk/akcie/,20130425061326,skip
http://www.press.sk:80/akcie/,https://web.archive.org/web/20130510202227/http://www.press.sk:80/akcie/,20130510202227,skip
http://www.press.sk:80/akcie,https://web.archive.org/web/20130530180814/http://www.press.sk:80/akcie,20130530180814,skip
http://www.press.sk:80/akcie/,https://web.archive.org/web/20130711075441/http://www.press.sk:80/akcie/,20130711075441,skip
http://www.press.sk/akcie/,https://web.archive.org/web/20130906155222/http://www.press.sk/akcie/,20130906155222,skip
http://www.press.sk:80/akcie/,https://web.archive.org/web/20130910044633/http://www.press.sk:80/akcie/,20130910044633,skip
http://www.press.sk:80/akcie/,https://web.archive.org/web/20131109180934/http://www.press.sk:80/akcie/,20131109180934,skip
http://www.press.sk:80/akcie/,https://web.archive.org/web/20140109074746/http://www.press.sk:80/akcie/,20140109074746,skip
http://www.press.sk/akcie/,https://web.archive.org/web/20140117045410/http://www.press.sk/akcie/,20140117045410,skip
http://www.press.sk/akcie/,https://web.archive.org/web/20140214095639/http://www.press.sk/akcie/,20140214095639,skip
http://www.press.sk:80/akcie/,https://web.archive.org/web/20140311052538/http://www.press.sk:80/akcie/,20140311052538,skip
http://www.press.sk:80/akcie/,https://web.archive.org/web/20140506170453/http://www.press.sk:80/akcie/,20140506170453,skip
http://www.press.sk:80/akcie/,https://web.archive.org/web/20140706121231/http://www.press.sk:80/akcie/,20140706121231,skip
http://www.press.sk/akcie/,https://web.archive.org/web/20140813014104/http://www.press.sk/akcie/,20140813014104,skip
http://www.press.sk/akcie/,https://web.archive.org/web/20140818185059/http://www.press.sk/akcie/,20140818185059,skip
http://www.press.sk:80/akcie/,https://web.archive.org/web/20140905012844/http://www.press.sk:80/akcie/,20140905012844,skip
http://www.press.sk:80/akcie/,https://web.archive.org/web/20141006014642/http://www.press.sk:80/akcie/,20141006014642,skip
http://www.press.sk:80/akcie/,https://web.archive.org/web/20141208004145/http://www.press.sk:80/akcie/,20141208004145,skip
http://www.press.sk/akcie/,https://web.archive.org/web/20150204002041/http://www.press.sk/akcie/,20150204002041,skip
http://www.press.sk:80/akcie/,https://web.archive.org/web/20150304045135/http://www.press.sk:80/akcie/,20150304045135,skip
http://www.press.sk:80/akcie,https://web.archive.org/web/20150411005405/http://www.press.sk:80/akcie,20150411005405,skip
http://www.press.sk:80/akcie,https://web.archive.org/web/20150412090654/http://www.press.sk:80/akcie,20150412090654,skip
http://www.press.sk/akcie/,https://web.archive.org/web/20150418192524/http://www.press.sk/akcie/,20150418192524,skip
http://www.press.sk:80/akcie/,https://web.archive.org/web/20150504015728/http://www.press.sk:80/akcie/,20150504015728,skip
http://www.press.sk:80/akcie/,https://web.archive.org/web/20150505143430/http://www.press.sk:80/akcie/,20150505143430,skip
http://www.press.sk:80/akcie/,https://web.archive.org/web/20150509194031/http://www.press.sk:80/akcie/,20150509194031,skip
http://www.press.sk:80/akcie,https://web.archive.org/web/20150515065712/http://www.press.sk:80/akcie,20150515065712,skip
http://www.press.sk:80/akcie,https://web.archive.org/web/20150617041228/http://www.press.sk:80/akcie,20150617041228,skip
http://www.press.sk:80/akcie/,https://web.archive.org/web/20150709105607/http://www.press.sk:80/akcie/,20150709105607,skip
http://www.press.sk:80/akcie,https://web.archive.org/web/20150717124112/http://www.press.sk:80/akcie,20150717124112,skip
http://www.press.sk/akcie/,https://web.archive.org/web/20150811233017/http://www.press.sk/akcie/,20150811233017,skip
http://www.press.sk:80/akcie,https://web.archive.org/web/20150817063449/http://www.press.sk:80/akcie,20150817063449,skip
http://www.press.sk:80/akcie/,https://web.archive.org/web/20150907181435/http://www.press.sk:80/akcie/,20150907181435,skip
http://www.press.sk:80/akcie,https://web.archive.org/web/20150917050103/http://www.press.sk:80/akcie,20150917050103,skip
http://www.press.sk:80/akcie/,https://web.archive.org/web/20151107124824/http://www.press.sk:80/akcie/,20151107124824,skip
http://www.press.sk:80/akcie/,https://web.archive.org/web/20160107030817/http://www.press.sk:80/akcie/,20160107030817,skip
http://www.press.sk/akcie/,https://web.archive.org/web/20160207183414/http://www.press.sk/akcie/,20160207183414,skip
http://www.press.sk:80/akcie/,https://web.archive.org/web/20160308034716/http://www.press.sk:80/akcie/,20160308034716,skip
http://www.press.sk/akcie/,https://web.archive.org/web/20160324111954/http://www.press.sk/akcie/,20160324111954,skip
http://www.press.sk:80/akcie,https://web.archive.org/web/20160331204339/http://www.press.sk:80/akcie,20160331204339,skip
http://www.press.sk/akcie/,https://web.archive.org/web/20160403111458/http://www.press.sk/akcie/,20160403111458,skip
http://www.press.sk:80/akcie/,https://web.archive.org/web/20160508110915/http://www.press.sk:80/akcie/,20160508110915,skip
http://www.press.sk:80/akcie,https://web.archive.org/web/20160511015952/http://www.press.sk:80/akcie,20160511015952,skip
http://www.press.sk:80/akcie/,https://web.archive.org/web/20160708062004/http://www.press.sk:80/akcie/,20160708062004,skip
http://www.press.sk:80/akcie/,https://web.archive.org/web/20160907205852/http://www.press.sk:80/akcie/,20160907205852,skip
http://www.press.sk/akcie/,https://web.archive.org/web/20161030104914/http://www.press.sk/akcie/,20161030104914,skip
http://www.press.sk:80/akcie/,https://web.archive.org/web/20161107113929/http://www.press.sk:80/akcie/,20161107113929,skip
http://www.press.sk:80/akcie/,https://web.archive.org/web/20161108195141/http://www.press.sk:80/akcie/,20161108195141,skip
http://www.press.sk:80/akcie/,https://web.archive.org/web/20161122115516/http://www.press.sk:80/akcie/,20161122115516,skip
http://www.press.sk:80/akcie/,https://web.archive.org/web/20170125153817/http://www.press.sk:80/akcie/,20170125153817,skip
http://www.press.sk:80/akcie/,https://web.archive.org/web/20170328025559/http://www.press.sk:80/akcie/,20170328025559,skip
http://www.press.sk:80/akcie,https://web.archive.org/web/20170509065904/http://www.press.sk:80/akcie,20170509065904,skip
http://www.press.sk:80/akcie/,https://web.archive.org/web/20170527212957/http://www.press.sk:80/akcie/,20170527212957,skip
http://www.press.sk/akcie/,https://web.archive.org/web/20170606121745/http://www.press.sk/akcie/,20170606121745,skip
http://www.press.sk:80/akcie,https://web.archive.org/web/20170609150416/http://www.press.sk:80/akcie,20170609150416,skip
https://www.press.sk/akcie/,https://web.archive.org/web/20190819105526/https://www.press.sk/akcie/,20190819105526,skip
https://www.press.sk/akcie/,https://web.archive.org/web/20191019104526/https://www.press.sk/akcie/,20191019104526,skip
https://www.press.sk/akcie/,https://web.archive.org/web/20191114173913/https://www.press.sk/akcie/,20191114173913,skip
https://www.press.sk/akcie/,https://web.archive.org/web/20221212000311/https://www.press.sk/akcie/,20221212000311,skip
https://www.press.sk/akcie/,https://web.archive.org/web/20230311055242/https://www.press.sk/akcie/,20230311055242,skip
https://www.press.sk/akcie/,https://web.archive.org/web/20230624092649/https://www.press.sk/akcie/,20230624092649,skip
https://www.press.sk/akcie/,https://web.archive.org/web/20240523113944/https://www.press.sk/akcie/,20240523113944,skip
https://www.press.sk/akcie/auta-mater-na-mesiaci-a-ine-historky/,https://web.archive.org/web/20190918204207/https://www.press.sk/akcie/auta-mater-na-mesiaci-a-ine-historky/,20190918204207,skip
https://www.press.sk/akcie/macko-puf-medova-dobrodruzstva/,https://web.archive.org/web/20190918204717/https://www.press.sk/akcie/macko-puf-medova-dobrodruzstva/,20190918204717,skip
https://www.press.sk/akcie/nordic/,https://web.archive.org/web/20191210045805/https://www.press.sk/akcie/nordic/,20191210045805,skip
https://www.press.sk/akcie/tomas-a-jeho-kamarati-velka-kniha-zabavy/,https://web.archive.org/web/20190916210542/https://www.press.sk/akcie/tomas-a-jeho-kamarati-velka-kniha-zabavy/,20190916210542,skip
https://www.press.sk/akcne-a-dobrodruzne/,https://web.archive.org/web/20170731041909/https://www.press.sk/akcne-a-dobrodruzne/,20170731041909,skip
https://www.press.sk/akcne-a-dobrodruzne/,https://web.archive.org/web/20190718202933/https://www.press.sk/akcne-a-dobrodruzne/,20190718202933,skip
https://www.press.sk/akcne-a-dobrodruzne/,https://web.archive.org/web/20190923141637/https://www.press.sk/akcne-a-dobrodruzne/,20190923141637,skip
https://www.press.sk/akcne-a-dobrodruzne/,https://web.archive.org/web/20191115062049/https://www.press.sk/akcne-a-dobrodruzne/,20191115062049,skip
https://www.press.sk/akcne-a-dobrodruzne/,https://web.archive.org/web/20230311055250/https://www.press.sk/akcne-a-dobrodruzne/,20230311055250,skip
https://www.press.sk/akcne-a-dobrodruzne/72-metru/,https://web.archive.org/web/20190825224221/https://www.press.sk/akcne-a-dobrodruzne/72-metru/,20190825224221,skip
https://www.press.sk/akcne-a-dobrodruzne/72-metru/,https://web.archive.org/web/20190918014445/https://www.press.sk/akcne-a-dobrodruzne/72-metru/,20190918014445,skip
https://www.press.sk/akcne-a-dobrodruzne/72-metru/,https://web.archive.org/web/20191115215311/https://www.press.sk/akcne-a-dobrodruzne/72-metru/,20191115215311,skip
https://www.press.sk/akcne-a-dobrodruzne/ben-10-09.-dvd/,https://web.archive.org/web/20230311055305/https://www.press.sk/akcne-a-dobrodruzne/ben-10-09.-dvd/,20230311055305,skip
https://www.press.sk/akcne-a-dobrodruzne/ben-10-11.-dvd/,https://web.archive.org/web/20230311055302/https://www.press.sk/akcne-a-dobrodruzne/ben-10-11.-dvd/,20230311055302,skip
https://www.press.sk/akcne-a-dobrodruzne/ben-10-12.-dvd/,https://web.archive.org/web/20230311055300/https://www.press.sk/akcne-a-dobrodruzne/ben-10-12.-dvd/,20230311055300,skip
https://www.press.sk/akcne-a-dobrodruzne/ben-10-13.-dvd/,https://web.archive.org/web/20230311055300/https://www.press.sk/akcne-a-dobrodruzne/ben-10-13.-dvd/,20230311055300,skip
https://www.press.sk/akcne-a-dobrodruzne/ben-10-14.-dvd/,https://web.archive.org/web/20230311055300/https://www.press.sk/akcne-a-dobrodruzne/ben-10-14.-dvd/,20230311055300,skip
https://www.press.sk/akcne-a-dobrodruzne/ben-10-15.-dvd/,https://web.archive.org/web/20230311055302/https://www.press.sk/akcne-a-dobrodruzne/ben-10-15.-dvd/,20230311055302,skip
https://www.press.sk/akcne-a-dobrodruzne/ben-10-alien-force-01.-dvd/,https://web.archive.org/web/20230311055303/https://www.press.sk/akcne-a-dobrodruzne/ben-10-alien-force-01.-dvd/,20230311055303,skip
https://www.press.sk/akcne-a-dobrodruzne/ben-10-alien-force-02.-dvd/,https://web.archive.org/web/20230311055300/https://www.press.sk/akcne-a-dobrodruzne/ben-10-alien-force-02.-dvd/,20230311055300,skip
https://www.press.sk/akcne-a-dobrodruzne/ben-10-alien-force-03.-dvd/,https://web.archive.org/web/20230311055300/https://www.press.sk/akcne-a-dobrodruzne/ben-10-alien-force-03.-dvd/,20230311055300,skip
https://www.press.sk/akcne-a-dobrodruzne/ben-10-alien-force-04.-dvd/,https://web.archive.org/web/20230311055258/https://www.press.sk/akcne-a-dobrodruzne/ben-10-alien-force-04.-dvd/,20230311055258,skip
https://www.press.sk/akcne-a-dobrodruzne/ben-10-alien-force-5.-dvd/,https://web.archive.org/web/20230311055258/https://www.press.sk/akcne-a-dobrodruzne/ben-10-alien-force-5.-dvd/,20230311055258,skip
https://www.press.sk/akcne-a-dobrodruzne/kadeti-02.-dvd/,https://web.archive.org/web/20230311055250/https://www.press.sk/akcne-a-dobrodruzne/kadeti-02.-dvd/,20230311055250,skip
https://www.press.sk/akcne-a-dobrodruzne/kadeti-03.-dvd/,https://web.archive.org/web/20230311055250/https://www.press.sk/akcne-a-dobrodruzne/kadeti-03.-dvd/,20230311055250,skip
https://www.press.sk/akcne-a-dobrodruzne/kadeti-05.-dvd/,https://web.archive.org/web/20230311055250/https://www.press.sk/akcne-a-dobrodruzne/kadeti-05.-dvd/,20230311055250,skip
https://www.press.sk/akcne-a-dobrodruzne/kadeti-4.-dvd/,https://web.archive.org/web/20230311055250/https://www.press.sk/akcne-a-dobrodruzne/kadeti-4.-dvd/,20230311055250,skip
https://www.press.sk/akcne-a-dobrodruzne/krev-na-slunci/,https://web.archive.org/web/20230311055250/https://www.press.sk/akcne-a-dobrodruzne/krev-na-slunci/,20230311055250,skip
https://www.press.sk/akcne-a-dobrodruzne/mise-smrti-dvd/,https://web.archive.org/web/20230311055302/https://www.press.sk/akcne-a-dobrodruzne/mise-smrti-dvd/,20230311055302,skip
https://www.press.sk/akcne-a-dobrodruzne/souboj-na-obloze/,https://web.archive.org/web/20190821003604/https://www.press.sk/akcne-a-dobrodruzne/souboj-na-obloze/,20190821003604,skip
https://www.press.sk/akcne-a-dobrodruzne/turecky-gambit-01.-dvd/,https://web.archive.org/web/20190825000847/https://www.press.sk/akcne-a-dobrodruzne/turecky-gambit-01.-dvd/,20190825000847,skip
https://www.press.sk/akcne-a-dobrodruzne/utek-z-pekla/,https://web.archive.org/web/20230311055249/https://www.press.sk/akcne-a-dobrodruzne/utek-z-pekla/,20230311055249,skip
https://www.press.sk/akcne-a-dobrodruzne/vlak-smrti-dvd/,https://web.archive.org/web/20230311055302/https://www.press.sk/akcne-a-dobrodruzne/vlak-smrti-dvd/,20230311055302,skip
https://www.press.sk/ako-nakupovat/,https://web.archive.org/web/20190720205330/https://www.press.sk/ako-nakupovat/,20190720205330,skip
https://www.press.sk/ako-nakupovat/,https://web.archive.org/web/20190923182821/https://www.press.sk/ako-nakupovat/,20190923182821,skip
https://www.press.sk/ako-nakupovat/,https://web.archive.org/web/20191019111519/https://www.press.sk/ako-nakupovat/,20191019111519,skip
https://www.press.sk/ako-nakupovat/,https://web.archive.org/web/20191113004249/https://www.press.sk/ako-nakupovat/,20191113004249,skip
https://www.press.sk/ako-nakupovat/,https://web.archive.org/web/20191214113349/https://www.press.sk/ako-nakupovat/,20191214113349,skip
https://www.press.sk/ako-nakupovat/,https://web.archive.org/web/20221212000254/https://www.press.sk/ako-nakupovat/,20221212000254,skip
https://www.press.sk/ako-nakupovat/,https://web.archive.org/web/20230311055244/https://www.press.sk/ako-nakupovat/,20230311055244,skip
https://www.press.sk/ako-nakupovat/,https://web.archive.org/web/20230624103351/https://www.press.sk/ako-nakupovat/,20230624103351,skip
https://www.press.sk/ako-nakupovat/,https://web.archive.org/web/20240523114054/https://www.press.sk/ako-nakupovat/,20240523114054,skip
http://www.press.sk:80/aktuality/,https://web.archive.org/web/20081020211656/http://www.press.sk:80/aktuality/,20081020211656,skip
http://www.press.sk:80/aktuality/,https://web.archive.org/web/20081023064650/http://www.press.sk:80/aktuality/,20081023064650,skip
http://www.press.sk:80/aktuality/,https://web.archive.org/web/20081108104635/http://www.press.sk:80/aktuality/,20081108104635,skip
http://www.press.sk:80/aktuality/,https://web.archive.org/web/20081217074120/http://www.press.sk:80/aktuality/,20081217074120,skip
http://www.press.sk:80/aktuality,https://web.archive.org/web/20090123025853/http://www.press.sk:80/aktuality,20090123025853,skip
http://www.press.sk:80/aktuality/,https://web.archive.org/web/20090215175052/http://www.press.sk:80/aktuality/,20090215175052,skip
http://www.press.sk:80/aktuality,https://web.archive.org/web/20090224015312/http://www.press.sk:80/aktuality,20090224015312,skip
http://www.press.sk:80/aktuality,https://web.archive.org/web/20090327122514/http://www.press.sk:80/aktuality,20090327122514,skip
http://www.press.sk:80/aktuality/,https://web.archive.org/web/20090417043936/http://www.press.sk:80/aktuality/,20090417043936,skip
http://www.press.sk:80/aktuality,https://web.archive.org/web/20090428002015/http://www.press.sk:80/aktuality,20090428002015,skip
http://www.press.sk:80/aktuality,https://web.archive.org/web/20090529062537/http://www.press.sk:80/aktuality,20090529062537,skip
http://www.press.sk:80/aktuality/,https://web.archive.org/web/20090617043627/http://www.press.sk:80/aktuality/,20090617043627,skip
http://www.press.sk:80/aktuality/,https://web.archive.org/web/20090817143118/http://www.press.sk:80/aktuality/,20090817143118,skip
http://www.press.sk:80/aktuality/,https://web.archive.org/web/20091017164958/http://www.press.sk:80/aktuality/,20091017164958,skip
http://www.press.sk:80/aktuality/,https://web.archive.org/web/20091217091332/http://www.press.sk:80/aktuality/,20091217091332,skip
http://www.press.sk:80/aktuality/,https://web.archive.org/web/20091217091332/http://www.press.sk:80/aktuality/,20091217091332,skip
http://www.press.sk:80/aktuality/,https://web.archive.org/web/20100215193445/http://www.press.sk:80/aktuality/,20100215193445,skip
http://www.press.sk:80/aktuality/,https://web.archive.org/web/20100417091626/http://www.press.sk:80/aktuality/,20100417091626,skip
http://www.press.sk:80/aktuality/,https://web.archive.org/web/20100417091626/http://www.press.sk:80/aktuality/,20100417091626,skip
http://www.press.sk:80/aktuality/,https://web.archive.org/web/20100616213639/http://www.press.sk:80/aktuality/,20100616213639,skip
http://www.press.sk:80/aktuality/,https://web.archive.org/web/20100816223116/http://www.press.sk:80/aktuality/,20100816223116,skip
http://www.press.sk:80/aktuality,https://web.archive.org/web/20100828092339/http://www.press.sk:80/aktuality,20100828092339,skip
http://www.press.sk:80/aktuality,https://web.archive.org/web/20100929182141/http://www.press.sk:80/aktuality,20100929182141,skip
http://www.press.sk:80/aktuality/,https://web.archive.org/web/20101016131925/http://www.press.sk:80/aktuality/,20101016131925,skip
http://www.press.sk:80/aktuality/,https://web.archive.org/web/20101216164908/http://www.press.sk:80/aktuality/,20101216164908,skip
http://www.press.sk:80/aktuality/,https://web.archive.org/web/20110215123806/http://www.press.sk:80/aktuality/,20110215123806,skip
http://www.press.sk:80/aktuality,https://web.archive.org/web/20110414233536/http://www.press.sk:80/aktuality,20110414233536,skip
http://www.press.sk:80/aktuality,https://web.archive.org/web/20110416033009/http://www.press.sk:80/aktuality,20110416033009,skip
http://www.press.sk:80/aktuality/,https://web.archive.org/web/20110417015937/http://www.press.sk:80/aktuality/,20110417015937,skip
http://www.press.sk:80/aktuality,https://web.archive.org/web/20110517203815/http://www.press.sk:80/aktuality,20110517203815,skip
http://www.press.sk:80/aktuality/,https://web.archive.org/web/20110617073025/http://www.press.sk:80/aktuality/,20110617073025,skip
http://www.press.sk/aktuality/,https://web.archive.org/web/20110816032630/http://www.press.sk/aktuality/,20110816032630,skip
http://www.press.sk:80/aktuality/,https://web.archive.org/web/20110817090345/http://www.press.sk:80/aktuality/,20110817090345,skip
http://www.press.sk:80/aktuality/,https://web.archive.org/web/20111019114431/http://www.press.sk:80/aktuality/,20111019114431,skip
http://www.press.sk:80/aktuality/,https://web.archive.org/web/20111218190858/http://www.press.sk:80/aktuality/,20111218190858,skip
http://www.press.sk:80/aktuality/,https://web.archive.org/web/20120217084830/http://www.press.sk:80/aktuality/,20120217084830,skip
http://www.press.sk/aktuality/,https://web.archive.org/web/20120307155856/http://www.press.sk/aktuality/,20120307155856,skip
http://www.press.sk:80/aktuality/,https://web.archive.org/web/20120418030200/http://www.press.sk:80/aktuality/,20120418030200,skip
http://www.press.sk:80/aktuality/,https://web.archive.org/web/20120617210050/http://www.press.sk:80/aktuality/,20120617210050,skip
http://www.press.sk:80/aktuality/,https://web.archive.org/web/20120817133205/http://www.press.sk:80/aktuality/,20120817133205,skip
http://www.press.sk:80/aktuality,https://web.archive.org/web/20121007220540/http://www.press.sk:80/aktuality,20121007220540,skip
http://www.press.sk:80/aktuality/,https://web.archive.org/web/20121017235331/http://www.press.sk:80/aktuality/,20121017235331,skip
http://www.press.sk:80/aktuality,https://web.archive.org/web/20121114134412/http://www.press.sk:80/aktuality,20121114134412,skip
http://www.press.sk:80/aktuality/,https://web.archive.org/web/20121217201251/http://www.press.sk:80/aktuality/,20121217201251,skip
http://www.press.sk:80/aktuality,https://web.archive.org/web/20121229103757/http://www.press.sk:80/aktuality,20121229103757,skip
http://www.press.sk:80/aktuality/,https://web.archive.org/web/20130217171114/http://www.press.sk:80/aktuality/,20130217171114,skip
http://www.press.sk/aktuality/,https://web.archive.org/web/20130425035459/http://www.press.sk/aktuality/,20130425035459,skip
http://www.press.sk:80/aktuality/,https://web.archive.org/web/20130511120205/http://www.press.sk:80/aktuality/,20130511120205,skip
http://www.press.sk:80/aktuality,https://web.archive.org/web/20130529053946/http://www.press.sk:80/aktuality,20130529053946,skip
http://www.press.sk:80/aktuality/,https://web.archive.org/web/20130711075234/http://www.press.sk:80/aktuality/,20130711075234,skip
http://www.press.sk/aktuality/,https://web.archive.org/web/20130906142741/http://www.press.sk/aktuality/,20130906142741,skip
http://www.press.sk:80/aktuality/,https://web.archive.org/web/20130910044636/http://www.press.sk:80/aktuality/,20130910044636,skip
http://www.press.sk:80/aktuality/,https://web.archive.org/web/20131109180935/http://www.press.sk:80/aktuality/,20131109180935,skip
http://www.press.sk:80/aktuality/,https://web.archive.org/web/20140109074750/http://www.press.sk:80/aktuality/,20140109074750,skip
http://www.press.sk/aktuality/,https://web.archive.org/web/20140117010249/http://www.press.sk/aktuality/,20140117010249,skip
http://www.press.sk/aktuality/,https://web.archive.org/web/20140214075611/http://www.press.sk/aktuality/,20140214075611,skip
http://www.press.sk:80/aktuality/,https://web.archive.org/web/20140311052543/http://www.press.sk:80/aktuality/,20140311052543,skip
http://www.press.sk:80/aktuality/,https://web.archive.org/web/20140510193644/http://www.press.sk:80/aktuality/,20140510193644,skip
http://www.press.sk:80/aktuality/,https://web.archive.org/web/20140711010620/http://www.press.sk:80/aktuality/,20140711010620,skip
http://www.press.sk/aktuality/,https://web.archive.org/web/20140812073056/http://www.press.sk/aktuality/,20140812073056,skip
http://www.press.sk:80/aktuality/,https://web.archive.org/web/20140909094746/http://www.press.sk:80/aktuality/,20140909094746,skip
http://www.press.sk:80/aktuality/,https://web.archive.org/web/20141006014646/http://www.press.sk:80/aktuality/,20141006014646,skip
http://www.press.sk:80/aktuality/,https://web.archive.org/web/20141208004149/http://www.press.sk:80/aktuality/,20141208004149,skip
http://www.press.sk:80/aktuality/,https://web.archive.org/web/20150310090800/http://www.press.sk:80/aktuality/,20150310090800,skip
http://www.press.sk/aktuality/,https://web.archive.org/web/20150418175956/http://www.press.sk/aktuality/,20150418175956,skip
http://www.press.sk:80/aktuality/,https://web.archive.org/web/20150509194209/http://www.press.sk:80/aktuality/,20150509194209,skip
http://www.press.sk:80/aktuality/,https://web.archive.org/web/20150711130353/http://www.press.sk:80/aktuality/,20150711130353,skip
http://www.press.sk:80/aktuality/,https://web.archive.org/web/20150909214515/http://www.press.sk:80/aktuality/,20150909214515,skip
http://www.press.sk:80/aktuality/,https://web.archive.org/web/20151109051255/http://www.press.sk:80/aktuality/,20151109051255,skip
http://www.press.sk:80/aktuality/,https://web.archive.org/web/20160110044143/http://www.press.sk:80/aktuality/,20160110044143,skip
http://www.press.sk:80/aktuality/,https://web.archive.org/web/20160311074722/http://www.press.sk:80/aktuality/,20160311074722,skip
http://www.press.sk/aktuality/,https://web.archive.org/web/20160324114253/http://www.press.sk/aktuality/,20160324114253,skip
http://www.press.sk:80/aktuality/,https://web.archive.org/web/20160511122339/http://www.press.sk:80/aktuality/,20160511122339,skip
http://www.press.sk/aktuality/,https://web.archive.org/web/20160623184450/http://www.press.sk/aktuality/,20160623184450,skip
http://www.press.sk:80/aktuality/,https://web.archive.org/web/20160711113129/http://www.press.sk:80/aktuality/,20160711113129,skip
http://www.press.sk:80/aktuality/,https://web.archive.org/web/20160910135645/http://www.press.sk:80/aktuality/,20160910135645,skip
http://www.press.sk/aktuality/,https://web.archive.org/web/20161030104711/http://www.press.sk/aktuality/,20161030104711,skip
http://www.press.sk:80/aktuality/,https://web.archive.org/web/20161110234104/http://www.press.sk:80/aktuality/,20161110234104,skip
http://www.press.sk:80/aktuality/,https://web.archive.org/web/20161207113119/http://www.press.sk:80/aktuality/,20161207113119,skip
http://www.press.sk:80/aktuality/,https://web.archive.org/web/20170205172227/http://www.press.sk:80/aktuality/,20170205172227,skip
http://www.press.sk:80/aktuality/,https://web.archive.org/web/20170410065756/http://www.press.sk:80/aktuality/,20170410065756,skip
http://www.press.sk:80/aktuality,https://web.archive.org/web/20170507140416/http://www.press.sk:80/aktuality,20170507140416,skip
http://www.press.sk/aktuality/,https://web.archive.org/web/20170606011628/http://www.press.sk/aktuality/,20170606011628,skip
http://www.press.sk:80/aktuality/,https://web.archive.org/web/20170609214954/http://www.press.sk:80/aktuality/,20170609214954,skip
http://www.press.sk:80/aktuality/akcia-mesiaca/,https://web.archive.org/web/20140423053527/http://www.press.sk:80/aktuality/akcia-mesiaca/,20140423053527,skip
http://www.press.sk:80/aktuality/akcia-mesiaca/,https://web.archive.org/web/20140711054825/http://www.press.sk:80/aktuality/akcia-mesiaca/,20140711054825,skip
http://www.press.sk/aktuality/akcia-mesiaca/,https://web.archive.org/web/20140812073204/http://www.press.sk/aktuality/akcia-mesiaca/,20140812073204,skip
http://www.press.sk/aktuality/akcia-mesiaca/,https://web.archive.org/web/20140818000433/http://www.press.sk/aktuality/akcia-mesiaca/,20140818000433,skip
http://www.press.sk:80/aktuality/akcia-mesiaca/,https://web.archive.org/web/20140910015510/http://www.press.sk:80/aktuality/akcia-mesiaca/,20140910015510,skip
http://www.press.sk:80/aktuality/akcia-mesiaca/,https://web.archive.org/web/20141006014651/http://www.press.sk:80/aktuality/akcia-mesiaca/,20141006014651,skip
http://www.press.sk:80/aktuality/akcia-mesiaca,https://web.archive.org/web/20141018223851/http://www.press.sk:80/aktuality/akcia-mesiaca,20141018223851,skip
http://www.press.sk:80/aktuality/akcia-mesiaca/,https://web.archive.org/web/20141208091632/http://www.press.sk:80/aktuality/akcia-mesiaca/,20141208091632,skip
http://www.press.sk/aktuality/akcia-mesiaca/,https://web.archive.org/web/20150203175917/http://www.press.sk/aktuality/akcia-mesiaca/,20150203175917,skip
http://www.press.sk:80/aktuality/akcia-mesiaca/,https://web.archive.org/web/20150304045146/http://www.press.sk:80/aktuality/akcia-mesiaca/,20150304045146,skip
http://www.press.sk:80/aktuality/akcia-mesiaca,https://web.archive.org/web/20150403173243/http://www.press.sk:80/aktuality/akcia-mesiaca,20150403173243,skip
http://www.press.sk/aktuality/akcia-mesiaca/,https://web.archive.org/web/20150418180105/http://www.press.sk/aktuality/akcia-mesiaca/,20150418180105,skip
http://www.press.sk:80/aktuality/akcia-mesiaca/,https://web.archive.org/web/20150504015558/http://www.press.sk:80/aktuality/akcia-mesiaca/,20150504015558,skip
http://www.press.sk:80/aktuality/akcia-mesiaca/,https://web.archive.org/web/20150505143453/http://www.press.sk:80/aktuality/akcia-mesiaca/,20150505143453,skip
http://www.press.sk:80/aktuality/akcia-mesiaca,https://web.archive.org/web/20150628144856/http://www.press.sk:80/aktuality/akcia-mesiaca,20150628144856,skip
http://www.press.sk:80/aktuality/akcia-mesiaca/,https://web.archive.org/web/20150704234340/http://www.press.sk:80/aktuality/akcia-mesiaca/,20150704234340,skip
http://www.press.sk/aktuality/akcia-mesiaca/,https://web.archive.org/web/20150811171414/http://www.press.sk/aktuality/akcia-mesiaca/,20150811171414,skip
http://www.press.sk:80/aktuality/akcia-mesiaca/,https://web.archive.org/web/20150903215301/http://www.press.sk:80/aktuality/akcia-mesiaca/,20150903215301,skip
http://www.press.sk:80/aktuality/akcia-mesiaca,https://web.archive.org/web/20151028235116/http://www.press.sk:80/aktuality/akcia-mesiaca,20151028235116,skip
http://www.press.sk:80/aktuality/akcia-mesiaca/,https://web.archive.org/web/20151103180914/http://www.press.sk:80/aktuality/akcia-mesiaca/,20151103180914,skip
http://www.press.sk:80/aktuality/akcia-mesiaca,https://web.archive.org/web/20151128111214/http://www.press.sk:80/aktuality/akcia-mesiaca,20151128111214,skip
http://www.press.sk:80/aktuality/akcia-mesiaca/,https://web.archive.org/web/20160103022417/http://www.press.sk:80/aktuality/akcia-mesiaca/,20160103022417,skip
http://www.press.sk/aktuality/akcia-mesiaca/,https://web.archive.org/web/20160207024744/http://www.press.sk/aktuality/akcia-mesiaca/,20160207024744,skip
http://www.press.sk:80/aktuality/akcia-mesiaca/,https://web.archive.org/web/20160303160742/http://www.press.sk:80/aktuality/akcia-mesiaca/,20160303160742,skip
http://www.press.sk/aktuality/akcia-mesiaca,https://web.archive.org/web/20160313080202/http://www.press.sk/aktuality/akcia-mesiaca,20160313080202,skip
http://www.press.sk:80/aktuality/akcia-mesiaca,https://web.archive.org/web/20160320141549/http://www.press.sk:80/aktuality/akcia-mesiaca,20160320141549,skip
http://www.press.sk/aktuality/akcia-mesiaca/,https://web.archive.org/web/20160324105652/http://www.press.sk/aktuality/akcia-mesiaca/,20160324105652,skip
http://www.press.sk/aktuality/akcia-mesiaca/,https://web.archive.org/web/20160403062109/http://www.press.sk/aktuality/akcia-mesiaca/,20160403062109,skip
http://www.press.sk:80/aktuality/akcia-mesiaca/,https://web.archive.org/web/20160503092005/http://www.press.sk:80/aktuality/akcia-mesiaca/,20160503092005,skip
http://www.press.sk:80/aktuality/akcia-mesiaca,https://web.archive.org/web/20160507145707/http://www.press.sk:80/aktuality/akcia-mesiaca,20160507145707,skip
http://www.press.sk:80/aktuality/akcia-mesiaca/,https://web.archive.org/web/20160703194735/http://www.press.sk:80/aktuality/akcia-mesiaca/,20160703194735,skip
http://www.press.sk:80/aktuality/akcia-mesiaca,https://web.archive.org/web/20160824112806/http://www.press.sk:80/aktuality/akcia-mesiaca,20160824112806,skip
http://www.press.sk:80/aktuality/akcia-mesiaca/,https://web.archive.org/web/20160902164310/http://www.press.sk:80/aktuality/akcia-mesiaca/,20160902164310,skip
http://www.press.sk:80/aktuality/akcia-mesiaca,https://web.archive.org/web/20160924164002/http://www.press.sk:80/aktuality/akcia-mesiaca,20160924164002,skip
http://www.press.sk:80/aktuality/akcia-mesiaca,https://web.archive.org/web/20160926021017/http://www.press.sk:80/aktuality/akcia-mesiaca,20160926021017,skip
http://www.press.sk:80/aktuality/akcia-mesiaca,https://web.archive.org/web/20161027023710/http://www.press.sk:80/aktuality/akcia-mesiaca,20161027023710,skip
http://www.press.sk/aktuality/akcia-mesiaca/,https://web.archive.org/web/20161030104718/http://www.press.sk/aktuality/akcia-mesiaca/,20161030104718,skip
http://www.press.sk:80/aktuality/akcia-mesiaca/,https://web.archive.org/web/20161102103242/http://www.press.sk:80/aktuality/akcia-mesiaca/,20161102103242,skip
http://www.press.sk:80/aktuality/akcia-mesiaca/,https://web.archive.org/web/20161122115527/http://www.press.sk:80/aktuality/akcia-mesiaca/,20161122115527,skip
http://www.press.sk:80/aktuality/akcia-mesiaca/,https://web.archive.org/web/20170123071703/http://www.press.sk:80/aktuality/akcia-mesiaca/,20170123071703,skip
http://www.press.sk:80/aktuality/akcia-mesiaca/,https://web.archive.org/web/20170328025600/http://www.press.sk:80/aktuality/akcia-mesiaca/,20170328025600,skip
http://www.press.sk:80/aktuality/akcia-mesiaca/,https://web.archive.org/web/20170527213001/http://www.press.sk:80/aktuality/akcia-mesiaca/,20170527213001,skip
http://www.press.sk/aktuality/akcia-mesiaca/,https://web.archive.org/web/20170606012504/http://www.press.sk/aktuality/akcia-mesiaca/,20170606012504,skip
http://www.press.sk:80/aktuality/ako-nakupovat/,https://web.archive.org/web/20081023093217/http://www.press.sk:80/aktuality/ako-nakupovat/,20081023093217,skip
http://www.press.sk:80/aktuality/ako-nakupovat/,https://web.archive.org/web/20081217032213/http://www.press.sk:80/aktuality/ako-nakupovat/,20081217032213,skip
http://www.press.sk:80/aktuality/ako-nakupovat/,https://web.archive.org/web/20090116094657/http://www.press.sk:80/aktuality/ako-nakupovat/,20090116094657,skip
http://www.press.sk:80/aktuality/ako-nakupovat/,https://web.archive.org/web/20090216155047/http://www.press.sk:80/aktuality/ako-nakupovat/,20090216155047,skip
http://www.press.sk:80/aktuality/ako-nakupovat/,https://web.archive.org/web/20090319013631/http://www.press.sk:80/aktuality/ako-nakupovat/,20090319013631,skip
http://www.press.sk:80/aktuality/ako-nakupovat/,https://web.archive.org/web/20090420095429/http://www.press.sk:80/aktuality/ako-nakupovat/,20090420095429,skip
http://www.press.sk:80/aktuality/ako-nakupovat/,https://web.archive.org/web/20090523051223/http://www.press.sk:80/aktuality/ako-nakupovat/,20090523051223,skip
http://www.press.sk:80/aktuality/ako-nakupovat,https://web.archive.org/web/20090908012318/http://www.press.sk:80/aktuality/ako-nakupovat,20090908012318,skip
http://www.press.sk:80/aktuality/ako-nakupovat/,https://web.archive.org/web/20100119091008/http://www.press.sk:80/aktuality/ako-nakupovat/,20100119091008,skip
http://www.press.sk:80/aktuality/ako-nakupovat,https://web.archive.org/web/20100126010634/http://www.press.sk:80/aktuality/ako-nakupovat,20100126010634,skip
http://www.press.sk:80/aktuality/ako-nakupovat/,https://web.archive.org/web/20110126061634/http://www.press.sk:80/aktuality/ako-nakupovat/,20110126061634,skip
http://www.press.sk:80/aktuality/ako-nakupovat/?utm_source=newsletter&utm_campaign=April_2010&utm_medium=archive,https://web.archive.org/web/20100429031946/http://www.press.sk:80/aktuality/ako-nakupovat/?utm_source=newsletter&utm_campaign=April_2010&utm_medium=archive,20100429031946,skip
http://www.press.sk:80/aktuality/ako-nakupovat/?utm_source=newsletter&utm_campaign=Jul_2011&utm_medium=archive,https://web.archive.org/web/20110720051159/http://www.press.sk:80/aktuality/ako-nakupovat/?utm_source=newsletter&utm_campaign=Jul_2011&utm_medium=archive,20110720051159,skip
http://www.press.sk/aktuality/albatros-aero-l-39-l-59-l-139/,https://web.archive.org/web/20170611111310/http://www.press.sk/aktuality/albatros-aero-l-39-l-59-l-139/,20170611111310,skip
http://www.press.sk:80/aktuality/boli-sme-na-slovak-food-festivale/,https://web.archive.org/web/20110522192815/http://www.press.sk:80/aktuality/boli-sme-na-slovak-food-festivale/,20110522192815,skip
http://www.press.sk:80/aktuality/boli-sme-na-slovak-food-festivale/,https://web.archive.org/web/20110523231707/http://www.press.sk:80/aktuality/boli-sme-na-slovak-food-festivale/,20110523231707,skip
http://www.press.sk:80/aktuality/cinove-figurky-v-nasej-ponuke,https://web.archive.org/web/20091109022214/http://www.press.sk:80/aktuality/cinove-figurky-v-nasej-ponuke,20091109022214,skip
http://www.press.sk:80/aktuality/cinove-figurky-v-nasej-ponuke,https://web.archive.org/web/20100105120933/http://www.press.sk:80/aktuality/cinove-figurky-v-nasej-ponuke,20100105120933,skip
http://www.press.sk:80/aktuality/cinove-figurky-v-nasej-ponuke,https://web.archive.org/web/20100105120933/http://www.press.sk:80/aktuality/cinove-figurky-v-nasej-ponuke,20100105120933,skip
http://www.press.sk:80/aktuality/cinove-figurky-v-nasej-ponuke/,https://web.archive.org/web/20100417221952/http://www.press.sk:80/aktuality/cinove-figurky-v-nasej-ponuke/,20100417221952,skip
http://www.press.sk:80/aktuality/cinove-figurky-v-nasej-ponuke/,https://web.archive.org/web/20100417221952/http://www.press.sk:80/aktuality/cinove-figurky-v-nasej-ponuke/,20100417221952,skip
http://www.press.sk:80/aktuality/devatnast-rokov-devatnast-vrtulnikov/,https://web.archive.org/web/20111202072629/http://www.press.sk:80/aktuality/devatnast-rokov-devatnast-vrtulnikov/,20111202072629,skip
http://www.press.sk/aktuality/devatnast-rokov-devatnast-vrtulnikov/,https://web.archive.org/web/20120208134139/http://www.press.sk/aktuality/devatnast-rokov-devatnast-vrtulnikov/,20120208134139,skip
http://www.press.sk/aktuality/devatnast-rokov-devatnast-vrtulnikov/,https://web.archive.org/web/20120307101250/http://www.press.sk/aktuality/devatnast-rokov-devatnast-vrtulnikov/,20120307101250,skip
http://www.press.sk:80/aktuality/devatnast-rokov-devatnast-vrtulnikov/,https://web.archive.org/web/20121009021352/http://www.press.sk:80/aktuality/devatnast-rokov-devatnast-vrtulnikov/,20121009021352,skip
http://www.press.sk/aktuality/devatnast-rokov-devatnast-vrtulnikov/,https://web.archive.org/web/20130510201901/http://www.press.sk/aktuality/devatnast-rokov-devatnast-vrtulnikov/,20130510201901,skip
http://www.press.sk:80/aktuality/dorty-a-dezerty/,https://web.archive.org/web/20120705114330/http://www.press.sk:80/aktuality/dorty-a-dezerty/,20120705114330,skip
http://www.press.sk:80/aktuality/dorty-a-dezerty/,https://web.archive.org/web/20120904051644/http://www.press.sk:80/aktuality/dorty-a-dezerty/,20120904051644,skip
http://www.press.sk:80/aktuality/dorty-a-dezerty/,https://web.archive.org/web/20121103174950/http://www.press.sk:80/aktuality/dorty-a-dezerty/,20121103174950,skip
http://www.press.sk/aktuality/dvd-ma-potesilo-dakujem/,https://web.archive.org/web/20110920054705/http://www.press.sk/aktuality/dvd-ma-potesilo-dakujem/,20110920054705,skip
http://www.press.sk:80/aktuality/dvd-od-spolocnosti-ritka-video-a-novinka-v-ponuke./?,https://web.archive.org/web/20101216123914/http://www.press.sk:80/aktuality/dvd-od-spolocnosti-ritka-video-a-novinka-v-ponuke./?,20101216123914,skip
http://www.press.sk:80/aktuality/dvd-od-spolocnosti-ritka-video-a-novinka-v-ponuke./,https://web.archive.org/web/20101218061500/http://www.press.sk:80/aktuality/dvd-od-spolocnosti-ritka-video-a-novinka-v-ponuke./,20101218061500,skip
http://www.press.sk:80/aktuality/dvd-od-spolocnosti-ritka-video-a-novinka-v-ponuke./?,https://web.archive.org/web/20110117192429/http://www.press.sk:80/aktuality/dvd-od-spolocnosti-ritka-video-a-novinka-v-ponuke./?,20110117192429,skip
http://www.press.sk:80/aktuality/dvd-od-spolocnosti-ritka-video-a-novinka-v-ponuke./,https://web.archive.org/web/20110217062423/http://www.press.sk:80/aktuality/dvd-od-spolocnosti-ritka-video-a-novinka-v-ponuke./,20110217062423,skip
http://www.press.sk:80/aktuality/dvd-od-spolocnosti-ritka-video-a-novinka-v-ponuke./?,https://web.archive.org/web/20110218083620/http://www.press.sk:80/aktuality/dvd-od-spolocnosti-ritka-video-a-novinka-v-ponuke./?,20110218083620,skip
http://www.press.sk:80/aktuality/dvd-od-spolocnosti-ritka-video-a-novinka-v-ponuke./?,https://web.archive.org/web/20110321081940/http://www.press.sk:80/aktuality/dvd-od-spolocnosti-ritka-video-a-novinka-v-ponuke./?,20110321081940,skip
http://www.press.sk:80/aktuality/dvd-od-spolocnosti-ritka-video-a-novinka-v-ponuke./,https://web.archive.org/web/20110424210823/http://www.press.sk:80/aktuality/dvd-od-spolocnosti-ritka-video-a-novinka-v-ponuke./,20110424210823,skip
http://www.press.sk:80/aktuality/dvd-od-spolocnosti-ritka-video-a-novinka-v-ponuke./,https://web.archive.org/web/20110624234430/http://www.press.sk:80/aktuality/dvd-od-spolocnosti-ritka-video-a-novinka-v-ponuke./,20110624234430,skip
http://www.press.sk:80/aktuality/dvd-od-spolocnosti-ritka-video-a-novinka-v-ponuke./,https://web.archive.org/web/20110824154211/http://www.press.sk:80/aktuality/dvd-od-spolocnosti-ritka-video-a-novinka-v-ponuke./,20110824154211,skip
http://www.press.sk:80/aktuality/dvd-od-spolocnosti-ritka-video-a-novinka-v-ponuke./,https://web.archive.org/web/20111024012046/http://www.press.sk:80/aktuality/dvd-od-spolocnosti-ritka-video-a-novinka-v-ponuke./,20111024012046,skip
http://www.press.sk:80/aktuality/dvd-od-spolocnosti-ritka-video-a-novinka-v-ponuke./,https://web.archive.org/web/20121009021848/http://www.press.sk:80/aktuality/dvd-od-spolocnosti-ritka-video-a-novinka-v-ponuke./,20121009021848,skip
http://www.press.sk/aktuality/dvd-od-spolocnosti-ritka-video-a-novinka-v-ponuke./,https://web.archive.org/web/20130510221535/http://www.press.sk/aktuality/dvd-od-spolocnosti-ritka-video-a-novinka-v-ponuke./,20130510221535,skip
http://www.press.sk:80/aktuality/dvd-od-spolocnosti-ritka-video-a-novinka-v-ponuke./?utm_source=newsletter&utm_campaign=Jul_2011&utm_medium=archive,https://web.archive.org/web/20110720051205/http://www.press.sk:80/aktuality/dvd-od-spolocnosti-ritka-video-a-novinka-v-ponuke./?utm_source=newsletter&utm_campaign=Jul_2011&utm_medium=archive,20110720051205,skip
http://www.press.sk:80/aktuality/egypt--hiostoria-myty-vladcovia-a-bozstva/,https://web.archive.org/web/20090527072636/http://www.press.sk:80/aktuality/egypt--hiostoria-myty-vladcovia-a-bozstva/,20090527072636,skip
http://www.press.sk:80/aktuality/egypt--hiostoria-myty-vladcovia-a-bozstva/,https://web.archive.org/web/20090803002158/http://www.press.sk:80/aktuality/egypt--hiostoria-myty-vladcovia-a-bozstva/,20090803002158,skip
http://www.press.sk:80/aktuality/egypt--hiostoria-myty-vladcovia-a-bozstva/,https://web.archive.org/web/20091002203641/http://www.press.sk:80/aktuality/egypt--hiostoria-myty-vladcovia-a-bozstva/,20091002203641,skip
http://www.press.sk:80/aktuality/expedicia-casopisov-42.tyzden/,https://web.archive.org/web/20081023181348/http://www.press.sk:80/aktuality/expedicia-casopisov-42.tyzden/,20081023181348,skip
http://www.press.sk:80/aktuality/expedicia-casopisov-42.tyzden/,https://web.archive.org/web/20081024062055/http://www.press.sk:80/aktuality/expedicia-casopisov-42.tyzden/,20081024062055,skip
http://www.press.sk:80/aktuality/expedicia-casopisov-44.tyzden/,https://web.archive.org/web/20081030035211/http://www.press.sk:80/aktuality/expedicia-casopisov-44.tyzden/,20081030035211,skip
http://www.press.sk/aktuality/generali---slovenska-vojenska-generalita-1918-2012/,https://web.archive.org/web/20130510203328/http://www.press.sk/aktuality/generali---slovenska-vojenska-generalita-1918-2012/,20130510203328,skip
http://www.press.sk:80/aktuality/generali---slovenska-vojenska-generalita-1918-2012/,https://web.archive.org/web/20130826112626/http://www.press.sk:80/aktuality/generali---slovenska-vojenska-generalita-1918-2012/,20130826112626,skip
http://www.press.sk/aktuality/helikoptery-sveta---nova-kolekcia-modelov/,https://web.archive.org/web/20130510201857/http://www.press.sk/aktuality/helikoptery-sveta---nova-kolekcia-modelov/,20130510201857,skip
http://www.press.sk:80/aktuality/his-voice/,https://web.archive.org/web/20090527072641/http://www.press.sk:80/aktuality/his-voice/,20090527072641,skip
http://www.press.sk:80/aktuality/instyle---novy-casopis-v-nasej-ponuke/,https://web.archive.org/web/20090527072656/http://www.press.sk:80/aktuality/instyle---novy-casopis-v-nasej-ponuke/,20090527072656,skip
http://www.press.sk:80/aktuality/kalendare-na-rok-2011/,https://web.archive.org/web/20101231144801/http://www.press.sk:80/aktuality/kalendare-na-rok-2011/,20101231144801,skip
http://www.press.sk:80/aktuality/kalendare-na-rok-2011/,https://web.archive.org/web/20110101173207/http://www.press.sk:80/aktuality/kalendare-na-rok-2011/,20110101173207,skip
http://www.press.sk/aktuality/kalendare-na-rok-2014/,https://web.archive.org/web/20140214090716/http://www.press.sk/aktuality/kalendare-na-rok-2014/,20140214090716,skip
http://www.press.sk:80/aktuality/knizne-tipy-a-odborne-letecke-publikacie/,https://web.archive.org/web/20110522192820/http://www.press.sk:80/aktuality/knizne-tipy-a-odborne-letecke-publikacie/,20110522192820,skip
http://www.press.sk:80/aktuality/knizne-tipy-a-odborne-letecke-publikacie/,https://web.archive.org/web/20110523231717/http://www.press.sk:80/aktuality/knizne-tipy-a-odborne-letecke-publikacie/,20110523231717,skip
http://www.press.sk:80/aktuality/knizne-tipy-a-odborne-letecke-publikacie/,https://web.archive.org/web/20121009021853/http://www.press.sk:80/aktuality/knizne-tipy-a-odborne-letecke-publikacie/,20121009021853,skip
http://www.press.sk/aktuality/knizne-tipy-a-odborne-letecke-publikacie/,https://web.archive.org/web/20130510205414/http://www.press.sk/aktuality/knizne-tipy-a-odborne-letecke-publikacie/,20130510205414,skip
http://www.press.sk:80/aktuality/kosmos---tajemstvi-vesmiru/,https://web.archive.org/web/20121009021859/http://www.press.sk:80/aktuality/kosmos---tajemstvi-vesmiru/,20121009021859,skip
http://www.press.sk/aktuality/kosmos---tajemstvi-vesmiru/,https://web.archive.org/web/20130510202252/http://www.press.sk/aktuality/kosmos---tajemstvi-vesmiru/,20130510202252,skip
http://www.press.sk:80/aktuality/kovove-a-plastikove-modely-od-vyrobcu-hobbymaster---novinka-v-nasej-ponuke/,https://web.archive.org/web/20110512042109/http://www.press.sk:80/aktuality/kovove-a-plastikove-modely-od-vyrobcu-hobbymaster---novinka-v-nasej-ponuke/,20110512042109,skip
http://www.press.sk:80/aktuality/kovove-a-plastikove-modely-od-vyrobcu-hobbymaster---novinka-v-nasej-ponuke/,https://web.archive.org/web/20110712134524/http://www.press.sk:80/aktuality/kovove-a-plastikove-modely-od-vyrobcu-hobbymaster---novinka-v-nasej-ponuke/,20110712134524,skip
http://www.press.sk:80/aktuality/kovove-a-plastikove-modely-od-vyrobcu-hobbymaster---novinka-v-nasej-ponuke/,https://web.archive.org/web/20110911062054/http://www.press.sk:80/aktuality/kovove-a-plastikove-modely-od-vyrobcu-hobbymaster---novinka-v-nasej-ponuke/,20110911062054,skip
http://www.press.sk:80/aktuality/kovove-a-plastikove-modely-od-vyrobcu-hobbymaster---novinka-v-nasej-ponuke,https://web.archive.org/web/20120109104144/http://www.press.sk:80/aktuality/kovove-a-plastikove-modely-od-vyrobcu-hobbymaster---novinka-v-nasej-ponuke,20120109104144,skip
http://www.press.sk:80/aktuality/kovove-a-plastikove-modely-od-vyrobcu-hobbymaster---novinka-v-nasej-ponuke,https://web.archive.org/web/20120209145556/http://www.press.sk:80/aktuality/kovove-a-plastikove-modely-od-vyrobcu-hobbymaster---novinka-v-nasej-ponuke,20120209145556,skip
http://www.press.sk:80/aktuality/kovove-a-plastikove-modely-od-vyrobcu-hobbymaster---novinka-v-nasej-ponuke,https://web.archive.org/web/20120311204913/http://www.press.sk:80/aktuality/kovove-a-plastikove-modely-od-vyrobcu-hobbymaster---novinka-v-nasej-ponuke,20120311204913,skip
http://www.press.sk:80/aktuality/kovove-a-plastikove-modely-od-vyrobcu-hobbymaster---novinka-v-nasej-ponuke,https://web.archive.org/web/20120419084105/http://www.press.sk:80/aktuality/kovove-a-plastikove-modely-od-vyrobcu-hobbymaster---novinka-v-nasej-ponuke,20120419084105,skip
http://www.press.sk:80/aktuality/kovove-a-plastikove-modely-od-vyrobcu-hobbymaster---novinka-v-nasej-ponuke,https://web.archive.org/web/20120626234808/http://www.press.sk:80/aktuality/kovove-a-plastikove-modely-od-vyrobcu-hobbymaster---novinka-v-nasej-ponuke,20120626234808,skip
http://www.press.sk:80/aktuality/kovove-a-plastikove-modely-od-vyrobcu-hobbymaster---novinka-v-nasej-ponuke,https://web.archive.org/web/20120818095611/http://www.press.sk:80/aktuality/kovove-a-plastikove-modely-od-vyrobcu-hobbymaster---novinka-v-nasej-ponuke,20120818095611,skip
http://www.press.sk:80/aktuality/kovove-a-plastikove-modely-od-vyrobcu-hobbymaster---novinka-v-nasej-ponuke,https://web.archive.org/web/20121103184047/http://www.press.sk:80/aktuality/kovove-a-plastikove-modely-od-vyrobcu-hobbymaster---novinka-v-nasej-ponuke,20121103184047,skip
http://www.press.sk:80/aktuality/kovove-a-plastikove-modely-od-vyrobcu-hobbymaster---novinka-v-nasej-ponuke,https://web.archive.org/web/20121228010811/http://www.press.sk:80/aktuality/kovove-a-plastikove-modely-od-vyrobcu-hobbymaster---novinka-v-nasej-ponuke,20121228010811,skip
http://www.press.sk:80/aktuality/kovove-a-plastikove-modely-od-vyrobcu-hobbymaster---novinka-v-nasej-ponuke,https://web.archive.org/web/20130529154358/http://www.press.sk:80/aktuality/kovove-a-plastikove-modely-od-vyrobcu-hobbymaster---novinka-v-nasej-ponuke,20130529154358,skip
http://www.press.sk:80/aktuality/lacnejsie-s-mackom-pusikom/,https://web.archive.org/web/20110912074829/http://www.press.sk:80/aktuality/lacnejsie-s-mackom-pusikom/,20110912074829,skip
http://www.press.sk:80/aktuality/lacnejsie-s-mackom-pusikom/,https://web.archive.org/web/20111202073706/http://www.press.sk:80/aktuality/lacnejsie-s-mackom-pusikom/,20111202073706,skip
http://www.press.sk:80/aktuality/lacnejsie-s-mackom-pusikom/?utm_source=newsletter&utm_campaign=Jul_2011&utm_medium=archive,https://web.archive.org/web/20110720043714/http://www.press.sk:80/aktuality/lacnejsie-s-mackom-pusikom/?utm_source=newsletter&utm_campaign=Jul_2011&utm_medium=archive,20110720043714,skip
http://www.press.sk:80/aktuality/legendarne-automobily---dalsia-kolekcia-modelov-do-vasej-zbierky/,https://web.archive.org/web/20121009021154/http://www.press.sk:80/aktuality/legendarne-automobily---dalsia-kolekcia-modelov-do-vasej-zbierky/,20121009021154,skip
http://www.press.sk/aktuality/legendarne-automobily---dalsia-kolekcia-modelov-do-vasej-zbierky/,https://web.archive.org/web/20130510201455/http://www.press.sk/aktuality/legendarne-automobily---dalsia-kolekcia-modelov-do-vasej-zbierky/,20130510201455,skip
http://www.press.sk/aktuality/letajici-pevnosti---nova-kolekcia-s-modelmi-uz-v-predaji/,https://web.archive.org/web/20130510221501/http://www.press.sk/aktuality/letajici-pevnosti---nova-kolekcia-s-modelmi-uz-v-predaji/,20130510221501,skip
http://www.press.sk:80/aktuality/lk-c.11-2011-s-ojedinelym-filmovym-dokumentom/,https://web.archive.org/web/20111202072639/http://www.press.sk:80/aktuality/lk-c.11-2011-s-ojedinelym-filmovym-dokumentom/,20111202072639,skip
http://www.press.sk/aktuality/lk-c.11-2011-s-ojedinelym-filmovym-dokumentom/,https://web.archive.org/web/20120307162148/http://www.press.sk/aktuality/lk-c.11-2011-s-ojedinelym-filmovym-dokumentom/,20120307162148,skip
http://www.press.sk:80/aktuality/lokomotivy-sveta---nova-kolekcia-v-ponuke-od-7.-juna/,https://web.archive.org/web/20110623174936/http://www.press.sk:80/aktuality/lokomotivy-sveta---nova-kolekcia-v-ponuke-od-7.-juna/,20110623174936,skip
http://www.press.sk:80/aktuality/lokomotivy-sveta---nova-kolekcia-v-ponuke-od-7.-juna/,https://web.archive.org/web/20110624204017/http://www.press.sk:80/aktuality/lokomotivy-sveta---nova-kolekcia-v-ponuke-od-7.-juna/,20110624204017,skip
http://www.press.sk/aktuality/lokomotivy-sveta---nova-kolekcia-v-ponuke-od-7.-juna/,https://web.archive.org/web/20110817170823/http://www.press.sk/aktuality/lokomotivy-sveta---nova-kolekcia-v-ponuke-od-7.-juna/,20110817170823,skip
http://www.press.sk:80/aktuality/lokomotivy-sveta---nova-kolekcia-v-ponuke-od-7.-juna/,https://web.archive.org/web/20110912072529/http://www.press.sk:80/aktuality/lokomotivy-sveta---nova-kolekcia-v-ponuke-od-7.-juna/,20110912072529,skip
http://www.press.sk:80/aktuality/lokomotivy-sveta---nova-kolekcia-v-ponuke-od-7.-juna/,https://web.archive.org/web/20121009021904/http://www.press.sk:80/aktuality/lokomotivy-sveta---nova-kolekcia-v-ponuke-od-7.-juna/,20121009021904,skip
http://www.press.sk/aktuality/lokomotivy-sveta---nova-kolekcia-v-ponuke-od-7.-juna/,https://web.archive.org/web/20130510224553/http://www.press.sk/aktuality/lokomotivy-sveta---nova-kolekcia-v-ponuke-od-7.-juna/,20130510224553,skip
http://www.press.sk:80/aktuality/mackova-rozpravkova-skolka,https://web.archive.org/web/20090306105740/http://www.press.sk:80/aktuality/mackova-rozpravkova-skolka,20090306105740,skip
http://www.press.sk:80/aktuality/mackova-rozpravkova-skolka,https://web.archive.org/web/20090406001440/http://www.press.sk:80/aktuality/mackova-rozpravkova-skolka,20090406001440,skip
http://www.press.sk:80/aktuality/mackova-rozpravkova-skolka,https://web.archive.org/web/20090510031835/http://www.press.sk:80/aktuality/mackova-rozpravkova-skolka,20090510031835,skip
http://www.press.sk:80/aktuality/mackova-rozpravkova-skolka,https://web.archive.org/web/20100127162117/http://www.press.sk:80/aktuality/mackova-rozpravkova-skolka,20100127162117,skip
http://www.press.sk:80/aktuality/marvel-heroes---napinave-pribehy-superhrdinov/,https://web.archive.org/web/20090527072702/http://www.press.sk:80/aktuality/marvel-heroes---napinave-pribehy-superhrdinov/,20090527072702,skip
http://www.press.sk:80/aktuality/motor-a-rc-suprava--ku-kolekcii-rc-spitfire/,https://web.archive.org/web/20110522193333/http://www.press.sk:80/aktuality/motor-a-rc-suprava--ku-kolekcii-rc-spitfire/,20110522193333,skip
http://www.press.sk:80/aktuality/motor-a-rc-suprava--ku-kolekcii-rc-spitfire/,https://web.archive.org/web/20110523230308/http://www.press.sk:80/aktuality/motor-a-rc-suprava--ku-kolekcii-rc-spitfire/,20110523230308,skip
http://www.press.sk/aktuality/motor-a-rc-suprava--ku-kolekcii-rc-spitfire/,https://web.archive.org/web/20110918130046/http://www.press.sk/aktuality/motor-a-rc-suprava--ku-kolekcii-rc-spitfire/,20110918130046,skip
http://www.press.sk/aktuality/novinky-z-vydavatelstva-fcc-public-s.r.o./,https://web.archive.org/web/20130510210628/http://www.press.sk/aktuality/novinky-z-vydavatelstva-fcc-public-s.r.o./,20130510210628,skip
http://www.press.sk:80/aktuality/novinky-z-vydavatelstva-fcc-public-s.r.o./,https://web.archive.org/web/20141017050833/http://www.press.sk:80/aktuality/novinky-z-vydavatelstva-fcc-public-s.r.o./,20141017050833,skip
http://www.press.sk/aktuality/novinky-z-vydavatelstva-fcc-public-s.r.o.,https://web.archive.org/web/20160313144440/http://www.press.sk/aktuality/novinky-z-vydavatelstva-fcc-public-s.r.o.,20160313144440,skip
http://www.press.sk:80/aktuality/novinky-z-vydavatelstva-fcc-public-s.r.o./,https://web.archive.org/web/20170503001716/http://www.press.sk:80/aktuality/novinky-z-vydavatelstva-fcc-public-s.r.o./,20170503001716,skip
http://www.press.sk:80/aktuality/novy-exkluzivny-casopis-v-nasej-ponuke/,https://web.archive.org/web/20090125141412/http://www.press.sk:80/aktuality/novy-exkluzivny-casopis-v-nasej-ponuke/,20090125141412,skip
http://www.press.sk:80/aktuality/novy-exkluzivny-casopis-v-nasej-ponuke,https://web.archive.org/web/20090312013237/http://www.press.sk:80/aktuality/novy-exkluzivny-casopis-v-nasej-ponuke,20090312013237,skip
http://www.press.sk:80/aktuality/novy-exkluzivny-casopis-v-nasej-ponuke,https://web.archive.org/web/20090411214520/http://www.press.sk:80/aktuality/novy-exkluzivny-casopis-v-nasej-ponuke,20090411214520,skip
http://www.press.sk:80/aktuality/novy-exkluzivny-casopis-v-nasej-ponuke,https://web.archive.org/web/20090512153620/http://www.press.sk:80/aktuality/novy-exkluzivny-casopis-v-nasej-ponuke,20090512153620,skip
http://www.press.sk:80/aktuality/novy-exkluzivny-casopis-v-nasej-ponuke,https://web.archive.org/web/20100109133353/http://www.press.sk:80/aktuality/novy-exkluzivny-casopis-v-nasej-ponuke,20100109133353,skip
http://www.press.sk/aktuality/novy-modelar-extra-v-predaji/,https://web.archive.org/web/20110811102225/http://www.press.sk/aktuality/novy-modelar-extra-v-predaji/,20110811102225,skip
http://www.press.sk:80/aktuality/novy-modelar-extra-v-predaji/,https://web.archive.org/web/20110912073529/http://www.press.sk:80/aktuality/novy-modelar-extra-v-predaji/,20110912073529,skip
http://www.press.sk:80/aktuality/novy-modelar-extra-v-predaji/?utm_source=newsletter&utm_campaign=Jul_2011&utm_medium=archive,https://web.archive.org/web/20110720022930/http://www.press.sk:80/aktuality/novy-modelar-extra-v-predaji/?utm_source=newsletter&utm_campaign=Jul_2011&utm_medium=archive,20110720022930,skip
http://www.press.sk:80/aktuality/pamatny-list-podpisany-gen.-kahalanim---informacie-o-najvyssich-ponukach/,https://web.archive.org/web/20151224134833/http://www.press.sk:80/aktuality/pamatny-list-podpisany-gen.-kahalanim---informacie-o-najvyssich-ponukach/,20151224134833,skip
http://www.press.sk:80/aktuality/pamatny-list-podpisany-gen.-kahalanim---informacie-o-najvyssich-ponukach/,https://web.archive.org/web/20160112182905/http://www.press.sk:80/aktuality/pamatny-list-podpisany-gen.-kahalanim---informacie-o-najvyssich-ponukach/,20160112182905,skip
http://www.press.sk:80/aktuality/pamatny-list-podpisany-gen.-kahalanim---informacie-o-najvyssich-ponukach/,https://web.archive.org/web/20160331180938/http://www.press.sk:80/aktuality/pamatny-list-podpisany-gen.-kahalanim---informacie-o-najvyssich-ponukach/,20160331180938,skip
http://www.press.sk:80/aktuality/plastikova-zima-2008/,https://web.archive.org/web/20090125141416/http://www.press.sk:80/aktuality/plastikova-zima-2008/,20090125141416,skip
http://www.press.sk:80/aktuality/polovnictvo-a-oddych-2009/,https://web.archive.org/web/20090125141430/http://www.press.sk:80/aktuality/polovnictvo-a-oddych-2009/,20090125141430,skip
http://www.press.sk:80/aktuality/postavte-si-model-slnecnej-sustavy/,https://web.archive.org/web/20121009021909/http://www.press.sk:80/aktuality/postavte-si-model-slnecnej-sustavy/,20121009021909,skip
http://www.press.sk/aktuality/postavte-si-model-slnecnej-sustavy/,https://web.archive.org/web/20130510201830/http://www.press.sk/aktuality/postavte-si-model-slnecnej-sustavy/,20130510201830,skip
http://www.press.sk:80/aktuality/predplatne-casopisov-vydavatelstva-magnet-press-pre-rok-2017/,https://web.archive.org/web/20161115050903/http://www.press.sk:80/aktuality/predplatne-casopisov-vydavatelstva-magnet-press-pre-rok-2017/,20161115050903,skip
http://www.press.sk/aktuality/predplatne-casopisov-vydavatelstva-magnet-press-pre-rok-2017/,https://web.archive.org/web/20170402133855/http://www.press.sk/aktuality/predplatne-casopisov-vydavatelstva-magnet-press-pre-rok-2017/,20170402133855,skip
http://www.press.sk:80/aktuality/pripravujeme,https://web.archive.org/web/20090220085501/http://www.press.sk:80/aktuality/pripravujeme,20090220085501,skip
http://www.press.sk:80/aktuality/pripravujeme/,https://web.archive.org/web/20090306002422/http://www.press.sk:80/aktuality/pripravujeme/,20090306002422,skip
http://www.press.sk:80/aktuality/pripravujeme,https://web.archive.org/web/20090323003114/http://www.press.sk:80/aktuality/pripravujeme,20090323003114,skip
http://www.press.sk:80/aktuality/pripravujeme,https://web.archive.org/web/20090422200205/http://www.press.sk:80/aktuality/pripravujeme,20090422200205,skip
http://www.press.sk:80/aktuality/pripravujeme/,https://web.archive.org/web/20090505162052/http://www.press.sk:80/aktuality/pripravujeme/,20090505162052,skip
http://www.press.sk:80/aktuality/pripravujeme,https://web.archive.org/web/20090524181142/http://www.press.sk:80/aktuality/pripravujeme,20090524181142,skip
http://www.press.sk:80/aktuality/pripravujeme/,https://web.archive.org/web/20090803002221/http://www.press.sk:80/aktuality/pripravujeme/,20090803002221,skip
http://www.press.sk:80/aktuality/pripravujeme/,https://web.archive.org/web/20091002204354/http://www.press.sk:80/aktuality/pripravujeme/,20091002204354,skip
http://www.press.sk:80/aktuality/pripravujeme,https://web.archive.org/web/20100124063951/http://www.press.sk:80/aktuality/pripravujeme,20100124063951,skip
http://www.press.sk:80/aktuality/ryby-a-plody-more---nova-kucharka-z-edicie-apetit/,https://web.archive.org/web/20121009021200/http://www.press.sk:80/aktuality/ryby-a-plody-more---nova-kucharka-z-edicie-apetit/,20121009021200,skip
http://www.press.sk:80/aktuality/slavny-sitcom-bude-v-nasej-ponuke,https://web.archive.org/web/20090510070406/http://www.press.sk:80/aktuality/slavny-sitcom-bude-v-nasej-ponuke,20090510070406,skip
http://www.press.sk:80/aktuality/slavny-sitcom-bude-v-nasej-ponuke/,https://web.archive.org/web/20090527072707/http://www.press.sk:80/aktuality/slavny-sitcom-bude-v-nasej-ponuke/,20090527072707,skip
http://www.press.sk:80/aktuality/slavny-sitcom-bude-v-nasej-ponuke/,https://web.archive.org/web/20090803002251/http://www.press.sk:80/aktuality/slavny-sitcom-bude-v-nasej-ponuke/,20090803002251,skip
http://www.press.sk:80/aktuality/slavny-sitcom-bude-v-nasej-ponuke/,https://web.archive.org/web/20091002204406/http://www.press.sk:80/aktuality/slavny-sitcom-bude-v-nasej-ponuke/,20091002204406,skip
http://www.press.sk:80/aktuality/slavny-sitcom-bude-v-nasej-ponuke,https://web.archive.org/web/20091218094131/http://www.press.sk:80/aktuality/slavny-sitcom-bude-v-nasej-ponuke,20091218094131,skip
http://www.press.sk:80/aktuality/slavny-sitcom-bude-v-nasej-ponuke,https://web.archive.org/web/20100122014336/http://www.press.sk:80/aktuality/slavny-sitcom-bude-v-nasej-ponuke,20100122014336,skip
http://www.press.sk:80/aktuality/slovenske-piesky-2009,https://web.archive.org/web/20100107161458/http://www.press.sk:80/aktuality/slovenske-piesky-2009,20100107161458,skip
http://www.press.sk/aktuality/specialne-cislo-letectvi--kosmonautika-venovane-vzdusnym-silam-acr/,https://web.archive.org/web/20110921152454/http://www.press.sk/aktuality/specialne-cislo-letectvi--kosmonautika-venovane-vzdusnym-silam-acr/,20110921152454,skip
http://www.press.sk:80/aktuality/spojenie-zasielkoveho-obchodu-aeromedia-s-www.press.sk/,https://web.archive.org/web/20110117031018/http://www.press.sk:80/aktuality/spojenie-zasielkoveho-obchodu-aeromedia-s-www.press.sk/,20110117031018,skip
http://www.press.sk:80/aktuality/spojenie-zasielkoveho-obchodu-aeromedia-s-www.press.sk/,https://web.archive.org/web/20110118040951/http://www.press.sk:80/aktuality/spojenie-zasielkoveho-obchodu-aeromedia-s-www.press.sk/,20110118040951,skip
http://www.press.sk:80/aktuality/spojenie-zasielkoveho-obchodu-aeromedia-s-www.press.sk/,https://web.archive.org/web/20110320055956/http://www.press.sk:80/aktuality/spojenie-zasielkoveho-obchodu-aeromedia-s-www.press.sk/,20110320055956,skip
http://www.press.sk:80/aktuality/spojenie-zasielkoveho-obchodu-aeromedia-s-www.press.sk/,https://web.archive.org/web/20110519225628/http://www.press.sk:80/aktuality/spojenie-zasielkoveho-obchodu-aeromedia-s-www.press.sk/,20110519225628,skip
http://www.press.sk:80/aktuality/spojenie-zasielkoveho-obchodu-aeromedia-s-www.press.sk/,https://web.archive.org/web/20110520234747/http://www.press.sk:80/aktuality/spojenie-zasielkoveho-obchodu-aeromedia-s-www.press.sk/,20110520234747,skip
http://www.press.sk:80/aktuality/spojenie-zasielkoveho-obchodu-aeromedia-s-www.press.sk/,https://web.archive.org/web/20110720234635/http://www.press.sk:80/aktuality/spojenie-zasielkoveho-obchodu-aeromedia-s-www.press.sk/,20110720234635,skip
http://www.press.sk:80/aktuality/spojenie-zasielkoveho-obchodu-aeromedia-s-www.press.sk/,https://web.archive.org/web/20110722182327/http://www.press.sk:80/aktuality/spojenie-zasielkoveho-obchodu-aeromedia-s-www.press.sk/,20110722182327,skip
http://www.press.sk:80/aktuality/spojenie-zasielkoveho-obchodu-aeromedia-s-www.press.sk/,https://web.archive.org/web/20110911223104/http://www.press.sk:80/aktuality/spojenie-zasielkoveho-obchodu-aeromedia-s-www.press.sk/,20110911223104,skip
http://www.press.sk:80/aktuality/spojenie-zasielkoveho-obchodu-aeromedia-s-www.press.sk/,https://web.archive.org/web/20111111102546/http://www.press.sk:80/aktuality/spojenie-zasielkoveho-obchodu-aeromedia-s-www.press.sk/,20111111102546,skip
http://www.press.sk:80/aktuality/spojenie-zasielkoveho-obchodu-aeromedia-s-www.press.sk,https://web.archive.org/web/20111112013655/http://www.press.sk:80/aktuality/spojenie-zasielkoveho-obchodu-aeromedia-s-www.press.sk,20111112013655,skip
http://www.press.sk:80/aktuality/spojenie-zasielkoveho-obchodu-aeromedia-s-www.press.sk,https://web.archive.org/web/20111129172253/http://www.press.sk:80/aktuality/spojenie-zasielkoveho-obchodu-aeromedia-s-www.press.sk,20111129172253,skip
http://www.press.sk:80/aktuality/spojenie-zasielkoveho-obchodu-aeromedia-s-www.press.sk,https://web.archive.org/web/20111220085158/http://www.press.sk:80/aktuality/spojenie-zasielkoveho-obchodu-aeromedia-s-www.press.sk,20111220085158,skip
http://www.press.sk:80/aktuality/spojenie-zasielkoveho-obchodu-aeromedia-s-www.press.sk/,https://web.archive.org/web/20120112075705/http://www.press.sk:80/aktuality/spojenie-zasielkoveho-obchodu-aeromedia-s-www.press.sk/,20120112075705,skip
http://www.press.sk:80/aktuality/spojenie-zasielkoveho-obchodu-aeromedia-s-www.press.sk,https://web.archive.org/web/20120115091418/http://www.press.sk:80/aktuality/spojenie-zasielkoveho-obchodu-aeromedia-s-www.press.sk,20120115091418,skip
http://www.press.sk:80/aktuality/spojenie-zasielkoveho-obchodu-aeromedia-s-www.press.sk,https://web.archive.org/web/20120224012347/http://www.press.sk:80/aktuality/spojenie-zasielkoveho-obchodu-aeromedia-s-www.press.sk,20120224012347,skip
http://www.press.sk:80/aktuality/spojenie-zasielkoveho-obchodu-aeromedia-s-www.press.sk/,https://web.archive.org/web/20120313043146/http://www.press.sk:80/aktuality/spojenie-zasielkoveho-obchodu-aeromedia-s-www.press.sk/,20120313043146,skip
http://www.press.sk:80/aktuality/spojenie-zasielkoveho-obchodu-aeromedia-s-www.press.sk,https://web.archive.org/web/20120418183103/http://www.press.sk:80/aktuality/spojenie-zasielkoveho-obchodu-aeromedia-s-www.press.sk,20120418183103,skip
http://www.press.sk:80/aktuality/spojenie-zasielkoveho-obchodu-aeromedia-s-www.press.sk/,https://web.archive.org/web/20120513154813/http://www.press.sk:80/aktuality/spojenie-zasielkoveho-obchodu-aeromedia-s-www.press.sk/,20120513154813,skip
http://www.press.sk:80/aktuality/spojenie-zasielkoveho-obchodu-aeromedia-s-www.press.sk,https://web.archive.org/web/20120530215234/http://www.press.sk:80/aktuality/spojenie-zasielkoveho-obchodu-aeromedia-s-www.press.sk,20120530215234,skip
http://www.press.sk:80/aktuality/spojenie-zasielkoveho-obchodu-aeromedia-s-www.press.sk,https://web.archive.org/web/20120630161437/http://www.press.sk:80/aktuality/spojenie-zasielkoveho-obchodu-aeromedia-s-www.press.sk,20120630161437,skip
http://www.press.sk:80/aktuality/spojenie-zasielkoveho-obchodu-aeromedia-s-www.press.sk/,https://web.archive.org/web/20120714023026/http://www.press.sk:80/aktuality/spojenie-zasielkoveho-obchodu-aeromedia-s-www.press.sk/,20120714023026,skip
http://www.press.sk:80/aktuality/spojenie-zasielkoveho-obchodu-aeromedia-s-www.press.sk,https://web.archive.org/web/20120829014322/http://www.press.sk:80/aktuality/spojenie-zasielkoveho-obchodu-aeromedia-s-www.press.sk,20120829014322,skip
http://www.press.sk:80/aktuality/spojenie-zasielkoveho-obchodu-aeromedia-s-www.press.sk/,https://web.archive.org/web/20120913082021/http://www.press.sk:80/aktuality/spojenie-zasielkoveho-obchodu-aeromedia-s-www.press.sk/,20120913082021,skip
http://www.press.sk:80/aktuality/spojenie-zasielkoveho-obchodu-aeromedia-s-www.press.sk,https://web.archive.org/web/20121104134515/http://www.press.sk:80/aktuality/spojenie-zasielkoveho-obchodu-aeromedia-s-www.press.sk,20121104134515,skip
http://www.press.sk:80/aktuality/spojenie-zasielkoveho-obchodu-aeromedia-s-www.press.sk/,https://web.archive.org/web/20121116030713/http://www.press.sk:80/aktuality/spojenie-zasielkoveho-obchodu-aeromedia-s-www.press.sk/,20121116030713,skip
http://www.press.sk:80/aktuality/spojenie-zasielkoveho-obchodu-aeromedia-s-www.press.sk,https://web.archive.org/web/20121230192018/http://www.press.sk:80/aktuality/spojenie-zasielkoveho-obchodu-aeromedia-s-www.press.sk,20121230192018,skip
http://www.press.sk:80/aktuality/spojenie-zasielkoveho-obchodu-aeromedia-s-www.press.sk/,https://web.archive.org/web/20130116211901/http://www.press.sk:80/aktuality/spojenie-zasielkoveho-obchodu-aeromedia-s-www.press.sk/,20130116211901,skip
http://www.press.sk:80/aktuality/spojenie-zasielkoveho-obchodu-aeromedia-s-www.press.sk/,https://web.archive.org/web/20130318185531/http://www.press.sk:80/aktuality/spojenie-zasielkoveho-obchodu-aeromedia-s-www.press.sk/,20130318185531,skip
http://www.press.sk:80/aktuality/spojenie-zasielkoveho-obchodu-aeromedia-s-www.press.sk/,https://web.archive.org/web/20130519200325/http://www.press.sk:80/aktuality/spojenie-zasielkoveho-obchodu-aeromedia-s-www.press.sk/,20130519200325,skip
http://www.press.sk:80/aktuality/spojenie-zasielkoveho-obchodu-aeromedia-s-www.press.sk,https://web.archive.org/web/20130530195033/http://www.press.sk:80/aktuality/spojenie-zasielkoveho-obchodu-aeromedia-s-www.press.sk,20130530195033,skip
http://www.press.sk:80/aktuality/spojenie-zasielkoveho-obchodu-aeromedia-s-www.press.sk/,https://web.archive.org/web/20130719060833/http://www.press.sk:80/aktuality/spojenie-zasielkoveho-obchodu-aeromedia-s-www.press.sk/,20130719060833,skip
http://www.press.sk:80/aktuality/spojenie-zasielkoveho-obchodu-aeromedia-s-www.press.sk/,https://web.archive.org/web/20130917165714/http://www.press.sk:80/aktuality/spojenie-zasielkoveho-obchodu-aeromedia-s-www.press.sk/,20130917165714,skip
http://www.press.sk:80/aktuality/spojenie-zasielkoveho-obchodu-aeromedia-s-www.press.sk/,https://web.archive.org/web/20130918165858/http://www.press.sk:80/aktuality/spojenie-zasielkoveho-obchodu-aeromedia-s-www.press.sk/,20130918165858,skip
http://www.press.sk:80/aktuality/spojenie-zasielkoveho-obchodu-aeromedia-s-www.press.sk/,https://web.archive.org/web/20131203102841/http://www.press.sk:80/aktuality/spojenie-zasielkoveho-obchodu-aeromedia-s-www.press.sk/,20131203102841,skip
http://www.press.sk/aktuality/spojenie-zasielkoveho-obchodu-aeromedia-s-www.press.sk/,https://web.archive.org/web/20131212190513/http://www.press.sk/aktuality/spojenie-zasielkoveho-obchodu-aeromedia-s-www.press.sk/,20131212190513,skip
http://www.press.sk:80/aktuality/spojenie-zasielkoveho-obchodu-aeromedia-s-www.press.sk/,https://web.archive.org/web/20140212020223/http://www.press.sk:80/aktuality/spojenie-zasielkoveho-obchodu-aeromedia-s-www.press.sk/,20140212020223,skip
http://www.press.sk:80/aktuality/spojenie-zasielkoveho-obchodu-aeromedia-s-www.press.sk/,https://web.archive.org/web/20140413203558/http://www.press.sk:80/aktuality/spojenie-zasielkoveho-obchodu-aeromedia-s-www.press.sk/,20140413203558,skip
http://www.press.sk:80/aktuality/spojenie-zasielkoveho-obchodu-aeromedia-s-www.press.sk/,https://web.archive.org/web/20140613141559/http://www.press.sk:80/aktuality/spojenie-zasielkoveho-obchodu-aeromedia-s-www.press.sk/,20140613141559,skip
http://www.press.sk:80/aktuality/spojenie-zasielkoveho-obchodu-aeromedia-s-www.press.sk/,https://web.archive.org/web/20140813152136/http://www.press.sk:80/aktuality/spojenie-zasielkoveho-obchodu-aeromedia-s-www.press.sk/,20140813152136,skip
http://www.press.sk/aktuality/spojenie-zasielkoveho-obchodu-aeromedia-s-www.press.sk/,https://web.archive.org/web/20140827150519/http://www.press.sk/aktuality/spojenie-zasielkoveho-obchodu-aeromedia-s-www.press.sk/,20140827150519,skip
http://www.press.sk:80/aktuality/spojenie-zasielkoveho-obchodu-aeromedia-s-www.press.sk/,https://web.archive.org/web/20140929162352/http://www.press.sk:80/aktuality/spojenie-zasielkoveho-obchodu-aeromedia-s-www.press.sk/,20140929162352,skip
http://www.press.sk:80/aktuality/spojenie-zasielkoveho-obchodu-aeromedia-s-www.press.sk/,https://web.archive.org/web/20141221205639/http://www.press.sk:80/aktuality/spojenie-zasielkoveho-obchodu-aeromedia-s-www.press.sk/,20141221205639,skip
http://www.press.sk/aktuality/spojenie-zasielkoveho-obchodu-aeromedia-s-www.press.sk/,https://web.archive.org/web/20150214071748/http://www.press.sk/aktuality/spojenie-zasielkoveho-obchodu-aeromedia-s-www.press.sk/,20150214071748,skip
http://www.press.sk:80/aktuality/spojenie-zasielkoveho-obchodu-aeromedia-s-www.press.sk/,https://web.archive.org/web/20150307092450/http://www.press.sk:80/aktuality/spojenie-zasielkoveho-obchodu-aeromedia-s-www.press.sk/,20150307092450,skip
http://www.press.sk:80/aktuality/spojenie-zasielkoveho-obchodu-aeromedia-s-www.press.sk/,https://web.archive.org/web/20150507021647/http://www.press.sk:80/aktuality/spojenie-zasielkoveho-obchodu-aeromedia-s-www.press.sk/,20150507021647,skip
http://www.press.sk/aktuality/spojenie-zasielkoveho-obchodu-aeromedia-s-www.press.sk,https://web.archive.org/web/20160313131520/http://www.press.sk/aktuality/spojenie-zasielkoveho-obchodu-aeromedia-s-www.press.sk,20160313131520,skip
http://www.press.sk/aktuality/stavebni-stroje---nova-kolekcia-modelov/,https://web.archive.org/web/20130510200700/http://www.press.sk/aktuality/stavebni-stroje---nova-kolekcia-modelov/,20130510200700,skip
http://www.press.sk:80/aktuality/stihaci-v-boji---letecke-souboje/,https://web.archive.org/web/20110613232509/http://www.press.sk:80/aktuality/stihaci-v-boji---letecke-souboje/,20110613232509,skip
http://www.press.sk:80/aktuality/stihaci-v-boji---letecke-souboje/,https://web.archive.org/web/20110615094405/http://www.press.sk:80/aktuality/stihaci-v-boji---letecke-souboje/,20110615094405,skip
http://www.press.sk:80/aktuality/stihaci-v-boji---letecke-souboje/,https://web.archive.org/web/20110815052911/http://www.press.sk:80/aktuality/stihaci-v-boji---letecke-souboje/,20110815052911,skip
http://www.press.sk:80/aktuality/stihaci-v-boji---letecke-souboje/,https://web.archive.org/web/20111019114436/http://www.press.sk:80/aktuality/stihaci-v-boji---letecke-souboje/,20111019114436,skip
http://www.press.sk:80/aktuality/stihaci-v-boji---letecke-souboje/,https://web.archive.org/web/20111218190903/http://www.press.sk:80/aktuality/stihaci-v-boji---letecke-souboje/,20111218190903,skip
http://www.press.sk/aktuality/stihaci-v-boji---letecke-souboje/,https://web.archive.org/web/20120307161117/http://www.press.sk/aktuality/stihaci-v-boji---letecke-souboje/,20120307161117,skip
http://www.press.sk/aktuality/taxiky-sveta---kolekcia-modelov/,https://web.archive.org/web/20130510201622/http://www.press.sk/aktuality/taxiky-sveta---kolekcia-modelov/,20130510201622,skip
http://www.press.sk/aktuality/the-weathering-magazine--twm-19---pigmenty/,https://web.archive.org/web/20170611114650/http://www.press.sk/aktuality/the-weathering-magazine--twm-19---pigmenty/,20170611114650,skip
http://www.press.sk/aktuality/the-weathering-magazine-twm-18---realne/,https://web.archive.org/web/20170611141505/http://www.press.sk/aktuality/the-weathering-magazine-twm-18---realne/,20170611141505,skip
http://www.press.sk:80/aktuality/valecne-silenstvi---reedicia-vojnovych-dokumentov-za-jedinecne-ceny,https://web.archive.org/web/20120225042312/http://www.press.sk:80/aktuality/valecne-silenstvi---reedicia-vojnovych-dokumentov-za-jedinecne-ceny,20120225042312,skip
http://www.press.sk:80/aktuality/valecne-silenstvi---reedicia-vojnovych-dokumentov-za-jedinecne-ceny/,https://web.archive.org/web/20120226042248/http://www.press.sk:80/aktuality/valecne-silenstvi---reedicia-vojnovych-dokumentov-za-jedinecne-ceny/,20120226042248,skip
http://www.press.sk:80/aktuality/valecne-silenstvi---reedicia-vojnovych-dokumentov-za-jedinecne-ceny,https://web.archive.org/web/20120419084124/http://www.press.sk:80/aktuality/valecne-silenstvi---reedicia-vojnovych-dokumentov-za-jedinecne-ceny,20120419084124,skip
http://www.press.sk:80/aktuality/valecne-silenstvi---reedicia-vojnovych-dokumentov-za-jedinecne-ceny/,https://web.archive.org/web/20120427002747/http://www.press.sk:80/aktuality/valecne-silenstvi---reedicia-vojnovych-dokumentov-za-jedinecne-ceny/,20120427002747,skip
http://www.press.sk:80/aktuality/valecne-silenstvi---reedicia-vojnovych-dokumentov-za-jedinecne-ceny/,https://web.archive.org/web/20120626163451/http://www.press.sk:80/aktuality/valecne-silenstvi---reedicia-vojnovych-dokumentov-za-jedinecne-ceny/,20120626163451,skip
http://www.press.sk:80/aktuality/valecne-silenstvi---reedicia-vojnovych-dokumentov-za-jedinecne-ceny,https://web.archive.org/web/20120627021843/http://www.press.sk:80/aktuality/valecne-silenstvi---reedicia-vojnovych-dokumentov-za-jedinecne-ceny,20120627021843,skip
http://www.press.sk:80/aktuality/valecne-silenstvi---reedicia-vojnovych-dokumentov-za-jedinecne-ceny,https://web.archive.org/web/20120829152532/http://www.press.sk:80/aktuality/valecne-silenstvi---reedicia-vojnovych-dokumentov-za-jedinecne-ceny,20120829152532,skip
http://www.press.sk:80/aktuality/valecne-silenstvi---reedicia-vojnovych-dokumentov-za-jedinecne-ceny,https://web.archive.org/web/20121106054916/http://www.press.sk:80/aktuality/valecne-silenstvi---reedicia-vojnovych-dokumentov-za-jedinecne-ceny,20121106054916,skip
http://www.press.sk:80/aktuality/valecne-silenstvi---reedicia-vojnovych-dokumentov-za-jedinecne-ceny,https://web.archive.org/web/20121228015737/http://www.press.sk:80/aktuality/valecne-silenstvi---reedicia-vojnovych-dokumentov-za-jedinecne-ceny,20121228015737,skip
http://www.press.sk:80/aktuality/valecne-silenstvi---reedicia-vojnovych-dokumentov-za-jedinecne-ceny,https://web.archive.org/web/20130129054120/http://www.press.sk:80/aktuality/valecne-silenstvi---reedicia-vojnovych-dokumentov-za-jedinecne-ceny,20130129054120,skip
http://www.press.sk:80/aktuality/valecne-silenstvi---reedicia-vojnovych-dokumentov-za-jedinecne-ceny,https://web.archive.org/web/20130331150714/http://www.press.sk:80/aktuality/valecne-silenstvi---reedicia-vojnovych-dokumentov-za-jedinecne-ceny,20130331150714,skip
http://www.press.sk:80/aktuality/valecne-silenstvi---reedicia-vojnovych-dokumentov-za-jedinecne-ceny,https://web.archive.org/web/20130524201329/http://www.press.sk:80/aktuality/valecne-silenstvi---reedicia-vojnovych-dokumentov-za-jedinecne-ceny,20130524201329,skip
http://www.press.sk:80/aktuality/vojenske-misie/,https://web.archive.org/web/20121009021630/http://www.press.sk:80/aktuality/vojenske-misie/,20121009021630,skip
http://www.press.sk/aktuality/vojenske-misie/,https://web.archive.org/web/20130510224412/http://www.press.sk/aktuality/vojenske-misie/,20130510224412,skip
http://www.press.sk:80/aktuality/vyber-periodik-45.tyzden/,https://web.archive.org/web/20090125141436/http://www.press.sk:80/aktuality/vyber-periodik-45.tyzden/,20090125141436,skip
http://www.press.sk:80/aktuality/vyber-periodik-47.tyzden/,https://web.archive.org/web/20081208022713/http://www.press.sk:80/aktuality/vyber-periodik-47.tyzden/,20081208022713,skip
http://www.press.sk:80/aktuality/vyber-periodik-47.tyzden/,https://web.archive.org/web/20090125141455/http://www.press.sk:80/aktuality/vyber-periodik-47.tyzden/,20090125141455,skip
http://www.press.sk:80/aktuality/vyber-z-periodik-49.tyzden/,https://web.archive.org/web/20090125141512/http://www.press.sk:80/aktuality/vyber-z-periodik-49.tyzden/,20090125141512,skip
http://www.press.sk/aktuality/vyhercovia-sutaze-macko-pusik---marec-2014/,https://web.archive.org/web/20140812072944/http://www.press.sk/aktuality/vyhercovia-sutaze-macko-pusik---marec-2014/,20140812072944,skip
http://www.press.sk/aktuality/zbarveni-a-oznacovani-vozidel-ceskoslovenske-armady-v-letech-1945n1992/,https://web.archive.org/web/20170405212253/http://www.press.sk/aktuality/zbarveni-a-oznacovani-vozidel-ceskoslovenske-armady-v-letech-1945n1992/,20170405212253,skip
https://www.press.sk/akvaristika/,https://web.archive.org/web/20190721074158/https://www.press.sk/akvaristika/,20190721074158,skip
https://www.press.sk/akvaristika/,https://web.archive.org/web/20190923211303/https://www.press.sk/akvaristika/,20190923211303,skip
https://www.press.sk/akvaristika/,https://web.archive.org/web/20191119033839/https://www.press.sk/akvaristika/,20191119033839,skip
https://www.press.sk/akvaristika/,https://web.archive.org/web/20230311055259/https://www.press.sk/akvaristika/,20230311055259,skip
https://www.press.sk/akvaristika/akvarium+20289/,https://web.archive.org/web/20190822224312/https://www.press.sk/akvaristika/akvarium+20289/,20190822224312,skip
http://www.press.sk:80/akvaristika/vase-akvarium,https://web.archive.org/web/20170410110122/http://www.press.sk:80/akvaristika/vase-akvarium,20170410110122,skip
http://www.press.sk:80/akvaristika/vase-akvarium,https://web.archive.org/web/20170515050428/http://www.press.sk:80/akvaristika/vase-akvarium,20170515050428,skip
https://www.press.sk/alternativna-medicina/,https://web.archive.org/web/20170731135159/https://www.press.sk/alternativna-medicina/,20170731135159,skip
https://www.press.sk/alternativna-medicina/,https://web.archive.org/web/20190724005914/https://www.press.sk/alternativna-medicina/,20190724005914,skip
https://www.press.sk/alternativna-medicina/,https://web.archive.org/web/20190922085208/https://www.press.sk/alternativna-medicina/,20190922085208,skip
https://www.press.sk/alternativna-medicina/,https://web.archive.org/web/20191115190939/https://www.press.sk/alternativna-medicina/,20191115190939,skip
https://www.press.sk/alternativna-medicina/,https://web.archive.org/web/20230311055300/https://www.press.sk/alternativna-medicina/,20230311055300,skip
https://www.press.sk/alternativna-medicina/carodejne-byliny-znovuobjevene-znalosti-babek-korenarek/,https://web.archive.org/web/20191020012757/https://www.press.sk/alternativna-medicina/carodejne-byliny-znovuobjevene-znalosti-babek-korenarek/,20191020012757,skip
https://www.press.sk/alternativna-medicina/cinska-medicina-pro-kazdy-den/,https://web.archive.org/web/20191017083131/https://www.press.sk/alternativna-medicina/cinska-medicina-pro-kazdy-den/,20191017083131,skip
https://www.press.sk/alternativna-medicina/cinska-medicina-pro-kazdy-den/,https://web.archive.org/web/20191205214920/https://www.press.sk/alternativna-medicina/cinska-medicina-pro-kazdy-den/,20191205214920,skip
https://www.press.sk/alternativna-medicina/cirkadianni-kod-proti-cukrovce-odhalte-spravny-cas-kdy-jist-spat/,https://web.archive.org/web/20230311055307/https://www.press.sk/alternativna-medicina/cirkadianni-kod-proti-cukrovce-odhalte-spravny-cas-kdy-jist-spat/,20230311055307,skip
https://www.press.sk/alternativna-medicina/cvicime-v-kancelari-jednoduche-cviky-proti-bolesti-zad/,https://web.archive.org/web/20190721071408/https://www.press.sk/alternativna-medicina/cvicime-v-kancelari-jednoduche-cviky-proti-bolesti-zad/,20190721071408,skip
https://www.press.sk/alternativna-medicina/cvicime-v-kancelari-jednoduche-cviky-proti-bolesti-zad/,https://web.archive.org/web/20190922145225/https://www.press.sk/alternativna-medicina/cvicime-v-kancelari-jednoduche-cviky-proti-bolesti-zad/,20190922145225,skip
https://www.press.sk/alternativna-medicina/cvicime-v-kancelari-jednoduche-cviky-proti-bolesti-zad/,https://web.archive.org/web/20191122011012/https://www.press.sk/alternativna-medicina/cvicime-v-kancelari-jednoduche-cviky-proti-bolesti-zad/,20191122011012,skip
https://www.press.sk/alternativna-medicina/lesni-lekarna/,https://web.archive.org/web/20190721214916/https://www.press.sk/alternativna-medicina/lesni-lekarna/,20190721214916,skip
https://www.press.sk/alternativna-medicina/lesni-lekarna/,https://web.archive.org/web/20190922145652/https://www.press.sk/alternativna-medicina/lesni-lekarna/,20190922145652,skip
https://www.press.sk/alternativna-medicina/lesni-lekarna/,https://web.archive.org/web/20191113155852/https://www.press.sk/alternativna-medicina/lesni-lekarna/,20191113155852,skip
https://www.press.sk/alternativna-medicina/medunka-adresar-pomoci/,https://web.archive.org/web/20190822230613/https://www.press.sk/alternativna-medicina/medunka-adresar-pomoci/,20190822230613,skip
https://www.press.sk/alternativna-medicina/medunka-adresar-pomoci/,https://web.archive.org/web/20191013234651/https://www.press.sk/alternativna-medicina/medunka-adresar-pomoci/,20191013234651,skip
https://www.press.sk/alternativna-medicina/medunka-adresar-pomoci/,https://web.archive.org/web/20191207100749/https://www.press.sk/alternativna-medicina/medunka-adresar-pomoci/,20191207100749,skip
https://www.press.sk/alternativna-medicina/medunka-adresar-pomoci/,https://web.archive.org/web/20230311055306/https://www.press.sk/alternativna-medicina/medunka-adresar-pomoci/,20230311055306,skip
https://www.press.sk/alternativna-medicina/uzitecne-bakterie-pro-zdravou-pokozku-jak-nam-pomohou-pre-a-prob/,https://web.archive.org/web/20230311055306/https://www.press.sk/alternativna-medicina/uzitecne-bakterie-pro-zdravou-pokozku-jak-nam-pomohou-pre-a-prob/,20230311055306,skip
https://www.press.sk/alternativna-medicina/zdravi-z-bozi-lekarny/,https://web.archive.org/web/20190825011022/https://www.press.sk/alternativna-medicina/zdravi-z-bozi-lekarny/,20190825011022,skip
http://www.press.sk:80/amercom/,https://web.archive.org/web/20111204213913/http://www.press.sk:80/amercom/,20111204213913,skip
http://www.press.sk:80/amercom/,https://web.archive.org/web/20120203131315/http://www.press.sk:80/amercom/,20120203131315,skip
http://www.press.sk:80/amercom,https://web.archive.org/web/20120225042317/http://www.press.sk:80/amercom,20120225042317,skip
http://www.press.sk:80/amercom/,https://web.archive.org/web/20120404045018/http://www.press.sk:80/amercom/,20120404045018,skip
http://www.press.sk:80/amercom,https://web.archive.org/web/20120419212926/http://www.press.sk:80/amercom,20120419212926,skip
http://www.press.sk:80/amercom/,https://web.archive.org/web/20120422162820/http://www.press.sk:80/amercom/,20120422162820,skip
http://www.press.sk:80/amercom,https://web.archive.org/web/20120528194037/http://www.press.sk:80/amercom,20120528194037,skip
http://www.press.sk:80/amercom/,https://web.archive.org/web/20120622065749/http://www.press.sk:80/amercom/,20120622065749,skip
http://www.press.sk:80/amercom,https://web.archive.org/web/20120629122108/http://www.press.sk:80/amercom,20120629122108,skip
http://www.press.sk:80/amercom/,https://web.archive.org/web/20120823013653/http://www.press.sk:80/amercom/,20120823013653,skip
http://www.press.sk:80/amercom,https://web.archive.org/web/20120828112903/http://www.press.sk:80/amercom,20120828112903,skip
http://www.press.sk:80/amercom/,https://web.archive.org/web/20121022081136/http://www.press.sk:80/amercom/,20121022081136,skip
http://www.press.sk:80/amercom,https://web.archive.org/web/20121103204418/http://www.press.sk:80/amercom,20121103204418,skip
http://www.press.sk:80/amercom/,https://web.archive.org/web/20121222013151/http://www.press.sk:80/amercom/,20121222013151,skip
http://www.press.sk:80/amercom,https://web.archive.org/web/20121230015302/http://www.press.sk:80/amercom,20121230015302,skip
http://www.press.sk:80/amercom/,https://web.archive.org/web/20130221035815/http://www.press.sk:80/amercom/,20130221035815,skip
http://www.press.sk:80/amercom,https://web.archive.org/web/20130329121607/http://www.press.sk:80/amercom,20130329121607,skip
http://www.press.sk:80/amercom/,https://web.archive.org/web/20130424064219/http://www.press.sk:80/amercom/,20130424064219,skip
http://www.press.sk/amercom/,https://web.archive.org/web/20130425052145/http://www.press.sk/amercom/,20130425052145,skip
http://www.press.sk:80/amercom,https://web.archive.org/web/20130529200213/http://www.press.sk:80/amercom,20130529200213,skip
http://www.press.sk:80/amercom/,https://web.archive.org/web/20130624121522/http://www.press.sk:80/amercom/,20130624121522,skip
http://www.press.sk:80/amercom/,https://web.archive.org/web/20130824075305/http://www.press.sk:80/amercom/,20130824075305,skip
http://www.press.sk/amercom/,https://web.archive.org/web/20130906145008/http://www.press.sk/amercom/,20130906145008,skip
http://www.press.sk:80/amercom/,https://web.archive.org/web/20131024003653/http://www.press.sk:80/amercom/,20131024003653,skip
http://www.press.sk:80/amercom/,https://web.archive.org/web/20131223220207/http://www.press.sk:80/amercom/,20131223220207,skip
http://www.press.sk/amercom/,https://web.archive.org/web/20140117060345/http://www.press.sk/amercom/,20140117060345,skip
http://www.press.sk:80/amercom,https://web.archive.org/web/20140126000554/http://www.press.sk:80/amercom,20140126000554,skip
http://www.press.sk/amercom/,https://web.archive.org/web/20140214102127/http://www.press.sk/amercom/,20140214102127,skip
http://www.press.sk:80/amercom/,https://web.archive.org/web/20140222120735/http://www.press.sk:80/amercom/,20140222120735,skip
http://www.press.sk:80/amercom,https://web.archive.org/web/20140226080320/http://www.press.sk:80/amercom,20140226080320,skip
http://www.press.sk:80/amercom/,https://web.archive.org/web/20140424064408/http://www.press.sk:80/amercom/,20140424064408,skip
http://www.press.sk:80/amercom,https://web.archive.org/web/20140705062207/http://www.press.sk:80/amercom,20140705062207,skip
http://www.press.sk:80/amercom,https://web.archive.org/web/20140706064421/http://www.press.sk:80/amercom,20140706064421,skip
http://www.press.sk/amercom/,https://web.archive.org/web/20140813074434/http://www.press.sk/amercom/,20140813074434,skip
http://www.press.sk:80/amercom/,https://web.archive.org/web/20140823194555/http://www.press.sk:80/amercom/,20140823194555,skip
http://www.press.sk:80/amercom/,https://web.archive.org/web/20141006014657/http://www.press.sk:80/amercom/,20141006014657,skip
http://www.press.sk:80/amercom/,https://web.archive.org/web/20141208004155/http://www.press.sk:80/amercom/,20141208004155,skip
http://www.press.sk:80/amercom,https://web.archive.org/web/20150308123520/http://www.press.sk:80/amercom,20150308123520,skip
http://www.press.sk:80/amercom/,https://web.archive.org/web/20150310090928/http://www.press.sk:80/amercom/,20150310090928,skip
http://www.press.sk:80/amercom,https://web.archive.org/web/20150408170214/http://www.press.sk:80/amercom,20150408170214,skip
http://www.press.sk/amercom/,https://web.archive.org/web/20150418193131/http://www.press.sk/amercom/,20150418193131,skip
http://www.press.sk:80/amercom,https://web.archive.org/web/20150509070021/http://www.press.sk:80/amercom,20150509070021,skip
http://www.press.sk:80/amercom/,https://web.archive.org/web/20150509194214/http://www.press.sk:80/amercom/,20150509194214,skip
http://www.press.sk:80/amercom,https://web.archive.org/web/20150609043406/http://www.press.sk:80/amercom,20150609043406,skip
http://www.press.sk:80/amercom,https://web.archive.org/web/20150710102235/http://www.press.sk:80/amercom,20150710102235,skip
http://www.press.sk:80/amercom/,https://web.archive.org/web/20150711130359/http://www.press.sk:80/amercom/,20150711130359,skip
http://www.press.sk:80/amercom,https://web.archive.org/web/20150810124209/http://www.press.sk:80/amercom,20150810124209,skip
http://www.press.sk:80/amercom/,https://web.archive.org/web/20150909214520/http://www.press.sk:80/amercom/,20150909214520,skip
http://www.press.sk:80/amercom,https://web.archive.org/web/20150910104309/http://www.press.sk:80/amercom,20150910104309,skip
http://www.press.sk:80/amercom/,https://web.archive.org/web/20151109051301/http://www.press.sk:80/amercom/,20151109051301,skip
http://www.press.sk:80/amercom,https://web.archive.org/web/20151113012758/http://www.press.sk:80/amercom,20151113012758,skip
http://www.press.sk:80/amercom,https://web.archive.org/web/20151215142010/http://www.press.sk:80/amercom,20151215142010,skip
http://www.press.sk:80/amercom/,https://web.archive.org/web/20160110044148/http://www.press.sk:80/amercom/,20160110044148,skip
http://www.press.sk:80/amercom/,https://web.archive.org/web/20160311074129/http://www.press.sk:80/amercom/,20160311074129,skip
http://www.press.sk/amercom/,https://web.archive.org/web/20160324110645/http://www.press.sk/amercom/,20160324110645,skip
http://www.press.sk:80/amercom,https://web.archive.org/web/20160330111724/http://www.press.sk:80/amercom,20160330111724,skip
http://www.press.sk:80/amercom/,https://web.archive.org/web/20160511122346/http://www.press.sk:80/amercom/,20160511122346,skip
http://www.press.sk:80/amercom,https://web.archive.org/web/20160514033937/http://www.press.sk:80/amercom,20160514033937,skip
http://www.press.sk:80/amercom,https://web.archive.org/web/20160515135524/http://www.press.sk:80/amercom,20160515135524,skip
http://www.press.sk:80/amercom,https://web.archive.org/web/20160616080408/http://www.press.sk:80/amercom,20160616080408,skip
http://www.press.sk/amercom/,https://web.archive.org/web/20160624005726/http://www.press.sk/amercom/,20160624005726,skip
http://www.press.sk:80/amercom/,https://web.archive.org/web/20160711113135/http://www.press.sk:80/amercom/,20160711113135,skip
http://www.press.sk:80/amercom/,https://web.archive.org/web/20160910135651/http://www.press.sk:80/amercom/,20160910135651,skip
http://www.press.sk/amercom/,https://web.archive.org/web/20161030105239/http://www.press.sk/amercom/,20161030105239,skip
http://www.press.sk:80/amercom/,https://web.archive.org/web/20161110234109/http://www.press.sk:80/amercom/,20161110234109,skip
http://www.press.sk:80/amercom/,https://web.archive.org/web/20161207113125/http://www.press.sk:80/amercom/,20161207113125,skip
http://www.press.sk:80/amercom/bojova-vozidla-c.01/,https://web.archive.org/web/20120226094807/http://www.press.sk:80/amercom/bojova-vozidla-c.01/,20120226094807,skip
http://www.press.sk:80/amercom/bojova-vozidla-c.01,https://web.archive.org/web/20120827043410/http://www.press.sk:80/amercom/bojova-vozidla-c.01,20120827043410,skip
http://www.press.sk:80/amercom/bojova-vozidla-c.01/,https://web.archive.org/web/20120828152259/http://www.press.sk:80/amercom/bojova-vozidla-c.01/,20120828152259,skip
http://www.press.sk:80/amercom/bojova-vozidla-c.01,https://web.archive.org/web/20121114113001/http://www.press.sk:80/amercom/bojova-vozidla-c.01,20121114113001,skip
http://www.press.sk:80/amercom/bojova-vozidla-c.01,https://web.archive.org/web/20121229231936/http://www.press.sk:80/amercom/bojova-vozidla-c.01,20121229231936,skip
http://www.press.sk/amercom/bojova-vozidla-c.01/,https://web.archive.org/web/20130510234732/http://www.press.sk/amercom/bojova-vozidla-c.01/,20130510234732,skip
http://www.press.sk:80/amercom/bojova-vozidla-c.01,https://web.archive.org/web/20130529063410/http://www.press.sk:80/amercom/bojova-vozidla-c.01,20130529063410,skip
http://www.press.sk:80/amercom/bojova-vozidla-c.01/,https://web.archive.org/web/20140127032851/http://www.press.sk:80/amercom/bojova-vozidla-c.01/,20140127032851,skip
http://www.press.sk:80/amercom/bojova-vozidla-c.02/,https://web.archive.org/web/20120226095610/http://www.press.sk:80/amercom/bojova-vozidla-c.02/,20120226095610,skip
http://www.press.sk/amercom/bojova-vozidla-c.02/,https://web.archive.org/web/20130622153523/http://www.press.sk/amercom/bojova-vozidla-c.02/,20130622153523,skip
http://www.press.sk:80/amercom/bojova-vozidla-c.03/,https://web.archive.org/web/20120226093304/http://www.press.sk:80/amercom/bojova-vozidla-c.03/,20120226093304,skip
http://www.press.sk/amercom/bojova-vozidla-c.03/,https://web.archive.org/web/20130622163821/http://www.press.sk/amercom/bojova-vozidla-c.03/,20130622163821,skip
http://www.press.sk:80/amercom/bojova-vozidla-c.04/,https://web.archive.org/web/20120226093309/http://www.press.sk:80/amercom/bojova-vozidla-c.04/,20120226093309,skip
http://www.press.sk/amercom/bojova-vozidla-c.04/,https://web.archive.org/web/20130622163812/http://www.press.sk/amercom/bojova-vozidla-c.04/,20130622163812,skip
http://www.press.sk:80/amercom/bojova-vozidla-c.05/,https://web.archive.org/web/20120226094812/http://www.press.sk:80/amercom/bojova-vozidla-c.05/,20120226094812,skip
http://www.press.sk/amercom/bojova-vozidla-c.05/,https://web.archive.org/web/20130622153550/http://www.press.sk/amercom/bojova-vozidla-c.05/,20130622153550,skip
http://www.press.sk:80/amercom/bojova-vozidla-c.06/,https://web.archive.org/web/20120226093314/http://www.press.sk:80/amercom/bojova-vozidla-c.06/,20120226093314,skip
http://www.press.sk/amercom/bojova-vozidla-c.06/,https://web.archive.org/web/20130622152012/http://www.press.sk/amercom/bojova-vozidla-c.06/,20130622152012,skip
http://www.press.sk:80/amercom/bojova-vozidla-c.07/,https://web.archive.org/web/20120226093319/http://www.press.sk:80/amercom/bojova-vozidla-c.07/,20120226093319,skip
http://www.press.sk/amercom/bojova-vozidla-c.07/,https://web.archive.org/web/20130622142317/http://www.press.sk/amercom/bojova-vozidla-c.07/,20130622142317,skip
http://www.press.sk:80/amercom/bojova-vozidla-c.08/,https://web.archive.org/web/20120226095426/http://www.press.sk:80/amercom/bojova-vozidla-c.08/,20120226095426,skip
http://www.press.sk/amercom/bojova-vozidla-c.08/,https://web.archive.org/web/20130622152101/http://www.press.sk/amercom/bojova-vozidla-c.08/,20130622152101,skip
http://www.press.sk:80/amercom/bojova-vozidla-c.09/,https://web.archive.org/web/20120226095857/http://www.press.sk:80/amercom/bojova-vozidla-c.09/,20120226095857,skip
http://www.press.sk/amercom/bojova-vozidla-c.09/,https://web.archive.org/web/20130622144818/http://www.press.sk/amercom/bojova-vozidla-c.09/,20130622144818,skip
http://www.press.sk:80/amercom/bojova-vozidla-c.10/,https://web.archive.org/web/20120226095902/http://www.press.sk:80/amercom/bojova-vozidla-c.10/,20120226095902,skip
http://www.press.sk/amercom/bojova-vozidla-c.10/,https://web.archive.org/web/20130622161451/http://www.press.sk/amercom/bojova-vozidla-c.10/,20130622161451,skip
http://www.press.sk:80/amercom/bojova-vozidla-c.11/,https://web.archive.org/web/20120226095907/http://www.press.sk:80/amercom/bojova-vozidla-c.11/,20120226095907,skip
http://www.press.sk/amercom/bojova-vozidla-c.11/,https://web.archive.org/web/20130622164926/http://www.press.sk/amercom/bojova-vozidla-c.11/,20130622164926,skip
http://www.press.sk:80/amercom/bojova-vozidla-c.12/,https://web.archive.org/web/20120226095615/http://www.press.sk:80/amercom/bojova-vozidla-c.12/,20120226095615,skip
http://www.press.sk/amercom/bojova-vozidla-c.12/,https://web.archive.org/web/20130622141744/http://www.press.sk/amercom/bojova-vozidla-c.12/,20130622141744,skip
http://www.press.sk:80/amercom/bojova-vozidla-c.13/,https://web.archive.org/web/20120226095431/http://www.press.sk:80/amercom/bojova-vozidla-c.13/,20120226095431,skip
http://www.press.sk/amercom/bojova-vozidla-c.13/,https://web.archive.org/web/20130622145339/http://www.press.sk/amercom/bojova-vozidla-c.13/,20130622145339,skip
http://www.press.sk/amercom/bojova-vozidla-c.14/,https://web.archive.org/web/20130622144622/http://www.press.sk/amercom/bojova-vozidla-c.14/,20130622144622,skip
http://www.press.sk:80/amercom/bojova-vozidla-c.15/,https://web.archive.org/web/20120226095436/http://www.press.sk:80/amercom/bojova-vozidla-c.15/,20120226095436,skip
http://www.press.sk/amercom/bojova-vozidla-c.15/,https://web.archive.org/web/20130622143039/http://www.press.sk/amercom/bojova-vozidla-c.15/,20130622143039,skip
http://www.press.sk:80/amercom/bojova-vozidla-c.16/,https://web.archive.org/web/20120226095912/http://www.press.sk:80/amercom/bojova-vozidla-c.16/,20120226095912,skip
http://www.press.sk/amercom/bojova-vozidla-c.16/,https://web.archive.org/web/20130622164908/http://www.press.sk/amercom/bojova-vozidla-c.16/,20130622164908,skip
http://www.press.sk:80/amercom/bojova-vozidla-c.17/,https://web.archive.org/web/20120226095620/http://www.press.sk:80/amercom/bojova-vozidla-c.17/,20120226095620,skip
http://www.press.sk/amercom/bojova-vozidla-c.17/,https://web.archive.org/web/20130622161528/http://www.press.sk/amercom/bojova-vozidla-c.17/,20130622161528,skip
http://www.press.sk/amercom/bojova-vozidla-c.18/,https://web.archive.org/web/20130622164943/http://www.press.sk/amercom/bojova-vozidla-c.18/,20130622164943,skip
http://www.press.sk/amercom/bojova-vozidla-c.19/,https://web.archive.org/web/20130622161622/http://www.press.sk/amercom/bojova-vozidla-c.19/,20130622161622,skip
http://www.press.sk/amercom/bojova-vozidla-c.20/,https://web.archive.org/web/20130622160716/http://www.press.sk/amercom/bojova-vozidla-c.20/,20130622160716,skip
http://www.press.sk/amercom/bojova-vozidla-c.21/,https://web.archive.org/web/20130622164615/http://www.press.sk/amercom/bojova-vozidla-c.21/,20130622164615,skip
http://www.press.sk/amercom/bojova-vozidla-c.22/,https://web.archive.org/web/20130622143057/http://www.press.sk/amercom/bojova-vozidla-c.22/,20130622143057,skip
http://www.press.sk/amercom/bojova-vozidla-c.23/,https://web.archive.org/web/20130622145316/http://www.press.sk/amercom/bojova-vozidla-c.23/,20130622145316,skip
http://www.press.sk/amercom/bojova-vozidla-c.24/,https://web.archive.org/web/20130622145258/http://www.press.sk/amercom/bojova-vozidla-c.24/,20130622145258,skip
http://www.press.sk/amercom/bojova-vozidla-c.25/,https://web.archive.org/web/20130622141940/http://www.press.sk/amercom/bojova-vozidla-c.25/,20130622141940,skip
http://www.press.sk/amercom/bojova-vozidla-c.26/,https://web.archive.org/web/20130622164655/http://www.press.sk/amercom/bojova-vozidla-c.26/,20130622164655,skip
http://www.press.sk/amercom/bojova-vozidla-c.27/,https://web.archive.org/web/20130622160700/http://www.press.sk/amercom/bojova-vozidla-c.27/,20130622160700,skip
http://www.press.sk/amercom/bojova-vozidla-c.28/,https://web.archive.org/web/20130622164541/http://www.press.sk/amercom/bojova-vozidla-c.28/,20130622164541,skip
http://www.press.sk/amercom/bojova-vozidla-c.29/,https://web.archive.org/web/20130622160629/http://www.press.sk/amercom/bojova-vozidla-c.29/,20130622160629,skip
http://www.press.sk:80/amercom/bojova-vozidla-c.30/,https://web.archive.org/web/20120226093324/http://www.press.sk:80/amercom/bojova-vozidla-c.30/,20120226093324,skip
http://www.press.sk/amercom/bojova-vozidla-c.30/,https://web.archive.org/web/20130510231427/http://www.press.sk/amercom/bojova-vozidla-c.30/,20130510231427,skip
http://www.press.sk:80/amercom/bojova-vozidla-c.30/,https://web.archive.org/web/20140127032856/http://www.press.sk:80/amercom/bojova-vozidla-c.30/,20140127032856,skip
http://www.press.sk:80/amercom/bojova-vozidla-c.30/,https://web.archive.org/web/20150311041125/http://www.press.sk:80/amercom/bojova-vozidla-c.30/,20150311041125,skip
http://www.press.sk:80/amercom/bojova-vozidla-c.30/,https://web.archive.org/web/20151114183543/http://www.press.sk:80/amercom/bojova-vozidla-c.30/,20151114183543,skip
http://www.press.sk/amercom/bojova-vozidla-c.31/,https://web.archive.org/web/20130622152344/http://www.press.sk/amercom/bojova-vozidla-c.31/,20130622152344,skip
http://www.press.sk:80/amercom/bojova-vozidla-c.49/,https://web.archive.org/web/20120831150500/http://www.press.sk:80/amercom/bojova-vozidla-c.49/,20120831150500,skip
http://www.press.sk/amercom/bojova-vozidla-c.62/,https://web.archive.org/web/20130622040924/http://www.press.sk/amercom/bojova-vozidla-c.62/,20130622040924,skip
http://www.press.sk/amercom/bojova-vozidla-c.63/,https://web.archive.org/web/20130622051119/http://www.press.sk/amercom/bojova-vozidla-c.63/,20130622051119,skip
http://www.press.sk/amercom/bojova-vozidla-c.64/,https://web.archive.org/web/20130622051050/http://www.press.sk/amercom/bojova-vozidla-c.64/,20130622051050,skip
http://www.press.sk/amercom/bojova-vozidla-c.65/,https://web.archive.org/web/20130622041022/http://www.press.sk/amercom/bojova-vozidla-c.65/,20130622041022,skip
http://www.press.sk/amercom/bojova-vozidla-c.66/,https://web.archive.org/web/20130622124710/http://www.press.sk/amercom/bojova-vozidla-c.66/,20130622124710,skip
http://www.press.sk/amercom/bojova-vozidla-c.67/,https://web.archive.org/web/20130622121749/http://www.press.sk/amercom/bojova-vozidla-c.67/,20130622121749,skip
http://www.press.sk:80/amercom/bojova-vozidla-kolekcia-modelov/,https://web.archive.org/web/20120226095625/http://www.press.sk:80/amercom/bojova-vozidla-kolekcia-modelov/,20120226095625,skip
http://www.press.sk/amercom/bojova-vozidla-kolekcia-modelov/,https://web.archive.org/web/20130511003913/http://www.press.sk/amercom/bojova-vozidla-kolekcia-modelov/,20130511003913,skip
http://www.press.sk:80/amercom/bojova-vozidla-kolekcia-modelov/,https://web.archive.org/web/20140127032901/http://www.press.sk:80/amercom/bojova-vozidla-kolekcia-modelov/,20140127032901,skip
http://www.press.sk:80/amercom/bojova-vozidla-kolekcia-modelov/,https://web.archive.org/web/20150311041130/http://www.press.sk:80/amercom/bojova-vozidla-kolekcia-modelov/,20150311041130,skip
http://www.press.sk/amercom/hasicsti-giganti-c.03/,https://web.archive.org/web/20130622025905/http://www.press.sk/amercom/hasicsti-giganti-c.03/,20130622025905,skip
http://www.press.sk/amercom/hasicsti-giganti-c.04/,https://web.archive.org/web/20130622124222/http://www.press.sk/amercom/hasicsti-giganti-c.04/,20130622124222,skip
http://www.press.sk/amercom/hasicsti-giganti-c.05/,https://web.archive.org/web/20130622115933/http://www.press.sk/amercom/hasicsti-giganti-c.05/,20130622115933,skip
http://www.press.sk/amercom/hasicsti-giganti-c.13/,https://web.archive.org/web/20140214081921/http://www.press.sk/amercom/hasicsti-giganti-c.13/,20140214081921,skip
http://www.press.sk/amercom/helikoptery-sveta-c.30/,https://web.archive.org/web/20130622043458/http://www.press.sk/amercom/helikoptery-sveta-c.30/,20130622043458,skip
http://www.press.sk/amercom/helikoptery-sveta-c.31/,https://web.archive.org/web/20130622054619/http://www.press.sk/amercom/helikoptery-sveta-c.31/,20130622054619,skip
http://www.press.sk/amercom/helikoptery-sveta-c.32/,https://web.archive.org/web/20130622015435/http://www.press.sk/amercom/helikoptery-sveta-c.32/,20130622015435,skip
http://www.press.sk/amercom/helikoptery-sveta-c.33/,https://web.archive.org/web/20130622030855/http://www.press.sk/amercom/helikoptery-sveta-c.33/,20130622030855,skip
http://www.press.sk/amercom/helikoptery-sveta-c.34/,https://web.archive.org/web/20130622123702/http://www.press.sk/amercom/helikoptery-sveta-c.34/,20130622123702,skip
http://www.press.sk:80/amercom/kolekcia-hasicskych-vozidiel-c.43/,https://web.archive.org/web/20111209182300/http://www.press.sk:80/amercom/kolekcia-hasicskych-vozidiel-c.43/,20111209182300,skip
http://www.press.sk/amercom/kosmos-tajemstvi-vesmiru-c.01/,https://web.archive.org/web/20130622161253/http://www.press.sk/amercom/kosmos-tajemstvi-vesmiru-c.01/,20130622161253,skip
http://www.press.sk/amercom/kosmos-tajemstvi-vesmiru-c.02/,https://web.archive.org/web/20130622122408/http://www.press.sk/amercom/kosmos-tajemstvi-vesmiru-c.02/,20130622122408,skip
http://www.press.sk/amercom/kosmos-tajemstvi-vesmiru-c.03/,https://web.archive.org/web/20130622115602/http://www.press.sk/amercom/kosmos-tajemstvi-vesmiru-c.03/,20130622115602,skip
http://www.press.sk/amercom/kosmos-tajemstvi-vesmiru-c.04/,https://web.archive.org/web/20130622115436/http://www.press.sk/amercom/kosmos-tajemstvi-vesmiru-c.04/,20130622115436,skip
http://www.press.sk/amercom/kosmos-tajemstvi-vesmiru-c.05/,https://web.archive.org/web/20130622123903/http://www.press.sk/amercom/kosmos-tajemstvi-vesmiru-c.05/,20130622123903,skip
http://www.press.sk/amercom/kosmos-tajemstvi-vesmiru-c.06/,https://web.archive.org/web/20130622133101/http://www.press.sk/amercom/kosmos-tajemstvi-vesmiru-c.06/,20130622133101,skip
http://www.press.sk/amercom/kosmos-tajemstvi-vesmiru-c.07/,https://web.archive.org/web/20130622141749/http://www.press.sk/amercom/kosmos-tajemstvi-vesmiru-c.07/,20130622141749,skip
http://www.press.sk/amercom/kosmos-tajemstvi-vesmiru-c.08/,https://web.archive.org/web/20130622132807/http://www.press.sk/amercom/kosmos-tajemstvi-vesmiru-c.08/,20130622132807,skip
http://www.press.sk/amercom/kosmos-tajemstvi-vesmiru-c.09/,https://web.archive.org/web/20130622135419/http://www.press.sk/amercom/kosmos-tajemstvi-vesmiru-c.09/,20130622135419,skip
http://www.press.sk/amercom/kosmos-tajemstvi-vesmiru-c.10/,https://web.archive.org/web/20130622124714/http://www.press.sk/amercom/kosmos-tajemstvi-vesmiru-c.10/,20130622124714,skip
http://www.press.sk/amercom/kosmos-tajemstvi-vesmiru-c.11/,https://web.archive.org/web/20130622120502/http://www.press.sk/amercom/kosmos-tajemstvi-vesmiru-c.11/,20130622120502,skip
http://www.press.sk/amercom/kosmos-tajemstvi-vesmiru-c.12/,https://web.archive.org/web/20130622140703/http://www.press.sk/amercom/kosmos-tajemstvi-vesmiru-c.12/,20130622140703,skip
http://www.press.sk/amercom/kosmos-tajemstvi-vesmiru-c.13/,https://web.archive.org/web/20130622130500/http://www.press.sk/amercom/kosmos-tajemstvi-vesmiru-c.13/,20130622130500,skip
http://www.press.sk/amercom/kosmos-tajemstvi-vesmiru-c.14/,https://web.archive.org/web/20130622130219/http://www.press.sk/amercom/kosmos-tajemstvi-vesmiru-c.14/,20130622130219,skip
http://www.press.sk/amercom/kosmos-tajemstvi-vesmiru-c.15/,https://web.archive.org/web/20130622135751/http://www.press.sk/amercom/kosmos-tajemstvi-vesmiru-c.15/,20130622135751,skip
http://www.press.sk:80/amercom/kosmos-tajemstvi-vesmiru-c.16/,https://web.archive.org/web/20120226095631/http://www.press.sk:80/amercom/kosmos-tajemstvi-vesmiru-c.16/,20120226095631,skip
http://www.press.sk/amercom/kosmos-tajemstvi-vesmiru-c.17/,https://web.archive.org/web/20130622124933/http://www.press.sk/amercom/kosmos-tajemstvi-vesmiru-c.17/,20130622124933,skip
http://www.press.sk/amercom/kosmos-tajemstvi-vesmiru-c.18/,https://web.archive.org/web/20130622120422/http://www.press.sk/amercom/kosmos-tajemstvi-vesmiru-c.18/,20130622120422,skip
http://www.press.sk/amercom/legendarni-automobily-c.01/,https://web.archive.org/web/20130622130129/http://www.press.sk/amercom/legendarni-automobily-c.01/,20130622130129,skip
http://www.press.sk/amercom/legendarni-automobily-c.02/,https://web.archive.org/web/20130622125341/http://www.press.sk/amercom/legendarni-automobily-c.02/,20130622125341,skip
http://www.press.sk/amercom/legendarni-automobily-c.03/,https://web.archive.org/web/20130622121038/http://www.press.sk/amercom/legendarni-automobily-c.03/,20130622121038,skip
http://www.press.sk/amercom/legendarni-automobily-c.04/,https://web.archive.org/web/20130622122618/http://www.press.sk/amercom/legendarni-automobily-c.04/,20130622122618,skip
http://www.press.sk/amercom/legendarni-automobily-c.05/,https://web.archive.org/web/20130622125244/http://www.press.sk/amercom/legendarni-automobily-c.05/,20130622125244,skip
http://www.press.sk/amercom/legendarni-automobily-c.06am/,https://web.archive.org/web/20130622120025/http://www.press.sk/amercom/legendarni-automobily-c.06am/,20130622120025,skip
http://www.press.sk/amercom/legendarni-automobily-c.07/,https://web.archive.org/web/20130622140148/http://www.press.sk/amercom/legendarni-automobily-c.07/,20130622140148,skip
http://www.press.sk/amercom/legendarni-automobily-c.08/,https://web.archive.org/web/20130622125913/http://www.press.sk/amercom/legendarni-automobily-c.08/,20130622125913,skip
http://www.press.sk/amercom/legendarni-automobily-c.09/,https://web.archive.org/web/20130622134256/http://www.press.sk/amercom/legendarni-automobily-c.09/,20130622134256,skip
http://www.press.sk/amercom/legendarni-automobily-c.10/,https://web.archive.org/web/20130622124120/http://www.press.sk/amercom/legendarni-automobily-c.10/,20130622124120,skip
http://www.press.sk/amercom/legendarni-automobily-c.11/,https://web.archive.org/web/20130622115700/http://www.press.sk/amercom/legendarni-automobily-c.11/,20130622115700,skip
http://www.press.sk/amercom/legendarni-automobily-c.12/,https://web.archive.org/web/20130622135611/http://www.press.sk/amercom/legendarni-automobily-c.12/,20130622135611,skip
http://www.press.sk/amercom/legendarni-automobily-c.13/,https://web.archive.org/web/20130622134227/http://www.press.sk/amercom/legendarni-automobily-c.13/,20130622134227,skip
http://www.press.sk/amercom/legendarni-automobily-c.14/,https://web.archive.org/web/20130622211739/http://www.press.sk/amercom/legendarni-automobily-c.14/,20130622211739,skip
http://www.press.sk/amercom/legendarni-automobily-c.15/,https://web.archive.org/web/20130622222617/http://www.press.sk/amercom/legendarni-automobily-c.15/,20130622222617,skip
http://www.press.sk/amercom/legendarni-automobily-c.16/,https://web.archive.org/web/20130622172937/http://www.press.sk/amercom/legendarni-automobily-c.16/,20130622172937,skip
http://www.press.sk/amercom/legendarni-automobily-c.17/,https://web.archive.org/web/20130622183300/http://www.press.sk/amercom/legendarni-automobily-c.17/,20130622183300,skip
http://www.press.sk/amercom/legendarni-automobily-c.18/,https://web.archive.org/web/20130622173103/http://www.press.sk/amercom/legendarni-automobily-c.18/,20130622173103,skip
http://www.press.sk/amercom/legendarni-automobily-c.19/,https://web.archive.org/web/20130622183405/http://www.press.sk/amercom/legendarni-automobily-c.19/,20130622183405,skip
http://www.press.sk/amercom/legendarni-automobily-c.20/,https://web.archive.org/web/20130622181859/http://www.press.sk/amercom/legendarni-automobily-c.20/,20130622181859,skip
http://www.press.sk/amercom/legendarni-automobily-c.21/,https://web.archive.org/web/20130622172614/http://www.press.sk/amercom/legendarni-automobily-c.21/,20130622172614,skip
http://www.press.sk/amercom/legendarni-automobily-c.22/,https://web.archive.org/web/20130622223054/http://www.press.sk/amercom/legendarni-automobily-c.22/,20130622223054,skip
http://www.press.sk/amercom/legendarni-automobily-c.23/,https://web.archive.org/web/20130622213235/http://www.press.sk/amercom/legendarni-automobily-c.23/,20130622213235,skip
http://www.press.sk/amercom/legendarni-automobily-c.24/,https://web.archive.org/web/20130622213147/http://www.press.sk/amercom/legendarni-automobily-c.24/,20130622213147,skip
http://www.press.sk/amercom/legendarni-automobily-c.25/,https://web.archive.org/web/20130622223109/http://www.press.sk/amercom/legendarni-automobily-c.25/,20130622223109,skip
http://www.press.sk/amercom/legendarni-automobily-c.28/,https://web.archive.org/web/20120208141944/http://www.press.sk/amercom/legendarni-automobily-c.28/,20120208141944,skip
http://www.press.sk/amercom/legendarni-automobily-c.28/,https://web.archive.org/web/20120307104447/http://www.press.sk/amercom/legendarni-automobily-c.28/,20120307104447,skip
http://www.press.sk:80/amercom/legendarni-automobily-c.29,https://web.archive.org/web/20141012183444/http://www.press.sk:80/amercom/legendarni-automobily-c.29,20141012183444,skip
http://www.press.sk:80/amercom/legendarni-automobily-c.29/,https://web.archive.org/web/20141014090017/http://www.press.sk:80/amercom/legendarni-automobily-c.29/,20141014090017,skip
http://www.press.sk:80/amercom/legendarni-automobily-c.29,https://web.archive.org/web/20141112074017/http://www.press.sk:80/amercom/legendarni-automobily-c.29,20141112074017,skip
http://www.press.sk:80/amercom/legendarni-automobily-c.29,https://web.archive.org/web/20141213024039/http://www.press.sk:80/amercom/legendarni-automobily-c.29,20141213024039,skip
http://www.press.sk:80/amercom/legendarni-automobily-c.29,https://web.archive.org/web/20150112123517/http://www.press.sk:80/amercom/legendarni-automobily-c.29,20150112123517,skip
http://www.press.sk:80/amercom/legendarni-automobily-c.39,https://web.archive.org/web/20141012183450/http://www.press.sk:80/amercom/legendarni-automobily-c.39,20141012183450,skip
http://www.press.sk:80/amercom/legendarni-automobily-c.39/,https://web.archive.org/web/20141014090403/http://www.press.sk:80/amercom/legendarni-automobily-c.39/,20141014090403,skip
http://www.press.sk:80/amercom/legendarni-automobily-c.39,https://web.archive.org/web/20141112073950/http://www.press.sk:80/amercom/legendarni-automobily-c.39,20141112073950,skip
http://www.press.sk:80/amercom/legendarni-automobily-c.39,https://web.archive.org/web/20141213024059/http://www.press.sk:80/amercom/legendarni-automobily-c.39,20141213024059,skip
http://www.press.sk:80/amercom/legendarni-automobily-c.39,https://web.archive.org/web/20150112123745/http://www.press.sk:80/amercom/legendarni-automobily-c.39,20150112123745,skip
http://www.press.sk:80/amercom/legendarni-automobily-c.44/,https://web.archive.org/web/20120831145921/http://www.press.sk:80/amercom/legendarni-automobily-c.44/,20120831145921,skip
http://www.press.sk/amercom/legendarni-automobily-c.57/,https://web.archive.org/web/20130622050924/http://www.press.sk/amercom/legendarni-automobily-c.57/,20130622050924,skip
http://www.press.sk/amercom/legendarni-automobily-c.58/,https://web.archive.org/web/20130622040743/http://www.press.sk/amercom/legendarni-automobily-c.58/,20130622040743,skip
http://www.press.sk/amercom/legendarni-automobily-c.59/,https://web.archive.org/web/20130622051048/http://www.press.sk/amercom/legendarni-automobily-c.59/,20130622051048,skip
http://www.press.sk/amercom/legendarni-automobily-c.60/,https://web.archive.org/web/20130622135108/http://www.press.sk/amercom/legendarni-automobily-c.60/,20130622135108,skip
http://www.press.sk/amercom/legendarni-automobily-kolekcia-modelov/,https://web.archive.org/web/20130622115548/http://www.press.sk/amercom/legendarni-automobily-kolekcia-modelov/,20130622115548,skip
http://www.press.sk/amercom/letajici-pevnosti-c.23/,https://web.archive.org/web/20130622045054/http://www.press.sk/amercom/letajici-pevnosti-c.23/,20130622045054,skip
http://www.press.sk/amercom/letajici-pevnosti-c.24/,https://web.archive.org/web/20130622045123/http://www.press.sk/amercom/letajici-pevnosti-c.24/,20130622045123,skip
http://www.press.sk/amercom/letajici-pevnosti-c.25/,https://web.archive.org/web/20130622053720/http://www.press.sk/amercom/letajici-pevnosti-c.25/,20130622053720,skip
http://www.press.sk/amercom/letajici-pevnosti-c.26/,https://web.archive.org/web/20130622020626/http://www.press.sk/amercom/letajici-pevnosti-c.26/,20130622020626,skip
http://www.press.sk/amercom/letajici-pevnosti-c.27/,https://web.archive.org/web/20130622030002/http://www.press.sk/amercom/letajici-pevnosti-c.27/,20130622030002,skip
http://www.press.sk/amercom/letajici-pevnosti-c.28/,https://web.archive.org/web/20130622115934/http://www.press.sk/amercom/letajici-pevnosti-c.28/,20130622115934,skip
http://www.press.sk/amercom/letajici-pevnosti-c.29/,https://web.archive.org/web/20130622122931/http://www.press.sk/amercom/letajici-pevnosti-c.29/,20130622122931,skip
http://www.press.sk/amercom/lokomotivy-sveta-c.01/,https://web.archive.org/web/20130622230356/http://www.press.sk/amercom/lokomotivy-sveta-c.01/,20130622230356,skip
http://www.press.sk/amercom/lokomotivy-sveta-c.02/,https://web.archive.org/web/20130622170536/http://www.press.sk/amercom/lokomotivy-sveta-c.02/,20130622170536,skip
http://www.press.sk/amercom/lokomotivy-sveta-c.03/,https://web.archive.org/web/20130622184557/http://www.press.sk/amercom/lokomotivy-sveta-c.03/,20130622184557,skip
http://www.press.sk/amercom/lokomotivy-sveta-c.04/,https://web.archive.org/web/20130622184455/http://www.press.sk/amercom/lokomotivy-sveta-c.04/,20130622184455,skip
http://www.press.sk/amercom/lokomotivy-sveta-c.05/,https://web.archive.org/web/20130622170606/http://www.press.sk/amercom/lokomotivy-sveta-c.05/,20130622170606,skip
http://www.press.sk/amercom/lokomotivy-sveta-c.06/,https://web.archive.org/web/20130622230503/http://www.press.sk/amercom/lokomotivy-sveta-c.06/,20130622230503,skip
http://www.press.sk/amercom/lokomotivy-sveta-c.07/,https://web.archive.org/web/20130622210520/http://www.press.sk/amercom/lokomotivy-sveta-c.07/,20130622210520,skip
http://www.press.sk/amercom/lokomotivy-sveta-c.08/,https://web.archive.org/web/20130622230613/http://www.press.sk/amercom/lokomotivy-sveta-c.08/,20130622230613,skip
http://www.press.sk/amercom/lokomotivy-sveta-c.09/,https://web.archive.org/web/20130622210718/http://www.press.sk/amercom/lokomotivy-sveta-c.09/,20130622210718,skip
http://www.press.sk/amercom/lokomotivy-sveta-c.10/,https://web.archive.org/web/20130622180321/http://www.press.sk/amercom/lokomotivy-sveta-c.10/,20130622180321,skip
http://www.press.sk/amercom/lokomotivy-sveta-c.11/,https://web.archive.org/web/20130622190631/http://www.press.sk/amercom/lokomotivy-sveta-c.11/,20130622190631,skip
http://www.press.sk/amercom/lokomotivy-sveta-c.12/,https://web.archive.org/web/20130622205300/http://www.press.sk/amercom/lokomotivy-sveta-c.12/,20130622205300,skip
http://www.press.sk:80/amercom/lokomotivy-sveta-c.31/,https://web.archive.org/web/20120831145927/http://www.press.sk:80/amercom/lokomotivy-sveta-c.31/,20120831145927,skip
http://www.press.sk/amercom/lokomotivy-sveta-c.43/,https://web.archive.org/web/20130622053105/http://www.press.sk/amercom/lokomotivy-sveta-c.43/,20130622053105,skip
http://www.press.sk/amercom/lokomotivy-sveta-c.44/,https://web.archive.org/web/20130622053059/http://www.press.sk/amercom/lokomotivy-sveta-c.44/,20130622053059,skip
http://www.press.sk/amercom/lokomotivy-sveta-c.45/,https://web.archive.org/web/20130622035732/http://www.press.sk/amercom/lokomotivy-sveta-c.45/,20130622035732,skip
http://www.press.sk/amercom/lokomotivy-sveta-c.46/,https://web.archive.org/web/20130622033326/http://www.press.sk/amercom/lokomotivy-sveta-c.46/,20130622033326,skip
http://www.press.sk/amercom/lokomotivy-sveta-c.47/,https://web.archive.org/web/20130622021307/http://www.press.sk/amercom/lokomotivy-sveta-c.47/,20130622021307,skip
http://www.press.sk/amercom/lokomotivy-sveta-c.48/,https://web.archive.org/web/20130622124940/http://www.press.sk/amercom/lokomotivy-sveta-c.48/,20130622124940,skip
http://www.press.sk/amercom/lokomotivy-sveta-kolekcia-modelov/,https://web.archive.org/web/20130622211113/http://www.press.sk/amercom/lokomotivy-sveta-kolekcia-modelov/,20130622211113,skip
"http://www.press.sk/amercom/o,a,30,0/","https://web.archive.org/web/20130622030947/http://www.press.sk/amercom/o,a,30,0/",20130622030947,skip
"http://www.press.sk:80/amercom/o,a,30,120/","https://web.archive.org/web/20120226200018/http://www.press.sk:80/amercom/o,a,30,120/",20120226200018,skip
"http://www.press.sk/amercom/o,a,30,120/","https://web.archive.org/web/20130511000856/http://www.press.sk/amercom/o,a,30,120/",20130511000856,skip
"http://www.press.sk:80/amercom/o,a,30,120/","https://web.archive.org/web/20140127161528/http://www.press.sk:80/amercom/o,a,30,120/",20140127161528,skip
"http://www.press.sk:80/amercom/o,a,30,120/","https://web.archive.org/web/20150311130921/http://www.press.sk:80/amercom/o,a,30,120/",20150311130921,skip
"http://www.press.sk:80/amercom/o,a,30,120/","https://web.archive.org/web/20151115211238/http://www.press.sk:80/amercom/o,a,30,120/",20151115211238,skip
"http://www.press.sk/amercom/o,a,30,120/","https://web.archive.org/web/20160802144037/http://www.press.sk/amercom/o,a,30,120/",20160802144037,skip
"http://www.press.sk/amercom/o,a,30,150/","https://web.archive.org/web/20130622120457/http://www.press.sk/amercom/o,a,30,150/",20130622120457,skip
"http://www.press.sk/amercom/o,a,30,180/","https://web.archive.org/web/20130622132141/http://www.press.sk/amercom/o,a,30,180/",20130622132141,skip
"http://www.press.sk:80/amercom/o,a,30,30/","https://web.archive.org/web/20120226095636/http://www.press.sk:80/amercom/o,a,30,30/",20120226095636,skip
"http://www.press.sk/amercom/o,a,30,30/","https://web.archive.org/web/20130511003211/http://www.press.sk/amercom/o,a,30,30/",20130511003211,skip
"http://www.press.sk:80/amercom/o,a,30,30/","https://web.archive.org/web/20140127032907/http://www.press.sk:80/amercom/o,a,30,30/",20140127032907,skip
"http://www.press.sk:80/amercom/o,a,30,30/","https://web.archive.org/web/20150311043131/http://www.press.sk:80/amercom/o,a,30,30/",20150311043131,skip
"http://www.press.sk:80/amercom/o,a,30,30/","https://web.archive.org/web/20151114183800/http://www.press.sk:80/amercom/o,a,30,30/",20151114183800,skip
"http://www.press.sk/amercom/o,a,30,30/","https://web.archive.org/web/20160802163606/http://www.press.sk/amercom/o,a,30,30/",20160802163606,skip
"http://www.press.sk:80/amercom/o,a,30,300/","https://web.archive.org/web/20120226195533/http://www.press.sk:80/amercom/o,a,30,300/",20120226195533,skip
"http://www.press.sk:80/amercom/o,a,30,330/","https://web.archive.org/web/20120226095641/http://www.press.sk:80/amercom/o,a,30,330/",20120226095641,skip
"http://www.press.sk/amercom/o,a,30,360/","https://web.archive.org/web/20130622024600/http://www.press.sk/amercom/o,a,30,360/",20130622024600,skip
"http://www.press.sk/amercom/o,a,30,390/","https://web.archive.org/web/20130622014451/http://www.press.sk/amercom/o,a,30,390/",20130622014451,skip
"http://www.press.sk:80/amercom/o,a,30,390/","https://web.archive.org/web/20150311131515/http://www.press.sk:80/amercom/o,a,30,390/",20150311131515,skip
"http://www.press.sk:80/amercom/o,a,30,390/","https://web.archive.org/web/20151115211953/http://www.press.sk:80/amercom/o,a,30,390/",20151115211953,skip
"http://www.press.sk/amercom/o,a,30,390/","https://web.archive.org/web/20160802152412/http://www.press.sk/amercom/o,a,30,390/",20160802152412,skip
"http://www.press.sk/amercom/o,a,30,420/","https://web.archive.org/web/20130622035056/http://www.press.sk/amercom/o,a,30,420/",20130622035056,skip
"http://www.press.sk:80/amercom/o,a,30,420/","https://web.archive.org/web/20140127161533/http://www.press.sk:80/amercom/o,a,30,420/",20140127161533,skip
"http://www.press.sk:80/amercom/o,a,30,420/","https://web.archive.org/web/20150311042236/http://www.press.sk:80/amercom/o,a,30,420/",20150311042236,skip
"http://www.press.sk:80/amercom/o,a,30,420/","https://web.archive.org/web/20151114183653/http://www.press.sk:80/amercom/o,a,30,420/",20151114183653,skip
"http://www.press.sk/amercom/o,a,30,420/","https://web.archive.org/web/20160802154637/http://www.press.sk/amercom/o,a,30,420/",20160802154637,skip
"http://www.press.sk/amercom/o,a,30,450/","https://web.archive.org/web/20130510225414/http://www.press.sk/amercom/o,a,30,450/",20130510225414,skip
"http://www.press.sk:80/amercom/o,a,30,450/","https://web.archive.org/web/20140127032911/http://www.press.sk:80/amercom/o,a,30,450/",20140127032911,skip
"http://www.press.sk/amercom/o,a,30,480/","https://web.archive.org/web/20130511001209/http://www.press.sk/amercom/o,a,30,480/",20130511001209,skip
"http://www.press.sk:80/amercom/o,a,30,60/","https://web.archive.org/web/20120226200027/http://www.press.sk:80/amercom/o,a,30,60/",20120226200027,skip
"http://www.press.sk/amercom/o,a,30,60/","https://web.archive.org/web/20130511002502/http://www.press.sk/amercom/o,a,30,60/",20130511002502,skip
"http://www.press.sk:80/amercom/o,a,30,60/","https://web.archive.org/web/20140127161607/http://www.press.sk:80/amercom/o,a,30,60/",20140127161607,skip
"http://www.press.sk:80/amercom/o,a,30,60/","https://web.archive.org/web/20150311131150/http://www.press.sk:80/amercom/o,a,30,60/",20150311131150,skip
"http://www.press.sk:80/amercom/o,a,30,60/","https://web.archive.org/web/20151115223154/http://www.press.sk:80/amercom/o,a,30,60/",20151115223154,skip
"http://www.press.sk/amercom/o,a,30,60/","https://web.archive.org/web/20160802221138/http://www.press.sk/amercom/o,a,30,60/",20160802221138,skip
"http://www.press.sk:80/amercom/o,a,30,90/","https://web.archive.org/web/20120226201342/http://www.press.sk:80/amercom/o,a,30,90/",20120226201342,skip
"http://www.press.sk/amercom/o,a,30,90/","https://web.archive.org/web/20130511011819/http://www.press.sk/amercom/o,a,30,90/",20130511011819,skip
"http://www.press.sk:80/amercom/o,a,30,90/","https://web.archive.org/web/20140127093620/http://www.press.sk:80/amercom/o,a,30,90/",20140127093620,skip
"http://www.press.sk:80/amercom/o,a,30,90/","https://web.archive.org/web/20150311131155/http://www.press.sk:80/amercom/o,a,30,90/",20150311131155,skip
"http://www.press.sk:80/amercom/o,a,30,90/","https://web.archive.org/web/20151115224451/http://www.press.sk:80/amercom/o,a,30,90/",20151115224451,skip
"http://www.press.sk/amercom/o,a,30,90/","https://web.archive.org/web/20160802162507/http://www.press.sk/amercom/o,a,30,90/",20160802162507,skip
http://www.press.sk/amercom/stavebni-stroje-c.20/,https://web.archive.org/web/20130622022446/http://www.press.sk/amercom/stavebni-stroje-c.20/,20130622022446,skip
http://www.press.sk/amercom/stavebni-stroje-c.21/,https://web.archive.org/web/20130622034246/http://www.press.sk/amercom/stavebni-stroje-c.21/,20130622034246,skip
http://www.press.sk/amercom/stavebni-stroje-c.22/,https://web.archive.org/web/20130622034813/http://www.press.sk/amercom/stavebni-stroje-c.22/,20130622034813,skip
http://www.press.sk/amercom/stihaci-v-boji+9318/,https://web.archive.org/web/20130510231606/http://www.press.sk/amercom/stihaci-v-boji+9318/,20130510231606,skip
http://www.press.sk:80/amercom/stihaci-v-boji+9318/,https://web.archive.org/web/20140127032916/http://www.press.sk:80/amercom/stihaci-v-boji+9318/,20140127032916,skip
http://www.press.sk:80/amercom/stihaci-v-boji+9318/,https://web.archive.org/web/20150311042241/http://www.press.sk:80/amercom/stihaci-v-boji+9318/,20150311042241,skip
http://www.press.sk:80/amercom/stihaci-v-boji+9318/,https://web.archive.org/web/20151114183907/http://www.press.sk:80/amercom/stihaci-v-boji+9318/,20151114183907,skip
http://www.press.sk:80/amercom/stihaci-v-boji-c.01/,https://web.archive.org/web/20120226095646/http://www.press.sk:80/amercom/stihaci-v-boji-c.01/,20120226095646,skip
http://www.press.sk/amercom/stihaci-v-boji-c.01/,https://web.archive.org/web/20130510230532/http://www.press.sk/amercom/stihaci-v-boji-c.01/,20130510230532,skip
http://www.press.sk:80/amercom/stihaci-v-boji-c.01/,https://web.archive.org/web/20140127032921/http://www.press.sk:80/amercom/stihaci-v-boji-c.01/,20140127032921,skip
http://www.press.sk:80/amercom/stihaci-v-boji-c.01/,https://web.archive.org/web/20150311041136/http://www.press.sk:80/amercom/stihaci-v-boji-c.01/,20150311041136,skip
http://www.press.sk:80/amercom/stihaci-v-boji-c.01/,https://web.archive.org/web/20151114183912/http://www.press.sk:80/amercom/stihaci-v-boji-c.01/,20151114183912,skip
http://www.press.sk/amercom/stihaci-v-boji-c.01/,https://web.archive.org/web/20160802161448/http://www.press.sk/amercom/stihaci-v-boji-c.01/,20160802161448,skip
http://www.press.sk/amercom/stihaci-v-boji-c.02/,https://web.archive.org/web/20130622222909/http://www.press.sk/amercom/stihaci-v-boji-c.02/,20130622222909,skip
http://www.press.sk/amercom/stihaci-v-boji-c.02/,https://web.archive.org/web/20160802132904/http://www.press.sk/amercom/stihaci-v-boji-c.02/,20160802132904,skip
http://www.press.sk/amercom/stihaci-v-boji-c.03/,https://web.archive.org/web/20130622212019/http://www.press.sk/amercom/stihaci-v-boji-c.03/,20130622212019,skip
http://www.press.sk/amercom/stihaci-v-boji-c.03/,https://web.archive.org/web/20160802160558/http://www.press.sk/amercom/stihaci-v-boji-c.03/,20160802160558,skip
http://www.press.sk/amercom/stihaci-v-boji-c.04/,https://web.archive.org/web/20130622212133/http://www.press.sk/amercom/stihaci-v-boji-c.04/,20130622212133,skip
http://www.press.sk/amercom/stihaci-v-boji-c.04/,https://web.archive.org/web/20160802160823/http://www.press.sk/amercom/stihaci-v-boji-c.04/,20160802160823,skip
http://www.press.sk/amercom/stihaci-v-boji-c.05/,https://web.archive.org/web/20130622164626/http://www.press.sk/amercom/stihaci-v-boji-c.05/,20130622164626,skip
http://www.press.sk/amercom/stihaci-v-boji-c.05/,https://web.archive.org/web/20160802143433/http://www.press.sk/amercom/stihaci-v-boji-c.05/,20160802143433,skip
http://www.press.sk/amercom/stihaci-v-boji-c.06/,https://web.archive.org/web/20130622141931/http://www.press.sk/amercom/stihaci-v-boji-c.06/,20130622141931,skip
http://www.press.sk/amercom/stihaci-v-boji-c.06/,https://web.archive.org/web/20160802162713/http://www.press.sk/amercom/stihaci-v-boji-c.06/,20160802162713,skip
http://www.press.sk/amercom/stihaci-v-boji-c.07/,https://web.archive.org/web/20130622124149/http://www.press.sk/amercom/stihaci-v-boji-c.07/,20130622124149,skip
http://www.press.sk/amercom/stihaci-v-boji-c.07/,https://web.archive.org/web/20160802153747/http://www.press.sk/amercom/stihaci-v-boji-c.07/,20160802153747,skip
http://www.press.sk/amercom/stihaci-v-boji-c.08/,https://web.archive.org/web/20130622120001/http://www.press.sk/amercom/stihaci-v-boji-c.08/,20130622120001,skip
http://www.press.sk/amercom/stihaci-v-boji-c.08/,https://web.archive.org/web/20160802161005/http://www.press.sk/amercom/stihaci-v-boji-c.08/,20160802161005,skip
http://www.press.sk/amercom/stihaci-v-boji-c.09/,https://web.archive.org/web/20130622123205/http://www.press.sk/amercom/stihaci-v-boji-c.09/,20130622123205,skip
http://www.press.sk/amercom/stihaci-v-boji-c.09/,https://web.archive.org/web/20160802161330/http://www.press.sk/amercom/stihaci-v-boji-c.09/,20160802161330,skip
http://www.press.sk/amercom/stihaci-v-boji-c.10/,https://web.archive.org/web/20130622134216/http://www.press.sk/amercom/stihaci-v-boji-c.10/,20130622134216,skip
http://www.press.sk/amercom/stihaci-v-boji-c.10/,https://web.archive.org/web/20160802160701/http://www.press.sk/amercom/stihaci-v-boji-c.10/,20160802160701,skip
http://www.press.sk/amercom/stihaci-v-boji-c.11/,https://web.archive.org/web/20130622125723/http://www.press.sk/amercom/stihaci-v-boji-c.11/,20130622125723,skip
http://www.press.sk/amercom/stihaci-v-boji-c.11/,https://web.archive.org/web/20160802164612/http://www.press.sk/amercom/stihaci-v-boji-c.11/,20160802164612,skip
http://www.press.sk/amercom/stihaci-v-boji-c.12/,https://web.archive.org/web/20130622132319/http://www.press.sk/amercom/stihaci-v-boji-c.12/,20130622132319,skip
http://www.press.sk/amercom/stihaci-v-boji-c.12/,https://web.archive.org/web/20160802162831/http://www.press.sk/amercom/stihaci-v-boji-c.12/,20160802162831,skip
http://www.press.sk/amercom/stihaci-v-boji-c.13/,https://web.archive.org/web/20130622121028/http://www.press.sk/amercom/stihaci-v-boji-c.13/,20130622121028,skip
http://www.press.sk/amercom/stihaci-v-boji-c.14/,https://web.archive.org/web/20130622120857/http://www.press.sk/amercom/stihaci-v-boji-c.14/,20130622120857,skip
http://www.press.sk/amercom/stihaci-v-boji-c.15/,https://web.archive.org/web/20130622125312/http://www.press.sk/amercom/stihaci-v-boji-c.15/,20130622125312,skip
http://www.press.sk:80/amercom/stihaci-v-boji-c.16/,https://web.archive.org/web/20120226093329/http://www.press.sk:80/amercom/stihaci-v-boji-c.16/,20120226093329,skip
http://www.press.sk/amercom/stihaci-v-boji-c.16/,https://web.archive.org/web/20130510235458/http://www.press.sk/amercom/stihaci-v-boji-c.16/,20130510235458,skip
http://www.press.sk:80/amercom/stihaci-v-boji-c.16/,https://web.archive.org/web/20140127032926/http://www.press.sk:80/amercom/stihaci-v-boji-c.16/,20140127032926,skip
http://www.press.sk:80/amercom/stihaci-v-boji-c.16/,https://web.archive.org/web/20150311041141/http://www.press.sk:80/amercom/stihaci-v-boji-c.16/,20150311041141,skip
http://www.press.sk:80/amercom/stihaci-v-boji-c.16/,https://web.archive.org/web/20151114183658/http://www.press.sk:80/amercom/stihaci-v-boji-c.16/,20151114183658,skip
http://www.press.sk/amercom/stihaci-v-boji-c.17/,https://web.archive.org/web/20130622134143/http://www.press.sk/amercom/stihaci-v-boji-c.17/,20130622134143,skip
http://www.press.sk/amercom/stihaci-v-boji-c.18/,https://web.archive.org/web/20130622132730/http://www.press.sk/amercom/stihaci-v-boji-c.18/,20130622132730,skip
http://www.press.sk/amercom/stihaci-v-boji-c.19/,https://web.archive.org/web/20130622134403/http://www.press.sk/amercom/stihaci-v-boji-c.19/,20130622134403,skip
http://www.press.sk/amercom/stihaci-v-boji-c.20/,https://web.archive.org/web/20130622140813/http://www.press.sk/amercom/stihaci-v-boji-c.20/,20130622140813,skip
http://www.press.sk/amercom/stihaci-v-boji-c.21/,https://web.archive.org/web/20130622130353/http://www.press.sk/amercom/stihaci-v-boji-c.21/,20130622130353,skip
http://www.press.sk/amercom/stihaci-v-boji-c.22/,https://web.archive.org/web/20130622131934/http://www.press.sk/amercom/stihaci-v-boji-c.22/,20130622131934,skip
http://www.press.sk/amercom/stihaci-v-boji-c.22+9006/,https://web.archive.org/web/20130622135228/http://www.press.sk/amercom/stihaci-v-boji-c.22+9006/,20130622135228,skip
http://www.press.sk/amercom/stihaci-v-boji-c.24/,https://web.archive.org/web/20130622120156/http://www.press.sk/amercom/stihaci-v-boji-c.24/,20130622120156,skip
http://www.press.sk/amercom/stihaci-v-boji-c.25/,https://web.archive.org/web/20130622125049/http://www.press.sk/amercom/stihaci-v-boji-c.25/,20130622125049,skip
http://www.press.sk:80/amercom/stihaci-v-boji-c.25/,https://web.archive.org/web/20150311041146/http://www.press.sk:80/amercom/stihaci-v-boji-c.25/,20150311041146,skip
http://www.press.sk:80/amercom/stihaci-v-boji-c.25/,https://web.archive.org/web/20151114183704/http://www.press.sk:80/amercom/stihaci-v-boji-c.25/,20151114183704,skip
http://www.press.sk/amercom/stihaci-v-boji-c.26/,https://web.archive.org/web/20130622130311/http://www.press.sk/amercom/stihaci-v-boji-c.26/,20130622130311,skip
http://www.press.sk/amercom/stihaci-v-boji-c.28/,https://web.archive.org/web/20130510235639/http://www.press.sk/amercom/stihaci-v-boji-c.28/,20130510235639,skip
http://www.press.sk:80/amercom/stihaci-v-boji-c.28/,https://web.archive.org/web/20140127032931/http://www.press.sk:80/amercom/stihaci-v-boji-c.28/,20140127032931,skip
http://www.press.sk:80/amercom/stihaci-v-boji-c.28/,https://web.archive.org/web/20150311041151/http://www.press.sk:80/amercom/stihaci-v-boji-c.28/,20150311041151,skip
http://www.press.sk/amercom/taxiky-sveta-c.23/,https://web.archive.org/web/20130622044510/http://www.press.sk/amercom/taxiky-sveta-c.23/,20130622044510,skip
http://www.press.sk/amercom/taxiky-sveta-c.24/,https://web.archive.org/web/20130622044541/http://www.press.sk/amercom/taxiky-sveta-c.24/,20130622044541,skip
http://www.press.sk/amercom/taxiky-sveta-c.25/,https://web.archive.org/web/20130622055113/http://www.press.sk/amercom/taxiky-sveta-c.25/,20130622055113,skip
http://www.press.sk/amercom/taxiky-sveta-c.26/,https://web.archive.org/web/20130622014149/http://www.press.sk/amercom/taxiky-sveta-c.26/,20130622014149,skip
http://www.press.sk/amercom/taxiky-sveta-c.27/,https://web.archive.org/web/20130622030130/http://www.press.sk/amercom/taxiky-sveta-c.27/,20130622030130,skip
http://www.press.sk/amercom/taxiky-sveta-c.28/,https://web.archive.org/web/20130622114634/http://www.press.sk/amercom/taxiky-sveta-c.28/,20130622114634,skip
http://www.press.sk/amercom/to-je-dobrota-c.05/,https://web.archive.org/web/20140214080333/http://www.press.sk/amercom/to-je-dobrota-c.05/,20140214080333,skip
http://www.press.sk:80/amercom/velke-bitvy-historie-c.01/,https://web.archive.org/web/20120226095917/http://www.press.sk:80/amercom/velke-bitvy-historie-c.01/,20120226095917,skip
http://www.press.sk/amercom/velke-bitvy-historie-c.01/,https://web.archive.org/web/20130511003351/http://www.press.sk/amercom/velke-bitvy-historie-c.01/,20130511003351,skip
http://www.press.sk:80/amercom/velke-bitvy-historie-c.01/,https://web.archive.org/web/20140127032936/http://www.press.sk:80/amercom/velke-bitvy-historie-c.01/,20140127032936,skip
http://www.press.sk:80/amercom/velke-bitvy-historie-c.01/,https://web.archive.org/web/20150311042246/http://www.press.sk:80/amercom/velke-bitvy-historie-c.01/,20150311042246,skip
http://www.press.sk:80/amercom/velke-bitvy-historie-c.01/,https://web.archive.org/web/20151114183708/http://www.press.sk:80/amercom/velke-bitvy-historie-c.01/,20151114183708,skip
http://www.press.sk/amercom/velke-bitvy-historie-c.01/,https://web.archive.org/web/20160802145504/http://www.press.sk/amercom/velke-bitvy-historie-c.01/,20160802145504,skip
http://www.press.sk/amercom/velke-bitvy-historie-c.02/,https://web.archive.org/web/20130510231332/http://www.press.sk/amercom/velke-bitvy-historie-c.02/,20130510231332,skip
http://www.press.sk:80/amercom/velke-bitvy-historie-c.02/,https://web.archive.org/web/20140127032941/http://www.press.sk:80/amercom/velke-bitvy-historie-c.02/,20140127032941,skip
http://www.press.sk:80/amercom/velke-bitvy-historie-c.02/,https://web.archive.org/web/20150311043136/http://www.press.sk:80/amercom/velke-bitvy-historie-c.02/,20150311043136,skip
http://www.press.sk:80/amercom/velke-bitvy-historie-c.02/,https://web.archive.org/web/20151114183917/http://www.press.sk:80/amercom/velke-bitvy-historie-c.02/,20151114183917,skip
http://www.press.sk/amercom/velke-bitvy-historie-c.02/,https://web.archive.org/web/20160802164654/http://www.press.sk/amercom/velke-bitvy-historie-c.02/,20160802164654,skip
http://www.press.sk/amercom/velke-bitvy-historie-c.03/,https://web.archive.org/web/20130510235116/http://www.press.sk/amercom/velke-bitvy-historie-c.03/,20130510235116,skip
http://www.press.sk:80/amercom/velke-bitvy-historie-c.03/,https://web.archive.org/web/20140127032946/http://www.press.sk:80/amercom/velke-bitvy-historie-c.03/,20140127032946,skip
http://www.press.sk:80/amercom/velke-bitvy-historie-c.03/,https://web.archive.org/web/20150311042755/http://www.press.sk:80/amercom/velke-bitvy-historie-c.03/,20150311042755,skip
http://www.press.sk:80/amercom/velke-bitvy-historie-c.03/,https://web.archive.org/web/20151114183548/http://www.press.sk:80/amercom/velke-bitvy-historie-c.03/,20151114183548,skip
http://www.press.sk/amercom/velke-bitvy-historie-c.03/,https://web.archive.org/web/20160802160721/http://www.press.sk/amercom/velke-bitvy-historie-c.03/,20160802160721,skip
http://www.press.sk/amercom/velke-bitvy-historie-c.04/,https://web.archive.org/web/20130510235139/http://www.press.sk/amercom/velke-bitvy-historie-c.04/,20130510235139,skip
http://www.press.sk:80/amercom/velke-bitvy-historie-c.04/,https://web.archive.org/web/20140127032951/http://www.press.sk:80/amercom/velke-bitvy-historie-c.04/,20140127032951,skip
http://www.press.sk:80/amercom/velke-bitvy-historie-c.04/,https://web.archive.org/web/20150311042251/http://www.press.sk:80/amercom/velke-bitvy-historie-c.04/,20150311042251,skip
http://www.press.sk:80/amercom/velke-bitvy-historie-c.04/,https://web.archive.org/web/20151114183923/http://www.press.sk:80/amercom/velke-bitvy-historie-c.04/,20151114183923,skip
http://www.press.sk/amercom/velke-bitvy-historie-c.04/,https://web.archive.org/web/20160802160440/http://www.press.sk/amercom/velke-bitvy-historie-c.04/,20160802160440,skip
http://www.press.sk/amercom/velke-bitvy-historie-c.05/,https://web.archive.org/web/20130622120850/http://www.press.sk/amercom/velke-bitvy-historie-c.05/,20130622120850,skip
http://www.press.sk/amercom/velke-bitvy-historie-c.06/,https://web.archive.org/web/20130511003341/http://www.press.sk/amercom/velke-bitvy-historie-c.06/,20130511003341,skip
http://www.press.sk:80/amercom/velke-bitvy-historie-c.06/,https://web.archive.org/web/20140127032957/http://www.press.sk:80/amercom/velke-bitvy-historie-c.06/,20140127032957,skip
http://www.press.sk:80/amercom/velke-bitvy-historie-c.06/,https://web.archive.org/web/20150311041157/http://www.press.sk:80/amercom/velke-bitvy-historie-c.06/,20150311041157,skip
http://www.press.sk:80/amercom/velke-bitvy-historie-c.06/,https://web.archive.org/web/20151114183808/http://www.press.sk:80/amercom/velke-bitvy-historie-c.06/,20151114183808,skip
http://www.press.sk/amercom/velke-bitvy-historie-c.06/,https://web.archive.org/web/20160802151406/http://www.press.sk/amercom/velke-bitvy-historie-c.06/,20160802151406,skip
http://www.press.sk/amercom/velke-bitvy-historie-c.08/,https://web.archive.org/web/20130511003320/http://www.press.sk/amercom/velke-bitvy-historie-c.08/,20130511003320,skip
http://www.press.sk:80/amercom/velke-bitvy-historie-c.08/,https://web.archive.org/web/20140127033001/http://www.press.sk:80/amercom/velke-bitvy-historie-c.08/,20140127033001,skip
http://www.press.sk:80/amercom/velke-bitvy-historie-c.08/,https://web.archive.org/web/20150311041202/http://www.press.sk:80/amercom/velke-bitvy-historie-c.08/,20150311041202,skip
http://www.press.sk:80/amercom/velke-bitvy-historie-c.08/,https://web.archive.org/web/20151114183928/http://www.press.sk:80/amercom/velke-bitvy-historie-c.08/,20151114183928,skip
http://www.press.sk/amercom/velke-bitvy-historie-c.08/,https://web.archive.org/web/20160802153458/http://www.press.sk/amercom/velke-bitvy-historie-c.08/,20160802153458,skip
http://www.press.sk/amercom/velke-bitvy-historie-c.09/,https://web.archive.org/web/20130622125925/http://www.press.sk/amercom/velke-bitvy-historie-c.09/,20130622125925,skip
http://www.press.sk/amercom/velke-bitvy-historie-c.10/,https://web.archive.org/web/20130510230636/http://www.press.sk/amercom/velke-bitvy-historie-c.10/,20130510230636,skip
http://www.press.sk:80/amercom/velke-bitvy-historie-c.10/,https://web.archive.org/web/20140127033006/http://www.press.sk:80/amercom/velke-bitvy-historie-c.10/,20140127033006,skip
http://www.press.sk:80/amercom/velke-bitvy-historie-c.10/,https://web.archive.org/web/20150311042256/http://www.press.sk:80/amercom/velke-bitvy-historie-c.10/,20150311042256,skip
http://www.press.sk:80/amercom/velke-bitvy-historie-c.10/,https://web.archive.org/web/20151114183933/http://www.press.sk:80/amercom/velke-bitvy-historie-c.10/,20151114183933,skip
http://www.press.sk/amercom/velke-bitvy-historie-c.10/,https://web.archive.org/web/20160802160539/http://www.press.sk/amercom/velke-bitvy-historie-c.10/,20160802160539,skip
http://www.press.sk/amercom/velke-bitvy-historie-c.11/,https://web.archive.org/web/20130622122810/http://www.press.sk/amercom/velke-bitvy-historie-c.11/,20130622122810,skip
http://www.press.sk:80/amercom/velke-bitvy-historie-c.12/,https://web.archive.org/web/20120226095441/http://www.press.sk:80/amercom/velke-bitvy-historie-c.12/,20120226095441,skip
http://www.press.sk/amercom/velke-bitvy-historie-c.12/,https://web.archive.org/web/20130511001712/http://www.press.sk/amercom/velke-bitvy-historie-c.12/,20130511001712,skip
http://www.press.sk:80/amercom/velke-bitvy-historie-c.12/,https://web.archive.org/web/20140127033011/http://www.press.sk:80/amercom/velke-bitvy-historie-c.12/,20140127033011,skip
http://www.press.sk:80/amercom/velke-bitvy-historie-c.12/,https://web.archive.org/web/20150311042759/http://www.press.sk:80/amercom/velke-bitvy-historie-c.12/,20150311042759,skip
http://www.press.sk:80/amercom/velke-bitvy-historie-c.12/,https://web.archive.org/web/20151114183814/http://www.press.sk:80/amercom/velke-bitvy-historie-c.12/,20151114183814,skip
http://www.press.sk/amercom/velke-bitvy-historie-c.12/,https://web.archive.org/web/20160802161434/http://www.press.sk/amercom/velke-bitvy-historie-c.12/,20160802161434,skip
http://www.press.sk/amercom/velke-bitvy-historie-c.13/,https://web.archive.org/web/20130511003954/http://www.press.sk/amercom/velke-bitvy-historie-c.13/,20130511003954,skip
http://www.press.sk:80/amercom/velke-bitvy-historie-c.13/,https://web.archive.org/web/20140127033016/http://www.press.sk:80/amercom/velke-bitvy-historie-c.13/,20140127033016,skip
http://www.press.sk:80/amercom/velke-bitvy-historie-c.13/,https://web.archive.org/web/20150311042804/http://www.press.sk:80/amercom/velke-bitvy-historie-c.13/,20150311042804,skip
http://www.press.sk:80/amercom/velke-bitvy-historie-c.13/,https://web.archive.org/web/20151114183938/http://www.press.sk:80/amercom/velke-bitvy-historie-c.13/,20151114183938,skip
http://www.press.sk/amercom/velke-bitvy-historie-c.13/,https://web.archive.org/web/20160802160137/http://www.press.sk/amercom/velke-bitvy-historie-c.13/,20160802160137,skip
http://www.press.sk/amercom/velke-bitvy-historie-c.14/,https://web.archive.org/web/20130511003929/http://www.press.sk/amercom/velke-bitvy-historie-c.14/,20130511003929,skip
http://www.press.sk:80/amercom/velke-bitvy-historie-c.14/,https://web.archive.org/web/20140127033021/http://www.press.sk:80/amercom/velke-bitvy-historie-c.14/,20140127033021,skip
http://www.press.sk:80/amercom/velke-bitvy-historie-c.14/,https://web.archive.org/web/20150311041207/http://www.press.sk:80/amercom/velke-bitvy-historie-c.14/,20150311041207,skip
http://www.press.sk:80/amercom/velke-bitvy-historie-c.14/,https://web.archive.org/web/20151114183554/http://www.press.sk:80/amercom/velke-bitvy-historie-c.14/,20151114183554,skip
http://www.press.sk/amercom/velke-bitvy-historie-c.14/,https://web.archive.org/web/20160803103005/http://www.press.sk/amercom/velke-bitvy-historie-c.14/,20160803103005,skip
http://www.press.sk/amercom/velke-bitvy-historie-c.15/,https://web.archive.org/web/20130511001730/http://www.press.sk/amercom/velke-bitvy-historie-c.15/,20130511001730,skip
http://www.press.sk:80/amercom/velke-bitvy-historie-c.15/,https://web.archive.org/web/20140127033026/http://www.press.sk:80/amercom/velke-bitvy-historie-c.15/,20140127033026,skip
http://www.press.sk:80/amercom/velke-bitvy-historie-c.15/,https://web.archive.org/web/20150311043548/http://www.press.sk:80/amercom/velke-bitvy-historie-c.15/,20150311043548,skip
http://www.press.sk:80/amercom/velke-bitvy-historie-c.15/,https://web.archive.org/web/20151114183819/http://www.press.sk:80/amercom/velke-bitvy-historie-c.15/,20151114183819,skip
http://www.press.sk/amercom/velke-bitvy-historie-c.15/,https://web.archive.org/web/20160802161157/http://www.press.sk/amercom/velke-bitvy-historie-c.15/,20160802161157,skip
http://www.press.sk:80/amercom/velke-bitvy-historie-c.16/,https://web.archive.org/web/20120226093334/http://www.press.sk:80/amercom/velke-bitvy-historie-c.16/,20120226093334,skip
http://www.press.sk/amercom/velke-bitvy-historie-c.16/,https://web.archive.org/web/20130510232746/http://www.press.sk/amercom/velke-bitvy-historie-c.16/,20130510232746,skip
http://www.press.sk:80/amercom/velke-bitvy-historie-c.16/,https://web.archive.org/web/20140127033031/http://www.press.sk:80/amercom/velke-bitvy-historie-c.16/,20140127033031,skip
http://www.press.sk:80/amercom/velke-bitvy-historie-c.16/,https://web.archive.org/web/20150311043553/http://www.press.sk:80/amercom/velke-bitvy-historie-c.16/,20150311043553,skip
http://www.press.sk:80/amercom/velke-bitvy-historie-c.16/,https://web.archive.org/web/20151114183943/http://www.press.sk:80/amercom/velke-bitvy-historie-c.16/,20151114183943,skip
http://www.press.sk/amercom/velke-bitvy-historie-c.16/,https://web.archive.org/web/20160802142716/http://www.press.sk/amercom/velke-bitvy-historie-c.16/,20160802142716,skip
http://www.press.sk/amercom/velke-bitvy-historie-c.17/,https://web.archive.org/web/20130622115959/http://www.press.sk/amercom/velke-bitvy-historie-c.17/,20130622115959,skip
http://www.press.sk/amercom/velke-bitvy-historie-c.18/,https://web.archive.org/web/20130622122539/http://www.press.sk/amercom/velke-bitvy-historie-c.18/,20130622122539,skip
http://www.press.sk/amercom/velke-bitvy-historie-c.19/,https://web.archive.org/web/20130510230609/http://www.press.sk/amercom/velke-bitvy-historie-c.19/,20130510230609,skip
http://www.press.sk:80/amercom/velke-bitvy-historie-c.19/,https://web.archive.org/web/20140127033037/http://www.press.sk:80/amercom/velke-bitvy-historie-c.19/,20140127033037,skip
http://www.press.sk:80/amercom/velke-bitvy-historie-c.19/,https://web.archive.org/web/20150311042809/http://www.press.sk:80/amercom/velke-bitvy-historie-c.19/,20150311042809,skip
http://www.press.sk:80/amercom/velke-bitvy-historie-c.19/,https://web.archive.org/web/20151114183948/http://www.press.sk:80/amercom/velke-bitvy-historie-c.19/,20151114183948,skip
http://www.press.sk/amercom/velke-bitvy-historie-c.19/,https://web.archive.org/web/20160802132225/http://www.press.sk/amercom/velke-bitvy-historie-c.19/,20160802132225,skip
http://www.press.sk/amercom/velke-bitvy-historie-c.20/,https://web.archive.org/web/20130622115307/http://www.press.sk/amercom/velke-bitvy-historie-c.20/,20130622115307,skip
http://www.press.sk/amercom/velke-bitvy-historie-c.20/,https://web.archive.org/web/20160802160135/http://www.press.sk/amercom/velke-bitvy-historie-c.20/,20160802160135,skip
http://www.press.sk/amercom/velke-bitvy-historie-c.21/,https://web.archive.org/web/20130622122312/http://www.press.sk/amercom/velke-bitvy-historie-c.21/,20130622122312,skip
http://www.press.sk/amercom/velke-bitvy-historie-c.23/,https://web.archive.org/web/20130622135344/http://www.press.sk/amercom/velke-bitvy-historie-c.23/,20130622135344,skip
http://www.press.sk/amercom/velke-bitvy-historie-c.24/,https://web.archive.org/web/20130622140018/http://www.press.sk/amercom/velke-bitvy-historie-c.24/,20130622140018,skip
http://www.press.sk/amercom/velke-bitvy-historie-c.25/,https://web.archive.org/web/20130622134534/http://www.press.sk/amercom/velke-bitvy-historie-c.25/,20130622134534,skip
http://www.press.sk/amercom/velke-bitvy-historie-c.26/,https://web.archive.org/web/20130510232430/http://www.press.sk/amercom/velke-bitvy-historie-c.26/,20130510232430,skip
http://www.press.sk:80/amercom/velke-bitvy-historie-c.26/,https://web.archive.org/web/20140127033042/http://www.press.sk:80/amercom/velke-bitvy-historie-c.26/,20140127033042,skip
http://www.press.sk:80/amercom/velke-bitvy-historie-c.26/,https://web.archive.org/web/20150311043558/http://www.press.sk:80/amercom/velke-bitvy-historie-c.26/,20150311043558,skip
http://www.press.sk:80/amercom/velke-bitvy-historie-c.26/,https://web.archive.org/web/20151114183558/http://www.press.sk:80/amercom/velke-bitvy-historie-c.26/,20151114183558,skip
http://www.press.sk/amercom/velke-bitvy-historie-c.26/,https://web.archive.org/web/20160802145357/http://www.press.sk/amercom/velke-bitvy-historie-c.26/,20160802145357,skip
http://www.press.sk:80/amercom/velke-bitvy-historie-c.27/,https://web.archive.org/web/20120226095651/http://www.press.sk:80/amercom/velke-bitvy-historie-c.27/,20120226095651,skip
http://www.press.sk/amercom/velke-bitvy-historie-c.27/,https://web.archive.org/web/20130510230057/http://www.press.sk/amercom/velke-bitvy-historie-c.27/,20130510230057,skip
http://www.press.sk:80/amercom/velke-bitvy-historie-c.27/,https://web.archive.org/web/20140127033047/http://www.press.sk:80/amercom/velke-bitvy-historie-c.27/,20140127033047,skip
http://www.press.sk:80/amercom/velke-bitvy-historie-c.27/,https://web.archive.org/web/20150311041212/http://www.press.sk:80/amercom/velke-bitvy-historie-c.27/,20150311041212,skip
http://www.press.sk:80/amercom/velke-bitvy-historie-c.27/,https://web.archive.org/web/20151114183954/http://www.press.sk:80/amercom/velke-bitvy-historie-c.27/,20151114183954,skip
http://www.press.sk/amercom/velke-bitvy-historie-c.27/,https://web.archive.org/web/20160802163424/http://www.press.sk/amercom/velke-bitvy-historie-c.27/,20160802163424,skip
http://www.press.sk/amercom/velke-bitvy-historie-c.28/,https://web.archive.org/web/20130622122301/http://www.press.sk/amercom/velke-bitvy-historie-c.28/,20130622122301,skip
http://www.press.sk:80/amercom/velke-bitvy-historie-c.31/,https://web.archive.org/web/20120226095656/http://www.press.sk:80/amercom/velke-bitvy-historie-c.31/,20120226095656,skip
http://www.press.sk/amercom/velke-bitvy-historie-c.31/,https://web.archive.org/web/20130511003510/http://www.press.sk/amercom/velke-bitvy-historie-c.31/,20130511003510,skip
http://www.press.sk:80/amercom/velke-bitvy-historie-c.31/,https://web.archive.org/web/20140127033052/http://www.press.sk:80/amercom/velke-bitvy-historie-c.31/,20140127033052,skip
http://www.press.sk:80/amercom/velke-bitvy-historie-c.31/,https://web.archive.org/web/20150311042301/http://www.press.sk:80/amercom/velke-bitvy-historie-c.31/,20150311042301,skip
http://www.press.sk:80/amercom/velke-bitvy-historie-c.31/,https://web.archive.org/web/20151114183604/http://www.press.sk:80/amercom/velke-bitvy-historie-c.31/,20151114183604,skip
http://www.press.sk:80/amercom/velke-bitvy-historie-c.36/,https://web.archive.org/web/20151114183609/http://www.press.sk:80/amercom/velke-bitvy-historie-c.36/,20151114183609,skip
http://www.press.sk:80/amercom/velke-bitvy-historie-c.38/,https://web.archive.org/web/20151114185117/http://www.press.sk:80/amercom/velke-bitvy-historie-c.38/,20151114185117,skip
http://www.press.sk:80/amercom/velke-bitvy-historie-c.40/,https://web.archive.org/web/20120226095446/http://www.press.sk:80/amercom/velke-bitvy-historie-c.40/,20120226095446,skip
http://www.press.sk/amercom/velke-bitvy-historie-c.40/,https://web.archive.org/web/20130510225809/http://www.press.sk/amercom/velke-bitvy-historie-c.40/,20130510225809,skip
http://www.press.sk:80/amercom/velke-bitvy-historie-c.40/,https://web.archive.org/web/20140127033057/http://www.press.sk:80/amercom/velke-bitvy-historie-c.40/,20140127033057,skip
http://www.press.sk:80/amercom/velke-bitvy-historie-c.40/,https://web.archive.org/web/20150311041217/http://www.press.sk:80/amercom/velke-bitvy-historie-c.40/,20150311041217,skip
http://www.press.sk:80/amercom/velke-bitvy-historie-c.40/,https://web.archive.org/web/20151114183713/http://www.press.sk:80/amercom/velke-bitvy-historie-c.40/,20151114183713,skip
http://www.press.sk/amercom/velke-bitvy-historie-c.41/,https://web.archive.org/web/20130510233826/http://www.press.sk/amercom/velke-bitvy-historie-c.41/,20130510233826,skip
http://www.press.sk:80/amercom/velke-bitvy-historie-c.41/,https://web.archive.org/web/20140127033102/http://www.press.sk:80/amercom/velke-bitvy-historie-c.41/,20140127033102,skip
http://www.press.sk:80/amercom/velke-bitvy-historie-c.41/,https://web.archive.org/web/20150311041222/http://www.press.sk:80/amercom/velke-bitvy-historie-c.41/,20150311041222,skip
http://www.press.sk:80/amercom/velke-bitvy-historie-c.41/,https://web.archive.org/web/20151114183615/http://www.press.sk:80/amercom/velke-bitvy-historie-c.41/,20151114183615,skip
http://www.press.sk/amercom/velke-bitvy-historie-c.42/,https://web.archive.org/web/20130511000813/http://www.press.sk/amercom/velke-bitvy-historie-c.42/,20130511000813,skip
http://www.press.sk:80/amercom/velke-bitvy-historie-c.42/,https://web.archive.org/web/20140127033107/http://www.press.sk:80/amercom/velke-bitvy-historie-c.42/,20140127033107,skip
http://www.press.sk:80/amercom/velke-bitvy-historie-c.42/,https://web.archive.org/web/20150311041228/http://www.press.sk:80/amercom/velke-bitvy-historie-c.42/,20150311041228,skip
http://www.press.sk:80/amercom/velke-bitvy-historie-c.42/,https://web.archive.org/web/20151114183857/http://www.press.sk:80/amercom/velke-bitvy-historie-c.42/,20151114183857,skip
http://www.press.sk:80/amercom/velke-bitvy-historie-c.43/,https://web.archive.org/web/20120226093339/http://www.press.sk:80/amercom/velke-bitvy-historie-c.43/,20120226093339,skip
http://www.press.sk/amercom/velke-bitvy-historie-c.43/,https://web.archive.org/web/20130511010205/http://www.press.sk/amercom/velke-bitvy-historie-c.43/,20130511010205,skip
http://www.press.sk:80/amercom/velke-bitvy-historie-c.43/,https://web.archive.org/web/20140127033112/http://www.press.sk:80/amercom/velke-bitvy-historie-c.43/,20140127033112,skip
http://www.press.sk:80/amercom/velke-bitvy-historie-c.43/,https://web.archive.org/web/20150311041232/http://www.press.sk:80/amercom/velke-bitvy-historie-c.43/,20150311041232,skip
http://www.press.sk:80/amercom/velke-bitvy-historie-c.43/,https://web.archive.org/web/20151114185122/http://www.press.sk:80/amercom/velke-bitvy-historie-c.43/,20151114185122,skip
http://www.press.sk/amercom/velke-bitvy-historie-edicia/,https://web.archive.org/web/20130511003538/http://www.press.sk/amercom/velke-bitvy-historie-edicia/,20130511003538,skip
http://www.press.sk:80/amercom/velke-bitvy-historie-edicia/,https://web.archive.org/web/20140127033117/http://www.press.sk:80/amercom/velke-bitvy-historie-edicia/,20140127033117,skip
http://www.press.sk:80/amercom/velke-bitvy-historie-edicia/,https://web.archive.org/web/20150311042814/http://www.press.sk:80/amercom/velke-bitvy-historie-edicia/,20150311042814,skip
http://www.press.sk:80/amercom/velke-bitvy-historie-edicia/,https://web.archive.org/web/20151114183721/http://www.press.sk:80/amercom/velke-bitvy-historie-edicia/,20151114183721,skip
http://www.press.sk/amercom/velke-bitvy-historie-edicia/,https://web.archive.org/web/20160802125116/http://www.press.sk/amercom/velke-bitvy-historie-edicia/,20160802125116,skip
http://www.press.sk:80/amercom/vojenska-letadla/,https://web.archive.org/web/20120226095452/http://www.press.sk:80/amercom/vojenska-letadla/,20120226095452,skip
http://www.press.sk/amercom/vojenska-letadla/,https://web.archive.org/web/20130510235633/http://www.press.sk/amercom/vojenska-letadla/,20130510235633,skip
http://www.press.sk:80/amercom/vojenska-letadla/,https://web.archive.org/web/20140127033128/http://www.press.sk:80/amercom/vojenska-letadla/,20140127033128,skip
http://www.press.sk:80/amercom/vojenska-letadla/,https://web.archive.org/web/20150311042819/http://www.press.sk:80/amercom/vojenska-letadla/,20150311042819,skip
http://www.press.sk:80/amercom/vojenska-letadla/,https://web.archive.org/web/20151114183726/http://www.press.sk:80/amercom/vojenska-letadla/,20151114183726,skip
http://www.press.sk/amercom/vojenska-letadla+7138/,https://web.archive.org/web/20130510233121/http://www.press.sk/amercom/vojenska-letadla+7138/,20130510233121,skip
http://www.press.sk:80/amercom/vojenska-letadla+7138/,https://web.archive.org/web/20140127033123/http://www.press.sk:80/amercom/vojenska-letadla+7138/,20140127033123,skip
http://www.press.sk:80/amercom/vojenska-letadla+7138/,https://web.archive.org/web/20150311043604/http://www.press.sk:80/amercom/vojenska-letadla+7138/,20150311043604,skip
http://www.press.sk:80/amercom/vojenska-letadla+7138/,https://web.archive.org/web/20151114185127/http://www.press.sk:80/amercom/vojenska-letadla+7138/,20151114185127,skip
http://www.press.sk/amercom/vojenska-letadla+7138/,https://web.archive.org/web/20160802161234/http://www.press.sk/amercom/vojenska-letadla+7138/,20160802161234,skip
http://www.press.sk:80/amercom/vojenska-letadla-c.30/,https://web.archive.org/web/20120226093344/http://www.press.sk:80/amercom/vojenska-letadla-c.30/,20120226093344,skip
http://www.press.sk:80/apetit/,https://web.archive.org/web/20141028145313/http://www.press.sk:80/apetit/,20141028145313,skip
http://www.press.sk:80/apetit/,https://web.archive.org/web/20150714163321/http://www.press.sk:80/apetit/,20150714163321,skip
http://www.press.sk:80/apetit,https://web.archive.org/web/20151210021111/http://www.press.sk:80/apetit,20151210021111,skip
http://www.press.sk:80/apetit/,https://web.archive.org/web/20151211161033/http://www.press.sk:80/apetit/,20151211161033,skip
http://www.press.sk:80/apetit,https://web.archive.org/web/20160109235401/http://www.press.sk:80/apetit,20160109235401,skip
http://www.press.sk:80/apetit,https://web.archive.org/web/20160209085516/http://www.press.sk:80/apetit,20160209085516,skip
http://www.press.sk:80/apetit,https://web.archive.org/web/20160210041511/http://www.press.sk:80/apetit,20160210041511,skip
http://www.press.sk:80/apetit/,https://web.archive.org/web/20160211185618/http://www.press.sk:80/apetit/,20160211185618,skip
http://www.press.sk:80/apetit/,https://web.archive.org/web/20160212101225/http://www.press.sk:80/apetit/,20160212101225,skip
http://www.press.sk:80/apetit,https://web.archive.org/web/20160311201941/http://www.press.sk:80/apetit,20160311201941,skip
http://www.press.sk:80/apetit,https://web.archive.org/web/20160416201404/http://www.press.sk:80/apetit,20160416201404,skip
http://www.press.sk/apetit/,https://web.archive.org/web/20160802165319/http://www.press.sk/apetit/,20160802165319,skip
http://www.press.sk:80/apetit/,https://web.archive.org/web/20161002082719/http://www.press.sk:80/apetit/,20161002082719,skip
http://www.press.sk:80/apetit,https://web.archive.org/web/20161209073616/http://www.press.sk:80/apetit,20161209073616,skip
http://www.press.sk:80/apetit-miniedice/,https://web.archive.org/web/20141028201139/http://www.press.sk:80/apetit-miniedice/,20141028201139,skip
http://www.press.sk:80/apetit-miniedice/,https://web.archive.org/web/20150630154856/http://www.press.sk:80/apetit-miniedice/,20150630154856,skip
http://www.press.sk:80/apetit-miniedice/,https://web.archive.org/web/20150902103704/http://www.press.sk:80/apetit-miniedice/,20150902103704,skip
http://www.press.sk:80/apetit-miniedice/,https://web.archive.org/web/20151211161028/http://www.press.sk:80/apetit-miniedice/,20151211161028,skip
http://www.press.sk:80/apetit-miniedice/,https://web.archive.org/web/20160211190030/http://www.press.sk:80/apetit-miniedice/,20160211190030,skip
http://www.press.sk:80/apetit-miniedice/,https://web.archive.org/web/20160212093846/http://www.press.sk:80/apetit-miniedice/,20160212093846,skip
http://www.press.sk/apetit-miniedice/,https://web.archive.org/web/20160410224108/http://www.press.sk/apetit-miniedice/,20160410224108,skip
http://www.press.sk:80/apetit-miniedice/,https://web.archive.org/web/20160522223714/http://www.press.sk:80/apetit-miniedice/,20160522223714,skip
http://www.press.sk:80/apetit-miniedice/,https://web.archive.org/web/20160916163305/http://www.press.sk:80/apetit-miniedice/,20160916163305,skip
http://www.press.sk:80/apetit/aeptit-special-kuchyne-usa/,https://web.archive.org/web/20151211151741/http://www.press.sk:80/apetit/aeptit-special-kuchyne-usa/,20151211151741,skip
http://www.press.sk:80/apetit/aeptit-special-kuchyne-usa/,https://web.archive.org/web/20160211190235/http://www.press.sk:80/apetit/aeptit-special-kuchyne-usa/,20160211190235,skip
http://www.press.sk:80/apetit/aeptit-special-kuchyne-usa/,https://web.archive.org/web/20160212094358/http://www.press.sk:80/apetit/aeptit-special-kuchyne-usa/,20160212094358,skip
http://www.press.sk:80/apetit/apeti-special-pasta-pizza/,https://web.archive.org/web/20151211151746/http://www.press.sk:80/apetit/apeti-special-pasta-pizza/,20151211151746,skip
http://www.press.sk:80/apetit/apetit-predplatne/,https://web.archive.org/web/20140104154401/http://www.press.sk:80/apetit/apetit-predplatne/,20140104154401,skip
http://www.press.sk/apetit/apetit-predplatne/,https://web.archive.org/web/20140117051224/http://www.press.sk/apetit/apetit-predplatne/,20140117051224,skip
http://www.press.sk/apetit/apetit-predplatne/,https://web.archive.org/web/20140214100706/http://www.press.sk/apetit/apetit-predplatne/,20140214100706,skip
http://www.press.sk:80/apetit/apetit-predplatne/,https://web.archive.org/web/20140306173929/http://www.press.sk:80/apetit/apetit-predplatne/,20140306173929,skip
http://www.press.sk:80/apetit/apetit-predplatne/,https://web.archive.org/web/20140308055110/http://www.press.sk:80/apetit/apetit-predplatne/,20140308055110,skip
http://www.press.sk:80/apetit/apetit-predplatne/,https://web.archive.org/web/20140507225109/http://www.press.sk:80/apetit/apetit-predplatne/,20140507225109,skip
http://www.press.sk:80/apetit/apetit-predplatne/,https://web.archive.org/web/20140707170020/http://www.press.sk:80/apetit/apetit-predplatne/,20140707170020,skip
http://www.press.sk/apetit/apetit-predplatne/,https://web.archive.org/web/20140813014226/http://www.press.sk/apetit/apetit-predplatne/,20140813014226,skip
http://www.press.sk:80/apetit/apetit-predplatne/,https://web.archive.org/web/20140906155406/http://www.press.sk:80/apetit/apetit-predplatne/,20140906155406,skip
http://www.press.sk:80/apetit/apetit-predplatne/,https://web.archive.org/web/20141006014701/http://www.press.sk:80/apetit/apetit-predplatne/,20141006014701,skip
http://www.press.sk:80/apetit/apetit-predplatne/,https://web.archive.org/web/20141208004201/http://www.press.sk:80/apetit/apetit-predplatne/,20141208004201,skip
http://www.press.sk:80/apetit/apetit-predplatne/,https://web.archive.org/web/20150310090933/http://www.press.sk:80/apetit/apetit-predplatne/,20150310090933,skip
http://www.press.sk/apetit/apetit-predplatne/,https://web.archive.org/web/20150418193840/http://www.press.sk/apetit/apetit-predplatne/,20150418193840,skip
http://www.press.sk:80/apetit/apetit-predplatne/,https://web.archive.org/web/20150509194220/http://www.press.sk:80/apetit/apetit-predplatne/,20150509194220,skip
http://www.press.sk:80/apetit/apetit-predplatne/,https://web.archive.org/web/20150907181439/http://www.press.sk:80/apetit/apetit-predplatne/,20150907181439,skip
http://www.press.sk:80/apetit/apetit-predplatne/,https://web.archive.org/web/20151107124828/http://www.press.sk:80/apetit/apetit-predplatne/,20151107124828,skip
http://www.press.sk:80/apetit/apetit-predplatne,https://web.archive.org/web/20151210021054/http://www.press.sk:80/apetit/apetit-predplatne,20151210021054,skip
http://www.press.sk:80/apetit/apetit-predplatne/,https://web.archive.org/web/20160107030820/http://www.press.sk:80/apetit/apetit-predplatne/,20160107030820,skip
http://www.press.sk:80/apetit/apetit-predplatne,https://web.archive.org/web/20160110000154/http://www.press.sk:80/apetit/apetit-predplatne,20160110000154,skip
http://www.press.sk:80/apetit/apetit-predplatne,https://web.archive.org/web/20160209085518/http://www.press.sk:80/apetit/apetit-predplatne,20160209085518,skip
http://www.press.sk:80/apetit/apetit-predplatne,https://web.archive.org/web/20160210041520/http://www.press.sk:80/apetit/apetit-predplatne,20160210041520,skip
http://www.press.sk:80/apetit/apetit-predplatne/,https://web.archive.org/web/20160308034757/http://www.press.sk:80/apetit/apetit-predplatne/,20160308034757,skip
http://www.press.sk:80/apetit/apetit-predplatne,https://web.archive.org/web/20160311202417/http://www.press.sk:80/apetit/apetit-predplatne,20160311202417,skip
http://www.press.sk/apetit/apetit-predplatne/,https://web.archive.org/web/20160324114906/http://www.press.sk/apetit/apetit-predplatne/,20160324114906,skip
http://www.press.sk:80/apetit/apetit-predplatne/,https://web.archive.org/web/20160508110919/http://www.press.sk:80/apetit/apetit-predplatne/,20160508110919,skip
http://www.press.sk:80/apetit/apetit-predplatne,https://web.archive.org/web/20160513043607/http://www.press.sk:80/apetit/apetit-predplatne,20160513043607,skip
http://www.press.sk/apetit/apetit-predplatne/,https://web.archive.org/web/20160624004026/http://www.press.sk/apetit/apetit-predplatne/,20160624004026,skip
http://www.press.sk:80/apetit/apetit-predplatne/,https://web.archive.org/web/20160708062031/http://www.press.sk:80/apetit/apetit-predplatne/,20160708062031,skip
http://www.press.sk:80/apetit/apetit-predplatne/,https://web.archive.org/web/20160907154335/http://www.press.sk:80/apetit/apetit-predplatne/,20160907154335,skip
http://www.press.sk:80/apetit/apetit-predplatne,https://web.archive.org/web/20161002233343/http://www.press.sk:80/apetit/apetit-predplatne,20161002233343,skip
http://www.press.sk/apetit/apetit-predplatne/,https://web.archive.org/web/20161030104834/http://www.press.sk/apetit/apetit-predplatne/,20161030104834,skip
http://www.press.sk:80/apetit/apetit-predplatne,https://web.archive.org/web/20161103135558/http://www.press.sk:80/apetit/apetit-predplatne,20161103135558,skip
http://www.press.sk:80/apetit/apetit-predplatne/,https://web.archive.org/web/20161108195553/http://www.press.sk:80/apetit/apetit-predplatne/,20161108195553,skip
http://www.press.sk:80/apetit/apetit-predplatne,https://web.archive.org/web/20161209073648/http://www.press.sk:80/apetit/apetit-predplatne,20161209073648,skip
http://www.press.sk:80/apetit/apetit-special-c.22/,https://web.archive.org/web/20151211151751/http://www.press.sk:80/apetit/apetit-special-c.22/,20151211151751,skip
http://www.press.sk:80/apetit/apetit-special-c.22/,https://web.archive.org/web/20160211185929/http://www.press.sk:80/apetit/apetit-special-c.22/,20160211185929,skip
http://www.press.sk:80/apetit/apetit-special-c.22/,https://web.archive.org/web/20160212101024/http://www.press.sk:80/apetit/apetit-special-c.22/,20160212101024,skip
http://www.press.sk:80/apetit/apetit-special-letna-party/,https://web.archive.org/web/20151211151756/http://www.press.sk:80/apetit/apetit-special-letna-party/,20151211151756,skip
http://www.press.sk:80/apetit/apetit-special-letna-party/,https://web.archive.org/web/20160212101136/http://www.press.sk:80/apetit/apetit-special-letna-party/,20160212101136,skip
http://www.press.sk:80/apetit/apetit-special-letna-party/,https://web.archive.org/web/20160212195855/http://www.press.sk:80/apetit/apetit-special-letna-party/,20160212195855,skip
http://www.press.sk:80/apetit/apetit-special-pasta-pizza/,https://web.archive.org/web/20160110194105/http://www.press.sk:80/apetit/apetit-special-pasta-pizza/,20160110194105,skip
http://www.press.sk:80/apetit/apetit-special-svetove-mucniky/,https://web.archive.org/web/20151211151801/http://www.press.sk:80/apetit/apetit-special-svetove-mucniky/,20151211151801,skip
http://www.press.sk:80/apetit/apetit-special-svetove-mucniky/,https://web.archive.org/web/20160211185638/http://www.press.sk:80/apetit/apetit-special-svetove-mucniky/,20160211185638,skip
http://www.press.sk:80/apetit/apetit-special-svetove-mucniky/,https://web.archive.org/web/20160212101230/http://www.press.sk:80/apetit/apetit-special-svetove-mucniky/,20160212101230,skip
http://www.press.sk:80/apetit/sviatocne-hodovanie/,https://web.archive.org/web/20151211151806/http://www.press.sk:80/apetit/sviatocne-hodovanie/,20151211151806,skip
http://www.press.sk:80/apetit/sviatocne-hodovanie/,https://web.archive.org/web/20160211190255/http://www.press.sk:80/apetit/sviatocne-hodovanie/,20160211190255,skip
http://www.press.sk:80/apetit/sviatocne-hodovanie/,https://web.archive.org/web/20160212094403/http://www.press.sk:80/apetit/sviatocne-hodovanie/,20160212094403,skip
http://www.press.sk:80/apetit/varime-pro-deti-apetit-special/,https://web.archive.org/web/20151211151812/http://www.press.sk:80/apetit/varime-pro-deti-apetit-special/,20151211151812,skip
http://www.press.sk:80/apetit/varime-pro-deti-apetit-special/,https://web.archive.org/web/20160211185613/http://www.press.sk:80/apetit/varime-pro-deti-apetit-special/,20160211185613,skip
http://www.press.sk:80/apetit/varime-pro-deti-apetit-special/,https://web.archive.org/web/20160212103619/http://www.press.sk:80/apetit/varime-pro-deti-apetit-special/,20160212103619,skip
https://www.press.sk/architektura-dizajn/,https://web.archive.org/web/20190723181210/https://www.press.sk/architektura-dizajn/,20190723181210,skip
https://www.press.sk/architektura-dizajn/,https://web.archive.org/web/20190923162727/https://www.press.sk/architektura-dizajn/,20190923162727,skip
https://www.press.sk/architektura-dizajn/,https://web.archive.org/web/20191119033521/https://www.press.sk/architektura-dizajn/,20191119033521,skip
https://www.press.sk/architektura-dizajn/,https://web.archive.org/web/20230311055300/https://www.press.sk/architektura-dizajn/,20230311055300,skip
https://www.press.sk/architektura-dizajn/jak-cist-architekturu/,https://web.archive.org/web/20190721215001/https://www.press.sk/architektura-dizajn/jak-cist-architekturu/,20190721215001,skip
https://www.press.sk/architektura-dizajn/jak-cist-architekturu/,https://web.archive.org/web/20190922145725/https://www.press.sk/architektura-dizajn/jak-cist-architekturu/,20190922145725,skip
https://www.press.sk/architektura-dizajn/jak-cist-architekturu/,https://web.archive.org/web/20191111205817/https://www.press.sk/architektura-dizajn/jak-cist-architekturu/,20191111205817,skip
https://www.press.sk/architektura-dizajn/kamenictvi-tradice-z-pohledu-dneska/,https://web.archive.org/web/20230311055305/https://www.press.sk/architektura-dizajn/kamenictvi-tradice-z-pohledu-dneska/,20230311055305,skip
https://www.press.sk/architektura-dizajn/malovani-na-kameny-30-vzoru-ktere-probudi-vasi-kreativitu+18231/,https://web.archive.org/web/20190718011230/https://www.press.sk/architektura-dizajn/malovani-na-kameny-30-vzoru-ktere-probudi-vasi-kreativitu+18231/,20190718011230,skip
https://www.press.sk/architektura-dizajn/malovani-na-kameny-30-vzoru-ktere-probudi-vasi-kreativitu+18231/,https://web.archive.org/web/20191015215143/https://www.press.sk/architektura-dizajn/malovani-na-kameny-30-vzoru-ktere-probudi-vasi-kreativitu+18231/,20191015215143,skip
https://www.press.sk/architektura-dizajn/malovani-na-kameny-30-vzoru-ktere-probudi-vasi-kreativitu+18231/,https://web.archive.org/web/20191207161353/https://www.press.sk/architektura-dizajn/malovani-na-kameny-30-vzoru-ktere-probudi-vasi-kreativitu+18231/,20191207161353,skip
https://www.press.sk/architektura-dizajn/naucte-se-pouzivat-barvu-kreativne/,https://web.archive.org/web/20190924093112/https://www.press.sk/architektura-dizajn/naucte-se-pouzivat-barvu-kreativne/,20190924093112,skip
https://www.press.sk/architektura-dizajn/svetove-mosty-od-antiky-po-soucasnost/,https://web.archive.org/web/20191114072952/https://www.press.sk/architektura-dizajn/svetove-mosty-od-antiky-po-soucasnost/,20191114072952,skip
https://www.press.sk/architektura-dizajn/t1-typo-grafik-um-abeceda-sucasnej-vizualnej-komunikacie-a-kultu/,https://web.archive.org/web/20190919110927/https://www.press.sk/architektura-dizajn/t1-typo-grafik-um-abeceda-sucasnej-vizualnej-komunikacie-a-kultu/,20190919110927,skip
https://www.press.sk/architektura-dizajn/thonet-1939-1945-ohybany-nabytek-za-2.-svetove-valky/,https://web.archive.org/web/20230311055305/https://www.press.sk/architektura-dizajn/thonet-1939-1945-ohybany-nabytek-za-2.-svetove-valky/,20230311055305,skip
https://www.press.sk/architektura-dizajn/ucebnice-solidworks/,https://web.archive.org/web/20190923054652/https://www.press.sk/architektura-dizajn/ucebnice-solidworks/,20190923054652,skip
http://www.press.sk:80/article_info.php,https://web.archive.org/web/20040922003825/http://www.press.sk:80/article_info.php,20040922003825,skip
http://www.press.sk:80/article_info.php?cArticlePath=7_8&articles_id=6,https://web.archive.org/web/20040611205057/http://www.press.sk:80/article_info.php?cArticlePath=7_8&articles_id=6,20040611205057,skip
https://www.press.sk/assets/press.sk/images/bg_select.svg,https://web.archive.org/web/20260512113302/https://www.press.sk/assets/press.sk/images/bg_select.svg,20260512113302,skip
https://www.press.sk/assets/press.sk/images/bg_subheader.jpg,https://web.archive.org/web/20260512113241/https://www.press.sk/assets/press.sk/images/bg_subheader.jpg,20260512113241,skip
https://www.press.sk/assets/press.sk/images/e-predplatne.svg,https://web.archive.org/web/20260518073452/https://www.press.sk/assets/press.sk/images/e-predplatne.svg,20260518073452,skip
https://www.press.sk/assets/press.sk/images/logo.svg,https://web.archive.org/web/20260512113241/https://www.press.sk/assets/press.sk/images/logo.svg,20260512113241,skip
https://www.press.sk/assets/press.sk/images/sprites.svg,https://web.archive.org/web/20260512113240/https://www.press.sk/assets/press.sk/images/sprites.svg,20260512113240,skip
https://www.press.sk/assets/press.sk/images/stitky.svg,https://web.archive.org/web/20260512113309/https://www.press.sk/assets/press.sk/images/stitky.svg,20260512113309,skip
http://www.press.sk:80/atlasy-a-mapy/,https://web.archive.org/web/20091025224534/http://www.press.sk:80/atlasy-a-mapy/,20091025224534,skip
http://www.press.sk:80/atlasy-a-mapy/,https://web.archive.org/web/20100509093018/http://www.press.sk:80/atlasy-a-mapy/,20100509093018,skip
http://www.press.sk:80/atlasy-a-mapy/,https://web.archive.org/web/20111205020038/http://www.press.sk:80/atlasy-a-mapy/,20111205020038,skip
http://www.press.sk/atlasy-a-mapy/,https://web.archive.org/web/20130511031106/http://www.press.sk/atlasy-a-mapy/,20130511031106,skip
http://www.press.sk/atlasy-a-mapy/,https://web.archive.org/web/20160802164458/http://www.press.sk/atlasy-a-mapy/,20160802164458,skip
http://www.press.sk/atlasy-a-mapy/,https://web.archive.org/web/20170406024808/http://www.press.sk/atlasy-a-mapy/,20170406024808,skip
http://www.press.sk/atlasy-a-mapy/,https://web.archive.org/web/20170614133025/http://www.press.sk/atlasy-a-mapy/,20170614133025,skip
https://www.press.sk/atlasy-a-mapy/,https://web.archive.org/web/20190724010038/https://www.press.sk/atlasy-a-mapy/,20190724010038,skip
https://www.press.sk/atlasy-a-mapy/,https://web.archive.org/web/20190922085345/https://www.press.sk/atlasy-a-mapy/,20190922085345,skip
https://www.press.sk/atlasy-a-mapy/,https://web.archive.org/web/20191115191015/https://www.press.sk/atlasy-a-mapy/,20191115191015,skip
https://www.press.sk/atlasy-a-mapy/,https://web.archive.org/web/20230311055259/https://www.press.sk/atlasy-a-mapy/,20230311055259,skip
http://www.press.sk/atlasy-a-mapy/atlas-piskovcovych-skalnich-mest/,https://web.archive.org/web/20130623114929/http://www.press.sk/atlasy-a-mapy/atlas-piskovcovych-skalnich-mest/,20130623114929,skip
http://www.press.sk/atlasy-a-mapy/databaze-letist-2011-cz-sk/,https://web.archive.org/web/20130623103400/http://www.press.sk/atlasy-a-mapy/databaze-letist-2011-cz-sk/,20130623103400,skip
http://www.press.sk/atlasy-a-mapy/databaze-letist-2012-cz-sk/,https://web.archive.org/web/20130623115919/http://www.press.sk/atlasy-a-mapy/databaze-letist-2012-cz-sk/,20130623115919,skip
http://www.press.sk/atlasy-a-mapy/databaze-letist-2013/,https://web.archive.org/web/20130623102800/http://www.press.sk/atlasy-a-mapy/databaze-letist-2013/,20130623102800,skip
https://www.press.sk/atlasy-a-mapy/databaze-letist-cr-sr-2019-klasicka-verzia/,https://web.archive.org/web/20190723183750/https://www.press.sk/atlasy-a-mapy/databaze-letist-cr-sr-2019-klasicka-verzia/,20190723183750,skip
https://www.press.sk/atlasy-a-mapy/databaze-letist-cr-sr-2019-klasicka-verzia/,https://web.archive.org/web/20190923163505/https://www.press.sk/atlasy-a-mapy/databaze-letist-cr-sr-2019-klasicka-verzia/,20190923163505,skip
https://www.press.sk/atlasy-a-mapy/databaze-letist-cr-sr-2019-klasicka-verzia/,https://web.archive.org/web/20191119033850/https://www.press.sk/atlasy-a-mapy/databaze-letist-cr-sr-2019-klasicka-verzia/,20191119033850,skip
https://www.press.sk/atlasy-a-mapy/databaze-letist-cr-sr-2019-kompletna-verzia/,https://web.archive.org/web/20190723181711/https://www.press.sk/atlasy-a-mapy/databaze-letist-cr-sr-2019-kompletna-verzia/,20190723181711,skip
https://www.press.sk/atlasy-a-mapy/databaze-letist-cr-sr-2019-kompletna-verzia/,https://web.archive.org/web/20190923163232/https://www.press.sk/atlasy-a-mapy/databaze-letist-cr-sr-2019-kompletna-verzia/,20190923163232,skip
https://www.press.sk/atlasy-a-mapy/databaze-letist-cr-sr-2019-kompletna-verzia/,https://web.archive.org/web/20191119033734/https://www.press.sk/atlasy-a-mapy/databaze-letist-cr-sr-2019-kompletna-verzia/,20191119033734,skip
https://www.press.sk/atlasy-a-mapy/databaze-letist-cr-sr-2022-klasicka-verzia/,https://web.archive.org/web/20230311055259/https://www.press.sk/atlasy-a-mapy/databaze-letist-cr-sr-2022-klasicka-verzia/,20230311055259,skip
http://www.press.sk/atlasy-a-mapy/databaze-letist-profi/,https://web.archive.org/web/20130623101733/http://www.press.sk/atlasy-a-mapy/databaze-letist-profi/,20130623101733,skip
http://www.press.sk/atlasy-a-mapy/naucte-se-kreslit-fantasy-a-rpg-mapy/,https://web.archive.org/web/20170606030825/http://www.press.sk/atlasy-a-mapy/naucte-se-kreslit-fantasy-a-rpg-mapy/,20170606030825,skip
http://www.press.sk:80/atlasy-a-mapy/naucte-se-kreslit-fantasy-a-rpg-mapy/,https://web.archive.org/web/20170610162408/http://www.press.sk:80/atlasy-a-mapy/naucte-se-kreslit-fantasy-a-rpg-mapy/,20170610162408,skip
https://www.press.sk/atlasy-a-mapy/slovensko-z-neba-2014/,https://web.archive.org/web/20230311055255/https://www.press.sk/atlasy-a-mapy/slovensko-z-neba-2014/,20230311055255,skip
http://www.press.sk/atm/,https://web.archive.org/web/20130511025540/http://www.press.sk/atm/,20130511025540,skip
http://www.press.sk:80/atm/,https://web.archive.org/web/20130727040102/http://www.press.sk:80/atm/,20130727040102,skip
http://www.press.sk:80/atm,https://web.archive.org/web/20140109053525/http://www.press.sk:80/atm,20140109053525,skip
http://www.press.sk:80/atm/,https://web.archive.org/web/20140110112554/http://www.press.sk:80/atm/,20140110112554,skip
http://www.press.sk:80/atm,https://web.archive.org/web/20140220095244/http://www.press.sk:80/atm,20140220095244,skip
http://www.press.sk:80/atm,https://web.archive.org/web/20140704092937/http://www.press.sk:80/atm,20140704092937,skip
http://www.press.sk:80/atm,https://web.archive.org/web/20140915004908/http://www.press.sk:80/atm,20140915004908,skip
http://www.press.sk:80/atm/,https://web.archive.org/web/20150910123820/http://www.press.sk:80/atm/,20150910123820,skip
http://www.press.sk/atm/,https://web.archive.org/web/20160407190426/http://www.press.sk/atm/,20160407190426,skip
http://www.press.sk:80/atm/,https://web.archive.org/web/20160508103208/http://www.press.sk:80/atm/,20160508103208,skip
http://www.press.sk/atm/,https://web.archive.org/web/20170406145921/http://www.press.sk/atm/,20170406145921,skip
https://www.press.sk/atm/,https://web.archive.org/web/20170731131938/https://www.press.sk/atm/,20170731131938,skip
https://www.press.sk/atm/,https://web.archive.org/web/20190819105904/https://www.press.sk/atm/,20190819105904,skip
https://www.press.sk/atm/,https://web.archive.org/web/20191019105030/https://www.press.sk/atm/,20191019105030,skip
https://www.press.sk/atm/,https://web.archive.org/web/20191207170557/https://www.press.sk/atm/,20191207170557,skip
https://www.press.sk/atm/,https://web.archive.org/web/20221212000254/https://www.press.sk/atm/,20221212000254,skip
https://www.press.sk/atm/,https://web.archive.org/web/20230311055243/https://www.press.sk/atm/,20230311055243,skip
https://www.press.sk/atm/,https://web.archive.org/web/20230714165941/https://www.press.sk/atm/,20230714165941,skip
http://www.press.sk/atm/atm/,https://web.archive.org/web/20130623063657/http://www.press.sk/atm/atm/,20130623063657,skip
http://www.press.sk:80/atm/atm/,https://web.archive.org/web/20140110081059/http://www.press.sk:80/atm/atm/,20140110081059,skip
http://www.press.sk:80/atm/atm/,https://web.archive.org/web/20141229022457/http://www.press.sk:80/atm/atm/,20141229022457,skip
http://www.press.sk:80/atm/atm/,https://web.archive.org/web/20150407144841/http://www.press.sk:80/atm/atm/,20150407144841,skip
http://www.press.sk:80/atm/atm/,https://web.archive.org/web/20150607044928/http://www.press.sk:80/atm/atm/,20150607044928,skip
http://www.press.sk:80/atm/atm/,https://web.archive.org/web/20150807183218/http://www.press.sk:80/atm/atm/,20150807183218,skip
http://www.press.sk:80/atm/atm/,https://web.archive.org/web/20151008011630/http://www.press.sk:80/atm/atm/,20151008011630,skip
http://www.press.sk:80/atm/atm/,https://web.archive.org/web/20151207161246/http://www.press.sk:80/atm/atm/,20151207161246,skip
https://www.press.sk/atm/atm/,https://web.archive.org/web/20190721071638/https://www.press.sk/atm/atm/,20190721071638,skip
https://www.press.sk/atm/atm/,https://web.archive.org/web/20190820054927/https://www.press.sk/atm/atm/,20190820054927,skip
https://www.press.sk/atm/atm/,https://web.archive.org/web/20190820075931/https://www.press.sk/atm/atm/,20190820075931,skip
https://www.press.sk/atm/atm/,https://web.archive.org/web/20191015215858/https://www.press.sk/atm/atm/,20191015215858,skip
https://www.press.sk/atm/atm/,https://web.archive.org/web/20191017060811/https://www.press.sk/atm/atm/,20191017060811,skip
https://www.press.sk/atm/atm/,https://web.archive.org/web/20191213024503/https://www.press.sk/atm/atm/,20191213024503,skip
https://www.press.sk/atm/atm/,https://web.archive.org/web/20230312035739/https://www.press.sk/atm/atm/,20230312035739,skip
http://www.press.sk/atm/atm-c.012013/,https://web.archive.org/web/20130623053000/http://www.press.sk/atm/atm-c.012013/,20130623053000,skip
http://www.press.sk:80/atm/atm-c.012013/,https://web.archive.org/web/20140110075947/http://www.press.sk:80/atm/atm-c.012013/,20140110075947,skip
http://www.press.sk:80/atm/atm-c.012014/,https://web.archive.org/web/20140110075952/http://www.press.sk:80/atm/atm-c.012014/,20140110075952,skip
http://www.press.sk/atm/atm-c.022013/,https://web.archive.org/web/20130623064156/http://www.press.sk/atm/atm-c.022013/,20130623064156,skip
http://www.press.sk:80/atm/atm-c.022013/,https://web.archive.org/web/20140110075958/http://www.press.sk:80/atm/atm-c.022013/,20140110075958,skip
http://www.press.sk/atm/atm-c.032013/,https://web.archive.org/web/20130623074603/http://www.press.sk/atm/atm-c.032013/,20130623074603,skip
http://www.press.sk:80/atm/atm-c.032013/,https://web.archive.org/web/20140110080004/http://www.press.sk:80/atm/atm-c.032013/,20140110080004,skip
http://www.press.sk/atm/atm-c.042013/,https://web.archive.org/web/20130623054801/http://www.press.sk/atm/atm-c.042013/,20130623054801,skip
http://www.press.sk:80/atm/atm-c.042013/,https://web.archive.org/web/20140110080009/http://www.press.sk:80/atm/atm-c.042013/,20140110080009,skip
http://www.press.sk/atm/atm-c.052013/,https://web.archive.org/web/20130512224618/http://www.press.sk/atm/atm-c.052013/,20130512224618,skip
http://www.press.sk:80/atm/atm-c.052013/,https://web.archive.org/web/20140110080014/http://www.press.sk:80/atm/atm-c.052013/,20140110080014,skip
http://www.press.sk:80/atm/atm-c.062013/,https://web.archive.org/web/20140110080019/http://www.press.sk:80/atm/atm-c.062013/,20140110080019,skip
http://www.press.sk:80/atm/atm-c.072013/,https://web.archive.org/web/20140110080025/http://www.press.sk:80/atm/atm-c.072013/,20140110080025,skip
http://www.press.sk:80/atm/atm-c.082013/,https://web.archive.org/web/20140110080029/http://www.press.sk:80/atm/atm-c.082013/,20140110080029,skip
http://www.press.sk:80/atm/atm-c.092012/,https://web.archive.org/web/20140110080035/http://www.press.sk:80/atm/atm-c.092012/,20140110080035,skip
http://www.press.sk/atm/atm-c.102012/,https://web.archive.org/web/20130623064954/http://www.press.sk/atm/atm-c.102012/,20130623064954,skip
http://www.press.sk:80/atm/atm-c.102012/,https://web.archive.org/web/20140110080040/http://www.press.sk:80/atm/atm-c.102012/,20140110080040,skip
http://www.press.sk:80/atm/atm-c.102013/,https://web.archive.org/web/20140110080045/http://www.press.sk:80/atm/atm-c.102013/,20140110080045,skip
http://www.press.sk/atm/atm-c.112012/,https://web.archive.org/web/20130623073930/http://www.press.sk/atm/atm-c.112012/,20130623073930,skip
http://www.press.sk:80/atm/atm-c.112012/,https://web.archive.org/web/20140110080050/http://www.press.sk:80/atm/atm-c.112012/,20140110080050,skip
http://www.press.sk:80/atm/atm-c.112013/,https://web.archive.org/web/20140110080055/http://www.press.sk:80/atm/atm-c.112013/,20140110080055,skip
http://www.press.sk/atm/atm-c.12012/,https://web.archive.org/web/20130623062510/http://www.press.sk/atm/atm-c.12012/,20130623062510,skip
http://www.press.sk:80/atm/atm-c.12012/,https://web.archive.org/web/20140110080100/http://www.press.sk:80/atm/atm-c.12012/,20140110080100,skip
http://www.press.sk/atm/atm-c.122012/,https://web.archive.org/web/20130623062519/http://www.press.sk/atm/atm-c.122012/,20130623062519,skip
http://www.press.sk:80/atm/atm-c.122012/,https://web.archive.org/web/20140110080106/http://www.press.sk:80/atm/atm-c.122012/,20140110080106,skip
http://www.press.sk:80/atm/atm-c.122013/,https://web.archive.org/web/20140110080110/http://www.press.sk:80/atm/atm-c.122013/,20140110080110,skip
http://www.press.sk/atm/atm-c.22012/,https://web.archive.org/web/20130623073922/http://www.press.sk/atm/atm-c.22012/,20130623073922,skip
http://www.press.sk:80/atm/atm-c.22012/,https://web.archive.org/web/20140110080115/http://www.press.sk:80/atm/atm-c.22012/,20140110080115,skip
http://www.press.sk/atm/atm-c.32012/,https://web.archive.org/web/20130623064950/http://www.press.sk/atm/atm-c.32012/,20130623064950,skip
http://www.press.sk:80/atm/atm-c.32012/,https://web.archive.org/web/20140110080121/http://www.press.sk:80/atm/atm-c.32012/,20140110080121,skip
http://www.press.sk/atm/atm-c.42012/,https://web.archive.org/web/20130623060611/http://www.press.sk/atm/atm-c.42012/,20130623060611,skip
http://www.press.sk:80/atm/atm-c.42012/,https://web.archive.org/web/20140110080138/http://www.press.sk:80/atm/atm-c.42012/,20140110080138,skip
http://www.press.sk/atm/atm-c.52012/,https://web.archive.org/web/20130623054955/http://www.press.sk/atm/atm-c.52012/,20130623054955,skip
http://www.press.sk:80/atm/atm-c.52012/,https://web.archive.org/web/20140110080144/http://www.press.sk:80/atm/atm-c.52012/,20140110080144,skip
http://www.press.sk/atm/atm-c.62012/,https://web.archive.org/web/20130623070742/http://www.press.sk/atm/atm-c.62012/,20130623070742,skip
http://www.press.sk:80/atm/atm-c.62012/,https://web.archive.org/web/20140110080151/http://www.press.sk:80/atm/atm-c.62012/,20140110080151,skip
http://www.press.sk/atm/atm-c.72012/,https://web.archive.org/web/20130623071924/http://www.press.sk/atm/atm-c.72012/,20130623071924,skip
http://www.press.sk:80/atm/atm-c.72012/,https://web.archive.org/web/20140110080918/http://www.press.sk:80/atm/atm-c.72012/,20140110080918,skip
http://www.press.sk/atm/atm-c.82012/,https://web.archive.org/web/20130623070429/http://www.press.sk/atm/atm-c.82012/,20130623070429,skip
http://www.press.sk:80/atm/atm-c.82012/,https://web.archive.org/web/20140110080941/http://www.press.sk:80/atm/atm-c.82012/,20140110080941,skip
http://www.press.sk/atm/atm-c.92012/,https://web.archive.org/web/20130623072549/http://www.press.sk/atm/atm-c.92012/,20130623072549,skip
http://www.press.sk:80/atm/atm-c.92012/,https://web.archive.org/web/20140110080946/http://www.press.sk:80/atm/atm-c.92012/,20140110080946,skip
https://www.press.sk/atm/atm/?utm_source=newsletter&utm_campaign=November_2013&utm_medium=archive,https://web.archive.org/web/20190821053616/https://www.press.sk/atm/atm/?utm_source=newsletter&utm_campaign=November_2013&utm_medium=archive,20190821053616,skip
http://www.press.sk:80/audio/,https://web.archive.org/web/20170114194545/http://www.press.sk:80/audio/,20170114194545,skip
http://www.press.sk:80/audio/,https://web.archive.org/web/20170316055517/http://www.press.sk:80/audio/,20170316055517,skip
http://www.press.sk:80/audio/,https://web.archive.org/web/20170516121551/http://www.press.sk:80/audio/,20170516121551,skip
http://www.press.sk/audio/,https://web.archive.org/web/20170606072341/http://www.press.sk/audio/,20170606072341,skip
https://www.press.sk/audio/,https://web.archive.org/web/20190819105436/https://www.press.sk/audio/,20190819105436,skip
https://www.press.sk/audio/,https://web.archive.org/web/20191019104431/https://www.press.sk/audio/,20191019104431,skip
https://www.press.sk/audio/,https://web.archive.org/web/20191214100815/https://www.press.sk/audio/,20191214100815,skip
https://www.press.sk/audio/,https://web.archive.org/web/20221212000254/https://www.press.sk/audio/,20221212000254,skip
https://www.press.sk/audio/,https://web.archive.org/web/20230311055242/https://www.press.sk/audio/,20230311055242,skip
https://www.press.sk/audio/c.100-vlocky-rozpravocky/,https://web.archive.org/web/20170731054158/https://www.press.sk/audio/c.100-vlocky-rozpravocky/,20170731054158,skip
https://www.press.sk/audio/c.103-kukuckovy-dedko/,https://web.archive.org/web/20170731032056/https://www.press.sk/audio/c.103-kukuckovy-dedko/,20170731032056,skip
https://www.press.sk/audio/c.104-o-vodnikoch-nezbednikoch/,https://web.archive.org/web/20170731120338/https://www.press.sk/audio/c.104-o-vodnikoch-nezbednikoch/,20170731120338,skip
https://www.press.sk/audio/c.105-ako-islo-vajce-na-vandrovku/,https://web.archive.org/web/20170731041706/https://www.press.sk/audio/c.105-ako-islo-vajce-na-vandrovku/,20170731041706,skip
https://www.press.sk/audio/c.106-o-skaredom-kacatku/,https://web.archive.org/web/20170731013623/https://www.press.sk/audio/c.106-o-skaredom-kacatku/,20170731013623,skip
https://www.press.sk/audio/c.53-kamenny-kvietok/,https://web.archive.org/web/20170731070553/https://www.press.sk/audio/c.53-kamenny-kvietok/,20170731070553,skip
https://www.press.sk/audio/c.70-dobrodruzstva-vevericiaka-sisa/,https://web.archive.org/web/20170731080550/https://www.press.sk/audio/c.70-dobrodruzstva-vevericiaka-sisa/,20170731080550,skip
https://www.press.sk/audio/c.78-o-hlupom-certovi/,https://web.archive.org/web/20170731035841/https://www.press.sk/audio/c.78-o-hlupom-certovi/,20170731035841,skip
https://www.press.sk/audio/c.81-cesta-do-krajiny-snov/,https://web.archive.org/web/20170731040146/https://www.press.sk/audio/c.81-cesta-do-krajiny-snov/,20170731040146,skip
https://www.press.sk/audio/c.82-o-princovi-zlostnikovi-a-slachetnom-milkovi/,https://web.archive.org/web/20170731131251/https://www.press.sk/audio/c.82-o-princovi-zlostnikovi-a-slachetnom-milkovi/,20170731131251,skip
https://www.press.sk/audio/c.83-rozpravky-z-maleho-ostrova/,https://web.archive.org/web/20170731013403/https://www.press.sk/audio/c.83-rozpravky-z-maleho-ostrova/,20170731013403,skip
https://www.press.sk/audio/c.88-palculienka/,https://web.archive.org/web/20170731102142/https://www.press.sk/audio/c.88-palculienka/,20170731102142,skip
https://www.press.sk/audio/c.89-mrazik/,https://web.archive.org/web/20170731013032/https://www.press.sk/audio/c.89-mrazik/,20170731013032,skip
https://www.press.sk/audio/c.90-zlata-podkova-zlate-pero-zlaty-vlas/,https://web.archive.org/web/20170730230459/https://www.press.sk/audio/c.90-zlata-podkova-zlate-pero-zlaty-vlas/,20170730230459,skip
https://www.press.sk/audio/c.92-o-dracikovi-spacikovi/,https://web.archive.org/web/20170730233931/https://www.press.sk/audio/c.92-o-dracikovi-spacikovi/,20170730233931,skip
https://www.press.sk/audio/c.93-osmijankove-rozpravky/,https://web.archive.org/web/20170731080838/https://www.press.sk/audio/c.93-osmijankove-rozpravky/,20170731080838,skip
https://www.press.sk/audio/c.95-rozpravka-o-prvom-rozpravkarovi/,https://web.archive.org/web/20170731013827/https://www.press.sk/audio/c.95-rozpravka-o-prvom-rozpravkarovi/,20170731013827,skip
https://www.press.sk/audio/c.96-do-skoly/,https://web.archive.org/web/20170731021945/https://www.press.sk/audio/c.96-do-skoly/,20170731021945,skip
https://www.press.sk/audio/ezpove-bajky/,https://web.archive.org/web/20170730143224/https://www.press.sk/audio/ezpove-bajky/,20170730143224,skip
"https://www.press.sk/audio/o,a,30,30/","https://web.archive.org/web/20170731001347/https://www.press.sk/audio/o,a,30,30/",20170731001347,skip
"https://www.press.sk/audio/o,a,30,60/","https://web.archive.org/web/20170731130619/https://www.press.sk/audio/o,a,30,60/",20170731130619,skip
https://www.press.sk/audio/?design,https://web.archive.org/web/20190724010311/https://www.press.sk/audio/?design,20190724010311,skip
https://www.press.sk/audio/?design,https://web.archive.org/web/20190922085620/https://www.press.sk/audio/?design,20190922085620,skip
https://www.press.sk/audio/?design,https://web.archive.org/web/20191113004104/https://www.press.sk/audio/?design,20191113004104,skip
https://www.press.sk/audio/?design,https://web.archive.org/web/20240523114030/https://www.press.sk/audio/?design,20240523114030,skip
https://www.press.sk/auta/,https://web.archive.org/web/20191015070213/https://www.press.sk/auta/,20191015070213,skip
https://www.press.sk/auta/,https://web.archive.org/web/20191208124041/https://www.press.sk/auta/,20191208124041,skip
https://www.press.sk/auta/,https://web.archive.org/web/20230311055324/https://www.press.sk/auta/,20230311055324,skip
https://www.press.sk/auta/auta-3-kniha-s-modelom/,https://web.archive.org/web/20191117161229/https://www.press.sk/auta/auta-3-kniha-s-modelom/,20191117161229,skip
https://www.press.sk/auta/auta-3-obrazovy-sprievodca/,https://web.archive.org/web/20191117184937/https://www.press.sk/auta/auta-3-obrazovy-sprievodca/,20191117184937,skip
https://www.press.sk/auta/auta-3-od-rozpravky-k-rozpravke/,https://web.archive.org/web/20191114100554/https://www.press.sk/auta/auta-3-od-rozpravky-k-rozpravke/,20191114100554,skip
https://www.press.sk/auta/auta-bezva-kniha-o-autach/,https://web.archive.org/web/20191113183537/https://www.press.sk/auta/auta-bezva-kniha-o-autach/,20191113183537,skip
https://www.press.sk/auta/auta-mater-na-mesiaci-a-ine-historky/,https://web.archive.org/web/20191113183417/https://www.press.sk/auta/auta-mater-na-mesiaci-a-ine-historky/,20191113183417,skip
https://www.press.sk/auta/auta-najkrajsia-kolekcia/,https://web.archive.org/web/20191117184950/https://www.press.sk/auta/auta-najkrajsia-kolekcia/,20191117184950,skip
https://www.press.sk/auta/auta-priatelia-na-styroch-kolesach/,https://web.archive.org/web/20191117185254/https://www.press.sk/auta/auta-priatelia-na-styroch-kolesach/,20191117185254,skip
https://www.press.sk/auta/auta-velka-kniha-zabavy+14788/,https://web.archive.org/web/20191113183555/https://www.press.sk/auta/auta-velka-kniha-zabavy+14788/,20191113183555,skip
https://www.press.sk/auta/disney-rozpravky-do-postielky/,https://web.archive.org/web/20191117161234/https://www.press.sk/auta/disney-rozpravky-do-postielky/,20191117161234,skip
http://www.press.sk/bajky-a-povesti/,https://web.archive.org/web/20170615001328/http://www.press.sk/bajky-a-povesti/,20170615001328,skip
https://www.press.sk/barbie/,https://web.archive.org/web/20191015070827/https://www.press.sk/barbie/,20191015070827,skip
https://www.press.sk/barbie/,https://web.archive.org/web/20191206233159/https://www.press.sk/barbie/,20191206233159,skip
https://www.press.sk/barbie/,https://web.archive.org/web/20230311055323/https://www.press.sk/barbie/,20230311055323,skip
https://www.press.sk/barbie/barbie-odvazna-princezna-zabavny-zosit/,https://web.archive.org/web/20190918204811/https://www.press.sk/barbie/barbie-odvazna-princezna-zabavny-zosit/,20190918204811,skip
https://www.press.sk/barbie/disney-princenzna-nejlepsi-domecek-na-strome/,https://web.archive.org/web/20191123025059/https://www.press.sk/barbie/disney-princenzna-nejlepsi-domecek-na-strome/,20191123025059,skip
