original_url,wayback_url,timestamp,type
http://www.press.sk:80/2014+212/letectvi-kosmonautika-c.052014,https://web.archive.org/web/20141008135301/http://www.press.sk:80/2014+212/letectvi-kosmonautika-c.052014,20141008135301,skip
http://www.press.sk:80/2014+212/letectvi-kosmonautika-c.052014,https://web.archive.org/web/20141109104856/http://www.press.sk:80/2014+212/letectvi-kosmonautika-c.052014,20141109104856,skip
http://www.press.sk:80/2014+212/letectvi-kosmonautika-c.052014,https://web.archive.org/web/20141210231238/http://www.press.sk:80/2014+212/letectvi-kosmonautika-c.052014,20141210231238,skip
http://www.press.sk:80/2014+212/letectvi-kosmonautika-c.052014,https://web.archive.org/web/20150110143009/http://www.press.sk:80/2014+212/letectvi-kosmonautika-c.052014,20150110143009,skip
http://www.press.sk:80/2015+229/modelar-c.092015,https://web.archive.org/web/20170426043156/http://www.press.sk:80/2015+229/modelar-c.092015,20170426043156,skip
http://www.press.sk:80/2016+248/atm-c.052016,https://web.archive.org/web/20160505113456/http://www.press.sk:80/2016+248/atm-c.052016,20160505113456,skip
http://www.press.sk:80/2016+248/atm-c.052016,https://web.archive.org/web/20160607191336/http://www.press.sk:80/2016+248/atm-c.052016,20160607191336,skip
http://www.press.sk:80/2016+248/atm-c.082016/,https://web.archive.org/web/20160802021717/http://www.press.sk:80/2016+248/atm-c.082016/,20160802021717,skip
http://www.press.sk:80/2016+249/aerohobby-c.042016/,https://web.archive.org/web/20160802022402/http://www.press.sk:80/2016+249/aerohobby-c.042016/,20160802022402,skip
http://www.press.sk:80/2016+250/modelar-c.072016/,https://web.archive.org/web/20160802021353/http://www.press.sk:80/2016+250/modelar-c.072016/,20160802021353,skip
http://www.press.sk:80/2016+253/zahradkar-c.012016/,https://web.archive.org/web/20160113184259/http://www.press.sk:80/2016+253/zahradkar-c.012016/,20160113184259,skip
http://www.press.sk:80/2016+253/zahradkar-c.082016/,https://web.archive.org/web/20160802021910/http://www.press.sk:80/2016+253/zahradkar-c.082016/,20160802021910,skip
https://www.press.sk/administrator/components/com_shop/css/edit.svg,https://web.archive.org/web/20200107104002/https://www.press.sk/administrator/components/com_shop/css/edit.svg,20200107104002,skip
https://www.press.sk/administrator/components/com_shop/css/edit.svg,https://web.archive.org/web/20201010192845/https://www.press.sk/administrator/components/com_shop/css/edit.svg,20201010192845,skip
https://www.press.sk/administrator/components/com_shop/css/edit.svg,https://web.archive.org/web/20210121151528/https://www.press.sk/administrator/components/com_shop/css/edit.svg,20210121151528,skip
https://www.press.sk/administrator/components/com_shop/css/edit.svg,https://web.archive.org/web/20210429105335/https://www.press.sk/administrator/components/com_shop/css/edit.svg,20210429105335,skip
https://www.press.sk/administrator/components/com_shop/css/edit.svg,https://web.archive.org/web/20210517043636/https://www.press.sk/administrator/components/com_shop/css/edit.svg,20210517043636,skip
https://www.press.sk/administrator/components/com_shop/css/edit.svg,https://web.archive.org/web/20231116012728/https://www.press.sk/administrator/components/com_shop/css/edit.svg,20231116012728,skip
https://www.press.sk/administrator/components/com_shop/css/edit.svg,https://web.archive.org/web/20240507235040/https://www.press.sk/administrator/components/com_shop/css/edit.svg,20240507235040,skip
https://www.press.sk/administrator/components/com_shop/css/edit.svg,https://web.archive.org/web/20251018104611/https://www.press.sk/administrator/components/com_shop/css/edit.svg,20251018104611,skip
https://www.press.sk/administrator/components/com_shop/html/product_stock_availibility_label/product_stock_availibility_label.js,https://web.archive.org/web/20220617211854/https://www.press.sk/administrator/components/com_shop/html/product_stock_availibility_label/product_stock_availibility_label.js,20220617211854,skip
https://www.press.sk/administrator/components/com_shop/html/product_stock_availibility_label/product_stock_availibility_label.js?1568708891,https://web.archive.org/web/20201009142450/https://www.press.sk/administrator/components/com_shop/html/product_stock_availibility_label/product_stock_availibility_label.js?1568708891,20201009142450,skip
https://www.press.sk/administrator/components/com_shop/html/product_stock_availibility_label/product_stock_availibility_label.js?1568708891,https://web.archive.org/web/20210120083125/https://www.press.sk/administrator/components/com_shop/html/product_stock_availibility_label/product_stock_availibility_label.js?1568708891,20210120083125,skip
https://www.press.sk/administrator/components/com_shop/html/product_stock_availibility_label/product_stock_availibility_label.js?1568708891,https://web.archive.org/web/20210516120120/https://www.press.sk/administrator/components/com_shop/html/product_stock_availibility_label/product_stock_availibility_label.js?1568708891,20210516120120,skip
https://www.press.sk/administrator/components/com_shop/html/product_stock_availibility_label/product_stock_availibility_label.js?1652080323,https://web.archive.org/web/20220617211807/https://www.press.sk/administrator/components/com_shop/html/product_stock_availibility_label/product_stock_availibility_label.js?1652080323,20220617211807,skip
https://www.press.sk/administrator/components/com_shop/html/product_stock_availibility_label/product_stock_availibility_label.js?1662465538,https://web.archive.org/web/20221212000242/https://www.press.sk/administrator/components/com_shop/html/product_stock_availibility_label/product_stock_availibility_label.js?1662465538,20221212000242,skip
https://www.press.sk/administrator/components/com_shop/html/product_stock_availibility_label/product_stock_availibility_label.js?1662465538,https://web.archive.org/web/20221212000256/https://www.press.sk/administrator/components/com_shop/html/product_stock_availibility_label/product_stock_availibility_label.js?1662465538,20221212000256,skip
https://www.press.sk/administrator/components/com_shop/html/product_stock_availibility_label/product_stock_availibility_label.js?1662465538,https://web.archive.org/web/20221221140232/https://www.press.sk/administrator/components/com_shop/html/product_stock_availibility_label/product_stock_availibility_label.js?1662465538,20221221140232,skip
https://www.press.sk/administrator/components/com_shop/html/product_stock_availibility_label/product_stock_availibility_label.js?1675838925,https://web.archive.org/web/20230301194410/https://www.press.sk/administrator/components/com_shop/html/product_stock_availibility_label/product_stock_availibility_label.js?1675838925,20230301194410,skip
https://www.press.sk/administrator/components/com_shop/html/product_stock_availibility_label/product_stock_availibility_label.js?1675838925,https://web.archive.org/web/20230502163149/https://www.press.sk/administrator/components/com_shop/html/product_stock_availibility_label/product_stock_availibility_label.js?1675838925,20230502163149,skip
https://www.press.sk/administrator/components/com_shop/html/product_stock_availibility_label/product_stock_availibility_label.js?1688631968,https://web.archive.org/web/20230711143154/https://www.press.sk/administrator/components/com_shop/html/product_stock_availibility_label/product_stock_availibility_label.js?1688631968,20230711143154,skip
https://www.press.sk/administrator/components/com_shop/html/product_stock_availibility_label/product_stock_availibility_label.js?1694377302,https://web.archive.org/web/20231014163703/https://www.press.sk/administrator/components/com_shop/html/product_stock_availibility_label/product_stock_availibility_label.js?1694377302,20231014163703,skip
https://www.press.sk/administrator/components/com_shop/html/product_stock_availibility_label/product_stock_availibility_label.js?1703681414,https://web.archive.org/web/20240523114015/https://www.press.sk/administrator/components/com_shop/html/product_stock_availibility_label/product_stock_availibility_label.js?1703681414,20240523114015,skip
https://www.press.sk/administrator/components/com_shop/html/product_stock_availibility_label/product_stock_availibility_label.js?473202,https://web.archive.org/web/20251018030355/https://www.press.sk/administrator/components/com_shop/html/product_stock_availibility_label/product_stock_availibility_label.js?473202,20251018030355,skip
https://www.press.sk/administrator/components/com_shop/html/product_stock_availibility_label/product_stock_availibility_label.js?473202=,https://web.archive.org/web/20251112183203/https://www.press.sk/administrator/components/com_shop/html/product_stock_availibility_label/product_stock_availibility_label.js?473202=,20251112183203,skip
https://www.press.sk/administrator/components/com_shop/html/product_stock_availibility_label/product_stock_availibility_label.js?681414,https://web.archive.org/web/20241104094308/https://www.press.sk/administrator/components/com_shop/html/product_stock_availibility_label/product_stock_availibility_label.js?681414,20241104094308,skip
https://www.press.sk/administrator/components/com_shop/html/product_stock_availibility_label/product_stock_availibility_label.js?681414,https://web.archive.org/web/20250312163840/https://www.press.sk/administrator/components/com_shop/html/product_stock_availibility_label/product_stock_availibility_label.js?681414,20250312163840,skip
https://www.press.sk/administrator/components/com_shop/html/product_stock_availibility_label/product_stock_availibility_label.js?68708891,https://web.archive.org/web/20200203085416/https://www.press.sk/administrator/components/com_shop/html/product_stock_availibility_label/product_stock_availibility_label.js?68708891,20200203085416,skip
https://www.press.sk/administrator/components/com_shop/html/product_stock_availibility_label/product_stock_availibility_label.js?68708891,https://web.archive.org/web/20200411111637/https://www.press.sk/administrator/components/com_shop/html/product_stock_availibility_label/product_stock_availibility_label.js?68708891,20200411111637,skip
https://www.press.sk/administrator/images/collapseall.png,https://web.archive.org/web/20171115022815/https://www.press.sk/administrator/images/collapseall.png,20171115022815,skip
https://www.press.sk/administrator/images/collapseall.png,https://web.archive.org/web/20181001044611/https://www.press.sk/administrator/images/collapseall.png,20181001044611,skip
https://www.press.sk/administrator/images/collapseall.png,https://web.archive.org/web/20200107103827/https://www.press.sk/administrator/images/collapseall.png,20200107103827,skip
https://www.press.sk/administrator/images/collapseall.png,https://web.archive.org/web/20201010192928/https://www.press.sk/administrator/images/collapseall.png,20201010192928,skip
https://www.press.sk/administrator/images/collapseall.png,https://web.archive.org/web/20210121151502/https://www.press.sk/administrator/images/collapseall.png,20210121151502,skip
https://www.press.sk/administrator/images/collapseall.png,https://web.archive.org/web/20210429105355/https://www.press.sk/administrator/images/collapseall.png,20210429105355,skip
https://www.press.sk/administrator/images/collapseall.png,https://web.archive.org/web/20210517043625/https://www.press.sk/administrator/images/collapseall.png,20210517043625,skip
https://www.press.sk/administrator/images/collapseall.png,https://web.archive.org/web/20231116012719/https://www.press.sk/administrator/images/collapseall.png,20231116012719,skip
https://www.press.sk/administrator/images/collapseall.png,https://web.archive.org/web/20240507235025/https://www.press.sk/administrator/images/collapseall.png,20240507235025,skip
https://www.press.sk/administrator/images/collapseall.png,https://web.archive.org/web/20251018104558/https://www.press.sk/administrator/images/collapseall.png,20251018104558,skip
https://www.press.sk/administrator/images/expandall.png,https://web.archive.org/web/20171115032618/https://www.press.sk/administrator/images/expandall.png,20171115032618,skip
https://www.press.sk/administrator/images/expandall.png,https://web.archive.org/web/20181001050251/https://www.press.sk/administrator/images/expandall.png,20181001050251,skip
https://www.press.sk/administrator/images/expandall.png,https://web.archive.org/web/20200107103836/https://www.press.sk/administrator/images/expandall.png,20200107103836,skip
https://www.press.sk/administrator/images/expandall.png,https://web.archive.org/web/20201010192928/https://www.press.sk/administrator/images/expandall.png,20201010192928,skip
https://www.press.sk/administrator/images/expandall.png,https://web.archive.org/web/20210121151505/https://www.press.sk/administrator/images/expandall.png,20210121151505,skip
https://www.press.sk/administrator/images/expandall.png,https://web.archive.org/web/20210429105353/https://www.press.sk/administrator/images/expandall.png,20210429105353,skip
https://www.press.sk/administrator/images/expandall.png,https://web.archive.org/web/20210517043625/https://www.press.sk/administrator/images/expandall.png,20210517043625,skip
https://www.press.sk/administrator/images/expandall.png,https://web.archive.org/web/20231116012715/https://www.press.sk/administrator/images/expandall.png,20231116012715,skip
https://www.press.sk/administrator/images/expandall.png,https://web.archive.org/web/20240507235029/https://www.press.sk/administrator/images/expandall.png,20240507235029,skip
https://www.press.sk/administrator/images/expandall.png,https://web.archive.org/web/20251018104556/https://www.press.sk/administrator/images/expandall.png,20251018104556,skip
https://www.press.sk/administrator/images/newsletter_settings.png,https://web.archive.org/web/20171115023115/https://www.press.sk/administrator/images/newsletter_settings.png,20171115023115,skip
https://www.press.sk/administrator/images/newsletter_settings.png,https://web.archive.org/web/20181001050624/https://www.press.sk/administrator/images/newsletter_settings.png,20181001050624,skip
https://www.press.sk/administrator/images/newsletter_settings.png,https://web.archive.org/web/20200107103835/https://www.press.sk/administrator/images/newsletter_settings.png,20200107103835,skip
https://www.press.sk/administrator/images/newsletter_settings.png,https://web.archive.org/web/20201010192931/https://www.press.sk/administrator/images/newsletter_settings.png,20201010192931,skip
https://www.press.sk/administrator/images/newsletter_settings.png,https://web.archive.org/web/20210121151503/https://www.press.sk/administrator/images/newsletter_settings.png,20210121151503,skip
https://www.press.sk/administrator/images/newsletter_settings.png,https://web.archive.org/web/20210429105353/https://www.press.sk/administrator/images/newsletter_settings.png,20210429105353,skip
https://www.press.sk/administrator/images/newsletter_settings.png,https://web.archive.org/web/20210517043623/https://www.press.sk/administrator/images/newsletter_settings.png,20210517043623,skip
https://www.press.sk/administrator/images/newsletter_settings.png,https://web.archive.org/web/20231116012724/https://www.press.sk/administrator/images/newsletter_settings.png,20231116012724,skip
https://www.press.sk/administrator/images/newsletter_settings.png,https://web.archive.org/web/20240507235032/https://www.press.sk/administrator/images/newsletter_settings.png,20240507235032,skip
https://www.press.sk/administrator/images/newsletter_settings.png,https://web.archive.org/web/20251018104554/https://www.press.sk/administrator/images/newsletter_settings.png,20251018104554,skip
https://www.press.sk/administrator/images/orders/payment/ps_paylike.png,https://web.archive.org/web/20200223191244/https://www.press.sk/administrator/images/orders/payment/ps_paylike.png,20200223191244,skip
https://www.press.sk/administrator/images/orders/payment/ps_paylike.png,https://web.archive.org/web/20201010192932/https://www.press.sk/administrator/images/orders/payment/ps_paylike.png,20201010192932,skip
https://www.press.sk/administrator/images/orders/payment/ps_paylike.png,https://web.archive.org/web/20210121151506/https://www.press.sk/administrator/images/orders/payment/ps_paylike.png,20210121151506,skip
https://www.press.sk/administrator/images/orders/payment/ps_paylike.png,https://web.archive.org/web/20210429105354/https://www.press.sk/administrator/images/orders/payment/ps_paylike.png,20210429105354,skip
https://www.press.sk/administrator/images/orders/payment/ps_paylike.png,https://web.archive.org/web/20210517043622/https://www.press.sk/administrator/images/orders/payment/ps_paylike.png,20210517043622,skip
https://www.press.sk/administrator/images/orders/payment/ps_paylike.png,https://web.archive.org/web/20231116012724/https://www.press.sk/administrator/images/orders/payment/ps_paylike.png,20231116012724,skip
https://www.press.sk/administrator/images/orders/payment/ps_paylike.png,https://web.archive.org/web/20240507235035/https://www.press.sk/administrator/images/orders/payment/ps_paylike.png,20240507235035,skip
https://www.press.sk/administrator/images/orders/payment/ps_paylike.png,https://web.archive.org/web/20251018104556/https://www.press.sk/administrator/images/orders/payment/ps_paylike.png,20251018104556,skip
https://www.press.sk/administrator/images/unavailable_product.svg,https://web.archive.org/web/20171115030452/https://www.press.sk/administrator/images/unavailable_product.svg,20171115030452,skip
https://www.press.sk/administrator/images/unavailable_product.svg,https://web.archive.org/web/20181001051122/https://www.press.sk/administrator/images/unavailable_product.svg,20181001051122,skip
https://www.press.sk/administrator/images/unavailable_product.svg,https://web.archive.org/web/20200107103839/https://www.press.sk/administrator/images/unavailable_product.svg,20200107103839,skip
https://www.press.sk/administrator/images/unavailable_product.svg,https://web.archive.org/web/20201010192928/https://www.press.sk/administrator/images/unavailable_product.svg,20201010192928,skip
https://www.press.sk/administrator/images/unavailable_product.svg,https://web.archive.org/web/20210121151503/https://www.press.sk/administrator/images/unavailable_product.svg,20210121151503,skip
https://www.press.sk/administrator/images/unavailable_product.svg,https://web.archive.org/web/20210429105355/https://www.press.sk/administrator/images/unavailable_product.svg,20210429105355,skip
https://www.press.sk/administrator/images/unavailable_product.svg,https://web.archive.org/web/20210517043622/https://www.press.sk/administrator/images/unavailable_product.svg,20210517043622,skip
https://www.press.sk/administrator/images/unavailable_product.svg,https://web.archive.org/web/20231116012714/https://www.press.sk/administrator/images/unavailable_product.svg,20231116012714,skip
https://www.press.sk/administrator/images/unavailable_product.svg,https://web.archive.org/web/20240507235029/https://www.press.sk/administrator/images/unavailable_product.svg,20240507235029,skip
https://www.press.sk/administrator/images/unavailable_product.svg,https://web.archive.org/web/20251018104556/https://www.press.sk/administrator/images/unavailable_product.svg,20251018104556,skip
http://www.press.sk/aerohobby/,https://web.archive.org/web/20130511022437/http://www.press.sk/aerohobby/,20130511022437,skip
http://www.press.sk:80/aerohobby/,https://web.archive.org/web/20130727032920/http://www.press.sk:80/aerohobby/,20130727032920,skip
http://www.press.sk:80/aerohobby/,https://web.archive.org/web/20140110120858/http://www.press.sk:80/aerohobby/,20140110120858,skip
http://www.press.sk:80/aerohobby,https://web.archive.org/web/20150131064821/http://www.press.sk:80/aerohobby,20150131064821,skip
http://www.press.sk:80/aerohobby/,https://web.archive.org/web/20150203032328/http://www.press.sk:80/aerohobby/,20150203032328,skip
http://www.press.sk:80/aerohobby/,https://web.archive.org/web/20150910123815/http://www.press.sk:80/aerohobby/,20150910123815,skip
http://www.press.sk/aerohobby/,https://web.archive.org/web/20160407093341/http://www.press.sk/aerohobby/,20160407093341,skip
http://www.press.sk:80/aerohobby/,https://web.archive.org/web/20160511004357/http://www.press.sk:80/aerohobby/,20160511004357,skip
http://www.press.sk:80/aerohobby/,https://web.archive.org/web/20161001193257/http://www.press.sk:80/aerohobby/,20161001193257,skip
http://www.press.sk/aerohobby/,https://web.archive.org/web/20161104065932/http://www.press.sk/aerohobby/,20161104065932,skip
https://www.press.sk/aerohobby/,https://web.archive.org/web/20190826033305/https://www.press.sk/aerohobby/,20190826033305,skip
https://www.press.sk/aerohobby/,https://web.archive.org/web/20191019104904/https://www.press.sk/aerohobby/,20191019104904,skip
https://www.press.sk/aerohobby/,https://web.archive.org/web/20191206231955/https://www.press.sk/aerohobby/,20191206231955,skip
https://www.press.sk/aerohobby/,https://web.archive.org/web/20221212000254/https://www.press.sk/aerohobby/,20221212000254,skip
https://www.press.sk/aerohobby/,https://web.archive.org/web/20230311055243/https://www.press.sk/aerohobby/,20230311055243,skip
https://www.press.sk/aerohobby/,https://web.archive.org/web/20230624065721/https://www.press.sk/aerohobby/,20230624065721,skip
http://www.press.sk/aerohobby/aerohobby/,https://web.archive.org/web/20130623042125/http://www.press.sk/aerohobby/aerohobby/,20130623042125,skip
http://www.press.sk:80/aerohobby/aerohobby/,https://web.archive.org/web/20150203024438/http://www.press.sk:80/aerohobby/aerohobby/,20150203024438,skip
http://www.press.sk/aerohobby/aerohobby/,https://web.archive.org/web/20160319091439/http://www.press.sk/aerohobby/aerohobby/,20160319091439,skip
http://www.press.sk/aerohobby/aerohobby/,https://web.archive.org/web/20160328120752/http://www.press.sk/aerohobby/aerohobby/,20160328120752,skip
http://www.press.sk:80/aerohobby/aerohobby/,https://web.archive.org/web/20160720050858/http://www.press.sk:80/aerohobby/aerohobby/,20160720050858,skip
http://www.press.sk/aerohobby/aerohobby/,https://web.archive.org/web/20170415025916/http://www.press.sk/aerohobby/aerohobby/,20170415025916,skip
https://www.press.sk/aerohobby/aerohobby/,https://web.archive.org/web/20190724005814/https://www.press.sk/aerohobby/aerohobby/,20190724005814,skip
https://www.press.sk/aerohobby/aerohobby/,https://web.archive.org/web/20190820060716/https://www.press.sk/aerohobby/aerohobby/,20190820060716,skip
https://www.press.sk/aerohobby/aerohobby/,https://web.archive.org/web/20191017060316/https://www.press.sk/aerohobby/aerohobby/,20191017060316,skip
https://www.press.sk/aerohobby/aerohobby/,https://web.archive.org/web/20191019111710/https://www.press.sk/aerohobby/aerohobby/,20191019111710,skip
https://www.press.sk/aerohobby/aerohobby/,https://web.archive.org/web/20230319015235/https://www.press.sk/aerohobby/aerohobby/,20230319015235,skip
http://www.press.sk/aerohobby/aerohobby-42012/,https://web.archive.org/web/20130623012550/http://www.press.sk/aerohobby/aerohobby-42012/,20130623012550,skip
http://www.press.sk:80/aerohobby/aerohobby-42012/,https://web.archive.org/web/20150204025032/http://www.press.sk:80/aerohobby/aerohobby-42012/,20150204025032,skip
http://www.press.sk/aerohobby/aerohobby-42012/,https://web.archive.org/web/20170415030842/http://www.press.sk/aerohobby/aerohobby-42012/,20170415030842,skip
http://www.press.sk/aerohobby/aerohobby-52012/,https://web.archive.org/web/20130623015825/http://www.press.sk/aerohobby/aerohobby-52012/,20130623015825,skip
http://www.press.sk:80/aerohobby/aerohobby-52012/,https://web.archive.org/web/20150204025616/http://www.press.sk:80/aerohobby/aerohobby-52012/,20150204025616,skip
http://www.press.sk/aerohobby/aerohobby-52012/,https://web.archive.org/web/20170414170732/http://www.press.sk/aerohobby/aerohobby-52012/,20170414170732,skip
http://www.press.sk/aerohobby/aerohobby-c.012013/,https://web.archive.org/web/20130623023313/http://www.press.sk/aerohobby/aerohobby-c.012013/,20130623023313,skip
http://www.press.sk:80/aerohobby/aerohobby-c.012013/,https://web.archive.org/web/20150203024413/http://www.press.sk:80/aerohobby/aerohobby-c.012013/,20150203024413,skip
http://www.press.sk/aerohobby/aerohobby-c.012013/,https://web.archive.org/web/20170414205558/http://www.press.sk/aerohobby/aerohobby-c.012013/,20170414205558,skip
http://www.press.sk:80/aerohobby/aerohobby-c.012014/,https://web.archive.org/web/20150203032313/http://www.press.sk:80/aerohobby/aerohobby-c.012014/,20150203032313,skip
http://www.press.sk:80/aerohobby/aerohobby-c.012015/,https://web.archive.org/web/20150203032637/http://www.press.sk:80/aerohobby/aerohobby-c.012015/,20150203032637,skip
http://www.press.sk/aerohobby/aerohobby-c.012016/,https://web.archive.org/web/20170415031038/http://www.press.sk/aerohobby/aerohobby-c.012016/,20170415031038,skip
http://www.press.sk/aerohobby/aerohobby-c.022013/,https://web.archive.org/web/20130623044943/http://www.press.sk/aerohobby/aerohobby-c.022013/,20130623044943,skip
http://www.press.sk:80/aerohobby/aerohobby-c.022013/,https://web.archive.org/web/20150203032645/http://www.press.sk:80/aerohobby/aerohobby-c.022013/,20150203032645,skip
http://www.press.sk:80/aerohobby/aerohobby-c.022014/,https://web.archive.org/web/20150204025631/http://www.press.sk:80/aerohobby/aerohobby-c.022014/,20150204025631,skip
http://www.press.sk/aerohobby/aerohobby-c.022014/,https://web.archive.org/web/20170414150730/http://www.press.sk/aerohobby/aerohobby-c.022014/,20170414150730,skip
http://www.press.sk/aerohobby/aerohobby-c.022015/,https://web.archive.org/web/20170414205848/http://www.press.sk/aerohobby/aerohobby-c.022015/,20170414205848,skip
http://www.press.sk/aerohobby/aerohobby-c.022016/,https://web.archive.org/web/20170415000407/http://www.press.sk/aerohobby/aerohobby-c.022016/,20170415000407,skip
http://www.press.sk:80/aerohobby/aerohobby-c.032013/,https://web.archive.org/web/20150203032333/http://www.press.sk:80/aerohobby/aerohobby-c.032013/,20150203032333,skip
http://www.press.sk/aerohobby/aerohobby-c.032013/,https://web.archive.org/web/20170415032133/http://www.press.sk/aerohobby/aerohobby-c.032013/,20170415032133,skip
http://www.press.sk:80/aerohobby/aerohobby-c.032014/,https://web.archive.org/web/20150204025637/http://www.press.sk:80/aerohobby/aerohobby-c.032014/,20150204025637,skip
http://www.press.sk/aerohobby/aerohobby-c.032014/,https://web.archive.org/web/20170414222911/http://www.press.sk/aerohobby/aerohobby-c.032014/,20170414222911,skip
http://www.press.sk:80/aerohobby/aerohobby-c.042013/,https://web.archive.org/web/20150203030936/http://www.press.sk:80/aerohobby/aerohobby-c.042013/,20150203030936,skip
http://www.press.sk/aerohobby/aerohobby-c.042013/,https://web.archive.org/web/20170414210852/http://www.press.sk/aerohobby/aerohobby-c.042013/,20170414210852,skip
http://www.press.sk:80/aerohobby/aerohobby-c.042014/,https://web.archive.org/web/20150204025652/http://www.press.sk:80/aerohobby/aerohobby-c.042014/,20150204025652,skip
http://www.press.sk/aerohobby/aerohobby-c.042014/,https://web.archive.org/web/20170414210022/http://www.press.sk/aerohobby/aerohobby-c.042014/,20170414210022,skip
http://www.press.sk/aerohobby/aerohobby-c.042015/,https://web.archive.org/web/20170414210403/http://www.press.sk/aerohobby/aerohobby-c.042015/,20170414210403,skip
http://www.press.sk:80/aerohobby/aerohobby-c.052013/,https://web.archive.org/web/20150203032352/http://www.press.sk:80/aerohobby/aerohobby-c.052013/,20150203032352,skip
http://www.press.sk:80/aerohobby/aerohobby-c.052014/,https://web.archive.org/web/20150203032416/http://www.press.sk:80/aerohobby/aerohobby-c.052014/,20150203032416,skip
http://www.press.sk/aerohobby/aerohobby-c.052014/,https://web.archive.org/web/20170414215942/http://www.press.sk/aerohobby/aerohobby-c.052014/,20170414215942,skip
http://www.press.sk/aerohobby/aerohobby-c.052015/,https://web.archive.org/web/20170415031545/http://www.press.sk/aerohobby/aerohobby-c.052015/,20170415031545,skip
http://www.press.sk/aerohobby/aerohobby-c.052016/,https://web.archive.org/web/20170414172245/http://www.press.sk/aerohobby/aerohobby-c.052016/,20170414172245,skip
http://www.press.sk:80/aerohobby/aerohobby-c.062013/,https://web.archive.org/web/20150203032709/http://www.press.sk:80/aerohobby/aerohobby-c.062013/,20150203032709,skip
http://www.press.sk/aerohobby/aerohobby-c.062013/,https://web.archive.org/web/20170415031607/http://www.press.sk/aerohobby/aerohobby-c.062013/,20170415031607,skip
http://www.press.sk/aerohobby/aerohobby-c.12012/,https://web.archive.org/web/20130623014942/http://www.press.sk/aerohobby/aerohobby-c.12012/,20130623014942,skip
http://www.press.sk:80/aerohobby/aerohobby-c.12012/,https://web.archive.org/web/20150204025657/http://www.press.sk:80/aerohobby/aerohobby-c.12012/,20150204025657,skip
http://www.press.sk/aerohobby/aerohobby-c.12012/,https://web.archive.org/web/20170415031413/http://www.press.sk/aerohobby/aerohobby-c.12012/,20170415031413,skip
http://www.press.sk/aerohobby/aerohobby-c.22012/,https://web.archive.org/web/20130623040946/http://www.press.sk/aerohobby/aerohobby-c.22012/,20130623040946,skip
http://www.press.sk:80/aerohobby/aerohobby-c.22012/,https://web.archive.org/web/20150203032423/http://www.press.sk:80/aerohobby/aerohobby-c.22012/,20150203032423,skip
http://www.press.sk/aerohobby/aerohobby-c.22012/,https://web.archive.org/web/20170414211850/http://www.press.sk/aerohobby/aerohobby-c.22012/,20170414211850,skip
http://www.press.sk/aerohobby/aerohobby-c.32012/,https://web.archive.org/web/20130623042139/http://www.press.sk/aerohobby/aerohobby-c.32012/,20130623042139,skip
http://www.press.sk:80/aerohobby/aerohobby-c.32012/,https://web.archive.org/web/20150204025119/http://www.press.sk:80/aerohobby/aerohobby-c.32012/,20150204025119,skip
http://www.press.sk/aerohobby/aerohobby-c.32012/,https://web.archive.org/web/20170414210119/http://www.press.sk/aerohobby/aerohobby-c.32012/,20170414210119,skip
http://www.press.sk/aerohobby/aerohobby-c.62012/,https://web.archive.org/web/20130623045611/http://www.press.sk/aerohobby/aerohobby-c.62012/,20130623045611,skip
http://www.press.sk:80/aerohobby/aerohobby-c.62012/,https://web.archive.org/web/20150203031002/http://www.press.sk:80/aerohobby/aerohobby-c.62012/,20150203031002,skip
http://www.press.sk/aerohobby/aerohobby-c.62012/,https://web.archive.org/web/20170414150555/http://www.press.sk/aerohobby/aerohobby-c.62012/,20170414150555,skip
http://www.press.sk:80/aerohobby/aerohobby-c.62014/,https://web.archive.org/web/20150203024419/http://www.press.sk:80/aerohobby/aerohobby-c.62014/,20150203024419,skip
http://www.press.sk/aerohobby/aerohobby-c.62014/,https://web.archive.org/web/20170414195845/http://www.press.sk/aerohobby/aerohobby-c.62014/,20170414195845,skip
https://www.press.sk/aerohobby/aerohobby/?utm_source=newsletter&utm_campaign=Januar_2014&utm_medium=archive,https://web.archive.org/web/20190821050802/https://www.press.sk/aerohobby/aerohobby/?utm_source=newsletter&utm_campaign=Januar_2014&utm_medium=archive,20190821050802,skip
https://www.press.sk/aerohobby/aerohobby/?utm_source=newsletter&utm_campaign=November_2013&utm_medium=archive,https://web.archive.org/web/20190821051609/https://www.press.sk/aerohobby/aerohobby/?utm_source=newsletter&utm_campaign=November_2013&utm_medium=archive,20190821051609,skip
http://www.press.sk/aerohobby/lk-max-2017/,https://web.archive.org/web/20170415031405/http://www.press.sk/aerohobby/lk-max-2017/,20170415031405,skip
"http://www.press.sk/aerohobby/o,a,30,30/","https://web.archive.org/web/20170414183817/http://www.press.sk/aerohobby/o,a,30,30/",20170414183817,skip
http://www.press.sk:80/aeskulap-pre-lekarov-a-odbornu-verejnost/,https://web.archive.org/web/20150901182137/http://www.press.sk:80/aeskulap-pre-lekarov-a-odbornu-verejnost/,20150901182137,skip
http://www.press.sk/aeskulap-pre-lekarov-a-odbornu-verejnost/,https://web.archive.org/web/20160802161342/http://www.press.sk/aeskulap-pre-lekarov-a-odbornu-verejnost/,20160802161342,skip
http://www.press.sk:80/aeskulap-pre-lekarov-a-odbornu-verejnost,https://web.archive.org/web/20170109195720/http://www.press.sk:80/aeskulap-pre-lekarov-a-odbornu-verejnost,20170109195720,skip
http://www.press.sk:80/aeskulap-pre-lekarov-a-odbornu-verejnost/,https://web.archive.org/web/20170114184957/http://www.press.sk:80/aeskulap-pre-lekarov-a-odbornu-verejnost/,20170114184957,skip
https://www.press.sk/akcia/,https://web.archive.org/web/20191015070324/https://www.press.sk/akcia/,20191015070324,skip
https://www.press.sk/akcia/,https://web.archive.org/web/20230311055322/https://www.press.sk/akcia/,20230311055322,skip
http://www.press.sk:80/akcie/,https://web.archive.org/web/20081023181342/http://www.press.sk:80/akcie/,20081023181342,skip
http://www.press.sk:80/akcie/,https://web.archive.org/web/20081101031230/http://www.press.sk:80/akcie/,20081101031230,skip
http://www.press.sk:80/akcie/,https://web.archive.org/web/20081101031230/http://www.press.sk:80/akcie/,20081101031230,skip
http://www.press.sk:80/akcie/,https://web.archive.org/web/20081217074115/http://www.press.sk:80/akcie/,20081217074115,skip
http://www.press.sk:80/akcie,https://web.archive.org/web/20090125012807/http://www.press.sk:80/akcie,20090125012807,skip
http://www.press.sk:80/akcie/,https://web.archive.org/web/20090215175020/http://www.press.sk:80/akcie/,20090215175020,skip
http://www.press.sk:80/akcie,https://web.archive.org/web/20090224202018/http://www.press.sk:80/akcie,20090224202018,skip
http://www.press.sk:80/akcie,https://web.archive.org/web/20090327124845/http://www.press.sk:80/akcie,20090327124845,skip
http://www.press.sk:80/akcie/,https://web.archive.org/web/20090417044022/http://www.press.sk:80/akcie/,20090417044022,skip
http://www.press.sk:80/akcie,https://web.archive.org/web/20090428020234/http://www.press.sk:80/akcie,20090428020234,skip
http://www.press.sk:80/akcie,https://web.archive.org/web/20090529054642/http://www.press.sk:80/akcie,20090529054642,skip
http://www.press.sk:80/akcie/,https://web.archive.org/web/20090617043618/http://www.press.sk:80/akcie/,20090617043618,skip
http://www.press.sk:80/akcie/,https://web.archive.org/web/20090817143113/http://www.press.sk:80/akcie/,20090817143113,skip
http://www.press.sk:80/akcie/,https://web.archive.org/web/20091017164954/http://www.press.sk:80/akcie/,20091017164954,skip
http://www.press.sk:80/akcie/,https://web.archive.org/web/20091217091327/http://www.press.sk:80/akcie/,20091217091327,skip
http://www.press.sk:80/akcie/,https://web.archive.org/web/20091217091327/http://www.press.sk:80/akcie/,20091217091327,skip
http://www.press.sk:80/akcie,https://web.archive.org/web/20100107135212/http://www.press.sk:80/akcie,20100107135212,skip
http://www.press.sk:80/akcie,https://web.archive.org/web/20100107135212/http://www.press.sk:80/akcie,20100107135212,skip
http://www.press.sk:80/akcie/,https://web.archive.org/web/20100215193438/http://www.press.sk:80/akcie/,20100215193438,skip
http://www.press.sk:80/akcie/,https://web.archive.org/web/20100417091613/http://www.press.sk:80/akcie/,20100417091613,skip
http://www.press.sk:80/akcie/,https://web.archive.org/web/20100417091613/http://www.press.sk:80/akcie/,20100417091613,skip
http://www.press.sk:80/akcie,https://web.archive.org/web/20100503112540/http://www.press.sk:80/akcie,20100503112540,skip
http://www.press.sk:80/akcie,https://web.archive.org/web/20100604015453/http://www.press.sk:80/akcie,20100604015453,skip
http://www.press.sk:80/akcie/,https://web.archive.org/web/20100616213620/http://www.press.sk:80/akcie/,20100616213620,skip
http://www.press.sk:80/akcie,https://web.archive.org/web/20100707115534/http://www.press.sk:80/akcie,20100707115534,skip
http://www.press.sk:80/akcie/,https://web.archive.org/web/20100816223112/http://www.press.sk:80/akcie/,20100816223112,skip
http://www.press.sk:80/akcie,https://web.archive.org/web/20100823223248/http://www.press.sk:80/akcie,20100823223248,skip
http://www.press.sk:80/akcie,https://web.archive.org/web/20100923234906/http://www.press.sk:80/akcie,20100923234906,skip
http://www.press.sk:80/akcie/,https://web.archive.org/web/20101016131919/http://www.press.sk:80/akcie/,20101016131919,skip
http://www.press.sk:80/akcie,https://web.archive.org/web/20101110084631/http://www.press.sk:80/akcie,20101110084631,skip
http://www.press.sk:80/akcie,https://web.archive.org/web/20101211175006/http://www.press.sk:80/akcie,20101211175006,skip
http://www.press.sk:80/akcie/,https://web.archive.org/web/20101216164902/http://www.press.sk:80/akcie/,20101216164902,skip
http://www.press.sk:80/akcie,https://web.archive.org/web/20110114213414/http://www.press.sk:80/akcie,20110114213414,skip
http://www.press.sk:80/akcie/,https://web.archive.org/web/20110215123423/http://www.press.sk:80/akcie/,20110215123423,skip
http://www.press.sk:80/akcie,https://web.archive.org/web/20110414233418/http://www.press.sk:80/akcie,20110414233418,skip
http://www.press.sk:80/akcie,https://web.archive.org/web/20110416032944/http://www.press.sk:80/akcie,20110416032944,skip
http://www.press.sk:80/akcie/,https://web.archive.org/web/20110417014536/http://www.press.sk:80/akcie/,20110417014536,skip
http://www.press.sk:80/akcie,https://web.archive.org/web/20110517211432/http://www.press.sk:80/akcie,20110517211432,skip
http://www.press.sk:80/akcie/,https://web.archive.org/web/20110617073018/http://www.press.sk:80/akcie/,20110617073018,skip
http://www.press.sk:80/akcie/,https://web.archive.org/web/20110817090340/http://www.press.sk:80/akcie/,20110817090340,skip
http://www.press.sk:80/akcie/,https://web.archive.org/web/20111019024306/http://www.press.sk:80/akcie/,20111019024306,skip
http://www.press.sk:80/akcie/,https://web.archive.org/web/20111218190853/http://www.press.sk:80/akcie/,20111218190853,skip
http://www.press.sk/akcie/,https://web.archive.org/web/20120208152902/http://www.press.sk/akcie/,20120208152902,skip
http://www.press.sk:80/akcie/,https://web.archive.org/web/20120217084825/http://www.press.sk:80/akcie/,20120217084825,skip
http://www.press.sk/akcie/,https://web.archive.org/web/20120307113118/http://www.press.sk/akcie/,20120307113118,skip
http://www.press.sk:80/akcie/,https://web.archive.org/web/20120418030156/http://www.press.sk:80/akcie/,20120418030156,skip
http://www.press.sk:80/akcie/,https://web.archive.org/web/20120617202236/http://www.press.sk:80/akcie/,20120617202236,skip
http://www.press.sk:80/akcie,https://web.archive.org/web/20120702112459/http://www.press.sk:80/akcie,20120702112459,skip
http://www.press.sk:80/akcie/,https://web.archive.org/web/20120817133150/http://www.press.sk:80/akcie/,20120817133150,skip
http://www.press.sk:80/akcie,https://web.archive.org/web/20120826192413/http://www.press.sk:80/akcie,20120826192413,skip
http://www.press.sk:80/akcie/,https://web.archive.org/web/20121017235327/http://www.press.sk:80/akcie/,20121017235327,skip
http://www.press.sk:80/akcie,https://web.archive.org/web/20121103185830/http://www.press.sk:80/akcie,20121103185830,skip
http://www.press.sk:80/akcie/,https://web.archive.org/web/20121217201247/http://www.press.sk:80/akcie/,20121217201247,skip
http://www.press.sk:80/akcie,https://web.archive.org/web/20121228213831/http://www.press.sk:80/akcie,20121228213831,skip
http://www.press.sk:80/akcie/,https://web.archive.org/web/20130217163918/http://www.press.sk:80/akcie/,20130217163918,skip
http://www.press.sk:80/akcie,https://web.archive.org/web/20130330054422/http://www.press.sk:80/akcie,20130330054422,skip
http://www.press.sk/akcie/,https://web.archive.org/web/20130425061326/http://www.press.sk/akcie/,20130425061326,skip
http://www.press.sk:80/akcie/,https://web.archive.org/web/20130510202227/http://www.press.sk:80/akcie/,20130510202227,skip
http://www.press.sk:80/akcie,https://web.archive.org/web/20130530180814/http://www.press.sk:80/akcie,20130530180814,skip
http://www.press.sk:80/akcie/,https://web.archive.org/web/20130711075441/http://www.press.sk:80/akcie/,20130711075441,skip
http://www.press.sk/akcie/,https://web.archive.org/web/20130906155222/http://www.press.sk/akcie/,20130906155222,skip
http://www.press.sk:80/akcie/,https://web.archive.org/web/20130910044633/http://www.press.sk:80/akcie/,20130910044633,skip
http://www.press.sk:80/akcie/,https://web.archive.org/web/20131109180934/http://www.press.sk:80/akcie/,20131109180934,skip
http://www.press.sk:80/akcie/,https://web.archive.org/web/20140109074746/http://www.press.sk:80/akcie/,20140109074746,skip
http://www.press.sk/akcie/,https://web.archive.org/web/20140117045410/http://www.press.sk/akcie/,20140117045410,skip
http://www.press.sk/akcie/,https://web.archive.org/web/20140214095639/http://www.press.sk/akcie/,20140214095639,skip
http://www.press.sk:80/akcie/,https://web.archive.org/web/20140311052538/http://www.press.sk:80/akcie/,20140311052538,skip
http://www.press.sk:80/akcie/,https://web.archive.org/web/20140506170453/http://www.press.sk:80/akcie/,20140506170453,skip
http://www.press.sk:80/akcie/,https://web.archive.org/web/20140706121231/http://www.press.sk:80/akcie/,20140706121231,skip
http://www.press.sk/akcie/,https://web.archive.org/web/20140813014104/http://www.press.sk/akcie/,20140813014104,skip
http://www.press.sk/akcie/,https://web.archive.org/web/20140818185059/http://www.press.sk/akcie/,20140818185059,skip
http://www.press.sk:80/akcie/,https://web.archive.org/web/20140905012844/http://www.press.sk:80/akcie/,20140905012844,skip
http://www.press.sk:80/akcie/,https://web.archive.org/web/20141006014642/http://www.press.sk:80/akcie/,20141006014642,skip
http://www.press.sk:80/akcie/,https://web.archive.org/web/20141208004145/http://www.press.sk:80/akcie/,20141208004145,skip
http://www.press.sk/akcie/,https://web.archive.org/web/20150204002041/http://www.press.sk/akcie/,20150204002041,skip
http://www.press.sk:80/akcie/,https://web.archive.org/web/20150304045135/http://www.press.sk:80/akcie/,20150304045135,skip
http://www.press.sk:80/akcie,https://web.archive.org/web/20150411005405/http://www.press.sk:80/akcie,20150411005405,skip
http://www.press.sk:80/akcie,https://web.archive.org/web/20150412090654/http://www.press.sk:80/akcie,20150412090654,skip
http://www.press.sk/akcie/,https://web.archive.org/web/20150418192524/http://www.press.sk/akcie/,20150418192524,skip
http://www.press.sk:80/akcie/,https://web.archive.org/web/20150504015728/http://www.press.sk:80/akcie/,20150504015728,skip
http://www.press.sk:80/akcie/,https://web.archive.org/web/20150505143430/http://www.press.sk:80/akcie/,20150505143430,skip
http://www.press.sk:80/akcie/,https://web.archive.org/web/20150509194031/http://www.press.sk:80/akcie/,20150509194031,skip
http://www.press.sk:80/akcie,https://web.archive.org/web/20150515065712/http://www.press.sk:80/akcie,20150515065712,skip
http://www.press.sk:80/akcie,https://web.archive.org/web/20150617041228/http://www.press.sk:80/akcie,20150617041228,skip
http://www.press.sk:80/akcie/,https://web.archive.org/web/20150709105607/http://www.press.sk:80/akcie/,20150709105607,skip
http://www.press.sk:80/akcie,https://web.archive.org/web/20150717124112/http://www.press.sk:80/akcie,20150717124112,skip
http://www.press.sk/akcie/,https://web.archive.org/web/20150811233017/http://www.press.sk/akcie/,20150811233017,skip
http://www.press.sk:80/akcie,https://web.archive.org/web/20150817063449/http://www.press.sk:80/akcie,20150817063449,skip
http://www.press.sk:80/akcie/,https://web.archive.org/web/20150907181435/http://www.press.sk:80/akcie/,20150907181435,skip
http://www.press.sk:80/akcie,https://web.archive.org/web/20150917050103/http://www.press.sk:80/akcie,20150917050103,skip
http://www.press.sk:80/akcie/,https://web.archive.org/web/20151107124824/http://www.press.sk:80/akcie/,20151107124824,skip
http://www.press.sk:80/akcie/,https://web.archive.org/web/20160107030817/http://www.press.sk:80/akcie/,20160107030817,skip
http://www.press.sk/akcie/,https://web.archive.org/web/20160207183414/http://www.press.sk/akcie/,20160207183414,skip
http://www.press.sk:80/akcie/,https://web.archive.org/web/20160308034716/http://www.press.sk:80/akcie/,20160308034716,skip
http://www.press.sk/akcie/,https://web.archive.org/web/20160324111954/http://www.press.sk/akcie/,20160324111954,skip
http://www.press.sk:80/akcie,https://web.archive.org/web/20160331204339/http://www.press.sk:80/akcie,20160331204339,skip
http://www.press.sk/akcie/,https://web.archive.org/web/20160403111458/http://www.press.sk/akcie/,20160403111458,skip
http://www.press.sk:80/akcie/,https://web.archive.org/web/20160508110915/http://www.press.sk:80/akcie/,20160508110915,skip
http://www.press.sk:80/akcie,https://web.archive.org/web/20160511015952/http://www.press.sk:80/akcie,20160511015952,skip
http://www.press.sk:80/akcie/,https://web.archive.org/web/20160708062004/http://www.press.sk:80/akcie/,20160708062004,skip
http://www.press.sk:80/akcie/,https://web.archive.org/web/20160907205852/http://www.press.sk:80/akcie/,20160907205852,skip
http://www.press.sk/akcie/,https://web.archive.org/web/20161030104914/http://www.press.sk/akcie/,20161030104914,skip
http://www.press.sk:80/akcie/,https://web.archive.org/web/20161107113929/http://www.press.sk:80/akcie/,20161107113929,skip
http://www.press.sk:80/akcie/,https://web.archive.org/web/20161108195141/http://www.press.sk:80/akcie/,20161108195141,skip
http://www.press.sk:80/akcie/,https://web.archive.org/web/20161122115516/http://www.press.sk:80/akcie/,20161122115516,skip
http://www.press.sk:80/akcie/,https://web.archive.org/web/20170125153817/http://www.press.sk:80/akcie/,20170125153817,skip
http://www.press.sk:80/akcie/,https://web.archive.org/web/20170328025559/http://www.press.sk:80/akcie/,20170328025559,skip
http://www.press.sk:80/akcie,https://web.archive.org/web/20170509065904/http://www.press.sk:80/akcie,20170509065904,skip
http://www.press.sk:80/akcie/,https://web.archive.org/web/20170527212957/http://www.press.sk:80/akcie/,20170527212957,skip
http://www.press.sk/akcie/,https://web.archive.org/web/20170606121745/http://www.press.sk/akcie/,20170606121745,skip
http://www.press.sk:80/akcie,https://web.archive.org/web/20170609150416/http://www.press.sk:80/akcie,20170609150416,skip
https://www.press.sk/akcie/,https://web.archive.org/web/20190819105526/https://www.press.sk/akcie/,20190819105526,skip
https://www.press.sk/akcie/,https://web.archive.org/web/20191019104526/https://www.press.sk/akcie/,20191019104526,skip
https://www.press.sk/akcie/,https://web.archive.org/web/20191114173913/https://www.press.sk/akcie/,20191114173913,skip
https://www.press.sk/akcie/,https://web.archive.org/web/20221212000311/https://www.press.sk/akcie/,20221212000311,skip
https://www.press.sk/akcie/,https://web.archive.org/web/20230311055242/https://www.press.sk/akcie/,20230311055242,skip
https://www.press.sk/akcie/,https://web.archive.org/web/20230624092649/https://www.press.sk/akcie/,20230624092649,skip
https://www.press.sk/akcie/,https://web.archive.org/web/20240523113944/https://www.press.sk/akcie/,20240523113944,skip
https://www.press.sk/akcie/auta-mater-na-mesiaci-a-ine-historky/,https://web.archive.org/web/20190918204207/https://www.press.sk/akcie/auta-mater-na-mesiaci-a-ine-historky/,20190918204207,skip
https://www.press.sk/akcie/macko-puf-medova-dobrodruzstva/,https://web.archive.org/web/20190918204717/https://www.press.sk/akcie/macko-puf-medova-dobrodruzstva/,20190918204717,skip
https://www.press.sk/akcie/nordic/,https://web.archive.org/web/20191210045805/https://www.press.sk/akcie/nordic/,20191210045805,skip
https://www.press.sk/akcie/tomas-a-jeho-kamarati-velka-kniha-zabavy/,https://web.archive.org/web/20190916210542/https://www.press.sk/akcie/tomas-a-jeho-kamarati-velka-kniha-zabavy/,20190916210542,skip
https://www.press.sk/akcne-a-dobrodruzne/,https://web.archive.org/web/20170731041909/https://www.press.sk/akcne-a-dobrodruzne/,20170731041909,skip
https://www.press.sk/akcne-a-dobrodruzne/,https://web.archive.org/web/20190718202933/https://www.press.sk/akcne-a-dobrodruzne/,20190718202933,skip
https://www.press.sk/akcne-a-dobrodruzne/,https://web.archive.org/web/20190923141637/https://www.press.sk/akcne-a-dobrodruzne/,20190923141637,skip
https://www.press.sk/akcne-a-dobrodruzne/,https://web.archive.org/web/20191115062049/https://www.press.sk/akcne-a-dobrodruzne/,20191115062049,skip
https://www.press.sk/akcne-a-dobrodruzne/,https://web.archive.org/web/20230311055250/https://www.press.sk/akcne-a-dobrodruzne/,20230311055250,skip
https://www.press.sk/akcne-a-dobrodruzne/72-metru/,https://web.archive.org/web/20190825224221/https://www.press.sk/akcne-a-dobrodruzne/72-metru/,20190825224221,skip
https://www.press.sk/akcne-a-dobrodruzne/72-metru/,https://web.archive.org/web/20190918014445/https://www.press.sk/akcne-a-dobrodruzne/72-metru/,20190918014445,skip
https://www.press.sk/akcne-a-dobrodruzne/72-metru/,https://web.archive.org/web/20191115215311/https://www.press.sk/akcne-a-dobrodruzne/72-metru/,20191115215311,skip
https://www.press.sk/akcne-a-dobrodruzne/ben-10-09.-dvd/,https://web.archive.org/web/20230311055305/https://www.press.sk/akcne-a-dobrodruzne/ben-10-09.-dvd/,20230311055305,skip
https://www.press.sk/akcne-a-dobrodruzne/ben-10-11.-dvd/,https://web.archive.org/web/20230311055302/https://www.press.sk/akcne-a-dobrodruzne/ben-10-11.-dvd/,20230311055302,skip
https://www.press.sk/akcne-a-dobrodruzne/ben-10-12.-dvd/,https://web.archive.org/web/20230311055300/https://www.press.sk/akcne-a-dobrodruzne/ben-10-12.-dvd/,20230311055300,skip
https://www.press.sk/akcne-a-dobrodruzne/ben-10-13.-dvd/,https://web.archive.org/web/20230311055300/https://www.press.sk/akcne-a-dobrodruzne/ben-10-13.-dvd/,20230311055300,skip
https://www.press.sk/akcne-a-dobrodruzne/ben-10-14.-dvd/,https://web.archive.org/web/20230311055300/https://www.press.sk/akcne-a-dobrodruzne/ben-10-14.-dvd/,20230311055300,skip
https://www.press.sk/akcne-a-dobrodruzne/ben-10-15.-dvd/,https://web.archive.org/web/20230311055302/https://www.press.sk/akcne-a-dobrodruzne/ben-10-15.-dvd/,20230311055302,skip
https://www.press.sk/akcne-a-dobrodruzne/ben-10-alien-force-01.-dvd/,https://web.archive.org/web/20230311055303/https://www.press.sk/akcne-a-dobrodruzne/ben-10-alien-force-01.-dvd/,20230311055303,skip
https://www.press.sk/akcne-a-dobrodruzne/ben-10-alien-force-02.-dvd/,https://web.archive.org/web/20230311055300/https://www.press.sk/akcne-a-dobrodruzne/ben-10-alien-force-02.-dvd/,20230311055300,skip
https://www.press.sk/akcne-a-dobrodruzne/ben-10-alien-force-03.-dvd/,https://web.archive.org/web/20230311055300/https://www.press.sk/akcne-a-dobrodruzne/ben-10-alien-force-03.-dvd/,20230311055300,skip
https://www.press.sk/akcne-a-dobrodruzne/ben-10-alien-force-04.-dvd/,https://web.archive.org/web/20230311055258/https://www.press.sk/akcne-a-dobrodruzne/ben-10-alien-force-04.-dvd/,20230311055258,skip
https://www.press.sk/akcne-a-dobrodruzne/ben-10-alien-force-5.-dvd/,https://web.archive.org/web/20230311055258/https://www.press.sk/akcne-a-dobrodruzne/ben-10-alien-force-5.-dvd/,20230311055258,skip
https://www.press.sk/akcne-a-dobrodruzne/kadeti-02.-dvd/,https://web.archive.org/web/20230311055250/https://www.press.sk/akcne-a-dobrodruzne/kadeti-02.-dvd/,20230311055250,skip
https://www.press.sk/akcne-a-dobrodruzne/kadeti-03.-dvd/,https://web.archive.org/web/20230311055250/https://www.press.sk/akcne-a-dobrodruzne/kadeti-03.-dvd/,20230311055250,skip
https://www.press.sk/akcne-a-dobrodruzne/kadeti-05.-dvd/,https://web.archive.org/web/20230311055250/https://www.press.sk/akcne-a-dobrodruzne/kadeti-05.-dvd/,20230311055250,skip
https://www.press.sk/akcne-a-dobrodruzne/kadeti-4.-dvd/,https://web.archive.org/web/20230311055250/https://www.press.sk/akcne-a-dobrodruzne/kadeti-4.-dvd/,20230311055250,skip
https://www.press.sk/akcne-a-dobrodruzne/krev-na-slunci/,https://web.archive.org/web/20230311055250/https://www.press.sk/akcne-a-dobrodruzne/krev-na-slunci/,20230311055250,skip
https://www.press.sk/akcne-a-dobrodruzne/mise-smrti-dvd/,https://web.archive.org/web/20230311055302/https://www.press.sk/akcne-a-dobrodruzne/mise-smrti-dvd/,20230311055302,skip
https://www.press.sk/akcne-a-dobrodruzne/souboj-na-obloze/,https://web.archive.org/web/20190821003604/https://www.press.sk/akcne-a-dobrodruzne/souboj-na-obloze/,20190821003604,skip
https://www.press.sk/akcne-a-dobrodruzne/turecky-gambit-01.-dvd/,https://web.archive.org/web/20190825000847/https://www.press.sk/akcne-a-dobrodruzne/turecky-gambit-01.-dvd/,20190825000847,skip
https://www.press.sk/akcne-a-dobrodruzne/utek-z-pekla/,https://web.archive.org/web/20230311055249/https://www.press.sk/akcne-a-dobrodruzne/utek-z-pekla/,20230311055249,skip
https://www.press.sk/akcne-a-dobrodruzne/vlak-smrti-dvd/,https://web.archive.org/web/20230311055302/https://www.press.sk/akcne-a-dobrodruzne/vlak-smrti-dvd/,20230311055302,skip
https://www.press.sk/ako-nakupovat/,https://web.archive.org/web/20190720205330/https://www.press.sk/ako-nakupovat/,20190720205330,skip
https://www.press.sk/ako-nakupovat/,https://web.archive.org/web/20190923182821/https://www.press.sk/ako-nakupovat/,20190923182821,skip
https://www.press.sk/ako-nakupovat/,https://web.archive.org/web/20191019111519/https://www.press.sk/ako-nakupovat/,20191019111519,skip
https://www.press.sk/ako-nakupovat/,https://web.archive.org/web/20191113004249/https://www.press.sk/ako-nakupovat/,20191113004249,skip
https://www.press.sk/ako-nakupovat/,https://web.archive.org/web/20191214113349/https://www.press.sk/ako-nakupovat/,20191214113349,skip
https://www.press.sk/ako-nakupovat/,https://web.archive.org/web/20221212000254/https://www.press.sk/ako-nakupovat/,20221212000254,skip
https://www.press.sk/ako-nakupovat/,https://web.archive.org/web/20230311055244/https://www.press.sk/ako-nakupovat/,20230311055244,skip
https://www.press.sk/ako-nakupovat/,https://web.archive.org/web/20230624103351/https://www.press.sk/ako-nakupovat/,20230624103351,skip
https://www.press.sk/ako-nakupovat/,https://web.archive.org/web/20240523114054/https://www.press.sk/ako-nakupovat/,20240523114054,skip
http://www.press.sk:80/aktuality/,https://web.archive.org/web/20081020211656/http://www.press.sk:80/aktuality/,20081020211656,skip
http://www.press.sk:80/aktuality/,https://web.archive.org/web/20081023064650/http://www.press.sk:80/aktuality/,20081023064650,skip
http://www.press.sk:80/aktuality/,https://web.archive.org/web/20081108104635/http://www.press.sk:80/aktuality/,20081108104635,skip
http://www.press.sk:80/aktuality/,https://web.archive.org/web/20081217074120/http://www.press.sk:80/aktuality/,20081217074120,skip
http://www.press.sk:80/aktuality,https://web.archive.org/web/20090123025853/http://www.press.sk:80/aktuality,20090123025853,skip
http://www.press.sk:80/aktuality/,https://web.archive.org/web/20090215175052/http://www.press.sk:80/aktuality/,20090215175052,skip
http://www.press.sk:80/aktuality,https://web.archive.org/web/20090224015312/http://www.press.sk:80/aktuality,20090224015312,skip
http://www.press.sk:80/aktuality,https://web.archive.org/web/20090327122514/http://www.press.sk:80/aktuality,20090327122514,skip
http://www.press.sk:80/aktuality/,https://web.archive.org/web/20090417043936/http://www.press.sk:80/aktuality/,20090417043936,skip
http://www.press.sk:80/aktuality,https://web.archive.org/web/20090428002015/http://www.press.sk:80/aktuality,20090428002015,skip
http://www.press.sk:80/aktuality,https://web.archive.org/web/20090529062537/http://www.press.sk:80/aktuality,20090529062537,skip
http://www.press.sk:80/aktuality/,https://web.archive.org/web/20090617043627/http://www.press.sk:80/aktuality/,20090617043627,skip
http://www.press.sk:80/aktuality/,https://web.archive.org/web/20090817143118/http://www.press.sk:80/aktuality/,20090817143118,skip
http://www.press.sk:80/aktuality/,https://web.archive.org/web/20091017164958/http://www.press.sk:80/aktuality/,20091017164958,skip
http://www.press.sk:80/aktuality/,https://web.archive.org/web/20091217091332/http://www.press.sk:80/aktuality/,20091217091332,skip
http://www.press.sk:80/aktuality/,https://web.archive.org/web/20091217091332/http://www.press.sk:80/aktuality/,20091217091332,skip
http://www.press.sk:80/aktuality/,https://web.archive.org/web/20100215193445/http://www.press.sk:80/aktuality/,20100215193445,skip
http://www.press.sk:80/aktuality/,https://web.archive.org/web/20100417091626/http://www.press.sk:80/aktuality/,20100417091626,skip
http://www.press.sk:80/aktuality/,https://web.archive.org/web/20100417091626/http://www.press.sk:80/aktuality/,20100417091626,skip
http://www.press.sk:80/aktuality/,https://web.archive.org/web/20100616213639/http://www.press.sk:80/aktuality/,20100616213639,skip
http://www.press.sk:80/aktuality/,https://web.archive.org/web/20100816223116/http://www.press.sk:80/aktuality/,20100816223116,skip
http://www.press.sk:80/aktuality,https://web.archive.org/web/20100828092339/http://www.press.sk:80/aktuality,20100828092339,skip
http://www.press.sk:80/aktuality,https://web.archive.org/web/20100929182141/http://www.press.sk:80/aktuality,20100929182141,skip
http://www.press.sk:80/aktuality/,https://web.archive.org/web/20101016131925/http://www.press.sk:80/aktuality/,20101016131925,skip
http://www.press.sk:80/aktuality/,https://web.archive.org/web/20101216164908/http://www.press.sk:80/aktuality/,20101216164908,skip
http://www.press.sk:80/aktuality/,https://web.archive.org/web/20110215123806/http://www.press.sk:80/aktuality/,20110215123806,skip
http://www.press.sk:80/aktuality,https://web.archive.org/web/20110414233536/http://www.press.sk:80/aktuality,20110414233536,skip
http://www.press.sk:80/aktuality,https://web.archive.org/web/20110416033009/http://www.press.sk:80/aktuality,20110416033009,skip
http://www.press.sk:80/aktuality/,https://web.archive.org/web/20110417015937/http://www.press.sk:80/aktuality/,20110417015937,skip
http://www.press.sk:80/aktuality,https://web.archive.org/web/20110517203815/http://www.press.sk:80/aktuality,20110517203815,skip
http://www.press.sk:80/aktuality/,https://web.archive.org/web/20110617073025/http://www.press.sk:80/aktuality/,20110617073025,skip
http://www.press.sk/aktuality/,https://web.archive.org/web/20110816032630/http://www.press.sk/aktuality/,20110816032630,skip
http://www.press.sk:80/aktuality/,https://web.archive.org/web/20110817090345/http://www.press.sk:80/aktuality/,20110817090345,skip
http://www.press.sk:80/aktuality/,https://web.archive.org/web/20111019114431/http://www.press.sk:80/aktuality/,20111019114431,skip
http://www.press.sk:80/aktuality/,https://web.archive.org/web/20111218190858/http://www.press.sk:80/aktuality/,20111218190858,skip
http://www.press.sk:80/aktuality/,https://web.archive.org/web/20120217084830/http://www.press.sk:80/aktuality/,20120217084830,skip
http://www.press.sk/aktuality/,https://web.archive.org/web/20120307155856/http://www.press.sk/aktuality/,20120307155856,skip
http://www.press.sk:80/aktuality/,https://web.archive.org/web/20120418030200/http://www.press.sk:80/aktuality/,20120418030200,skip
http://www.press.sk:80/aktuality/,https://web.archive.org/web/20120617210050/http://www.press.sk:80/aktuality/,20120617210050,skip
http://www.press.sk:80/aktuality/,https://web.archive.org/web/20120817133205/http://www.press.sk:80/aktuality/,20120817133205,skip
http://www.press.sk:80/aktuality,https://web.archive.org/web/20121007220540/http://www.press.sk:80/aktuality,20121007220540,skip
http://www.press.sk:80/aktuality/,https://web.archive.org/web/20121017235331/http://www.press.sk:80/aktuality/,20121017235331,skip
http://www.press.sk:80/aktuality,https://web.archive.org/web/20121114134412/http://www.press.sk:80/aktuality,20121114134412,skip
http://www.press.sk:80/aktuality/,https://web.archive.org/web/20121217201251/http://www.press.sk:80/aktuality/,20121217201251,skip
http://www.press.sk:80/aktuality,https://web.archive.org/web/20121229103757/http://www.press.sk:80/aktuality,20121229103757,skip
http://www.press.sk:80/aktuality/,https://web.archive.org/web/20130217171114/http://www.press.sk:80/aktuality/,20130217171114,skip
http://www.press.sk/aktuality/,https://web.archive.org/web/20130425035459/http://www.press.sk/aktuality/,20130425035459,skip
http://www.press.sk:80/aktuality/,https://web.archive.org/web/20130511120205/http://www.press.sk:80/aktuality/,20130511120205,skip
http://www.press.sk:80/aktuality,https://web.archive.org/web/20130529053946/http://www.press.sk:80/aktuality,20130529053946,skip
http://www.press.sk:80/aktuality/,https://web.archive.org/web/20130711075234/http://www.press.sk:80/aktuality/,20130711075234,skip
http://www.press.sk/aktuality/,https://web.archive.org/web/20130906142741/http://www.press.sk/aktuality/,20130906142741,skip
http://www.press.sk:80/aktuality/,https://web.archive.org/web/20130910044636/http://www.press.sk:80/aktuality/,20130910044636,skip
http://www.press.sk:80/aktuality/,https://web.archive.org/web/20131109180935/http://www.press.sk:80/aktuality/,20131109180935,skip
http://www.press.sk:80/aktuality/,https://web.archive.org/web/20140109074750/http://www.press.sk:80/aktuality/,20140109074750,skip
http://www.press.sk/aktuality/,https://web.archive.org/web/20140117010249/http://www.press.sk/aktuality/,20140117010249,skip
http://www.press.sk/aktuality/,https://web.archive.org/web/20140214075611/http://www.press.sk/aktuality/,20140214075611,skip
http://www.press.sk:80/aktuality/,https://web.archive.org/web/20140311052543/http://www.press.sk:80/aktuality/,20140311052543,skip
http://www.press.sk:80/aktuality/,https://web.archive.org/web/20140510193644/http://www.press.sk:80/aktuality/,20140510193644,skip
http://www.press.sk:80/aktuality/,https://web.archive.org/web/20140711010620/http://www.press.sk:80/aktuality/,20140711010620,skip
http://www.press.sk/aktuality/,https://web.archive.org/web/20140812073056/http://www.press.sk/aktuality/,20140812073056,skip
http://www.press.sk:80/aktuality/,https://web.archive.org/web/20140909094746/http://www.press.sk:80/aktuality/,20140909094746,skip
http://www.press.sk:80/aktuality/,https://web.archive.org/web/20141006014646/http://www.press.sk:80/aktuality/,20141006014646,skip
http://www.press.sk:80/aktuality/,https://web.archive.org/web/20141208004149/http://www.press.sk:80/aktuality/,20141208004149,skip
http://www.press.sk:80/aktuality/,https://web.archive.org/web/20150310090800/http://www.press.sk:80/aktuality/,20150310090800,skip
http://www.press.sk/aktuality/,https://web.archive.org/web/20150418175956/http://www.press.sk/aktuality/,20150418175956,skip
http://www.press.sk:80/aktuality/,https://web.archive.org/web/20150509194209/http://www.press.sk:80/aktuality/,20150509194209,skip
http://www.press.sk:80/aktuality/,https://web.archive.org/web/20150711130353/http://www.press.sk:80/aktuality/,20150711130353,skip
http://www.press.sk:80/aktuality/,https://web.archive.org/web/20150909214515/http://www.press.sk:80/aktuality/,20150909214515,skip
http://www.press.sk:80/aktuality/,https://web.archive.org/web/20151109051255/http://www.press.sk:80/aktuality/,20151109051255,skip
http://www.press.sk:80/aktuality/,https://web.archive.org/web/20160110044143/http://www.press.sk:80/aktuality/,20160110044143,skip
http://www.press.sk:80/aktuality/,https://web.archive.org/web/20160311074722/http://www.press.sk:80/aktuality/,20160311074722,skip
http://www.press.sk/aktuality/,https://web.archive.org/web/20160324114253/http://www.press.sk/aktuality/,20160324114253,skip
http://www.press.sk:80/aktuality/,https://web.archive.org/web/20160511122339/http://www.press.sk:80/aktuality/,20160511122339,skip
http://www.press.sk/aktuality/,https://web.archive.org/web/20160623184450/http://www.press.sk/aktuality/,20160623184450,skip
http://www.press.sk:80/aktuality/,https://web.archive.org/web/20160711113129/http://www.press.sk:80/aktuality/,20160711113129,skip
http://www.press.sk:80/aktuality/,https://web.archive.org/web/20160910135645/http://www.press.sk:80/aktuality/,20160910135645,skip
http://www.press.sk/aktuality/,https://web.archive.org/web/20161030104711/http://www.press.sk/aktuality/,20161030104711,skip
http://www.press.sk:80/aktuality/,https://web.archive.org/web/20161110234104/http://www.press.sk:80/aktuality/,20161110234104,skip
http://www.press.sk:80/aktuality/,https://web.archive.org/web/20161207113119/http://www.press.sk:80/aktuality/,20161207113119,skip
http://www.press.sk:80/aktuality/,https://web.archive.org/web/20170205172227/http://www.press.sk:80/aktuality/,20170205172227,skip
http://www.press.sk:80/aktuality/,https://web.archive.org/web/20170410065756/http://www.press.sk:80/aktuality/,20170410065756,skip
http://www.press.sk:80/aktuality,https://web.archive.org/web/20170507140416/http://www.press.sk:80/aktuality,20170507140416,skip
http://www.press.sk/aktuality/,https://web.archive.org/web/20170606011628/http://www.press.sk/aktuality/,20170606011628,skip
http://www.press.sk:80/aktuality/,https://web.archive.org/web/20170609214954/http://www.press.sk:80/aktuality/,20170609214954,skip
http://www.press.sk:80/aktuality/akcia-mesiaca/,https://web.archive.org/web/20140423053527/http://www.press.sk:80/aktuality/akcia-mesiaca/,20140423053527,skip
http://www.press.sk:80/aktuality/akcia-mesiaca/,https://web.archive.org/web/20140711054825/http://www.press.sk:80/aktuality/akcia-mesiaca/,20140711054825,skip
http://www.press.sk/aktuality/akcia-mesiaca/,https://web.archive.org/web/20140812073204/http://www.press.sk/aktuality/akcia-mesiaca/,20140812073204,skip
http://www.press.sk/aktuality/akcia-mesiaca/,https://web.archive.org/web/20140818000433/http://www.press.sk/aktuality/akcia-mesiaca/,20140818000433,skip
http://www.press.sk:80/aktuality/akcia-mesiaca/,https://web.archive.org/web/20140910015510/http://www.press.sk:80/aktuality/akcia-mesiaca/,20140910015510,skip
http://www.press.sk:80/aktuality/akcia-mesiaca/,https://web.archive.org/web/20141006014651/http://www.press.sk:80/aktuality/akcia-mesiaca/,20141006014651,skip
http://www.press.sk:80/aktuality/akcia-mesiaca,https://web.archive.org/web/20141018223851/http://www.press.sk:80/aktuality/akcia-mesiaca,20141018223851,skip
http://www.press.sk:80/aktuality/akcia-mesiaca/,https://web.archive.org/web/20141208091632/http://www.press.sk:80/aktuality/akcia-mesiaca/,20141208091632,skip
http://www.press.sk/aktuality/akcia-mesiaca/,https://web.archive.org/web/20150203175917/http://www.press.sk/aktuality/akcia-mesiaca/,20150203175917,skip
http://www.press.sk:80/aktuality/akcia-mesiaca/,https://web.archive.org/web/20150304045146/http://www.press.sk:80/aktuality/akcia-mesiaca/,20150304045146,skip
http://www.press.sk:80/aktuality/akcia-mesiaca,https://web.archive.org/web/20150403173243/http://www.press.sk:80/aktuality/akcia-mesiaca,20150403173243,skip
http://www.press.sk/aktuality/akcia-mesiaca/,https://web.archive.org/web/20150418180105/http://www.press.sk/aktuality/akcia-mesiaca/,20150418180105,skip
http://www.press.sk:80/aktuality/akcia-mesiaca/,https://web.archive.org/web/20150504015558/http://www.press.sk:80/aktuality/akcia-mesiaca/,20150504015558,skip
http://www.press.sk:80/aktuality/akcia-mesiaca/,https://web.archive.org/web/20150505143453/http://www.press.sk:80/aktuality/akcia-mesiaca/,20150505143453,skip
http://www.press.sk:80/aktuality/akcia-mesiaca,https://web.archive.org/web/20150628144856/http://www.press.sk:80/aktuality/akcia-mesiaca,20150628144856,skip
http://www.press.sk:80/aktuality/akcia-mesiaca/,https://web.archive.org/web/20150704234340/http://www.press.sk:80/aktuality/akcia-mesiaca/,20150704234340,skip
http://www.press.sk/aktuality/akcia-mesiaca/,https://web.archive.org/web/20150811171414/http://www.press.sk/aktuality/akcia-mesiaca/,20150811171414,skip
http://www.press.sk:80/aktuality/akcia-mesiaca/,https://web.archive.org/web/20150903215301/http://www.press.sk:80/aktuality/akcia-mesiaca/,20150903215301,skip
http://www.press.sk:80/aktuality/akcia-mesiaca,https://web.archive.org/web/20151028235116/http://www.press.sk:80/aktuality/akcia-mesiaca,20151028235116,skip
http://www.press.sk:80/aktuality/akcia-mesiaca/,https://web.archive.org/web/20151103180914/http://www.press.sk:80/aktuality/akcia-mesiaca/,20151103180914,skip
http://www.press.sk:80/aktuality/akcia-mesiaca,https://web.archive.org/web/20151128111214/http://www.press.sk:80/aktuality/akcia-mesiaca,20151128111214,skip
http://www.press.sk:80/aktuality/akcia-mesiaca/,https://web.archive.org/web/20160103022417/http://www.press.sk:80/aktuality/akcia-mesiaca/,20160103022417,skip
http://www.press.sk/aktuality/akcia-mesiaca/,https://web.archive.org/web/20160207024744/http://www.press.sk/aktuality/akcia-mesiaca/,20160207024744,skip
http://www.press.sk:80/aktuality/akcia-mesiaca/,https://web.archive.org/web/20160303160742/http://www.press.sk:80/aktuality/akcia-mesiaca/,20160303160742,skip
http://www.press.sk/aktuality/akcia-mesiaca,https://web.archive.org/web/20160313080202/http://www.press.sk/aktuality/akcia-mesiaca,20160313080202,skip
http://www.press.sk:80/aktuality/akcia-mesiaca,https://web.archive.org/web/20160320141549/http://www.press.sk:80/aktuality/akcia-mesiaca,20160320141549,skip
http://www.press.sk/aktuality/akcia-mesiaca/,https://web.archive.org/web/20160324105652/http://www.press.sk/aktuality/akcia-mesiaca/,20160324105652,skip
http://www.press.sk/aktuality/akcia-mesiaca/,https://web.archive.org/web/20160403062109/http://www.press.sk/aktuality/akcia-mesiaca/,20160403062109,skip
http://www.press.sk:80/aktuality/akcia-mesiaca/,https://web.archive.org/web/20160503092005/http://www.press.sk:80/aktuality/akcia-mesiaca/,20160503092005,skip
http://www.press.sk:80/aktuality/akcia-mesiaca,https://web.archive.org/web/20160507145707/http://www.press.sk:80/aktuality/akcia-mesiaca,20160507145707,skip
http://www.press.sk:80/aktuality/akcia-mesiaca/,https://web.archive.org/web/20160703194735/http://www.press.sk:80/aktuality/akcia-mesiaca/,20160703194735,skip
http://www.press.sk:80/aktuality/akcia-mesiaca,https://web.archive.org/web/20160824112806/http://www.press.sk:80/aktuality/akcia-mesiaca,20160824112806,skip
http://www.press.sk:80/aktuality/akcia-mesiaca/,https://web.archive.org/web/20160902164310/http://www.press.sk:80/aktuality/akcia-mesiaca/,20160902164310,skip
http://www.press.sk:80/aktuality/akcia-mesiaca,https://web.archive.org/web/20160924164002/http://www.press.sk:80/aktuality/akcia-mesiaca,20160924164002,skip
http://www.press.sk:80/aktuality/akcia-mesiaca,https://web.archive.org/web/20160926021017/http://www.press.sk:80/aktuality/akcia-mesiaca,20160926021017,skip
http://www.press.sk:80/aktuality/akcia-mesiaca,https://web.archive.org/web/20161027023710/http://www.press.sk:80/aktuality/akcia-mesiaca,20161027023710,skip
http://www.press.sk/aktuality/akcia-mesiaca/,https://web.archive.org/web/20161030104718/http://www.press.sk/aktuality/akcia-mesiaca/,20161030104718,skip
http://www.press.sk:80/aktuality/akcia-mesiaca/,https://web.archive.org/web/20161102103242/http://www.press.sk:80/aktuality/akcia-mesiaca/,20161102103242,skip
http://www.press.sk:80/aktuality/akcia-mesiaca/,https://web.archive.org/web/20161122115527/http://www.press.sk:80/aktuality/akcia-mesiaca/,20161122115527,skip
http://www.press.sk:80/aktuality/akcia-mesiaca/,https://web.archive.org/web/20170123071703/http://www.press.sk:80/aktuality/akcia-mesiaca/,20170123071703,skip
http://www.press.sk:80/aktuality/akcia-mesiaca/,https://web.archive.org/web/20170328025600/http://www.press.sk:80/aktuality/akcia-mesiaca/,20170328025600,skip
http://www.press.sk:80/aktuality/akcia-mesiaca/,https://web.archive.org/web/20170527213001/http://www.press.sk:80/aktuality/akcia-mesiaca/,20170527213001,skip
http://www.press.sk/aktuality/akcia-mesiaca/,https://web.archive.org/web/20170606012504/http://www.press.sk/aktuality/akcia-mesiaca/,20170606012504,skip
http://www.press.sk:80/aktuality/ako-nakupovat/,https://web.archive.org/web/20081023093217/http://www.press.sk:80/aktuality/ako-nakupovat/,20081023093217,skip
http://www.press.sk:80/aktuality/ako-nakupovat/,https://web.archive.org/web/20081217032213/http://www.press.sk:80/aktuality/ako-nakupovat/,20081217032213,skip
http://www.press.sk:80/aktuality/ako-nakupovat/,https://web.archive.org/web/20090116094657/http://www.press.sk:80/aktuality/ako-nakupovat/,20090116094657,skip
http://www.press.sk:80/aktuality/ako-nakupovat/,https://web.archive.org/web/20090216155047/http://www.press.sk:80/aktuality/ako-nakupovat/,20090216155047,skip
http://www.press.sk:80/aktuality/ako-nakupovat/,https://web.archive.org/web/20090319013631/http://www.press.sk:80/aktuality/ako-nakupovat/,20090319013631,skip
http://www.press.sk:80/aktuality/ako-nakupovat/,https://web.archive.org/web/20090420095429/http://www.press.sk:80/aktuality/ako-nakupovat/,20090420095429,skip
http://www.press.sk:80/aktuality/ako-nakupovat/,https://web.archive.org/web/20090523051223/http://www.press.sk:80/aktuality/ako-nakupovat/,20090523051223,skip
http://www.press.sk:80/aktuality/ako-nakupovat,https://web.archive.org/web/20090908012318/http://www.press.sk:80/aktuality/ako-nakupovat,20090908012318,skip
http://www.press.sk:80/aktuality/ako-nakupovat/,https://web.archive.org/web/20100119091008/http://www.press.sk:80/aktuality/ako-nakupovat/,20100119091008,skip
http://www.press.sk:80/aktuality/ako-nakupovat,https://web.archive.org/web/20100126010634/http://www.press.sk:80/aktuality/ako-nakupovat,20100126010634,skip
http://www.press.sk:80/aktuality/ako-nakupovat/,https://web.archive.org/web/20110126061634/http://www.press.sk:80/aktuality/ako-nakupovat/,20110126061634,skip
http://www.press.sk:80/aktuality/ako-nakupovat/?utm_source=newsletter&utm_campaign=April_2010&utm_medium=archive,https://web.archive.org/web/20100429031946/http://www.press.sk:80/aktuality/ako-nakupovat/?utm_source=newsletter&utm_campaign=April_2010&utm_medium=archive,20100429031946,skip
http://www.press.sk:80/aktuality/ako-nakupovat/?utm_source=newsletter&utm_campaign=Jul_2011&utm_medium=archive,https://web.archive.org/web/20110720051159/http://www.press.sk:80/aktuality/ako-nakupovat/?utm_source=newsletter&utm_campaign=Jul_2011&utm_medium=archive,20110720051159,skip
http://www.press.sk/aktuality/albatros-aero-l-39-l-59-l-139/,https://web.archive.org/web/20170611111310/http://www.press.sk/aktuality/albatros-aero-l-39-l-59-l-139/,20170611111310,skip
http://www.press.sk:80/aktuality/boli-sme-na-slovak-food-festivale/,https://web.archive.org/web/20110522192815/http://www.press.sk:80/aktuality/boli-sme-na-slovak-food-festivale/,20110522192815,skip
http://www.press.sk:80/aktuality/boli-sme-na-slovak-food-festivale/,https://web.archive.org/web/20110523231707/http://www.press.sk:80/aktuality/boli-sme-na-slovak-food-festivale/,20110523231707,skip
http://www.press.sk:80/aktuality/cinove-figurky-v-nasej-ponuke,https://web.archive.org/web/20091109022214/http://www.press.sk:80/aktuality/cinove-figurky-v-nasej-ponuke,20091109022214,skip
http://www.press.sk:80/aktuality/cinove-figurky-v-nasej-ponuke,https://web.archive.org/web/20100105120933/http://www.press.sk:80/aktuality/cinove-figurky-v-nasej-ponuke,20100105120933,skip
http://www.press.sk:80/aktuality/cinove-figurky-v-nasej-ponuke,https://web.archive.org/web/20100105120933/http://www.press.sk:80/aktuality/cinove-figurky-v-nasej-ponuke,20100105120933,skip
http://www.press.sk:80/aktuality/cinove-figurky-v-nasej-ponuke/,https://web.archive.org/web/20100417221952/http://www.press.sk:80/aktuality/cinove-figurky-v-nasej-ponuke/,20100417221952,skip
http://www.press.sk:80/aktuality/cinove-figurky-v-nasej-ponuke/,https://web.archive.org/web/20100417221952/http://www.press.sk:80/aktuality/cinove-figurky-v-nasej-ponuke/,20100417221952,skip
http://www.press.sk:80/aktuality/devatnast-rokov-devatnast-vrtulnikov/,https://web.archive.org/web/20111202072629/http://www.press.sk:80/aktuality/devatnast-rokov-devatnast-vrtulnikov/,20111202072629,skip
http://www.press.sk/aktuality/devatnast-rokov-devatnast-vrtulnikov/,https://web.archive.org/web/20120208134139/http://www.press.sk/aktuality/devatnast-rokov-devatnast-vrtulnikov/,20120208134139,skip
http://www.press.sk/aktuality/devatnast-rokov-devatnast-vrtulnikov/,https://web.archive.org/web/20120307101250/http://www.press.sk/aktuality/devatnast-rokov-devatnast-vrtulnikov/,20120307101250,skip
http://www.press.sk:80/aktuality/devatnast-rokov-devatnast-vrtulnikov/,https://web.archive.org/web/20121009021352/http://www.press.sk:80/aktuality/devatnast-rokov-devatnast-vrtulnikov/,20121009021352,skip
http://www.press.sk/aktuality/devatnast-rokov-devatnast-vrtulnikov/,https://web.archive.org/web/20130510201901/http://www.press.sk/aktuality/devatnast-rokov-devatnast-vrtulnikov/,20130510201901,skip
http://www.press.sk:80/aktuality/dorty-a-dezerty/,https://web.archive.org/web/20120705114330/http://www.press.sk:80/aktuality/dorty-a-dezerty/,20120705114330,skip
http://www.press.sk:80/aktuality/dorty-a-dezerty/,https://web.archive.org/web/20120904051644/http://www.press.sk:80/aktuality/dorty-a-dezerty/,20120904051644,skip
http://www.press.sk:80/aktuality/dorty-a-dezerty/,https://web.archive.org/web/20121103174950/http://www.press.sk:80/aktuality/dorty-a-dezerty/,20121103174950,skip
http://www.press.sk/aktuality/dvd-ma-potesilo-dakujem/,https://web.archive.org/web/20110920054705/http://www.press.sk/aktuality/dvd-ma-potesilo-dakujem/,20110920054705,skip
http://www.press.sk:80/aktuality/dvd-od-spolocnosti-ritka-video-a-novinka-v-ponuke./?,https://web.archive.org/web/20101216123914/http://www.press.sk:80/aktuality/dvd-od-spolocnosti-ritka-video-a-novinka-v-ponuke./?,20101216123914,skip
http://www.press.sk:80/aktuality/dvd-od-spolocnosti-ritka-video-a-novinka-v-ponuke./,https://web.archive.org/web/20101218061500/http://www.press.sk:80/aktuality/dvd-od-spolocnosti-ritka-video-a-novinka-v-ponuke./,20101218061500,skip
http://www.press.sk:80/aktuality/dvd-od-spolocnosti-ritka-video-a-novinka-v-ponuke./?,https://web.archive.org/web/20110117192429/http://www.press.sk:80/aktuality/dvd-od-spolocnosti-ritka-video-a-novinka-v-ponuke./?,20110117192429,skip
http://www.press.sk:80/aktuality/dvd-od-spolocnosti-ritka-video-a-novinka-v-ponuke./,https://web.archive.org/web/20110217062423/http://www.press.sk:80/aktuality/dvd-od-spolocnosti-ritka-video-a-novinka-v-ponuke./,20110217062423,skip
http://www.press.sk:80/aktuality/dvd-od-spolocnosti-ritka-video-a-novinka-v-ponuke./?,https://web.archive.org/web/20110218083620/http://www.press.sk:80/aktuality/dvd-od-spolocnosti-ritka-video-a-novinka-v-ponuke./?,20110218083620,skip
http://www.press.sk:80/aktuality/dvd-od-spolocnosti-ritka-video-a-novinka-v-ponuke./?,https://web.archive.org/web/20110321081940/http://www.press.sk:80/aktuality/dvd-od-spolocnosti-ritka-video-a-novinka-v-ponuke./?,20110321081940,skip
http://www.press.sk:80/aktuality/dvd-od-spolocnosti-ritka-video-a-novinka-v-ponuke./,https://web.archive.org/web/20110424210823/http://www.press.sk:80/aktuality/dvd-od-spolocnosti-ritka-video-a-novinka-v-ponuke./,20110424210823,skip
http://www.press.sk:80/aktuality/dvd-od-spolocnosti-ritka-video-a-novinka-v-ponuke./,https://web.archive.org/web/20110624234430/http://www.press.sk:80/aktuality/dvd-od-spolocnosti-ritka-video-a-novinka-v-ponuke./,20110624234430,skip
http://www.press.sk:80/aktuality/dvd-od-spolocnosti-ritka-video-a-novinka-v-ponuke./,https://web.archive.org/web/20110824154211/http://www.press.sk:80/aktuality/dvd-od-spolocnosti-ritka-video-a-novinka-v-ponuke./,20110824154211,skip
http://www.press.sk:80/aktuality/dvd-od-spolocnosti-ritka-video-a-novinka-v-ponuke./,https://web.archive.org/web/20111024012046/http://www.press.sk:80/aktuality/dvd-od-spolocnosti-ritka-video-a-novinka-v-ponuke./,20111024012046,skip
http://www.press.sk:80/aktuality/dvd-od-spolocnosti-ritka-video-a-novinka-v-ponuke./,https://web.archive.org/web/20121009021848/http://www.press.sk:80/aktuality/dvd-od-spolocnosti-ritka-video-a-novinka-v-ponuke./,20121009021848,skip
http://www.press.sk/aktuality/dvd-od-spolocnosti-ritka-video-a-novinka-v-ponuke./,https://web.archive.org/web/20130510221535/http://www.press.sk/aktuality/dvd-od-spolocnosti-ritka-video-a-novinka-v-ponuke./,20130510221535,skip
http://www.press.sk:80/aktuality/dvd-od-spolocnosti-ritka-video-a-novinka-v-ponuke./?utm_source=newsletter&utm_campaign=Jul_2011&utm_medium=archive,https://web.archive.org/web/20110720051205/http://www.press.sk:80/aktuality/dvd-od-spolocnosti-ritka-video-a-novinka-v-ponuke./?utm_source=newsletter&utm_campaign=Jul_2011&utm_medium=archive,20110720051205,skip
http://www.press.sk:80/aktuality/egypt--hiostoria-myty-vladcovia-a-bozstva/,https://web.archive.org/web/20090527072636/http://www.press.sk:80/aktuality/egypt--hiostoria-myty-vladcovia-a-bozstva/,20090527072636,skip
http://www.press.sk:80/aktuality/egypt--hiostoria-myty-vladcovia-a-bozstva/,https://web.archive.org/web/20090803002158/http://www.press.sk:80/aktuality/egypt--hiostoria-myty-vladcovia-a-bozstva/,20090803002158,skip
http://www.press.sk:80/aktuality/egypt--hiostoria-myty-vladcovia-a-bozstva/,https://web.archive.org/web/20091002203641/http://www.press.sk:80/aktuality/egypt--hiostoria-myty-vladcovia-a-bozstva/,20091002203641,skip
http://www.press.sk:80/aktuality/expedicia-casopisov-42.tyzden/,https://web.archive.org/web/20081023181348/http://www.press.sk:80/aktuality/expedicia-casopisov-42.tyzden/,20081023181348,skip
http://www.press.sk:80/aktuality/expedicia-casopisov-42.tyzden/,https://web.archive.org/web/20081024062055/http://www.press.sk:80/aktuality/expedicia-casopisov-42.tyzden/,20081024062055,skip
http://www.press.sk:80/aktuality/expedicia-casopisov-44.tyzden/,https://web.archive.org/web/20081030035211/http://www.press.sk:80/aktuality/expedicia-casopisov-44.tyzden/,20081030035211,skip
http://www.press.sk/aktuality/generali---slovenska-vojenska-generalita-1918-2012/,https://web.archive.org/web/20130510203328/http://www.press.sk/aktuality/generali---slovenska-vojenska-generalita-1918-2012/,20130510203328,skip
http://www.press.sk:80/aktuality/generali---slovenska-vojenska-generalita-1918-2012/,https://web.archive.org/web/20130826112626/http://www.press.sk:80/aktuality/generali---slovenska-vojenska-generalita-1918-2012/,20130826112626,skip
http://www.press.sk/aktuality/helikoptery-sveta---nova-kolekcia-modelov/,https://web.archive.org/web/20130510201857/http://www.press.sk/aktuality/helikoptery-sveta---nova-kolekcia-modelov/,20130510201857,skip
http://www.press.sk:80/aktuality/his-voice/,https://web.archive.org/web/20090527072641/http://www.press.sk:80/aktuality/his-voice/,20090527072641,skip
http://www.press.sk:80/aktuality/instyle---novy-casopis-v-nasej-ponuke/,https://web.archive.org/web/20090527072656/http://www.press.sk:80/aktuality/instyle---novy-casopis-v-nasej-ponuke/,20090527072656,skip
http://www.press.sk:80/aktuality/kalendare-na-rok-2011/,https://web.archive.org/web/20101231144801/http://www.press.sk:80/aktuality/kalendare-na-rok-2011/,20101231144801,skip
http://www.press.sk:80/aktuality/kalendare-na-rok-2011/,https://web.archive.org/web/20110101173207/http://www.press.sk:80/aktuality/kalendare-na-rok-2011/,20110101173207,skip
http://www.press.sk/aktuality/kalendare-na-rok-2014/,https://web.archive.org/web/20140214090716/http://www.press.sk/aktuality/kalendare-na-rok-2014/,20140214090716,skip
http://www.press.sk:80/aktuality/knizne-tipy-a-odborne-letecke-publikacie/,https://web.archive.org/web/20110522192820/http://www.press.sk:80/aktuality/knizne-tipy-a-odborne-letecke-publikacie/,20110522192820,skip
http://www.press.sk:80/aktuality/knizne-tipy-a-odborne-letecke-publikacie/,https://web.archive.org/web/20110523231717/http://www.press.sk:80/aktuality/knizne-tipy-a-odborne-letecke-publikacie/,20110523231717,skip
http://www.press.sk:80/aktuality/knizne-tipy-a-odborne-letecke-publikacie/,https://web.archive.org/web/20121009021853/http://www.press.sk:80/aktuality/knizne-tipy-a-odborne-letecke-publikacie/,20121009021853,skip
http://www.press.sk/aktuality/knizne-tipy-a-odborne-letecke-publikacie/,https://web.archive.org/web/20130510205414/http://www.press.sk/aktuality/knizne-tipy-a-odborne-letecke-publikacie/,20130510205414,skip
http://www.press.sk:80/aktuality/kosmos---tajemstvi-vesmiru/,https://web.archive.org/web/20121009021859/http://www.press.sk:80/aktuality/kosmos---tajemstvi-vesmiru/,20121009021859,skip
http://www.press.sk/aktuality/kosmos---tajemstvi-vesmiru/,https://web.archive.org/web/20130510202252/http://www.press.sk/aktuality/kosmos---tajemstvi-vesmiru/,20130510202252,skip
http://www.press.sk:80/aktuality/kovove-a-plastikove-modely-od-vyrobcu-hobbymaster---novinka-v-nasej-ponuke/,https://web.archive.org/web/20110512042109/http://www.press.sk:80/aktuality/kovove-a-plastikove-modely-od-vyrobcu-hobbymaster---novinka-v-nasej-ponuke/,20110512042109,skip
http://www.press.sk:80/aktuality/kovove-a-plastikove-modely-od-vyrobcu-hobbymaster---novinka-v-nasej-ponuke/,https://web.archive.org/web/20110712134524/http://www.press.sk:80/aktuality/kovove-a-plastikove-modely-od-vyrobcu-hobbymaster---novinka-v-nasej-ponuke/,20110712134524,skip
http://www.press.sk:80/aktuality/kovove-a-plastikove-modely-od-vyrobcu-hobbymaster---novinka-v-nasej-ponuke/,https://web.archive.org/web/20110911062054/http://www.press.sk:80/aktuality/kovove-a-plastikove-modely-od-vyrobcu-hobbymaster---novinka-v-nasej-ponuke/,20110911062054,skip
http://www.press.sk:80/aktuality/kovove-a-plastikove-modely-od-vyrobcu-hobbymaster---novinka-v-nasej-ponuke,https://web.archive.org/web/20120109104144/http://www.press.sk:80/aktuality/kovove-a-plastikove-modely-od-vyrobcu-hobbymaster---novinka-v-nasej-ponuke,20120109104144,skip
http://www.press.sk:80/aktuality/kovove-a-plastikove-modely-od-vyrobcu-hobbymaster---novinka-v-nasej-ponuke,https://web.archive.org/web/20120209145556/http://www.press.sk:80/aktuality/kovove-a-plastikove-modely-od-vyrobcu-hobbymaster---novinka-v-nasej-ponuke,20120209145556,skip
http://www.press.sk:80/aktuality/kovove-a-plastikove-modely-od-vyrobcu-hobbymaster---novinka-v-nasej-ponuke,https://web.archive.org/web/20120311204913/http://www.press.sk:80/aktuality/kovove-a-plastikove-modely-od-vyrobcu-hobbymaster---novinka-v-nasej-ponuke,20120311204913,skip
http://www.press.sk:80/aktuality/kovove-a-plastikove-modely-od-vyrobcu-hobbymaster---novinka-v-nasej-ponuke,https://web.archive.org/web/20120419084105/http://www.press.sk:80/aktuality/kovove-a-plastikove-modely-od-vyrobcu-hobbymaster---novinka-v-nasej-ponuke,20120419084105,skip
http://www.press.sk:80/aktuality/kovove-a-plastikove-modely-od-vyrobcu-hobbymaster---novinka-v-nasej-ponuke,https://web.archive.org/web/20120626234808/http://www.press.sk:80/aktuality/kovove-a-plastikove-modely-od-vyrobcu-hobbymaster---novinka-v-nasej-ponuke,20120626234808,skip
http://www.press.sk:80/aktuality/kovove-a-plastikove-modely-od-vyrobcu-hobbymaster---novinka-v-nasej-ponuke,https://web.archive.org/web/20120818095611/http://www.press.sk:80/aktuality/kovove-a-plastikove-modely-od-vyrobcu-hobbymaster---novinka-v-nasej-ponuke,20120818095611,skip
http://www.press.sk:80/aktuality/kovove-a-plastikove-modely-od-vyrobcu-hobbymaster---novinka-v-nasej-ponuke,https://web.archive.org/web/20121103184047/http://www.press.sk:80/aktuality/kovove-a-plastikove-modely-od-vyrobcu-hobbymaster---novinka-v-nasej-ponuke,20121103184047,skip
http://www.press.sk:80/aktuality/kovove-a-plastikove-modely-od-vyrobcu-hobbymaster---novinka-v-nasej-ponuke,https://web.archive.org/web/20121228010811/http://www.press.sk:80/aktuality/kovove-a-plastikove-modely-od-vyrobcu-hobbymaster---novinka-v-nasej-ponuke,20121228010811,skip
http://www.press.sk:80/aktuality/kovove-a-plastikove-modely-od-vyrobcu-hobbymaster---novinka-v-nasej-ponuke,https://web.archive.org/web/20130529154358/http://www.press.sk:80/aktuality/kovove-a-plastikove-modely-od-vyrobcu-hobbymaster---novinka-v-nasej-ponuke,20130529154358,skip
http://www.press.sk:80/aktuality/lacnejsie-s-mackom-pusikom/,https://web.archive.org/web/20110912074829/http://www.press.sk:80/aktuality/lacnejsie-s-mackom-pusikom/,20110912074829,skip
http://www.press.sk:80/aktuality/lacnejsie-s-mackom-pusikom/,https://web.archive.org/web/20111202073706/http://www.press.sk:80/aktuality/lacnejsie-s-mackom-pusikom/,20111202073706,skip
http://www.press.sk:80/aktuality/lacnejsie-s-mackom-pusikom/?utm_source=newsletter&utm_campaign=Jul_2011&utm_medium=archive,https://web.archive.org/web/20110720043714/http://www.press.sk:80/aktuality/lacnejsie-s-mackom-pusikom/?utm_source=newsletter&utm_campaign=Jul_2011&utm_medium=archive,20110720043714,skip
http://www.press.sk:80/aktuality/legendarne-automobily---dalsia-kolekcia-modelov-do-vasej-zbierky/,https://web.archive.org/web/20121009021154/http://www.press.sk:80/aktuality/legendarne-automobily---dalsia-kolekcia-modelov-do-vasej-zbierky/,20121009021154,skip
http://www.press.sk/aktuality/legendarne-automobily---dalsia-kolekcia-modelov-do-vasej-zbierky/,https://web.archive.org/web/20130510201455/http://www.press.sk/aktuality/legendarne-automobily---dalsia-kolekcia-modelov-do-vasej-zbierky/,20130510201455,skip
http://www.press.sk/aktuality/letajici-pevnosti---nova-kolekcia-s-modelmi-uz-v-predaji/,https://web.archive.org/web/20130510221501/http://www.press.sk/aktuality/letajici-pevnosti---nova-kolekcia-s-modelmi-uz-v-predaji/,20130510221501,skip
http://www.press.sk:80/aktuality/lk-c.11-2011-s-ojedinelym-filmovym-dokumentom/,https://web.archive.org/web/20111202072639/http://www.press.sk:80/aktuality/lk-c.11-2011-s-ojedinelym-filmovym-dokumentom/,20111202072639,skip
http://www.press.sk/aktuality/lk-c.11-2011-s-ojedinelym-filmovym-dokumentom/,https://web.archive.org/web/20120307162148/http://www.press.sk/aktuality/lk-c.11-2011-s-ojedinelym-filmovym-dokumentom/,20120307162148,skip
http://www.press.sk:80/aktuality/lokomotivy-sveta---nova-kolekcia-v-ponuke-od-7.-juna/,https://web.archive.org/web/20110623174936/http://www.press.sk:80/aktuality/lokomotivy-sveta---nova-kolekcia-v-ponuke-od-7.-juna/,20110623174936,skip
http://www.press.sk:80/aktuality/lokomotivy-sveta---nova-kolekcia-v-ponuke-od-7.-juna/,https://web.archive.org/web/20110624204017/http://www.press.sk:80/aktuality/lokomotivy-sveta---nova-kolekcia-v-ponuke-od-7.-juna/,20110624204017,skip
http://www.press.sk/aktuality/lokomotivy-sveta---nova-kolekcia-v-ponuke-od-7.-juna/,https://web.archive.org/web/20110817170823/http://www.press.sk/aktuality/lokomotivy-sveta---nova-kolekcia-v-ponuke-od-7.-juna/,20110817170823,skip
http://www.press.sk:80/aktuality/lokomotivy-sveta---nova-kolekcia-v-ponuke-od-7.-juna/,https://web.archive.org/web/20110912072529/http://www.press.sk:80/aktuality/lokomotivy-sveta---nova-kolekcia-v-ponuke-od-7.-juna/,20110912072529,skip
http://www.press.sk:80/aktuality/lokomotivy-sveta---nova-kolekcia-v-ponuke-od-7.-juna/,https://web.archive.org/web/20121009021904/http://www.press.sk:80/aktuality/lokomotivy-sveta---nova-kolekcia-v-ponuke-od-7.-juna/,20121009021904,skip
http://www.press.sk/aktuality/lokomotivy-sveta---nova-kolekcia-v-ponuke-od-7.-juna/,https://web.archive.org/web/20130510224553/http://www.press.sk/aktuality/lokomotivy-sveta---nova-kolekcia-v-ponuke-od-7.-juna/,20130510224553,skip
http://www.press.sk:80/aktuality/mackova-rozpravkova-skolka,https://web.archive.org/web/20090306105740/http://www.press.sk:80/aktuality/mackova-rozpravkova-skolka,20090306105740,skip
http://www.press.sk:80/aktuality/mackova-rozpravkova-skolka,https://web.archive.org/web/20090406001440/http://www.press.sk:80/aktuality/mackova-rozpravkova-skolka,20090406001440,skip
http://www.press.sk:80/aktuality/mackova-rozpravkova-skolka,https://web.archive.org/web/20090510031835/http://www.press.sk:80/aktuality/mackova-rozpravkova-skolka,20090510031835,skip
http://www.press.sk:80/aktuality/mackova-rozpravkova-skolka,https://web.archive.org/web/20100127162117/http://www.press.sk:80/aktuality/mackova-rozpravkova-skolka,20100127162117,skip
http://www.press.sk:80/aktuality/marvel-heroes---napinave-pribehy-superhrdinov/,https://web.archive.org/web/20090527072702/http://www.press.sk:80/aktuality/marvel-heroes---napinave-pribehy-superhrdinov/,20090527072702,skip
http://www.press.sk:80/aktuality/motor-a-rc-suprava--ku-kolekcii-rc-spitfire/,https://web.archive.org/web/20110522193333/http://www.press.sk:80/aktuality/motor-a-rc-suprava--ku-kolekcii-rc-spitfire/,20110522193333,skip
http://www.press.sk:80/aktuality/motor-a-rc-suprava--ku-kolekcii-rc-spitfire/,https://web.archive.org/web/20110523230308/http://www.press.sk:80/aktuality/motor-a-rc-suprava--ku-kolekcii-rc-spitfire/,20110523230308,skip
http://www.press.sk/aktuality/motor-a-rc-suprava--ku-kolekcii-rc-spitfire/,https://web.archive.org/web/20110918130046/http://www.press.sk/aktuality/motor-a-rc-suprava--ku-kolekcii-rc-spitfire/,20110918130046,skip
http://www.press.sk/aktuality/novinky-z-vydavatelstva-fcc-public-s.r.o./,https://web.archive.org/web/20130510210628/http://www.press.sk/aktuality/novinky-z-vydavatelstva-fcc-public-s.r.o./,20130510210628,skip
http://www.press.sk:80/aktuality/novinky-z-vydavatelstva-fcc-public-s.r.o./,https://web.archive.org/web/20141017050833/http://www.press.sk:80/aktuality/novinky-z-vydavatelstva-fcc-public-s.r.o./,20141017050833,skip
http://www.press.sk/aktuality/novinky-z-vydavatelstva-fcc-public-s.r.o.,https://web.archive.org/web/20160313144440/http://www.press.sk/aktuality/novinky-z-vydavatelstva-fcc-public-s.r.o.,20160313144440,skip
http://www.press.sk:80/aktuality/novinky-z-vydavatelstva-fcc-public-s.r.o./,https://web.archive.org/web/20170503001716/http://www.press.sk:80/aktuality/novinky-z-vydavatelstva-fcc-public-s.r.o./,20170503001716,skip
http://www.press.sk:80/aktuality/novy-exkluzivny-casopis-v-nasej-ponuke/,https://web.archive.org/web/20090125141412/http://www.press.sk:80/aktuality/novy-exkluzivny-casopis-v-nasej-ponuke/,20090125141412,skip
http://www.press.sk:80/aktuality/novy-exkluzivny-casopis-v-nasej-ponuke,https://web.archive.org/web/20090312013237/http://www.press.sk:80/aktuality/novy-exkluzivny-casopis-v-nasej-ponuke,20090312013237,skip
http://www.press.sk:80/aktuality/novy-exkluzivny-casopis-v-nasej-ponuke,https://web.archive.org/web/20090411214520/http://www.press.sk:80/aktuality/novy-exkluzivny-casopis-v-nasej-ponuke,20090411214520,skip
http://www.press.sk:80/aktuality/novy-exkluzivny-casopis-v-nasej-ponuke,https://web.archive.org/web/20090512153620/http://www.press.sk:80/aktuality/novy-exkluzivny-casopis-v-nasej-ponuke,20090512153620,skip
http://www.press.sk:80/aktuality/novy-exkluzivny-casopis-v-nasej-ponuke,https://web.archive.org/web/20100109133353/http://www.press.sk:80/aktuality/novy-exkluzivny-casopis-v-nasej-ponuke,20100109133353,skip
http://www.press.sk/aktuality/novy-modelar-extra-v-predaji/,https://web.archive.org/web/20110811102225/http://www.press.sk/aktuality/novy-modelar-extra-v-predaji/,20110811102225,skip
http://www.press.sk:80/aktuality/novy-modelar-extra-v-predaji/,https://web.archive.org/web/20110912073529/http://www.press.sk:80/aktuality/novy-modelar-extra-v-predaji/,20110912073529,skip
http://www.press.sk:80/aktuality/novy-modelar-extra-v-predaji/?utm_source=newsletter&utm_campaign=Jul_2011&utm_medium=archive,https://web.archive.org/web/20110720022930/http://www.press.sk:80/aktuality/novy-modelar-extra-v-predaji/?utm_source=newsletter&utm_campaign=Jul_2011&utm_medium=archive,20110720022930,skip
http://www.press.sk:80/aktuality/pamatny-list-podpisany-gen.-kahalanim---informacie-o-najvyssich-ponukach/,https://web.archive.org/web/20151224134833/http://www.press.sk:80/aktuality/pamatny-list-podpisany-gen.-kahalanim---informacie-o-najvyssich-ponukach/,20151224134833,skip
http://www.press.sk:80/aktuality/pamatny-list-podpisany-gen.-kahalanim---informacie-o-najvyssich-ponukach/,https://web.archive.org/web/20160112182905/http://www.press.sk:80/aktuality/pamatny-list-podpisany-gen.-kahalanim---informacie-o-najvyssich-ponukach/,20160112182905,skip
http://www.press.sk:80/aktuality/pamatny-list-podpisany-gen.-kahalanim---informacie-o-najvyssich-ponukach/,https://web.archive.org/web/20160331180938/http://www.press.sk:80/aktuality/pamatny-list-podpisany-gen.-kahalanim---informacie-o-najvyssich-ponukach/,20160331180938,skip
http://www.press.sk:80/aktuality/plastikova-zima-2008/,https://web.archive.org/web/20090125141416/http://www.press.sk:80/aktuality/plastikova-zima-2008/,20090125141416,skip
http://www.press.sk:80/aktuality/polovnictvo-a-oddych-2009/,https://web.archive.org/web/20090125141430/http://www.press.sk:80/aktuality/polovnictvo-a-oddych-2009/,20090125141430,skip
http://www.press.sk:80/aktuality/postavte-si-model-slnecnej-sustavy/,https://web.archive.org/web/20121009021909/http://www.press.sk:80/aktuality/postavte-si-model-slnecnej-sustavy/,20121009021909,skip
http://www.press.sk/aktuality/postavte-si-model-slnecnej-sustavy/,https://web.archive.org/web/20130510201830/http://www.press.sk/aktuality/postavte-si-model-slnecnej-sustavy/,20130510201830,skip
http://www.press.sk:80/aktuality/predplatne-casopisov-vydavatelstva-magnet-press-pre-rok-2017/,https://web.archive.org/web/20161115050903/http://www.press.sk:80/aktuality/predplatne-casopisov-vydavatelstva-magnet-press-pre-rok-2017/,20161115050903,skip
http://www.press.sk/aktuality/predplatne-casopisov-vydavatelstva-magnet-press-pre-rok-2017/,https://web.archive.org/web/20170402133855/http://www.press.sk/aktuality/predplatne-casopisov-vydavatelstva-magnet-press-pre-rok-2017/,20170402133855,skip
http://www.press.sk:80/aktuality/pripravujeme,https://web.archive.org/web/20090220085501/http://www.press.sk:80/aktuality/pripravujeme,20090220085501,skip
http://www.press.sk:80/aktuality/pripravujeme/,https://web.archive.org/web/20090306002422/http://www.press.sk:80/aktuality/pripravujeme/,20090306002422,skip
http://www.press.sk:80/aktuality/pripravujeme,https://web.archive.org/web/20090323003114/http://www.press.sk:80/aktuality/pripravujeme,20090323003114,skip
http://www.press.sk:80/aktuality/pripravujeme,https://web.archive.org/web/20090422200205/http://www.press.sk:80/aktuality/pripravujeme,20090422200205,skip
http://www.press.sk:80/aktuality/pripravujeme/,https://web.archive.org/web/20090505162052/http://www.press.sk:80/aktuality/pripravujeme/,20090505162052,skip
http://www.press.sk:80/aktuality/pripravujeme,https://web.archive.org/web/20090524181142/http://www.press.sk:80/aktuality/pripravujeme,20090524181142,skip
http://www.press.sk:80/aktuality/pripravujeme/,https://web.archive.org/web/20090803002221/http://www.press.sk:80/aktuality/pripravujeme/,20090803002221,skip
http://www.press.sk:80/aktuality/pripravujeme/,https://web.archive.org/web/20091002204354/http://www.press.sk:80/aktuality/pripravujeme/,20091002204354,skip
http://www.press.sk:80/aktuality/pripravujeme,https://web.archive.org/web/20100124063951/http://www.press.sk:80/aktuality/pripravujeme,20100124063951,skip
http://www.press.sk:80/aktuality/ryby-a-plody-more---nova-kucharka-z-edicie-apetit/,https://web.archive.org/web/20121009021200/http://www.press.sk:80/aktuality/ryby-a-plody-more---nova-kucharka-z-edicie-apetit/,20121009021200,skip
http://www.press.sk:80/aktuality/slavny-sitcom-bude-v-nasej-ponuke,https://web.archive.org/web/20090510070406/http://www.press.sk:80/aktuality/slavny-sitcom-bude-v-nasej-ponuke,20090510070406,skip
http://www.press.sk:80/aktuality/slavny-sitcom-bude-v-nasej-ponuke/,https://web.archive.org/web/20090527072707/http://www.press.sk:80/aktuality/slavny-sitcom-bude-v-nasej-ponuke/,20090527072707,skip
http://www.press.sk:80/aktuality/slavny-sitcom-bude-v-nasej-ponuke/,https://web.archive.org/web/20090803002251/http://www.press.sk:80/aktuality/slavny-sitcom-bude-v-nasej-ponuke/,20090803002251,skip
http://www.press.sk:80/aktuality/slavny-sitcom-bude-v-nasej-ponuke/,https://web.archive.org/web/20091002204406/http://www.press.sk:80/aktuality/slavny-sitcom-bude-v-nasej-ponuke/,20091002204406,skip
http://www.press.sk:80/aktuality/slavny-sitcom-bude-v-nasej-ponuke,https://web.archive.org/web/20091218094131/http://www.press.sk:80/aktuality/slavny-sitcom-bude-v-nasej-ponuke,20091218094131,skip
http://www.press.sk:80/aktuality/slavny-sitcom-bude-v-nasej-ponuke,https://web.archive.org/web/20100122014336/http://www.press.sk:80/aktuality/slavny-sitcom-bude-v-nasej-ponuke,20100122014336,skip
http://www.press.sk:80/aktuality/slovenske-piesky-2009,https://web.archive.org/web/20100107161458/http://www.press.sk:80/aktuality/slovenske-piesky-2009,20100107161458,skip
http://www.press.sk/aktuality/specialne-cislo-letectvi--kosmonautika-venovane-vzdusnym-silam-acr/,https://web.archive.org/web/20110921152454/http://www.press.sk/aktuality/specialne-cislo-letectvi--kosmonautika-venovane-vzdusnym-silam-acr/,20110921152454,skip
http://www.press.sk:80/aktuality/spojenie-zasielkoveho-obchodu-aeromedia-s-www.press.sk/,https://web.archive.org/web/20110117031018/http://www.press.sk:80/aktuality/spojenie-zasielkoveho-obchodu-aeromedia-s-www.press.sk/,20110117031018,skip
http://www.press.sk:80/aktuality/spojenie-zasielkoveho-obchodu-aeromedia-s-www.press.sk/,https://web.archive.org/web/20110118040951/http://www.press.sk:80/aktuality/spojenie-zasielkoveho-obchodu-aeromedia-s-www.press.sk/,20110118040951,skip
http://www.press.sk:80/aktuality/spojenie-zasielkoveho-obchodu-aeromedia-s-www.press.sk/,https://web.archive.org/web/20110320055956/http://www.press.sk:80/aktuality/spojenie-zasielkoveho-obchodu-aeromedia-s-www.press.sk/,20110320055956,skip
http://www.press.sk:80/aktuality/spojenie-zasielkoveho-obchodu-aeromedia-s-www.press.sk/,https://web.archive.org/web/20110519225628/http://www.press.sk:80/aktuality/spojenie-zasielkoveho-obchodu-aeromedia-s-www.press.sk/,20110519225628,skip
http://www.press.sk:80/aktuality/spojenie-zasielkoveho-obchodu-aeromedia-s-www.press.sk/,https://web.archive.org/web/20110520234747/http://www.press.sk:80/aktuality/spojenie-zasielkoveho-obchodu-aeromedia-s-www.press.sk/,20110520234747,skip
http://www.press.sk:80/aktuality/spojenie-zasielkoveho-obchodu-aeromedia-s-www.press.sk/,https://web.archive.org/web/20110720234635/http://www.press.sk:80/aktuality/spojenie-zasielkoveho-obchodu-aeromedia-s-www.press.sk/,20110720234635,skip
http://www.press.sk:80/aktuality/spojenie-zasielkoveho-obchodu-aeromedia-s-www.press.sk/,https://web.archive.org/web/20110722182327/http://www.press.sk:80/aktuality/spojenie-zasielkoveho-obchodu-aeromedia-s-www.press.sk/,20110722182327,skip
http://www.press.sk:80/aktuality/spojenie-zasielkoveho-obchodu-aeromedia-s-www.press.sk/,https://web.archive.org/web/20110911223104/http://www.press.sk:80/aktuality/spojenie-zasielkoveho-obchodu-aeromedia-s-www.press.sk/,20110911223104,skip
http://www.press.sk:80/aktuality/spojenie-zasielkoveho-obchodu-aeromedia-s-www.press.sk/,https://web.archive.org/web/20111111102546/http://www.press.sk:80/aktuality/spojenie-zasielkoveho-obchodu-aeromedia-s-www.press.sk/,20111111102546,skip
http://www.press.sk:80/aktuality/spojenie-zasielkoveho-obchodu-aeromedia-s-www.press.sk,https://web.archive.org/web/20111112013655/http://www.press.sk:80/aktuality/spojenie-zasielkoveho-obchodu-aeromedia-s-www.press.sk,20111112013655,skip
http://www.press.sk:80/aktuality/spojenie-zasielkoveho-obchodu-aeromedia-s-www.press.sk,https://web.archive.org/web/20111129172253/http://www.press.sk:80/aktuality/spojenie-zasielkoveho-obchodu-aeromedia-s-www.press.sk,20111129172253,skip
http://www.press.sk:80/aktuality/spojenie-zasielkoveho-obchodu-aeromedia-s-www.press.sk,https://web.archive.org/web/20111220085158/http://www.press.sk:80/aktuality/spojenie-zasielkoveho-obchodu-aeromedia-s-www.press.sk,20111220085158,skip
http://www.press.sk:80/aktuality/spojenie-zasielkoveho-obchodu-aeromedia-s-www.press.sk/,https://web.archive.org/web/20120112075705/http://www.press.sk:80/aktuality/spojenie-zasielkoveho-obchodu-aeromedia-s-www.press.sk/,20120112075705,skip
http://www.press.sk:80/aktuality/spojenie-zasielkoveho-obchodu-aeromedia-s-www.press.sk,https://web.archive.org/web/20120115091418/http://www.press.sk:80/aktuality/spojenie-zasielkoveho-obchodu-aeromedia-s-www.press.sk,20120115091418,skip
http://www.press.sk:80/aktuality/spojenie-zasielkoveho-obchodu-aeromedia-s-www.press.sk,https://web.archive.org/web/20120224012347/http://www.press.sk:80/aktuality/spojenie-zasielkoveho-obchodu-aeromedia-s-www.press.sk,20120224012347,skip
http://www.press.sk:80/aktuality/spojenie-zasielkoveho-obchodu-aeromedia-s-www.press.sk/,https://web.archive.org/web/20120313043146/http://www.press.sk:80/aktuality/spojenie-zasielkoveho-obchodu-aeromedia-s-www.press.sk/,20120313043146,skip
http://www.press.sk:80/aktuality/spojenie-zasielkoveho-obchodu-aeromedia-s-www.press.sk,https://web.archive.org/web/20120418183103/http://www.press.sk:80/aktuality/spojenie-zasielkoveho-obchodu-aeromedia-s-www.press.sk,20120418183103,skip
http://www.press.sk:80/aktuality/spojenie-zasielkoveho-obchodu-aeromedia-s-www.press.sk/,https://web.archive.org/web/20120513154813/http://www.press.sk:80/aktuality/spojenie-zasielkoveho-obchodu-aeromedia-s-www.press.sk/,20120513154813,skip
http://www.press.sk:80/aktuality/spojenie-zasielkoveho-obchodu-aeromedia-s-www.press.sk,https://web.archive.org/web/20120530215234/http://www.press.sk:80/aktuality/spojenie-zasielkoveho-obchodu-aeromedia-s-www.press.sk,20120530215234,skip
http://www.press.sk:80/aktuality/spojenie-zasielkoveho-obchodu-aeromedia-s-www.press.sk,https://web.archive.org/web/20120630161437/http://www.press.sk:80/aktuality/spojenie-zasielkoveho-obchodu-aeromedia-s-www.press.sk,20120630161437,skip
http://www.press.sk:80/aktuality/spojenie-zasielkoveho-obchodu-aeromedia-s-www.press.sk/,https://web.archive.org/web/20120714023026/http://www.press.sk:80/aktuality/spojenie-zasielkoveho-obchodu-aeromedia-s-www.press.sk/,20120714023026,skip
http://www.press.sk:80/aktuality/spojenie-zasielkoveho-obchodu-aeromedia-s-www.press.sk,https://web.archive.org/web/20120829014322/http://www.press.sk:80/aktuality/spojenie-zasielkoveho-obchodu-aeromedia-s-www.press.sk,20120829014322,skip
http://www.press.sk:80/aktuality/spojenie-zasielkoveho-obchodu-aeromedia-s-www.press.sk/,https://web.archive.org/web/20120913082021/http://www.press.sk:80/aktuality/spojenie-zasielkoveho-obchodu-aeromedia-s-www.press.sk/,20120913082021,skip
http://www.press.sk:80/aktuality/spojenie-zasielkoveho-obchodu-aeromedia-s-www.press.sk,https://web.archive.org/web/20121104134515/http://www.press.sk:80/aktuality/spojenie-zasielkoveho-obchodu-aeromedia-s-www.press.sk,20121104134515,skip
http://www.press.sk:80/aktuality/spojenie-zasielkoveho-obchodu-aeromedia-s-www.press.sk/,https://web.archive.org/web/20121116030713/http://www.press.sk:80/aktuality/spojenie-zasielkoveho-obchodu-aeromedia-s-www.press.sk/,20121116030713,skip
http://www.press.sk:80/aktuality/spojenie-zasielkoveho-obchodu-aeromedia-s-www.press.sk,https://web.archive.org/web/20121230192018/http://www.press.sk:80/aktuality/spojenie-zasielkoveho-obchodu-aeromedia-s-www.press.sk,20121230192018,skip
http://www.press.sk:80/aktuality/spojenie-zasielkoveho-obchodu-aeromedia-s-www.press.sk/,https://web.archive.org/web/20130116211901/http://www.press.sk:80/aktuality/spojenie-zasielkoveho-obchodu-aeromedia-s-www.press.sk/,20130116211901,skip
http://www.press.sk:80/aktuality/spojenie-zasielkoveho-obchodu-aeromedia-s-www.press.sk/,https://web.archive.org/web/20130318185531/http://www.press.sk:80/aktuality/spojenie-zasielkoveho-obchodu-aeromedia-s-www.press.sk/,20130318185531,skip
http://www.press.sk:80/aktuality/spojenie-zasielkoveho-obchodu-aeromedia-s-www.press.sk/,https://web.archive.org/web/20130519200325/http://www.press.sk:80/aktuality/spojenie-zasielkoveho-obchodu-aeromedia-s-www.press.sk/,20130519200325,skip
http://www.press.sk:80/aktuality/spojenie-zasielkoveho-obchodu-aeromedia-s-www.press.sk,https://web.archive.org/web/20130530195033/http://www.press.sk:80/aktuality/spojenie-zasielkoveho-obchodu-aeromedia-s-www.press.sk,20130530195033,skip
http://www.press.sk:80/aktuality/spojenie-zasielkoveho-obchodu-aeromedia-s-www.press.sk/,https://web.archive.org/web/20130719060833/http://www.press.sk:80/aktuality/spojenie-zasielkoveho-obchodu-aeromedia-s-www.press.sk/,20130719060833,skip
http://www.press.sk:80/aktuality/spojenie-zasielkoveho-obchodu-aeromedia-s-www.press.sk/,https://web.archive.org/web/20130917165714/http://www.press.sk:80/aktuality/spojenie-zasielkoveho-obchodu-aeromedia-s-www.press.sk/,20130917165714,skip
http://www.press.sk:80/aktuality/spojenie-zasielkoveho-obchodu-aeromedia-s-www.press.sk/,https://web.archive.org/web/20130918165858/http://www.press.sk:80/aktuality/spojenie-zasielkoveho-obchodu-aeromedia-s-www.press.sk/,20130918165858,skip
http://www.press.sk:80/aktuality/spojenie-zasielkoveho-obchodu-aeromedia-s-www.press.sk/,https://web.archive.org/web/20131203102841/http://www.press.sk:80/aktuality/spojenie-zasielkoveho-obchodu-aeromedia-s-www.press.sk/,20131203102841,skip
http://www.press.sk/aktuality/spojenie-zasielkoveho-obchodu-aeromedia-s-www.press.sk/,https://web.archive.org/web/20131212190513/http://www.press.sk/aktuality/spojenie-zasielkoveho-obchodu-aeromedia-s-www.press.sk/,20131212190513,skip
http://www.press.sk:80/aktuality/spojenie-zasielkoveho-obchodu-aeromedia-s-www.press.sk/,https://web.archive.org/web/20140212020223/http://www.press.sk:80/aktuality/spojenie-zasielkoveho-obchodu-aeromedia-s-www.press.sk/,20140212020223,skip
http://www.press.sk:80/aktuality/spojenie-zasielkoveho-obchodu-aeromedia-s-www.press.sk/,https://web.archive.org/web/20140413203558/http://www.press.sk:80/aktuality/spojenie-zasielkoveho-obchodu-aeromedia-s-www.press.sk/,20140413203558,skip
http://www.press.sk:80/aktuality/spojenie-zasielkoveho-obchodu-aeromedia-s-www.press.sk/,https://web.archive.org/web/20140613141559/http://www.press.sk:80/aktuality/spojenie-zasielkoveho-obchodu-aeromedia-s-www.press.sk/,20140613141559,skip
http://www.press.sk:80/aktuality/spojenie-zasielkoveho-obchodu-aeromedia-s-www.press.sk/,https://web.archive.org/web/20140813152136/http://www.press.sk:80/aktuality/spojenie-zasielkoveho-obchodu-aeromedia-s-www.press.sk/,20140813152136,skip
http://www.press.sk/aktuality/spojenie-zasielkoveho-obchodu-aeromedia-s-www.press.sk/,https://web.archive.org/web/20140827150519/http://www.press.sk/aktuality/spojenie-zasielkoveho-obchodu-aeromedia-s-www.press.sk/,20140827150519,skip
http://www.press.sk:80/aktuality/spojenie-zasielkoveho-obchodu-aeromedia-s-www.press.sk/,https://web.archive.org/web/20140929162352/http://www.press.sk:80/aktuality/spojenie-zasielkoveho-obchodu-aeromedia-s-www.press.sk/,20140929162352,skip
http://www.press.sk:80/aktuality/spojenie-zasielkoveho-obchodu-aeromedia-s-www.press.sk/,https://web.archive.org/web/20141221205639/http://www.press.sk:80/aktuality/spojenie-zasielkoveho-obchodu-aeromedia-s-www.press.sk/,20141221205639,skip
http://www.press.sk/aktuality/spojenie-zasielkoveho-obchodu-aeromedia-s-www.press.sk/,https://web.archive.org/web/20150214071748/http://www.press.sk/aktuality/spojenie-zasielkoveho-obchodu-aeromedia-s-www.press.sk/,20150214071748,skip
http://www.press.sk:80/aktuality/spojenie-zasielkoveho-obchodu-aeromedia-s-www.press.sk/,https://web.archive.org/web/20150307092450/http://www.press.sk:80/aktuality/spojenie-zasielkoveho-obchodu-aeromedia-s-www.press.sk/,20150307092450,skip
http://www.press.sk:80/aktuality/spojenie-zasielkoveho-obchodu-aeromedia-s-www.press.sk/,https://web.archive.org/web/20150507021647/http://www.press.sk:80/aktuality/spojenie-zasielkoveho-obchodu-aeromedia-s-www.press.sk/,20150507021647,skip
http://www.press.sk/aktuality/spojenie-zasielkoveho-obchodu-aeromedia-s-www.press.sk,https://web.archive.org/web/20160313131520/http://www.press.sk/aktuality/spojenie-zasielkoveho-obchodu-aeromedia-s-www.press.sk,20160313131520,skip
http://www.press.sk/aktuality/stavebni-stroje---nova-kolekcia-modelov/,https://web.archive.org/web/20130510200700/http://www.press.sk/aktuality/stavebni-stroje---nova-kolekcia-modelov/,20130510200700,skip
http://www.press.sk:80/aktuality/stihaci-v-boji---letecke-souboje/,https://web.archive.org/web/20110613232509/http://www.press.sk:80/aktuality/stihaci-v-boji---letecke-souboje/,20110613232509,skip
http://www.press.sk:80/aktuality/stihaci-v-boji---letecke-souboje/,https://web.archive.org/web/20110615094405/http://www.press.sk:80/aktuality/stihaci-v-boji---letecke-souboje/,20110615094405,skip
http://www.press.sk:80/aktuality/stihaci-v-boji---letecke-souboje/,https://web.archive.org/web/20110815052911/http://www.press.sk:80/aktuality/stihaci-v-boji---letecke-souboje/,20110815052911,skip
http://www.press.sk:80/aktuality/stihaci-v-boji---letecke-souboje/,https://web.archive.org/web/20111019114436/http://www.press.sk:80/aktuality/stihaci-v-boji---letecke-souboje/,20111019114436,skip
http://www.press.sk:80/aktuality/stihaci-v-boji---letecke-souboje/,https://web.archive.org/web/20111218190903/http://www.press.sk:80/aktuality/stihaci-v-boji---letecke-souboje/,20111218190903,skip
http://www.press.sk/aktuality/stihaci-v-boji---letecke-souboje/,https://web.archive.org/web/20120307161117/http://www.press.sk/aktuality/stihaci-v-boji---letecke-souboje/,20120307161117,skip
http://www.press.sk/aktuality/taxiky-sveta---kolekcia-modelov/,https://web.archive.org/web/20130510201622/http://www.press.sk/aktuality/taxiky-sveta---kolekcia-modelov/,20130510201622,skip
http://www.press.sk/aktuality/the-weathering-magazine--twm-19---pigmenty/,https://web.archive.org/web/20170611114650/http://www.press.sk/aktuality/the-weathering-magazine--twm-19---pigmenty/,20170611114650,skip
http://www.press.sk/aktuality/the-weathering-magazine-twm-18---realne/,https://web.archive.org/web/20170611141505/http://www.press.sk/aktuality/the-weathering-magazine-twm-18---realne/,20170611141505,skip
http://www.press.sk:80/aktuality/valecne-silenstvi---reedicia-vojnovych-dokumentov-za-jedinecne-ceny,https://web.archive.org/web/20120225042312/http://www.press.sk:80/aktuality/valecne-silenstvi---reedicia-vojnovych-dokumentov-za-jedinecne-ceny,20120225042312,skip
http://www.press.sk:80/aktuality/valecne-silenstvi---reedicia-vojnovych-dokumentov-za-jedinecne-ceny/,https://web.archive.org/web/20120226042248/http://www.press.sk:80/aktuality/valecne-silenstvi---reedicia-vojnovych-dokumentov-za-jedinecne-ceny/,20120226042248,skip
http://www.press.sk:80/aktuality/valecne-silenstvi---reedicia-vojnovych-dokumentov-za-jedinecne-ceny,https://web.archive.org/web/20120419084124/http://www.press.sk:80/aktuality/valecne-silenstvi---reedicia-vojnovych-dokumentov-za-jedinecne-ceny,20120419084124,skip
http://www.press.sk:80/aktuality/valecne-silenstvi---reedicia-vojnovych-dokumentov-za-jedinecne-ceny/,https://web.archive.org/web/20120427002747/http://www.press.sk:80/aktuality/valecne-silenstvi---reedicia-vojnovych-dokumentov-za-jedinecne-ceny/,20120427002747,skip
http://www.press.sk:80/aktuality/valecne-silenstvi---reedicia-vojnovych-dokumentov-za-jedinecne-ceny/,https://web.archive.org/web/20120626163451/http://www.press.sk:80/aktuality/valecne-silenstvi---reedicia-vojnovych-dokumentov-za-jedinecne-ceny/,20120626163451,skip
http://www.press.sk:80/aktuality/valecne-silenstvi---reedicia-vojnovych-dokumentov-za-jedinecne-ceny,https://web.archive.org/web/20120627021843/http://www.press.sk:80/aktuality/valecne-silenstvi---reedicia-vojnovych-dokumentov-za-jedinecne-ceny,20120627021843,skip
http://www.press.sk:80/aktuality/valecne-silenstvi---reedicia-vojnovych-dokumentov-za-jedinecne-ceny,https://web.archive.org/web/20120829152532/http://www.press.sk:80/aktuality/valecne-silenstvi---reedicia-vojnovych-dokumentov-za-jedinecne-ceny,20120829152532,skip
http://www.press.sk:80/aktuality/valecne-silenstvi---reedicia-vojnovych-dokumentov-za-jedinecne-ceny,https://web.archive.org/web/20121106054916/http://www.press.sk:80/aktuality/valecne-silenstvi---reedicia-vojnovych-dokumentov-za-jedinecne-ceny,20121106054916,skip
http://www.press.sk:80/aktuality/valecne-silenstvi---reedicia-vojnovych-dokumentov-za-jedinecne-ceny,https://web.archive.org/web/20121228015737/http://www.press.sk:80/aktuality/valecne-silenstvi---reedicia-vojnovych-dokumentov-za-jedinecne-ceny,20121228015737,skip
http://www.press.sk:80/aktuality/valecne-silenstvi---reedicia-vojnovych-dokumentov-za-jedinecne-ceny,https://web.archive.org/web/20130129054120/http://www.press.sk:80/aktuality/valecne-silenstvi---reedicia-vojnovych-dokumentov-za-jedinecne-ceny,20130129054120,skip
http://www.press.sk:80/aktuality/valecne-silenstvi---reedicia-vojnovych-dokumentov-za-jedinecne-ceny,https://web.archive.org/web/20130331150714/http://www.press.sk:80/aktuality/valecne-silenstvi---reedicia-vojnovych-dokumentov-za-jedinecne-ceny,20130331150714,skip
http://www.press.sk:80/aktuality/valecne-silenstvi---reedicia-vojnovych-dokumentov-za-jedinecne-ceny,https://web.archive.org/web/20130524201329/http://www.press.sk:80/aktuality/valecne-silenstvi---reedicia-vojnovych-dokumentov-za-jedinecne-ceny,20130524201329,skip
http://www.press.sk:80/aktuality/vojenske-misie/,https://web.archive.org/web/20121009021630/http://www.press.sk:80/aktuality/vojenske-misie/,20121009021630,skip
http://www.press.sk/aktuality/vojenske-misie/,https://web.archive.org/web/20130510224412/http://www.press.sk/aktuality/vojenske-misie/,20130510224412,skip
http://www.press.sk:80/aktuality/vyber-periodik-45.tyzden/,https://web.archive.org/web/20090125141436/http://www.press.sk:80/aktuality/vyber-periodik-45.tyzden/,20090125141436,skip
http://www.press.sk:80/aktuality/vyber-periodik-47.tyzden/,https://web.archive.org/web/20081208022713/http://www.press.sk:80/aktuality/vyber-periodik-47.tyzden/,20081208022713,skip
http://www.press.sk:80/aktuality/vyber-periodik-47.tyzden/,https://web.archive.org/web/20090125141455/http://www.press.sk:80/aktuality/vyber-periodik-47.tyzden/,20090125141455,skip
http://www.press.sk:80/aktuality/vyber-z-periodik-49.tyzden/,https://web.archive.org/web/20090125141512/http://www.press.sk:80/aktuality/vyber-z-periodik-49.tyzden/,20090125141512,skip
http://www.press.sk/aktuality/vyhercovia-sutaze-macko-pusik---marec-2014/,https://web.archive.org/web/20140812072944/http://www.press.sk/aktuality/vyhercovia-sutaze-macko-pusik---marec-2014/,20140812072944,skip
http://www.press.sk/aktuality/zbarveni-a-oznacovani-vozidel-ceskoslovenske-armady-v-letech-1945n1992/,https://web.archive.org/web/20170405212253/http://www.press.sk/aktuality/zbarveni-a-oznacovani-vozidel-ceskoslovenske-armady-v-letech-1945n1992/,20170405212253,skip
https://www.press.sk/akvaristika/,https://web.archive.org/web/20190721074158/https://www.press.sk/akvaristika/,20190721074158,skip
https://www.press.sk/akvaristika/,https://web.archive.org/web/20190923211303/https://www.press.sk/akvaristika/,20190923211303,skip
https://www.press.sk/akvaristika/,https://web.archive.org/web/20191119033839/https://www.press.sk/akvaristika/,20191119033839,skip
https://www.press.sk/akvaristika/,https://web.archive.org/web/20230311055259/https://www.press.sk/akvaristika/,20230311055259,skip
https://www.press.sk/akvaristika/akvarium+20289/,https://web.archive.org/web/20190822224312/https://www.press.sk/akvaristika/akvarium+20289/,20190822224312,skip
http://www.press.sk:80/akvaristika/vase-akvarium,https://web.archive.org/web/20170410110122/http://www.press.sk:80/akvaristika/vase-akvarium,20170410110122,skip
http://www.press.sk:80/akvaristika/vase-akvarium,https://web.archive.org/web/20170515050428/http://www.press.sk:80/akvaristika/vase-akvarium,20170515050428,skip
https://www.press.sk/alternativna-medicina/,https://web.archive.org/web/20170731135159/https://www.press.sk/alternativna-medicina/,20170731135159,skip
https://www.press.sk/alternativna-medicina/,https://web.archive.org/web/20190724005914/https://www.press.sk/alternativna-medicina/,20190724005914,skip
https://www.press.sk/alternativna-medicina/,https://web.archive.org/web/20190922085208/https://www.press.sk/alternativna-medicina/,20190922085208,skip
https://www.press.sk/alternativna-medicina/,https://web.archive.org/web/20191115190939/https://www.press.sk/alternativna-medicina/,20191115190939,skip
https://www.press.sk/alternativna-medicina/,https://web.archive.org/web/20230311055300/https://www.press.sk/alternativna-medicina/,20230311055300,skip
https://www.press.sk/alternativna-medicina/carodejne-byliny-znovuobjevene-znalosti-babek-korenarek/,https://web.archive.org/web/20191020012757/https://www.press.sk/alternativna-medicina/carodejne-byliny-znovuobjevene-znalosti-babek-korenarek/,20191020012757,skip
https://www.press.sk/alternativna-medicina/cinska-medicina-pro-kazdy-den/,https://web.archive.org/web/20191017083131/https://www.press.sk/alternativna-medicina/cinska-medicina-pro-kazdy-den/,20191017083131,skip
https://www.press.sk/alternativna-medicina/cinska-medicina-pro-kazdy-den/,https://web.archive.org/web/20191205214920/https://www.press.sk/alternativna-medicina/cinska-medicina-pro-kazdy-den/,20191205214920,skip
https://www.press.sk/alternativna-medicina/cirkadianni-kod-proti-cukrovce-odhalte-spravny-cas-kdy-jist-spat/,https://web.archive.org/web/20230311055307/https://www.press.sk/alternativna-medicina/cirkadianni-kod-proti-cukrovce-odhalte-spravny-cas-kdy-jist-spat/,20230311055307,skip
https://www.press.sk/alternativna-medicina/cvicime-v-kancelari-jednoduche-cviky-proti-bolesti-zad/,https://web.archive.org/web/20190721071408/https://www.press.sk/alternativna-medicina/cvicime-v-kancelari-jednoduche-cviky-proti-bolesti-zad/,20190721071408,skip
https://www.press.sk/alternativna-medicina/cvicime-v-kancelari-jednoduche-cviky-proti-bolesti-zad/,https://web.archive.org/web/20190922145225/https://www.press.sk/alternativna-medicina/cvicime-v-kancelari-jednoduche-cviky-proti-bolesti-zad/,20190922145225,skip
https://www.press.sk/alternativna-medicina/cvicime-v-kancelari-jednoduche-cviky-proti-bolesti-zad/,https://web.archive.org/web/20191122011012/https://www.press.sk/alternativna-medicina/cvicime-v-kancelari-jednoduche-cviky-proti-bolesti-zad/,20191122011012,skip
https://www.press.sk/alternativna-medicina/lesni-lekarna/,https://web.archive.org/web/20190721214916/https://www.press.sk/alternativna-medicina/lesni-lekarna/,20190721214916,skip
https://www.press.sk/alternativna-medicina/lesni-lekarna/,https://web.archive.org/web/20190922145652/https://www.press.sk/alternativna-medicina/lesni-lekarna/,20190922145652,skip
https://www.press.sk/alternativna-medicina/lesni-lekarna/,https://web.archive.org/web/20191113155852/https://www.press.sk/alternativna-medicina/lesni-lekarna/,20191113155852,skip
https://www.press.sk/alternativna-medicina/medunka-adresar-pomoci/,https://web.archive.org/web/20190822230613/https://www.press.sk/alternativna-medicina/medunka-adresar-pomoci/,20190822230613,skip
https://www.press.sk/alternativna-medicina/medunka-adresar-pomoci/,https://web.archive.org/web/20191013234651/https://www.press.sk/alternativna-medicina/medunka-adresar-pomoci/,20191013234651,skip
https://www.press.sk/alternativna-medicina/medunka-adresar-pomoci/,https://web.archive.org/web/20191207100749/https://www.press.sk/alternativna-medicina/medunka-adresar-pomoci/,20191207100749,skip
https://www.press.sk/alternativna-medicina/medunka-adresar-pomoci/,https://web.archive.org/web/20230311055306/https://www.press.sk/alternativna-medicina/medunka-adresar-pomoci/,20230311055306,skip
https://www.press.sk/alternativna-medicina/uzitecne-bakterie-pro-zdravou-pokozku-jak-nam-pomohou-pre-a-prob/,https://web.archive.org/web/20230311055306/https://www.press.sk/alternativna-medicina/uzitecne-bakterie-pro-zdravou-pokozku-jak-nam-pomohou-pre-a-prob/,20230311055306,skip
https://www.press.sk/alternativna-medicina/zdravi-z-bozi-lekarny/,https://web.archive.org/web/20190825011022/https://www.press.sk/alternativna-medicina/zdravi-z-bozi-lekarny/,20190825011022,skip
http://www.press.sk:80/amercom/,https://web.archive.org/web/20111204213913/http://www.press.sk:80/amercom/,20111204213913,skip
http://www.press.sk:80/amercom/,https://web.archive.org/web/20120203131315/http://www.press.sk:80/amercom/,20120203131315,skip
http://www.press.sk:80/amercom,https://web.archive.org/web/20120225042317/http://www.press.sk:80/amercom,20120225042317,skip
http://www.press.sk:80/amercom/,https://web.archive.org/web/20120404045018/http://www.press.sk:80/amercom/,20120404045018,skip
http://www.press.sk:80/amercom,https://web.archive.org/web/20120419212926/http://www.press.sk:80/amercom,20120419212926,skip
http://www.press.sk:80/amercom/,https://web.archive.org/web/20120422162820/http://www.press.sk:80/amercom/,20120422162820,skip
http://www.press.sk:80/amercom,https://web.archive.org/web/20120528194037/http://www.press.sk:80/amercom,20120528194037,skip
http://www.press.sk:80/amercom/,https://web.archive.org/web/20120622065749/http://www.press.sk:80/amercom/,20120622065749,skip
http://www.press.sk:80/amercom,https://web.archive.org/web/20120629122108/http://www.press.sk:80/amercom,20120629122108,skip
http://www.press.sk:80/amercom/,https://web.archive.org/web/20120823013653/http://www.press.sk:80/amercom/,20120823013653,skip
http://www.press.sk:80/amercom,https://web.archive.org/web/20120828112903/http://www.press.sk:80/amercom,20120828112903,skip
http://www.press.sk:80/amercom/,https://web.archive.org/web/20121022081136/http://www.press.sk:80/amercom/,20121022081136,skip
http://www.press.sk:80/amercom,https://web.archive.org/web/20121103204418/http://www.press.sk:80/amercom,20121103204418,skip
http://www.press.sk:80/amercom/,https://web.archive.org/web/20121222013151/http://www.press.sk:80/amercom/,20121222013151,skip
http://www.press.sk:80/amercom,https://web.archive.org/web/20121230015302/http://www.press.sk:80/amercom,20121230015302,skip
http://www.press.sk:80/amercom/,https://web.archive.org/web/20130221035815/http://www.press.sk:80/amercom/,20130221035815,skip
http://www.press.sk:80/amercom,https://web.archive.org/web/20130329121607/http://www.press.sk:80/amercom,20130329121607,skip
http://www.press.sk:80/amercom/,https://web.archive.org/web/20130424064219/http://www.press.sk:80/amercom/,20130424064219,skip
http://www.press.sk/amercom/,https://web.archive.org/web/20130425052145/http://www.press.sk/amercom/,20130425052145,skip
http://www.press.sk:80/amercom,https://web.archive.org/web/20130529200213/http://www.press.sk:80/amercom,20130529200213,skip
http://www.press.sk:80/amercom/,https://web.archive.org/web/20130624121522/http://www.press.sk:80/amercom/,20130624121522,skip
http://www.press.sk:80/amercom/,https://web.archive.org/web/20130824075305/http://www.press.sk:80/amercom/,20130824075305,skip
http://www.press.sk/amercom/,https://web.archive.org/web/20130906145008/http://www.press.sk/amercom/,20130906145008,skip
http://www.press.sk:80/amercom/,https://web.archive.org/web/20131024003653/http://www.press.sk:80/amercom/,20131024003653,skip
http://www.press.sk:80/amercom/,https://web.archive.org/web/20131223220207/http://www.press.sk:80/amercom/,20131223220207,skip
http://www.press.sk/amercom/,https://web.archive.org/web/20140117060345/http://www.press.sk/amercom/,20140117060345,skip
http://www.press.sk:80/amercom,https://web.archive.org/web/20140126000554/http://www.press.sk:80/amercom,20140126000554,skip
http://www.press.sk/amercom/,https://web.archive.org/web/20140214102127/http://www.press.sk/amercom/,20140214102127,skip
http://www.press.sk:80/amercom/,https://web.archive.org/web/20140222120735/http://www.press.sk:80/amercom/,20140222120735,skip
http://www.press.sk:80/amercom,https://web.archive.org/web/20140226080320/http://www.press.sk:80/amercom,20140226080320,skip
http://www.press.sk:80/amercom/,https://web.archive.org/web/20140424064408/http://www.press.sk:80/amercom/,20140424064408,skip
http://www.press.sk:80/amercom,https://web.archive.org/web/20140705062207/http://www.press.sk:80/amercom,20140705062207,skip
http://www.press.sk:80/amercom,https://web.archive.org/web/20140706064421/http://www.press.sk:80/amercom,20140706064421,skip
http://www.press.sk/amercom/,https://web.archive.org/web/20140813074434/http://www.press.sk/amercom/,20140813074434,skip
http://www.press.sk:80/amercom/,https://web.archive.org/web/20140823194555/http://www.press.sk:80/amercom/,20140823194555,skip
http://www.press.sk:80/amercom/,https://web.archive.org/web/20141006014657/http://www.press.sk:80/amercom/,20141006014657,skip
http://www.press.sk:80/amercom/,https://web.archive.org/web/20141208004155/http://www.press.sk:80/amercom/,20141208004155,skip
http://www.press.sk:80/amercom,https://web.archive.org/web/20150308123520/http://www.press.sk:80/amercom,20150308123520,skip
http://www.press.sk:80/amercom/,https://web.archive.org/web/20150310090928/http://www.press.sk:80/amercom/,20150310090928,skip
http://www.press.sk:80/amercom,https://web.archive.org/web/20150408170214/http://www.press.sk:80/amercom,20150408170214,skip
http://www.press.sk/amercom/,https://web.archive.org/web/20150418193131/http://www.press.sk/amercom/,20150418193131,skip
http://www.press.sk:80/amercom,https://web.archive.org/web/20150509070021/http://www.press.sk:80/amercom,20150509070021,skip
http://www.press.sk:80/amercom/,https://web.archive.org/web/20150509194214/http://www.press.sk:80/amercom/,20150509194214,skip
http://www.press.sk:80/amercom,https://web.archive.org/web/20150609043406/http://www.press.sk:80/amercom,20150609043406,skip
http://www.press.sk:80/amercom,https://web.archive.org/web/20150710102235/http://www.press.sk:80/amercom,20150710102235,skip
http://www.press.sk:80/amercom/,https://web.archive.org/web/20150711130359/http://www.press.sk:80/amercom/,20150711130359,skip
http://www.press.sk:80/amercom,https://web.archive.org/web/20150810124209/http://www.press.sk:80/amercom,20150810124209,skip
http://www.press.sk:80/amercom/,https://web.archive.org/web/20150909214520/http://www.press.sk:80/amercom/,20150909214520,skip
http://www.press.sk:80/amercom,https://web.archive.org/web/20150910104309/http://www.press.sk:80/amercom,20150910104309,skip
http://www.press.sk:80/amercom/,https://web.archive.org/web/20151109051301/http://www.press.sk:80/amercom/,20151109051301,skip
http://www.press.sk:80/amercom,https://web.archive.org/web/20151113012758/http://www.press.sk:80/amercom,20151113012758,skip
http://www.press.sk:80/amercom,https://web.archive.org/web/20151215142010/http://www.press.sk:80/amercom,20151215142010,skip
http://www.press.sk:80/amercom/,https://web.archive.org/web/20160110044148/http://www.press.sk:80/amercom/,20160110044148,skip
http://www.press.sk:80/amercom/,https://web.archive.org/web/20160311074129/http://www.press.sk:80/amercom/,20160311074129,skip
http://www.press.sk/amercom/,https://web.archive.org/web/20160324110645/http://www.press.sk/amercom/,20160324110645,skip
http://www.press.sk:80/amercom,https://web.archive.org/web/20160330111724/http://www.press.sk:80/amercom,20160330111724,skip
http://www.press.sk:80/amercom/,https://web.archive.org/web/20160511122346/http://www.press.sk:80/amercom/,20160511122346,skip
http://www.press.sk:80/amercom,https://web.archive.org/web/20160514033937/http://www.press.sk:80/amercom,20160514033937,skip
http://www.press.sk:80/amercom,https://web.archive.org/web/20160515135524/http://www.press.sk:80/amercom,20160515135524,skip
http://www.press.sk:80/amercom,https://web.archive.org/web/20160616080408/http://www.press.sk:80/amercom,20160616080408,skip
http://www.press.sk/amercom/,https://web.archive.org/web/20160624005726/http://www.press.sk/amercom/,20160624005726,skip
http://www.press.sk:80/amercom/,https://web.archive.org/web/20160711113135/http://www.press.sk:80/amercom/,20160711113135,skip
http://www.press.sk:80/amercom/,https://web.archive.org/web/20160910135651/http://www.press.sk:80/amercom/,20160910135651,skip
http://www.press.sk/amercom/,https://web.archive.org/web/20161030105239/http://www.press.sk/amercom/,20161030105239,skip
http://www.press.sk:80/amercom/,https://web.archive.org/web/20161110234109/http://www.press.sk:80/amercom/,20161110234109,skip
http://www.press.sk:80/amercom/,https://web.archive.org/web/20161207113125/http://www.press.sk:80/amercom/,20161207113125,skip
http://www.press.sk:80/amercom/bojova-vozidla-c.01/,https://web.archive.org/web/20120226094807/http://www.press.sk:80/amercom/bojova-vozidla-c.01/,20120226094807,skip
http://www.press.sk:80/amercom/bojova-vozidla-c.01,https://web.archive.org/web/20120827043410/http://www.press.sk:80/amercom/bojova-vozidla-c.01,20120827043410,skip
http://www.press.sk:80/amercom/bojova-vozidla-c.01/,https://web.archive.org/web/20120828152259/http://www.press.sk:80/amercom/bojova-vozidla-c.01/,20120828152259,skip
http://www.press.sk:80/amercom/bojova-vozidla-c.01,https://web.archive.org/web/20121114113001/http://www.press.sk:80/amercom/bojova-vozidla-c.01,20121114113001,skip
http://www.press.sk:80/amercom/bojova-vozidla-c.01,https://web.archive.org/web/20121229231936/http://www.press.sk:80/amercom/bojova-vozidla-c.01,20121229231936,skip
http://www.press.sk/amercom/bojova-vozidla-c.01/,https://web.archive.org/web/20130510234732/http://www.press.sk/amercom/bojova-vozidla-c.01/,20130510234732,skip
http://www.press.sk:80/amercom/bojova-vozidla-c.01,https://web.archive.org/web/20130529063410/http://www.press.sk:80/amercom/bojova-vozidla-c.01,20130529063410,skip
http://www.press.sk:80/amercom/bojova-vozidla-c.01/,https://web.archive.org/web/20140127032851/http://www.press.sk:80/amercom/bojova-vozidla-c.01/,20140127032851,skip
http://www.press.sk:80/amercom/bojova-vozidla-c.02/,https://web.archive.org/web/20120226095610/http://www.press.sk:80/amercom/bojova-vozidla-c.02/,20120226095610,skip
http://www.press.sk/amercom/bojova-vozidla-c.02/,https://web.archive.org/web/20130622153523/http://www.press.sk/amercom/bojova-vozidla-c.02/,20130622153523,skip
http://www.press.sk:80/amercom/bojova-vozidla-c.03/,https://web.archive.org/web/20120226093304/http://www.press.sk:80/amercom/bojova-vozidla-c.03/,20120226093304,skip
http://www.press.sk/amercom/bojova-vozidla-c.03/,https://web.archive.org/web/20130622163821/http://www.press.sk/amercom/bojova-vozidla-c.03/,20130622163821,skip
http://www.press.sk:80/amercom/bojova-vozidla-c.04/,https://web.archive.org/web/20120226093309/http://www.press.sk:80/amercom/bojova-vozidla-c.04/,20120226093309,skip
http://www.press.sk/amercom/bojova-vozidla-c.04/,https://web.archive.org/web/20130622163812/http://www.press.sk/amercom/bojova-vozidla-c.04/,20130622163812,skip
http://www.press.sk:80/amercom/bojova-vozidla-c.05/,https://web.archive.org/web/20120226094812/http://www.press.sk:80/amercom/bojova-vozidla-c.05/,20120226094812,skip
http://www.press.sk/amercom/bojova-vozidla-c.05/,https://web.archive.org/web/20130622153550/http://www.press.sk/amercom/bojova-vozidla-c.05/,20130622153550,skip
http://www.press.sk:80/amercom/bojova-vozidla-c.06/,https://web.archive.org/web/20120226093314/http://www.press.sk:80/amercom/bojova-vozidla-c.06/,20120226093314,skip
http://www.press.sk/amercom/bojova-vozidla-c.06/,https://web.archive.org/web/20130622152012/http://www.press.sk/amercom/bojova-vozidla-c.06/,20130622152012,skip
http://www.press.sk:80/amercom/bojova-vozidla-c.07/,https://web.archive.org/web/20120226093319/http://www.press.sk:80/amercom/bojova-vozidla-c.07/,20120226093319,skip
http://www.press.sk/amercom/bojova-vozidla-c.07/,https://web.archive.org/web/20130622142317/http://www.press.sk/amercom/bojova-vozidla-c.07/,20130622142317,skip
http://www.press.sk:80/amercom/bojova-vozidla-c.08/,https://web.archive.org/web/20120226095426/http://www.press.sk:80/amercom/bojova-vozidla-c.08/,20120226095426,skip
http://www.press.sk/amercom/bojova-vozidla-c.08/,https://web.archive.org/web/20130622152101/http://www.press.sk/amercom/bojova-vozidla-c.08/,20130622152101,skip
http://www.press.sk:80/amercom/bojova-vozidla-c.09/,https://web.archive.org/web/20120226095857/http://www.press.sk:80/amercom/bojova-vozidla-c.09/,20120226095857,skip
http://www.press.sk/amercom/bojova-vozidla-c.09/,https://web.archive.org/web/20130622144818/http://www.press.sk/amercom/bojova-vozidla-c.09/,20130622144818,skip
http://www.press.sk:80/amercom/bojova-vozidla-c.10/,https://web.archive.org/web/20120226095902/http://www.press.sk:80/amercom/bojova-vozidla-c.10/,20120226095902,skip
http://www.press.sk/amercom/bojova-vozidla-c.10/,https://web.archive.org/web/20130622161451/http://www.press.sk/amercom/bojova-vozidla-c.10/,20130622161451,skip
http://www.press.sk:80/amercom/bojova-vozidla-c.11/,https://web.archive.org/web/20120226095907/http://www.press.sk:80/amercom/bojova-vozidla-c.11/,20120226095907,skip
http://www.press.sk/amercom/bojova-vozidla-c.11/,https://web.archive.org/web/20130622164926/http://www.press.sk/amercom/bojova-vozidla-c.11/,20130622164926,skip
http://www.press.sk:80/amercom/bojova-vozidla-c.12/,https://web.archive.org/web/20120226095615/http://www.press.sk:80/amercom/bojova-vozidla-c.12/,20120226095615,skip
http://www.press.sk/amercom/bojova-vozidla-c.12/,https://web.archive.org/web/20130622141744/http://www.press.sk/amercom/bojova-vozidla-c.12/,20130622141744,skip
http://www.press.sk:80/amercom/bojova-vozidla-c.13/,https://web.archive.org/web/20120226095431/http://www.press.sk:80/amercom/bojova-vozidla-c.13/,20120226095431,skip
http://www.press.sk/amercom/bojova-vozidla-c.13/,https://web.archive.org/web/20130622145339/http://www.press.sk/amercom/bojova-vozidla-c.13/,20130622145339,skip
http://www.press.sk/amercom/bojova-vozidla-c.14/,https://web.archive.org/web/20130622144622/http://www.press.sk/amercom/bojova-vozidla-c.14/,20130622144622,skip
http://www.press.sk:80/amercom/bojova-vozidla-c.15/,https://web.archive.org/web/20120226095436/http://www.press.sk:80/amercom/bojova-vozidla-c.15/,20120226095436,skip
http://www.press.sk/amercom/bojova-vozidla-c.15/,https://web.archive.org/web/20130622143039/http://www.press.sk/amercom/bojova-vozidla-c.15/,20130622143039,skip
http://www.press.sk:80/amercom/bojova-vozidla-c.16/,https://web.archive.org/web/20120226095912/http://www.press.sk:80/amercom/bojova-vozidla-c.16/,20120226095912,skip
http://www.press.sk/amercom/bojova-vozidla-c.16/,https://web.archive.org/web/20130622164908/http://www.press.sk/amercom/bojova-vozidla-c.16/,20130622164908,skip
http://www.press.sk:80/amercom/bojova-vozidla-c.17/,https://web.archive.org/web/20120226095620/http://www.press.sk:80/amercom/bojova-vozidla-c.17/,20120226095620,skip
http://www.press.sk/amercom/bojova-vozidla-c.17/,https://web.archive.org/web/20130622161528/http://www.press.sk/amercom/bojova-vozidla-c.17/,20130622161528,skip
http://www.press.sk/amercom/bojova-vozidla-c.18/,https://web.archive.org/web/20130622164943/http://www.press.sk/amercom/bojova-vozidla-c.18/,20130622164943,skip
http://www.press.sk/amercom/bojova-vozidla-c.19/,https://web.archive.org/web/20130622161622/http://www.press.sk/amercom/bojova-vozidla-c.19/,20130622161622,skip
http://www.press.sk/amercom/bojova-vozidla-c.20/,https://web.archive.org/web/20130622160716/http://www.press.sk/amercom/bojova-vozidla-c.20/,20130622160716,skip
http://www.press.sk/amercom/bojova-vozidla-c.21/,https://web.archive.org/web/20130622164615/http://www.press.sk/amercom/bojova-vozidla-c.21/,20130622164615,skip
http://www.press.sk/amercom/bojova-vozidla-c.22/,https://web.archive.org/web/20130622143057/http://www.press.sk/amercom/bojova-vozidla-c.22/,20130622143057,skip
http://www.press.sk/amercom/bojova-vozidla-c.23/,https://web.archive.org/web/20130622145316/http://www.press.sk/amercom/bojova-vozidla-c.23/,20130622145316,skip
http://www.press.sk/amercom/bojova-vozidla-c.24/,https://web.archive.org/web/20130622145258/http://www.press.sk/amercom/bojova-vozidla-c.24/,20130622145258,skip
http://www.press.sk/amercom/bojova-vozidla-c.25/,https://web.archive.org/web/20130622141940/http://www.press.sk/amercom/bojova-vozidla-c.25/,20130622141940,skip
http://www.press.sk/amercom/bojova-vozidla-c.26/,https://web.archive.org/web/20130622164655/http://www.press.sk/amercom/bojova-vozidla-c.26/,20130622164655,skip
http://www.press.sk/amercom/bojova-vozidla-c.27/,https://web.archive.org/web/20130622160700/http://www.press.sk/amercom/bojova-vozidla-c.27/,20130622160700,skip
http://www.press.sk/amercom/bojova-vozidla-c.28/,https://web.archive.org/web/20130622164541/http://www.press.sk/amercom/bojova-vozidla-c.28/,20130622164541,skip
http://www.press.sk/amercom/bojova-vozidla-c.29/,https://web.archive.org/web/20130622160629/http://www.press.sk/amercom/bojova-vozidla-c.29/,20130622160629,skip
http://www.press.sk:80/amercom/bojova-vozidla-c.30/,https://web.archive.org/web/20120226093324/http://www.press.sk:80/amercom/bojova-vozidla-c.30/,20120226093324,skip
http://www.press.sk/amercom/bojova-vozidla-c.30/,https://web.archive.org/web/20130510231427/http://www.press.sk/amercom/bojova-vozidla-c.30/,20130510231427,skip
http://www.press.sk:80/amercom/bojova-vozidla-c.30/,https://web.archive.org/web/20140127032856/http://www.press.sk:80/amercom/bojova-vozidla-c.30/,20140127032856,skip
http://www.press.sk:80/amercom/bojova-vozidla-c.30/,https://web.archive.org/web/20150311041125/http://www.press.sk:80/amercom/bojova-vozidla-c.30/,20150311041125,skip
http://www.press.sk:80/amercom/bojova-vozidla-c.30/,https://web.archive.org/web/20151114183543/http://www.press.sk:80/amercom/bojova-vozidla-c.30/,20151114183543,skip
http://www.press.sk/amercom/bojova-vozidla-c.31/,https://web.archive.org/web/20130622152344/http://www.press.sk/amercom/bojova-vozidla-c.31/,20130622152344,skip
http://www.press.sk:80/amercom/bojova-vozidla-c.49/,https://web.archive.org/web/20120831150500/http://www.press.sk:80/amercom/bojova-vozidla-c.49/,20120831150500,skip
http://www.press.sk/amercom/bojova-vozidla-c.62/,https://web.archive.org/web/20130622040924/http://www.press.sk/amercom/bojova-vozidla-c.62/,20130622040924,skip
http://www.press.sk/amercom/bojova-vozidla-c.63/,https://web.archive.org/web/20130622051119/http://www.press.sk/amercom/bojova-vozidla-c.63/,20130622051119,skip
http://www.press.sk/amercom/bojova-vozidla-c.64/,https://web.archive.org/web/20130622051050/http://www.press.sk/amercom/bojova-vozidla-c.64/,20130622051050,skip
http://www.press.sk/amercom/bojova-vozidla-c.65/,https://web.archive.org/web/20130622041022/http://www.press.sk/amercom/bojova-vozidla-c.65/,20130622041022,skip
http://www.press.sk/amercom/bojova-vozidla-c.66/,https://web.archive.org/web/20130622124710/http://www.press.sk/amercom/bojova-vozidla-c.66/,20130622124710,skip
http://www.press.sk/amercom/bojova-vozidla-c.67/,https://web.archive.org/web/20130622121749/http://www.press.sk/amercom/bojova-vozidla-c.67/,20130622121749,skip
http://www.press.sk:80/amercom/bojova-vozidla-kolekcia-modelov/,https://web.archive.org/web/20120226095625/http://www.press.sk:80/amercom/bojova-vozidla-kolekcia-modelov/,20120226095625,skip
http://www.press.sk/amercom/bojova-vozidla-kolekcia-modelov/,https://web.archive.org/web/20130511003913/http://www.press.sk/amercom/bojova-vozidla-kolekcia-modelov/,20130511003913,skip
http://www.press.sk:80/amercom/bojova-vozidla-kolekcia-modelov/,https://web.archive.org/web/20140127032901/http://www.press.sk:80/amercom/bojova-vozidla-kolekcia-modelov/,20140127032901,skip
http://www.press.sk:80/amercom/bojova-vozidla-kolekcia-modelov/,https://web.archive.org/web/20150311041130/http://www.press.sk:80/amercom/bojova-vozidla-kolekcia-modelov/,20150311041130,skip
http://www.press.sk/amercom/hasicsti-giganti-c.03/,https://web.archive.org/web/20130622025905/http://www.press.sk/amercom/hasicsti-giganti-c.03/,20130622025905,skip
http://www.press.sk/amercom/hasicsti-giganti-c.04/,https://web.archive.org/web/20130622124222/http://www.press.sk/amercom/hasicsti-giganti-c.04/,20130622124222,skip
http://www.press.sk/amercom/hasicsti-giganti-c.05/,https://web.archive.org/web/20130622115933/http://www.press.sk/amercom/hasicsti-giganti-c.05/,20130622115933,skip
http://www.press.sk/amercom/hasicsti-giganti-c.13/,https://web.archive.org/web/20140214081921/http://www.press.sk/amercom/hasicsti-giganti-c.13/,20140214081921,skip
http://www.press.sk/amercom/helikoptery-sveta-c.30/,https://web.archive.org/web/20130622043458/http://www.press.sk/amercom/helikoptery-sveta-c.30/,20130622043458,skip
http://www.press.sk/amercom/helikoptery-sveta-c.31/,https://web.archive.org/web/20130622054619/http://www.press.sk/amercom/helikoptery-sveta-c.31/,20130622054619,skip
http://www.press.sk/amercom/helikoptery-sveta-c.32/,https://web.archive.org/web/20130622015435/http://www.press.sk/amercom/helikoptery-sveta-c.32/,20130622015435,skip
http://www.press.sk/amercom/helikoptery-sveta-c.33/,https://web.archive.org/web/20130622030855/http://www.press.sk/amercom/helikoptery-sveta-c.33/,20130622030855,skip
http://www.press.sk/amercom/helikoptery-sveta-c.34/,https://web.archive.org/web/20130622123702/http://www.press.sk/amercom/helikoptery-sveta-c.34/,20130622123702,skip
http://www.press.sk:80/amercom/kolekcia-hasicskych-vozidiel-c.43/,https://web.archive.org/web/20111209182300/http://www.press.sk:80/amercom/kolekcia-hasicskych-vozidiel-c.43/,20111209182300,skip
http://www.press.sk/amercom/kosmos-tajemstvi-vesmiru-c.01/,https://web.archive.org/web/20130622161253/http://www.press.sk/amercom/kosmos-tajemstvi-vesmiru-c.01/,20130622161253,skip
http://www.press.sk/amercom/kosmos-tajemstvi-vesmiru-c.02/,https://web.archive.org/web/20130622122408/http://www.press.sk/amercom/kosmos-tajemstvi-vesmiru-c.02/,20130622122408,skip
http://www.press.sk/amercom/kosmos-tajemstvi-vesmiru-c.03/,https://web.archive.org/web/20130622115602/http://www.press.sk/amercom/kosmos-tajemstvi-vesmiru-c.03/,20130622115602,skip
http://www.press.sk/amercom/kosmos-tajemstvi-vesmiru-c.04/,https://web.archive.org/web/20130622115436/http://www.press.sk/amercom/kosmos-tajemstvi-vesmiru-c.04/,20130622115436,skip
http://www.press.sk/amercom/kosmos-tajemstvi-vesmiru-c.05/,https://web.archive.org/web/20130622123903/http://www.press.sk/amercom/kosmos-tajemstvi-vesmiru-c.05/,20130622123903,skip
http://www.press.sk/amercom/kosmos-tajemstvi-vesmiru-c.06/,https://web.archive.org/web/20130622133101/http://www.press.sk/amercom/kosmos-tajemstvi-vesmiru-c.06/,20130622133101,skip
http://www.press.sk/amercom/kosmos-tajemstvi-vesmiru-c.07/,https://web.archive.org/web/20130622141749/http://www.press.sk/amercom/kosmos-tajemstvi-vesmiru-c.07/,20130622141749,skip
http://www.press.sk/amercom/kosmos-tajemstvi-vesmiru-c.08/,https://web.archive.org/web/20130622132807/http://www.press.sk/amercom/kosmos-tajemstvi-vesmiru-c.08/,20130622132807,skip
http://www.press.sk/amercom/kosmos-tajemstvi-vesmiru-c.09/,https://web.archive.org/web/20130622135419/http://www.press.sk/amercom/kosmos-tajemstvi-vesmiru-c.09/,20130622135419,skip
http://www.press.sk/amercom/kosmos-tajemstvi-vesmiru-c.10/,https://web.archive.org/web/20130622124714/http://www.press.sk/amercom/kosmos-tajemstvi-vesmiru-c.10/,20130622124714,skip
http://www.press.sk/amercom/kosmos-tajemstvi-vesmiru-c.11/,https://web.archive.org/web/20130622120502/http://www.press.sk/amercom/kosmos-tajemstvi-vesmiru-c.11/,20130622120502,skip
http://www.press.sk/amercom/kosmos-tajemstvi-vesmiru-c.12/,https://web.archive.org/web/20130622140703/http://www.press.sk/amercom/kosmos-tajemstvi-vesmiru-c.12/,20130622140703,skip
http://www.press.sk/amercom/kosmos-tajemstvi-vesmiru-c.13/,https://web.archive.org/web/20130622130500/http://www.press.sk/amercom/kosmos-tajemstvi-vesmiru-c.13/,20130622130500,skip
http://www.press.sk/amercom/kosmos-tajemstvi-vesmiru-c.14/,https://web.archive.org/web/20130622130219/http://www.press.sk/amercom/kosmos-tajemstvi-vesmiru-c.14/,20130622130219,skip
http://www.press.sk/amercom/kosmos-tajemstvi-vesmiru-c.15/,https://web.archive.org/web/20130622135751/http://www.press.sk/amercom/kosmos-tajemstvi-vesmiru-c.15/,20130622135751,skip
http://www.press.sk:80/amercom/kosmos-tajemstvi-vesmiru-c.16/,https://web.archive.org/web/20120226095631/http://www.press.sk:80/amercom/kosmos-tajemstvi-vesmiru-c.16/,20120226095631,skip
http://www.press.sk/amercom/kosmos-tajemstvi-vesmiru-c.17/,https://web.archive.org/web/20130622124933/http://www.press.sk/amercom/kosmos-tajemstvi-vesmiru-c.17/,20130622124933,skip
http://www.press.sk/amercom/kosmos-tajemstvi-vesmiru-c.18/,https://web.archive.org/web/20130622120422/http://www.press.sk/amercom/kosmos-tajemstvi-vesmiru-c.18/,20130622120422,skip
http://www.press.sk/amercom/legendarni-automobily-c.01/,https://web.archive.org/web/20130622130129/http://www.press.sk/amercom/legendarni-automobily-c.01/,20130622130129,skip
http://www.press.sk/amercom/legendarni-automobily-c.02/,https://web.archive.org/web/20130622125341/http://www.press.sk/amercom/legendarni-automobily-c.02/,20130622125341,skip
http://www.press.sk/amercom/legendarni-automobily-c.03/,https://web.archive.org/web/20130622121038/http://www.press.sk/amercom/legendarni-automobily-c.03/,20130622121038,skip
http://www.press.sk/amercom/legendarni-automobily-c.04/,https://web.archive.org/web/20130622122618/http://www.press.sk/amercom/legendarni-automobily-c.04/,20130622122618,skip
http://www.press.sk/amercom/legendarni-automobily-c.05/,https://web.archive.org/web/20130622125244/http://www.press.sk/amercom/legendarni-automobily-c.05/,20130622125244,skip
http://www.press.sk/amercom/legendarni-automobily-c.06am/,https://web.archive.org/web/20130622120025/http://www.press.sk/amercom/legendarni-automobily-c.06am/,20130622120025,skip
http://www.press.sk/amercom/legendarni-automobily-c.07/,https://web.archive.org/web/20130622140148/http://www.press.sk/amercom/legendarni-automobily-c.07/,20130622140148,skip
http://www.press.sk/amercom/legendarni-automobily-c.08/,https://web.archive.org/web/20130622125913/http://www.press.sk/amercom/legendarni-automobily-c.08/,20130622125913,skip
http://www.press.sk/amercom/legendarni-automobily-c.09/,https://web.archive.org/web/20130622134256/http://www.press.sk/amercom/legendarni-automobily-c.09/,20130622134256,skip
http://www.press.sk/amercom/legendarni-automobily-c.10/,https://web.archive.org/web/20130622124120/http://www.press.sk/amercom/legendarni-automobily-c.10/,20130622124120,skip
http://www.press.sk/amercom/legendarni-automobily-c.11/,https://web.archive.org/web/20130622115700/http://www.press.sk/amercom/legendarni-automobily-c.11/,20130622115700,skip
http://www.press.sk/amercom/legendarni-automobily-c.12/,https://web.archive.org/web/20130622135611/http://www.press.sk/amercom/legendarni-automobily-c.12/,20130622135611,skip
http://www.press.sk/amercom/legendarni-automobily-c.13/,https://web.archive.org/web/20130622134227/http://www.press.sk/amercom/legendarni-automobily-c.13/,20130622134227,skip
http://www.press.sk/amercom/legendarni-automobily-c.14/,https://web.archive.org/web/20130622211739/http://www.press.sk/amercom/legendarni-automobily-c.14/,20130622211739,skip
http://www.press.sk/amercom/legendarni-automobily-c.15/,https://web.archive.org/web/20130622222617/http://www.press.sk/amercom/legendarni-automobily-c.15/,20130622222617,skip
http://www.press.sk/amercom/legendarni-automobily-c.16/,https://web.archive.org/web/20130622172937/http://www.press.sk/amercom/legendarni-automobily-c.16/,20130622172937,skip
http://www.press.sk/amercom/legendarni-automobily-c.17/,https://web.archive.org/web/20130622183300/http://www.press.sk/amercom/legendarni-automobily-c.17/,20130622183300,skip
http://www.press.sk/amercom/legendarni-automobily-c.18/,https://web.archive.org/web/20130622173103/http://www.press.sk/amercom/legendarni-automobily-c.18/,20130622173103,skip
http://www.press.sk/amercom/legendarni-automobily-c.19/,https://web.archive.org/web/20130622183405/http://www.press.sk/amercom/legendarni-automobily-c.19/,20130622183405,skip
http://www.press.sk/amercom/legendarni-automobily-c.20/,https://web.archive.org/web/20130622181859/http://www.press.sk/amercom/legendarni-automobily-c.20/,20130622181859,skip
http://www.press.sk/amercom/legendarni-automobily-c.21/,https://web.archive.org/web/20130622172614/http://www.press.sk/amercom/legendarni-automobily-c.21/,20130622172614,skip
http://www.press.sk/amercom/legendarni-automobily-c.22/,https://web.archive.org/web/20130622223054/http://www.press.sk/amercom/legendarni-automobily-c.22/,20130622223054,skip
http://www.press.sk/amercom/legendarni-automobily-c.23/,https://web.archive.org/web/20130622213235/http://www.press.sk/amercom/legendarni-automobily-c.23/,20130622213235,skip
http://www.press.sk/amercom/legendarni-automobily-c.24/,https://web.archive.org/web/20130622213147/http://www.press.sk/amercom/legendarni-automobily-c.24/,20130622213147,skip
http://www.press.sk/amercom/legendarni-automobily-c.25/,https://web.archive.org/web/20130622223109/http://www.press.sk/amercom/legendarni-automobily-c.25/,20130622223109,skip
http://www.press.sk/amercom/legendarni-automobily-c.28/,https://web.archive.org/web/20120208141944/http://www.press.sk/amercom/legendarni-automobily-c.28/,20120208141944,skip
http://www.press.sk/amercom/legendarni-automobily-c.28/,https://web.archive.org/web/20120307104447/http://www.press.sk/amercom/legendarni-automobily-c.28/,20120307104447,skip
http://www.press.sk:80/amercom/legendarni-automobily-c.29,https://web.archive.org/web/20141012183444/http://www.press.sk:80/amercom/legendarni-automobily-c.29,20141012183444,skip
http://www.press.sk:80/amercom/legendarni-automobily-c.29/,https://web.archive.org/web/20141014090017/http://www.press.sk:80/amercom/legendarni-automobily-c.29/,20141014090017,skip
http://www.press.sk:80/amercom/legendarni-automobily-c.29,https://web.archive.org/web/20141112074017/http://www.press.sk:80/amercom/legendarni-automobily-c.29,20141112074017,skip
http://www.press.sk:80/amercom/legendarni-automobily-c.29,https://web.archive.org/web/20141213024039/http://www.press.sk:80/amercom/legendarni-automobily-c.29,20141213024039,skip
http://www.press.sk:80/amercom/legendarni-automobily-c.29,https://web.archive.org/web/20150112123517/http://www.press.sk:80/amercom/legendarni-automobily-c.29,20150112123517,skip
http://www.press.sk:80/amercom/legendarni-automobily-c.39,https://web.archive.org/web/20141012183450/http://www.press.sk:80/amercom/legendarni-automobily-c.39,20141012183450,skip
http://www.press.sk:80/amercom/legendarni-automobily-c.39/,https://web.archive.org/web/20141014090403/http://www.press.sk:80/amercom/legendarni-automobily-c.39/,20141014090403,skip
http://www.press.sk:80/amercom/legendarni-automobily-c.39,https://web.archive.org/web/20141112073950/http://www.press.sk:80/amercom/legendarni-automobily-c.39,20141112073950,skip
http://www.press.sk:80/amercom/legendarni-automobily-c.39,https://web.archive.org/web/20141213024059/http://www.press.sk:80/amercom/legendarni-automobily-c.39,20141213024059,skip
http://www.press.sk:80/amercom/legendarni-automobily-c.39,https://web.archive.org/web/20150112123745/http://www.press.sk:80/amercom/legendarni-automobily-c.39,20150112123745,skip
http://www.press.sk:80/amercom/legendarni-automobily-c.44/,https://web.archive.org/web/20120831145921/http://www.press.sk:80/amercom/legendarni-automobily-c.44/,20120831145921,skip
http://www.press.sk/amercom/legendarni-automobily-c.57/,https://web.archive.org/web/20130622050924/http://www.press.sk/amercom/legendarni-automobily-c.57/,20130622050924,skip
http://www.press.sk/amercom/legendarni-automobily-c.58/,https://web.archive.org/web/20130622040743/http://www.press.sk/amercom/legendarni-automobily-c.58/,20130622040743,skip
http://www.press.sk/amercom/legendarni-automobily-c.59/,https://web.archive.org/web/20130622051048/http://www.press.sk/amercom/legendarni-automobily-c.59/,20130622051048,skip
http://www.press.sk/amercom/legendarni-automobily-c.60/,https://web.archive.org/web/20130622135108/http://www.press.sk/amercom/legendarni-automobily-c.60/,20130622135108,skip
http://www.press.sk/amercom/legendarni-automobily-kolekcia-modelov/,https://web.archive.org/web/20130622115548/http://www.press.sk/amercom/legendarni-automobily-kolekcia-modelov/,20130622115548,skip
http://www.press.sk/amercom/letajici-pevnosti-c.23/,https://web.archive.org/web/20130622045054/http://www.press.sk/amercom/letajici-pevnosti-c.23/,20130622045054,skip
http://www.press.sk/amercom/letajici-pevnosti-c.24/,https://web.archive.org/web/20130622045123/http://www.press.sk/amercom/letajici-pevnosti-c.24/,20130622045123,skip
http://www.press.sk/amercom/letajici-pevnosti-c.25/,https://web.archive.org/web/20130622053720/http://www.press.sk/amercom/letajici-pevnosti-c.25/,20130622053720,skip
http://www.press.sk/amercom/letajici-pevnosti-c.26/,https://web.archive.org/web/20130622020626/http://www.press.sk/amercom/letajici-pevnosti-c.26/,20130622020626,skip
http://www.press.sk/amercom/letajici-pevnosti-c.27/,https://web.archive.org/web/20130622030002/http://www.press.sk/amercom/letajici-pevnosti-c.27/,20130622030002,skip
http://www.press.sk/amercom/letajici-pevnosti-c.28/,https://web.archive.org/web/20130622115934/http://www.press.sk/amercom/letajici-pevnosti-c.28/,20130622115934,skip
http://www.press.sk/amercom/letajici-pevnosti-c.29/,https://web.archive.org/web/20130622122931/http://www.press.sk/amercom/letajici-pevnosti-c.29/,20130622122931,skip
http://www.press.sk/amercom/lokomotivy-sveta-c.01/,https://web.archive.org/web/20130622230356/http://www.press.sk/amercom/lokomotivy-sveta-c.01/,20130622230356,skip
http://www.press.sk/amercom/lokomotivy-sveta-c.02/,https://web.archive.org/web/20130622170536/http://www.press.sk/amercom/lokomotivy-sveta-c.02/,20130622170536,skip
http://www.press.sk/amercom/lokomotivy-sveta-c.03/,https://web.archive.org/web/20130622184557/http://www.press.sk/amercom/lokomotivy-sveta-c.03/,20130622184557,skip
http://www.press.sk/amercom/lokomotivy-sveta-c.04/,https://web.archive.org/web/20130622184455/http://www.press.sk/amercom/lokomotivy-sveta-c.04/,20130622184455,skip
http://www.press.sk/amercom/lokomotivy-sveta-c.05/,https://web.archive.org/web/20130622170606/http://www.press.sk/amercom/lokomotivy-sveta-c.05/,20130622170606,skip
http://www.press.sk/amercom/lokomotivy-sveta-c.06/,https://web.archive.org/web/20130622230503/http://www.press.sk/amercom/lokomotivy-sveta-c.06/,20130622230503,skip
http://www.press.sk/amercom/lokomotivy-sveta-c.07/,https://web.archive.org/web/20130622210520/http://www.press.sk/amercom/lokomotivy-sveta-c.07/,20130622210520,skip
http://www.press.sk/amercom/lokomotivy-sveta-c.08/,https://web.archive.org/web/20130622230613/http://www.press.sk/amercom/lokomotivy-sveta-c.08/,20130622230613,skip
http://www.press.sk/amercom/lokomotivy-sveta-c.09/,https://web.archive.org/web/20130622210718/http://www.press.sk/amercom/lokomotivy-sveta-c.09/,20130622210718,skip
http://www.press.sk/amercom/lokomotivy-sveta-c.10/,https://web.archive.org/web/20130622180321/http://www.press.sk/amercom/lokomotivy-sveta-c.10/,20130622180321,skip
http://www.press.sk/amercom/lokomotivy-sveta-c.11/,https://web.archive.org/web/20130622190631/http://www.press.sk/amercom/lokomotivy-sveta-c.11/,20130622190631,skip
http://www.press.sk/amercom/lokomotivy-sveta-c.12/,https://web.archive.org/web/20130622205300/http://www.press.sk/amercom/lokomotivy-sveta-c.12/,20130622205300,skip
http://www.press.sk:80/amercom/lokomotivy-sveta-c.31/,https://web.archive.org/web/20120831145927/http://www.press.sk:80/amercom/lokomotivy-sveta-c.31/,20120831145927,skip
http://www.press.sk/amercom/lokomotivy-sveta-c.43/,https://web.archive.org/web/20130622053105/http://www.press.sk/amercom/lokomotivy-sveta-c.43/,20130622053105,skip
http://www.press.sk/amercom/lokomotivy-sveta-c.44/,https://web.archive.org/web/20130622053059/http://www.press.sk/amercom/lokomotivy-sveta-c.44/,20130622053059,skip
http://www.press.sk/amercom/lokomotivy-sveta-c.45/,https://web.archive.org/web/20130622035732/http://www.press.sk/amercom/lokomotivy-sveta-c.45/,20130622035732,skip
http://www.press.sk/amercom/lokomotivy-sveta-c.46/,https://web.archive.org/web/20130622033326/http://www.press.sk/amercom/lokomotivy-sveta-c.46/,20130622033326,skip
http://www.press.sk/amercom/lokomotivy-sveta-c.47/,https://web.archive.org/web/20130622021307/http://www.press.sk/amercom/lokomotivy-sveta-c.47/,20130622021307,skip
http://www.press.sk/amercom/lokomotivy-sveta-c.48/,https://web.archive.org/web/20130622124940/http://www.press.sk/amercom/lokomotivy-sveta-c.48/,20130622124940,skip
http://www.press.sk/amercom/lokomotivy-sveta-kolekcia-modelov/,https://web.archive.org/web/20130622211113/http://www.press.sk/amercom/lokomotivy-sveta-kolekcia-modelov/,20130622211113,skip
"http://www.press.sk/amercom/o,a,30,0/","https://web.archive.org/web/20130622030947/http://www.press.sk/amercom/o,a,30,0/",20130622030947,skip
"http://www.press.sk:80/amercom/o,a,30,120/","https://web.archive.org/web/20120226200018/http://www.press.sk:80/amercom/o,a,30,120/",20120226200018,skip
"http://www.press.sk/amercom/o,a,30,120/","https://web.archive.org/web/20130511000856/http://www.press.sk/amercom/o,a,30,120/",20130511000856,skip
"http://www.press.sk:80/amercom/o,a,30,120/","https://web.archive.org/web/20140127161528/http://www.press.sk:80/amercom/o,a,30,120/",20140127161528,skip
"http://www.press.sk:80/amercom/o,a,30,120/","https://web.archive.org/web/20150311130921/http://www.press.sk:80/amercom/o,a,30,120/",20150311130921,skip
"http://www.press.sk:80/amercom/o,a,30,120/","https://web.archive.org/web/20151115211238/http://www.press.sk:80/amercom/o,a,30,120/",20151115211238,skip
"http://www.press.sk/amercom/o,a,30,120/","https://web.archive.org/web/20160802144037/http://www.press.sk/amercom/o,a,30,120/",20160802144037,skip
"http://www.press.sk/amercom/o,a,30,150/","https://web.archive.org/web/20130622120457/http://www.press.sk/amercom/o,a,30,150/",20130622120457,skip
"http://www.press.sk/amercom/o,a,30,180/","https://web.archive.org/web/20130622132141/http://www.press.sk/amercom/o,a,30,180/",20130622132141,skip
"http://www.press.sk:80/amercom/o,a,30,30/","https://web.archive.org/web/20120226095636/http://www.press.sk:80/amercom/o,a,30,30/",20120226095636,skip
"http://www.press.sk/amercom/o,a,30,30/","https://web.archive.org/web/20130511003211/http://www.press.sk/amercom/o,a,30,30/",20130511003211,skip
"http://www.press.sk:80/amercom/o,a,30,30/","https://web.archive.org/web/20140127032907/http://www.press.sk:80/amercom/o,a,30,30/",20140127032907,skip
"http://www.press.sk:80/amercom/o,a,30,30/","https://web.archive.org/web/20150311043131/http://www.press.sk:80/amercom/o,a,30,30/",20150311043131,skip
"http://www.press.sk:80/amercom/o,a,30,30/","https://web.archive.org/web/20151114183800/http://www.press.sk:80/amercom/o,a,30,30/",20151114183800,skip
"http://www.press.sk/amercom/o,a,30,30/","https://web.archive.org/web/20160802163606/http://www.press.sk/amercom/o,a,30,30/",20160802163606,skip
"http://www.press.sk:80/amercom/o,a,30,300/","https://web.archive.org/web/20120226195533/http://www.press.sk:80/amercom/o,a,30,300/",20120226195533,skip
"http://www.press.sk:80/amercom/o,a,30,330/","https://web.archive.org/web/20120226095641/http://www.press.sk:80/amercom/o,a,30,330/",20120226095641,skip
"http://www.press.sk/amercom/o,a,30,360/","https://web.archive.org/web/20130622024600/http://www.press.sk/amercom/o,a,30,360/",20130622024600,skip
"http://www.press.sk/amercom/o,a,30,390/","https://web.archive.org/web/20130622014451/http://www.press.sk/amercom/o,a,30,390/",20130622014451,skip
"http://www.press.sk:80/amercom/o,a,30,390/","https://web.archive.org/web/20150311131515/http://www.press.sk:80/amercom/o,a,30,390/",20150311131515,skip
"http://www.press.sk:80/amercom/o,a,30,390/","https://web.archive.org/web/20151115211953/http://www.press.sk:80/amercom/o,a,30,390/",20151115211953,skip
"http://www.press.sk/amercom/o,a,30,390/","https://web.archive.org/web/20160802152412/http://www.press.sk/amercom/o,a,30,390/",20160802152412,skip
"http://www.press.sk/amercom/o,a,30,420/","https://web.archive.org/web/20130622035056/http://www.press.sk/amercom/o,a,30,420/",20130622035056,skip
"http://www.press.sk:80/amercom/o,a,30,420/","https://web.archive.org/web/20140127161533/http://www.press.sk:80/amercom/o,a,30,420/",20140127161533,skip
"http://www.press.sk:80/amercom/o,a,30,420/","https://web.archive.org/web/20150311042236/http://www.press.sk:80/amercom/o,a,30,420/",20150311042236,skip
"http://www.press.sk:80/amercom/o,a,30,420/","https://web.archive.org/web/20151114183653/http://www.press.sk:80/amercom/o,a,30,420/",20151114183653,skip
"http://www.press.sk/amercom/o,a,30,420/","https://web.archive.org/web/20160802154637/http://www.press.sk/amercom/o,a,30,420/",20160802154637,skip
"http://www.press.sk/amercom/o,a,30,450/","https://web.archive.org/web/20130510225414/http://www.press.sk/amercom/o,a,30,450/",20130510225414,skip
"http://www.press.sk:80/amercom/o,a,30,450/","https://web.archive.org/web/20140127032911/http://www.press.sk:80/amercom/o,a,30,450/",20140127032911,skip
"http://www.press.sk/amercom/o,a,30,480/","https://web.archive.org/web/20130511001209/http://www.press.sk/amercom/o,a,30,480/",20130511001209,skip
"http://www.press.sk:80/amercom/o,a,30,60/","https://web.archive.org/web/20120226200027/http://www.press.sk:80/amercom/o,a,30,60/",20120226200027,skip
"http://www.press.sk/amercom/o,a,30,60/","https://web.archive.org/web/20130511002502/http://www.press.sk/amercom/o,a,30,60/",20130511002502,skip
"http://www.press.sk:80/amercom/o,a,30,60/","https://web.archive.org/web/20140127161607/http://www.press.sk:80/amercom/o,a,30,60/",20140127161607,skip
"http://www.press.sk:80/amercom/o,a,30,60/","https://web.archive.org/web/20150311131150/http://www.press.sk:80/amercom/o,a,30,60/",20150311131150,skip
"http://www.press.sk:80/amercom/o,a,30,60/","https://web.archive.org/web/20151115223154/http://www.press.sk:80/amercom/o,a,30,60/",20151115223154,skip
"http://www.press.sk/amercom/o,a,30,60/","https://web.archive.org/web/20160802221138/http://www.press.sk/amercom/o,a,30,60/",20160802221138,skip
"http://www.press.sk:80/amercom/o,a,30,90/","https://web.archive.org/web/20120226201342/http://www.press.sk:80/amercom/o,a,30,90/",20120226201342,skip
"http://www.press.sk/amercom/o,a,30,90/","https://web.archive.org/web/20130511011819/http://www.press.sk/amercom/o,a,30,90/",20130511011819,skip
"http://www.press.sk:80/amercom/o,a,30,90/","https://web.archive.org/web/20140127093620/http://www.press.sk:80/amercom/o,a,30,90/",20140127093620,skip
"http://www.press.sk:80/amercom/o,a,30,90/","https://web.archive.org/web/20150311131155/http://www.press.sk:80/amercom/o,a,30,90/",20150311131155,skip
"http://www.press.sk:80/amercom/o,a,30,90/","https://web.archive.org/web/20151115224451/http://www.press.sk:80/amercom/o,a,30,90/",20151115224451,skip
"http://www.press.sk/amercom/o,a,30,90/","https://web.archive.org/web/20160802162507/http://www.press.sk/amercom/o,a,30,90/",20160802162507,skip
http://www.press.sk/amercom/stavebni-stroje-c.20/,https://web.archive.org/web/20130622022446/http://www.press.sk/amercom/stavebni-stroje-c.20/,20130622022446,skip
http://www.press.sk/amercom/stavebni-stroje-c.21/,https://web.archive.org/web/20130622034246/http://www.press.sk/amercom/stavebni-stroje-c.21/,20130622034246,skip
http://www.press.sk/amercom/stavebni-stroje-c.22/,https://web.archive.org/web/20130622034813/http://www.press.sk/amercom/stavebni-stroje-c.22/,20130622034813,skip
http://www.press.sk/amercom/stihaci-v-boji+9318/,https://web.archive.org/web/20130510231606/http://www.press.sk/amercom/stihaci-v-boji+9318/,20130510231606,skip
http://www.press.sk:80/amercom/stihaci-v-boji+9318/,https://web.archive.org/web/20140127032916/http://www.press.sk:80/amercom/stihaci-v-boji+9318/,20140127032916,skip
http://www.press.sk:80/amercom/stihaci-v-boji+9318/,https://web.archive.org/web/20150311042241/http://www.press.sk:80/amercom/stihaci-v-boji+9318/,20150311042241,skip
http://www.press.sk:80/amercom/stihaci-v-boji+9318/,https://web.archive.org/web/20151114183907/http://www.press.sk:80/amercom/stihaci-v-boji+9318/,20151114183907,skip
http://www.press.sk:80/amercom/stihaci-v-boji-c.01/,https://web.archive.org/web/20120226095646/http://www.press.sk:80/amercom/stihaci-v-boji-c.01/,20120226095646,skip
http://www.press.sk/amercom/stihaci-v-boji-c.01/,https://web.archive.org/web/20130510230532/http://www.press.sk/amercom/stihaci-v-boji-c.01/,20130510230532,skip
http://www.press.sk:80/amercom/stihaci-v-boji-c.01/,https://web.archive.org/web/20140127032921/http://www.press.sk:80/amercom/stihaci-v-boji-c.01/,20140127032921,skip
http://www.press.sk:80/amercom/stihaci-v-boji-c.01/,https://web.archive.org/web/20150311041136/http://www.press.sk:80/amercom/stihaci-v-boji-c.01/,20150311041136,skip
http://www.press.sk:80/amercom/stihaci-v-boji-c.01/,https://web.archive.org/web/20151114183912/http://www.press.sk:80/amercom/stihaci-v-boji-c.01/,20151114183912,skip
http://www.press.sk/amercom/stihaci-v-boji-c.01/,https://web.archive.org/web/20160802161448/http://www.press.sk/amercom/stihaci-v-boji-c.01/,20160802161448,skip
http://www.press.sk/amercom/stihaci-v-boji-c.02/,https://web.archive.org/web/20130622222909/http://www.press.sk/amercom/stihaci-v-boji-c.02/,20130622222909,skip
http://www.press.sk/amercom/stihaci-v-boji-c.02/,https://web.archive.org/web/20160802132904/http://www.press.sk/amercom/stihaci-v-boji-c.02/,20160802132904,skip
http://www.press.sk/amercom/stihaci-v-boji-c.03/,https://web.archive.org/web/20130622212019/http://www.press.sk/amercom/stihaci-v-boji-c.03/,20130622212019,skip
http://www.press.sk/amercom/stihaci-v-boji-c.03/,https://web.archive.org/web/20160802160558/http://www.press.sk/amercom/stihaci-v-boji-c.03/,20160802160558,skip
http://www.press.sk/amercom/stihaci-v-boji-c.04/,https://web.archive.org/web/20130622212133/http://www.press.sk/amercom/stihaci-v-boji-c.04/,20130622212133,skip
http://www.press.sk/amercom/stihaci-v-boji-c.04/,https://web.archive.org/web/20160802160823/http://www.press.sk/amercom/stihaci-v-boji-c.04/,20160802160823,skip
http://www.press.sk/amercom/stihaci-v-boji-c.05/,https://web.archive.org/web/20130622164626/http://www.press.sk/amercom/stihaci-v-boji-c.05/,20130622164626,skip
http://www.press.sk/amercom/stihaci-v-boji-c.05/,https://web.archive.org/web/20160802143433/http://www.press.sk/amercom/stihaci-v-boji-c.05/,20160802143433,skip
http://www.press.sk/amercom/stihaci-v-boji-c.06/,https://web.archive.org/web/20130622141931/http://www.press.sk/amercom/stihaci-v-boji-c.06/,20130622141931,skip
http://www.press.sk/amercom/stihaci-v-boji-c.06/,https://web.archive.org/web/20160802162713/http://www.press.sk/amercom/stihaci-v-boji-c.06/,20160802162713,skip
http://www.press.sk/amercom/stihaci-v-boji-c.07/,https://web.archive.org/web/20130622124149/http://www.press.sk/amercom/stihaci-v-boji-c.07/,20130622124149,skip
http://www.press.sk/amercom/stihaci-v-boji-c.07/,https://web.archive.org/web/20160802153747/http://www.press.sk/amercom/stihaci-v-boji-c.07/,20160802153747,skip
http://www.press.sk/amercom/stihaci-v-boji-c.08/,https://web.archive.org/web/20130622120001/http://www.press.sk/amercom/stihaci-v-boji-c.08/,20130622120001,skip
http://www.press.sk/amercom/stihaci-v-boji-c.08/,https://web.archive.org/web/20160802161005/http://www.press.sk/amercom/stihaci-v-boji-c.08/,20160802161005,skip
http://www.press.sk/amercom/stihaci-v-boji-c.09/,https://web.archive.org/web/20130622123205/http://www.press.sk/amercom/stihaci-v-boji-c.09/,20130622123205,skip
http://www.press.sk/amercom/stihaci-v-boji-c.09/,https://web.archive.org/web/20160802161330/http://www.press.sk/amercom/stihaci-v-boji-c.09/,20160802161330,skip
http://www.press.sk/amercom/stihaci-v-boji-c.10/,https://web.archive.org/web/20130622134216/http://www.press.sk/amercom/stihaci-v-boji-c.10/,20130622134216,skip
http://www.press.sk/amercom/stihaci-v-boji-c.10/,https://web.archive.org/web/20160802160701/http://www.press.sk/amercom/stihaci-v-boji-c.10/,20160802160701,skip
http://www.press.sk/amercom/stihaci-v-boji-c.11/,https://web.archive.org/web/20130622125723/http://www.press.sk/amercom/stihaci-v-boji-c.11/,20130622125723,skip
http://www.press.sk/amercom/stihaci-v-boji-c.11/,https://web.archive.org/web/20160802164612/http://www.press.sk/amercom/stihaci-v-boji-c.11/,20160802164612,skip
http://www.press.sk/amercom/stihaci-v-boji-c.12/,https://web.archive.org/web/20130622132319/http://www.press.sk/amercom/stihaci-v-boji-c.12/,20130622132319,skip
http://www.press.sk/amercom/stihaci-v-boji-c.12/,https://web.archive.org/web/20160802162831/http://www.press.sk/amercom/stihaci-v-boji-c.12/,20160802162831,skip
http://www.press.sk/amercom/stihaci-v-boji-c.13/,https://web.archive.org/web/20130622121028/http://www.press.sk/amercom/stihaci-v-boji-c.13/,20130622121028,skip
http://www.press.sk/amercom/stihaci-v-boji-c.14/,https://web.archive.org/web/20130622120857/http://www.press.sk/amercom/stihaci-v-boji-c.14/,20130622120857,skip
http://www.press.sk/amercom/stihaci-v-boji-c.15/,https://web.archive.org/web/20130622125312/http://www.press.sk/amercom/stihaci-v-boji-c.15/,20130622125312,skip
http://www.press.sk:80/amercom/stihaci-v-boji-c.16/,https://web.archive.org/web/20120226093329/http://www.press.sk:80/amercom/stihaci-v-boji-c.16/,20120226093329,skip
http://www.press.sk/amercom/stihaci-v-boji-c.16/,https://web.archive.org/web/20130510235458/http://www.press.sk/amercom/stihaci-v-boji-c.16/,20130510235458,skip
http://www.press.sk:80/amercom/stihaci-v-boji-c.16/,https://web.archive.org/web/20140127032926/http://www.press.sk:80/amercom/stihaci-v-boji-c.16/,20140127032926,skip
http://www.press.sk:80/amercom/stihaci-v-boji-c.16/,https://web.archive.org/web/20150311041141/http://www.press.sk:80/amercom/stihaci-v-boji-c.16/,20150311041141,skip
http://www.press.sk:80/amercom/stihaci-v-boji-c.16/,https://web.archive.org/web/20151114183658/http://www.press.sk:80/amercom/stihaci-v-boji-c.16/,20151114183658,skip
http://www.press.sk/amercom/stihaci-v-boji-c.17/,https://web.archive.org/web/20130622134143/http://www.press.sk/amercom/stihaci-v-boji-c.17/,20130622134143,skip
http://www.press.sk/amercom/stihaci-v-boji-c.18/,https://web.archive.org/web/20130622132730/http://www.press.sk/amercom/stihaci-v-boji-c.18/,20130622132730,skip
http://www.press.sk/amercom/stihaci-v-boji-c.19/,https://web.archive.org/web/20130622134403/http://www.press.sk/amercom/stihaci-v-boji-c.19/,20130622134403,skip
http://www.press.sk/amercom/stihaci-v-boji-c.20/,https://web.archive.org/web/20130622140813/http://www.press.sk/amercom/stihaci-v-boji-c.20/,20130622140813,skip
http://www.press.sk/amercom/stihaci-v-boji-c.21/,https://web.archive.org/web/20130622130353/http://www.press.sk/amercom/stihaci-v-boji-c.21/,20130622130353,skip
http://www.press.sk/amercom/stihaci-v-boji-c.22/,https://web.archive.org/web/20130622131934/http://www.press.sk/amercom/stihaci-v-boji-c.22/,20130622131934,skip
http://www.press.sk/amercom/stihaci-v-boji-c.22+9006/,https://web.archive.org/web/20130622135228/http://www.press.sk/amercom/stihaci-v-boji-c.22+9006/,20130622135228,skip
http://www.press.sk/amercom/stihaci-v-boji-c.24/,https://web.archive.org/web/20130622120156/http://www.press.sk/amercom/stihaci-v-boji-c.24/,20130622120156,skip
http://www.press.sk/amercom/stihaci-v-boji-c.25/,https://web.archive.org/web/20130622125049/http://www.press.sk/amercom/stihaci-v-boji-c.25/,20130622125049,skip
http://www.press.sk:80/amercom/stihaci-v-boji-c.25/,https://web.archive.org/web/20150311041146/http://www.press.sk:80/amercom/stihaci-v-boji-c.25/,20150311041146,skip
http://www.press.sk:80/amercom/stihaci-v-boji-c.25/,https://web.archive.org/web/20151114183704/http://www.press.sk:80/amercom/stihaci-v-boji-c.25/,20151114183704,skip
http://www.press.sk/amercom/stihaci-v-boji-c.26/,https://web.archive.org/web/20130622130311/http://www.press.sk/amercom/stihaci-v-boji-c.26/,20130622130311,skip
http://www.press.sk/amercom/stihaci-v-boji-c.28/,https://web.archive.org/web/20130510235639/http://www.press.sk/amercom/stihaci-v-boji-c.28/,20130510235639,skip
http://www.press.sk:80/amercom/stihaci-v-boji-c.28/,https://web.archive.org/web/20140127032931/http://www.press.sk:80/amercom/stihaci-v-boji-c.28/,20140127032931,skip
http://www.press.sk:80/amercom/stihaci-v-boji-c.28/,https://web.archive.org/web/20150311041151/http://www.press.sk:80/amercom/stihaci-v-boji-c.28/,20150311041151,skip
http://www.press.sk/amercom/taxiky-sveta-c.23/,https://web.archive.org/web/20130622044510/http://www.press.sk/amercom/taxiky-sveta-c.23/,20130622044510,skip
http://www.press.sk/amercom/taxiky-sveta-c.24/,https://web.archive.org/web/20130622044541/http://www.press.sk/amercom/taxiky-sveta-c.24/,20130622044541,skip
http://www.press.sk/amercom/taxiky-sveta-c.25/,https://web.archive.org/web/20130622055113/http://www.press.sk/amercom/taxiky-sveta-c.25/,20130622055113,skip
http://www.press.sk/amercom/taxiky-sveta-c.26/,https://web.archive.org/web/20130622014149/http://www.press.sk/amercom/taxiky-sveta-c.26/,20130622014149,skip
http://www.press.sk/amercom/taxiky-sveta-c.27/,https://web.archive.org/web/20130622030130/http://www.press.sk/amercom/taxiky-sveta-c.27/,20130622030130,skip
http://www.press.sk/amercom/taxiky-sveta-c.28/,https://web.archive.org/web/20130622114634/http://www.press.sk/amercom/taxiky-sveta-c.28/,20130622114634,skip
http://www.press.sk/amercom/to-je-dobrota-c.05/,https://web.archive.org/web/20140214080333/http://www.press.sk/amercom/to-je-dobrota-c.05/,20140214080333,skip
http://www.press.sk:80/amercom/velke-bitvy-historie-c.01/,https://web.archive.org/web/20120226095917/http://www.press.sk:80/amercom/velke-bitvy-historie-c.01/,20120226095917,skip
http://www.press.sk/amercom/velke-bitvy-historie-c.01/,https://web.archive.org/web/20130511003351/http://www.press.sk/amercom/velke-bitvy-historie-c.01/,20130511003351,skip
http://www.press.sk:80/amercom/velke-bitvy-historie-c.01/,https://web.archive.org/web/20140127032936/http://www.press.sk:80/amercom/velke-bitvy-historie-c.01/,20140127032936,skip
http://www.press.sk:80/amercom/velke-bitvy-historie-c.01/,https://web.archive.org/web/20150311042246/http://www.press.sk:80/amercom/velke-bitvy-historie-c.01/,20150311042246,skip
http://www.press.sk:80/amercom/velke-bitvy-historie-c.01/,https://web.archive.org/web/20151114183708/http://www.press.sk:80/amercom/velke-bitvy-historie-c.01/,20151114183708,skip
http://www.press.sk/amercom/velke-bitvy-historie-c.01/,https://web.archive.org/web/20160802145504/http://www.press.sk/amercom/velke-bitvy-historie-c.01/,20160802145504,skip
http://www.press.sk/amercom/velke-bitvy-historie-c.02/,https://web.archive.org/web/20130510231332/http://www.press.sk/amercom/velke-bitvy-historie-c.02/,20130510231332,skip
http://www.press.sk:80/amercom/velke-bitvy-historie-c.02/,https://web.archive.org/web/20140127032941/http://www.press.sk:80/amercom/velke-bitvy-historie-c.02/,20140127032941,skip
http://www.press.sk:80/amercom/velke-bitvy-historie-c.02/,https://web.archive.org/web/20150311043136/http://www.press.sk:80/amercom/velke-bitvy-historie-c.02/,20150311043136,skip
http://www.press.sk:80/amercom/velke-bitvy-historie-c.02/,https://web.archive.org/web/20151114183917/http://www.press.sk:80/amercom/velke-bitvy-historie-c.02/,20151114183917,skip
http://www.press.sk/amercom/velke-bitvy-historie-c.02/,https://web.archive.org/web/20160802164654/http://www.press.sk/amercom/velke-bitvy-historie-c.02/,20160802164654,skip
http://www.press.sk/amercom/velke-bitvy-historie-c.03/,https://web.archive.org/web/20130510235116/http://www.press.sk/amercom/velke-bitvy-historie-c.03/,20130510235116,skip
http://www.press.sk:80/amercom/velke-bitvy-historie-c.03/,https://web.archive.org/web/20140127032946/http://www.press.sk:80/amercom/velke-bitvy-historie-c.03/,20140127032946,skip
http://www.press.sk:80/amercom/velke-bitvy-historie-c.03/,https://web.archive.org/web/20150311042755/http://www.press.sk:80/amercom/velke-bitvy-historie-c.03/,20150311042755,skip
http://www.press.sk:80/amercom/velke-bitvy-historie-c.03/,https://web.archive.org/web/20151114183548/http://www.press.sk:80/amercom/velke-bitvy-historie-c.03/,20151114183548,skip
http://www.press.sk/amercom/velke-bitvy-historie-c.03/,https://web.archive.org/web/20160802160721/http://www.press.sk/amercom/velke-bitvy-historie-c.03/,20160802160721,skip
http://www.press.sk/amercom/velke-bitvy-historie-c.04/,https://web.archive.org/web/20130510235139/http://www.press.sk/amercom/velke-bitvy-historie-c.04/,20130510235139,skip
http://www.press.sk:80/amercom/velke-bitvy-historie-c.04/,https://web.archive.org/web/20140127032951/http://www.press.sk:80/amercom/velke-bitvy-historie-c.04/,20140127032951,skip
http://www.press.sk:80/amercom/velke-bitvy-historie-c.04/,https://web.archive.org/web/20150311042251/http://www.press.sk:80/amercom/velke-bitvy-historie-c.04/,20150311042251,skip
http://www.press.sk:80/amercom/velke-bitvy-historie-c.04/,https://web.archive.org/web/20151114183923/http://www.press.sk:80/amercom/velke-bitvy-historie-c.04/,20151114183923,skip
http://www.press.sk/amercom/velke-bitvy-historie-c.04/,https://web.archive.org/web/20160802160440/http://www.press.sk/amercom/velke-bitvy-historie-c.04/,20160802160440,skip
http://www.press.sk/amercom/velke-bitvy-historie-c.05/,https://web.archive.org/web/20130622120850/http://www.press.sk/amercom/velke-bitvy-historie-c.05/,20130622120850,skip
http://www.press.sk/amercom/velke-bitvy-historie-c.06/,https://web.archive.org/web/20130511003341/http://www.press.sk/amercom/velke-bitvy-historie-c.06/,20130511003341,skip
http://www.press.sk:80/amercom/velke-bitvy-historie-c.06/,https://web.archive.org/web/20140127032957/http://www.press.sk:80/amercom/velke-bitvy-historie-c.06/,20140127032957,skip
http://www.press.sk:80/amercom/velke-bitvy-historie-c.06/,https://web.archive.org/web/20150311041157/http://www.press.sk:80/amercom/velke-bitvy-historie-c.06/,20150311041157,skip
http://www.press.sk:80/amercom/velke-bitvy-historie-c.06/,https://web.archive.org/web/20151114183808/http://www.press.sk:80/amercom/velke-bitvy-historie-c.06/,20151114183808,skip
http://www.press.sk/amercom/velke-bitvy-historie-c.06/,https://web.archive.org/web/20160802151406/http://www.press.sk/amercom/velke-bitvy-historie-c.06/,20160802151406,skip
http://www.press.sk/amercom/velke-bitvy-historie-c.08/,https://web.archive.org/web/20130511003320/http://www.press.sk/amercom/velke-bitvy-historie-c.08/,20130511003320,skip
http://www.press.sk:80/amercom/velke-bitvy-historie-c.08/,https://web.archive.org/web/20140127033001/http://www.press.sk:80/amercom/velke-bitvy-historie-c.08/,20140127033001,skip
http://www.press.sk:80/amercom/velke-bitvy-historie-c.08/,https://web.archive.org/web/20150311041202/http://www.press.sk:80/amercom/velke-bitvy-historie-c.08/,20150311041202,skip
http://www.press.sk:80/amercom/velke-bitvy-historie-c.08/,https://web.archive.org/web/20151114183928/http://www.press.sk:80/amercom/velke-bitvy-historie-c.08/,20151114183928,skip
http://www.press.sk/amercom/velke-bitvy-historie-c.08/,https://web.archive.org/web/20160802153458/http://www.press.sk/amercom/velke-bitvy-historie-c.08/,20160802153458,skip
http://www.press.sk/amercom/velke-bitvy-historie-c.09/,https://web.archive.org/web/20130622125925/http://www.press.sk/amercom/velke-bitvy-historie-c.09/,20130622125925,skip
http://www.press.sk/amercom/velke-bitvy-historie-c.10/,https://web.archive.org/web/20130510230636/http://www.press.sk/amercom/velke-bitvy-historie-c.10/,20130510230636,skip
http://www.press.sk:80/amercom/velke-bitvy-historie-c.10/,https://web.archive.org/web/20140127033006/http://www.press.sk:80/amercom/velke-bitvy-historie-c.10/,20140127033006,skip
http://www.press.sk:80/amercom/velke-bitvy-historie-c.10/,https://web.archive.org/web/20150311042256/http://www.press.sk:80/amercom/velke-bitvy-historie-c.10/,20150311042256,skip
http://www.press.sk:80/amercom/velke-bitvy-historie-c.10/,https://web.archive.org/web/20151114183933/http://www.press.sk:80/amercom/velke-bitvy-historie-c.10/,20151114183933,skip
http://www.press.sk/amercom/velke-bitvy-historie-c.10/,https://web.archive.org/web/20160802160539/http://www.press.sk/amercom/velke-bitvy-historie-c.10/,20160802160539,skip
http://www.press.sk/amercom/velke-bitvy-historie-c.11/,https://web.archive.org/web/20130622122810/http://www.press.sk/amercom/velke-bitvy-historie-c.11/,20130622122810,skip
http://www.press.sk:80/amercom/velke-bitvy-historie-c.12/,https://web.archive.org/web/20120226095441/http://www.press.sk:80/amercom/velke-bitvy-historie-c.12/,20120226095441,skip
http://www.press.sk/amercom/velke-bitvy-historie-c.12/,https://web.archive.org/web/20130511001712/http://www.press.sk/amercom/velke-bitvy-historie-c.12/,20130511001712,skip
http://www.press.sk:80/amercom/velke-bitvy-historie-c.12/,https://web.archive.org/web/20140127033011/http://www.press.sk:80/amercom/velke-bitvy-historie-c.12/,20140127033011,skip
http://www.press.sk:80/amercom/velke-bitvy-historie-c.12/,https://web.archive.org/web/20150311042759/http://www.press.sk:80/amercom/velke-bitvy-historie-c.12/,20150311042759,skip
http://www.press.sk:80/amercom/velke-bitvy-historie-c.12/,https://web.archive.org/web/20151114183814/http://www.press.sk:80/amercom/velke-bitvy-historie-c.12/,20151114183814,skip
http://www.press.sk/amercom/velke-bitvy-historie-c.12/,https://web.archive.org/web/20160802161434/http://www.press.sk/amercom/velke-bitvy-historie-c.12/,20160802161434,skip
http://www.press.sk/amercom/velke-bitvy-historie-c.13/,https://web.archive.org/web/20130511003954/http://www.press.sk/amercom/velke-bitvy-historie-c.13/,20130511003954,skip
http://www.press.sk:80/amercom/velke-bitvy-historie-c.13/,https://web.archive.org/web/20140127033016/http://www.press.sk:80/amercom/velke-bitvy-historie-c.13/,20140127033016,skip
http://www.press.sk:80/amercom/velke-bitvy-historie-c.13/,https://web.archive.org/web/20150311042804/http://www.press.sk:80/amercom/velke-bitvy-historie-c.13/,20150311042804,skip
http://www.press.sk:80/amercom/velke-bitvy-historie-c.13/,https://web.archive.org/web/20151114183938/http://www.press.sk:80/amercom/velke-bitvy-historie-c.13/,20151114183938,skip
http://www.press.sk/amercom/velke-bitvy-historie-c.13/,https://web.archive.org/web/20160802160137/http://www.press.sk/amercom/velke-bitvy-historie-c.13/,20160802160137,skip
http://www.press.sk/amercom/velke-bitvy-historie-c.14/,https://web.archive.org/web/20130511003929/http://www.press.sk/amercom/velke-bitvy-historie-c.14/,20130511003929,skip
http://www.press.sk:80/amercom/velke-bitvy-historie-c.14/,https://web.archive.org/web/20140127033021/http://www.press.sk:80/amercom/velke-bitvy-historie-c.14/,20140127033021,skip
http://www.press.sk:80/amercom/velke-bitvy-historie-c.14/,https://web.archive.org/web/20150311041207/http://www.press.sk:80/amercom/velke-bitvy-historie-c.14/,20150311041207,skip
http://www.press.sk:80/amercom/velke-bitvy-historie-c.14/,https://web.archive.org/web/20151114183554/http://www.press.sk:80/amercom/velke-bitvy-historie-c.14/,20151114183554,skip
http://www.press.sk/amercom/velke-bitvy-historie-c.14/,https://web.archive.org/web/20160803103005/http://www.press.sk/amercom/velke-bitvy-historie-c.14/,20160803103005,skip
http://www.press.sk/amercom/velke-bitvy-historie-c.15/,https://web.archive.org/web/20130511001730/http://www.press.sk/amercom/velke-bitvy-historie-c.15/,20130511001730,skip
http://www.press.sk:80/amercom/velke-bitvy-historie-c.15/,https://web.archive.org/web/20140127033026/http://www.press.sk:80/amercom/velke-bitvy-historie-c.15/,20140127033026,skip
http://www.press.sk:80/amercom/velke-bitvy-historie-c.15/,https://web.archive.org/web/20150311043548/http://www.press.sk:80/amercom/velke-bitvy-historie-c.15/,20150311043548,skip
http://www.press.sk:80/amercom/velke-bitvy-historie-c.15/,https://web.archive.org/web/20151114183819/http://www.press.sk:80/amercom/velke-bitvy-historie-c.15/,20151114183819,skip
http://www.press.sk/amercom/velke-bitvy-historie-c.15/,https://web.archive.org/web/20160802161157/http://www.press.sk/amercom/velke-bitvy-historie-c.15/,20160802161157,skip
http://www.press.sk:80/amercom/velke-bitvy-historie-c.16/,https://web.archive.org/web/20120226093334/http://www.press.sk:80/amercom/velke-bitvy-historie-c.16/,20120226093334,skip
http://www.press.sk/amercom/velke-bitvy-historie-c.16/,https://web.archive.org/web/20130510232746/http://www.press.sk/amercom/velke-bitvy-historie-c.16/,20130510232746,skip
http://www.press.sk:80/amercom/velke-bitvy-historie-c.16/,https://web.archive.org/web/20140127033031/http://www.press.sk:80/amercom/velke-bitvy-historie-c.16/,20140127033031,skip
http://www.press.sk:80/amercom/velke-bitvy-historie-c.16/,https://web.archive.org/web/20150311043553/http://www.press.sk:80/amercom/velke-bitvy-historie-c.16/,20150311043553,skip
http://www.press.sk:80/amercom/velke-bitvy-historie-c.16/,https://web.archive.org/web/20151114183943/http://www.press.sk:80/amercom/velke-bitvy-historie-c.16/,20151114183943,skip
http://www.press.sk/amercom/velke-bitvy-historie-c.16/,https://web.archive.org/web/20160802142716/http://www.press.sk/amercom/velke-bitvy-historie-c.16/,20160802142716,skip
http://www.press.sk/amercom/velke-bitvy-historie-c.17/,https://web.archive.org/web/20130622115959/http://www.press.sk/amercom/velke-bitvy-historie-c.17/,20130622115959,skip
http://www.press.sk/amercom/velke-bitvy-historie-c.18/,https://web.archive.org/web/20130622122539/http://www.press.sk/amercom/velke-bitvy-historie-c.18/,20130622122539,skip
http://www.press.sk/amercom/velke-bitvy-historie-c.19/,https://web.archive.org/web/20130510230609/http://www.press.sk/amercom/velke-bitvy-historie-c.19/,20130510230609,skip
http://www.press.sk:80/amercom/velke-bitvy-historie-c.19/,https://web.archive.org/web/20140127033037/http://www.press.sk:80/amercom/velke-bitvy-historie-c.19/,20140127033037,skip
http://www.press.sk:80/amercom/velke-bitvy-historie-c.19/,https://web.archive.org/web/20150311042809/http://www.press.sk:80/amercom/velke-bitvy-historie-c.19/,20150311042809,skip
http://www.press.sk:80/amercom/velke-bitvy-historie-c.19/,https://web.archive.org/web/20151114183948/http://www.press.sk:80/amercom/velke-bitvy-historie-c.19/,20151114183948,skip
http://www.press.sk/amercom/velke-bitvy-historie-c.19/,https://web.archive.org/web/20160802132225/http://www.press.sk/amercom/velke-bitvy-historie-c.19/,20160802132225,skip
http://www.press.sk/amercom/velke-bitvy-historie-c.20/,https://web.archive.org/web/20130622115307/http://www.press.sk/amercom/velke-bitvy-historie-c.20/,20130622115307,skip
http://www.press.sk/amercom/velke-bitvy-historie-c.20/,https://web.archive.org/web/20160802160135/http://www.press.sk/amercom/velke-bitvy-historie-c.20/,20160802160135,skip
http://www.press.sk/amercom/velke-bitvy-historie-c.21/,https://web.archive.org/web/20130622122312/http://www.press.sk/amercom/velke-bitvy-historie-c.21/,20130622122312,skip
http://www.press.sk/amercom/velke-bitvy-historie-c.23/,https://web.archive.org/web/20130622135344/http://www.press.sk/amercom/velke-bitvy-historie-c.23/,20130622135344,skip
http://www.press.sk/amercom/velke-bitvy-historie-c.24/,https://web.archive.org/web/20130622140018/http://www.press.sk/amercom/velke-bitvy-historie-c.24/,20130622140018,skip
http://www.press.sk/amercom/velke-bitvy-historie-c.25/,https://web.archive.org/web/20130622134534/http://www.press.sk/amercom/velke-bitvy-historie-c.25/,20130622134534,skip
http://www.press.sk/amercom/velke-bitvy-historie-c.26/,https://web.archive.org/web/20130510232430/http://www.press.sk/amercom/velke-bitvy-historie-c.26/,20130510232430,skip
http://www.press.sk:80/amercom/velke-bitvy-historie-c.26/,https://web.archive.org/web/20140127033042/http://www.press.sk:80/amercom/velke-bitvy-historie-c.26/,20140127033042,skip
http://www.press.sk:80/amercom/velke-bitvy-historie-c.26/,https://web.archive.org/web/20150311043558/http://www.press.sk:80/amercom/velke-bitvy-historie-c.26/,20150311043558,skip
http://www.press.sk:80/amercom/velke-bitvy-historie-c.26/,https://web.archive.org/web/20151114183558/http://www.press.sk:80/amercom/velke-bitvy-historie-c.26/,20151114183558,skip
http://www.press.sk/amercom/velke-bitvy-historie-c.26/,https://web.archive.org/web/20160802145357/http://www.press.sk/amercom/velke-bitvy-historie-c.26/,20160802145357,skip
http://www.press.sk:80/amercom/velke-bitvy-historie-c.27/,https://web.archive.org/web/20120226095651/http://www.press.sk:80/amercom/velke-bitvy-historie-c.27/,20120226095651,skip
http://www.press.sk/amercom/velke-bitvy-historie-c.27/,https://web.archive.org/web/20130510230057/http://www.press.sk/amercom/velke-bitvy-historie-c.27/,20130510230057,skip
http://www.press.sk:80/amercom/velke-bitvy-historie-c.27/,https://web.archive.org/web/20140127033047/http://www.press.sk:80/amercom/velke-bitvy-historie-c.27/,20140127033047,skip
http://www.press.sk:80/amercom/velke-bitvy-historie-c.27/,https://web.archive.org/web/20150311041212/http://www.press.sk:80/amercom/velke-bitvy-historie-c.27/,20150311041212,skip
http://www.press.sk:80/amercom/velke-bitvy-historie-c.27/,https://web.archive.org/web/20151114183954/http://www.press.sk:80/amercom/velke-bitvy-historie-c.27/,20151114183954,skip
http://www.press.sk/amercom/velke-bitvy-historie-c.27/,https://web.archive.org/web/20160802163424/http://www.press.sk/amercom/velke-bitvy-historie-c.27/,20160802163424,skip
http://www.press.sk/amercom/velke-bitvy-historie-c.28/,https://web.archive.org/web/20130622122301/http://www.press.sk/amercom/velke-bitvy-historie-c.28/,20130622122301,skip
http://www.press.sk:80/amercom/velke-bitvy-historie-c.31/,https://web.archive.org/web/20120226095656/http://www.press.sk:80/amercom/velke-bitvy-historie-c.31/,20120226095656,skip
http://www.press.sk/amercom/velke-bitvy-historie-c.31/,https://web.archive.org/web/20130511003510/http://www.press.sk/amercom/velke-bitvy-historie-c.31/,20130511003510,skip
http://www.press.sk:80/amercom/velke-bitvy-historie-c.31/,https://web.archive.org/web/20140127033052/http://www.press.sk:80/amercom/velke-bitvy-historie-c.31/,20140127033052,skip
http://www.press.sk:80/amercom/velke-bitvy-historie-c.31/,https://web.archive.org/web/20150311042301/http://www.press.sk:80/amercom/velke-bitvy-historie-c.31/,20150311042301,skip
http://www.press.sk:80/amercom/velke-bitvy-historie-c.31/,https://web.archive.org/web/20151114183604/http://www.press.sk:80/amercom/velke-bitvy-historie-c.31/,20151114183604,skip
http://www.press.sk:80/amercom/velke-bitvy-historie-c.36/,https://web.archive.org/web/20151114183609/http://www.press.sk:80/amercom/velke-bitvy-historie-c.36/,20151114183609,skip
http://www.press.sk:80/amercom/velke-bitvy-historie-c.38/,https://web.archive.org/web/20151114185117/http://www.press.sk:80/amercom/velke-bitvy-historie-c.38/,20151114185117,skip
http://www.press.sk:80/amercom/velke-bitvy-historie-c.40/,https://web.archive.org/web/20120226095446/http://www.press.sk:80/amercom/velke-bitvy-historie-c.40/,20120226095446,skip
http://www.press.sk/amercom/velke-bitvy-historie-c.40/,https://web.archive.org/web/20130510225809/http://www.press.sk/amercom/velke-bitvy-historie-c.40/,20130510225809,skip
http://www.press.sk:80/amercom/velke-bitvy-historie-c.40/,https://web.archive.org/web/20140127033057/http://www.press.sk:80/amercom/velke-bitvy-historie-c.40/,20140127033057,skip
http://www.press.sk:80/amercom/velke-bitvy-historie-c.40/,https://web.archive.org/web/20150311041217/http://www.press.sk:80/amercom/velke-bitvy-historie-c.40/,20150311041217,skip
http://www.press.sk:80/amercom/velke-bitvy-historie-c.40/,https://web.archive.org/web/20151114183713/http://www.press.sk:80/amercom/velke-bitvy-historie-c.40/,20151114183713,skip
http://www.press.sk/amercom/velke-bitvy-historie-c.41/,https://web.archive.org/web/20130510233826/http://www.press.sk/amercom/velke-bitvy-historie-c.41/,20130510233826,skip
http://www.press.sk:80/amercom/velke-bitvy-historie-c.41/,https://web.archive.org/web/20140127033102/http://www.press.sk:80/amercom/velke-bitvy-historie-c.41/,20140127033102,skip
http://www.press.sk:80/amercom/velke-bitvy-historie-c.41/,https://web.archive.org/web/20150311041222/http://www.press.sk:80/amercom/velke-bitvy-historie-c.41/,20150311041222,skip
http://www.press.sk:80/amercom/velke-bitvy-historie-c.41/,https://web.archive.org/web/20151114183615/http://www.press.sk:80/amercom/velke-bitvy-historie-c.41/,20151114183615,skip
http://www.press.sk/amercom/velke-bitvy-historie-c.42/,https://web.archive.org/web/20130511000813/http://www.press.sk/amercom/velke-bitvy-historie-c.42/,20130511000813,skip
http://www.press.sk:80/amercom/velke-bitvy-historie-c.42/,https://web.archive.org/web/20140127033107/http://www.press.sk:80/amercom/velke-bitvy-historie-c.42/,20140127033107,skip
http://www.press.sk:80/amercom/velke-bitvy-historie-c.42/,https://web.archive.org/web/20150311041228/http://www.press.sk:80/amercom/velke-bitvy-historie-c.42/,20150311041228,skip
http://www.press.sk:80/amercom/velke-bitvy-historie-c.42/,https://web.archive.org/web/20151114183857/http://www.press.sk:80/amercom/velke-bitvy-historie-c.42/,20151114183857,skip
http://www.press.sk:80/amercom/velke-bitvy-historie-c.43/,https://web.archive.org/web/20120226093339/http://www.press.sk:80/amercom/velke-bitvy-historie-c.43/,20120226093339,skip
http://www.press.sk/amercom/velke-bitvy-historie-c.43/,https://web.archive.org/web/20130511010205/http://www.press.sk/amercom/velke-bitvy-historie-c.43/,20130511010205,skip
http://www.press.sk:80/amercom/velke-bitvy-historie-c.43/,https://web.archive.org/web/20140127033112/http://www.press.sk:80/amercom/velke-bitvy-historie-c.43/,20140127033112,skip
http://www.press.sk:80/amercom/velke-bitvy-historie-c.43/,https://web.archive.org/web/20150311041232/http://www.press.sk:80/amercom/velke-bitvy-historie-c.43/,20150311041232,skip
http://www.press.sk:80/amercom/velke-bitvy-historie-c.43/,https://web.archive.org/web/20151114185122/http://www.press.sk:80/amercom/velke-bitvy-historie-c.43/,20151114185122,skip
http://www.press.sk/amercom/velke-bitvy-historie-edicia/,https://web.archive.org/web/20130511003538/http://www.press.sk/amercom/velke-bitvy-historie-edicia/,20130511003538,skip
http://www.press.sk:80/amercom/velke-bitvy-historie-edicia/,https://web.archive.org/web/20140127033117/http://www.press.sk:80/amercom/velke-bitvy-historie-edicia/,20140127033117,skip
http://www.press.sk:80/amercom/velke-bitvy-historie-edicia/,https://web.archive.org/web/20150311042814/http://www.press.sk:80/amercom/velke-bitvy-historie-edicia/,20150311042814,skip
http://www.press.sk:80/amercom/velke-bitvy-historie-edicia/,https://web.archive.org/web/20151114183721/http://www.press.sk:80/amercom/velke-bitvy-historie-edicia/,20151114183721,skip
http://www.press.sk/amercom/velke-bitvy-historie-edicia/,https://web.archive.org/web/20160802125116/http://www.press.sk/amercom/velke-bitvy-historie-edicia/,20160802125116,skip
http://www.press.sk:80/amercom/vojenska-letadla/,https://web.archive.org/web/20120226095452/http://www.press.sk:80/amercom/vojenska-letadla/,20120226095452,skip
http://www.press.sk/amercom/vojenska-letadla/,https://web.archive.org/web/20130510235633/http://www.press.sk/amercom/vojenska-letadla/,20130510235633,skip
http://www.press.sk:80/amercom/vojenska-letadla/,https://web.archive.org/web/20140127033128/http://www.press.sk:80/amercom/vojenska-letadla/,20140127033128,skip
http://www.press.sk:80/amercom/vojenska-letadla/,https://web.archive.org/web/20150311042819/http://www.press.sk:80/amercom/vojenska-letadla/,20150311042819,skip
http://www.press.sk:80/amercom/vojenska-letadla/,https://web.archive.org/web/20151114183726/http://www.press.sk:80/amercom/vojenska-letadla/,20151114183726,skip
http://www.press.sk/amercom/vojenska-letadla+7138/,https://web.archive.org/web/20130510233121/http://www.press.sk/amercom/vojenska-letadla+7138/,20130510233121,skip
http://www.press.sk:80/amercom/vojenska-letadla+7138/,https://web.archive.org/web/20140127033123/http://www.press.sk:80/amercom/vojenska-letadla+7138/,20140127033123,skip
http://www.press.sk:80/amercom/vojenska-letadla+7138/,https://web.archive.org/web/20150311043604/http://www.press.sk:80/amercom/vojenska-letadla+7138/,20150311043604,skip
http://www.press.sk:80/amercom/vojenska-letadla+7138/,https://web.archive.org/web/20151114185127/http://www.press.sk:80/amercom/vojenska-letadla+7138/,20151114185127,skip
http://www.press.sk/amercom/vojenska-letadla+7138/,https://web.archive.org/web/20160802161234/http://www.press.sk/amercom/vojenska-letadla+7138/,20160802161234,skip
http://www.press.sk:80/amercom/vojenska-letadla-c.30/,https://web.archive.org/web/20120226093344/http://www.press.sk:80/amercom/vojenska-letadla-c.30/,20120226093344,skip
http://www.press.sk:80/apetit/,https://web.archive.org/web/20141028145313/http://www.press.sk:80/apetit/,20141028145313,skip
http://www.press.sk:80/apetit/,https://web.archive.org/web/20150714163321/http://www.press.sk:80/apetit/,20150714163321,skip
http://www.press.sk:80/apetit,https://web.archive.org/web/20151210021111/http://www.press.sk:80/apetit,20151210021111,skip
http://www.press.sk:80/apetit/,https://web.archive.org/web/20151211161033/http://www.press.sk:80/apetit/,20151211161033,skip
http://www.press.sk:80/apetit,https://web.archive.org/web/20160109235401/http://www.press.sk:80/apetit,20160109235401,skip
http://www.press.sk:80/apetit,https://web.archive.org/web/20160209085516/http://www.press.sk:80/apetit,20160209085516,skip
http://www.press.sk:80/apetit,https://web.archive.org/web/20160210041511/http://www.press.sk:80/apetit,20160210041511,skip
http://www.press.sk:80/apetit/,https://web.archive.org/web/20160211185618/http://www.press.sk:80/apetit/,20160211185618,skip
http://www.press.sk:80/apetit/,https://web.archive.org/web/20160212101225/http://www.press.sk:80/apetit/,20160212101225,skip
http://www.press.sk:80/apetit,https://web.archive.org/web/20160311201941/http://www.press.sk:80/apetit,20160311201941,skip
http://www.press.sk:80/apetit,https://web.archive.org/web/20160416201404/http://www.press.sk:80/apetit,20160416201404,skip
http://www.press.sk/apetit/,https://web.archive.org/web/20160802165319/http://www.press.sk/apetit/,20160802165319,skip
http://www.press.sk:80/apetit/,https://web.archive.org/web/20161002082719/http://www.press.sk:80/apetit/,20161002082719,skip
http://www.press.sk:80/apetit,https://web.archive.org/web/20161209073616/http://www.press.sk:80/apetit,20161209073616,skip
http://www.press.sk:80/apetit-miniedice/,https://web.archive.org/web/20141028201139/http://www.press.sk:80/apetit-miniedice/,20141028201139,skip
http://www.press.sk:80/apetit-miniedice/,https://web.archive.org/web/20150630154856/http://www.press.sk:80/apetit-miniedice/,20150630154856,skip
http://www.press.sk:80/apetit-miniedice/,https://web.archive.org/web/20150902103704/http://www.press.sk:80/apetit-miniedice/,20150902103704,skip
http://www.press.sk:80/apetit-miniedice/,https://web.archive.org/web/20151211161028/http://www.press.sk:80/apetit-miniedice/,20151211161028,skip
http://www.press.sk:80/apetit-miniedice/,https://web.archive.org/web/20160211190030/http://www.press.sk:80/apetit-miniedice/,20160211190030,skip
http://www.press.sk:80/apetit-miniedice/,https://web.archive.org/web/20160212093846/http://www.press.sk:80/apetit-miniedice/,20160212093846,skip
http://www.press.sk/apetit-miniedice/,https://web.archive.org/web/20160410224108/http://www.press.sk/apetit-miniedice/,20160410224108,skip
http://www.press.sk:80/apetit-miniedice/,https://web.archive.org/web/20160522223714/http://www.press.sk:80/apetit-miniedice/,20160522223714,skip
http://www.press.sk:80/apetit-miniedice/,https://web.archive.org/web/20160916163305/http://www.press.sk:80/apetit-miniedice/,20160916163305,skip
http://www.press.sk:80/apetit/aeptit-special-kuchyne-usa/,https://web.archive.org/web/20151211151741/http://www.press.sk:80/apetit/aeptit-special-kuchyne-usa/,20151211151741,skip
http://www.press.sk:80/apetit/aeptit-special-kuchyne-usa/,https://web.archive.org/web/20160211190235/http://www.press.sk:80/apetit/aeptit-special-kuchyne-usa/,20160211190235,skip
http://www.press.sk:80/apetit/aeptit-special-kuchyne-usa/,https://web.archive.org/web/20160212094358/http://www.press.sk:80/apetit/aeptit-special-kuchyne-usa/,20160212094358,skip
http://www.press.sk:80/apetit/apeti-special-pasta-pizza/,https://web.archive.org/web/20151211151746/http://www.press.sk:80/apetit/apeti-special-pasta-pizza/,20151211151746,skip
http://www.press.sk:80/apetit/apetit-predplatne/,https://web.archive.org/web/20140104154401/http://www.press.sk:80/apetit/apetit-predplatne/,20140104154401,skip
http://www.press.sk/apetit/apetit-predplatne/,https://web.archive.org/web/20140117051224/http://www.press.sk/apetit/apetit-predplatne/,20140117051224,skip
http://www.press.sk/apetit/apetit-predplatne/,https://web.archive.org/web/20140214100706/http://www.press.sk/apetit/apetit-predplatne/,20140214100706,skip
http://www.press.sk:80/apetit/apetit-predplatne/,https://web.archive.org/web/20140306173929/http://www.press.sk:80/apetit/apetit-predplatne/,20140306173929,skip
http://www.press.sk:80/apetit/apetit-predplatne/,https://web.archive.org/web/20140308055110/http://www.press.sk:80/apetit/apetit-predplatne/,20140308055110,skip
http://www.press.sk:80/apetit/apetit-predplatne/,https://web.archive.org/web/20140507225109/http://www.press.sk:80/apetit/apetit-predplatne/,20140507225109,skip
http://www.press.sk:80/apetit/apetit-predplatne/,https://web.archive.org/web/20140707170020/http://www.press.sk:80/apetit/apetit-predplatne/,20140707170020,skip
http://www.press.sk/apetit/apetit-predplatne/,https://web.archive.org/web/20140813014226/http://www.press.sk/apetit/apetit-predplatne/,20140813014226,skip
http://www.press.sk:80/apetit/apetit-predplatne/,https://web.archive.org/web/20140906155406/http://www.press.sk:80/apetit/apetit-predplatne/,20140906155406,skip
http://www.press.sk:80/apetit/apetit-predplatne/,https://web.archive.org/web/20141006014701/http://www.press.sk:80/apetit/apetit-predplatne/,20141006014701,skip
http://www.press.sk:80/apetit/apetit-predplatne/,https://web.archive.org/web/20141208004201/http://www.press.sk:80/apetit/apetit-predplatne/,20141208004201,skip
http://www.press.sk:80/apetit/apetit-predplatne/,https://web.archive.org/web/20150310090933/http://www.press.sk:80/apetit/apetit-predplatne/,20150310090933,skip
http://www.press.sk/apetit/apetit-predplatne/,https://web.archive.org/web/20150418193840/http://www.press.sk/apetit/apetit-predplatne/,20150418193840,skip
http://www.press.sk:80/apetit/apetit-predplatne/,https://web.archive.org/web/20150509194220/http://www.press.sk:80/apetit/apetit-predplatne/,20150509194220,skip
http://www.press.sk:80/apetit/apetit-predplatne/,https://web.archive.org/web/20150907181439/http://www.press.sk:80/apetit/apetit-predplatne/,20150907181439,skip
http://www.press.sk:80/apetit/apetit-predplatne/,https://web.archive.org/web/20151107124828/http://www.press.sk:80/apetit/apetit-predplatne/,20151107124828,skip
http://www.press.sk:80/apetit/apetit-predplatne,https://web.archive.org/web/20151210021054/http://www.press.sk:80/apetit/apetit-predplatne,20151210021054,skip
http://www.press.sk:80/apetit/apetit-predplatne/,https://web.archive.org/web/20160107030820/http://www.press.sk:80/apetit/apetit-predplatne/,20160107030820,skip
http://www.press.sk:80/apetit/apetit-predplatne,https://web.archive.org/web/20160110000154/http://www.press.sk:80/apetit/apetit-predplatne,20160110000154,skip
http://www.press.sk:80/apetit/apetit-predplatne,https://web.archive.org/web/20160209085518/http://www.press.sk:80/apetit/apetit-predplatne,20160209085518,skip
http://www.press.sk:80/apetit/apetit-predplatne,https://web.archive.org/web/20160210041520/http://www.press.sk:80/apetit/apetit-predplatne,20160210041520,skip
http://www.press.sk:80/apetit/apetit-predplatne/,https://web.archive.org/web/20160308034757/http://www.press.sk:80/apetit/apetit-predplatne/,20160308034757,skip
http://www.press.sk:80/apetit/apetit-predplatne,https://web.archive.org/web/20160311202417/http://www.press.sk:80/apetit/apetit-predplatne,20160311202417,skip
http://www.press.sk/apetit/apetit-predplatne/,https://web.archive.org/web/20160324114906/http://www.press.sk/apetit/apetit-predplatne/,20160324114906,skip
http://www.press.sk:80/apetit/apetit-predplatne/,https://web.archive.org/web/20160508110919/http://www.press.sk:80/apetit/apetit-predplatne/,20160508110919,skip
http://www.press.sk:80/apetit/apetit-predplatne,https://web.archive.org/web/20160513043607/http://www.press.sk:80/apetit/apetit-predplatne,20160513043607,skip
http://www.press.sk/apetit/apetit-predplatne/,https://web.archive.org/web/20160624004026/http://www.press.sk/apetit/apetit-predplatne/,20160624004026,skip
http://www.press.sk:80/apetit/apetit-predplatne/,https://web.archive.org/web/20160708062031/http://www.press.sk:80/apetit/apetit-predplatne/,20160708062031,skip
http://www.press.sk:80/apetit/apetit-predplatne/,https://web.archive.org/web/20160907154335/http://www.press.sk:80/apetit/apetit-predplatne/,20160907154335,skip
http://www.press.sk:80/apetit/apetit-predplatne,https://web.archive.org/web/20161002233343/http://www.press.sk:80/apetit/apetit-predplatne,20161002233343,skip
http://www.press.sk/apetit/apetit-predplatne/,https://web.archive.org/web/20161030104834/http://www.press.sk/apetit/apetit-predplatne/,20161030104834,skip
http://www.press.sk:80/apetit/apetit-predplatne,https://web.archive.org/web/20161103135558/http://www.press.sk:80/apetit/apetit-predplatne,20161103135558,skip
http://www.press.sk:80/apetit/apetit-predplatne/,https://web.archive.org/web/20161108195553/http://www.press.sk:80/apetit/apetit-predplatne/,20161108195553,skip
http://www.press.sk:80/apetit/apetit-predplatne,https://web.archive.org/web/20161209073648/http://www.press.sk:80/apetit/apetit-predplatne,20161209073648,skip
http://www.press.sk:80/apetit/apetit-special-c.22/,https://web.archive.org/web/20151211151751/http://www.press.sk:80/apetit/apetit-special-c.22/,20151211151751,skip
http://www.press.sk:80/apetit/apetit-special-c.22/,https://web.archive.org/web/20160211185929/http://www.press.sk:80/apetit/apetit-special-c.22/,20160211185929,skip
http://www.press.sk:80/apetit/apetit-special-c.22/,https://web.archive.org/web/20160212101024/http://www.press.sk:80/apetit/apetit-special-c.22/,20160212101024,skip
http://www.press.sk:80/apetit/apetit-special-letna-party/,https://web.archive.org/web/20151211151756/http://www.press.sk:80/apetit/apetit-special-letna-party/,20151211151756,skip
http://www.press.sk:80/apetit/apetit-special-letna-party/,https://web.archive.org/web/20160212101136/http://www.press.sk:80/apetit/apetit-special-letna-party/,20160212101136,skip
http://www.press.sk:80/apetit/apetit-special-letna-party/,https://web.archive.org/web/20160212195855/http://www.press.sk:80/apetit/apetit-special-letna-party/,20160212195855,skip
http://www.press.sk:80/apetit/apetit-special-pasta-pizza/,https://web.archive.org/web/20160110194105/http://www.press.sk:80/apetit/apetit-special-pasta-pizza/,20160110194105,skip
http://www.press.sk:80/apetit/apetit-special-svetove-mucniky/,https://web.archive.org/web/20151211151801/http://www.press.sk:80/apetit/apetit-special-svetove-mucniky/,20151211151801,skip
http://www.press.sk:80/apetit/apetit-special-svetove-mucniky/,https://web.archive.org/web/20160211185638/http://www.press.sk:80/apetit/apetit-special-svetove-mucniky/,20160211185638,skip
http://www.press.sk:80/apetit/apetit-special-svetove-mucniky/,https://web.archive.org/web/20160212101230/http://www.press.sk:80/apetit/apetit-special-svetove-mucniky/,20160212101230,skip
http://www.press.sk:80/apetit/sviatocne-hodovanie/,https://web.archive.org/web/20151211151806/http://www.press.sk:80/apetit/sviatocne-hodovanie/,20151211151806,skip
http://www.press.sk:80/apetit/sviatocne-hodovanie/,https://web.archive.org/web/20160211190255/http://www.press.sk:80/apetit/sviatocne-hodovanie/,20160211190255,skip
http://www.press.sk:80/apetit/sviatocne-hodovanie/,https://web.archive.org/web/20160212094403/http://www.press.sk:80/apetit/sviatocne-hodovanie/,20160212094403,skip
http://www.press.sk:80/apetit/varime-pro-deti-apetit-special/,https://web.archive.org/web/20151211151812/http://www.press.sk:80/apetit/varime-pro-deti-apetit-special/,20151211151812,skip
http://www.press.sk:80/apetit/varime-pro-deti-apetit-special/,https://web.archive.org/web/20160211185613/http://www.press.sk:80/apetit/varime-pro-deti-apetit-special/,20160211185613,skip
http://www.press.sk:80/apetit/varime-pro-deti-apetit-special/,https://web.archive.org/web/20160212103619/http://www.press.sk:80/apetit/varime-pro-deti-apetit-special/,20160212103619,skip
https://www.press.sk/architektura-dizajn/,https://web.archive.org/web/20190723181210/https://www.press.sk/architektura-dizajn/,20190723181210,skip
https://www.press.sk/architektura-dizajn/,https://web.archive.org/web/20190923162727/https://www.press.sk/architektura-dizajn/,20190923162727,skip
https://www.press.sk/architektura-dizajn/,https://web.archive.org/web/20191119033521/https://www.press.sk/architektura-dizajn/,20191119033521,skip
https://www.press.sk/architektura-dizajn/,https://web.archive.org/web/20230311055300/https://www.press.sk/architektura-dizajn/,20230311055300,skip
https://www.press.sk/architektura-dizajn/jak-cist-architekturu/,https://web.archive.org/web/20190721215001/https://www.press.sk/architektura-dizajn/jak-cist-architekturu/,20190721215001,skip
https://www.press.sk/architektura-dizajn/jak-cist-architekturu/,https://web.archive.org/web/20190922145725/https://www.press.sk/architektura-dizajn/jak-cist-architekturu/,20190922145725,skip
https://www.press.sk/architektura-dizajn/jak-cist-architekturu/,https://web.archive.org/web/20191111205817/https://www.press.sk/architektura-dizajn/jak-cist-architekturu/,20191111205817,skip
https://www.press.sk/architektura-dizajn/kamenictvi-tradice-z-pohledu-dneska/,https://web.archive.org/web/20230311055305/https://www.press.sk/architektura-dizajn/kamenictvi-tradice-z-pohledu-dneska/,20230311055305,skip
https://www.press.sk/architektura-dizajn/malovani-na-kameny-30-vzoru-ktere-probudi-vasi-kreativitu+18231/,https://web.archive.org/web/20190718011230/https://www.press.sk/architektura-dizajn/malovani-na-kameny-30-vzoru-ktere-probudi-vasi-kreativitu+18231/,20190718011230,skip
https://www.press.sk/architektura-dizajn/malovani-na-kameny-30-vzoru-ktere-probudi-vasi-kreativitu+18231/,https://web.archive.org/web/20191015215143/https://www.press.sk/architektura-dizajn/malovani-na-kameny-30-vzoru-ktere-probudi-vasi-kreativitu+18231/,20191015215143,skip
https://www.press.sk/architektura-dizajn/malovani-na-kameny-30-vzoru-ktere-probudi-vasi-kreativitu+18231/,https://web.archive.org/web/20191207161353/https://www.press.sk/architektura-dizajn/malovani-na-kameny-30-vzoru-ktere-probudi-vasi-kreativitu+18231/,20191207161353,skip
https://www.press.sk/architektura-dizajn/naucte-se-pouzivat-barvu-kreativne/,https://web.archive.org/web/20190924093112/https://www.press.sk/architektura-dizajn/naucte-se-pouzivat-barvu-kreativne/,20190924093112,skip
https://www.press.sk/architektura-dizajn/svetove-mosty-od-antiky-po-soucasnost/,https://web.archive.org/web/20191114072952/https://www.press.sk/architektura-dizajn/svetove-mosty-od-antiky-po-soucasnost/,20191114072952,skip
https://www.press.sk/architektura-dizajn/t1-typo-grafik-um-abeceda-sucasnej-vizualnej-komunikacie-a-kultu/,https://web.archive.org/web/20190919110927/https://www.press.sk/architektura-dizajn/t1-typo-grafik-um-abeceda-sucasnej-vizualnej-komunikacie-a-kultu/,20190919110927,skip
https://www.press.sk/architektura-dizajn/thonet-1939-1945-ohybany-nabytek-za-2.-svetove-valky/,https://web.archive.org/web/20230311055305/https://www.press.sk/architektura-dizajn/thonet-1939-1945-ohybany-nabytek-za-2.-svetove-valky/,20230311055305,skip
https://www.press.sk/architektura-dizajn/ucebnice-solidworks/,https://web.archive.org/web/20190923054652/https://www.press.sk/architektura-dizajn/ucebnice-solidworks/,20190923054652,skip
http://www.press.sk:80/article_info.php,https://web.archive.org/web/20040922003825/http://www.press.sk:80/article_info.php,20040922003825,skip
http://www.press.sk:80/article_info.php?cArticlePath=7_8&articles_id=6,https://web.archive.org/web/20040611205057/http://www.press.sk:80/article_info.php?cArticlePath=7_8&articles_id=6,20040611205057,skip
https://www.press.sk/assets/press.sk/images/bg_select.svg,https://web.archive.org/web/20260512113302/https://www.press.sk/assets/press.sk/images/bg_select.svg,20260512113302,skip
https://www.press.sk/assets/press.sk/images/bg_subheader.jpg,https://web.archive.org/web/20260512113241/https://www.press.sk/assets/press.sk/images/bg_subheader.jpg,20260512113241,skip
https://www.press.sk/assets/press.sk/images/logo.svg,https://web.archive.org/web/20260512113241/https://www.press.sk/assets/press.sk/images/logo.svg,20260512113241,skip
https://www.press.sk/assets/press.sk/images/sprites.svg,https://web.archive.org/web/20260512113240/https://www.press.sk/assets/press.sk/images/sprites.svg,20260512113240,skip
https://www.press.sk/assets/press.sk/images/stitky.svg,https://web.archive.org/web/20260512113309/https://www.press.sk/assets/press.sk/images/stitky.svg,20260512113309,skip
http://www.press.sk:80/atlasy-a-mapy/,https://web.archive.org/web/20091025224534/http://www.press.sk:80/atlasy-a-mapy/,20091025224534,skip
http://www.press.sk:80/atlasy-a-mapy/,https://web.archive.org/web/20100509093018/http://www.press.sk:80/atlasy-a-mapy/,20100509093018,skip
http://www.press.sk:80/atlasy-a-mapy/,https://web.archive.org/web/20111205020038/http://www.press.sk:80/atlasy-a-mapy/,20111205020038,skip
http://www.press.sk/atlasy-a-mapy/,https://web.archive.org/web/20130511031106/http://www.press.sk/atlasy-a-mapy/,20130511031106,skip
http://www.press.sk/atlasy-a-mapy/,https://web.archive.org/web/20160802164458/http://www.press.sk/atlasy-a-mapy/,20160802164458,skip
http://www.press.sk/atlasy-a-mapy/,https://web.archive.org/web/20170406024808/http://www.press.sk/atlasy-a-mapy/,20170406024808,skip
http://www.press.sk/atlasy-a-mapy/,https://web.archive.org/web/20170614133025/http://www.press.sk/atlasy-a-mapy/,20170614133025,skip
https://www.press.sk/atlasy-a-mapy/,https://web.archive.org/web/20190724010038/https://www.press.sk/atlasy-a-mapy/,20190724010038,skip
https://www.press.sk/atlasy-a-mapy/,https://web.archive.org/web/20190922085345/https://www.press.sk/atlasy-a-mapy/,20190922085345,skip
https://www.press.sk/atlasy-a-mapy/,https://web.archive.org/web/20191115191015/https://www.press.sk/atlasy-a-mapy/,20191115191015,skip
https://www.press.sk/atlasy-a-mapy/,https://web.archive.org/web/20230311055259/https://www.press.sk/atlasy-a-mapy/,20230311055259,skip
http://www.press.sk/atlasy-a-mapy/atlas-piskovcovych-skalnich-mest/,https://web.archive.org/web/20130623114929/http://www.press.sk/atlasy-a-mapy/atlas-piskovcovych-skalnich-mest/,20130623114929,skip
http://www.press.sk/atlasy-a-mapy/databaze-letist-2011-cz-sk/,https://web.archive.org/web/20130623103400/http://www.press.sk/atlasy-a-mapy/databaze-letist-2011-cz-sk/,20130623103400,skip
http://www.press.sk/atlasy-a-mapy/databaze-letist-2012-cz-sk/,https://web.archive.org/web/20130623115919/http://www.press.sk/atlasy-a-mapy/databaze-letist-2012-cz-sk/,20130623115919,skip
http://www.press.sk/atlasy-a-mapy/databaze-letist-2013/,https://web.archive.org/web/20130623102800/http://www.press.sk/atlasy-a-mapy/databaze-letist-2013/,20130623102800,skip
https://www.press.sk/atlasy-a-mapy/databaze-letist-cr-sr-2019-klasicka-verzia/,https://web.archive.org/web/20190723183750/https://www.press.sk/atlasy-a-mapy/databaze-letist-cr-sr-2019-klasicka-verzia/,20190723183750,skip
https://www.press.sk/atlasy-a-mapy/databaze-letist-cr-sr-2019-klasicka-verzia/,https://web.archive.org/web/20190923163505/https://www.press.sk/atlasy-a-mapy/databaze-letist-cr-sr-2019-klasicka-verzia/,20190923163505,skip
https://www.press.sk/atlasy-a-mapy/databaze-letist-cr-sr-2019-klasicka-verzia/,https://web.archive.org/web/20191119033850/https://www.press.sk/atlasy-a-mapy/databaze-letist-cr-sr-2019-klasicka-verzia/,20191119033850,skip
https://www.press.sk/atlasy-a-mapy/databaze-letist-cr-sr-2019-kompletna-verzia/,https://web.archive.org/web/20190723181711/https://www.press.sk/atlasy-a-mapy/databaze-letist-cr-sr-2019-kompletna-verzia/,20190723181711,skip
https://www.press.sk/atlasy-a-mapy/databaze-letist-cr-sr-2019-kompletna-verzia/,https://web.archive.org/web/20190923163232/https://www.press.sk/atlasy-a-mapy/databaze-letist-cr-sr-2019-kompletna-verzia/,20190923163232,skip
https://www.press.sk/atlasy-a-mapy/databaze-letist-cr-sr-2019-kompletna-verzia/,https://web.archive.org/web/20191119033734/https://www.press.sk/atlasy-a-mapy/databaze-letist-cr-sr-2019-kompletna-verzia/,20191119033734,skip
https://www.press.sk/atlasy-a-mapy/databaze-letist-cr-sr-2022-klasicka-verzia/,https://web.archive.org/web/20230311055259/https://www.press.sk/atlasy-a-mapy/databaze-letist-cr-sr-2022-klasicka-verzia/,20230311055259,skip
http://www.press.sk/atlasy-a-mapy/databaze-letist-profi/,https://web.archive.org/web/20130623101733/http://www.press.sk/atlasy-a-mapy/databaze-letist-profi/,20130623101733,skip
http://www.press.sk/atlasy-a-mapy/naucte-se-kreslit-fantasy-a-rpg-mapy/,https://web.archive.org/web/20170606030825/http://www.press.sk/atlasy-a-mapy/naucte-se-kreslit-fantasy-a-rpg-mapy/,20170606030825,skip
http://www.press.sk:80/atlasy-a-mapy/naucte-se-kreslit-fantasy-a-rpg-mapy/,https://web.archive.org/web/20170610162408/http://www.press.sk:80/atlasy-a-mapy/naucte-se-kreslit-fantasy-a-rpg-mapy/,20170610162408,skip
https://www.press.sk/atlasy-a-mapy/slovensko-z-neba-2014/,https://web.archive.org/web/20230311055255/https://www.press.sk/atlasy-a-mapy/slovensko-z-neba-2014/,20230311055255,skip
http://www.press.sk/atm/,https://web.archive.org/web/20130511025540/http://www.press.sk/atm/,20130511025540,skip
http://www.press.sk:80/atm/,https://web.archive.org/web/20130727040102/http://www.press.sk:80/atm/,20130727040102,skip
http://www.press.sk:80/atm,https://web.archive.org/web/20140109053525/http://www.press.sk:80/atm,20140109053525,skip
http://www.press.sk:80/atm/,https://web.archive.org/web/20140110112554/http://www.press.sk:80/atm/,20140110112554,skip
http://www.press.sk:80/atm,https://web.archive.org/web/20140220095244/http://www.press.sk:80/atm,20140220095244,skip
http://www.press.sk:80/atm,https://web.archive.org/web/20140704092937/http://www.press.sk:80/atm,20140704092937,skip
http://www.press.sk:80/atm,https://web.archive.org/web/20140915004908/http://www.press.sk:80/atm,20140915004908,skip
http://www.press.sk:80/atm/,https://web.archive.org/web/20150910123820/http://www.press.sk:80/atm/,20150910123820,skip
http://www.press.sk/atm/,https://web.archive.org/web/20160407190426/http://www.press.sk/atm/,20160407190426,skip
http://www.press.sk:80/atm/,https://web.archive.org/web/20160508103208/http://www.press.sk:80/atm/,20160508103208,skip
http://www.press.sk/atm/,https://web.archive.org/web/20170406145921/http://www.press.sk/atm/,20170406145921,skip
https://www.press.sk/atm/,https://web.archive.org/web/20170731131938/https://www.press.sk/atm/,20170731131938,skip
https://www.press.sk/atm/,https://web.archive.org/web/20190819105904/https://www.press.sk/atm/,20190819105904,skip
https://www.press.sk/atm/,https://web.archive.org/web/20191019105030/https://www.press.sk/atm/,20191019105030,skip
https://www.press.sk/atm/,https://web.archive.org/web/20191207170557/https://www.press.sk/atm/,20191207170557,skip
https://www.press.sk/atm/,https://web.archive.org/web/20221212000254/https://www.press.sk/atm/,20221212000254,skip
https://www.press.sk/atm/,https://web.archive.org/web/20230311055243/https://www.press.sk/atm/,20230311055243,skip
https://www.press.sk/atm/,https://web.archive.org/web/20230714165941/https://www.press.sk/atm/,20230714165941,skip
http://www.press.sk/atm/atm/,https://web.archive.org/web/20130623063657/http://www.press.sk/atm/atm/,20130623063657,skip
http://www.press.sk:80/atm/atm/,https://web.archive.org/web/20140110081059/http://www.press.sk:80/atm/atm/,20140110081059,skip
http://www.press.sk:80/atm/atm/,https://web.archive.org/web/20141229022457/http://www.press.sk:80/atm/atm/,20141229022457,skip
http://www.press.sk:80/atm/atm/,https://web.archive.org/web/20150407144841/http://www.press.sk:80/atm/atm/,20150407144841,skip
http://www.press.sk:80/atm/atm/,https://web.archive.org/web/20150607044928/http://www.press.sk:80/atm/atm/,20150607044928,skip
http://www.press.sk:80/atm/atm/,https://web.archive.org/web/20150807183218/http://www.press.sk:80/atm/atm/,20150807183218,skip
http://www.press.sk:80/atm/atm/,https://web.archive.org/web/20151008011630/http://www.press.sk:80/atm/atm/,20151008011630,skip
http://www.press.sk:80/atm/atm/,https://web.archive.org/web/20151207161246/http://www.press.sk:80/atm/atm/,20151207161246,skip
https://www.press.sk/atm/atm/,https://web.archive.org/web/20190721071638/https://www.press.sk/atm/atm/,20190721071638,skip
https://www.press.sk/atm/atm/,https://web.archive.org/web/20190820054927/https://www.press.sk/atm/atm/,20190820054927,skip
https://www.press.sk/atm/atm/,https://web.archive.org/web/20190820075931/https://www.press.sk/atm/atm/,20190820075931,skip
https://www.press.sk/atm/atm/,https://web.archive.org/web/20191015215858/https://www.press.sk/atm/atm/,20191015215858,skip
https://www.press.sk/atm/atm/,https://web.archive.org/web/20191017060811/https://www.press.sk/atm/atm/,20191017060811,skip
https://www.press.sk/atm/atm/,https://web.archive.org/web/20191213024503/https://www.press.sk/atm/atm/,20191213024503,skip
https://www.press.sk/atm/atm/,https://web.archive.org/web/20230312035739/https://www.press.sk/atm/atm/,20230312035739,skip
http://www.press.sk/atm/atm-c.012013/,https://web.archive.org/web/20130623053000/http://www.press.sk/atm/atm-c.012013/,20130623053000,skip
http://www.press.sk:80/atm/atm-c.012013/,https://web.archive.org/web/20140110075947/http://www.press.sk:80/atm/atm-c.012013/,20140110075947,skip
http://www.press.sk:80/atm/atm-c.012014/,https://web.archive.org/web/20140110075952/http://www.press.sk:80/atm/atm-c.012014/,20140110075952,skip
http://www.press.sk/atm/atm-c.022013/,https://web.archive.org/web/20130623064156/http://www.press.sk/atm/atm-c.022013/,20130623064156,skip
http://www.press.sk:80/atm/atm-c.022013/,https://web.archive.org/web/20140110075958/http://www.press.sk:80/atm/atm-c.022013/,20140110075958,skip
http://www.press.sk/atm/atm-c.032013/,https://web.archive.org/web/20130623074603/http://www.press.sk/atm/atm-c.032013/,20130623074603,skip
http://www.press.sk:80/atm/atm-c.032013/,https://web.archive.org/web/20140110080004/http://www.press.sk:80/atm/atm-c.032013/,20140110080004,skip
http://www.press.sk/atm/atm-c.042013/,https://web.archive.org/web/20130623054801/http://www.press.sk/atm/atm-c.042013/,20130623054801,skip
http://www.press.sk:80/atm/atm-c.042013/,https://web.archive.org/web/20140110080009/http://www.press.sk:80/atm/atm-c.042013/,20140110080009,skip
http://www.press.sk/atm/atm-c.052013/,https://web.archive.org/web/20130512224618/http://www.press.sk/atm/atm-c.052013/,20130512224618,skip
http://www.press.sk:80/atm/atm-c.052013/,https://web.archive.org/web/20140110080014/http://www.press.sk:80/atm/atm-c.052013/,20140110080014,skip
http://www.press.sk:80/atm/atm-c.062013/,https://web.archive.org/web/20140110080019/http://www.press.sk:80/atm/atm-c.062013/,20140110080019,skip
http://www.press.sk:80/atm/atm-c.072013/,https://web.archive.org/web/20140110080025/http://www.press.sk:80/atm/atm-c.072013/,20140110080025,skip
http://www.press.sk:80/atm/atm-c.082013/,https://web.archive.org/web/20140110080029/http://www.press.sk:80/atm/atm-c.082013/,20140110080029,skip
http://www.press.sk:80/atm/atm-c.092012/,https://web.archive.org/web/20140110080035/http://www.press.sk:80/atm/atm-c.092012/,20140110080035,skip
http://www.press.sk/atm/atm-c.102012/,https://web.archive.org/web/20130623064954/http://www.press.sk/atm/atm-c.102012/,20130623064954,skip
http://www.press.sk:80/atm/atm-c.102012/,https://web.archive.org/web/20140110080040/http://www.press.sk:80/atm/atm-c.102012/,20140110080040,skip
http://www.press.sk:80/atm/atm-c.102013/,https://web.archive.org/web/20140110080045/http://www.press.sk:80/atm/atm-c.102013/,20140110080045,skip
http://www.press.sk/atm/atm-c.112012/,https://web.archive.org/web/20130623073930/http://www.press.sk/atm/atm-c.112012/,20130623073930,skip
http://www.press.sk:80/atm/atm-c.112012/,https://web.archive.org/web/20140110080050/http://www.press.sk:80/atm/atm-c.112012/,20140110080050,skip
http://www.press.sk:80/atm/atm-c.112013/,https://web.archive.org/web/20140110080055/http://www.press.sk:80/atm/atm-c.112013/,20140110080055,skip
http://www.press.sk/atm/atm-c.12012/,https://web.archive.org/web/20130623062510/http://www.press.sk/atm/atm-c.12012/,20130623062510,skip
http://www.press.sk:80/atm/atm-c.12012/,https://web.archive.org/web/20140110080100/http://www.press.sk:80/atm/atm-c.12012/,20140110080100,skip
http://www.press.sk/atm/atm-c.122012/,https://web.archive.org/web/20130623062519/http://www.press.sk/atm/atm-c.122012/,20130623062519,skip
http://www.press.sk:80/atm/atm-c.122012/,https://web.archive.org/web/20140110080106/http://www.press.sk:80/atm/atm-c.122012/,20140110080106,skip
http://www.press.sk:80/atm/atm-c.122013/,https://web.archive.org/web/20140110080110/http://www.press.sk:80/atm/atm-c.122013/,20140110080110,skip
http://www.press.sk/atm/atm-c.22012/,https://web.archive.org/web/20130623073922/http://www.press.sk/atm/atm-c.22012/,20130623073922,skip
http://www.press.sk:80/atm/atm-c.22012/,https://web.archive.org/web/20140110080115/http://www.press.sk:80/atm/atm-c.22012/,20140110080115,skip
http://www.press.sk/atm/atm-c.32012/,https://web.archive.org/web/20130623064950/http://www.press.sk/atm/atm-c.32012/,20130623064950,skip
http://www.press.sk:80/atm/atm-c.32012/,https://web.archive.org/web/20140110080121/http://www.press.sk:80/atm/atm-c.32012/,20140110080121,skip
http://www.press.sk/atm/atm-c.42012/,https://web.archive.org/web/20130623060611/http://www.press.sk/atm/atm-c.42012/,20130623060611,skip
http://www.press.sk:80/atm/atm-c.42012/,https://web.archive.org/web/20140110080138/http://www.press.sk:80/atm/atm-c.42012/,20140110080138,skip
http://www.press.sk/atm/atm-c.52012/,https://web.archive.org/web/20130623054955/http://www.press.sk/atm/atm-c.52012/,20130623054955,skip
http://www.press.sk:80/atm/atm-c.52012/,https://web.archive.org/web/20140110080144/http://www.press.sk:80/atm/atm-c.52012/,20140110080144,skip
http://www.press.sk/atm/atm-c.62012/,https://web.archive.org/web/20130623070742/http://www.press.sk/atm/atm-c.62012/,20130623070742,skip
http://www.press.sk:80/atm/atm-c.62012/,https://web.archive.org/web/20140110080151/http://www.press.sk:80/atm/atm-c.62012/,20140110080151,skip
http://www.press.sk/atm/atm-c.72012/,https://web.archive.org/web/20130623071924/http://www.press.sk/atm/atm-c.72012/,20130623071924,skip
http://www.press.sk:80/atm/atm-c.72012/,https://web.archive.org/web/20140110080918/http://www.press.sk:80/atm/atm-c.72012/,20140110080918,skip
http://www.press.sk/atm/atm-c.82012/,https://web.archive.org/web/20130623070429/http://www.press.sk/atm/atm-c.82012/,20130623070429,skip
http://www.press.sk:80/atm/atm-c.82012/,https://web.archive.org/web/20140110080941/http://www.press.sk:80/atm/atm-c.82012/,20140110080941,skip
http://www.press.sk/atm/atm-c.92012/,https://web.archive.org/web/20130623072549/http://www.press.sk/atm/atm-c.92012/,20130623072549,skip
http://www.press.sk:80/atm/atm-c.92012/,https://web.archive.org/web/20140110080946/http://www.press.sk:80/atm/atm-c.92012/,20140110080946,skip
https://www.press.sk/atm/atm/?utm_source=newsletter&utm_campaign=November_2013&utm_medium=archive,https://web.archive.org/web/20190821053616/https://www.press.sk/atm/atm/?utm_source=newsletter&utm_campaign=November_2013&utm_medium=archive,20190821053616,skip
http://www.press.sk:80/audio/,https://web.archive.org/web/20170114194545/http://www.press.sk:80/audio/,20170114194545,skip
http://www.press.sk:80/audio/,https://web.archive.org/web/20170316055517/http://www.press.sk:80/audio/,20170316055517,skip
http://www.press.sk:80/audio/,https://web.archive.org/web/20170516121551/http://www.press.sk:80/audio/,20170516121551,skip
http://www.press.sk/audio/,https://web.archive.org/web/20170606072341/http://www.press.sk/audio/,20170606072341,skip
https://www.press.sk/audio/,https://web.archive.org/web/20190819105436/https://www.press.sk/audio/,20190819105436,skip
https://www.press.sk/audio/,https://web.archive.org/web/20191019104431/https://www.press.sk/audio/,20191019104431,skip
https://www.press.sk/audio/,https://web.archive.org/web/20191214100815/https://www.press.sk/audio/,20191214100815,skip
https://www.press.sk/audio/,https://web.archive.org/web/20221212000254/https://www.press.sk/audio/,20221212000254,skip
https://www.press.sk/audio/,https://web.archive.org/web/20230311055242/https://www.press.sk/audio/,20230311055242,skip
https://www.press.sk/audio/c.100-vlocky-rozpravocky/,https://web.archive.org/web/20170731054158/https://www.press.sk/audio/c.100-vlocky-rozpravocky/,20170731054158,skip
https://www.press.sk/audio/c.103-kukuckovy-dedko/,https://web.archive.org/web/20170731032056/https://www.press.sk/audio/c.103-kukuckovy-dedko/,20170731032056,skip
https://www.press.sk/audio/c.104-o-vodnikoch-nezbednikoch/,https://web.archive.org/web/20170731120338/https://www.press.sk/audio/c.104-o-vodnikoch-nezbednikoch/,20170731120338,skip
https://www.press.sk/audio/c.105-ako-islo-vajce-na-vandrovku/,https://web.archive.org/web/20170731041706/https://www.press.sk/audio/c.105-ako-islo-vajce-na-vandrovku/,20170731041706,skip
https://www.press.sk/audio/c.106-o-skaredom-kacatku/,https://web.archive.org/web/20170731013623/https://www.press.sk/audio/c.106-o-skaredom-kacatku/,20170731013623,skip
https://www.press.sk/audio/c.53-kamenny-kvietok/,https://web.archive.org/web/20170731070553/https://www.press.sk/audio/c.53-kamenny-kvietok/,20170731070553,skip
https://www.press.sk/audio/c.70-dobrodruzstva-vevericiaka-sisa/,https://web.archive.org/web/20170731080550/https://www.press.sk/audio/c.70-dobrodruzstva-vevericiaka-sisa/,20170731080550,skip
https://www.press.sk/audio/c.78-o-hlupom-certovi/,https://web.archive.org/web/20170731035841/https://www.press.sk/audio/c.78-o-hlupom-certovi/,20170731035841,skip
https://www.press.sk/audio/c.81-cesta-do-krajiny-snov/,https://web.archive.org/web/20170731040146/https://www.press.sk/audio/c.81-cesta-do-krajiny-snov/,20170731040146,skip
https://www.press.sk/audio/c.82-o-princovi-zlostnikovi-a-slachetnom-milkovi/,https://web.archive.org/web/20170731131251/https://www.press.sk/audio/c.82-o-princovi-zlostnikovi-a-slachetnom-milkovi/,20170731131251,skip
https://www.press.sk/audio/c.83-rozpravky-z-maleho-ostrova/,https://web.archive.org/web/20170731013403/https://www.press.sk/audio/c.83-rozpravky-z-maleho-ostrova/,20170731013403,skip
https://www.press.sk/audio/c.88-palculienka/,https://web.archive.org/web/20170731102142/https://www.press.sk/audio/c.88-palculienka/,20170731102142,skip
https://www.press.sk/audio/c.89-mrazik/,https://web.archive.org/web/20170731013032/https://www.press.sk/audio/c.89-mrazik/,20170731013032,skip
https://www.press.sk/audio/c.90-zlata-podkova-zlate-pero-zlaty-vlas/,https://web.archive.org/web/20170730230459/https://www.press.sk/audio/c.90-zlata-podkova-zlate-pero-zlaty-vlas/,20170730230459,skip
https://www.press.sk/audio/c.92-o-dracikovi-spacikovi/,https://web.archive.org/web/20170730233931/https://www.press.sk/audio/c.92-o-dracikovi-spacikovi/,20170730233931,skip
https://www.press.sk/audio/c.93-osmijankove-rozpravky/,https://web.archive.org/web/20170731080838/https://www.press.sk/audio/c.93-osmijankove-rozpravky/,20170731080838,skip
https://www.press.sk/audio/c.95-rozpravka-o-prvom-rozpravkarovi/,https://web.archive.org/web/20170731013827/https://www.press.sk/audio/c.95-rozpravka-o-prvom-rozpravkarovi/,20170731013827,skip
https://www.press.sk/audio/c.96-do-skoly/,https://web.archive.org/web/20170731021945/https://www.press.sk/audio/c.96-do-skoly/,20170731021945,skip
https://www.press.sk/audio/ezpove-bajky/,https://web.archive.org/web/20170730143224/https://www.press.sk/audio/ezpove-bajky/,20170730143224,skip
"https://www.press.sk/audio/o,a,30,30/","https://web.archive.org/web/20170731001347/https://www.press.sk/audio/o,a,30,30/",20170731001347,skip
"https://www.press.sk/audio/o,a,30,60/","https://web.archive.org/web/20170731130619/https://www.press.sk/audio/o,a,30,60/",20170731130619,skip
https://www.press.sk/audio/?design,https://web.archive.org/web/20190724010311/https://www.press.sk/audio/?design,20190724010311,skip
https://www.press.sk/audio/?design,https://web.archive.org/web/20190922085620/https://www.press.sk/audio/?design,20190922085620,skip
https://www.press.sk/audio/?design,https://web.archive.org/web/20191113004104/https://www.press.sk/audio/?design,20191113004104,skip
https://www.press.sk/audio/?design,https://web.archive.org/web/20240523114030/https://www.press.sk/audio/?design,20240523114030,skip
https://www.press.sk/auta/,https://web.archive.org/web/20191015070213/https://www.press.sk/auta/,20191015070213,skip
https://www.press.sk/auta/,https://web.archive.org/web/20191208124041/https://www.press.sk/auta/,20191208124041,skip
https://www.press.sk/auta/,https://web.archive.org/web/20230311055324/https://www.press.sk/auta/,20230311055324,skip
https://www.press.sk/auta/auta-3-kniha-s-modelom/,https://web.archive.org/web/20191117161229/https://www.press.sk/auta/auta-3-kniha-s-modelom/,20191117161229,skip
https://www.press.sk/auta/auta-3-obrazovy-sprievodca/,https://web.archive.org/web/20191117184937/https://www.press.sk/auta/auta-3-obrazovy-sprievodca/,20191117184937,skip
https://www.press.sk/auta/auta-3-od-rozpravky-k-rozpravke/,https://web.archive.org/web/20191114100554/https://www.press.sk/auta/auta-3-od-rozpravky-k-rozpravke/,20191114100554,skip
https://www.press.sk/auta/auta-bezva-kniha-o-autach/,https://web.archive.org/web/20191113183537/https://www.press.sk/auta/auta-bezva-kniha-o-autach/,20191113183537,skip
https://www.press.sk/auta/auta-mater-na-mesiaci-a-ine-historky/,https://web.archive.org/web/20191113183417/https://www.press.sk/auta/auta-mater-na-mesiaci-a-ine-historky/,20191113183417,skip
https://www.press.sk/auta/auta-najkrajsia-kolekcia/,https://web.archive.org/web/20191117184950/https://www.press.sk/auta/auta-najkrajsia-kolekcia/,20191117184950,skip
https://www.press.sk/auta/auta-priatelia-na-styroch-kolesach/,https://web.archive.org/web/20191117185254/https://www.press.sk/auta/auta-priatelia-na-styroch-kolesach/,20191117185254,skip
https://www.press.sk/auta/auta-velka-kniha-zabavy+14788/,https://web.archive.org/web/20191113183555/https://www.press.sk/auta/auta-velka-kniha-zabavy+14788/,20191113183555,skip
https://www.press.sk/auta/disney-rozpravky-do-postielky/,https://web.archive.org/web/20191117161234/https://www.press.sk/auta/disney-rozpravky-do-postielky/,20191117161234,skip
http://www.press.sk/bajky-a-povesti/,https://web.archive.org/web/20170615001328/http://www.press.sk/bajky-a-povesti/,20170615001328,skip
https://www.press.sk/barbie/,https://web.archive.org/web/20191015070827/https://www.press.sk/barbie/,20191015070827,skip
https://www.press.sk/barbie/,https://web.archive.org/web/20191206233159/https://www.press.sk/barbie/,20191206233159,skip
https://www.press.sk/barbie/,https://web.archive.org/web/20230311055323/https://www.press.sk/barbie/,20230311055323,skip
https://www.press.sk/barbie/barbie-odvazna-princezna-zabavny-zosit/,https://web.archive.org/web/20190918204811/https://www.press.sk/barbie/barbie-odvazna-princezna-zabavny-zosit/,20190918204811,skip
https://www.press.sk/barbie/disney-princenzna-nejlepsi-domecek-na-strome/,https://web.archive.org/web/20191123025059/https://www.press.sk/barbie/disney-princenzna-nejlepsi-domecek-na-strome/,20191123025059,skip
http://www.press.sk:80/bitva-o-berlin/,https://web.archive.org/web/20161213191922/http://www.press.sk:80/bitva-o-berlin/,20161213191922,skip
http://www.press.sk:80/bitva-o-berlin/,https://web.archive.org/web/20170213100336/http://www.press.sk:80/bitva-o-berlin/,20170213100336,skip
http://www.press.sk:80/bitva-o-berlin,https://web.archive.org/web/20170330210805/http://www.press.sk:80/bitva-o-berlin,20170330210805,skip
http://www.press.sk:80/bitva-o-berlin/,https://web.archive.org/web/20170415031652/http://www.press.sk:80/bitva-o-berlin/,20170415031652,skip
http://www.press.sk:80/bitva-o-berlin,https://web.archive.org/web/20170511084617/http://www.press.sk:80/bitva-o-berlin,20170511084617,skip
http://www.press.sk/bitva-o-berlin/,https://web.archive.org/web/20170610221929/http://www.press.sk/bitva-o-berlin/,20170610221929,skip
https://www.press.sk/bitva-o-berlin/,https://web.archive.org/web/20190718010605/https://www.press.sk/bitva-o-berlin/,20190718010605,skip
https://www.press.sk/bitva-o-berlin/,https://web.archive.org/web/20190917071727/https://www.press.sk/bitva-o-berlin/,20190917071727,skip
https://www.press.sk/bitva-o-berlin/,https://web.archive.org/web/20191114224356/https://www.press.sk/bitva-o-berlin/,20191114224356,skip
https://www.press.sk/bitva-o-berlin/,https://web.archive.org/web/20230311055300/https://www.press.sk/bitva-o-berlin/,20230311055300,skip
http://www.press.sk:80/bitva-o-berlin/bitva-o-berlin-c.1/,https://web.archive.org/web/20170331175344/http://www.press.sk:80/bitva-o-berlin/bitva-o-berlin-c.1/,20170331175344,skip
http://www.press.sk/bitva-o-berlin/bitva-o-berlin-c.1/,https://web.archive.org/web/20170606013313/http://www.press.sk/bitva-o-berlin/bitva-o-berlin-c.1/,20170606013313,skip
http://www.press.sk:80/bitva-o-berlin/bitva-o-berlin-c.1/,https://web.archive.org/web/20170610162846/http://www.press.sk:80/bitva-o-berlin/bitva-o-berlin-c.1/,20170610162846,skip
http://www.press.sk:80/bitva-o-berlin/bitva-o-berlin-c.10/,https://web.archive.org/web/20170331175948/http://www.press.sk:80/bitva-o-berlin/bitva-o-berlin-c.10/,20170331175948,skip
http://www.press.sk:80/bitva-o-berlin/bitva-o-berlin-c.11/,https://web.archive.org/web/20170331180457/http://www.press.sk:80/bitva-o-berlin/bitva-o-berlin-c.11/,20170331180457,skip
https://www.press.sk/bitva-o-berlin/bitva-o-berlin-c.11/,https://web.archive.org/web/20190823005808/https://www.press.sk/bitva-o-berlin/bitva-o-berlin-c.11/,20190823005808,skip
https://www.press.sk/bitva-o-berlin/bitva-o-berlin-c.11/,https://web.archive.org/web/20191013232836/https://www.press.sk/bitva-o-berlin/bitva-o-berlin-c.11/,20191013232836,skip
http://www.press.sk:80/bitva-o-berlin/bitva-o-berlin-c.12/,https://web.archive.org/web/20170331175953/http://www.press.sk:80/bitva-o-berlin/bitva-o-berlin-c.12/,20170331175953,skip
https://www.press.sk/bitva-o-berlin/bitva-o-berlin-c.12/,https://web.archive.org/web/20190826061246/https://www.press.sk/bitva-o-berlin/bitva-o-berlin-c.12/,20190826061246,skip
http://www.press.sk:80/bitva-o-berlin/bitva-o-berlin-c.13/,https://web.archive.org/web/20170331175959/http://www.press.sk:80/bitva-o-berlin/bitva-o-berlin-c.13/,20170331175959,skip
https://www.press.sk/bitva-o-berlin/bitva-o-berlin-c.13/,https://web.archive.org/web/20190826053138/https://www.press.sk/bitva-o-berlin/bitva-o-berlin-c.13/,20190826053138,skip
https://www.press.sk/bitva-o-berlin/bitva-o-berlin-c.13/,https://web.archive.org/web/20191015215257/https://www.press.sk/bitva-o-berlin/bitva-o-berlin-c.13/,20191015215257,skip
http://www.press.sk:80/bitva-o-berlin/bitva-o-berlin-c.14/,https://web.archive.org/web/20170331174854/http://www.press.sk:80/bitva-o-berlin/bitva-o-berlin-c.14/,20170331174854,skip
https://www.press.sk/bitva-o-berlin/bitva-o-berlin-c.14/,https://web.archive.org/web/20190826053245/https://www.press.sk/bitva-o-berlin/bitva-o-berlin-c.14/,20190826053245,skip
http://www.press.sk:80/bitva-o-berlin/bitva-o-berlin-c.15/,https://web.archive.org/web/20170331180004/http://www.press.sk:80/bitva-o-berlin/bitva-o-berlin-c.15/,20170331180004,skip
http://www.press.sk:80/bitva-o-berlin/bitva-o-berlin-c.16/,https://web.archive.org/web/20170331180502/http://www.press.sk:80/bitva-o-berlin/bitva-o-berlin-c.16/,20170331180502,skip
http://www.press.sk:80/bitva-o-berlin/bitva-o-berlin-c.17/,https://web.archive.org/web/20170331175349/http://www.press.sk:80/bitva-o-berlin/bitva-o-berlin-c.17/,20170331175349,skip
http://www.press.sk:80/bitva-o-berlin/bitva-o-berlin-c.18/,https://web.archive.org/web/20170331180009/http://www.press.sk:80/bitva-o-berlin/bitva-o-berlin-c.18/,20170331180009,skip
http://www.press.sk:80/bitva-o-berlin/bitva-o-berlin-c.19/,https://web.archive.org/web/20170331174901/http://www.press.sk:80/bitva-o-berlin/bitva-o-berlin-c.19/,20170331174901,skip
http://www.press.sk:80/bitva-o-berlin/bitva-o-berlin-c.2/,https://web.archive.org/web/20170331174906/http://www.press.sk:80/bitva-o-berlin/bitva-o-berlin-c.2/,20170331174906,skip
http://www.press.sk/bitva-o-berlin/bitva-o-berlin-c.2/,https://web.archive.org/web/20170606155738/http://www.press.sk/bitva-o-berlin/bitva-o-berlin-c.2/,20170606155738,skip
http://www.press.sk:80/bitva-o-berlin/bitva-o-berlin-c.2/,https://web.archive.org/web/20170610160536/http://www.press.sk:80/bitva-o-berlin/bitva-o-berlin-c.2/,20170610160536,skip
http://www.press.sk:80/bitva-o-berlin/bitva-o-berlin-c.20/,https://web.archive.org/web/20170331175354/http://www.press.sk:80/bitva-o-berlin/bitva-o-berlin-c.20/,20170331175354,skip
http://www.press.sk:80/bitva-o-berlin/bitva-o-berlin-c.21/,https://web.archive.org/web/20170331180507/http://www.press.sk:80/bitva-o-berlin/bitva-o-berlin-c.21/,20170331180507,skip
http://www.press.sk:80/bitva-o-berlin/bitva-o-berlin-c.22/,https://web.archive.org/web/20170331180014/http://www.press.sk:80/bitva-o-berlin/bitva-o-berlin-c.22/,20170331180014,skip
http://www.press.sk:80/bitva-o-berlin/bitva-o-berlin-c.23/,https://web.archive.org/web/20170331175359/http://www.press.sk:80/bitva-o-berlin/bitva-o-berlin-c.23/,20170331175359,skip
http://www.press.sk:80/bitva-o-berlin/bitva-o-berlin-c.24/,https://web.archive.org/web/20170331180512/http://www.press.sk:80/bitva-o-berlin/bitva-o-berlin-c.24/,20170331180512,skip
http://www.press.sk:80/bitva-o-berlin/bitva-o-berlin-c.25/,https://web.archive.org/web/20170331174911/http://www.press.sk:80/bitva-o-berlin/bitva-o-berlin-c.25/,20170331174911,skip
http://www.press.sk:80/bitva-o-berlin/bitva-o-berlin-c.26/,https://web.archive.org/web/20170331174916/http://www.press.sk:80/bitva-o-berlin/bitva-o-berlin-c.26/,20170331174916,skip
http://www.press.sk:80/bitva-o-berlin/bitva-o-berlin-c.27/,https://web.archive.org/web/20170331175404/http://www.press.sk:80/bitva-o-berlin/bitva-o-berlin-c.27/,20170331175404,skip
http://www.press.sk:80/bitva-o-berlin/bitva-o-berlin-c.28/,https://web.archive.org/web/20170331174921/http://www.press.sk:80/bitva-o-berlin/bitva-o-berlin-c.28/,20170331174921,skip
http://www.press.sk:80/bitva-o-berlin/bitva-o-berlin-c.29/,https://web.archive.org/web/20170331175409/http://www.press.sk:80/bitva-o-berlin/bitva-o-berlin-c.29/,20170331175409,skip
http://www.press.sk:80/bitva-o-berlin/bitva-o-berlin-c.3/,https://web.archive.org/web/20170331180517/http://www.press.sk:80/bitva-o-berlin/bitva-o-berlin-c.3/,20170331180517,skip
http://www.press.sk:80/bitva-o-berlin/bitva-o-berlin-c.4/,https://web.archive.org/web/20170331180522/http://www.press.sk:80/bitva-o-berlin/bitva-o-berlin-c.4/,20170331180522,skip
http://www.press.sk:80/bitva-o-berlin/bitva-o-berlin-c.5/,https://web.archive.org/web/20170331180527/http://www.press.sk:80/bitva-o-berlin/bitva-o-berlin-c.5/,20170331180527,skip
http://www.press.sk:80/bitva-o-berlin/bitva-o-berlin-c.6/,https://web.archive.org/web/20170331175414/http://www.press.sk:80/bitva-o-berlin/bitva-o-berlin-c.6/,20170331175414,skip
http://www.press.sk:80/bitva-o-berlin/bitva-o-berlin-c.7/,https://web.archive.org/web/20170331180532/http://www.press.sk:80/bitva-o-berlin/bitva-o-berlin-c.7/,20170331180532,skip
http://www.press.sk:80/bitva-o-berlin/bitva-o-berlin-c.8/,https://web.archive.org/web/20170331180537/http://www.press.sk:80/bitva-o-berlin/bitva-o-berlin-c.8/,20170331180537,skip
http://www.press.sk:80/bitva-o-berlin/bitva-o-berlin-c.9/,https://web.archive.org/web/20170331174926/http://www.press.sk:80/bitva-o-berlin/bitva-o-berlin-c.9/,20170331174926,skip
http://www.press.sk:80/bitva-o-berlin/bitva-o-berlin-predplatne/,https://web.archive.org/web/20170331174931/http://www.press.sk:80/bitva-o-berlin/bitva-o-berlin-predplatne/,20170331174931,skip
http://www.press.sk/bitva-o-berlin/bitva-o-berlin-predplatne/,https://web.archive.org/web/20170606100259/http://www.press.sk/bitva-o-berlin/bitva-o-berlin-predplatne/,20170606100259,skip
http://www.press.sk:80/bitva-o-berlin/bitva-o-berlin-predplatne/,https://web.archive.org/web/20170610162413/http://www.press.sk:80/bitva-o-berlin/bitva-o-berlin-predplatne/,20170610162413,skip
"http://www.press.sk:80/bitva-o-berlin/o,a,30,30/","https://web.archive.org/web/20170401035936/http://www.press.sk:80/bitva-o-berlin/o,a,30,30/",20170401035936,skip
http://www.press.sk:80/bojova-vozidla,https://web.archive.org/web/20120225042323/http://www.press.sk:80/bojova-vozidla,20120225042323,skip
http://www.press.sk:80/bojova-vozidla/,https://web.archive.org/web/20120226165227/http://www.press.sk:80/bojova-vozidla/,20120226165227,skip
http://www.press.sk:80/bojova-vozidla,https://web.archive.org/web/20120420194452/http://www.press.sk:80/bojova-vozidla,20120420194452,skip
http://www.press.sk:80/bojova-vozidla/,https://web.archive.org/web/20120427140729/http://www.press.sk:80/bojova-vozidla/,20120427140729,skip
http://www.press.sk:80/bojova-vozidla,https://web.archive.org/web/20120621042837/http://www.press.sk:80/bojova-vozidla,20120621042837,skip
http://www.press.sk:80/bojova-vozidla/,https://web.archive.org/web/20120627055543/http://www.press.sk:80/bojova-vozidla/,20120627055543,skip
http://www.press.sk:80/bojova-vozidla,https://web.archive.org/web/20120818175445/http://www.press.sk:80/bojova-vozidla,20120818175445,skip
http://www.press.sk:80/bojova-vozidla/,https://web.archive.org/web/20120828152048/http://www.press.sk:80/bojova-vozidla/,20120828152048,skip
http://www.press.sk:80/bojova-vozidla,https://web.archive.org/web/20121028115839/http://www.press.sk:80/bojova-vozidla,20121028115839,skip
http://www.press.sk:80/bojova-vozidla,https://web.archive.org/web/20121230191921/http://www.press.sk:80/bojova-vozidla,20121230191921,skip
http://www.press.sk:80/bojova-vozidla,https://web.archive.org/web/20130308164018/http://www.press.sk:80/bojova-vozidla,20130308164018,skip
http://www.press.sk/bojova-vozidla/,https://web.archive.org/web/20130510195031/http://www.press.sk/bojova-vozidla/,20130510195031,skip
http://www.press.sk:80/bojova-vozidla,https://web.archive.org/web/20130527141129/http://www.press.sk:80/bojova-vozidla,20130527141129,skip
http://www.press.sk:80/bojova-vozidla/,https://web.archive.org/web/20140127033133/http://www.press.sk:80/bojova-vozidla/,20140127033133,skip
http://www.press.sk:80/bojova-vozidla,https://web.archive.org/web/20140803004201/http://www.press.sk:80/bojova-vozidla,20140803004201,skip
http://www.press.sk:80/bojova-vozidla/,https://web.archive.org/web/20140804120658/http://www.press.sk:80/bojova-vozidla/,20140804120658,skip
http://www.press.sk:80/bojova-vozidla,https://web.archive.org/web/20140915001525/http://www.press.sk:80/bojova-vozidla,20140915001525,skip
http://www.press.sk:80/bojova-vozidla/,https://web.archive.org/web/20141013083635/http://www.press.sk:80/bojova-vozidla/,20141013083635,skip
http://www.press.sk:80/bojova-vozidla/,https://web.archive.org/web/20150310140142/http://www.press.sk:80/bojova-vozidla/,20150310140142,skip
http://www.press.sk:80/bojova-vozidla/,https://web.archive.org/web/20151113193137/http://www.press.sk:80/bojova-vozidla/,20151113193137,skip
http://www.press.sk:80/bojova-vozidla/,https://web.archive.org/web/20160518062408/http://www.press.sk:80/bojova-vozidla/,20160518062408,skip
http://www.press.sk/bojova-vozidla/,https://web.archive.org/web/20160802164136/http://www.press.sk/bojova-vozidla/,20160802164136,skip
http://www.press.sk:80/bojova-vozidla/,https://web.archive.org/web/20161231054510/http://www.press.sk:80/bojova-vozidla/,20161231054510,skip
http://www.press.sk:80/bojova-vozidla/bojova-vozidla-c.01/,https://web.archive.org/web/20120226093349/http://www.press.sk:80/bojova-vozidla/bojova-vozidla-c.01/,20120226093349,skip
http://www.press.sk:80/bojova-vozidla/bojova-vozidla-c.01/,https://web.archive.org/web/20120622133709/http://www.press.sk:80/bojova-vozidla/bojova-vozidla-c.01/,20120622133709,skip
http://www.press.sk/bojova-vozidla/bojova-vozidla-c.01/,https://web.archive.org/web/20130621055846/http://www.press.sk/bojova-vozidla/bojova-vozidla-c.01/,20130621055846,skip
http://www.press.sk:80/bojova-vozidla/bojova-vozidla-c.01/,https://web.archive.org/web/20140804120700/http://www.press.sk:80/bojova-vozidla/bojova-vozidla-c.01/,20140804120700,skip
http://www.press.sk:80/bojova-vozidla/bojova-vozidla-c.02/,https://web.archive.org/web/20120226093354/http://www.press.sk:80/bojova-vozidla/bojova-vozidla-c.02/,20120226093354,skip
http://www.press.sk:80/bojova-vozidla/bojova-vozidla-c.02/,https://web.archive.org/web/20120622134831/http://www.press.sk:80/bojova-vozidla/bojova-vozidla-c.02/,20120622134831,skip
http://www.press.sk/bojova-vozidla/bojova-vozidla-c.02/,https://web.archive.org/web/20130621081017/http://www.press.sk/bojova-vozidla/bojova-vozidla-c.02/,20130621081017,skip
http://www.press.sk:80/bojova-vozidla/bojova-vozidla-c.02/,https://web.archive.org/web/20140804120704/http://www.press.sk:80/bojova-vozidla/bojova-vozidla-c.02/,20140804120704,skip
http://www.press.sk:80/bojova-vozidla/bojova-vozidla-c.02/,https://web.archive.org/web/20160821234546/http://www.press.sk:80/bojova-vozidla/bojova-vozidla-c.02/,20160821234546,skip
http://www.press.sk:80/bojova-vozidla/bojova-vozidla-c.03/,https://web.archive.org/web/20120226095456/http://www.press.sk:80/bojova-vozidla/bojova-vozidla-c.03/,20120226095456,skip
http://www.press.sk:80/bojova-vozidla/bojova-vozidla-c.03/,https://web.archive.org/web/20120622134835/http://www.press.sk:80/bojova-vozidla/bojova-vozidla-c.03/,20120622134835,skip
http://www.press.sk/bojova-vozidla/bojova-vozidla-c.03/,https://web.archive.org/web/20130621071343/http://www.press.sk/bojova-vozidla/bojova-vozidla-c.03/,20130621071343,skip
http://www.press.sk:80/bojova-vozidla/bojova-vozidla-c.03/,https://web.archive.org/web/20140804120709/http://www.press.sk:80/bojova-vozidla/bojova-vozidla-c.03/,20140804120709,skip
http://www.press.sk:80/bojova-vozidla/bojova-vozidla-c.04/,https://web.archive.org/web/20120226095501/http://www.press.sk:80/bojova-vozidla/bojova-vozidla-c.04/,20120226095501,skip
http://www.press.sk:80/bojova-vozidla/bojova-vozidla-c.04/,https://web.archive.org/web/20120622134443/http://www.press.sk:80/bojova-vozidla/bojova-vozidla-c.04/,20120622134443,skip
http://www.press.sk/bojova-vozidla/bojova-vozidla-c.04/,https://web.archive.org/web/20130621071320/http://www.press.sk/bojova-vozidla/bojova-vozidla-c.04/,20130621071320,skip
http://www.press.sk:80/bojova-vozidla/bojova-vozidla-c.04,https://web.archive.org/web/20140803004205/http://www.press.sk:80/bojova-vozidla/bojova-vozidla-c.04,20140803004205,skip
http://www.press.sk:80/bojova-vozidla/bojova-vozidla-c.04/,https://web.archive.org/web/20140804113351/http://www.press.sk:80/bojova-vozidla/bojova-vozidla-c.04/,20140804113351,skip
http://www.press.sk:80/bojova-vozidla/bojova-vozidla-c.04,https://web.archive.org/web/20140915041532/http://www.press.sk:80/bojova-vozidla/bojova-vozidla-c.04,20140915041532,skip
http://www.press.sk:80/bojova-vozidla/bojova-vozidla-c.05/,https://web.archive.org/web/20120226100026/http://www.press.sk:80/bojova-vozidla/bojova-vozidla-c.05/,20120226100026,skip
http://www.press.sk:80/bojova-vozidla/bojova-vozidla-c.05/,https://web.archive.org/web/20120622134102/http://www.press.sk:80/bojova-vozidla/bojova-vozidla-c.05/,20120622134102,skip
http://www.press.sk/bojova-vozidla/bojova-vozidla-c.05/,https://web.archive.org/web/20130621081036/http://www.press.sk/bojova-vozidla/bojova-vozidla-c.05/,20130621081036,skip
http://www.press.sk:80/bojova-vozidla/bojova-vozidla-c.05/,https://web.archive.org/web/20140804120713/http://www.press.sk:80/bojova-vozidla/bojova-vozidla-c.05/,20140804120713,skip
http://www.press.sk:80/bojova-vozidla/bojova-vozidla-c.06/,https://web.archive.org/web/20120226093359/http://www.press.sk:80/bojova-vozidla/bojova-vozidla-c.06/,20120226093359,skip
http://www.press.sk:80/bojova-vozidla/bojova-vozidla-c.06/,https://web.archive.org/web/20120622134108/http://www.press.sk:80/bojova-vozidla/bojova-vozidla-c.06/,20120622134108,skip
http://www.press.sk/bojova-vozidla/bojova-vozidla-c.06/,https://web.archive.org/web/20130621055857/http://www.press.sk/bojova-vozidla/bojova-vozidla-c.06/,20130621055857,skip
http://www.press.sk:80/bojova-vozidla/bojova-vozidla-c.06/,https://web.archive.org/web/20140804120719/http://www.press.sk:80/bojova-vozidla/bojova-vozidla-c.06/,20140804120719,skip
http://www.press.sk:80/bojova-vozidla/bojova-vozidla-c.07/,https://web.archive.org/web/20120226094318/http://www.press.sk:80/bojova-vozidla/bojova-vozidla-c.07/,20120226094318,skip
http://www.press.sk:80/bojova-vozidla/bojova-vozidla-c.07/,https://web.archive.org/web/20120622134840/http://www.press.sk:80/bojova-vozidla/bojova-vozidla-c.07/,20120622134840,skip
http://www.press.sk/bojova-vozidla/bojova-vozidla-c.07/,https://web.archive.org/web/20130621063922/http://www.press.sk/bojova-vozidla/bojova-vozidla-c.07/,20130621063922,skip
http://www.press.sk:80/bojova-vozidla/bojova-vozidla-c.07/,https://web.archive.org/web/20140804120724/http://www.press.sk:80/bojova-vozidla/bojova-vozidla-c.07/,20140804120724,skip
http://www.press.sk:80/bojova-vozidla/bojova-vozidla-c.08/,https://web.archive.org/web/20120226095506/http://www.press.sk:80/bojova-vozidla/bojova-vozidla-c.08/,20120226095506,skip
http://www.press.sk:80/bojova-vozidla/bojova-vozidla-c.08/,https://web.archive.org/web/20120622134115/http://www.press.sk:80/bojova-vozidla/bojova-vozidla-c.08/,20120622134115,skip
http://www.press.sk/bojova-vozidla/bojova-vozidla-c.08/,https://web.archive.org/web/20130621055917/http://www.press.sk/bojova-vozidla/bojova-vozidla-c.08/,20130621055917,skip
http://www.press.sk:80/bojova-vozidla/bojova-vozidla-c.08,https://web.archive.org/web/20140803004222/http://www.press.sk:80/bojova-vozidla/bojova-vozidla-c.08,20140803004222,skip
http://www.press.sk:80/bojova-vozidla/bojova-vozidla-c.08/,https://web.archive.org/web/20140804113427/http://www.press.sk:80/bojova-vozidla/bojova-vozidla-c.08/,20140804113427,skip
http://www.press.sk:80/bojova-vozidla/bojova-vozidla-c.08,https://web.archive.org/web/20140915004548/http://www.press.sk:80/bojova-vozidla/bojova-vozidla-c.08,20140915004548,skip
http://www.press.sk:80/bojova-vozidla/bojova-vozidla-c.09/,https://web.archive.org/web/20120226095512/http://www.press.sk:80/bojova-vozidla/bojova-vozidla-c.09/,20120226095512,skip
http://www.press.sk:80/bojova-vozidla/bojova-vozidla-c.09/,https://web.archive.org/web/20120622133713/http://www.press.sk:80/bojova-vozidla/bojova-vozidla-c.09/,20120622133713,skip
http://www.press.sk/bojova-vozidla/bojova-vozidla-c.09/,https://web.archive.org/web/20130621063949/http://www.press.sk/bojova-vozidla/bojova-vozidla-c.09/,20130621063949,skip
http://www.press.sk:80/bojova-vozidla/bojova-vozidla-c.09/,https://web.archive.org/web/20140804120738/http://www.press.sk:80/bojova-vozidla/bojova-vozidla-c.09/,20140804120738,skip
http://www.press.sk:80/bojova-vozidla/bojova-vozidla-c.10/,https://web.archive.org/web/20120226095517/http://www.press.sk:80/bojova-vozidla/bojova-vozidla-c.10/,20120226095517,skip
http://www.press.sk:80/bojova-vozidla/bojova-vozidla-c.10/,https://web.archive.org/web/20120622134119/http://www.press.sk:80/bojova-vozidla/bojova-vozidla-c.10/,20120622134119,skip
http://www.press.sk/bojova-vozidla/bojova-vozidla-c.10/,https://web.archive.org/web/20130621073608/http://www.press.sk/bojova-vozidla/bojova-vozidla-c.10/,20130621073608,skip
http://www.press.sk:80/bojova-vozidla/bojova-vozidla-c.10/,https://web.archive.org/web/20140804120740/http://www.press.sk:80/bojova-vozidla/bojova-vozidla-c.10/,20140804120740,skip
http://www.press.sk:80/bojova-vozidla/bojova-vozidla-c.11/,https://web.archive.org/web/20120226095701/http://www.press.sk:80/bojova-vozidla/bojova-vozidla-c.11/,20120226095701,skip
http://www.press.sk:80/bojova-vozidla/bojova-vozidla-c.11/,https://web.archive.org/web/20120622133719/http://www.press.sk:80/bojova-vozidla/bojova-vozidla-c.11/,20120622133719,skip
http://www.press.sk/bojova-vozidla/bojova-vozidla-c.11/,https://web.archive.org/web/20130621070737/http://www.press.sk/bojova-vozidla/bojova-vozidla-c.11/,20130621070737,skip
http://www.press.sk:80/bojova-vozidla/bojova-vozidla-c.11/,https://web.archive.org/web/20140804120744/http://www.press.sk:80/bojova-vozidla/bojova-vozidla-c.11/,20140804120744,skip
http://www.press.sk:80/bojova-vozidla/bojova-vozidla-c.12/,https://web.archive.org/web/20120226095706/http://www.press.sk:80/bojova-vozidla/bojova-vozidla-c.12/,20120226095706,skip
http://www.press.sk:80/bojova-vozidla/bojova-vozidla-c.12/,https://web.archive.org/web/20120622134126/http://www.press.sk:80/bojova-vozidla/bojova-vozidla-c.12/,20120622134126,skip
http://www.press.sk/bojova-vozidla/bojova-vozidla-c.12/,https://web.archive.org/web/20130621064728/http://www.press.sk/bojova-vozidla/bojova-vozidla-c.12/,20130621064728,skip
http://www.press.sk:80/bojova-vozidla/bojova-vozidla-c.12/,https://web.archive.org/web/20140804120749/http://www.press.sk:80/bojova-vozidla/bojova-vozidla-c.12/,20140804120749,skip
http://www.press.sk:80/bojova-vozidla/bojova-vozidla-c.13/,https://web.archive.org/web/20120226100031/http://www.press.sk:80/bojova-vozidla/bojova-vozidla-c.13/,20120226100031,skip
http://www.press.sk:80/bojova-vozidla/bojova-vozidla-c.13/,https://web.archive.org/web/20120622134131/http://www.press.sk:80/bojova-vozidla/bojova-vozidla-c.13/,20120622134131,skip
http://www.press.sk/bojova-vozidla/bojova-vozidla-c.13/,https://web.archive.org/web/20130621062443/http://www.press.sk/bojova-vozidla/bojova-vozidla-c.13/,20130621062443,skip
http://www.press.sk:80/bojova-vozidla/bojova-vozidla-c.13/,https://web.archive.org/web/20140804120754/http://www.press.sk:80/bojova-vozidla/bojova-vozidla-c.13/,20140804120754,skip
http://www.press.sk:80/bojova-vozidla/bojova-vozidla-c.14/,https://web.archive.org/web/20120226095522/http://www.press.sk:80/bojova-vozidla/bojova-vozidla-c.14/,20120226095522,skip
http://www.press.sk:80/bojova-vozidla/bojova-vozidla-c.14/,https://web.archive.org/web/20120622134451/http://www.press.sk:80/bojova-vozidla/bojova-vozidla-c.14/,20120622134451,skip
http://www.press.sk/bojova-vozidla/bojova-vozidla-c.14/,https://web.archive.org/web/20130621062453/http://www.press.sk/bojova-vozidla/bojova-vozidla-c.14/,20130621062453,skip
http://www.press.sk:80/bojova-vozidla/bojova-vozidla-c.14/,https://web.archive.org/web/20140804120759/http://www.press.sk:80/bojova-vozidla/bojova-vozidla-c.14/,20140804120759,skip
http://www.press.sk:80/bojova-vozidla/bojova-vozidla-c.15/,https://web.archive.org/web/20120226094323/http://www.press.sk:80/bojova-vozidla/bojova-vozidla-c.15/,20120226094323,skip
http://www.press.sk:80/bojova-vozidla/bojova-vozidla-c.15/,https://web.archive.org/web/20120622134454/http://www.press.sk:80/bojova-vozidla/bojova-vozidla-c.15/,20120622134454,skip
http://www.press.sk/bojova-vozidla/bojova-vozidla-c.15/,https://web.archive.org/web/20130621064659/http://www.press.sk/bojova-vozidla/bojova-vozidla-c.15/,20130621064659,skip
http://www.press.sk:80/bojova-vozidla/bojova-vozidla-c.15/,https://web.archive.org/web/20140804120805/http://www.press.sk:80/bojova-vozidla/bojova-vozidla-c.15/,20140804120805,skip
http://www.press.sk:80/bojova-vozidla/bojova-vozidla-c.16/,https://web.archive.org/web/20120226094328/http://www.press.sk:80/bojova-vozidla/bojova-vozidla-c.16/,20120226094328,skip
http://www.press.sk:80/bojova-vozidla/bojova-vozidla-c.17/,https://web.archive.org/web/20120226095711/http://www.press.sk:80/bojova-vozidla/bojova-vozidla-c.17/,20120226095711,skip
http://www.press.sk:80/bojova-vozidla/bojova-vozidla-c.17/,https://web.archive.org/web/20120622134458/http://www.press.sk:80/bojova-vozidla/bojova-vozidla-c.17/,20120622134458,skip
http://www.press.sk/bojova-vozidla/bojova-vozidla-c.17/,https://web.archive.org/web/20130621073630/http://www.press.sk/bojova-vozidla/bojova-vozidla-c.17/,20130621073630,skip
http://www.press.sk:80/bojova-vozidla/bojova-vozidla-c.17/,https://web.archive.org/web/20140804120815/http://www.press.sk:80/bojova-vozidla/bojova-vozidla-c.17/,20140804120815,skip
http://www.press.sk:80/bojova-vozidla/bojova-vozidla-c.18/,https://web.archive.org/web/20120226095716/http://www.press.sk:80/bojova-vozidla/bojova-vozidla-c.18/,20120226095716,skip
http://www.press.sk:80/bojova-vozidla/bojova-vozidla-c.18/,https://web.archive.org/web/20120622134845/http://www.press.sk:80/bojova-vozidla/bojova-vozidla-c.18/,20120622134845,skip
http://www.press.sk/bojova-vozidla/bojova-vozidla-c.18/,https://web.archive.org/web/20130621070816/http://www.press.sk/bojova-vozidla/bojova-vozidla-c.18/,20130621070816,skip
http://www.press.sk:80/bojova-vozidla/bojova-vozidla-c.18/,https://web.archive.org/web/20140804120816/http://www.press.sk:80/bojova-vozidla/bojova-vozidla-c.18/,20140804120816,skip
http://www.press.sk:80/bojova-vozidla/bojova-vozidla-c.19/,https://web.archive.org/web/20120226094333/http://www.press.sk:80/bojova-vozidla/bojova-vozidla-c.19/,20120226094333,skip
http://www.press.sk:80/bojova-vozidla/bojova-vozidla-c.19/,https://web.archive.org/web/20120622134850/http://www.press.sk:80/bojova-vozidla/bojova-vozidla-c.19/,20120622134850,skip
http://www.press.sk/bojova-vozidla/bojova-vozidla-c.19/,https://web.archive.org/web/20130621073734/http://www.press.sk/bojova-vozidla/bojova-vozidla-c.19/,20130621073734,skip
http://www.press.sk:80/bojova-vozidla/bojova-vozidla-c.19/,https://web.archive.org/web/20140804120821/http://www.press.sk:80/bojova-vozidla/bojova-vozidla-c.19/,20140804120821,skip
http://www.press.sk:80/bojova-vozidla/bojova-vozidla-c.20/,https://web.archive.org/web/20120226095721/http://www.press.sk:80/bojova-vozidla/bojova-vozidla-c.20/,20120226095721,skip
http://www.press.sk:80/bojova-vozidla/bojova-vozidla-c.21/,https://web.archive.org/web/20120622134138/http://www.press.sk:80/bojova-vozidla/bojova-vozidla-c.21/,20120622134138,skip
http://www.press.sk/bojova-vozidla/bojova-vozidla-c.21/,https://web.archive.org/web/20130622044018/http://www.press.sk/bojova-vozidla/bojova-vozidla-c.21/,20130622044018,skip
http://www.press.sk:80/bojova-vozidla/bojova-vozidla-c.21/,https://web.archive.org/web/20140804120826/http://www.press.sk:80/bojova-vozidla/bojova-vozidla-c.21/,20140804120826,skip
http://www.press.sk:80/bojova-vozidla/bojova-vozidla-c.22/,https://web.archive.org/web/20120226095527/http://www.press.sk:80/bojova-vozidla/bojova-vozidla-c.22/,20120226095527,skip
http://www.press.sk:80/bojova-vozidla/bojova-vozidla-c.22/,https://web.archive.org/web/20120622134503/http://www.press.sk:80/bojova-vozidla/bojova-vozidla-c.22/,20120622134503,skip
http://www.press.sk/bojova-vozidla/bojova-vozidla-c.22/,https://web.archive.org/web/20130621064430/http://www.press.sk/bojova-vozidla/bojova-vozidla-c.22/,20130621064430,skip
http://www.press.sk:80/bojova-vozidla/bojova-vozidla-c.22/,https://web.archive.org/web/20140804120831/http://www.press.sk:80/bojova-vozidla/bojova-vozidla-c.22/,20140804120831,skip
http://www.press.sk:80/bojova-vozidla/bojova-vozidla-c.23/,https://web.archive.org/web/20120226095533/http://www.press.sk:80/bojova-vozidla/bojova-vozidla-c.23/,20120226095533,skip
http://www.press.sk:80/bojova-vozidla/bojova-vozidla-c.23/,https://web.archive.org/web/20120622133723/http://www.press.sk:80/bojova-vozidla/bojova-vozidla-c.23/,20120622133723,skip
http://www.press.sk/bojova-vozidla/bojova-vozidla-c.23/,https://web.archive.org/web/20130621061912/http://www.press.sk/bojova-vozidla/bojova-vozidla-c.23/,20130621061912,skip
http://www.press.sk:80/bojova-vozidla/bojova-vozidla-c.23/,https://web.archive.org/web/20140804120836/http://www.press.sk:80/bojova-vozidla/bojova-vozidla-c.23/,20140804120836,skip
http://www.press.sk:80/bojova-vozidla/bojova-vozidla-c.24/,https://web.archive.org/web/20120226095726/http://www.press.sk:80/bojova-vozidla/bojova-vozidla-c.24/,20120226095726,skip
http://www.press.sk:80/bojova-vozidla/bojova-vozidla-c.24/,https://web.archive.org/web/20120622133729/http://www.press.sk:80/bojova-vozidla/bojova-vozidla-c.24/,20120622133729,skip
http://www.press.sk/bojova-vozidla/bojova-vozidla-c.24/,https://web.archive.org/web/20130621061908/http://www.press.sk/bojova-vozidla/bojova-vozidla-c.24/,20130621061908,skip
http://www.press.sk:80/bojova-vozidla/bojova-vozidla-c.24/,https://web.archive.org/web/20140804120947/http://www.press.sk:80/bojova-vozidla/bojova-vozidla-c.24/,20140804120947,skip
http://www.press.sk:80/bojova-vozidla/bojova-vozidla-c.25/,https://web.archive.org/web/20120226094339/http://www.press.sk:80/bojova-vozidla/bojova-vozidla-c.25/,20120226094339,skip
http://www.press.sk:80/bojova-vozidla/bojova-vozidla-c.25/,https://web.archive.org/web/20120622134855/http://www.press.sk:80/bojova-vozidla/bojova-vozidla-c.25/,20120622134855,skip
http://www.press.sk/bojova-vozidla/bojova-vozidla-c.25/,https://web.archive.org/web/20130621064446/http://www.press.sk/bojova-vozidla/bojova-vozidla-c.25/,20130621064446,skip
http://www.press.sk:80/bojova-vozidla/bojova-vozidla-c.25/,https://web.archive.org/web/20140804120954/http://www.press.sk:80/bojova-vozidla/bojova-vozidla-c.25/,20140804120954,skip
http://www.press.sk:80/bojova-vozidla/bojova-vozidla-c.26/,https://web.archive.org/web/20120622134509/http://www.press.sk:80/bojova-vozidla/bojova-vozidla-c.26/,20120622134509,skip
http://www.press.sk/bojova-vozidla/bojova-vozidla-c.26/,https://web.archive.org/web/20130621071004/http://www.press.sk/bojova-vozidla/bojova-vozidla-c.26/,20130621071004,skip
http://www.press.sk:80/bojova-vozidla/bojova-vozidla-c.26/,https://web.archive.org/web/20140804120956/http://www.press.sk:80/bojova-vozidla/bojova-vozidla-c.26/,20140804120956,skip
http://www.press.sk:80/bojova-vozidla/bojova-vozidla-c.27/,https://web.archive.org/web/20120226095538/http://www.press.sk:80/bojova-vozidla/bojova-vozidla-c.27/,20120226095538,skip
http://www.press.sk:80/bojova-vozidla/bojova-vozidla-c.27/,https://web.archive.org/web/20120622133733/http://www.press.sk:80/bojova-vozidla/bojova-vozidla-c.27/,20120622133733,skip
http://www.press.sk/bojova-vozidla/bojova-vozidla-c.27/,https://web.archive.org/web/20130621074519/http://www.press.sk/bojova-vozidla/bojova-vozidla-c.27/,20130621074519,skip
http://www.press.sk:80/bojova-vozidla/bojova-vozidla-c.27/,https://web.archive.org/web/20140804121000/http://www.press.sk:80/bojova-vozidla/bojova-vozidla-c.27/,20140804121000,skip
http://www.press.sk:80/bojova-vozidla/bojova-vozidla-c.27/,https://web.archive.org/web/20160821234945/http://www.press.sk:80/bojova-vozidla/bojova-vozidla-c.27/,20160821234945,skip
http://www.press.sk:80/bojova-vozidla/bojova-vozidla-c.28/,https://web.archive.org/web/20120226095543/http://www.press.sk:80/bojova-vozidla/bojova-vozidla-c.28/,20120226095543,skip
http://www.press.sk:80/bojova-vozidla/bojova-vozidla-c.28/,https://web.archive.org/web/20120622134142/http://www.press.sk:80/bojova-vozidla/bojova-vozidla-c.28/,20120622134142,skip
http://www.press.sk/bojova-vozidla/bojova-vozidla-c.28/,https://web.archive.org/web/20130621070952/http://www.press.sk/bojova-vozidla/bojova-vozidla-c.28/,20130621070952,skip
http://www.press.sk:80/bojova-vozidla/bojova-vozidla-c.28/,https://web.archive.org/web/20140804121006/http://www.press.sk:80/bojova-vozidla/bojova-vozidla-c.28/,20140804121006,skip
http://www.press.sk:80/bojova-vozidla/bojova-vozidla-c.29/,https://web.archive.org/web/20120226095731/http://www.press.sk:80/bojova-vozidla/bojova-vozidla-c.29/,20120226095731,skip
http://www.press.sk:80/bojova-vozidla/bojova-vozidla-c.29/,https://web.archive.org/web/20120622133739/http://www.press.sk:80/bojova-vozidla/bojova-vozidla-c.29/,20120622133739,skip
http://www.press.sk/bojova-vozidla/bojova-vozidla-c.29/,https://web.archive.org/web/20130621074443/http://www.press.sk/bojova-vozidla/bojova-vozidla-c.29/,20130621074443,skip
http://www.press.sk:80/bojova-vozidla/bojova-vozidla-c.29/,https://web.archive.org/web/20140804121010/http://www.press.sk:80/bojova-vozidla/bojova-vozidla-c.29/,20140804121010,skip
http://www.press.sk:80/bojova-vozidla/bojova-vozidla-c.30/,https://web.archive.org/web/20120226100037/http://www.press.sk:80/bojova-vozidla/bojova-vozidla-c.30/,20120226100037,skip
http://www.press.sk:80/bojova-vozidla/bojova-vozidla-c.30/,https://web.archive.org/web/20120622133744/http://www.press.sk:80/bojova-vozidla/bojova-vozidla-c.30/,20120622133744,skip
http://www.press.sk/bojova-vozidla/bojova-vozidla-c.30/,https://web.archive.org/web/20130621063328/http://www.press.sk/bojova-vozidla/bojova-vozidla-c.30/,20130621063328,skip
http://www.press.sk:80/bojova-vozidla/bojova-vozidla-c.30/,https://web.archive.org/web/20140804121022/http://www.press.sk:80/bojova-vozidla/bojova-vozidla-c.30/,20140804121022,skip
http://www.press.sk:80/bojova-vozidla/bojova-vozidla-c.31/,https://web.archive.org/web/20120226095736/http://www.press.sk:80/bojova-vozidla/bojova-vozidla-c.31/,20120226095736,skip
http://www.press.sk:80/bojova-vozidla/bojova-vozidla-c.31/,https://web.archive.org/web/20120622134514/http://www.press.sk:80/bojova-vozidla/bojova-vozidla-c.31/,20120622134514,skip
http://www.press.sk/bojova-vozidla/bojova-vozidla-c.31/,https://web.archive.org/web/20130621055732/http://www.press.sk/bojova-vozidla/bojova-vozidla-c.31/,20130621055732,skip
http://www.press.sk:80/bojova-vozidla/bojova-vozidla-c.31/,https://web.archive.org/web/20140804121024/http://www.press.sk:80/bojova-vozidla/bojova-vozidla-c.31/,20140804121024,skip
http://www.press.sk:80/bojova-vozidla/bojova-vozidla-c.32/,https://web.archive.org/web/20160821234726/http://www.press.sk:80/bojova-vozidla/bojova-vozidla-c.32/,20160821234726,skip
http://www.press.sk:80/bojova-vozidla/bojova-vozidla-c.48/,https://web.archive.org/web/20120831150515/http://www.press.sk:80/bojova-vozidla/bojova-vozidla-c.48/,20120831150515,skip
http://www.press.sk:80/bojova-vozidla/bojova-vozidla-c.50/,https://web.archive.org/web/20120831145938/http://www.press.sk:80/bojova-vozidla/bojova-vozidla-c.50/,20120831145938,skip
http://www.press.sk:80/bojova-vozidla/bojova-vozidla-kolekcia-modelov/,https://web.archive.org/web/20120226100042/http://www.press.sk:80/bojova-vozidla/bojova-vozidla-kolekcia-modelov/,20120226100042,skip
http://www.press.sk:80/bojova-vozidla/bojova-vozidla-kolekcia-modelov/,https://web.archive.org/web/20120622134146/http://www.press.sk:80/bojova-vozidla/bojova-vozidla-kolekcia-modelov/,20120622134146,skip
http://www.press.sk/bojova-vozidla/bojova-vozidla-kolekcia-modelov/,https://web.archive.org/web/20130621080939/http://www.press.sk/bojova-vozidla/bojova-vozidla-kolekcia-modelov/,20130621080939,skip
http://www.press.sk:80/bojova-vozidla/bojova-vozidla-kolekcia-modelov/,https://web.archive.org/web/20140804121028/http://www.press.sk:80/bojova-vozidla/bojova-vozidla-kolekcia-modelov/,20140804121028,skip
"http://www.press.sk:80/bojova-vozidla/o,a,30,30/","https://web.archive.org/web/20120226165230/http://www.press.sk:80/bojova-vozidla/o,a,30,30/",20120226165230,skip
"http://www.press.sk:80/bojova-vozidla/o,a,30,30/","https://web.archive.org/web/20120622101303/http://www.press.sk:80/bojova-vozidla/o,a,30,30/",20120622101303,skip
"http://www.press.sk/bojova-vozidla/o,a,30,30/","https://web.archive.org/web/20130621055440/http://www.press.sk/bojova-vozidla/o,a,30,30/",20130621055440,skip
"http://www.press.sk:80/bojova-vozidla/o,a,30,30/","https://web.archive.org/web/20140804121035/http://www.press.sk:80/bojova-vozidla/o,a,30,30/",20140804121035,skip
"http://www.press.sk/bojova-vozidla/o,a,30,60/","https://web.archive.org/web/20130621060539/http://www.press.sk/bojova-vozidla/o,a,30,60/",20130621060539,skip
"http://www.press.sk:80/bojova-vozidla/o,a,30,60/","https://web.archive.org/web/20140804121039/http://www.press.sk:80/bojova-vozidla/o,a,30,60/",20140804121039,skip
https://www.press.sk/bojove-umenia/,https://web.archive.org/web/20170730163204/https://www.press.sk/bojove-umenia/,20170730163204,skip
https://www.press.sk/bojove-umenia/,https://web.archive.org/web/20190724010424/https://www.press.sk/bojove-umenia/,20190724010424,skip
https://www.press.sk/bojove-umenia/,https://web.archive.org/web/20190922085726/https://www.press.sk/bojove-umenia/,20190922085726,skip
https://www.press.sk/bojove-umenia/,https://web.archive.org/web/20191115191212/https://www.press.sk/bojove-umenia/,20191115191212,skip
https://www.press.sk/bojove-umenia/,https://web.archive.org/web/20230311055302/https://www.press.sk/bojove-umenia/,20230311055302,skip
http://www.press.sk:80/bojove-umenia-a-sebaobrana/,https://web.archive.org/web/20081211050014/http://www.press.sk:80/bojove-umenia-a-sebaobrana/,20081211050014,skip
http://www.press.sk:80/bojove-umenia-a-sebaobrana/,https://web.archive.org/web/20081229155024/http://www.press.sk:80/bojove-umenia-a-sebaobrana/,20081229155024,skip
http://www.press.sk:80/bojove-umenia-a-sebaobrana/,https://web.archive.org/web/20090423070138/http://www.press.sk:80/bojove-umenia-a-sebaobrana/,20090423070138,skip
http://www.press.sk:80/bojove-umenia-a-sebaobrana/,https://web.archive.org/web/20090624143010/http://www.press.sk:80/bojove-umenia-a-sebaobrana/,20090624143010,skip
http://www.press.sk:80/bojove-umenia-a-sebaobrana/,https://web.archive.org/web/20091224201116/http://www.press.sk:80/bojove-umenia-a-sebaobrana/,20091224201116,skip
http://www.press.sk:80/bojove-umenia-a-sebaobrana/,https://web.archive.org/web/20100224003308/http://www.press.sk:80/bojove-umenia-a-sebaobrana/,20100224003308,skip
http://www.press.sk:80/bojove-umenia-a-sebaobrana/,https://web.archive.org/web/20110310183923/http://www.press.sk:80/bojove-umenia-a-sebaobrana/,20110310183923,skip
http://www.press.sk/bojove-umenia-a-sebaobrana/,https://web.archive.org/web/20110919022316/http://www.press.sk/bojove-umenia-a-sebaobrana/,20110919022316,skip
http://www.press.sk/bojove-umenia-a-sebaobrana/,https://web.archive.org/web/20130511023556/http://www.press.sk/bojove-umenia-a-sebaobrana/,20130511023556,skip
http://www.press.sk:80/bojove-umenia-a-sebaobrana/,https://web.archive.org/web/20131004160058/http://www.press.sk:80/bojove-umenia-a-sebaobrana/,20131004160058,skip
http://www.press.sk:80/bojove-umenia-a-sebaobrana/,https://web.archive.org/web/20140826171912/http://www.press.sk:80/bojove-umenia-a-sebaobrana/,20140826171912,skip
http://www.press.sk:80/bojove-umenia-a-sebaobrana/,https://web.archive.org/web/20160715114329/http://www.press.sk:80/bojove-umenia-a-sebaobrana/,20160715114329,skip
http://www.press.sk:80/bojove-umenia-a-sebaobrana/,https://web.archive.org/web/20160716132708/http://www.press.sk:80/bojove-umenia-a-sebaobrana/,20160716132708,skip
http://www.press.sk/bojove-umenia-a-sebaobrana/,https://web.archive.org/web/20160802134114/http://www.press.sk/bojove-umenia-a-sebaobrana/,20160802134114,skip
http://www.press.sk/bojove-umenia-a-sebaobrana/,https://web.archive.org/web/20170406085258/http://www.press.sk/bojove-umenia-a-sebaobrana/,20170406085258,skip
https://www.press.sk/bojove-umenia-a-sebaobrana/,https://web.archive.org/web/20190724010527/https://www.press.sk/bojove-umenia-a-sebaobrana/,20190724010527,skip
https://www.press.sk/bojove-umenia-a-sebaobrana/,https://web.archive.org/web/20190922085823/https://www.press.sk/bojove-umenia-a-sebaobrana/,20190922085823,skip
https://www.press.sk/bojove-umenia-a-sebaobrana/,https://web.archive.org/web/20191115191229/https://www.press.sk/bojove-umenia-a-sebaobrana/,20191115191229,skip
https://www.press.sk/bojove-umenia-a-sebaobrana/,https://web.archive.org/web/20230311055300/https://www.press.sk/bojove-umenia-a-sebaobrana/,20230311055300,skip
http://www.press.sk/bojove-umenia-a-sebaobrana/aikido-cesta-harmonie/,https://web.archive.org/web/20130623071124/http://www.press.sk/bojove-umenia-a-sebaobrana/aikido-cesta-harmonie/,20130623071124,skip
http://www.press.sk/bojove-umenia-a-sebaobrana/best-karate-2-zaklady/,https://web.archive.org/web/20130623054438/http://www.press.sk/bojove-umenia-a-sebaobrana/best-karate-2-zaklady/,20130623054438,skip
http://www.press.sk/bojove-umenia-a-sebaobrana/brazilske-dzudzucu/,https://web.archive.org/web/20130623071142/http://www.press.sk/bojove-umenia-a-sebaobrana/brazilske-dzudzucu/,20130623071142,skip
http://www.press.sk/bojove-umenia-a-sebaobrana/brazilske-dzudzucu-technika-pro-pokrocile/,https://web.archive.org/web/20130623064213/http://www.press.sk/bojove-umenia-a-sebaobrana/brazilske-dzudzucu-technika-pro-pokrocile/,20130623064213,skip
http://www.press.sk:80/bojove-umenia-a-sebaobrana/budo-a-ninpo-zaklady-obrany/,https://web.archive.org/web/20081021150710/http://www.press.sk:80/bojove-umenia-a-sebaobrana/budo-a-ninpo-zaklady-obrany/,20081021150710,skip
http://www.press.sk/bojove-umenia-a-sebaobrana/cesta-bojovnika/,https://web.archive.org/web/20130623061503/http://www.press.sk/bojove-umenia-a-sebaobrana/cesta-bojovnika/,20130623061503,skip
http://www.press.sk:80/bojove-umenia-a-sebaobrana/cesta-bojovnika/,https://web.archive.org/web/20160527095525/http://www.press.sk:80/bojove-umenia-a-sebaobrana/cesta-bojovnika/,20160527095525,skip
https://www.press.sk/bojove-umenia-a-sebaobrana/cesta-bojovnika/?utm_source=newsletter&utm_campaign=November_2011&utm_medium=archive,https://web.archive.org/web/20190820080849/https://www.press.sk/bojove-umenia-a-sebaobrana/cesta-bojovnika/?utm_source=newsletter&utm_campaign=November_2011&utm_medium=archive,20190820080849,skip
http://www.press.sk/bojove-umenia-a-sebaobrana/duch-budo/,https://web.archive.org/web/20130623071256/http://www.press.sk/bojove-umenia-a-sebaobrana/duch-budo/,20130623071256,skip
http://www.press.sk/bojove-umenia-a-sebaobrana/dzu-dzutsu/,https://web.archive.org/web/20130623055616/http://www.press.sk/bojove-umenia-a-sebaobrana/dzu-dzutsu/,20130623055616,skip
http://www.press.sk/bojove-umenia-a-sebaobrana/ko-budo-zbrane-z-okinawy-1.-sai/,https://web.archive.org/web/20130623072251/http://www.press.sk/bojove-umenia-a-sebaobrana/ko-budo-zbrane-z-okinawy-1.-sai/,20130623072251,skip
http://www.press.sk/bojove-umenia-a-sebaobrana/ko-budo-zbrane-z-okinawy-2.-nuncaku-tonfa/,https://web.archive.org/web/20130623054715/http://www.press.sk/bojove-umenia-a-sebaobrana/ko-budo-zbrane-z-okinawy-2.-nuncaku-tonfa/,20130623054715,skip
http://www.press.sk/bojove-umenia-a-sebaobrana/ko-budo-zbrane-z-okinawy-3.-bo/,https://web.archive.org/web/20130623060533/http://www.press.sk/bojove-umenia-a-sebaobrana/ko-budo-zbrane-z-okinawy-3.-bo/,20130623060533,skip
http://www.press.sk/bojove-umenia-a-sebaobrana/krav-maga/,https://web.archive.org/web/20130623072904/http://www.press.sk/bojove-umenia-a-sebaobrana/krav-maga/,20130623072904,skip
http://www.press.sk/bojove-umenia-a-sebaobrana/lexikon-bojovych-sportu-od-aikida-k-zenu/,https://web.archive.org/web/20130623064400/http://www.press.sk/bojove-umenia-a-sebaobrana/lexikon-bojovych-sportu-od-aikida-k-zenu/,20130623064400,skip
http://www.press.sk/bojove-umenia-a-sebaobrana/manual-obranne-strelby-ii/,https://web.archive.org/web/20130623063002/http://www.press.sk/bojove-umenia-a-sebaobrana/manual-obranne-strelby-ii/,20130623063002,skip
http://www.press.sk/bojove-umenia-a-sebaobrana/nebojte-se-branit/,https://web.archive.org/web/20130623070240/http://www.press.sk/bojove-umenia-a-sebaobrana/nebojte-se-branit/,20130623070240,skip
http://www.press.sk/bojove-umenia-a-sebaobrana/nin-tsun-do-combat-bojove-techniky-s-tyci-a-mecem/,https://web.archive.org/web/20130623071121/http://www.press.sk/bojove-umenia-a-sebaobrana/nin-tsun-do-combat-bojove-techniky-s-tyci-a-mecem/,20130623071121,skip
"http://www.press.sk:80/bojove-umenia-a-sebaobrana/o,a,5,0","https://web.archive.org/web/20170227150206/http://www.press.sk:80/bojove-umenia-a-sebaobrana/o,a,5,0",20170227150206,skip
"http://www.press.sk:80/bojove-umenia-a-sebaobrana/o,a,5,0","https://web.archive.org/web/20170511093740/http://www.press.sk:80/bojove-umenia-a-sebaobrana/o,a,5,0",20170511093740,skip
"http://www.press.sk:80/bojove-umenia-a-sebaobrana/o,a,5,0","https://web.archive.org/web/20170611130138/http://www.press.sk:80/bojove-umenia-a-sebaobrana/o,a,5,0",20170611130138,skip
http://www.press.sk/bojove-umenia-a-sebaobrana/qigong-1.-dil-cviky-pro-praci-s-vnitrni-energii/,https://web.archive.org/web/20130623054941/http://www.press.sk/bojove-umenia-a-sebaobrana/qigong-1.-dil-cviky-pro-praci-s-vnitrni-energii/,20130623054941,skip
http://www.press.sk/bojove-umenia-a-sebaobrana/samuraj/,https://web.archive.org/web/20130623074015/http://www.press.sk/bojove-umenia-a-sebaobrana/samuraj/,20130623074015,skip
http://www.press.sk/bojove-umenia-a-sebaobrana/samuraj-svet-valecnika/,https://web.archive.org/web/20130623073509/http://www.press.sk/bojove-umenia-a-sebaobrana/samuraj-svet-valecnika/,20130623073509,skip
http://www.press.sk/bojove-umenia-a-sebaobrana/sebeobrana-boj-beze-zbrane/,https://web.archive.org/web/20130623060847/http://www.press.sk/bojove-umenia-a-sebaobrana/sebeobrana-boj-beze-zbrane/,20130623060847,skip
http://www.press.sk/bojove-umenia-a-sebaobrana/sebeobrana-pro-zeny/,https://web.archive.org/web/20130623055547/http://www.press.sk/bojove-umenia-a-sebaobrana/sebeobrana-pro-zeny/,20130623055547,skip
http://www.press.sk/bojove-umenia-a-sebaobrana/taekwondo/,https://web.archive.org/web/20130623071654/http://www.press.sk/bojove-umenia-a-sebaobrana/taekwondo/,20130623071654,skip
http://www.press.sk/bojove-umenia-a-sebaobrana/tai-ji-quan-tradicni-styl-yang/,https://web.archive.org/web/20130623064341/http://www.press.sk/bojove-umenia-a-sebaobrana/tai-ji-quan-tradicni-styl-yang/,20130623064341,skip
http://www.press.sk:80/bojove-umenia-a-sebaobrana/umeni-filipinskych-valecniku-kali-arnik-eskrima,https://web.archive.org/web/20091223101042/http://www.press.sk:80/bojove-umenia-a-sebaobrana/umeni-filipinskych-valecniku-kali-arnik-eskrima,20091223101042,skip
https://www.press.sk/bojove-umenia-a-sebaobrana/vrhani-nozu-ve-sportu-a-sebeobrane/,https://web.archive.org/web/20230311055300/https://www.press.sk/bojove-umenia-a-sebaobrana/vrhani-nozu-ve-sportu-a-sebeobrane/,20230311055300,skip
https://www.press.sk/bojove-umenia/sebeobrana-extremni-boj-beze-zbrane-podle-specialnich-jednotek-s/,https://web.archive.org/web/20230311055309/https://www.press.sk/bojove-umenia/sebeobrana-extremni-boj-beze-zbrane-podle-specialnich-jednotek-s/,20230311055309,skip
http://www.press.sk/bumik/,https://web.archive.org/web/20160407125139/http://www.press.sk/bumik/,20160407125139,skip
http://www.press.sk:80/bumik/,https://web.archive.org/web/20160508104643/http://www.press.sk:80/bumik/,20160508104643,skip
http://www.press.sk/bumik/,https://web.archive.org/web/20170406082601/http://www.press.sk/bumik/,20170406082601,skip
https://www.press.sk/bumik/,https://web.archive.org/web/20170731061329/https://www.press.sk/bumik/,20170731061329,skip
https://www.press.sk/bumik/,https://web.archive.org/web/20190826033345/https://www.press.sk/bumik/,20190826033345,skip
https://www.press.sk/bumik/,https://web.archive.org/web/20191019105023/https://www.press.sk/bumik/,20191019105023,skip
https://www.press.sk/bumik/,https://web.archive.org/web/20191115215151/https://www.press.sk/bumik/,20191115215151,skip
https://www.press.sk/bumik/,https://web.archive.org/web/20221212000311/https://www.press.sk/bumik/,20221212000311,skip
https://www.press.sk/bumik/,https://web.archive.org/web/20230311055243/https://www.press.sk/bumik/,20230311055243,skip
https://www.press.sk/bumik/,https://web.archive.org/web/20230624092255/https://www.press.sk/bumik/,20230624092255,skip
https://www.press.sk/bumik/bumik-c.-01-022020-e-vydanie/,https://web.archive.org/web/20230311055302/https://www.press.sk/bumik/bumik-c.-01-022020-e-vydanie/,20230311055302,skip
https://www.press.sk/bumik/bumik-c.-03-042020-e-vydanie/,https://web.archive.org/web/20230311055302/https://www.press.sk/bumik/bumik-c.-03-042020-e-vydanie/,20230311055302,skip
https://www.press.sk/bumik/bumik-c.-04-042019-e-vydanie/,https://web.archive.org/web/20190923013624/https://www.press.sk/bumik/bumik-c.-04-042019-e-vydanie/,20190923013624,skip
https://www.press.sk/bumik/bumik-c.-04-042019-e-vydanie/,https://web.archive.org/web/20230311055304/https://www.press.sk/bumik/bumik-c.-04-042019-e-vydanie/,20230311055304,skip
https://www.press.sk/bumik/bumik-c.-05-062019-e-vydanie/,https://web.archive.org/web/20190923014359/https://www.press.sk/bumik/bumik-c.-05-062019-e-vydanie/,20190923014359,skip
https://www.press.sk/bumik/bumik-c.-05-062019-e-vydanie/,https://web.archive.org/web/20230311055304/https://www.press.sk/bumik/bumik-c.-05-062019-e-vydanie/,20230311055304,skip
https://www.press.sk/bumik/bumik-c.-05-062020-e-vydanie/,https://web.archive.org/web/20230311055302/https://www.press.sk/bumik/bumik-c.-05-062020-e-vydanie/,20230311055302,skip
https://www.press.sk/bumik/bumik-c.-07-082019-e-vydanie/,https://web.archive.org/web/20190721214630/https://www.press.sk/bumik/bumik-c.-07-082019-e-vydanie/,20190721214630,skip
https://www.press.sk/bumik/bumik-c.-07-082019-e-vydanie/,https://web.archive.org/web/20190923210755/https://www.press.sk/bumik/bumik-c.-07-082019-e-vydanie/,20190923210755,skip
https://www.press.sk/bumik/bumik-c.-07-082019-e-vydanie/,https://web.archive.org/web/20230311055304/https://www.press.sk/bumik/bumik-c.-07-082019-e-vydanie/,20230311055304,skip
https://www.press.sk/bumik/bumik-c.-07-082020-e-vydanie/,https://web.archive.org/web/20230311055302/https://www.press.sk/bumik/bumik-c.-07-082020-e-vydanie/,20230311055302,skip
https://www.press.sk/bumik/bumik-c.-09-102019-e-vydanie/,https://web.archive.org/web/20190923075433/https://www.press.sk/bumik/bumik-c.-09-102019-e-vydanie/,20190923075433,skip
https://www.press.sk/bumik/bumik-c.-09-102019-e-vydanie/,https://web.archive.org/web/20191114044411/https://www.press.sk/bumik/bumik-c.-09-102019-e-vydanie/,20191114044411,skip
https://www.press.sk/bumik/bumik-c.-09-102019-e-vydanie/,https://web.archive.org/web/20230311055304/https://www.press.sk/bumik/bumik-c.-09-102019-e-vydanie/,20230311055304,skip
https://www.press.sk/bumik/bumik-c.-09-102020-e-vydanie/,https://web.archive.org/web/20230311055302/https://www.press.sk/bumik/bumik-c.-09-102020-e-vydanie/,20230311055302,skip
https://www.press.sk/bumik/bumik-c.-1-22018/,https://web.archive.org/web/20190923014515/https://www.press.sk/bumik/bumik-c.-1-22018/,20190923014515,skip
https://www.press.sk/bumik/bumik-c.-10-112020-e-vydanie/,https://web.archive.org/web/20230311055302/https://www.press.sk/bumik/bumik-c.-10-112020-e-vydanie/,20230311055302,skip
https://www.press.sk/bumik/bumik-c.-11-122017/,https://web.archive.org/web/20190923014426/https://www.press.sk/bumik/bumik-c.-11-122017/,20190923014426,skip
https://www.press.sk/bumik/bumik-c.-11-122018/,https://web.archive.org/web/20190918184327/https://www.press.sk/bumik/bumik-c.-11-122018/,20190918184327,skip
https://www.press.sk/bumik/bumik-c.-11-122018/,https://web.archive.org/web/20190923182124/https://www.press.sk/bumik/bumik-c.-11-122018/,20190923182124,skip
https://www.press.sk/bumik/bumik-c.-11-122018/,https://web.archive.org/web/20230311055304/https://www.press.sk/bumik/bumik-c.-11-122018/,20230311055304,skip
https://www.press.sk/bumik/bumik-c.-11-122019-e-vydanie/,https://web.archive.org/web/20230311055305/https://www.press.sk/bumik/bumik-c.-11-122019-e-vydanie/,20230311055305,skip
http://www.press.sk:80/bumik/bumik-c.-112016/,https://web.archive.org/web/20161115100345/http://www.press.sk:80/bumik/bumik-c.-112016/,20161115100345,skip
http://www.press.sk:80/bumik/bumik-c.-12016/,https://web.archive.org/web/20160113180953/http://www.press.sk:80/bumik/bumik-c.-12016/,20160113180953,skip
https://www.press.sk/bumik/bumik-c.-3-42018/,https://web.archive.org/web/20190923014313/https://www.press.sk/bumik/bumik-c.-3-42018/,20190923014313,skip
https://www.press.sk/bumik/bumik-c.-3-42018/,https://web.archive.org/web/20230311055305/https://www.press.sk/bumik/bumik-c.-3-42018/,20230311055305,skip
http://www.press.sk/bumik/bumik-c.-32016/,https://web.archive.org/web/20160324112234/http://www.press.sk/bumik/bumik-c.-32016/,20160324112234,skip
https://www.press.sk/bumik/bumik-c.-42017/,https://web.archive.org/web/20190923013729/https://www.press.sk/bumik/bumik-c.-42017/,20190923013729,skip
https://www.press.sk/bumik/bumik-c.-5-62018/,https://web.archive.org/web/20190923013905/https://www.press.sk/bumik/bumik-c.-5-62018/,20190923013905,skip
https://www.press.sk/bumik/bumik-c.-5-62018/,https://web.archive.org/web/20230311055305/https://www.press.sk/bumik/bumik-c.-5-62018/,20230311055305,skip
https://www.press.sk/bumik/bumik-c.-52017/,https://web.archive.org/web/20190923013844/https://www.press.sk/bumik/bumik-c.-52017/,20190923013844,skip
https://www.press.sk/bumik/bumik-c.-62017/,https://web.archive.org/web/20190923014017/https://www.press.sk/bumik/bumik-c.-62017/,20190923014017,skip
https://www.press.sk/bumik/bumik-c.-7-82017/,https://web.archive.org/web/20190923013329/https://www.press.sk/bumik/bumik-c.-7-82017/,20190923013329,skip
http://www.press.sk:80/bumik/bumik-c.-72016/,https://web.archive.org/web/20160802021359/http://www.press.sk:80/bumik/bumik-c.-72016/,20160802021359,skip
https://www.press.sk/bumik/bumik-c.-9-102017/,https://web.archive.org/web/20190923014039/https://www.press.sk/bumik/bumik-c.-9-102017/,20190923014039,skip
http://www.press.sk/bumik/bumik-c.-92016/,https://web.archive.org/web/20161030165431/http://www.press.sk/bumik/bumik-c.-92016/,20161030165431,skip
https://www.press.sk/bumik/bumik-predplatne/,https://web.archive.org/web/20190720162846/https://www.press.sk/bumik/bumik-predplatne/,20190720162846,skip
https://www.press.sk/bumik/bumik-predplatne/,https://web.archive.org/web/20190826032751/https://www.press.sk/bumik/bumik-predplatne/,20190826032751,skip
https://www.press.sk/bumik/bumik-predplatne/,https://web.archive.org/web/20191114174155/https://www.press.sk/bumik/bumik-predplatne/,20191114174155,skip
https://www.press.sk/bumik/macko-pusik-c.-122018/,https://web.archive.org/web/20190721071434/https://www.press.sk/bumik/macko-pusik-c.-122018/,20190721071434,skip
https://www.press.sk/bumik/macko-pusik-c.-122018/,https://web.archive.org/web/20190826054701/https://www.press.sk/bumik/macko-pusik-c.-122018/,20190826054701,skip
https://www.press.sk/bumik/macko-pusik-c.-122018/,https://web.archive.org/web/20191114173855/https://www.press.sk/bumik/macko-pusik-c.-122018/,20191114173855,skip
https://www.press.sk/burda-international-cz/,https://web.archive.org/web/20190918183702/https://www.press.sk/burda-international-cz/,20190918183702,skip
https://www.press.sk/burda-international-cz/,https://web.archive.org/web/20191115214945/https://www.press.sk/burda-international-cz/,20191115214945,skip
https://www.press.sk/burda-international-cz/,https://web.archive.org/web/20230311055312/https://www.press.sk/burda-international-cz/,20230311055312,skip
http://www.press.sk:80/byt-dom/,https://web.archive.org/web/20090214220100/http://www.press.sk:80/byt-dom/,20090214220100,skip
http://www.press.sk:80/byt-dom/,https://web.archive.org/web/20090420212756/http://www.press.sk:80/byt-dom/,20090420212756,skip
http://www.press.sk:80/byt-dom/,https://web.archive.org/web/20090911102826/http://www.press.sk:80/byt-dom/,20090911102826,skip
http://www.press.sk:80/byt-dom/,https://web.archive.org/web/20091204005407/http://www.press.sk:80/byt-dom/,20091204005407,skip
http://www.press.sk:80/byt-dom/,https://web.archive.org/web/20100307123426/http://www.press.sk:80/byt-dom/,20100307123426,skip
http://www.press.sk:80/byt-dom/,https://web.archive.org/web/20100507082327/http://www.press.sk:80/byt-dom/,20100507082327,skip
http://www.press.sk:80/byt-dom/,https://web.archive.org/web/20100904120915/http://www.press.sk:80/byt-dom/,20100904120915,skip
http://www.press.sk:80/byt-dom/,https://web.archive.org/web/20100905155319/http://www.press.sk:80/byt-dom/,20100905155319,skip
http://www.press.sk:80/byt-dom/,https://web.archive.org/web/20101221035903/http://www.press.sk:80/byt-dom/,20101221035903,skip
http://www.press.sk:80/byt-dom/,https://web.archive.org/web/20101222064224/http://www.press.sk:80/byt-dom/,20101222064224,skip
http://www.press.sk:80/byt-dom/,https://web.archive.org/web/20110326094936/http://www.press.sk:80/byt-dom/,20110326094936,skip
http://www.press.sk:80/byt-dom/,https://web.archive.org/web/20110526001235/http://www.press.sk:80/byt-dom/,20110526001235,skip
http://www.press.sk:80/byt-dom/,https://web.archive.org/web/20110727181727/http://www.press.sk:80/byt-dom/,20110727181727,skip
http://www.press.sk/byt-dom/,https://web.archive.org/web/20130511015454/http://www.press.sk/byt-dom/,20130511015454,skip
http://www.press.sk:80/byt-dom/,https://web.archive.org/web/20130713042130/http://www.press.sk:80/byt-dom/,20130713042130,skip
http://www.press.sk:80/byt-dom/,https://web.archive.org/web/20131108093227/http://www.press.sk:80/byt-dom/,20131108093227,skip
http://www.press.sk:80/byt-dom/,https://web.archive.org/web/20140912190302/http://www.press.sk:80/byt-dom/,20140912190302,skip
http://www.press.sk:80/byt-dom/,https://web.archive.org/web/20141015012322/http://www.press.sk:80/byt-dom/,20141015012322,skip
http://www.press.sk:80/byt-dom/,https://web.archive.org/web/20151103125344/http://www.press.sk:80/byt-dom/,20151103125344,skip
http://www.press.sk/byt-dom/,https://web.archive.org/web/20160802133333/http://www.press.sk/byt-dom/,20160802133333,skip
http://www.press.sk:80/byt-dom,https://web.archive.org/web/20160903072330/http://www.press.sk:80/byt-dom,20160903072330,skip
http://www.press.sk:80/byt-dom,https://web.archive.org/web/20161005003921/http://www.press.sk:80/byt-dom,20161005003921,skip
http://www.press.sk:80/byt-dom,https://web.archive.org/web/20161105145602/http://www.press.sk:80/byt-dom,20161105145602,skip
http://www.press.sk/byt-dom/,https://web.archive.org/web/20170406042214/http://www.press.sk/byt-dom/,20170406042214,skip
http://www.press.sk:80/byt-dom/,https://web.archive.org/web/20170429170013/http://www.press.sk:80/byt-dom/,20170429170013,skip
https://www.press.sk/byt-dom/,https://web.archive.org/web/20170731043901/https://www.press.sk/byt-dom/,20170731043901,skip
https://www.press.sk/byt-dom/,https://web.archive.org/web/20190822135957/https://www.press.sk/byt-dom/,20190822135957,skip
https://www.press.sk/byt-dom/,https://web.archive.org/web/20191013232109/https://www.press.sk/byt-dom/,20191013232109,skip
https://www.press.sk/byt-dom/,https://web.archive.org/web/20191206224137/https://www.press.sk/byt-dom/,20191206224137,skip
https://www.press.sk/byt-dom/,https://web.archive.org/web/20230311055300/https://www.press.sk/byt-dom/,20230311055300,skip
http://www.press.sk:80/byt-dom/100-osvedcenych-stavebnich-detailu-klempirstvi-a-pokryvacstvi/,https://web.archive.org/web/20160906093145/http://www.press.sk:80/byt-dom/100-osvedcenych-stavebnich-detailu-klempirstvi-a-pokryvacstvi/,20160906093145,skip
https://www.press.sk/byt-dom/advent-vanoce-elegantni-dekorace-z-prirodnich-materialu/,https://web.archive.org/web/20190724010359/https://www.press.sk/byt-dom/advent-vanoce-elegantni-dekorace-z-prirodnich-materialu/,20190724010359,skip
https://www.press.sk/byt-dom/advent-vanoce-elegantni-dekorace-z-prirodnich-materialu/,https://web.archive.org/web/20191213133229/https://www.press.sk/byt-dom/advent-vanoce-elegantni-dekorace-z-prirodnich-materialu/,20191213133229,skip
http://www.press.sk:80/byt-dom/ako-nakupovat-a-spracovavat-maso/,https://web.archive.org/web/20160906093440/http://www.press.sk:80/byt-dom/ako-nakupovat-a-spracovavat-maso/,20160906093440,skip
http://www.press.sk/byt-dom/americka-chalupa/,https://web.archive.org/web/20130623050254/http://www.press.sk/byt-dom/americka-chalupa/,20130623050254,skip
http://www.press.sk:80/byt-dom/americka-chalupa/,https://web.archive.org/web/20160906093445/http://www.press.sk:80/byt-dom/americka-chalupa/,20160906093445,skip
http://www.press.sk:80/byt-dom/architektura-modernich-zahrad/,https://web.archive.org/web/20160906085820/http://www.press.sk:80/byt-dom/architektura-modernich-zahrad/,20160906085820,skip
http://www.press.sk:80/byt-dom/bydlime-venku,https://web.archive.org/web/20160903072334/http://www.press.sk:80/byt-dom/bydlime-venku,20160903072334,skip
http://www.press.sk:80/byt-dom/bydlime-venku/,https://web.archive.org/web/20160906090814/http://www.press.sk:80/byt-dom/bydlime-venku/,20160906090814,skip
http://www.press.sk:80/byt-dom/bydlime-venku,https://web.archive.org/web/20161005003500/http://www.press.sk:80/byt-dom/bydlime-venku,20161005003500,skip
http://www.press.sk:80/byt-dom/bydlime-venku,https://web.archive.org/web/20161105145131/http://www.press.sk:80/byt-dom/bydlime-venku,20161105145131,skip
http://www.press.sk/byt-dom/cesticky-a-posezeni/,https://web.archive.org/web/20130623005026/http://www.press.sk/byt-dom/cesticky-a-posezeni/,20130623005026,skip
http://www.press.sk:80/byt-dom/cesticky-a-posezeni/,https://web.archive.org/web/20160906094601/http://www.press.sk:80/byt-dom/cesticky-a-posezeni/,20160906094601,skip
http://www.press.sk/byt-dom/grily-krby-udirny/,https://web.archive.org/web/20130623043622/http://www.press.sk/byt-dom/grily-krby-udirny/,20130623043622,skip
http://www.press.sk:80/byt-dom/grily-krby-udirny/,https://web.archive.org/web/20160906094350/http://www.press.sk:80/byt-dom/grily-krby-udirny/,20160906094350,skip
https://www.press.sk/byt-dom/jak-na-domacnost-bez-chemie-a-jedu/,https://web.archive.org/web/20190822140450/https://www.press.sk/byt-dom/jak-na-domacnost-bez-chemie-a-jedu/,20190822140450,skip
https://www.press.sk/byt-dom/jak-na-domacnost-bez-chemie-a-jedu/,https://web.archive.org/web/20191015092801/https://www.press.sk/byt-dom/jak-na-domacnost-bez-chemie-a-jedu/,20191015092801,skip
http://www.press.sk:80/byt-dom/koupaci-jezirka/,https://web.archive.org/web/20090117091535/http://www.press.sk:80/byt-dom/koupaci-jezirka/,20090117091535,skip
http://www.press.sk/byt-dom/koupaci-jezirka/,https://web.archive.org/web/20130623050114/http://www.press.sk/byt-dom/koupaci-jezirka/,20130623050114,skip
http://www.press.sk:80/byt-dom/koupaci-jezirka/,https://web.archive.org/web/20160906094606/http://www.press.sk:80/byt-dom/koupaci-jezirka/,20160906094606,skip
http://www.press.sk:80/byt-dom/kvetiny-pro-kazdou-zahradu/,https://web.archive.org/web/20160906092932/http://www.press.sk:80/byt-dom/kvetiny-pro-kazdou-zahradu/,20160906092932,skip
http://www.press.sk:80/byt-dom/napady-do-zahrady/,https://web.archive.org/web/20160906091126/http://www.press.sk:80/byt-dom/napady-do-zahrady/,20160906091126,skip
http://www.press.sk/byt-dom/panelak-osud-domu-vo-vasich-rukach/,https://web.archive.org/web/20130623030451/http://www.press.sk/byt-dom/panelak-osud-domu-vo-vasich-rukach/,20130623030451,skip
http://www.press.sk:80/byt-dom/panelak-osud-domu-vo-vasich-rukach/,https://web.archive.org/web/20160906093450/http://www.press.sk:80/byt-dom/panelak-osud-domu-vo-vasich-rukach/,20160906093450,skip
http://www.press.sk:80/byt-dom/rekonstrukce-chalupy/,https://web.archive.org/web/20160906094356/http://www.press.sk:80/byt-dom/rekonstrukce-chalupy/,20160906094356,skip
http://www.press.sk/byt-dom/rodinne-domy-trochu-inak-2010/,https://web.archive.org/web/20130623044935/http://www.press.sk/byt-dom/rodinne-domy-trochu-inak-2010/,20130623044935,skip
http://www.press.sk:80/byt-dom/rodinne-domy-trochu-inak-2010/,https://web.archive.org/web/20160906092937/http://www.press.sk:80/byt-dom/rodinne-domy-trochu-inak-2010/,20160906092937,skip
http://www.press.sk:80/byt-dom/skvela-gazdinka/,https://web.archive.org/web/20160906093456/http://www.press.sk:80/byt-dom/skvela-gazdinka/,20160906093456,skip
https://www.press.sk/byt-dom/stylove-bydleni-muzete-mit-i-vy/,https://web.archive.org/web/20190723163158/https://www.press.sk/byt-dom/stylove-bydleni-muzete-mit-i-vy/,20190723163158,skip
http://www.press.sk:80/byt-dom/tesarske-spoje/,https://web.archive.org/web/20160906094611/http://www.press.sk:80/byt-dom/tesarske-spoje/,20160906094611,skip
http://www.press.sk:80/byt-dom/tesarske-spoje,https://web.archive.org/web/20170411034113/http://www.press.sk:80/byt-dom/tesarske-spoje,20170411034113,skip
http://www.press.sk:80/byt-dom/tesarske-spoje,https://web.archive.org/web/20170514195626/http://www.press.sk:80/byt-dom/tesarske-spoje,20170514195626,skip
http://www.press.sk:80/byt-dom/tesarske-spoje,https://web.archive.org/web/20170614214751/http://www.press.sk:80/byt-dom/tesarske-spoje,20170614214751,skip
https://www.press.sk/byt-dom/tvorime-z-betonu-na-zahradu-i-do-interieru/,https://web.archive.org/web/20190723163024/https://www.press.sk/byt-dom/tvorime-z-betonu-na-zahradu-i-do-interieru/,20190723163024,skip
https://www.press.sk/byt-dom/udirny-a-zahradni-krby/,https://web.archive.org/web/20190822223958/https://www.press.sk/byt-dom/udirny-a-zahradni-krby/,20190822223958,skip
https://www.press.sk/byt-dom/udirny-a-zahradni-krby/,https://web.archive.org/web/20191013232039/https://www.press.sk/byt-dom/udirny-a-zahradni-krby/,20191013232039,skip
https://www.press.sk/byt-dom/udirny-a-zahradni-krby/,https://web.archive.org/web/20191207083935/https://www.press.sk/byt-dom/udirny-a-zahradni-krby/,20191207083935,skip
http://www.press.sk:80/byt-dom/upravit-zahradu-to-zvladnes/,https://web.archive.org/web/20160906092941/http://www.press.sk:80/byt-dom/upravit-zahradu-to-zvladnes/,20160906092941,skip
https://www.press.sk/byt-dom/zahradni-nabytek-vyroba-udrzba-a-renovace/,https://web.archive.org/web/20191020012300/https://www.press.sk/byt-dom/zahradni-nabytek-vyroba-udrzba-a-renovace/,20191020012300,skip
http://www.press.sk/byt-dom/zidky-schody-modelace-terenu/,https://web.archive.org/web/20130623014306/http://www.press.sk/byt-dom/zidky-schody-modelace-terenu/,20130623014306,skip
http://www.press.sk:80/byt-dom/zidky-schody-modelace-terenu,https://web.archive.org/web/20130913004749/http://www.press.sk:80/byt-dom/zidky-schody-modelace-terenu,20130913004749,skip
http://www.press.sk:80/byt-dom/zidky-schody-modelace-terenu,https://web.archive.org/web/20140222095846/http://www.press.sk:80/byt-dom/zidky-schody-modelace-terenu,20140222095846,skip
http://www.press.sk:80/byt-dom/zidky-schody-modelace-terenu,https://web.archive.org/web/20140708041503/http://www.press.sk:80/byt-dom/zidky-schody-modelace-terenu,20140708041503,skip
http://www.press.sk:80/byt-dom/zidky-schody-modelace-terenu/,https://web.archive.org/web/20160906093500/http://www.press.sk:80/byt-dom/zidky-schody-modelace-terenu/,20160906093500,skip
https://www.press.sk/byt-dom/zive-dekoracie-50-napadov-pre-vas-zelensi-domov/,https://web.archive.org/web/20190724010433/https://www.press.sk/byt-dom/zive-dekoracie-50-napadov-pre-vas-zelensi-domov/,20190724010433,skip
https://www.press.sk/byt-dom/zive-dekoracie-50-napadov-pre-vas-zelensi-domov/,https://web.archive.org/web/20190922085738/https://www.press.sk/byt-dom/zive-dekoracie-50-napadov-pre-vas-zelensi-domov/,20190922085738,skip
https://www.press.sk/byt-dom/zive-dekoracie-50-napadov-pre-vas-zelensi-domov/,https://web.archive.org/web/20191111205832/https://www.press.sk/byt-dom/zive-dekoracie-50-napadov-pre-vas-zelensi-domov/,20191111205832,skip
http://www.press.sk:80/byvanie-stavebnictvo/,https://web.archive.org/web/20081023181358/http://www.press.sk:80/byvanie-stavebnictvo/,20081023181358,skip
http://www.press.sk:80/byvanie-stavebnictvo/,https://web.archive.org/web/20081217032219/http://www.press.sk:80/byvanie-stavebnictvo/,20081217032219,skip
http://www.press.sk:80/byvanie-stavebnictvo/,https://web.archive.org/web/20090116094703/http://www.press.sk:80/byvanie-stavebnictvo/,20090116094703,skip
http://www.press.sk:80/byvanie-stavebnictvo,https://web.archive.org/web/20090127045315/http://www.press.sk:80/byvanie-stavebnictvo,20090127045315,skip
http://www.press.sk:80/byvanie-stavebnictvo/,https://web.archive.org/web/20090216042408/http://www.press.sk:80/byvanie-stavebnictvo/,20090216042408,skip
http://www.press.sk:80/byvanie-stavebnictvo,https://web.archive.org/web/20090227112248/http://www.press.sk:80/byvanie-stavebnictvo,20090227112248,skip
http://www.press.sk:80/byvanie-stavebnictvo/,https://web.archive.org/web/20090318163628/http://www.press.sk:80/byvanie-stavebnictvo/,20090318163628,skip
http://www.press.sk:80/byvanie-stavebnictvo,https://web.archive.org/web/20090330024917/http://www.press.sk:80/byvanie-stavebnictvo,20090330024917,skip
http://www.press.sk:80/byvanie-stavebnictvo/,https://web.archive.org/web/20090418133849/http://www.press.sk:80/byvanie-stavebnictvo/,20090418133849,skip
http://www.press.sk:80/byvanie-stavebnictvo/,https://web.archive.org/web/20090520065833/http://www.press.sk:80/byvanie-stavebnictvo/,20090520065833,skip
http://www.press.sk:80/byvanie-stavebnictvo/,https://web.archive.org/web/20091221050549/http://www.press.sk:80/byvanie-stavebnictvo/,20091221050549,skip
http://www.press.sk:80/byvanie-stavebnictvo/,https://web.archive.org/web/20091221050549/http://www.press.sk:80/byvanie-stavebnictvo/,20091221050549,skip
http://www.press.sk:80/byvanie-stavebnictvo,https://web.archive.org/web/20100119091018/http://www.press.sk:80/byvanie-stavebnictvo,20100119091018,skip
http://www.press.sk:80/byvanie-stavebnictvo/,https://web.archive.org/web/20100125073457/http://www.press.sk:80/byvanie-stavebnictvo/,20100125073457,skip
http://www.press.sk:80/byvanie-stavebnictvo,https://web.archive.org/web/20101012142517/http://www.press.sk:80/byvanie-stavebnictvo,20101012142517,skip
http://www.press.sk:80/byvanie-stavebnictvo,https://web.archive.org/web/20101112105503/http://www.press.sk:80/byvanie-stavebnictvo,20101112105503,skip
http://www.press.sk:80/byvanie-stavebnictvo,https://web.archive.org/web/20101216071618/http://www.press.sk:80/byvanie-stavebnictvo,20101216071618,skip
http://www.press.sk:80/byvanie-stavebnictvo/,https://web.archive.org/web/20101218003332/http://www.press.sk:80/byvanie-stavebnictvo/,20101218003332,skip
http://www.press.sk:80/byvanie-stavebnictvo/,https://web.archive.org/web/20110217043247/http://www.press.sk:80/byvanie-stavebnictvo/,20110217043247,skip
http://www.press.sk:80/byvanie-stavebnictvo,https://web.archive.org/web/20110418115503/http://www.press.sk:80/byvanie-stavebnictvo,20110418115503,skip
http://www.press.sk:80/byvanie-stavebnictvo/,https://web.archive.org/web/20110419093945/http://www.press.sk:80/byvanie-stavebnictvo/,20110419093945,skip
http://www.press.sk:80/byvanie-stavebnictvo,https://web.archive.org/web/20110520151909/http://www.press.sk:80/byvanie-stavebnictvo,20110520151909,skip
http://www.press.sk:80/byvanie-stavebnictvo/,https://web.archive.org/web/20110619031545/http://www.press.sk:80/byvanie-stavebnictvo/,20110619031545,skip
http://www.press.sk:80/byvanie-stavebnictvo,https://web.archive.org/web/20110622180941/http://www.press.sk:80/byvanie-stavebnictvo,20110622180941,skip
http://www.press.sk:80/byvanie-stavebnictvo/,https://web.archive.org/web/20110819021954/http://www.press.sk:80/byvanie-stavebnictvo/,20110819021954,skip
http://www.press.sk:80/byvanie-stavebnictvo,https://web.archive.org/web/20110831011307/http://www.press.sk:80/byvanie-stavebnictvo,20110831011307,skip
http://www.press.sk:80/byvanie-stavebnictvo,https://web.archive.org/web/20110913063505/http://www.press.sk:80/byvanie-stavebnictvo,20110913063505,skip
http://www.press.sk:80/byvanie-stavebnictvo/,https://web.archive.org/web/20111019173346/http://www.press.sk:80/byvanie-stavebnictvo/,20111019173346,skip
http://www.press.sk:80/byvanie-stavebnictvo/,https://web.archive.org/web/20111219110935/http://www.press.sk:80/byvanie-stavebnictvo/,20111219110935,skip
http://www.press.sk:80/byvanie-stavebnictvo/,https://web.archive.org/web/20120218044438/http://www.press.sk:80/byvanie-stavebnictvo/,20120218044438,skip
http://www.press.sk:80/byvanie-stavebnictvo/,https://web.archive.org/web/20120419091507/http://www.press.sk:80/byvanie-stavebnictvo/,20120419091507,skip
http://www.press.sk:80/byvanie-stavebnictvo/,https://web.archive.org/web/20120626060927/http://www.press.sk:80/byvanie-stavebnictvo/,20120626060927,skip
http://www.press.sk:80/byvanie-stavebnictvo/,https://web.archive.org/web/20120826183435/http://www.press.sk:80/byvanie-stavebnictvo/,20120826183435,skip
http://www.press.sk:80/byvanie-stavebnictvo/,https://web.archive.org/web/20121026214544/http://www.press.sk:80/byvanie-stavebnictvo/,20121026214544,skip
http://www.press.sk/byvanie-stavebnictvo/,https://web.archive.org/web/20130425085010/http://www.press.sk/byvanie-stavebnictvo/,20130425085010,skip
http://www.press.sk:80/byvanie-stavebnictvo/,https://web.archive.org/web/20130711075445/http://www.press.sk:80/byvanie-stavebnictvo/,20130711075445,skip
http://www.press.sk:80/byvanie-stavebnictvo/,https://web.archive.org/web/20130910093314/http://www.press.sk:80/byvanie-stavebnictvo/,20130910093314,skip
http://www.press.sk:80/byvanie-stavebnictvo/,https://web.archive.org/web/20140103024943/http://www.press.sk:80/byvanie-stavebnictvo/,20140103024943,skip
http://www.press.sk:80/byvanie-stavebnictvo/,https://web.archive.org/web/20140506005931/http://www.press.sk:80/byvanie-stavebnictvo/,20140506005931,skip
http://www.press.sk:80/byvanie-stavebnictvo/,https://web.archive.org/web/20140705230210/http://www.press.sk:80/byvanie-stavebnictvo/,20140705230210,skip
http://www.press.sk:80/byvanie-stavebnictvo/,https://web.archive.org/web/20140905052519/http://www.press.sk:80/byvanie-stavebnictvo/,20140905052519,skip
http://www.press.sk:80/byvanie-stavebnictvo/,https://web.archive.org/web/20141014090805/http://www.press.sk:80/byvanie-stavebnictvo/,20141014090805,skip
http://www.press.sk:80/byvanie-stavebnictvo/,https://web.archive.org/web/20141214113224/http://www.press.sk:80/byvanie-stavebnictvo/,20141214113224,skip
http://www.press.sk:80/byvanie-stavebnictvo/,https://web.archive.org/web/20150313155548/http://www.press.sk:80/byvanie-stavebnictvo/,20150313155548,skip
http://www.press.sk:80/byvanie-stavebnictvo/,https://web.archive.org/web/20150626222806/http://www.press.sk:80/byvanie-stavebnictvo/,20150626222806,skip
http://www.press.sk:80/byvanie-stavebnictvo/,https://web.archive.org/web/20150826042408/http://www.press.sk:80/byvanie-stavebnictvo/,20150826042408,skip
http://www.press.sk:80/byvanie-stavebnictvo/,https://web.archive.org/web/20151113000433/http://www.press.sk:80/byvanie-stavebnictvo/,20151113000433,skip
http://www.press.sk:80/byvanie-stavebnictvo/,https://web.archive.org/web/20160112120451/http://www.press.sk:80/byvanie-stavebnictvo/,20160112120451,skip
http://www.press.sk:80/byvanie-stavebnictvo,https://web.archive.org/web/20160125061323/http://www.press.sk:80/byvanie-stavebnictvo,20160125061323,skip
http://www.press.sk:80/byvanie-stavebnictvo,https://web.archive.org/web/20160226055412/http://www.press.sk:80/byvanie-stavebnictvo,20160226055412,skip
http://www.press.sk:80/byvanie-stavebnictvo/,https://web.archive.org/web/20160313065814/http://www.press.sk:80/byvanie-stavebnictvo/,20160313065814,skip
http://www.press.sk:80/byvanie-stavebnictvo,https://web.archive.org/web/20160402225002/http://www.press.sk:80/byvanie-stavebnictvo,20160402225002,skip
http://www.press.sk:80/byvanie-stavebnictvo,https://web.archive.org/web/20160404001152/http://www.press.sk:80/byvanie-stavebnictvo,20160404001152,skip
http://www.press.sk/byvanie-stavebnictvo/,https://web.archive.org/web/20160407004414/http://www.press.sk/byvanie-stavebnictvo/,20160407004414,skip
http://www.press.sk:80/byvanie-stavebnictvo,https://web.archive.org/web/20160513161816/http://www.press.sk:80/byvanie-stavebnictvo,20160513161816,skip
http://www.press.sk:80/byvanie-stavebnictvo/,https://web.archive.org/web/20160524164806/http://www.press.sk:80/byvanie-stavebnictvo/,20160524164806,skip
http://www.press.sk:80/byvanie-stavebnictvo/,https://web.archive.org/web/20160724164152/http://www.press.sk:80/byvanie-stavebnictvo/,20160724164152,skip
http://www.press.sk:80/byvanie-stavebnictvo,https://web.archive.org/web/20160906205135/http://www.press.sk:80/byvanie-stavebnictvo,20160906205135,skip
http://www.press.sk:80/byvanie-stavebnictvo/,https://web.archive.org/web/20160924074230/http://www.press.sk:80/byvanie-stavebnictvo/,20160924074230,skip
http://www.press.sk:80/byvanie-stavebnictvo,https://web.archive.org/web/20161008002240/http://www.press.sk:80/byvanie-stavebnictvo,20161008002240,skip
http://www.press.sk:80/byvanie-stavebnictvo,https://web.archive.org/web/20161109152333/http://www.press.sk:80/byvanie-stavebnictvo,20161109152333,skip
http://www.press.sk:80/byvanie-stavebnictvo/,https://web.archive.org/web/20161226003947/http://www.press.sk:80/byvanie-stavebnictvo/,20161226003947,skip
http://www.press.sk:80/byvanie-stavebnictvo/,https://web.archive.org/web/20170331180020/http://www.press.sk:80/byvanie-stavebnictvo/,20170331180020,skip
http://www.press.sk/byvanie-stavebnictvo/,https://web.archive.org/web/20170405214320/http://www.press.sk/byvanie-stavebnictvo/,20170405214320,skip
http://www.press.sk:80/byvanie-stavebnictvo/,https://web.archive.org/web/20170531093031/http://www.press.sk:80/byvanie-stavebnictvo/,20170531093031,skip
http://www.press.sk/byvanie-stavebnictvo/,https://web.archive.org/web/20170608082826/http://www.press.sk/byvanie-stavebnictvo/,20170608082826,skip
https://www.press.sk/byvanie-stavebnictvo/,https://web.archive.org/web/20190819112954/https://www.press.sk/byvanie-stavebnictvo/,20190819112954,skip
https://www.press.sk/byvanie-stavebnictvo/,https://web.archive.org/web/20191019111228/https://www.press.sk/byvanie-stavebnictvo/,20191019111228,skip
https://www.press.sk/byvanie-stavebnictvo/,https://web.archive.org/web/20191206235334/https://www.press.sk/byvanie-stavebnictvo/,20191206235334,skip
https://www.press.sk/byvanie-stavebnictvo/,https://web.archive.org/web/20221212000254/https://www.press.sk/byvanie-stavebnictvo/,20221212000254,skip
https://www.press.sk/byvanie-stavebnictvo/,https://web.archive.org/web/20230311055244/https://www.press.sk/byvanie-stavebnictvo/,20230311055244,skip
https://www.press.sk/byvanie-stavebnictvo/,https://web.archive.org/web/20230713004534/https://www.press.sk/byvanie-stavebnictvo/,20230713004534,skip
https://www.press.sk/byvanie-stavebnictvo/abeceda-chatare-chalupare-manual-pro-sikovneho-chlapa/,https://web.archive.org/web/20190720165536/https://www.press.sk/byvanie-stavebnictvo/abeceda-chatare-chalupare-manual-pro-sikovneho-chlapa/,20190720165536,skip
https://www.press.sk/byvanie-stavebnictvo/abeceda-chatare-chalupare-manual-pro-sikovneho-chlapa/,https://web.archive.org/web/20190918204728/https://www.press.sk/byvanie-stavebnictvo/abeceda-chatare-chalupare-manual-pro-sikovneho-chlapa/,20190918204728,skip
https://www.press.sk/byvanie-stavebnictvo/abeceda-chatare-chalupare-manual-pro-sikovneho-chlapa/,https://web.archive.org/web/20190922125632/https://www.press.sk/byvanie-stavebnictvo/abeceda-chatare-chalupare-manual-pro-sikovneho-chlapa/,20190922125632,skip
https://www.press.sk/byvanie-stavebnictvo/abeceda-chatare-chalupare-manual-pro-sikovneho-chlapa/,https://web.archive.org/web/20191114044758/https://www.press.sk/byvanie-stavebnictvo/abeceda-chatare-chalupare-manual-pro-sikovneho-chlapa/,20191114044758,skip
http://www.press.sk:80/byvanie-stavebnictvo/atelier/,https://web.archive.org/web/20110912104826/http://www.press.sk:80/byvanie-stavebnictvo/atelier/,20110912104826,skip
http://www.press.sk/byvanie-stavebnictvo/atelier/,https://web.archive.org/web/20130511050558/http://www.press.sk/byvanie-stavebnictvo/atelier/,20130511050558,skip
http://www.press.sk:80/byvanie-stavebnictvo/atelier-otvorovych-vyplni-izolaci-a-vybaveni-staveb/,https://web.archive.org/web/20081219164230/http://www.press.sk:80/byvanie-stavebnictvo/atelier-otvorovych-vyplni-izolaci-a-vybaveni-staveb/,20081219164230,skip
http://www.press.sk:80/byvanie-stavebnictvo/atelier-otvorovych-vyplni-izolaci-a-vybaveni-staveb/,https://web.archive.org/web/20090218135203/http://www.press.sk:80/byvanie-stavebnictvo/atelier-otvorovych-vyplni-izolaci-a-vybaveni-staveb/,20090218135203,skip
http://www.press.sk:80/byvanie-stavebnictvo/atrium/,https://web.archive.org/web/20081219164100/http://www.press.sk:80/byvanie-stavebnictvo/atrium/,20081219164100,skip
http://www.press.sk:80/byvanie-stavebnictvo/atrium/,https://web.archive.org/web/20090218134909/http://www.press.sk:80/byvanie-stavebnictvo/atrium/,20090218134909,skip
http://www.press.sk:80/byvanie-stavebnictvo/atrium/,https://web.archive.org/web/20090420032130/http://www.press.sk:80/byvanie-stavebnictvo/atrium/,20090420032130,skip
http://www.press.sk:80/byvanie-stavebnictvo/atrium/,https://web.archive.org/web/20091226082005/http://www.press.sk:80/byvanie-stavebnictvo/atrium/,20091226082005,skip
http://www.press.sk:80/byvanie-stavebnictvo/atrium/,https://web.archive.org/web/20110410005323/http://www.press.sk:80/byvanie-stavebnictvo/atrium/,20110410005323,skip
http://www.press.sk:80/byvanie-stavebnictvo/atrium,https://web.archive.org/web/20110527162345/http://www.press.sk:80/byvanie-stavebnictvo/atrium,20110527162345,skip
http://www.press.sk:80/byvanie-stavebnictvo/atrium/,https://web.archive.org/web/20110610203440/http://www.press.sk:80/byvanie-stavebnictvo/atrium/,20110610203440,skip
http://www.press.sk:80/byvanie-stavebnictvo/atrium,https://web.archive.org/web/20110627210701/http://www.press.sk:80/byvanie-stavebnictvo/atrium,20110627210701,skip
http://www.press.sk:80/byvanie-stavebnictvo/atrium,https://web.archive.org/web/20110729081524/http://www.press.sk:80/byvanie-stavebnictvo/atrium,20110729081524,skip
http://www.press.sk:80/byvanie-stavebnictvo/atrium,https://web.archive.org/web/20110730082229/http://www.press.sk:80/byvanie-stavebnictvo/atrium,20110730082229,skip
http://www.press.sk:80/byvanie-stavebnictvo/atrium/,https://web.archive.org/web/20110810105632/http://www.press.sk:80/byvanie-stavebnictvo/atrium/,20110810105632,skip
http://www.press.sk:80/byvanie-stavebnictvo/atrium,https://web.archive.org/web/20110831013458/http://www.press.sk:80/byvanie-stavebnictvo/atrium,20110831013458,skip
http://www.press.sk:80/byvanie-stavebnictvo/atrium,https://web.archive.org/web/20110912071304/http://www.press.sk:80/byvanie-stavebnictvo/atrium,20110912071304,skip
http://www.press.sk:80/byvanie-stavebnictvo/atrium/,https://web.archive.org/web/20120126163213/http://www.press.sk:80/byvanie-stavebnictvo/atrium/,20120126163213,skip
http://www.press.sk:80/byvanie-stavebnictvo/atrium/,https://web.archive.org/web/20120906051433/http://www.press.sk:80/byvanie-stavebnictvo/atrium/,20120906051433,skip
http://www.press.sk/byvanie-stavebnictvo/atrium/,https://web.archive.org/web/20130511044200/http://www.press.sk/byvanie-stavebnictvo/atrium/,20130511044200,skip
http://www.press.sk:80/byvanie-stavebnictvo/atrium,https://web.archive.org/web/20151219035833/http://www.press.sk:80/byvanie-stavebnictvo/atrium,20151219035833,skip
http://www.press.sk:80/byvanie-stavebnictvo/atrium,https://web.archive.org/web/20160119002535/http://www.press.sk:80/byvanie-stavebnictvo/atrium,20160119002535,skip
http://www.press.sk:80/byvanie-stavebnictvo/atrium,https://web.archive.org/web/20160401100048/http://www.press.sk:80/byvanie-stavebnictvo/atrium,20160401100048,skip
http://www.press.sk:80/byvanie-stavebnictvo/atrium,https://web.archive.org/web/20160508043452/http://www.press.sk:80/byvanie-stavebnictvo/atrium,20160508043452,skip
http://www.press.sk:80/byvanie-stavebnictvo/atrium,https://web.archive.org/web/20161001120215/http://www.press.sk:80/byvanie-stavebnictvo/atrium,20161001120215,skip
http://www.press.sk:80/byvanie-stavebnictvo/atrium/,https://web.archive.org/web/20161002220056/http://www.press.sk:80/byvanie-stavebnictvo/atrium/,20161002220056,skip
http://www.press.sk:80/byvanie-stavebnictvo/atrium,https://web.archive.org/web/20161101235818/http://www.press.sk:80/byvanie-stavebnictvo/atrium,20161101235818,skip
https://www.press.sk/byvanie-stavebnictvo/atrium/,https://web.archive.org/web/20170917080844/https://www.press.sk/byvanie-stavebnictvo/atrium/,20170917080844,skip
http://www.press.sk/byvanie-stavebnictvo/chatar-chalupar-rekonstrukce/,https://web.archive.org/web/20130511045019/http://www.press.sk/byvanie-stavebnictvo/chatar-chalupar-rekonstrukce/,20130511045019,skip
http://www.press.sk:80/byvanie-stavebnictvo/domov/,https://web.archive.org/web/20081219164106/http://www.press.sk:80/byvanie-stavebnictvo/domov/,20081219164106,skip
http://www.press.sk:80/byvanie-stavebnictvo/domov/,https://web.archive.org/web/20090218135227/http://www.press.sk:80/byvanie-stavebnictvo/domov/,20090218135227,skip
http://www.press.sk:80/byvanie-stavebnictvo/domov/,https://web.archive.org/web/20090627184139/http://www.press.sk:80/byvanie-stavebnictvo/domov/,20090627184139,skip
http://www.press.sk:80/byvanie-stavebnictvo/domov/,https://web.archive.org/web/20091002043713/http://www.press.sk:80/byvanie-stavebnictvo/domov/,20091002043713,skip
http://www.press.sk:80/byvanie-stavebnictvo/domov/,https://web.archive.org/web/20091201200606/http://www.press.sk:80/byvanie-stavebnictvo/domov/,20091201200606,skip
http://www.press.sk:80/byvanie-stavebnictvo/domov/,https://web.archive.org/web/20110913011615/http://www.press.sk:80/byvanie-stavebnictvo/domov/,20110913011615,skip
http://www.press.sk/byvanie-stavebnictvo/domov/,https://web.archive.org/web/20130511044822/http://www.press.sk/byvanie-stavebnictvo/domov/,20130511044822,skip
https://www.press.sk/byvanie-stavebnictvo/domov/,https://web.archive.org/web/20190819105155/https://www.press.sk/byvanie-stavebnictvo/domov/,20190819105155,skip
https://www.press.sk/byvanie-stavebnictvo/domov/,https://web.archive.org/web/20190826033151/https://www.press.sk/byvanie-stavebnictvo/domov/,20190826033151,skip
https://www.press.sk/byvanie-stavebnictvo/domov/,https://web.archive.org/web/20190918183740/https://www.press.sk/byvanie-stavebnictvo/domov/,20190918183740,skip
https://www.press.sk/byvanie-stavebnictvo/domov/,https://web.archive.org/web/20191113003922/https://www.press.sk/byvanie-stavebnictvo/domov/,20191113003922,skip
https://www.press.sk/byvanie-stavebnictvo/elle-decoration-2014/,https://web.archive.org/web/20190918080821/https://www.press.sk/byvanie-stavebnictvo/elle-decoration-2014/,20190918080821,skip
https://www.press.sk/byvanie-stavebnictvo/elle-decoration-2014/,https://web.archive.org/web/20191206080330/https://www.press.sk/byvanie-stavebnictvo/elle-decoration-2014/,20191206080330,skip
https://www.press.sk/byvanie-stavebnictvo/elle-decoration-2014/?utm_source=newsletter&utm_campaign=Jun_2014&utm_medium=archive,https://web.archive.org/web/20190821052235/https://www.press.sk/byvanie-stavebnictvo/elle-decoration-2014/?utm_source=newsletter&utm_campaign=Jun_2014&utm_medium=archive,20190821052235,skip
https://www.press.sk/byvanie-stavebnictvo/elle-decoration-2014/?utm_source=newsletter&utm_campaign=Jun_2014&utm_medium=archive,https://web.archive.org/web/20190923075235/https://www.press.sk/byvanie-stavebnictvo/elle-decoration-2014/?utm_source=newsletter&utm_campaign=Jun_2014&utm_medium=archive,20190923075235,skip
https://www.press.sk/byvanie-stavebnictvo/elle-decoration-2014/?utm_source=newsletter&utm_campaign=Jun_2014&utm_medium=archive,https://web.archive.org/web/20191015065843/https://www.press.sk/byvanie-stavebnictvo/elle-decoration-2014/?utm_source=newsletter&utm_campaign=Jun_2014&utm_medium=archive,20191015065843,skip
https://www.press.sk/byvanie-stavebnictvo/elle-decoration-2014/?utm_source=newsletter&utm_campaign=Jun_2014&utm_medium=archive,https://web.archive.org/web/20191114100517/https://www.press.sk/byvanie-stavebnictvo/elle-decoration-2014/?utm_source=newsletter&utm_campaign=Jun_2014&utm_medium=archive,20191114100517,skip
https://www.press.sk/byvanie-stavebnictvo/elle-decoration-2014/?utm_source=newsletter&utm_campaign=Jun_2014&utm_medium=archive,https://web.archive.org/web/20191207060612/https://www.press.sk/byvanie-stavebnictvo/elle-decoration-2014/?utm_source=newsletter&utm_campaign=Jun_2014&utm_medium=archive,20191207060612,skip
https://www.press.sk/byvanie-stavebnictvo/elle-decoration-jaro-2019/,https://web.archive.org/web/20190719083945/https://www.press.sk/byvanie-stavebnictvo/elle-decoration-jaro-2019/,20190719083945,skip
https://www.press.sk/byvanie-stavebnictvo/elle-decoration-jaro-2019/,https://web.archive.org/web/20190922125211/https://www.press.sk/byvanie-stavebnictvo/elle-decoration-jaro-2019/,20190922125211,skip
https://www.press.sk/byvanie-stavebnictvo/elle-decoration-jaro-2019/,https://web.archive.org/web/20191122011124/https://www.press.sk/byvanie-stavebnictvo/elle-decoration-jaro-2019/,20191122011124,skip
https://www.press.sk/byvanie-stavebnictvo/elle-decoration-jaro-2020/,https://web.archive.org/web/20230311055305/https://www.press.sk/byvanie-stavebnictvo/elle-decoration-jaro-2020/,20230311055305,skip
https://www.press.sk/byvanie-stavebnictvo/elle-decoration-jaro-2021/,https://web.archive.org/web/20230311055304/https://www.press.sk/byvanie-stavebnictvo/elle-decoration-jaro-2021/,20230311055304,skip
https://www.press.sk/byvanie-stavebnictvo/elle-decoration-jaro-2022/,https://web.archive.org/web/20230311055304/https://www.press.sk/byvanie-stavebnictvo/elle-decoration-jaro-2022/,20230311055304,skip
https://www.press.sk/byvanie-stavebnictvo/elle-decoration-leto-2019/,https://web.archive.org/web/20190723163135/https://www.press.sk/byvanie-stavebnictvo/elle-decoration-leto-2019/,20190723163135,skip
https://www.press.sk/byvanie-stavebnictvo/elle-decoration-leto-2019/,https://web.archive.org/web/20190826032821/https://www.press.sk/byvanie-stavebnictvo/elle-decoration-leto-2019/,20190826032821,skip
https://www.press.sk/byvanie-stavebnictvo/elle-decoration-leto-2019/,https://web.archive.org/web/20190923140741/https://www.press.sk/byvanie-stavebnictvo/elle-decoration-leto-2019/,20190923140741,skip
https://www.press.sk/byvanie-stavebnictvo/elle-decoration-leto-2019/,https://web.archive.org/web/20191013232057/https://www.press.sk/byvanie-stavebnictvo/elle-decoration-leto-2019/,20191013232057,skip
https://www.press.sk/byvanie-stavebnictvo/elle-decoration-leto-2019/,https://web.archive.org/web/20191114173825/https://www.press.sk/byvanie-stavebnictvo/elle-decoration-leto-2019/,20191114173825,skip
https://www.press.sk/byvanie-stavebnictvo/elle-decoration-leto-2020/,https://web.archive.org/web/20230311055305/https://www.press.sk/byvanie-stavebnictvo/elle-decoration-leto-2020/,20230311055305,skip
https://www.press.sk/byvanie-stavebnictvo/elle-decoration-leto-2021/,https://web.archive.org/web/20230311055304/https://www.press.sk/byvanie-stavebnictvo/elle-decoration-leto-2021/,20230311055304,skip
https://www.press.sk/byvanie-stavebnictvo/elle-decoration-leto-2022/,https://web.archive.org/web/20230311055304/https://www.press.sk/byvanie-stavebnictvo/elle-decoration-leto-2022/,20230311055304,skip
https://www.press.sk/byvanie-stavebnictvo/elle-decoration-podzim-2019/,https://web.archive.org/web/20190923080109/https://www.press.sk/byvanie-stavebnictvo/elle-decoration-podzim-2019/,20190923080109,skip
https://www.press.sk/byvanie-stavebnictvo/elle-decoration-podzim-2019/,https://web.archive.org/web/20191115215219/https://www.press.sk/byvanie-stavebnictvo/elle-decoration-podzim-2019/,20191115215219,skip
https://www.press.sk/byvanie-stavebnictvo/elle-decoration-podzim-2020/,https://web.archive.org/web/20230311055305/https://www.press.sk/byvanie-stavebnictvo/elle-decoration-podzim-2020/,20230311055305,skip
https://www.press.sk/byvanie-stavebnictvo/elle-decoration-podzim-2021/,https://web.archive.org/web/20230311055304/https://www.press.sk/byvanie-stavebnictvo/elle-decoration-podzim-2021/,20230311055304,skip
https://www.press.sk/byvanie-stavebnictvo/elle-decoration-podzim-2022/,https://web.archive.org/web/20230311055301/https://www.press.sk/byvanie-stavebnictvo/elle-decoration-podzim-2022/,20230311055301,skip
https://www.press.sk/byvanie-stavebnictvo/elle-decoration-zima-2019/,https://web.archive.org/web/20191208022416/https://www.press.sk/byvanie-stavebnictvo/elle-decoration-zima-2019/,20191208022416,skip
https://www.press.sk/byvanie-stavebnictvo/elle-decoration-zima-2020/,https://web.archive.org/web/20230311055306/https://www.press.sk/byvanie-stavebnictvo/elle-decoration-zima-2020/,20230311055306,skip
https://www.press.sk/byvanie-stavebnictvo/elle-decoration-zima-2021/,https://web.archive.org/web/20230311055304/https://www.press.sk/byvanie-stavebnictvo/elle-decoration-zima-2021/,20230311055304,skip
https://www.press.sk/byvanie-stavebnictvo/elle-decoration-zima-2022/,https://web.archive.org/web/20230311055301/https://www.press.sk/byvanie-stavebnictvo/elle-decoration-zima-2022/,20230311055301,skip
http://www.press.sk:80/byvanie-stavebnictvo/era21/,https://web.archive.org/web/20081219164235/http://www.press.sk:80/byvanie-stavebnictvo/era21/,20081219164235,skip
http://www.press.sk:80/byvanie-stavebnictvo/era21/,https://web.archive.org/web/20090220004830/http://www.press.sk:80/byvanie-stavebnictvo/era21/,20090220004830,skip
http://www.press.sk:80/byvanie-stavebnictvo/era21/,https://web.archive.org/web/20091003032248/http://www.press.sk:80/byvanie-stavebnictvo/era21/,20091003032248,skip
http://www.press.sk:80/byvanie-stavebnictvo/era21/,https://web.archive.org/web/20091204005412/http://www.press.sk:80/byvanie-stavebnictvo/era21/,20091204005412,skip
http://www.press.sk:80/byvanie-stavebnictvo/era21/,https://web.archive.org/web/20110912073600/http://www.press.sk:80/byvanie-stavebnictvo/era21/,20110912073600,skip
http://www.press.sk/byvanie-stavebnictvo/era21/,https://web.archive.org/web/20130511041540/http://www.press.sk/byvanie-stavebnictvo/era21/,20130511041540,skip
https://www.press.sk/byvanie-stavebnictvo/era21/,https://web.archive.org/web/20190724005835/https://www.press.sk/byvanie-stavebnictvo/era21/,20190724005835,skip
https://www.press.sk/byvanie-stavebnictvo/era21/,https://web.archive.org/web/20190922085123/https://www.press.sk/byvanie-stavebnictvo/era21/,20190922085123,skip
https://www.press.sk/byvanie-stavebnictvo/era21/,https://web.archive.org/web/20191122061120/https://www.press.sk/byvanie-stavebnictvo/era21/,20191122061120,skip
http://www.press.sk/byvanie-stavebnictvo/era21-special-2011/,https://web.archive.org/web/20110816115533/http://www.press.sk/byvanie-stavebnictvo/era21-special-2011/,20110816115533,skip
http://www.press.sk:80/byvanie-stavebnictvo/era21-special-2011/,https://web.archive.org/web/20110912040052/http://www.press.sk:80/byvanie-stavebnictvo/era21-special-2011/,20110912040052,skip
http://www.press.sk/byvanie-stavebnictvo/era21-special-2011/,https://web.archive.org/web/20130511050058/http://www.press.sk/byvanie-stavebnictvo/era21-special-2011/,20130511050058,skip
http://www.press.sk/byvanie-stavebnictvo/era21-special-2012/,https://web.archive.org/web/20130511054140/http://www.press.sk/byvanie-stavebnictvo/era21-special-2012/,20130511054140,skip
https://www.press.sk/byvanie-stavebnictvo/era21/?utm_source=newsletter&utm_campaign=November_2013&utm_medium=archive,https://web.archive.org/web/20190821051251/https://www.press.sk/byvanie-stavebnictvo/era21/?utm_source=newsletter&utm_campaign=November_2013&utm_medium=archive,20190821051251,skip
https://www.press.sk/byvanie-stavebnictvo/era21/?utm_source=newsletter&utm_campaign=September_2012&utm_medium=archive,https://web.archive.org/web/20190822011933/https://www.press.sk/byvanie-stavebnictvo/era21/?utm_source=newsletter&utm_campaign=September_2012&utm_medium=archive,20190822011933,skip
https://www.press.sk/byvanie-stavebnictvo/home/,https://web.archive.org/web/20190720163318/https://www.press.sk/byvanie-stavebnictvo/home/,20190720163318,skip
https://www.press.sk/byvanie-stavebnictvo/home/,https://web.archive.org/web/20190826060842/https://www.press.sk/byvanie-stavebnictvo/home/,20190826060842,skip
https://www.press.sk/byvanie-stavebnictvo/home/,https://web.archive.org/web/20191015215828/https://www.press.sk/byvanie-stavebnictvo/home/,20191015215828,skip
https://www.press.sk/byvanie-stavebnictvo/home/,https://web.archive.org/web/20230311055304/https://www.press.sk/byvanie-stavebnictvo/home/,20230311055304,skip
https://www.press.sk/byvanie-stavebnictvo/home-special-jar-2018/,https://web.archive.org/web/20190719085120/https://www.press.sk/byvanie-stavebnictvo/home-special-jar-2018/,20190719085120,skip
https://www.press.sk/byvanie-stavebnictvo/home-special-jar-2018/,https://web.archive.org/web/20190922125549/https://www.press.sk/byvanie-stavebnictvo/home-special-jar-2018/,20190922125549,skip
https://www.press.sk/byvanie-stavebnictvo/home-special-jar-2018/,https://web.archive.org/web/20191122011259/https://www.press.sk/byvanie-stavebnictvo/home-special-jar-2018/,20191122011259,skip
https://www.press.sk/byvanie-stavebnictvo/home-special-jesen-2018/,https://web.archive.org/web/20190719085418/https://www.press.sk/byvanie-stavebnictvo/home-special-jesen-2018/,20190719085418,skip
https://www.press.sk/byvanie-stavebnictvo/home-special-jesen-2018/,https://web.archive.org/web/20190826053739/https://www.press.sk/byvanie-stavebnictvo/home-special-jesen-2018/,20190826053739,skip
https://www.press.sk/byvanie-stavebnictvo/home-special-jesen-2018/,https://web.archive.org/web/20191015221932/https://www.press.sk/byvanie-stavebnictvo/home-special-jesen-2018/,20191015221932,skip
http://www.press.sk:80/byvanie-stavebnictvo/idb-journal-42011/,https://web.archive.org/web/20110911184944/http://www.press.sk:80/byvanie-stavebnictvo/idb-journal-42011/,20110911184944,skip
http://www.press.sk/byvanie-stavebnictvo/idb-journal-42011/,https://web.archive.org/web/20130511042947/http://www.press.sk/byvanie-stavebnictvo/idb-journal-42011/,20130511042947,skip
https://www.press.sk/byvanie-stavebnictvo/krasny-domov-predplatne/,https://web.archive.org/web/20230311055305/https://www.press.sk/byvanie-stavebnictvo/krasny-domov-predplatne/,20230311055305,skip
https://www.press.sk/byvanie-stavebnictvo/krasny-domov-special-vanoce-2021/,https://web.archive.org/web/20230311055304/https://www.press.sk/byvanie-stavebnictvo/krasny-domov-special-vanoce-2021/,20230311055304,skip
http://www.press.sk:80/byvanie-stavebnictvo/krasny-venkov,https://web.archive.org/web/20160124201601/http://www.press.sk:80/byvanie-stavebnictvo/krasny-venkov,20160124201601,skip
http://www.press.sk:80/byvanie-stavebnictvo/krasny-venkov,https://web.archive.org/web/20160224132503/http://www.press.sk:80/byvanie-stavebnictvo/krasny-venkov,20160224132503,skip
http://www.press.sk:80/byvanie-stavebnictvo/krasny-venkov,https://web.archive.org/web/20160402155054/http://www.press.sk:80/byvanie-stavebnictvo/krasny-venkov,20160402155054,skip
http://www.press.sk:80/byvanie-stavebnictvo/krasny-venkov,https://web.archive.org/web/20160514163447/http://www.press.sk:80/byvanie-stavebnictvo/krasny-venkov,20160514163447,skip
https://www.press.sk/byvanie-stavebnictvo/krasny-venkov/,https://web.archive.org/web/20190719084244/https://www.press.sk/byvanie-stavebnictvo/krasny-venkov/,20190719084244,skip
https://www.press.sk/byvanie-stavebnictvo/krasny-venkov/,https://web.archive.org/web/20190720163743/https://www.press.sk/byvanie-stavebnictvo/krasny-venkov/,20190720163743,skip
https://www.press.sk/byvanie-stavebnictvo/krasny-venkov/,https://web.archive.org/web/20190922145738/https://www.press.sk/byvanie-stavebnictvo/krasny-venkov/,20190922145738,skip
https://www.press.sk/byvanie-stavebnictvo/krasny-venkov/,https://web.archive.org/web/20191115062021/https://www.press.sk/byvanie-stavebnictvo/krasny-venkov/,20191115062021,skip
https://www.press.sk/byvanie-stavebnictvo/marianne-bydleni-nordic/,https://web.archive.org/web/20191019052820/https://www.press.sk/byvanie-stavebnictvo/marianne-bydleni-nordic/,20191019052820,skip
http://www.press.sk/byvanie-stavebnictvo/marianne-special-venkov-a-styl/,https://web.archive.org/web/20130511052331/http://www.press.sk/byvanie-stavebnictvo/marianne-special-venkov-a-styl/,20130511052331,skip
http://www.press.sk:80/byvanie-stavebnictvo/nas-utulny-byt/,https://web.archive.org/web/20081219164240/http://www.press.sk:80/byvanie-stavebnictvo/nas-utulny-byt/,20081219164240,skip
http://www.press.sk:80/byvanie-stavebnictvo/nas-utulny-byt,https://web.archive.org/web/20090217161308/http://www.press.sk:80/byvanie-stavebnictvo/nas-utulny-byt,20090217161308,skip
http://www.press.sk:80/byvanie-stavebnictvo/nas-utulny-byt/,https://web.archive.org/web/20090218113621/http://www.press.sk:80/byvanie-stavebnictvo/nas-utulny-byt/,20090218113621,skip
http://www.press.sk:80/byvanie-stavebnictvo/nas-utulny-byt,https://web.archive.org/web/20090320192320/http://www.press.sk:80/byvanie-stavebnictvo/nas-utulny-byt,20090320192320,skip
http://www.press.sk:80/byvanie-stavebnictvo/nas-utulny-byt,https://web.archive.org/web/20090420100227/http://www.press.sk:80/byvanie-stavebnictvo/nas-utulny-byt,20090420100227,skip
http://www.press.sk:80/byvanie-stavebnictvo/nas-utulny-byt,https://web.archive.org/web/20090522083000/http://www.press.sk:80/byvanie-stavebnictvo/nas-utulny-byt,20090522083000,skip
http://www.press.sk:80/byvanie-stavebnictvo/nas-utulny-byt/,https://web.archive.org/web/20090627092639/http://www.press.sk:80/byvanie-stavebnictvo/nas-utulny-byt/,20090627092639,skip
http://www.press.sk:80/byvanie-stavebnictvo/nas-utulny-byt,https://web.archive.org/web/20100107162940/http://www.press.sk:80/byvanie-stavebnictvo/nas-utulny-byt,20100107162940,skip
http://www.press.sk:80/byvanie-stavebnictvo/nas-utulny-byt,https://web.archive.org/web/20100107162940/http://www.press.sk:80/byvanie-stavebnictvo/nas-utulny-byt,20100107162940,skip
http://www.press.sk:80/byvanie-stavebnictvo/nas-utulny-byt/,https://web.archive.org/web/20110913020438/http://www.press.sk:80/byvanie-stavebnictvo/nas-utulny-byt/,20110913020438,skip
http://www.press.sk/byvanie-stavebnictvo/nas-utulny-byt/,https://web.archive.org/web/20130511055151/http://www.press.sk/byvanie-stavebnictvo/nas-utulny-byt/,20130511055151,skip
http://www.press.sk:80/byvanie-stavebnictvo/nas-utulny-byt/,https://web.archive.org/web/20131001202325/http://www.press.sk:80/byvanie-stavebnictvo/nas-utulny-byt/,20131001202325,skip
https://www.press.sk/byvanie-stavebnictvo/nas-utulny-byt/,https://web.archive.org/web/20190719083544/https://www.press.sk/byvanie-stavebnictvo/nas-utulny-byt/,20190719083544,skip
https://www.press.sk/byvanie-stavebnictvo/nas-utulny-byt/,https://web.archive.org/web/20190823005934/https://www.press.sk/byvanie-stavebnictvo/nas-utulny-byt/,20190823005934,skip
https://www.press.sk/byvanie-stavebnictvo/nas-utulny-byt/,https://web.archive.org/web/20190918183341/https://www.press.sk/byvanie-stavebnictvo/nas-utulny-byt/,20190918183341,skip
https://www.press.sk/byvanie-stavebnictvo/nas-utulny-byt/,https://web.archive.org/web/20191115214852/https://www.press.sk/byvanie-stavebnictvo/nas-utulny-byt/,20191115214852,skip
https://www.press.sk/byvanie-stavebnictvo/nove-promeny-bydleni/,https://web.archive.org/web/20190823100041/https://www.press.sk/byvanie-stavebnictvo/nove-promeny-bydleni/,20190823100041,skip
https://www.press.sk/byvanie-stavebnictvo/nove-promeny-bydleni/,https://web.archive.org/web/20190826053643/https://www.press.sk/byvanie-stavebnictvo/nove-promeny-bydleni/,20190826053643,skip
https://www.press.sk/byvanie-stavebnictvo/nove-promeny-bydleni/,https://web.archive.org/web/20190918184107/https://www.press.sk/byvanie-stavebnictvo/nove-promeny-bydleni/,20190918184107,skip
https://www.press.sk/byvanie-stavebnictvo/nove-promeny-bydleni/,https://web.archive.org/web/20190923182856/https://www.press.sk/byvanie-stavebnictvo/nove-promeny-bydleni/,20190923182856,skip
https://www.press.sk/byvanie-stavebnictvo/nove-promeny-bydleni/,https://web.archive.org/web/20191019112221/https://www.press.sk/byvanie-stavebnictvo/nove-promeny-bydleni/,20191019112221,skip
https://www.press.sk/byvanie-stavebnictvo/nove-promeny-bydleni/,https://web.archive.org/web/20191112065330/https://www.press.sk/byvanie-stavebnictvo/nove-promeny-bydleni/,20191112065330,skip
https://www.press.sk/byvanie-stavebnictvo/nove-promeny-bydleni/,https://web.archive.org/web/20191214113928/https://www.press.sk/byvanie-stavebnictvo/nove-promeny-bydleni/,20191214113928,skip
https://www.press.sk/byvanie-stavebnictvo/nove-promeny-bydleni/,https://web.archive.org/web/20230311055307/https://www.press.sk/byvanie-stavebnictvo/nove-promeny-bydleni/,20230311055307,skip
http://www.press.sk:80/byvanie-stavebnictvo/pekne-bydleni/,https://web.archive.org/web/20110911202533/http://www.press.sk:80/byvanie-stavebnictvo/pekne-bydleni/,20110911202533,skip
http://www.press.sk/byvanie-stavebnictvo/pekne-bydleni/,https://web.archive.org/web/20130511051035/http://www.press.sk/byvanie-stavebnictvo/pekne-bydleni/,20130511051035,skip
https://www.press.sk/byvanie-stavebnictvo/pekne-bydleni/,https://web.archive.org/web/20190720165827/https://www.press.sk/byvanie-stavebnictvo/pekne-bydleni/,20190720165827,skip
https://www.press.sk/byvanie-stavebnictvo/pekne-bydleni/,https://web.archive.org/web/20190723162930/https://www.press.sk/byvanie-stavebnictvo/pekne-bydleni/,20190723162930,skip
https://www.press.sk/byvanie-stavebnictvo/pekne-bydleni/,https://web.archive.org/web/20190923210302/https://www.press.sk/byvanie-stavebnictvo/pekne-bydleni/,20190923210302,skip
https://www.press.sk/byvanie-stavebnictvo/pekne-bydleni/,https://web.archive.org/web/20191122135000/https://www.press.sk/byvanie-stavebnictvo/pekne-bydleni/,20191122135000,skip
https://www.press.sk/byvanie-stavebnictvo/pekne-bydleni/?utm_source=newsletter&utm_campaign=Maj_2011&utm_medium=archive,https://web.archive.org/web/20190820055443/https://www.press.sk/byvanie-stavebnictvo/pekne-bydleni/?utm_source=newsletter&utm_campaign=Maj_2011&utm_medium=archive,20190820055443,skip
https://www.press.sk/byvanie-stavebnictvo/praktik/,https://web.archive.org/web/20190719084041/https://www.press.sk/byvanie-stavebnictvo/praktik/,20190719084041,skip
https://www.press.sk/byvanie-stavebnictvo/praktik/,https://web.archive.org/web/20191016002248/https://www.press.sk/byvanie-stavebnictvo/praktik/,20191016002248,skip
http://www.press.sk:80/byvanie-stavebnictvo/stavitel/,https://web.archive.org/web/20081219164116/http://www.press.sk:80/byvanie-stavebnictvo/stavitel/,20081219164116,skip
http://www.press.sk:80/byvanie-stavebnictvo/stavitel/,https://web.archive.org/web/20090218135232/http://www.press.sk:80/byvanie-stavebnictvo/stavitel/,20090218135232,skip
http://www.press.sk:80/byvanie-stavebnictvo/stavitel/,https://web.archive.org/web/20091003122454/http://www.press.sk:80/byvanie-stavebnictvo/stavitel/,20091003122454,skip
http://www.press.sk:80/byvanie-stavebnictvo/stavitel/,https://web.archive.org/web/20091204005417/http://www.press.sk:80/byvanie-stavebnictvo/stavitel/,20091204005417,skip
http://www.press.sk:80/byvanie-stavebnictvo/stavitel/,https://web.archive.org/web/20100420092350/http://www.press.sk:80/byvanie-stavebnictvo/stavitel/,20100420092350,skip
http://www.press.sk:80/byvanie-stavebnictvo/stavitel/,https://web.archive.org/web/20100420092350/http://www.press.sk:80/byvanie-stavebnictvo/stavitel/,20100420092350,skip
http://www.press.sk:80/byvanie-stavebnictvo/stavitel/,https://web.archive.org/web/20110912165314/http://www.press.sk:80/byvanie-stavebnictvo/stavitel/,20110912165314,skip
http://www.press.sk/byvanie-stavebnictvo/stavitel/,https://web.archive.org/web/20130511050210/http://www.press.sk/byvanie-stavebnictvo/stavitel/,20130511050210,skip
https://www.press.sk/byvanie-stavebnictvo/stavitel/,https://web.archive.org/web/20190724005806/https://www.press.sk/byvanie-stavebnictvo/stavitel/,20190724005806,skip
https://www.press.sk/byvanie-stavebnictvo/stavitel/,https://web.archive.org/web/20190916210457/https://www.press.sk/byvanie-stavebnictvo/stavitel/,20190916210457,skip
https://www.press.sk/byvanie-stavebnictvo/stavitel/,https://web.archive.org/web/20190918184046/https://www.press.sk/byvanie-stavebnictvo/stavitel/,20190918184046,skip
https://www.press.sk/byvanie-stavebnictvo/stavitel/,https://web.archive.org/web/20190922085048/https://www.press.sk/byvanie-stavebnictvo/stavitel/,20190922085048,skip
https://www.press.sk/byvanie-stavebnictvo/stavitel/,https://web.archive.org/web/20191115190916/https://www.press.sk/byvanie-stavebnictvo/stavitel/,20191115190916,skip
http://www.press.sk:80/canfora-publishing,https://web.archive.org/web/20160516133156/http://www.press.sk:80/canfora-publishing,20160516133156,skip
http://www.press.sk:80/canfora-publishing/,https://web.archive.org/web/20160519000431/http://www.press.sk:80/canfora-publishing/,20160519000431,skip
http://www.press.sk:80/canfora-publishing,https://web.archive.org/web/20160616080413/http://www.press.sk:80/canfora-publishing,20160616080413,skip
http://www.press.sk:80/canfora-publishing,https://web.archive.org/web/20160717024220/http://www.press.sk:80/canfora-publishing,20160717024220,skip
http://www.press.sk/canfora-publishing/,https://web.archive.org/web/20170405170806/http://www.press.sk/canfora-publishing/,20170405170806,skip
https://www.press.sk/canfora-publishing/,https://web.archive.org/web/20170731033832/https://www.press.sk/canfora-publishing/,20170731033832,skip
https://www.press.sk/canfora-publishing/,https://web.archive.org/web/20191015070308/https://www.press.sk/canfora-publishing/,20191015070308,skip
https://www.press.sk/canfora-publishing/,https://web.archive.org/web/20230311055316/https://www.press.sk/canfora-publishing/,20230311055316,skip
http://www.press.sk:80/canfora-publishing/afv-photo-album-vol.1/,https://web.archive.org/web/20160520045109/http://www.press.sk:80/canfora-publishing/afv-photo-album-vol.1/,20160520045109,skip
http://www.press.sk:80/canfora-publishing/afv-photo-album-vol.2-bojova-technika-na-uzemi-ceskoslovenska-v-roce-1945/,https://web.archive.org/web/20160520045114/http://www.press.sk:80/canfora-publishing/afv-photo-album-vol.2-bojova-technika-na-uzemi-ceskoslovenska-v-roce-1945/,20160520045114,skip
http://www.press.sk:80/canfora-publishing/masters-collection-vol.1-a-world-of-dioramas,https://web.archive.org/web/20160516140744/http://www.press.sk:80/canfora-publishing/masters-collection-vol.1-a-world-of-dioramas,20160516140744,skip
http://www.press.sk:80/canfora-publishing/masters-collection-vol.1-a-world-of-dioramas/,https://web.archive.org/web/20160520045131/http://www.press.sk:80/canfora-publishing/masters-collection-vol.1-a-world-of-dioramas/,20160520045131,skip
http://www.press.sk:80/canfora-publishing/masters-collection-vol.1-a-world-of-dioramas,https://web.archive.org/web/20160616080420/http://www.press.sk:80/canfora-publishing/masters-collection-vol.1-a-world-of-dioramas,20160616080420,skip
http://www.press.sk:80/canfora-publishing/on-display-vol.1-post-war-armour/,https://web.archive.org/web/20160518025454/http://www.press.sk:80/canfora-publishing/on-display-vol.1-post-war-armour/,20160518025454,skip
http://www.press.sk:80/canfora-publishing/on-display-vol.2-sturmgeschutz-iii/,https://web.archive.org/web/20160518025459/http://www.press.sk:80/canfora-publishing/on-display-vol.2-sturmgeschutz-iii/,20160518025459,skip
http://www.press.sk:80/canfora-publishing/on-display-vol.3-british-steel/,https://web.archive.org/web/20160518025504/http://www.press.sk:80/canfora-publishing/on-display-vol.3-british-steel/,20160518025504,skip
https://www.press.sk/canfora-publishing/on-display-vol.4-under-the-red-star/,https://web.archive.org/web/20190918013458/https://www.press.sk/canfora-publishing/on-display-vol.4-under-the-red-star/,20190918013458,skip
http://www.press.sk:80/canfora-publishing/panther-10-subjects-and-their-stories/,https://web.archive.org/web/20160518025510/http://www.press.sk:80/canfora-publishing/panther-10-subjects-and-their-stories/,20160518025510,skip
http://www.press.sk:80/canfora-publishing/rare-wheels-vol.1-a-pictorial-journey-of-lesser-known-soft-skins-1934-45/,https://web.archive.org/web/20160520045104/http://www.press.sk:80/canfora-publishing/rare-wheels-vol.1-a-pictorial-journey-of-lesser-known-soft-skins-1934-45/,20160520045104,skip
http://www.press.sk:80/canfora-publishing/the-nordic-edge-model-gallery-vol.-3,https://web.archive.org/web/20160516140749/http://www.press.sk:80/canfora-publishing/the-nordic-edge-model-gallery-vol.-3,20160516140749,skip
http://www.press.sk:80/canfora-publishing/the-nordic-edge-model-gallery-vol.-3/,https://web.archive.org/web/20160518025516/http://www.press.sk:80/canfora-publishing/the-nordic-edge-model-gallery-vol.-3/,20160518025516,skip
http://www.press.sk:80/canfora-publishing/the-nordic-edge-model-gallery-vol.-3,https://web.archive.org/web/20160616080321/http://www.press.sk:80/canfora-publishing/the-nordic-edge-model-gallery-vol.-3,20160616080321,skip
http://www.press.sk:80/canfora-publishing/wingspan-vol.1-132-aircraft-modelling/,https://web.archive.org/web/20160518025523/http://www.press.sk:80/canfora-publishing/wingspan-vol.1-132-aircraft-modelling/,20160518025523,skip
http://www.press.sk:80/2014+212/letectvi-kosmonautika-c.052014,https://web.archive.org/web/20141008135301/http://www.press.sk:80/2014+212/letectvi-kosmonautika-c.052014,20141008135301,skip
http://www.press.sk:80/2014+212/letectvi-kosmonautika-c.052014,https://web.archive.org/web/20141109104856/http://www.press.sk:80/2014+212/letectvi-kosmonautika-c.052014,20141109104856,skip
http://www.press.sk:80/2014+212/letectvi-kosmonautika-c.052014,https://web.archive.org/web/20141210231238/http://www.press.sk:80/2014+212/letectvi-kosmonautika-c.052014,20141210231238,skip
http://www.press.sk:80/2014+212/letectvi-kosmonautika-c.052014,https://web.archive.org/web/20150110143009/http://www.press.sk:80/2014+212/letectvi-kosmonautika-c.052014,20150110143009,skip
http://www.press.sk:80/2015+229/modelar-c.092015,https://web.archive.org/web/20170426043156/http://www.press.sk:80/2015+229/modelar-c.092015,20170426043156,skip
http://www.press.sk:80/2016+248/atm-c.052016,https://web.archive.org/web/20160505113456/http://www.press.sk:80/2016+248/atm-c.052016,20160505113456,skip
http://www.press.sk:80/2016+248/atm-c.052016,https://web.archive.org/web/20160607191336/http://www.press.sk:80/2016+248/atm-c.052016,20160607191336,skip
http://www.press.sk:80/2016+248/atm-c.082016/,https://web.archive.org/web/20160802021717/http://www.press.sk:80/2016+248/atm-c.082016/,20160802021717,skip
http://www.press.sk:80/2016+249/aerohobby-c.042016/,https://web.archive.org/web/20160802022402/http://www.press.sk:80/2016+249/aerohobby-c.042016/,20160802022402,skip
http://www.press.sk:80/2016+250/modelar-c.072016/,https://web.archive.org/web/20160802021353/http://www.press.sk:80/2016+250/modelar-c.072016/,20160802021353,skip
http://www.press.sk:80/2016+253/zahradkar-c.012016/,https://web.archive.org/web/20160113184259/http://www.press.sk:80/2016+253/zahradkar-c.012016/,20160113184259,skip
http://www.press.sk:80/2016+253/zahradkar-c.082016/,https://web.archive.org/web/20160802021910/http://www.press.sk:80/2016+253/zahradkar-c.082016/,20160802021910,skip
https://www.press.sk/administrator/components/com_shop/css/edit.svg,https://web.archive.org/web/20200107104002/https://www.press.sk/administrator/components/com_shop/css/edit.svg,20200107104002,skip
https://www.press.sk/administrator/components/com_shop/css/edit.svg,https://web.archive.org/web/20201010192845/https://www.press.sk/administrator/components/com_shop/css/edit.svg,20201010192845,skip
https://www.press.sk/administrator/components/com_shop/css/edit.svg,https://web.archive.org/web/20210121151528/https://www.press.sk/administrator/components/com_shop/css/edit.svg,20210121151528,skip
https://www.press.sk/administrator/components/com_shop/css/edit.svg,https://web.archive.org/web/20210429105335/https://www.press.sk/administrator/components/com_shop/css/edit.svg,20210429105335,skip
https://www.press.sk/administrator/components/com_shop/css/edit.svg,https://web.archive.org/web/20210517043636/https://www.press.sk/administrator/components/com_shop/css/edit.svg,20210517043636,skip
https://www.press.sk/administrator/components/com_shop/css/edit.svg,https://web.archive.org/web/20231116012728/https://www.press.sk/administrator/components/com_shop/css/edit.svg,20231116012728,skip
https://www.press.sk/administrator/components/com_shop/css/edit.svg,https://web.archive.org/web/20240507235040/https://www.press.sk/administrator/components/com_shop/css/edit.svg,20240507235040,skip
https://www.press.sk/administrator/components/com_shop/css/edit.svg,https://web.archive.org/web/20251018104611/https://www.press.sk/administrator/components/com_shop/css/edit.svg,20251018104611,skip
https://www.press.sk/administrator/components/com_shop/html/product_stock_availibility_label/product_stock_availibility_label.js,https://web.archive.org/web/20220617211854/https://www.press.sk/administrator/components/com_shop/html/product_stock_availibility_label/product_stock_availibility_label.js,20220617211854,skip
https://www.press.sk/administrator/components/com_shop/html/product_stock_availibility_label/product_stock_availibility_label.js?1568708891,https://web.archive.org/web/20201009142450/https://www.press.sk/administrator/components/com_shop/html/product_stock_availibility_label/product_stock_availibility_label.js?1568708891,20201009142450,skip
https://www.press.sk/administrator/components/com_shop/html/product_stock_availibility_label/product_stock_availibility_label.js?1568708891,https://web.archive.org/web/20210120083125/https://www.press.sk/administrator/components/com_shop/html/product_stock_availibility_label/product_stock_availibility_label.js?1568708891,20210120083125,skip
https://www.press.sk/administrator/components/com_shop/html/product_stock_availibility_label/product_stock_availibility_label.js?1568708891,https://web.archive.org/web/20210516120120/https://www.press.sk/administrator/components/com_shop/html/product_stock_availibility_label/product_stock_availibility_label.js?1568708891,20210516120120,skip
https://www.press.sk/administrator/components/com_shop/html/product_stock_availibility_label/product_stock_availibility_label.js?1652080323,https://web.archive.org/web/20220617211807/https://www.press.sk/administrator/components/com_shop/html/product_stock_availibility_label/product_stock_availibility_label.js?1652080323,20220617211807,skip
https://www.press.sk/administrator/components/com_shop/html/product_stock_availibility_label/product_stock_availibility_label.js?1662465538,https://web.archive.org/web/20221212000242/https://www.press.sk/administrator/components/com_shop/html/product_stock_availibility_label/product_stock_availibility_label.js?1662465538,20221212000242,skip
https://www.press.sk/administrator/components/com_shop/html/product_stock_availibility_label/product_stock_availibility_label.js?1662465538,https://web.archive.org/web/20221212000256/https://www.press.sk/administrator/components/com_shop/html/product_stock_availibility_label/product_stock_availibility_label.js?1662465538,20221212000256,skip
https://www.press.sk/administrator/components/com_shop/html/product_stock_availibility_label/product_stock_availibility_label.js?1662465538,https://web.archive.org/web/20221221140232/https://www.press.sk/administrator/components/com_shop/html/product_stock_availibility_label/product_stock_availibility_label.js?1662465538,20221221140232,skip
https://www.press.sk/administrator/components/com_shop/html/product_stock_availibility_label/product_stock_availibility_label.js?1675838925,https://web.archive.org/web/20230301194410/https://www.press.sk/administrator/components/com_shop/html/product_stock_availibility_label/product_stock_availibility_label.js?1675838925,20230301194410,skip
https://www.press.sk/administrator/components/com_shop/html/product_stock_availibility_label/product_stock_availibility_label.js?1675838925,https://web.archive.org/web/20230502163149/https://www.press.sk/administrator/components/com_shop/html/product_stock_availibility_label/product_stock_availibility_label.js?1675838925,20230502163149,skip
https://www.press.sk/administrator/components/com_shop/html/product_stock_availibility_label/product_stock_availibility_label.js?1688631968,https://web.archive.org/web/20230711143154/https://www.press.sk/administrator/components/com_shop/html/product_stock_availibility_label/product_stock_availibility_label.js?1688631968,20230711143154,skip
https://www.press.sk/administrator/components/com_shop/html/product_stock_availibility_label/product_stock_availibility_label.js?1694377302,https://web.archive.org/web/20231014163703/https://www.press.sk/administrator/components/com_shop/html/product_stock_availibility_label/product_stock_availibility_label.js?1694377302,20231014163703,skip
https://www.press.sk/administrator/components/com_shop/html/product_stock_availibility_label/product_stock_availibility_label.js?1703681414,https://web.archive.org/web/20240523114015/https://www.press.sk/administrator/components/com_shop/html/product_stock_availibility_label/product_stock_availibility_label.js?1703681414,20240523114015,skip
https://www.press.sk/administrator/components/com_shop/html/product_stock_availibility_label/product_stock_availibility_label.js?473202,https://web.archive.org/web/20251018030355/https://www.press.sk/administrator/components/com_shop/html/product_stock_availibility_label/product_stock_availibility_label.js?473202,20251018030355,skip
https://www.press.sk/administrator/components/com_shop/html/product_stock_availibility_label/product_stock_availibility_label.js?473202=,https://web.archive.org/web/20251112183203/https://www.press.sk/administrator/components/com_shop/html/product_stock_availibility_label/product_stock_availibility_label.js?473202=,20251112183203,skip
https://www.press.sk/administrator/components/com_shop/html/product_stock_availibility_label/product_stock_availibility_label.js?681414,https://web.archive.org/web/20241104094308/https://www.press.sk/administrator/components/com_shop/html/product_stock_availibility_label/product_stock_availibility_label.js?681414,20241104094308,skip
https://www.press.sk/administrator/components/com_shop/html/product_stock_availibility_label/product_stock_availibility_label.js?681414,https://web.archive.org/web/20250312163840/https://www.press.sk/administrator/components/com_shop/html/product_stock_availibility_label/product_stock_availibility_label.js?681414,20250312163840,skip
https://www.press.sk/administrator/components/com_shop/html/product_stock_availibility_label/product_stock_availibility_label.js?68708891,https://web.archive.org/web/20200203085416/https://www.press.sk/administrator/components/com_shop/html/product_stock_availibility_label/product_stock_availibility_label.js?68708891,20200203085416,skip
https://www.press.sk/administrator/components/com_shop/html/product_stock_availibility_label/product_stock_availibility_label.js?68708891,https://web.archive.org/web/20200411111637/https://www.press.sk/administrator/components/com_shop/html/product_stock_availibility_label/product_stock_availibility_label.js?68708891,20200411111637,skip
https://www.press.sk/administrator/images/collapseall.png,https://web.archive.org/web/20171115022815/https://www.press.sk/administrator/images/collapseall.png,20171115022815,skip
https://www.press.sk/administrator/images/collapseall.png,https://web.archive.org/web/20181001044611/https://www.press.sk/administrator/images/collapseall.png,20181001044611,skip
https://www.press.sk/administrator/images/collapseall.png,https://web.archive.org/web/20200107103827/https://www.press.sk/administrator/images/collapseall.png,20200107103827,skip
https://www.press.sk/administrator/images/collapseall.png,https://web.archive.org/web/20201010192928/https://www.press.sk/administrator/images/collapseall.png,20201010192928,skip
https://www.press.sk/administrator/images/collapseall.png,https://web.archive.org/web/20210121151502/https://www.press.sk/administrator/images/collapseall.png,20210121151502,skip
https://www.press.sk/administrator/images/collapseall.png,https://web.archive.org/web/20210429105355/https://www.press.sk/administrator/images/collapseall.png,20210429105355,skip
https://www.press.sk/administrator/images/collapseall.png,https://web.archive.org/web/20210517043625/https://www.press.sk/administrator/images/collapseall.png,20210517043625,skip
https://www.press.sk/administrator/images/collapseall.png,https://web.archive.org/web/20231116012719/https://www.press.sk/administrator/images/collapseall.png,20231116012719,skip
https://www.press.sk/administrator/images/collapseall.png,https://web.archive.org/web/20240507235025/https://www.press.sk/administrator/images/collapseall.png,20240507235025,skip
https://www.press.sk/administrator/images/collapseall.png,https://web.archive.org/web/20251018104558/https://www.press.sk/administrator/images/collapseall.png,20251018104558,skip
https://www.press.sk/administrator/images/expandall.png,https://web.archive.org/web/20171115032618/https://www.press.sk/administrator/images/expandall.png,20171115032618,skip
https://www.press.sk/administrator/images/expandall.png,https://web.archive.org/web/20181001050251/https://www.press.sk/administrator/images/expandall.png,20181001050251,skip
https://www.press.sk/administrator/images/expandall.png,https://web.archive.org/web/20200107103836/https://www.press.sk/administrator/images/expandall.png,20200107103836,skip
https://www.press.sk/administrator/images/expandall.png,https://web.archive.org/web/20201010192928/https://www.press.sk/administrator/images/expandall.png,20201010192928,skip
https://www.press.sk/administrator/images/expandall.png,https://web.archive.org/web/20210121151505/https://www.press.sk/administrator/images/expandall.png,20210121151505,skip
https://www.press.sk/administrator/images/expandall.png,https://web.archive.org/web/20210429105353/https://www.press.sk/administrator/images/expandall.png,20210429105353,skip
https://www.press.sk/administrator/images/expandall.png,https://web.archive.org/web/20210517043625/https://www.press.sk/administrator/images/expandall.png,20210517043625,skip
https://www.press.sk/administrator/images/expandall.png,https://web.archive.org/web/20231116012715/https://www.press.sk/administrator/images/expandall.png,20231116012715,skip
https://www.press.sk/administrator/images/expandall.png,https://web.archive.org/web/20240507235029/https://www.press.sk/administrator/images/expandall.png,20240507235029,skip
https://www.press.sk/administrator/images/expandall.png,https://web.archive.org/web/20251018104556/https://www.press.sk/administrator/images/expandall.png,20251018104556,skip
https://www.press.sk/administrator/images/newsletter_settings.png,https://web.archive.org/web/20171115023115/https://www.press.sk/administrator/images/newsletter_settings.png,20171115023115,skip
https://www.press.sk/administrator/images/newsletter_settings.png,https://web.archive.org/web/20181001050624/https://www.press.sk/administrator/images/newsletter_settings.png,20181001050624,skip
https://www.press.sk/administrator/images/newsletter_settings.png,https://web.archive.org/web/20200107103835/https://www.press.sk/administrator/images/newsletter_settings.png,20200107103835,skip
https://www.press.sk/administrator/images/newsletter_settings.png,https://web.archive.org/web/20201010192931/https://www.press.sk/administrator/images/newsletter_settings.png,20201010192931,skip
https://www.press.sk/administrator/images/newsletter_settings.png,https://web.archive.org/web/20210121151503/https://www.press.sk/administrator/images/newsletter_settings.png,20210121151503,skip
https://www.press.sk/administrator/images/newsletter_settings.png,https://web.archive.org/web/20210429105353/https://www.press.sk/administrator/images/newsletter_settings.png,20210429105353,skip
https://www.press.sk/administrator/images/newsletter_settings.png,https://web.archive.org/web/20210517043623/https://www.press.sk/administrator/images/newsletter_settings.png,20210517043623,skip
https://www.press.sk/administrator/images/newsletter_settings.png,https://web.archive.org/web/20231116012724/https://www.press.sk/administrator/images/newsletter_settings.png,20231116012724,skip
https://www.press.sk/administrator/images/newsletter_settings.png,https://web.archive.org/web/20240507235032/https://www.press.sk/administrator/images/newsletter_settings.png,20240507235032,skip
https://www.press.sk/administrator/images/newsletter_settings.png,https://web.archive.org/web/20251018104554/https://www.press.sk/administrator/images/newsletter_settings.png,20251018104554,skip
https://www.press.sk/administrator/images/orders/payment/ps_paylike.png,https://web.archive.org/web/20200223191244/https://www.press.sk/administrator/images/orders/payment/ps_paylike.png,20200223191244,skip
https://www.press.sk/administrator/images/orders/payment/ps_paylike.png,https://web.archive.org/web/20201010192932/https://www.press.sk/administrator/images/orders/payment/ps_paylike.png,20201010192932,skip
https://www.press.sk/administrator/images/orders/payment/ps_paylike.png,https://web.archive.org/web/20210121151506/https://www.press.sk/administrator/images/orders/payment/ps_paylike.png,20210121151506,skip
https://www.press.sk/administrator/images/orders/payment/ps_paylike.png,https://web.archive.org/web/20210429105354/https://www.press.sk/administrator/images/orders/payment/ps_paylike.png,20210429105354,skip
https://www.press.sk/administrator/images/orders/payment/ps_paylike.png,https://web.archive.org/web/20210517043622/https://www.press.sk/administrator/images/orders/payment/ps_paylike.png,20210517043622,skip
https://www.press.sk/administrator/images/orders/payment/ps_paylike.png,https://web.archive.org/web/20231116012724/https://www.press.sk/administrator/images/orders/payment/ps_paylike.png,20231116012724,skip
https://www.press.sk/administrator/images/orders/payment/ps_paylike.png,https://web.archive.org/web/20240507235035/https://www.press.sk/administrator/images/orders/payment/ps_paylike.png,20240507235035,skip
https://www.press.sk/administrator/images/orders/payment/ps_paylike.png,https://web.archive.org/web/20251018104556/https://www.press.sk/administrator/images/orders/payment/ps_paylike.png,20251018104556,skip
https://www.press.sk/administrator/images/unavailable_product.svg,https://web.archive.org/web/20171115030452/https://www.press.sk/administrator/images/unavailable_product.svg,20171115030452,skip
https://www.press.sk/administrator/images/unavailable_product.svg,https://web.archive.org/web/20181001051122/https://www.press.sk/administrator/images/unavailable_product.svg,20181001051122,skip
https://www.press.sk/administrator/images/unavailable_product.svg,https://web.archive.org/web/20200107103839/https://www.press.sk/administrator/images/unavailable_product.svg,20200107103839,skip
https://www.press.sk/administrator/images/unavailable_product.svg,https://web.archive.org/web/20201010192928/https://www.press.sk/administrator/images/unavailable_product.svg,20201010192928,skip
https://www.press.sk/administrator/images/unavailable_product.svg,https://web.archive.org/web/20210121151503/https://www.press.sk/administrator/images/unavailable_product.svg,20210121151503,skip
https://www.press.sk/administrator/images/unavailable_product.svg,https://web.archive.org/web/20210429105355/https://www.press.sk/administrator/images/unavailable_product.svg,20210429105355,skip
https://www.press.sk/administrator/images/unavailable_product.svg,https://web.archive.org/web/20210517043622/https://www.press.sk/administrator/images/unavailable_product.svg,20210517043622,skip
https://www.press.sk/administrator/images/unavailable_product.svg,https://web.archive.org/web/20231116012714/https://www.press.sk/administrator/images/unavailable_product.svg,20231116012714,skip
https://www.press.sk/administrator/images/unavailable_product.svg,https://web.archive.org/web/20240507235029/https://www.press.sk/administrator/images/unavailable_product.svg,20240507235029,skip
https://www.press.sk/administrator/images/unavailable_product.svg,https://web.archive.org/web/20251018104556/https://www.press.sk/administrator/images/unavailable_product.svg,20251018104556,skip
http://www.press.sk/aerohobby/,https://web.archive.org/web/20130511022437/http://www.press.sk/aerohobby/,20130511022437,skip
http://www.press.sk:80/aerohobby/,https://web.archive.org/web/20130727032920/http://www.press.sk:80/aerohobby/,20130727032920,skip
http://www.press.sk:80/aerohobby/,https://web.archive.org/web/20140110120858/http://www.press.sk:80/aerohobby/,20140110120858,skip
http://www.press.sk:80/aerohobby,https://web.archive.org/web/20150131064821/http://www.press.sk:80/aerohobby,20150131064821,skip
http://www.press.sk:80/aerohobby/,https://web.archive.org/web/20150203032328/http://www.press.sk:80/aerohobby/,20150203032328,skip
http://www.press.sk:80/aerohobby/,https://web.archive.org/web/20150910123815/http://www.press.sk:80/aerohobby/,20150910123815,skip
http://www.press.sk/aerohobby/,https://web.archive.org/web/20160407093341/http://www.press.sk/aerohobby/,20160407093341,skip
http://www.press.sk:80/aerohobby/,https://web.archive.org/web/20160511004357/http://www.press.sk:80/aerohobby/,20160511004357,skip
http://www.press.sk:80/aerohobby/,https://web.archive.org/web/20161001193257/http://www.press.sk:80/aerohobby/,20161001193257,skip
http://www.press.sk/aerohobby/,https://web.archive.org/web/20161104065932/http://www.press.sk/aerohobby/,20161104065932,skip
https://www.press.sk/aerohobby/,https://web.archive.org/web/20190826033305/https://www.press.sk/aerohobby/,20190826033305,skip
https://www.press.sk/aerohobby/,https://web.archive.org/web/20191019104904/https://www.press.sk/aerohobby/,20191019104904,skip
https://www.press.sk/aerohobby/,https://web.archive.org/web/20191206231955/https://www.press.sk/aerohobby/,20191206231955,skip
https://www.press.sk/aerohobby/,https://web.archive.org/web/20221212000254/https://www.press.sk/aerohobby/,20221212000254,skip
https://www.press.sk/aerohobby/,https://web.archive.org/web/20230311055243/https://www.press.sk/aerohobby/,20230311055243,skip
https://www.press.sk/aerohobby/,https://web.archive.org/web/20230624065721/https://www.press.sk/aerohobby/,20230624065721,skip
http://www.press.sk/aerohobby/aerohobby/,https://web.archive.org/web/20130623042125/http://www.press.sk/aerohobby/aerohobby/,20130623042125,skip
http://www.press.sk:80/aerohobby/aerohobby/,https://web.archive.org/web/20150203024438/http://www.press.sk:80/aerohobby/aerohobby/,20150203024438,skip
http://www.press.sk/aerohobby/aerohobby/,https://web.archive.org/web/20160319091439/http://www.press.sk/aerohobby/aerohobby/,20160319091439,skip
http://www.press.sk/aerohobby/aerohobby/,https://web.archive.org/web/20160328120752/http://www.press.sk/aerohobby/aerohobby/,20160328120752,skip
http://www.press.sk:80/aerohobby/aerohobby/,https://web.archive.org/web/20160720050858/http://www.press.sk:80/aerohobby/aerohobby/,20160720050858,skip
http://www.press.sk/aerohobby/aerohobby/,https://web.archive.org/web/20170415025916/http://www.press.sk/aerohobby/aerohobby/,20170415025916,skip
https://www.press.sk/aerohobby/aerohobby/,https://web.archive.org/web/20190724005814/https://www.press.sk/aerohobby/aerohobby/,20190724005814,skip
https://www.press.sk/aerohobby/aerohobby/,https://web.archive.org/web/20190820060716/https://www.press.sk/aerohobby/aerohobby/,20190820060716,skip
https://www.press.sk/aerohobby/aerohobby/,https://web.archive.org/web/20191017060316/https://www.press.sk/aerohobby/aerohobby/,20191017060316,skip
https://www.press.sk/aerohobby/aerohobby/,https://web.archive.org/web/20191019111710/https://www.press.sk/aerohobby/aerohobby/,20191019111710,skip
https://www.press.sk/aerohobby/aerohobby/,https://web.archive.org/web/20230319015235/https://www.press.sk/aerohobby/aerohobby/,20230319015235,skip
http://www.press.sk/aerohobby/aerohobby-42012/,https://web.archive.org/web/20130623012550/http://www.press.sk/aerohobby/aerohobby-42012/,20130623012550,skip
http://www.press.sk:80/aerohobby/aerohobby-42012/,https://web.archive.org/web/20150204025032/http://www.press.sk:80/aerohobby/aerohobby-42012/,20150204025032,skip
http://www.press.sk/aerohobby/aerohobby-42012/,https://web.archive.org/web/20170415030842/http://www.press.sk/aerohobby/aerohobby-42012/,20170415030842,skip
http://www.press.sk/aerohobby/aerohobby-52012/,https://web.archive.org/web/20130623015825/http://www.press.sk/aerohobby/aerohobby-52012/,20130623015825,skip
http://www.press.sk:80/aerohobby/aerohobby-52012/,https://web.archive.org/web/20150204025616/http://www.press.sk:80/aerohobby/aerohobby-52012/,20150204025616,skip
http://www.press.sk/aerohobby/aerohobby-52012/,https://web.archive.org/web/20170414170732/http://www.press.sk/aerohobby/aerohobby-52012/,20170414170732,skip
http://www.press.sk/aerohobby/aerohobby-c.012013/,https://web.archive.org/web/20130623023313/http://www.press.sk/aerohobby/aerohobby-c.012013/,20130623023313,skip
http://www.press.sk:80/aerohobby/aerohobby-c.012013/,https://web.archive.org/web/20150203024413/http://www.press.sk:80/aerohobby/aerohobby-c.012013/,20150203024413,skip
http://www.press.sk/aerohobby/aerohobby-c.012013/,https://web.archive.org/web/20170414205558/http://www.press.sk/aerohobby/aerohobby-c.012013/,20170414205558,skip
http://www.press.sk:80/aerohobby/aerohobby-c.012014/,https://web.archive.org/web/20150203032313/http://www.press.sk:80/aerohobby/aerohobby-c.012014/,20150203032313,skip
http://www.press.sk:80/aerohobby/aerohobby-c.012015/,https://web.archive.org/web/20150203032637/http://www.press.sk:80/aerohobby/aerohobby-c.012015/,20150203032637,skip
http://www.press.sk/aerohobby/aerohobby-c.012016/,https://web.archive.org/web/20170415031038/http://www.press.sk/aerohobby/aerohobby-c.012016/,20170415031038,skip
http://www.press.sk/aerohobby/aerohobby-c.022013/,https://web.archive.org/web/20130623044943/http://www.press.sk/aerohobby/aerohobby-c.022013/,20130623044943,skip
http://www.press.sk:80/aerohobby/aerohobby-c.022013/,https://web.archive.org/web/20150203032645/http://www.press.sk:80/aerohobby/aerohobby-c.022013/,20150203032645,skip
http://www.press.sk:80/aerohobby/aerohobby-c.022014/,https://web.archive.org/web/20150204025631/http://www.press.sk:80/aerohobby/aerohobby-c.022014/,20150204025631,skip
http://www.press.sk/aerohobby/aerohobby-c.022014/,https://web.archive.org/web/20170414150730/http://www.press.sk/aerohobby/aerohobby-c.022014/,20170414150730,skip
http://www.press.sk/aerohobby/aerohobby-c.022015/,https://web.archive.org/web/20170414205848/http://www.press.sk/aerohobby/aerohobby-c.022015/,20170414205848,skip
http://www.press.sk/aerohobby/aerohobby-c.022016/,https://web.archive.org/web/20170415000407/http://www.press.sk/aerohobby/aerohobby-c.022016/,20170415000407,skip
http://www.press.sk:80/aerohobby/aerohobby-c.032013/,https://web.archive.org/web/20150203032333/http://www.press.sk:80/aerohobby/aerohobby-c.032013/,20150203032333,skip
http://www.press.sk/aerohobby/aerohobby-c.032013/,https://web.archive.org/web/20170415032133/http://www.press.sk/aerohobby/aerohobby-c.032013/,20170415032133,skip
http://www.press.sk:80/aerohobby/aerohobby-c.032014/,https://web.archive.org/web/20150204025637/http://www.press.sk:80/aerohobby/aerohobby-c.032014/,20150204025637,skip
http://www.press.sk/aerohobby/aerohobby-c.032014/,https://web.archive.org/web/20170414222911/http://www.press.sk/aerohobby/aerohobby-c.032014/,20170414222911,skip
http://www.press.sk:80/aerohobby/aerohobby-c.042013/,https://web.archive.org/web/20150203030936/http://www.press.sk:80/aerohobby/aerohobby-c.042013/,20150203030936,skip
http://www.press.sk/aerohobby/aerohobby-c.042013/,https://web.archive.org/web/20170414210852/http://www.press.sk/aerohobby/aerohobby-c.042013/,20170414210852,skip
http://www.press.sk:80/aerohobby/aerohobby-c.042014/,https://web.archive.org/web/20150204025652/http://www.press.sk:80/aerohobby/aerohobby-c.042014/,20150204025652,skip
http://www.press.sk/aerohobby/aerohobby-c.042014/,https://web.archive.org/web/20170414210022/http://www.press.sk/aerohobby/aerohobby-c.042014/,20170414210022,skip
http://www.press.sk/aerohobby/aerohobby-c.042015/,https://web.archive.org/web/20170414210403/http://www.press.sk/aerohobby/aerohobby-c.042015/,20170414210403,skip
http://www.press.sk:80/aerohobby/aerohobby-c.052013/,https://web.archive.org/web/20150203032352/http://www.press.sk:80/aerohobby/aerohobby-c.052013/,20150203032352,skip
http://www.press.sk:80/aerohobby/aerohobby-c.052014/,https://web.archive.org/web/20150203032416/http://www.press.sk:80/aerohobby/aerohobby-c.052014/,20150203032416,skip
http://www.press.sk/aerohobby/aerohobby-c.052014/,https://web.archive.org/web/20170414215942/http://www.press.sk/aerohobby/aerohobby-c.052014/,20170414215942,skip
http://www.press.sk/aerohobby/aerohobby-c.052015/,https://web.archive.org/web/20170415031545/http://www.press.sk/aerohobby/aerohobby-c.052015/,20170415031545,skip
http://www.press.sk/aerohobby/aerohobby-c.052016/,https://web.archive.org/web/20170414172245/http://www.press.sk/aerohobby/aerohobby-c.052016/,20170414172245,skip
http://www.press.sk:80/aerohobby/aerohobby-c.062013/,https://web.archive.org/web/20150203032709/http://www.press.sk:80/aerohobby/aerohobby-c.062013/,20150203032709,skip
http://www.press.sk/aerohobby/aerohobby-c.062013/,https://web.archive.org/web/20170415031607/http://www.press.sk/aerohobby/aerohobby-c.062013/,20170415031607,skip
http://www.press.sk/aerohobby/aerohobby-c.12012/,https://web.archive.org/web/20130623014942/http://www.press.sk/aerohobby/aerohobby-c.12012/,20130623014942,skip
http://www.press.sk:80/aerohobby/aerohobby-c.12012/,https://web.archive.org/web/20150204025657/http://www.press.sk:80/aerohobby/aerohobby-c.12012/,20150204025657,skip
http://www.press.sk/aerohobby/aerohobby-c.12012/,https://web.archive.org/web/20170415031413/http://www.press.sk/aerohobby/aerohobby-c.12012/,20170415031413,skip
http://www.press.sk/aerohobby/aerohobby-c.22012/,https://web.archive.org/web/20130623040946/http://www.press.sk/aerohobby/aerohobby-c.22012/,20130623040946,skip
http://www.press.sk:80/aerohobby/aerohobby-c.22012/,https://web.archive.org/web/20150203032423/http://www.press.sk:80/aerohobby/aerohobby-c.22012/,20150203032423,skip
http://www.press.sk/aerohobby/aerohobby-c.22012/,https://web.archive.org/web/20170414211850/http://www.press.sk/aerohobby/aerohobby-c.22012/,20170414211850,skip
http://www.press.sk/aerohobby/aerohobby-c.32012/,https://web.archive.org/web/20130623042139/http://www.press.sk/aerohobby/aerohobby-c.32012/,20130623042139,skip
http://www.press.sk:80/aerohobby/aerohobby-c.32012/,https://web.archive.org/web/20150204025119/http://www.press.sk:80/aerohobby/aerohobby-c.32012/,20150204025119,skip
http://www.press.sk/aerohobby/aerohobby-c.32012/,https://web.archive.org/web/20170414210119/http://www.press.sk/aerohobby/aerohobby-c.32012/,20170414210119,skip
http://www.press.sk/aerohobby/aerohobby-c.62012/,https://web.archive.org/web/20130623045611/http://www.press.sk/aerohobby/aerohobby-c.62012/,20130623045611,skip
http://www.press.sk:80/aerohobby/aerohobby-c.62012/,https://web.archive.org/web/20150203031002/http://www.press.sk:80/aerohobby/aerohobby-c.62012/,20150203031002,skip
http://www.press.sk/aerohobby/aerohobby-c.62012/,https://web.archive.org/web/20170414150555/http://www.press.sk/aerohobby/aerohobby-c.62012/,20170414150555,skip
http://www.press.sk:80/aerohobby/aerohobby-c.62014/,https://web.archive.org/web/20150203024419/http://www.press.sk:80/aerohobby/aerohobby-c.62014/,20150203024419,skip
http://www.press.sk/aerohobby/aerohobby-c.62014/,https://web.archive.org/web/20170414195845/http://www.press.sk/aerohobby/aerohobby-c.62014/,20170414195845,skip
https://www.press.sk/aerohobby/aerohobby/?utm_source=newsletter&utm_campaign=Januar_2014&utm_medium=archive,https://web.archive.org/web/20190821050802/https://www.press.sk/aerohobby/aerohobby/?utm_source=newsletter&utm_campaign=Januar_2014&utm_medium=archive,20190821050802,skip
https://www.press.sk/aerohobby/aerohobby/?utm_source=newsletter&utm_campaign=November_2013&utm_medium=archive,https://web.archive.org/web/20190821051609/https://www.press.sk/aerohobby/aerohobby/?utm_source=newsletter&utm_campaign=November_2013&utm_medium=archive,20190821051609,skip
http://www.press.sk/aerohobby/lk-max-2017/,https://web.archive.org/web/20170415031405/http://www.press.sk/aerohobby/lk-max-2017/,20170415031405,skip
"http://www.press.sk/aerohobby/o,a,30,30/","https://web.archive.org/web/20170414183817/http://www.press.sk/aerohobby/o,a,30,30/",20170414183817,skip
http://www.press.sk:80/aeskulap-pre-lekarov-a-odbornu-verejnost/,https://web.archive.org/web/20150901182137/http://www.press.sk:80/aeskulap-pre-lekarov-a-odbornu-verejnost/,20150901182137,skip
http://www.press.sk/aeskulap-pre-lekarov-a-odbornu-verejnost/,https://web.archive.org/web/20160802161342/http://www.press.sk/aeskulap-pre-lekarov-a-odbornu-verejnost/,20160802161342,skip
http://www.press.sk:80/aeskulap-pre-lekarov-a-odbornu-verejnost,https://web.archive.org/web/20170109195720/http://www.press.sk:80/aeskulap-pre-lekarov-a-odbornu-verejnost,20170109195720,skip
http://www.press.sk:80/aeskulap-pre-lekarov-a-odbornu-verejnost/,https://web.archive.org/web/20170114184957/http://www.press.sk:80/aeskulap-pre-lekarov-a-odbornu-verejnost/,20170114184957,skip
https://www.press.sk/akcia/,https://web.archive.org/web/20191015070324/https://www.press.sk/akcia/,20191015070324,skip
https://www.press.sk/akcia/,https://web.archive.org/web/20230311055322/https://www.press.sk/akcia/,20230311055322,skip
http://www.press.sk:80/akcie/,https://web.archive.org/web/20081023181342/http://www.press.sk:80/akcie/,20081023181342,skip
http://www.press.sk:80/akcie/,https://web.archive.org/web/20081101031230/http://www.press.sk:80/akcie/,20081101031230,skip
http://www.press.sk:80/akcie/,https://web.archive.org/web/20081101031230/http://www.press.sk:80/akcie/,20081101031230,skip
http://www.press.sk:80/akcie/,https://web.archive.org/web/20081217074115/http://www.press.sk:80/akcie/,20081217074115,skip
http://www.press.sk:80/akcie,https://web.archive.org/web/20090125012807/http://www.press.sk:80/akcie,20090125012807,skip
http://www.press.sk:80/akcie/,https://web.archive.org/web/20090215175020/http://www.press.sk:80/akcie/,20090215175020,skip
http://www.press.sk:80/akcie,https://web.archive.org/web/20090224202018/http://www.press.sk:80/akcie,20090224202018,skip
http://www.press.sk:80/akcie,https://web.archive.org/web/20090327124845/http://www.press.sk:80/akcie,20090327124845,skip
http://www.press.sk:80/akcie/,https://web.archive.org/web/20090417044022/http://www.press.sk:80/akcie/,20090417044022,skip
http://www.press.sk:80/akcie,https://web.archive.org/web/20090428020234/http://www.press.sk:80/akcie,20090428020234,skip
http://www.press.sk:80/akcie,https://web.archive.org/web/20090529054642/http://www.press.sk:80/akcie,20090529054642,skip
http://www.press.sk:80/akcie/,https://web.archive.org/web/20090617043618/http://www.press.sk:80/akcie/,20090617043618,skip
http://www.press.sk:80/akcie/,https://web.archive.org/web/20090817143113/http://www.press.sk:80/akcie/,20090817143113,skip
http://www.press.sk:80/akcie/,https://web.archive.org/web/20091017164954/http://www.press.sk:80/akcie/,20091017164954,skip
http://www.press.sk:80/akcie/,https://web.archive.org/web/20091217091327/http://www.press.sk:80/akcie/,20091217091327,skip
http://www.press.sk:80/akcie/,https://web.archive.org/web/20091217091327/http://www.press.sk:80/akcie/,20091217091327,skip
http://www.press.sk:80/akcie,https://web.archive.org/web/20100107135212/http://www.press.sk:80/akcie,20100107135212,skip
http://www.press.sk:80/akcie,https://web.archive.org/web/20100107135212/http://www.press.sk:80/akcie,20100107135212,skip
http://www.press.sk:80/akcie/,https://web.archive.org/web/20100215193438/http://www.press.sk:80/akcie/,20100215193438,skip
http://www.press.sk:80/akcie/,https://web.archive.org/web/20100417091613/http://www.press.sk:80/akcie/,20100417091613,skip
http://www.press.sk:80/akcie/,https://web.archive.org/web/20100417091613/http://www.press.sk:80/akcie/,20100417091613,skip
http://www.press.sk:80/akcie,https://web.archive.org/web/20100503112540/http://www.press.sk:80/akcie,20100503112540,skip
http://www.press.sk:80/akcie,https://web.archive.org/web/20100604015453/http://www.press.sk:80/akcie,20100604015453,skip
http://www.press.sk:80/akcie/,https://web.archive.org/web/20100616213620/http://www.press.sk:80/akcie/,20100616213620,skip
http://www.press.sk:80/akcie,https://web.archive.org/web/20100707115534/http://www.press.sk:80/akcie,20100707115534,skip
http://www.press.sk:80/akcie/,https://web.archive.org/web/20100816223112/http://www.press.sk:80/akcie/,20100816223112,skip
http://www.press.sk:80/akcie,https://web.archive.org/web/20100823223248/http://www.press.sk:80/akcie,20100823223248,skip
http://www.press.sk:80/akcie,https://web.archive.org/web/20100923234906/http://www.press.sk:80/akcie,20100923234906,skip
http://www.press.sk:80/akcie/,https://web.archive.org/web/20101016131919/http://www.press.sk:80/akcie/,20101016131919,skip
http://www.press.sk:80/akcie,https://web.archive.org/web/20101110084631/http://www.press.sk:80/akcie,20101110084631,skip
http://www.press.sk:80/akcie,https://web.archive.org/web/20101211175006/http://www.press.sk:80/akcie,20101211175006,skip
http://www.press.sk:80/akcie/,https://web.archive.org/web/20101216164902/http://www.press.sk:80/akcie/,20101216164902,skip
http://www.press.sk:80/akcie,https://web.archive.org/web/20110114213414/http://www.press.sk:80/akcie,20110114213414,skip
http://www.press.sk:80/akcie/,https://web.archive.org/web/20110215123423/http://www.press.sk:80/akcie/,20110215123423,skip
http://www.press.sk:80/akcie,https://web.archive.org/web/20110414233418/http://www.press.sk:80/akcie,20110414233418,skip
http://www.press.sk:80/akcie,https://web.archive.org/web/20110416032944/http://www.press.sk:80/akcie,20110416032944,skip
http://www.press.sk:80/akcie/,https://web.archive.org/web/20110417014536/http://www.press.sk:80/akcie/,20110417014536,skip
http://www.press.sk:80/akcie,https://web.archive.org/web/20110517211432/http://www.press.sk:80/akcie,20110517211432,skip
http://www.press.sk:80/akcie/,https://web.archive.org/web/20110617073018/http://www.press.sk:80/akcie/,20110617073018,skip
http://www.press.sk:80/akcie/,https://web.archive.org/web/20110817090340/http://www.press.sk:80/akcie/,20110817090340,skip
http://www.press.sk:80/akcie/,https://web.archive.org/web/20111019024306/http://www.press.sk:80/akcie/,20111019024306,skip
http://www.press.sk:80/akcie/,https://web.archive.org/web/20111218190853/http://www.press.sk:80/akcie/,20111218190853,skip
http://www.press.sk/akcie/,https://web.archive.org/web/20120208152902/http://www.press.sk/akcie/,20120208152902,skip
http://www.press.sk:80/akcie/,https://web.archive.org/web/20120217084825/http://www.press.sk:80/akcie/,20120217084825,skip
http://www.press.sk/akcie/,https://web.archive.org/web/20120307113118/http://www.press.sk/akcie/,20120307113118,skip
http://www.press.sk:80/akcie/,https://web.archive.org/web/20120418030156/http://www.press.sk:80/akcie/,20120418030156,skip
http://www.press.sk:80/akcie/,https://web.archive.org/web/20120617202236/http://www.press.sk:80/akcie/,20120617202236,skip
http://www.press.sk:80/akcie,https://web.archive.org/web/20120702112459/http://www.press.sk:80/akcie,20120702112459,skip
http://www.press.sk:80/akcie/,https://web.archive.org/web/20120817133150/http://www.press.sk:80/akcie/,20120817133150,skip
http://www.press.sk:80/akcie,https://web.archive.org/web/20120826192413/http://www.press.sk:80/akcie,20120826192413,skip
http://www.press.sk:80/akcie/,https://web.archive.org/web/20121017235327/http://www.press.sk:80/akcie/,20121017235327,skip
http://www.press.sk:80/akcie,https://web.archive.org/web/20121103185830/http://www.press.sk:80/akcie,20121103185830,skip
http://www.press.sk:80/akcie/,https://web.archive.org/web/20121217201247/http://www.press.sk:80/akcie/,20121217201247,skip
http://www.press.sk:80/akcie,https://web.archive.org/web/20121228213831/http://www.press.sk:80/akcie,20121228213831,skip
http://www.press.sk:80/akcie/,https://web.archive.org/web/20130217163918/http://www.press.sk:80/akcie/,20130217163918,skip
http://www.press.sk:80/akcie,https://web.archive.org/web/20130330054422/http://www.press.sk:80/akcie,20130330054422,skip
http://www.press.sk/akcie/,https://web.archive.org/web/20130425061326/http://www.press.sk/akcie/,20130425061326,skip
http://www.press.sk:80/akcie/,https://web.archive.org/web/20130510202227/http://www.press.sk:80/akcie/,20130510202227,skip
http://www.press.sk:80/akcie,https://web.archive.org/web/20130530180814/http://www.press.sk:80/akcie,20130530180814,skip
http://www.press.sk:80/akcie/,https://web.archive.org/web/20130711075441/http://www.press.sk:80/akcie/,20130711075441,skip
http://www.press.sk/akcie/,https://web.archive.org/web/20130906155222/http://www.press.sk/akcie/,20130906155222,skip
http://www.press.sk:80/akcie/,https://web.archive.org/web/20130910044633/http://www.press.sk:80/akcie/,20130910044633,skip
http://www.press.sk:80/akcie/,https://web.archive.org/web/20131109180934/http://www.press.sk:80/akcie/,20131109180934,skip
http://www.press.sk:80/akcie/,https://web.archive.org/web/20140109074746/http://www.press.sk:80/akcie/,20140109074746,skip
http://www.press.sk/akcie/,https://web.archive.org/web/20140117045410/http://www.press.sk/akcie/,20140117045410,skip
http://www.press.sk/akcie/,https://web.archive.org/web/20140214095639/http://www.press.sk/akcie/,20140214095639,skip
http://www.press.sk:80/akcie/,https://web.archive.org/web/20140311052538/http://www.press.sk:80/akcie/,20140311052538,skip
http://www.press.sk:80/akcie/,https://web.archive.org/web/20140506170453/http://www.press.sk:80/akcie/,20140506170453,skip
http://www.press.sk:80/akcie/,https://web.archive.org/web/20140706121231/http://www.press.sk:80/akcie/,20140706121231,skip
http://www.press.sk/akcie/,https://web.archive.org/web/20140813014104/http://www.press.sk/akcie/,20140813014104,skip
http://www.press.sk/akcie/,https://web.archive.org/web/20140818185059/http://www.press.sk/akcie/,20140818185059,skip
http://www.press.sk:80/akcie/,https://web.archive.org/web/20140905012844/http://www.press.sk:80/akcie/,20140905012844,skip
http://www.press.sk:80/akcie/,https://web.archive.org/web/20141006014642/http://www.press.sk:80/akcie/,20141006014642,skip
http://www.press.sk:80/akcie/,https://web.archive.org/web/20141208004145/http://www.press.sk:80/akcie/,20141208004145,skip
http://www.press.sk/akcie/,https://web.archive.org/web/20150204002041/http://www.press.sk/akcie/,20150204002041,skip
http://www.press.sk:80/akcie/,https://web.archive.org/web/20150304045135/http://www.press.sk:80/akcie/,20150304045135,skip
http://www.press.sk:80/akcie,https://web.archive.org/web/20150411005405/http://www.press.sk:80/akcie,20150411005405,skip
http://www.press.sk:80/akcie,https://web.archive.org/web/20150412090654/http://www.press.sk:80/akcie,20150412090654,skip
http://www.press.sk/akcie/,https://web.archive.org/web/20150418192524/http://www.press.sk/akcie/,20150418192524,skip
http://www.press.sk:80/akcie/,https://web.archive.org/web/20150504015728/http://www.press.sk:80/akcie/,20150504015728,skip
http://www.press.sk:80/akcie/,https://web.archive.org/web/20150505143430/http://www.press.sk:80/akcie/,20150505143430,skip
http://www.press.sk:80/akcie/,https://web.archive.org/web/20150509194031/http://www.press.sk:80/akcie/,20150509194031,skip
http://www.press.sk:80/akcie,https://web.archive.org/web/20150515065712/http://www.press.sk:80/akcie,20150515065712,skip
http://www.press.sk:80/akcie,https://web.archive.org/web/20150617041228/http://www.press.sk:80/akcie,20150617041228,skip
http://www.press.sk:80/akcie/,https://web.archive.org/web/20150709105607/http://www.press.sk:80/akcie/,20150709105607,skip
http://www.press.sk:80/akcie,https://web.archive.org/web/20150717124112/http://www.press.sk:80/akcie,20150717124112,skip
http://www.press.sk/akcie/,https://web.archive.org/web/20150811233017/http://www.press.sk/akcie/,20150811233017,skip
http://www.press.sk:80/akcie,https://web.archive.org/web/20150817063449/http://www.press.sk:80/akcie,20150817063449,skip
http://www.press.sk:80/akcie/,https://web.archive.org/web/20150907181435/http://www.press.sk:80/akcie/,20150907181435,skip
http://www.press.sk:80/akcie,https://web.archive.org/web/20150917050103/http://www.press.sk:80/akcie,20150917050103,skip
http://www.press.sk:80/akcie/,https://web.archive.org/web/20151107124824/http://www.press.sk:80/akcie/,20151107124824,skip
http://www.press.sk:80/akcie/,https://web.archive.org/web/20160107030817/http://www.press.sk:80/akcie/,20160107030817,skip
http://www.press.sk/akcie/,https://web.archive.org/web/20160207183414/http://www.press.sk/akcie/,20160207183414,skip
http://www.press.sk:80/akcie/,https://web.archive.org/web/20160308034716/http://www.press.sk:80/akcie/,20160308034716,skip
http://www.press.sk/akcie/,https://web.archive.org/web/20160324111954/http://www.press.sk/akcie/,20160324111954,skip
http://www.press.sk:80/akcie,https://web.archive.org/web/20160331204339/http://www.press.sk:80/akcie,20160331204339,skip
http://www.press.sk/akcie/,https://web.archive.org/web/20160403111458/http://www.press.sk/akcie/,20160403111458,skip
http://www.press.sk:80/akcie/,https://web.archive.org/web/20160508110915/http://www.press.sk:80/akcie/,20160508110915,skip
http://www.press.sk:80/akcie,https://web.archive.org/web/20160511015952/http://www.press.sk:80/akcie,20160511015952,skip
http://www.press.sk:80/akcie/,https://web.archive.org/web/20160708062004/http://www.press.sk:80/akcie/,20160708062004,skip
http://www.press.sk:80/akcie/,https://web.archive.org/web/20160907205852/http://www.press.sk:80/akcie/,20160907205852,skip
http://www.press.sk/akcie/,https://web.archive.org/web/20161030104914/http://www.press.sk/akcie/,20161030104914,skip
http://www.press.sk:80/akcie/,https://web.archive.org/web/20161107113929/http://www.press.sk:80/akcie/,20161107113929,skip
http://www.press.sk:80/akcie/,https://web.archive.org/web/20161108195141/http://www.press.sk:80/akcie/,20161108195141,skip
http://www.press.sk:80/akcie/,https://web.archive.org/web/20161122115516/http://www.press.sk:80/akcie/,20161122115516,skip
http://www.press.sk:80/akcie/,https://web.archive.org/web/20170125153817/http://www.press.sk:80/akcie/,20170125153817,skip
http://www.press.sk:80/akcie/,https://web.archive.org/web/20170328025559/http://www.press.sk:80/akcie/,20170328025559,skip
http://www.press.sk:80/akcie,https://web.archive.org/web/20170509065904/http://www.press.sk:80/akcie,20170509065904,skip
http://www.press.sk:80/akcie/,https://web.archive.org/web/20170527212957/http://www.press.sk:80/akcie/,20170527212957,skip
http://www.press.sk/akcie/,https://web.archive.org/web/20170606121745/http://www.press.sk/akcie/,20170606121745,skip
http://www.press.sk:80/akcie,https://web.archive.org/web/20170609150416/http://www.press.sk:80/akcie,20170609150416,skip
https://www.press.sk/akcie/,https://web.archive.org/web/20190819105526/https://www.press.sk/akcie/,20190819105526,skip
https://www.press.sk/akcie/,https://web.archive.org/web/20191019104526/https://www.press.sk/akcie/,20191019104526,skip
https://www.press.sk/akcie/,https://web.archive.org/web/20191114173913/https://www.press.sk/akcie/,20191114173913,skip
https://www.press.sk/akcie/,https://web.archive.org/web/20221212000311/https://www.press.sk/akcie/,20221212000311,skip
https://www.press.sk/akcie/,https://web.archive.org/web/20230311055242/https://www.press.sk/akcie/,20230311055242,skip
https://www.press.sk/akcie/,https://web.archive.org/web/20230624092649/https://www.press.sk/akcie/,20230624092649,skip
https://www.press.sk/akcie/,https://web.archive.org/web/20240523113944/https://www.press.sk/akcie/,20240523113944,skip
https://www.press.sk/akcie/auta-mater-na-mesiaci-a-ine-historky/,https://web.archive.org/web/20190918204207/https://www.press.sk/akcie/auta-mater-na-mesiaci-a-ine-historky/,20190918204207,skip
https://www.press.sk/akcie/macko-puf-medova-dobrodruzstva/,https://web.archive.org/web/20190918204717/https://www.press.sk/akcie/macko-puf-medova-dobrodruzstva/,20190918204717,skip
https://www.press.sk/akcie/nordic/,https://web.archive.org/web/20191210045805/https://www.press.sk/akcie/nordic/,20191210045805,skip
https://www.press.sk/akcie/tomas-a-jeho-kamarati-velka-kniha-zabavy/,https://web.archive.org/web/20190916210542/https://www.press.sk/akcie/tomas-a-jeho-kamarati-velka-kniha-zabavy/,20190916210542,skip
https://www.press.sk/akcne-a-dobrodruzne/,https://web.archive.org/web/20170731041909/https://www.press.sk/akcne-a-dobrodruzne/,20170731041909,skip
https://www.press.sk/akcne-a-dobrodruzne/,https://web.archive.org/web/20190718202933/https://www.press.sk/akcne-a-dobrodruzne/,20190718202933,skip
https://www.press.sk/akcne-a-dobrodruzne/,https://web.archive.org/web/20190923141637/https://www.press.sk/akcne-a-dobrodruzne/,20190923141637,skip
https://www.press.sk/akcne-a-dobrodruzne/,https://web.archive.org/web/20191115062049/https://www.press.sk/akcne-a-dobrodruzne/,20191115062049,skip
https://www.press.sk/akcne-a-dobrodruzne/,https://web.archive.org/web/20230311055250/https://www.press.sk/akcne-a-dobrodruzne/,20230311055250,skip
https://www.press.sk/akcne-a-dobrodruzne/72-metru/,https://web.archive.org/web/20190825224221/https://www.press.sk/akcne-a-dobrodruzne/72-metru/,20190825224221,skip
https://www.press.sk/akcne-a-dobrodruzne/72-metru/,https://web.archive.org/web/20190918014445/https://www.press.sk/akcne-a-dobrodruzne/72-metru/,20190918014445,skip
https://www.press.sk/akcne-a-dobrodruzne/72-metru/,https://web.archive.org/web/20191115215311/https://www.press.sk/akcne-a-dobrodruzne/72-metru/,20191115215311,skip
https://www.press.sk/akcne-a-dobrodruzne/ben-10-09.-dvd/,https://web.archive.org/web/20230311055305/https://www.press.sk/akcne-a-dobrodruzne/ben-10-09.-dvd/,20230311055305,skip
https://www.press.sk/akcne-a-dobrodruzne/ben-10-11.-dvd/,https://web.archive.org/web/20230311055302/https://www.press.sk/akcne-a-dobrodruzne/ben-10-11.-dvd/,20230311055302,skip
https://www.press.sk/akcne-a-dobrodruzne/ben-10-12.-dvd/,https://web.archive.org/web/20230311055300/https://www.press.sk/akcne-a-dobrodruzne/ben-10-12.-dvd/,20230311055300,skip
https://www.press.sk/akcne-a-dobrodruzne/ben-10-13.-dvd/,https://web.archive.org/web/20230311055300/https://www.press.sk/akcne-a-dobrodruzne/ben-10-13.-dvd/,20230311055300,skip
https://www.press.sk/akcne-a-dobrodruzne/ben-10-14.-dvd/,https://web.archive.org/web/20230311055300/https://www.press.sk/akcne-a-dobrodruzne/ben-10-14.-dvd/,20230311055300,skip
https://www.press.sk/akcne-a-dobrodruzne/ben-10-15.-dvd/,https://web.archive.org/web/20230311055302/https://www.press.sk/akcne-a-dobrodruzne/ben-10-15.-dvd/,20230311055302,skip
https://www.press.sk/akcne-a-dobrodruzne/ben-10-alien-force-01.-dvd/,https://web.archive.org/web/20230311055303/https://www.press.sk/akcne-a-dobrodruzne/ben-10-alien-force-01.-dvd/,20230311055303,skip
https://www.press.sk/akcne-a-dobrodruzne/ben-10-alien-force-02.-dvd/,https://web.archive.org/web/20230311055300/https://www.press.sk/akcne-a-dobrodruzne/ben-10-alien-force-02.-dvd/,20230311055300,skip
https://www.press.sk/akcne-a-dobrodruzne/ben-10-alien-force-03.-dvd/,https://web.archive.org/web/20230311055300/https://www.press.sk/akcne-a-dobrodruzne/ben-10-alien-force-03.-dvd/,20230311055300,skip
https://www.press.sk/akcne-a-dobrodruzne/ben-10-alien-force-04.-dvd/,https://web.archive.org/web/20230311055258/https://www.press.sk/akcne-a-dobrodruzne/ben-10-alien-force-04.-dvd/,20230311055258,skip
https://www.press.sk/akcne-a-dobrodruzne/ben-10-alien-force-5.-dvd/,https://web.archive.org/web/20230311055258/https://www.press.sk/akcne-a-dobrodruzne/ben-10-alien-force-5.-dvd/,20230311055258,skip
https://www.press.sk/akcne-a-dobrodruzne/kadeti-02.-dvd/,https://web.archive.org/web/20230311055250/https://www.press.sk/akcne-a-dobrodruzne/kadeti-02.-dvd/,20230311055250,skip
https://www.press.sk/akcne-a-dobrodruzne/kadeti-03.-dvd/,https://web.archive.org/web/20230311055250/https://www.press.sk/akcne-a-dobrodruzne/kadeti-03.-dvd/,20230311055250,skip
https://www.press.sk/akcne-a-dobrodruzne/kadeti-05.-dvd/,https://web.archive.org/web/20230311055250/https://www.press.sk/akcne-a-dobrodruzne/kadeti-05.-dvd/,20230311055250,skip
https://www.press.sk/akcne-a-dobrodruzne/kadeti-4.-dvd/,https://web.archive.org/web/20230311055250/https://www.press.sk/akcne-a-dobrodruzne/kadeti-4.-dvd/,20230311055250,skip
https://www.press.sk/akcne-a-dobrodruzne/krev-na-slunci/,https://web.archive.org/web/20230311055250/https://www.press.sk/akcne-a-dobrodruzne/krev-na-slunci/,20230311055250,skip
https://www.press.sk/akcne-a-dobrodruzne/mise-smrti-dvd/,https://web.archive.org/web/20230311055302/https://www.press.sk/akcne-a-dobrodruzne/mise-smrti-dvd/,20230311055302,skip
https://www.press.sk/akcne-a-dobrodruzne/souboj-na-obloze/,https://web.archive.org/web/20190821003604/https://www.press.sk/akcne-a-dobrodruzne/souboj-na-obloze/,20190821003604,skip
https://www.press.sk/akcne-a-dobrodruzne/turecky-gambit-01.-dvd/,https://web.archive.org/web/20190825000847/https://www.press.sk/akcne-a-dobrodruzne/turecky-gambit-01.-dvd/,20190825000847,skip
https://www.press.sk/akcne-a-dobrodruzne/utek-z-pekla/,https://web.archive.org/web/20230311055249/https://www.press.sk/akcne-a-dobrodruzne/utek-z-pekla/,20230311055249,skip
https://www.press.sk/akcne-a-dobrodruzne/vlak-smrti-dvd/,https://web.archive.org/web/20230311055302/https://www.press.sk/akcne-a-dobrodruzne/vlak-smrti-dvd/,20230311055302,skip
https://www.press.sk/ako-nakupovat/,https://web.archive.org/web/20190720205330/https://www.press.sk/ako-nakupovat/,20190720205330,skip
https://www.press.sk/ako-nakupovat/,https://web.archive.org/web/20190923182821/https://www.press.sk/ako-nakupovat/,20190923182821,skip
https://www.press.sk/ako-nakupovat/,https://web.archive.org/web/20191019111519/https://www.press.sk/ako-nakupovat/,20191019111519,skip
https://www.press.sk/ako-nakupovat/,https://web.archive.org/web/20191113004249/https://www.press.sk/ako-nakupovat/,20191113004249,skip
https://www.press.sk/ako-nakupovat/,https://web.archive.org/web/20191214113349/https://www.press.sk/ako-nakupovat/,20191214113349,skip
https://www.press.sk/ako-nakupovat/,https://web.archive.org/web/20221212000254/https://www.press.sk/ako-nakupovat/,20221212000254,skip
https://www.press.sk/ako-nakupovat/,https://web.archive.org/web/20230311055244/https://www.press.sk/ako-nakupovat/,20230311055244,skip
https://www.press.sk/ako-nakupovat/,https://web.archive.org/web/20230624103351/https://www.press.sk/ako-nakupovat/,20230624103351,skip
https://www.press.sk/ako-nakupovat/,https://web.archive.org/web/20240523114054/https://www.press.sk/ako-nakupovat/,20240523114054,skip
http://www.press.sk:80/aktuality/,https://web.archive.org/web/20081020211656/http://www.press.sk:80/aktuality/,20081020211656,skip
http://www.press.sk:80/aktuality/,https://web.archive.org/web/20081023064650/http://www.press.sk:80/aktuality/,20081023064650,skip
http://www.press.sk:80/aktuality/,https://web.archive.org/web/20081108104635/http://www.press.sk:80/aktuality/,20081108104635,skip
http://www.press.sk:80/aktuality/,https://web.archive.org/web/20081217074120/http://www.press.sk:80/aktuality/,20081217074120,skip
http://www.press.sk:80/aktuality,https://web.archive.org/web/20090123025853/http://www.press.sk:80/aktuality,20090123025853,skip
http://www.press.sk:80/aktuality/,https://web.archive.org/web/20090215175052/http://www.press.sk:80/aktuality/,20090215175052,skip
http://www.press.sk:80/aktuality,https://web.archive.org/web/20090224015312/http://www.press.sk:80/aktuality,20090224015312,skip
http://www.press.sk:80/aktuality,https://web.archive.org/web/20090327122514/http://www.press.sk:80/aktuality,20090327122514,skip
http://www.press.sk:80/aktuality/,https://web.archive.org/web/20090417043936/http://www.press.sk:80/aktuality/,20090417043936,skip
http://www.press.sk:80/aktuality,https://web.archive.org/web/20090428002015/http://www.press.sk:80/aktuality,20090428002015,skip
http://www.press.sk:80/aktuality,https://web.archive.org/web/20090529062537/http://www.press.sk:80/aktuality,20090529062537,skip
http://www.press.sk:80/aktuality/,https://web.archive.org/web/20090617043627/http://www.press.sk:80/aktuality/,20090617043627,skip
http://www.press.sk:80/aktuality/,https://web.archive.org/web/20090817143118/http://www.press.sk:80/aktuality/,20090817143118,skip
http://www.press.sk:80/aktuality/,https://web.archive.org/web/20091017164958/http://www.press.sk:80/aktuality/,20091017164958,skip
http://www.press.sk:80/aktuality/,https://web.archive.org/web/20091217091332/http://www.press.sk:80/aktuality/,20091217091332,skip
http://www.press.sk:80/aktuality/,https://web.archive.org/web/20091217091332/http://www.press.sk:80/aktuality/,20091217091332,skip
http://www.press.sk:80/aktuality/,https://web.archive.org/web/20100215193445/http://www.press.sk:80/aktuality/,20100215193445,skip
http://www.press.sk:80/aktuality/,https://web.archive.org/web/20100417091626/http://www.press.sk:80/aktuality/,20100417091626,skip
http://www.press.sk:80/aktuality/,https://web.archive.org/web/20100417091626/http://www.press.sk:80/aktuality/,20100417091626,skip
http://www.press.sk:80/aktuality/,https://web.archive.org/web/20100616213639/http://www.press.sk:80/aktuality/,20100616213639,skip
http://www.press.sk:80/aktuality/,https://web.archive.org/web/20100816223116/http://www.press.sk:80/aktuality/,20100816223116,skip
http://www.press.sk:80/aktuality,https://web.archive.org/web/20100828092339/http://www.press.sk:80/aktuality,20100828092339,skip
http://www.press.sk:80/aktuality,https://web.archive.org/web/20100929182141/http://www.press.sk:80/aktuality,20100929182141,skip
http://www.press.sk:80/aktuality/,https://web.archive.org/web/20101016131925/http://www.press.sk:80/aktuality/,20101016131925,skip
http://www.press.sk:80/aktuality/,https://web.archive.org/web/20101216164908/http://www.press.sk:80/aktuality/,20101216164908,skip
http://www.press.sk:80/aktuality/,https://web.archive.org/web/20110215123806/http://www.press.sk:80/aktuality/,20110215123806,skip
http://www.press.sk:80/aktuality,https://web.archive.org/web/20110414233536/http://www.press.sk:80/aktuality,20110414233536,skip
http://www.press.sk:80/aktuality,https://web.archive.org/web/20110416033009/http://www.press.sk:80/aktuality,20110416033009,skip
http://www.press.sk:80/aktuality/,https://web.archive.org/web/20110417015937/http://www.press.sk:80/aktuality/,20110417015937,skip
http://www.press.sk:80/aktuality,https://web.archive.org/web/20110517203815/http://www.press.sk:80/aktuality,20110517203815,skip
http://www.press.sk:80/aktuality/,https://web.archive.org/web/20110617073025/http://www.press.sk:80/aktuality/,20110617073025,skip
http://www.press.sk/aktuality/,https://web.archive.org/web/20110816032630/http://www.press.sk/aktuality/,20110816032630,skip
http://www.press.sk:80/aktuality/,https://web.archive.org/web/20110817090345/http://www.press.sk:80/aktuality/,20110817090345,skip
http://www.press.sk:80/aktuality/,https://web.archive.org/web/20111019114431/http://www.press.sk:80/aktuality/,20111019114431,skip
http://www.press.sk:80/aktuality/,https://web.archive.org/web/20111218190858/http://www.press.sk:80/aktuality/,20111218190858,skip
http://www.press.sk:80/aktuality/,https://web.archive.org/web/20120217084830/http://www.press.sk:80/aktuality/,20120217084830,skip
http://www.press.sk/aktuality/,https://web.archive.org/web/20120307155856/http://www.press.sk/aktuality/,20120307155856,skip
http://www.press.sk:80/aktuality/,https://web.archive.org/web/20120418030200/http://www.press.sk:80/aktuality/,20120418030200,skip
http://www.press.sk:80/aktuality/,https://web.archive.org/web/20120617210050/http://www.press.sk:80/aktuality/,20120617210050,skip
http://www.press.sk:80/aktuality/,https://web.archive.org/web/20120817133205/http://www.press.sk:80/aktuality/,20120817133205,skip
http://www.press.sk:80/aktuality,https://web.archive.org/web/20121007220540/http://www.press.sk:80/aktuality,20121007220540,skip
http://www.press.sk:80/aktuality/,https://web.archive.org/web/20121017235331/http://www.press.sk:80/aktuality/,20121017235331,skip
http://www.press.sk:80/aktuality,https://web.archive.org/web/20121114134412/http://www.press.sk:80/aktuality,20121114134412,skip
http://www.press.sk:80/aktuality/,https://web.archive.org/web/20121217201251/http://www.press.sk:80/aktuality/,20121217201251,skip
http://www.press.sk:80/aktuality,https://web.archive.org/web/20121229103757/http://www.press.sk:80/aktuality,20121229103757,skip
http://www.press.sk:80/aktuality/,https://web.archive.org/web/20130217171114/http://www.press.sk:80/aktuality/,20130217171114,skip
http://www.press.sk/aktuality/,https://web.archive.org/web/20130425035459/http://www.press.sk/aktuality/,20130425035459,skip
http://www.press.sk:80/aktuality/,https://web.archive.org/web/20130511120205/http://www.press.sk:80/aktuality/,20130511120205,skip
http://www.press.sk:80/aktuality,https://web.archive.org/web/20130529053946/http://www.press.sk:80/aktuality,20130529053946,skip
http://www.press.sk:80/aktuality/,https://web.archive.org/web/20130711075234/http://www.press.sk:80/aktuality/,20130711075234,skip
http://www.press.sk/aktuality/,https://web.archive.org/web/20130906142741/http://www.press.sk/aktuality/,20130906142741,skip
http://www.press.sk:80/aktuality/,https://web.archive.org/web/20130910044636/http://www.press.sk:80/aktuality/,20130910044636,skip
http://www.press.sk:80/aktuality/,https://web.archive.org/web/20131109180935/http://www.press.sk:80/aktuality/,20131109180935,skip
http://www.press.sk:80/aktuality/,https://web.archive.org/web/20140109074750/http://www.press.sk:80/aktuality/,20140109074750,skip
http://www.press.sk/aktuality/,https://web.archive.org/web/20140117010249/http://www.press.sk/aktuality/,20140117010249,skip
http://www.press.sk/aktuality/,https://web.archive.org/web/20140214075611/http://www.press.sk/aktuality/,20140214075611,skip
http://www.press.sk:80/aktuality/,https://web.archive.org/web/20140311052543/http://www.press.sk:80/aktuality/,20140311052543,skip
http://www.press.sk:80/aktuality/,https://web.archive.org/web/20140510193644/http://www.press.sk:80/aktuality/,20140510193644,skip
http://www.press.sk:80/aktuality/,https://web.archive.org/web/20140711010620/http://www.press.sk:80/aktuality/,20140711010620,skip
http://www.press.sk/aktuality/,https://web.archive.org/web/20140812073056/http://www.press.sk/aktuality/,20140812073056,skip
http://www.press.sk:80/aktuality/,https://web.archive.org/web/20140909094746/http://www.press.sk:80/aktuality/,20140909094746,skip
http://www.press.sk:80/aktuality/,https://web.archive.org/web/20141006014646/http://www.press.sk:80/aktuality/,20141006014646,skip
http://www.press.sk:80/aktuality/,https://web.archive.org/web/20141208004149/http://www.press.sk:80/aktuality/,20141208004149,skip
http://www.press.sk:80/aktuality/,https://web.archive.org/web/20150310090800/http://www.press.sk:80/aktuality/,20150310090800,skip
http://www.press.sk/aktuality/,https://web.archive.org/web/20150418175956/http://www.press.sk/aktuality/,20150418175956,skip
http://www.press.sk:80/aktuality/,https://web.archive.org/web/20150509194209/http://www.press.sk:80/aktuality/,20150509194209,skip
http://www.press.sk:80/aktuality/,https://web.archive.org/web/20150711130353/http://www.press.sk:80/aktuality/,20150711130353,skip
http://www.press.sk:80/aktuality/,https://web.archive.org/web/20150909214515/http://www.press.sk:80/aktuality/,20150909214515,skip
http://www.press.sk:80/aktuality/,https://web.archive.org/web/20151109051255/http://www.press.sk:80/aktuality/,20151109051255,skip
http://www.press.sk:80/aktuality/,https://web.archive.org/web/20160110044143/http://www.press.sk:80/aktuality/,20160110044143,skip
http://www.press.sk:80/aktuality/,https://web.archive.org/web/20160311074722/http://www.press.sk:80/aktuality/,20160311074722,skip
http://www.press.sk/aktuality/,https://web.archive.org/web/20160324114253/http://www.press.sk/aktuality/,20160324114253,skip
http://www.press.sk:80/aktuality/,https://web.archive.org/web/20160511122339/http://www.press.sk:80/aktuality/,20160511122339,skip
http://www.press.sk/aktuality/,https://web.archive.org/web/20160623184450/http://www.press.sk/aktuality/,20160623184450,skip
http://www.press.sk:80/aktuality/,https://web.archive.org/web/20160711113129/http://www.press.sk:80/aktuality/,20160711113129,skip
http://www.press.sk:80/aktuality/,https://web.archive.org/web/20160910135645/http://www.press.sk:80/aktuality/,20160910135645,skip
http://www.press.sk/aktuality/,https://web.archive.org/web/20161030104711/http://www.press.sk/aktuality/,20161030104711,skip
http://www.press.sk:80/aktuality/,https://web.archive.org/web/20161110234104/http://www.press.sk:80/aktuality/,20161110234104,skip
http://www.press.sk:80/aktuality/,https://web.archive.org/web/20161207113119/http://www.press.sk:80/aktuality/,20161207113119,skip
http://www.press.sk:80/aktuality/,https://web.archive.org/web/20170205172227/http://www.press.sk:80/aktuality/,20170205172227,skip
http://www.press.sk:80/aktuality/,https://web.archive.org/web/20170410065756/http://www.press.sk:80/aktuality/,20170410065756,skip
http://www.press.sk:80/aktuality,https://web.archive.org/web/20170507140416/http://www.press.sk:80/aktuality,20170507140416,skip
http://www.press.sk/aktuality/,https://web.archive.org/web/20170606011628/http://www.press.sk/aktuality/,20170606011628,skip
http://www.press.sk:80/aktuality/,https://web.archive.org/web/20170609214954/http://www.press.sk:80/aktuality/,20170609214954,skip
http://www.press.sk:80/aktuality/akcia-mesiaca/,https://web.archive.org/web/20140423053527/http://www.press.sk:80/aktuality/akcia-mesiaca/,20140423053527,skip
http://www.press.sk:80/aktuality/akcia-mesiaca/,https://web.archive.org/web/20140711054825/http://www.press.sk:80/aktuality/akcia-mesiaca/,20140711054825,skip
http://www.press.sk/aktuality/akcia-mesiaca/,https://web.archive.org/web/20140812073204/http://www.press.sk/aktuality/akcia-mesiaca/,20140812073204,skip
http://www.press.sk/aktuality/akcia-mesiaca/,https://web.archive.org/web/20140818000433/http://www.press.sk/aktuality/akcia-mesiaca/,20140818000433,skip
http://www.press.sk:80/aktuality/akcia-mesiaca/,https://web.archive.org/web/20140910015510/http://www.press.sk:80/aktuality/akcia-mesiaca/,20140910015510,skip
http://www.press.sk:80/aktuality/akcia-mesiaca/,https://web.archive.org/web/20141006014651/http://www.press.sk:80/aktuality/akcia-mesiaca/,20141006014651,skip
http://www.press.sk:80/aktuality/akcia-mesiaca,https://web.archive.org/web/20141018223851/http://www.press.sk:80/aktuality/akcia-mesiaca,20141018223851,skip
http://www.press.sk:80/aktuality/akcia-mesiaca/,https://web.archive.org/web/20141208091632/http://www.press.sk:80/aktuality/akcia-mesiaca/,20141208091632,skip
http://www.press.sk/aktuality/akcia-mesiaca/,https://web.archive.org/web/20150203175917/http://www.press.sk/aktuality/akcia-mesiaca/,20150203175917,skip
http://www.press.sk:80/aktuality/akcia-mesiaca/,https://web.archive.org/web/20150304045146/http://www.press.sk:80/aktuality/akcia-mesiaca/,20150304045146,skip
http://www.press.sk:80/aktuality/akcia-mesiaca,https://web.archive.org/web/20150403173243/http://www.press.sk:80/aktuality/akcia-mesiaca,20150403173243,skip
http://www.press.sk/aktuality/akcia-mesiaca/,https://web.archive.org/web/20150418180105/http://www.press.sk/aktuality/akcia-mesiaca/,20150418180105,skip
http://www.press.sk:80/aktuality/akcia-mesiaca/,https://web.archive.org/web/20150504015558/http://www.press.sk:80/aktuality/akcia-mesiaca/,20150504015558,skip
http://www.press.sk:80/aktuality/akcia-mesiaca/,https://web.archive.org/web/20150505143453/http://www.press.sk:80/aktuality/akcia-mesiaca/,20150505143453,skip
http://www.press.sk:80/aktuality/akcia-mesiaca,https://web.archive.org/web/20150628144856/http://www.press.sk:80/aktuality/akcia-mesiaca,20150628144856,skip
http://www.press.sk:80/aktuality/akcia-mesiaca/,https://web.archive.org/web/20150704234340/http://www.press.sk:80/aktuality/akcia-mesiaca/,20150704234340,skip
http://www.press.sk/aktuality/akcia-mesiaca/,https://web.archive.org/web/20150811171414/http://www.press.sk/aktuality/akcia-mesiaca/,20150811171414,skip
http://www.press.sk:80/aktuality/akcia-mesiaca/,https://web.archive.org/web/20150903215301/http://www.press.sk:80/aktuality/akcia-mesiaca/,20150903215301,skip
http://www.press.sk:80/aktuality/akcia-mesiaca,https://web.archive.org/web/20151028235116/http://www.press.sk:80/aktuality/akcia-mesiaca,20151028235116,skip
http://www.press.sk:80/aktuality/akcia-mesiaca/,https://web.archive.org/web/20151103180914/http://www.press.sk:80/aktuality/akcia-mesiaca/,20151103180914,skip
http://www.press.sk:80/aktuality/akcia-mesiaca,https://web.archive.org/web/20151128111214/http://www.press.sk:80/aktuality/akcia-mesiaca,20151128111214,skip
http://www.press.sk:80/aktuality/akcia-mesiaca/,https://web.archive.org/web/20160103022417/http://www.press.sk:80/aktuality/akcia-mesiaca/,20160103022417,skip
http://www.press.sk/aktuality/akcia-mesiaca/,https://web.archive.org/web/20160207024744/http://www.press.sk/aktuality/akcia-mesiaca/,20160207024744,skip
http://www.press.sk:80/aktuality/akcia-mesiaca/,https://web.archive.org/web/20160303160742/http://www.press.sk:80/aktuality/akcia-mesiaca/,20160303160742,skip
http://www.press.sk/aktuality/akcia-mesiaca,https://web.archive.org/web/20160313080202/http://www.press.sk/aktuality/akcia-mesiaca,20160313080202,skip
http://www.press.sk:80/aktuality/akcia-mesiaca,https://web.archive.org/web/20160320141549/http://www.press.sk:80/aktuality/akcia-mesiaca,20160320141549,skip
http://www.press.sk/aktuality/akcia-mesiaca/,https://web.archive.org/web/20160324105652/http://www.press.sk/aktuality/akcia-mesiaca/,20160324105652,skip
http://www.press.sk/aktuality/akcia-mesiaca/,https://web.archive.org/web/20160403062109/http://www.press.sk/aktuality/akcia-mesiaca/,20160403062109,skip
http://www.press.sk:80/aktuality/akcia-mesiaca/,https://web.archive.org/web/20160503092005/http://www.press.sk:80/aktuality/akcia-mesiaca/,20160503092005,skip
http://www.press.sk:80/aktuality/akcia-mesiaca,https://web.archive.org/web/20160507145707/http://www.press.sk:80/aktuality/akcia-mesiaca,20160507145707,skip
http://www.press.sk:80/aktuality/akcia-mesiaca/,https://web.archive.org/web/20160703194735/http://www.press.sk:80/aktuality/akcia-mesiaca/,20160703194735,skip
http://www.press.sk:80/aktuality/akcia-mesiaca,https://web.archive.org/web/20160824112806/http://www.press.sk:80/aktuality/akcia-mesiaca,20160824112806,skip
http://www.press.sk:80/aktuality/akcia-mesiaca/,https://web.archive.org/web/20160902164310/http://www.press.sk:80/aktuality/akcia-mesiaca/,20160902164310,skip
http://www.press.sk:80/aktuality/akcia-mesiaca,https://web.archive.org/web/20160924164002/http://www.press.sk:80/aktuality/akcia-mesiaca,20160924164002,skip
http://www.press.sk:80/aktuality/akcia-mesiaca,https://web.archive.org/web/20160926021017/http://www.press.sk:80/aktuality/akcia-mesiaca,20160926021017,skip
http://www.press.sk:80/aktuality/akcia-mesiaca,https://web.archive.org/web/20161027023710/http://www.press.sk:80/aktuality/akcia-mesiaca,20161027023710,skip
http://www.press.sk/aktuality/akcia-mesiaca/,https://web.archive.org/web/20161030104718/http://www.press.sk/aktuality/akcia-mesiaca/,20161030104718,skip
http://www.press.sk:80/aktuality/akcia-mesiaca/,https://web.archive.org/web/20161102103242/http://www.press.sk:80/aktuality/akcia-mesiaca/,20161102103242,skip
http://www.press.sk:80/aktuality/akcia-mesiaca/,https://web.archive.org/web/20161122115527/http://www.press.sk:80/aktuality/akcia-mesiaca/,20161122115527,skip
http://www.press.sk:80/aktuality/akcia-mesiaca/,https://web.archive.org/web/20170123071703/http://www.press.sk:80/aktuality/akcia-mesiaca/,20170123071703,skip
http://www.press.sk:80/aktuality/akcia-mesiaca/,https://web.archive.org/web/20170328025600/http://www.press.sk:80/aktuality/akcia-mesiaca/,20170328025600,skip
http://www.press.sk:80/aktuality/akcia-mesiaca/,https://web.archive.org/web/20170527213001/http://www.press.sk:80/aktuality/akcia-mesiaca/,20170527213001,skip
http://www.press.sk/aktuality/akcia-mesiaca/,https://web.archive.org/web/20170606012504/http://www.press.sk/aktuality/akcia-mesiaca/,20170606012504,skip
http://www.press.sk:80/aktuality/ako-nakupovat/,https://web.archive.org/web/20081023093217/http://www.press.sk:80/aktuality/ako-nakupovat/,20081023093217,skip
http://www.press.sk:80/aktuality/ako-nakupovat/,https://web.archive.org/web/20081217032213/http://www.press.sk:80/aktuality/ako-nakupovat/,20081217032213,skip
http://www.press.sk:80/aktuality/ako-nakupovat/,https://web.archive.org/web/20090116094657/http://www.press.sk:80/aktuality/ako-nakupovat/,20090116094657,skip
http://www.press.sk:80/aktuality/ako-nakupovat/,https://web.archive.org/web/20090216155047/http://www.press.sk:80/aktuality/ako-nakupovat/,20090216155047,skip
http://www.press.sk:80/aktuality/ako-nakupovat/,https://web.archive.org/web/20090319013631/http://www.press.sk:80/aktuality/ako-nakupovat/,20090319013631,skip
http://www.press.sk:80/aktuality/ako-nakupovat/,https://web.archive.org/web/20090420095429/http://www.press.sk:80/aktuality/ako-nakupovat/,20090420095429,skip
http://www.press.sk:80/aktuality/ako-nakupovat/,https://web.archive.org/web/20090523051223/http://www.press.sk:80/aktuality/ako-nakupovat/,20090523051223,skip
http://www.press.sk:80/aktuality/ako-nakupovat,https://web.archive.org/web/20090908012318/http://www.press.sk:80/aktuality/ako-nakupovat,20090908012318,skip
http://www.press.sk:80/aktuality/ako-nakupovat/,https://web.archive.org/web/20100119091008/http://www.press.sk:80/aktuality/ako-nakupovat/,20100119091008,skip
http://www.press.sk:80/aktuality/ako-nakupovat,https://web.archive.org/web/20100126010634/http://www.press.sk:80/aktuality/ako-nakupovat,20100126010634,skip
http://www.press.sk:80/aktuality/ako-nakupovat/,https://web.archive.org/web/20110126061634/http://www.press.sk:80/aktuality/ako-nakupovat/,20110126061634,skip
http://www.press.sk:80/aktuality/ako-nakupovat/?utm_source=newsletter&utm_campaign=April_2010&utm_medium=archive,https://web.archive.org/web/20100429031946/http://www.press.sk:80/aktuality/ako-nakupovat/?utm_source=newsletter&utm_campaign=April_2010&utm_medium=archive,20100429031946,skip
http://www.press.sk:80/aktuality/ako-nakupovat/?utm_source=newsletter&utm_campaign=Jul_2011&utm_medium=archive,https://web.archive.org/web/20110720051159/http://www.press.sk:80/aktuality/ako-nakupovat/?utm_source=newsletter&utm_campaign=Jul_2011&utm_medium=archive,20110720051159,skip
http://www.press.sk/aktuality/albatros-aero-l-39-l-59-l-139/,https://web.archive.org/web/20170611111310/http://www.press.sk/aktuality/albatros-aero-l-39-l-59-l-139/,20170611111310,skip
http://www.press.sk:80/aktuality/boli-sme-na-slovak-food-festivale/,https://web.archive.org/web/20110522192815/http://www.press.sk:80/aktuality/boli-sme-na-slovak-food-festivale/,20110522192815,skip
http://www.press.sk:80/aktuality/boli-sme-na-slovak-food-festivale/,https://web.archive.org/web/20110523231707/http://www.press.sk:80/aktuality/boli-sme-na-slovak-food-festivale/,20110523231707,skip
http://www.press.sk:80/aktuality/cinove-figurky-v-nasej-ponuke,https://web.archive.org/web/20091109022214/http://www.press.sk:80/aktuality/cinove-figurky-v-nasej-ponuke,20091109022214,skip
http://www.press.sk:80/aktuality/cinove-figurky-v-nasej-ponuke,https://web.archive.org/web/20100105120933/http://www.press.sk:80/aktuality/cinove-figurky-v-nasej-ponuke,20100105120933,skip
http://www.press.sk:80/aktuality/cinove-figurky-v-nasej-ponuke,https://web.archive.org/web/20100105120933/http://www.press.sk:80/aktuality/cinove-figurky-v-nasej-ponuke,20100105120933,skip
http://www.press.sk:80/aktuality/cinove-figurky-v-nasej-ponuke/,https://web.archive.org/web/20100417221952/http://www.press.sk:80/aktuality/cinove-figurky-v-nasej-ponuke/,20100417221952,skip
http://www.press.sk:80/aktuality/cinove-figurky-v-nasej-ponuke/,https://web.archive.org/web/20100417221952/http://www.press.sk:80/aktuality/cinove-figurky-v-nasej-ponuke/,20100417221952,skip
http://www.press.sk:80/aktuality/devatnast-rokov-devatnast-vrtulnikov/,https://web.archive.org/web/20111202072629/http://www.press.sk:80/aktuality/devatnast-rokov-devatnast-vrtulnikov/,20111202072629,skip
http://www.press.sk/aktuality/devatnast-rokov-devatnast-vrtulnikov/,https://web.archive.org/web/20120208134139/http://www.press.sk/aktuality/devatnast-rokov-devatnast-vrtulnikov/,20120208134139,skip
http://www.press.sk/aktuality/devatnast-rokov-devatnast-vrtulnikov/,https://web.archive.org/web/20120307101250/http://www.press.sk/aktuality/devatnast-rokov-devatnast-vrtulnikov/,20120307101250,skip
http://www.press.sk:80/aktuality/devatnast-rokov-devatnast-vrtulnikov/,https://web.archive.org/web/20121009021352/http://www.press.sk:80/aktuality/devatnast-rokov-devatnast-vrtulnikov/,20121009021352,skip
http://www.press.sk/aktuality/devatnast-rokov-devatnast-vrtulnikov/,https://web.archive.org/web/20130510201901/http://www.press.sk/aktuality/devatnast-rokov-devatnast-vrtulnikov/,20130510201901,skip
http://www.press.sk:80/aktuality/dorty-a-dezerty/,https://web.archive.org/web/20120705114330/http://www.press.sk:80/aktuality/dorty-a-dezerty/,20120705114330,skip
http://www.press.sk:80/aktuality/dorty-a-dezerty/,https://web.archive.org/web/20120904051644/http://www.press.sk:80/aktuality/dorty-a-dezerty/,20120904051644,skip
http://www.press.sk:80/aktuality/dorty-a-dezerty/,https://web.archive.org/web/20121103174950/http://www.press.sk:80/aktuality/dorty-a-dezerty/,20121103174950,skip
http://www.press.sk/aktuality/dvd-ma-potesilo-dakujem/,https://web.archive.org/web/20110920054705/http://www.press.sk/aktuality/dvd-ma-potesilo-dakujem/,20110920054705,skip
http://www.press.sk:80/aktuality/dvd-od-spolocnosti-ritka-video-a-novinka-v-ponuke./?,https://web.archive.org/web/20101216123914/http://www.press.sk:80/aktuality/dvd-od-spolocnosti-ritka-video-a-novinka-v-ponuke./?,20101216123914,skip
http://www.press.sk:80/aktuality/dvd-od-spolocnosti-ritka-video-a-novinka-v-ponuke./,https://web.archive.org/web/20101218061500/http://www.press.sk:80/aktuality/dvd-od-spolocnosti-ritka-video-a-novinka-v-ponuke./,20101218061500,skip
http://www.press.sk:80/aktuality/dvd-od-spolocnosti-ritka-video-a-novinka-v-ponuke./?,https://web.archive.org/web/20110117192429/http://www.press.sk:80/aktuality/dvd-od-spolocnosti-ritka-video-a-novinka-v-ponuke./?,20110117192429,skip
http://www.press.sk:80/aktuality/dvd-od-spolocnosti-ritka-video-a-novinka-v-ponuke./,https://web.archive.org/web/20110217062423/http://www.press.sk:80/aktuality/dvd-od-spolocnosti-ritka-video-a-novinka-v-ponuke./,20110217062423,skip
http://www.press.sk:80/aktuality/dvd-od-spolocnosti-ritka-video-a-novinka-v-ponuke./?,https://web.archive.org/web/20110218083620/http://www.press.sk:80/aktuality/dvd-od-spolocnosti-ritka-video-a-novinka-v-ponuke./?,20110218083620,skip
http://www.press.sk:80/aktuality/dvd-od-spolocnosti-ritka-video-a-novinka-v-ponuke./?,https://web.archive.org/web/20110321081940/http://www.press.sk:80/aktuality/dvd-od-spolocnosti-ritka-video-a-novinka-v-ponuke./?,20110321081940,skip
http://www.press.sk:80/aktuality/dvd-od-spolocnosti-ritka-video-a-novinka-v-ponuke./,https://web.archive.org/web/20110424210823/http://www.press.sk:80/aktuality/dvd-od-spolocnosti-ritka-video-a-novinka-v-ponuke./,20110424210823,skip
http://www.press.sk:80/aktuality/dvd-od-spolocnosti-ritka-video-a-novinka-v-ponuke./,https://web.archive.org/web/20110624234430/http://www.press.sk:80/aktuality/dvd-od-spolocnosti-ritka-video-a-novinka-v-ponuke./,20110624234430,skip
http://www.press.sk:80/aktuality/dvd-od-spolocnosti-ritka-video-a-novinka-v-ponuke./,https://web.archive.org/web/20110824154211/http://www.press.sk:80/aktuality/dvd-od-spolocnosti-ritka-video-a-novinka-v-ponuke./,20110824154211,skip
http://www.press.sk:80/aktuality/dvd-od-spolocnosti-ritka-video-a-novinka-v-ponuke./,https://web.archive.org/web/20111024012046/http://www.press.sk:80/aktuality/dvd-od-spolocnosti-ritka-video-a-novinka-v-ponuke./,20111024012046,skip
http://www.press.sk:80/aktuality/dvd-od-spolocnosti-ritka-video-a-novinka-v-ponuke./,https://web.archive.org/web/20121009021848/http://www.press.sk:80/aktuality/dvd-od-spolocnosti-ritka-video-a-novinka-v-ponuke./,20121009021848,skip
http://www.press.sk/aktuality/dvd-od-spolocnosti-ritka-video-a-novinka-v-ponuke./,https://web.archive.org/web/20130510221535/http://www.press.sk/aktuality/dvd-od-spolocnosti-ritka-video-a-novinka-v-ponuke./,20130510221535,skip
http://www.press.sk:80/aktuality/dvd-od-spolocnosti-ritka-video-a-novinka-v-ponuke./?utm_source=newsletter&utm_campaign=Jul_2011&utm_medium=archive,https://web.archive.org/web/20110720051205/http://www.press.sk:80/aktuality/dvd-od-spolocnosti-ritka-video-a-novinka-v-ponuke./?utm_source=newsletter&utm_campaign=Jul_2011&utm_medium=archive,20110720051205,skip
http://www.press.sk:80/aktuality/egypt--hiostoria-myty-vladcovia-a-bozstva/,https://web.archive.org/web/20090527072636/http://www.press.sk:80/aktuality/egypt--hiostoria-myty-vladcovia-a-bozstva/,20090527072636,skip
http://www.press.sk:80/aktuality/egypt--hiostoria-myty-vladcovia-a-bozstva/,https://web.archive.org/web/20090803002158/http://www.press.sk:80/aktuality/egypt--hiostoria-myty-vladcovia-a-bozstva/,20090803002158,skip
http://www.press.sk:80/aktuality/egypt--hiostoria-myty-vladcovia-a-bozstva/,https://web.archive.org/web/20091002203641/http://www.press.sk:80/aktuality/egypt--hiostoria-myty-vladcovia-a-bozstva/,20091002203641,skip
http://www.press.sk:80/aktuality/expedicia-casopisov-42.tyzden/,https://web.archive.org/web/20081023181348/http://www.press.sk:80/aktuality/expedicia-casopisov-42.tyzden/,20081023181348,skip
http://www.press.sk:80/aktuality/expedicia-casopisov-42.tyzden/,https://web.archive.org/web/20081024062055/http://www.press.sk:80/aktuality/expedicia-casopisov-42.tyzden/,20081024062055,skip
http://www.press.sk:80/aktuality/expedicia-casopisov-44.tyzden/,https://web.archive.org/web/20081030035211/http://www.press.sk:80/aktuality/expedicia-casopisov-44.tyzden/,20081030035211,skip
http://www.press.sk/aktuality/generali---slovenska-vojenska-generalita-1918-2012/,https://web.archive.org/web/20130510203328/http://www.press.sk/aktuality/generali---slovenska-vojenska-generalita-1918-2012/,20130510203328,skip
http://www.press.sk:80/aktuality/generali---slovenska-vojenska-generalita-1918-2012/,https://web.archive.org/web/20130826112626/http://www.press.sk:80/aktuality/generali---slovenska-vojenska-generalita-1918-2012/,20130826112626,skip
http://www.press.sk/aktuality/helikoptery-sveta---nova-kolekcia-modelov/,https://web.archive.org/web/20130510201857/http://www.press.sk/aktuality/helikoptery-sveta---nova-kolekcia-modelov/,20130510201857,skip
http://www.press.sk:80/aktuality/his-voice/,https://web.archive.org/web/20090527072641/http://www.press.sk:80/aktuality/his-voice/,20090527072641,skip
http://www.press.sk:80/aktuality/instyle---novy-casopis-v-nasej-ponuke/,https://web.archive.org/web/20090527072656/http://www.press.sk:80/aktuality/instyle---novy-casopis-v-nasej-ponuke/,20090527072656,skip
http://www.press.sk:80/aktuality/kalendare-na-rok-2011/,https://web.archive.org/web/20101231144801/http://www.press.sk:80/aktuality/kalendare-na-rok-2011/,20101231144801,skip
http://www.press.sk:80/aktuality/kalendare-na-rok-2011/,https://web.archive.org/web/20110101173207/http://www.press.sk:80/aktuality/kalendare-na-rok-2011/,20110101173207,skip
http://www.press.sk/aktuality/kalendare-na-rok-2014/,https://web.archive.org/web/20140214090716/http://www.press.sk/aktuality/kalendare-na-rok-2014/,20140214090716,skip
http://www.press.sk:80/aktuality/knizne-tipy-a-odborne-letecke-publikacie/,https://web.archive.org/web/20110522192820/http://www.press.sk:80/aktuality/knizne-tipy-a-odborne-letecke-publikacie/,20110522192820,skip
http://www.press.sk:80/aktuality/knizne-tipy-a-odborne-letecke-publikacie/,https://web.archive.org/web/20110523231717/http://www.press.sk:80/aktuality/knizne-tipy-a-odborne-letecke-publikacie/,20110523231717,skip
http://www.press.sk:80/aktuality/knizne-tipy-a-odborne-letecke-publikacie/,https://web.archive.org/web/20121009021853/http://www.press.sk:80/aktuality/knizne-tipy-a-odborne-letecke-publikacie/,20121009021853,skip
http://www.press.sk/aktuality/knizne-tipy-a-odborne-letecke-publikacie/,https://web.archive.org/web/20130510205414/http://www.press.sk/aktuality/knizne-tipy-a-odborne-letecke-publikacie/,20130510205414,skip
http://www.press.sk:80/aktuality/kosmos---tajemstvi-vesmiru/,https://web.archive.org/web/20121009021859/http://www.press.sk:80/aktuality/kosmos---tajemstvi-vesmiru/,20121009021859,skip
http://www.press.sk/aktuality/kosmos---tajemstvi-vesmiru/,https://web.archive.org/web/20130510202252/http://www.press.sk/aktuality/kosmos---tajemstvi-vesmiru/,20130510202252,skip
http://www.press.sk:80/aktuality/kovove-a-plastikove-modely-od-vyrobcu-hobbymaster---novinka-v-nasej-ponuke/,https://web.archive.org/web/20110512042109/http://www.press.sk:80/aktuality/kovove-a-plastikove-modely-od-vyrobcu-hobbymaster---novinka-v-nasej-ponuke/,20110512042109,skip
http://www.press.sk:80/aktuality/kovove-a-plastikove-modely-od-vyrobcu-hobbymaster---novinka-v-nasej-ponuke/,https://web.archive.org/web/20110712134524/http://www.press.sk:80/aktuality/kovove-a-plastikove-modely-od-vyrobcu-hobbymaster---novinka-v-nasej-ponuke/,20110712134524,skip
http://www.press.sk:80/aktuality/kovove-a-plastikove-modely-od-vyrobcu-hobbymaster---novinka-v-nasej-ponuke/,https://web.archive.org/web/20110911062054/http://www.press.sk:80/aktuality/kovove-a-plastikove-modely-od-vyrobcu-hobbymaster---novinka-v-nasej-ponuke/,20110911062054,skip
http://www.press.sk:80/aktuality/kovove-a-plastikove-modely-od-vyrobcu-hobbymaster---novinka-v-nasej-ponuke,https://web.archive.org/web/20120109104144/http://www.press.sk:80/aktuality/kovove-a-plastikove-modely-od-vyrobcu-hobbymaster---novinka-v-nasej-ponuke,20120109104144,skip
http://www.press.sk:80/aktuality/kovove-a-plastikove-modely-od-vyrobcu-hobbymaster---novinka-v-nasej-ponuke,https://web.archive.org/web/20120209145556/http://www.press.sk:80/aktuality/kovove-a-plastikove-modely-od-vyrobcu-hobbymaster---novinka-v-nasej-ponuke,20120209145556,skip
http://www.press.sk:80/aktuality/kovove-a-plastikove-modely-od-vyrobcu-hobbymaster---novinka-v-nasej-ponuke,https://web.archive.org/web/20120311204913/http://www.press.sk:80/aktuality/kovove-a-plastikove-modely-od-vyrobcu-hobbymaster---novinka-v-nasej-ponuke,20120311204913,skip
http://www.press.sk:80/aktuality/kovove-a-plastikove-modely-od-vyrobcu-hobbymaster---novinka-v-nasej-ponuke,https://web.archive.org/web/20120419084105/http://www.press.sk:80/aktuality/kovove-a-plastikove-modely-od-vyrobcu-hobbymaster---novinka-v-nasej-ponuke,20120419084105,skip
http://www.press.sk:80/aktuality/kovove-a-plastikove-modely-od-vyrobcu-hobbymaster---novinka-v-nasej-ponuke,https://web.archive.org/web/20120626234808/http://www.press.sk:80/aktuality/kovove-a-plastikove-modely-od-vyrobcu-hobbymaster---novinka-v-nasej-ponuke,20120626234808,skip
http://www.press.sk:80/aktuality/kovove-a-plastikove-modely-od-vyrobcu-hobbymaster---novinka-v-nasej-ponuke,https://web.archive.org/web/20120818095611/http://www.press.sk:80/aktuality/kovove-a-plastikove-modely-od-vyrobcu-hobbymaster---novinka-v-nasej-ponuke,20120818095611,skip
http://www.press.sk:80/aktuality/kovove-a-plastikove-modely-od-vyrobcu-hobbymaster---novinka-v-nasej-ponuke,https://web.archive.org/web/20121103184047/http://www.press.sk:80/aktuality/kovove-a-plastikove-modely-od-vyrobcu-hobbymaster---novinka-v-nasej-ponuke,20121103184047,skip
http://www.press.sk:80/aktuality/kovove-a-plastikove-modely-od-vyrobcu-hobbymaster---novinka-v-nasej-ponuke,https://web.archive.org/web/20121228010811/http://www.press.sk:80/aktuality/kovove-a-plastikove-modely-od-vyrobcu-hobbymaster---novinka-v-nasej-ponuke,20121228010811,skip
http://www.press.sk:80/aktuality/kovove-a-plastikove-modely-od-vyrobcu-hobbymaster---novinka-v-nasej-ponuke,https://web.archive.org/web/20130529154358/http://www.press.sk:80/aktuality/kovove-a-plastikove-modely-od-vyrobcu-hobbymaster---novinka-v-nasej-ponuke,20130529154358,skip
http://www.press.sk:80/aktuality/lacnejsie-s-mackom-pusikom/,https://web.archive.org/web/20110912074829/http://www.press.sk:80/aktuality/lacnejsie-s-mackom-pusikom/,20110912074829,skip
http://www.press.sk:80/aktuality/lacnejsie-s-mackom-pusikom/,https://web.archive.org/web/20111202073706/http://www.press.sk:80/aktuality/lacnejsie-s-mackom-pusikom/,20111202073706,skip
http://www.press.sk:80/aktuality/lacnejsie-s-mackom-pusikom/?utm_source=newsletter&utm_campaign=Jul_2011&utm_medium=archive,https://web.archive.org/web/20110720043714/http://www.press.sk:80/aktuality/lacnejsie-s-mackom-pusikom/?utm_source=newsletter&utm_campaign=Jul_2011&utm_medium=archive,20110720043714,skip
http://www.press.sk:80/aktuality/legendarne-automobily---dalsia-kolekcia-modelov-do-vasej-zbierky/,https://web.archive.org/web/20121009021154/http://www.press.sk:80/aktuality/legendarne-automobily---dalsia-kolekcia-modelov-do-vasej-zbierky/,20121009021154,skip
http://www.press.sk/aktuality/legendarne-automobily---dalsia-kolekcia-modelov-do-vasej-zbierky/,https://web.archive.org/web/20130510201455/http://www.press.sk/aktuality/legendarne-automobily---dalsia-kolekcia-modelov-do-vasej-zbierky/,20130510201455,skip
http://www.press.sk/aktuality/letajici-pevnosti---nova-kolekcia-s-modelmi-uz-v-predaji/,https://web.archive.org/web/20130510221501/http://www.press.sk/aktuality/letajici-pevnosti---nova-kolekcia-s-modelmi-uz-v-predaji/,20130510221501,skip
http://www.press.sk:80/aktuality/lk-c.11-2011-s-ojedinelym-filmovym-dokumentom/,https://web.archive.org/web/20111202072639/http://www.press.sk:80/aktuality/lk-c.11-2011-s-ojedinelym-filmovym-dokumentom/,20111202072639,skip
http://www.press.sk/aktuality/lk-c.11-2011-s-ojedinelym-filmovym-dokumentom/,https://web.archive.org/web/20120307162148/http://www.press.sk/aktuality/lk-c.11-2011-s-ojedinelym-filmovym-dokumentom/,20120307162148,skip
http://www.press.sk:80/aktuality/lokomotivy-sveta---nova-kolekcia-v-ponuke-od-7.-juna/,https://web.archive.org/web/20110623174936/http://www.press.sk:80/aktuality/lokomotivy-sveta---nova-kolekcia-v-ponuke-od-7.-juna/,20110623174936,skip
http://www.press.sk:80/aktuality/lokomotivy-sveta---nova-kolekcia-v-ponuke-od-7.-juna/,https://web.archive.org/web/20110624204017/http://www.press.sk:80/aktuality/lokomotivy-sveta---nova-kolekcia-v-ponuke-od-7.-juna/,20110624204017,skip
http://www.press.sk/aktuality/lokomotivy-sveta---nova-kolekcia-v-ponuke-od-7.-juna/,https://web.archive.org/web/20110817170823/http://www.press.sk/aktuality/lokomotivy-sveta---nova-kolekcia-v-ponuke-od-7.-juna/,20110817170823,skip
http://www.press.sk:80/aktuality/lokomotivy-sveta---nova-kolekcia-v-ponuke-od-7.-juna/,https://web.archive.org/web/20110912072529/http://www.press.sk:80/aktuality/lokomotivy-sveta---nova-kolekcia-v-ponuke-od-7.-juna/,20110912072529,skip
http://www.press.sk:80/aktuality/lokomotivy-sveta---nova-kolekcia-v-ponuke-od-7.-juna/,https://web.archive.org/web/20121009021904/http://www.press.sk:80/aktuality/lokomotivy-sveta---nova-kolekcia-v-ponuke-od-7.-juna/,20121009021904,skip
http://www.press.sk/aktuality/lokomotivy-sveta---nova-kolekcia-v-ponuke-od-7.-juna/,https://web.archive.org/web/20130510224553/http://www.press.sk/aktuality/lokomotivy-sveta---nova-kolekcia-v-ponuke-od-7.-juna/,20130510224553,skip
http://www.press.sk:80/aktuality/mackova-rozpravkova-skolka,https://web.archive.org/web/20090306105740/http://www.press.sk:80/aktuality/mackova-rozpravkova-skolka,20090306105740,skip
http://www.press.sk:80/aktuality/mackova-rozpravkova-skolka,https://web.archive.org/web/20090406001440/http://www.press.sk:80/aktuality/mackova-rozpravkova-skolka,20090406001440,skip
http://www.press.sk:80/aktuality/mackova-rozpravkova-skolka,https://web.archive.org/web/20090510031835/http://www.press.sk:80/aktuality/mackova-rozpravkova-skolka,20090510031835,skip
http://www.press.sk:80/aktuality/mackova-rozpravkova-skolka,https://web.archive.org/web/20100127162117/http://www.press.sk:80/aktuality/mackova-rozpravkova-skolka,20100127162117,skip
http://www.press.sk:80/aktuality/marvel-heroes---napinave-pribehy-superhrdinov/,https://web.archive.org/web/20090527072702/http://www.press.sk:80/aktuality/marvel-heroes---napinave-pribehy-superhrdinov/,20090527072702,skip
http://www.press.sk:80/aktuality/motor-a-rc-suprava--ku-kolekcii-rc-spitfire/,https://web.archive.org/web/20110522193333/http://www.press.sk:80/aktuality/motor-a-rc-suprava--ku-kolekcii-rc-spitfire/,20110522193333,skip
http://www.press.sk:80/aktuality/motor-a-rc-suprava--ku-kolekcii-rc-spitfire/,https://web.archive.org/web/20110523230308/http://www.press.sk:80/aktuality/motor-a-rc-suprava--ku-kolekcii-rc-spitfire/,20110523230308,skip
http://www.press.sk/aktuality/motor-a-rc-suprava--ku-kolekcii-rc-spitfire/,https://web.archive.org/web/20110918130046/http://www.press.sk/aktuality/motor-a-rc-suprava--ku-kolekcii-rc-spitfire/,20110918130046,skip
http://www.press.sk/aktuality/novinky-z-vydavatelstva-fcc-public-s.r.o./,https://web.archive.org/web/20130510210628/http://www.press.sk/aktuality/novinky-z-vydavatelstva-fcc-public-s.r.o./,20130510210628,skip
http://www.press.sk:80/aktuality/novinky-z-vydavatelstva-fcc-public-s.r.o./,https://web.archive.org/web/20141017050833/http://www.press.sk:80/aktuality/novinky-z-vydavatelstva-fcc-public-s.r.o./,20141017050833,skip
http://www.press.sk/aktuality/novinky-z-vydavatelstva-fcc-public-s.r.o.,https://web.archive.org/web/20160313144440/http://www.press.sk/aktuality/novinky-z-vydavatelstva-fcc-public-s.r.o.,20160313144440,skip
http://www.press.sk:80/aktuality/novinky-z-vydavatelstva-fcc-public-s.r.o./,https://web.archive.org/web/20170503001716/http://www.press.sk:80/aktuality/novinky-z-vydavatelstva-fcc-public-s.r.o./,20170503001716,skip
http://www.press.sk:80/aktuality/novy-exkluzivny-casopis-v-nasej-ponuke/,https://web.archive.org/web/20090125141412/http://www.press.sk:80/aktuality/novy-exkluzivny-casopis-v-nasej-ponuke/,20090125141412,skip
http://www.press.sk:80/aktuality/novy-exkluzivny-casopis-v-nasej-ponuke,https://web.archive.org/web/20090312013237/http://www.press.sk:80/aktuality/novy-exkluzivny-casopis-v-nasej-ponuke,20090312013237,skip
http://www.press.sk:80/aktuality/novy-exkluzivny-casopis-v-nasej-ponuke,https://web.archive.org/web/20090411214520/http://www.press.sk:80/aktuality/novy-exkluzivny-casopis-v-nasej-ponuke,20090411214520,skip
http://www.press.sk:80/aktuality/novy-exkluzivny-casopis-v-nasej-ponuke,https://web.archive.org/web/20090512153620/http://www.press.sk:80/aktuality/novy-exkluzivny-casopis-v-nasej-ponuke,20090512153620,skip
http://www.press.sk:80/aktuality/novy-exkluzivny-casopis-v-nasej-ponuke,https://web.archive.org/web/20100109133353/http://www.press.sk:80/aktuality/novy-exkluzivny-casopis-v-nasej-ponuke,20100109133353,skip
http://www.press.sk/aktuality/novy-modelar-extra-v-predaji/,https://web.archive.org/web/20110811102225/http://www.press.sk/aktuality/novy-modelar-extra-v-predaji/,20110811102225,skip
http://www.press.sk:80/aktuality/novy-modelar-extra-v-predaji/,https://web.archive.org/web/20110912073529/http://www.press.sk:80/aktuality/novy-modelar-extra-v-predaji/,20110912073529,skip
http://www.press.sk:80/aktuality/novy-modelar-extra-v-predaji/?utm_source=newsletter&utm_campaign=Jul_2011&utm_medium=archive,https://web.archive.org/web/20110720022930/http://www.press.sk:80/aktuality/novy-modelar-extra-v-predaji/?utm_source=newsletter&utm_campaign=Jul_2011&utm_medium=archive,20110720022930,skip
http://www.press.sk:80/aktuality/pamatny-list-podpisany-gen.-kahalanim---informacie-o-najvyssich-ponukach/,https://web.archive.org/web/20151224134833/http://www.press.sk:80/aktuality/pamatny-list-podpisany-gen.-kahalanim---informacie-o-najvyssich-ponukach/,20151224134833,skip
http://www.press.sk:80/aktuality/pamatny-list-podpisany-gen.-kahalanim---informacie-o-najvyssich-ponukach/,https://web.archive.org/web/20160112182905/http://www.press.sk:80/aktuality/pamatny-list-podpisany-gen.-kahalanim---informacie-o-najvyssich-ponukach/,20160112182905,skip
http://www.press.sk:80/aktuality/pamatny-list-podpisany-gen.-kahalanim---informacie-o-najvyssich-ponukach/,https://web.archive.org/web/20160331180938/http://www.press.sk:80/aktuality/pamatny-list-podpisany-gen.-kahalanim---informacie-o-najvyssich-ponukach/,20160331180938,skip
http://www.press.sk:80/aktuality/plastikova-zima-2008/,https://web.archive.org/web/20090125141416/http://www.press.sk:80/aktuality/plastikova-zima-2008/,20090125141416,skip
http://www.press.sk:80/aktuality/polovnictvo-a-oddych-2009/,https://web.archive.org/web/20090125141430/http://www.press.sk:80/aktuality/polovnictvo-a-oddych-2009/,20090125141430,skip
http://www.press.sk:80/aktuality/postavte-si-model-slnecnej-sustavy/,https://web.archive.org/web/20121009021909/http://www.press.sk:80/aktuality/postavte-si-model-slnecnej-sustavy/,20121009021909,skip
http://www.press.sk/aktuality/postavte-si-model-slnecnej-sustavy/,https://web.archive.org/web/20130510201830/http://www.press.sk/aktuality/postavte-si-model-slnecnej-sustavy/,20130510201830,skip
http://www.press.sk:80/aktuality/predplatne-casopisov-vydavatelstva-magnet-press-pre-rok-2017/,https://web.archive.org/web/20161115050903/http://www.press.sk:80/aktuality/predplatne-casopisov-vydavatelstva-magnet-press-pre-rok-2017/,20161115050903,skip
http://www.press.sk/aktuality/predplatne-casopisov-vydavatelstva-magnet-press-pre-rok-2017/,https://web.archive.org/web/20170402133855/http://www.press.sk/aktuality/predplatne-casopisov-vydavatelstva-magnet-press-pre-rok-2017/,20170402133855,skip
http://www.press.sk:80/aktuality/pripravujeme,https://web.archive.org/web/20090220085501/http://www.press.sk:80/aktuality/pripravujeme,20090220085501,skip
http://www.press.sk:80/aktuality/pripravujeme/,https://web.archive.org/web/20090306002422/http://www.press.sk:80/aktuality/pripravujeme/,20090306002422,skip
http://www.press.sk:80/aktuality/pripravujeme,https://web.archive.org/web/20090323003114/http://www.press.sk:80/aktuality/pripravujeme,20090323003114,skip
http://www.press.sk:80/aktuality/pripravujeme,https://web.archive.org/web/20090422200205/http://www.press.sk:80/aktuality/pripravujeme,20090422200205,skip
http://www.press.sk:80/aktuality/pripravujeme/,https://web.archive.org/web/20090505162052/http://www.press.sk:80/aktuality/pripravujeme/,20090505162052,skip
http://www.press.sk:80/aktuality/pripravujeme,https://web.archive.org/web/20090524181142/http://www.press.sk:80/aktuality/pripravujeme,20090524181142,skip
http://www.press.sk:80/aktuality/pripravujeme/,https://web.archive.org/web/20090803002221/http://www.press.sk:80/aktuality/pripravujeme/,20090803002221,skip
http://www.press.sk:80/aktuality/pripravujeme/,https://web.archive.org/web/20091002204354/http://www.press.sk:80/aktuality/pripravujeme/,20091002204354,skip
http://www.press.sk:80/aktuality/pripravujeme,https://web.archive.org/web/20100124063951/http://www.press.sk:80/aktuality/pripravujeme,20100124063951,skip
http://www.press.sk:80/aktuality/ryby-a-plody-more---nova-kucharka-z-edicie-apetit/,https://web.archive.org/web/20121009021200/http://www.press.sk:80/aktuality/ryby-a-plody-more---nova-kucharka-z-edicie-apetit/,20121009021200,skip
http://www.press.sk:80/aktuality/slavny-sitcom-bude-v-nasej-ponuke,https://web.archive.org/web/20090510070406/http://www.press.sk:80/aktuality/slavny-sitcom-bude-v-nasej-ponuke,20090510070406,skip
http://www.press.sk:80/aktuality/slavny-sitcom-bude-v-nasej-ponuke/,https://web.archive.org/web/20090527072707/http://www.press.sk:80/aktuality/slavny-sitcom-bude-v-nasej-ponuke/,20090527072707,skip
http://www.press.sk:80/aktuality/slavny-sitcom-bude-v-nasej-ponuke/,https://web.archive.org/web/20090803002251/http://www.press.sk:80/aktuality/slavny-sitcom-bude-v-nasej-ponuke/,20090803002251,skip
http://www.press.sk:80/aktuality/slavny-sitcom-bude-v-nasej-ponuke/,https://web.archive.org/web/20091002204406/http://www.press.sk:80/aktuality/slavny-sitcom-bude-v-nasej-ponuke/,20091002204406,skip
http://www.press.sk:80/aktuality/slavny-sitcom-bude-v-nasej-ponuke,https://web.archive.org/web/20091218094131/http://www.press.sk:80/aktuality/slavny-sitcom-bude-v-nasej-ponuke,20091218094131,skip
http://www.press.sk:80/aktuality/slavny-sitcom-bude-v-nasej-ponuke,https://web.archive.org/web/20100122014336/http://www.press.sk:80/aktuality/slavny-sitcom-bude-v-nasej-ponuke,20100122014336,skip
http://www.press.sk:80/aktuality/slovenske-piesky-2009,https://web.archive.org/web/20100107161458/http://www.press.sk:80/aktuality/slovenske-piesky-2009,20100107161458,skip
http://www.press.sk/aktuality/specialne-cislo-letectvi--kosmonautika-venovane-vzdusnym-silam-acr/,https://web.archive.org/web/20110921152454/http://www.press.sk/aktuality/specialne-cislo-letectvi--kosmonautika-venovane-vzdusnym-silam-acr/,20110921152454,skip
http://www.press.sk:80/aktuality/spojenie-zasielkoveho-obchodu-aeromedia-s-www.press.sk/,https://web.archive.org/web/20110117031018/http://www.press.sk:80/aktuality/spojenie-zasielkoveho-obchodu-aeromedia-s-www.press.sk/,20110117031018,skip
http://www.press.sk:80/aktuality/spojenie-zasielkoveho-obchodu-aeromedia-s-www.press.sk/,https://web.archive.org/web/20110118040951/http://www.press.sk:80/aktuality/spojenie-zasielkoveho-obchodu-aeromedia-s-www.press.sk/,20110118040951,skip
http://www.press.sk:80/aktuality/spojenie-zasielkoveho-obchodu-aeromedia-s-www.press.sk/,https://web.archive.org/web/20110320055956/http://www.press.sk:80/aktuality/spojenie-zasielkoveho-obchodu-aeromedia-s-www.press.sk/,20110320055956,skip
http://www.press.sk:80/aktuality/spojenie-zasielkoveho-obchodu-aeromedia-s-www.press.sk/,https://web.archive.org/web/20110519225628/http://www.press.sk:80/aktuality/spojenie-zasielkoveho-obchodu-aeromedia-s-www.press.sk/,20110519225628,skip
http://www.press.sk:80/aktuality/spojenie-zasielkoveho-obchodu-aeromedia-s-www.press.sk/,https://web.archive.org/web/20110520234747/http://www.press.sk:80/aktuality/spojenie-zasielkoveho-obchodu-aeromedia-s-www.press.sk/,20110520234747,skip
http://www.press.sk:80/aktuality/spojenie-zasielkoveho-obchodu-aeromedia-s-www.press.sk/,https://web.archive.org/web/20110720234635/http://www.press.sk:80/aktuality/spojenie-zasielkoveho-obchodu-aeromedia-s-www.press.sk/,20110720234635,skip
http://www.press.sk:80/aktuality/spojenie-zasielkoveho-obchodu-aeromedia-s-www.press.sk/,https://web.archive.org/web/20110722182327/http://www.press.sk:80/aktuality/spojenie-zasielkoveho-obchodu-aeromedia-s-www.press.sk/,20110722182327,skip
http://www.press.sk:80/aktuality/spojenie-zasielkoveho-obchodu-aeromedia-s-www.press.sk/,https://web.archive.org/web/20110911223104/http://www.press.sk:80/aktuality/spojenie-zasielkoveho-obchodu-aeromedia-s-www.press.sk/,20110911223104,skip
http://www.press.sk:80/aktuality/spojenie-zasielkoveho-obchodu-aeromedia-s-www.press.sk/,https://web.archive.org/web/20111111102546/http://www.press.sk:80/aktuality/spojenie-zasielkoveho-obchodu-aeromedia-s-www.press.sk/,20111111102546,skip
http://www.press.sk:80/aktuality/spojenie-zasielkoveho-obchodu-aeromedia-s-www.press.sk,https://web.archive.org/web/20111112013655/http://www.press.sk:80/aktuality/spojenie-zasielkoveho-obchodu-aeromedia-s-www.press.sk,20111112013655,skip
http://www.press.sk:80/aktuality/spojenie-zasielkoveho-obchodu-aeromedia-s-www.press.sk,https://web.archive.org/web/20111129172253/http://www.press.sk:80/aktuality/spojenie-zasielkoveho-obchodu-aeromedia-s-www.press.sk,20111129172253,skip
http://www.press.sk:80/aktuality/spojenie-zasielkoveho-obchodu-aeromedia-s-www.press.sk,https://web.archive.org/web/20111220085158/http://www.press.sk:80/aktuality/spojenie-zasielkoveho-obchodu-aeromedia-s-www.press.sk,20111220085158,skip
http://www.press.sk:80/aktuality/spojenie-zasielkoveho-obchodu-aeromedia-s-www.press.sk/,https://web.archive.org/web/20120112075705/http://www.press.sk:80/aktuality/spojenie-zasielkoveho-obchodu-aeromedia-s-www.press.sk/,20120112075705,skip
http://www.press.sk:80/aktuality/spojenie-zasielkoveho-obchodu-aeromedia-s-www.press.sk,https://web.archive.org/web/20120115091418/http://www.press.sk:80/aktuality/spojenie-zasielkoveho-obchodu-aeromedia-s-www.press.sk,20120115091418,skip
http://www.press.sk:80/aktuality/spojenie-zasielkoveho-obchodu-aeromedia-s-www.press.sk,https://web.archive.org/web/20120224012347/http://www.press.sk:80/aktuality/spojenie-zasielkoveho-obchodu-aeromedia-s-www.press.sk,20120224012347,skip
http://www.press.sk:80/aktuality/spojenie-zasielkoveho-obchodu-aeromedia-s-www.press.sk/,https://web.archive.org/web/20120313043146/http://www.press.sk:80/aktuality/spojenie-zasielkoveho-obchodu-aeromedia-s-www.press.sk/,20120313043146,skip
http://www.press.sk:80/aktuality/spojenie-zasielkoveho-obchodu-aeromedia-s-www.press.sk,https://web.archive.org/web/20120418183103/http://www.press.sk:80/aktuality/spojenie-zasielkoveho-obchodu-aeromedia-s-www.press.sk,20120418183103,skip
http://www.press.sk:80/aktuality/spojenie-zasielkoveho-obchodu-aeromedia-s-www.press.sk/,https://web.archive.org/web/20120513154813/http://www.press.sk:80/aktuality/spojenie-zasielkoveho-obchodu-aeromedia-s-www.press.sk/,20120513154813,skip
http://www.press.sk:80/aktuality/spojenie-zasielkoveho-obchodu-aeromedia-s-www.press.sk,https://web.archive.org/web/20120530215234/http://www.press.sk:80/aktuality/spojenie-zasielkoveho-obchodu-aeromedia-s-www.press.sk,20120530215234,skip
http://www.press.sk:80/aktuality/spojenie-zasielkoveho-obchodu-aeromedia-s-www.press.sk,https://web.archive.org/web/20120630161437/http://www.press.sk:80/aktuality/spojenie-zasielkoveho-obchodu-aeromedia-s-www.press.sk,20120630161437,skip
http://www.press.sk:80/aktuality/spojenie-zasielkoveho-obchodu-aeromedia-s-www.press.sk/,https://web.archive.org/web/20120714023026/http://www.press.sk:80/aktuality/spojenie-zasielkoveho-obchodu-aeromedia-s-www.press.sk/,20120714023026,skip
http://www.press.sk:80/aktuality/spojenie-zasielkoveho-obchodu-aeromedia-s-www.press.sk,https://web.archive.org/web/20120829014322/http://www.press.sk:80/aktuality/spojenie-zasielkoveho-obchodu-aeromedia-s-www.press.sk,20120829014322,skip
http://www.press.sk:80/aktuality/spojenie-zasielkoveho-obchodu-aeromedia-s-www.press.sk/,https://web.archive.org/web/20120913082021/http://www.press.sk:80/aktuality/spojenie-zasielkoveho-obchodu-aeromedia-s-www.press.sk/,20120913082021,skip
http://www.press.sk:80/aktuality/spojenie-zasielkoveho-obchodu-aeromedia-s-www.press.sk,https://web.archive.org/web/20121104134515/http://www.press.sk:80/aktuality/spojenie-zasielkoveho-obchodu-aeromedia-s-www.press.sk,20121104134515,skip
http://www.press.sk:80/aktuality/spojenie-zasielkoveho-obchodu-aeromedia-s-www.press.sk/,https://web.archive.org/web/20121116030713/http://www.press.sk:80/aktuality/spojenie-zasielkoveho-obchodu-aeromedia-s-www.press.sk/,20121116030713,skip
http://www.press.sk:80/aktuality/spojenie-zasielkoveho-obchodu-aeromedia-s-www.press.sk,https://web.archive.org/web/20121230192018/http://www.press.sk:80/aktuality/spojenie-zasielkoveho-obchodu-aeromedia-s-www.press.sk,20121230192018,skip
http://www.press.sk:80/aktuality/spojenie-zasielkoveho-obchodu-aeromedia-s-www.press.sk/,https://web.archive.org/web/20130116211901/http://www.press.sk:80/aktuality/spojenie-zasielkoveho-obchodu-aeromedia-s-www.press.sk/,20130116211901,skip
http://www.press.sk:80/aktuality/spojenie-zasielkoveho-obchodu-aeromedia-s-www.press.sk/,https://web.archive.org/web/20130318185531/http://www.press.sk:80/aktuality/spojenie-zasielkoveho-obchodu-aeromedia-s-www.press.sk/,20130318185531,skip
http://www.press.sk:80/aktuality/spojenie-zasielkoveho-obchodu-aeromedia-s-www.press.sk/,https://web.archive.org/web/20130519200325/http://www.press.sk:80/aktuality/spojenie-zasielkoveho-obchodu-aeromedia-s-www.press.sk/,20130519200325,skip
http://www.press.sk:80/aktuality/spojenie-zasielkoveho-obchodu-aeromedia-s-www.press.sk,https://web.archive.org/web/20130530195033/http://www.press.sk:80/aktuality/spojenie-zasielkoveho-obchodu-aeromedia-s-www.press.sk,20130530195033,skip
http://www.press.sk:80/aktuality/spojenie-zasielkoveho-obchodu-aeromedia-s-www.press.sk/,https://web.archive.org/web/20130719060833/http://www.press.sk:80/aktuality/spojenie-zasielkoveho-obchodu-aeromedia-s-www.press.sk/,20130719060833,skip
http://www.press.sk:80/aktuality/spojenie-zasielkoveho-obchodu-aeromedia-s-www.press.sk/,https://web.archive.org/web/20130917165714/http://www.press.sk:80/aktuality/spojenie-zasielkoveho-obchodu-aeromedia-s-www.press.sk/,20130917165714,skip
http://www.press.sk:80/aktuality/spojenie-zasielkoveho-obchodu-aeromedia-s-www.press.sk/,https://web.archive.org/web/20130918165858/http://www.press.sk:80/aktuality/spojenie-zasielkoveho-obchodu-aeromedia-s-www.press.sk/,20130918165858,skip
http://www.press.sk:80/aktuality/spojenie-zasielkoveho-obchodu-aeromedia-s-www.press.sk/,https://web.archive.org/web/20131203102841/http://www.press.sk:80/aktuality/spojenie-zasielkoveho-obchodu-aeromedia-s-www.press.sk/,20131203102841,skip
http://www.press.sk/aktuality/spojenie-zasielkoveho-obchodu-aeromedia-s-www.press.sk/,https://web.archive.org/web/20131212190513/http://www.press.sk/aktuality/spojenie-zasielkoveho-obchodu-aeromedia-s-www.press.sk/,20131212190513,skip
http://www.press.sk:80/aktuality/spojenie-zasielkoveho-obchodu-aeromedia-s-www.press.sk/,https://web.archive.org/web/20140212020223/http://www.press.sk:80/aktuality/spojenie-zasielkoveho-obchodu-aeromedia-s-www.press.sk/,20140212020223,skip
http://www.press.sk:80/aktuality/spojenie-zasielkoveho-obchodu-aeromedia-s-www.press.sk/,https://web.archive.org/web/20140413203558/http://www.press.sk:80/aktuality/spojenie-zasielkoveho-obchodu-aeromedia-s-www.press.sk/,20140413203558,skip
http://www.press.sk:80/aktuality/spojenie-zasielkoveho-obchodu-aeromedia-s-www.press.sk/,https://web.archive.org/web/20140613141559/http://www.press.sk:80/aktuality/spojenie-zasielkoveho-obchodu-aeromedia-s-www.press.sk/,20140613141559,skip
http://www.press.sk:80/aktuality/spojenie-zasielkoveho-obchodu-aeromedia-s-www.press.sk/,https://web.archive.org/web/20140813152136/http://www.press.sk:80/aktuality/spojenie-zasielkoveho-obchodu-aeromedia-s-www.press.sk/,20140813152136,skip
http://www.press.sk/aktuality/spojenie-zasielkoveho-obchodu-aeromedia-s-www.press.sk/,https://web.archive.org/web/20140827150519/http://www.press.sk/aktuality/spojenie-zasielkoveho-obchodu-aeromedia-s-www.press.sk/,20140827150519,skip
http://www.press.sk:80/aktuality/spojenie-zasielkoveho-obchodu-aeromedia-s-www.press.sk/,https://web.archive.org/web/20140929162352/http://www.press.sk:80/aktuality/spojenie-zasielkoveho-obchodu-aeromedia-s-www.press.sk/,20140929162352,skip
http://www.press.sk:80/aktuality/spojenie-zasielkoveho-obchodu-aeromedia-s-www.press.sk/,https://web.archive.org/web/20141221205639/http://www.press.sk:80/aktuality/spojenie-zasielkoveho-obchodu-aeromedia-s-www.press.sk/,20141221205639,skip
http://www.press.sk/aktuality/spojenie-zasielkoveho-obchodu-aeromedia-s-www.press.sk/,https://web.archive.org/web/20150214071748/http://www.press.sk/aktuality/spojenie-zasielkoveho-obchodu-aeromedia-s-www.press.sk/,20150214071748,skip
http://www.press.sk:80/aktuality/spojenie-zasielkoveho-obchodu-aeromedia-s-www.press.sk/,https://web.archive.org/web/20150307092450/http://www.press.sk:80/aktuality/spojenie-zasielkoveho-obchodu-aeromedia-s-www.press.sk/,20150307092450,skip
http://www.press.sk:80/aktuality/spojenie-zasielkoveho-obchodu-aeromedia-s-www.press.sk/,https://web.archive.org/web/20150507021647/http://www.press.sk:80/aktuality/spojenie-zasielkoveho-obchodu-aeromedia-s-www.press.sk/,20150507021647,skip
http://www.press.sk/aktuality/spojenie-zasielkoveho-obchodu-aeromedia-s-www.press.sk,https://web.archive.org/web/20160313131520/http://www.press.sk/aktuality/spojenie-zasielkoveho-obchodu-aeromedia-s-www.press.sk,20160313131520,skip
http://www.press.sk/aktuality/stavebni-stroje---nova-kolekcia-modelov/,https://web.archive.org/web/20130510200700/http://www.press.sk/aktuality/stavebni-stroje---nova-kolekcia-modelov/,20130510200700,skip
http://www.press.sk:80/aktuality/stihaci-v-boji---letecke-souboje/,https://web.archive.org/web/20110613232509/http://www.press.sk:80/aktuality/stihaci-v-boji---letecke-souboje/,20110613232509,skip
http://www.press.sk:80/aktuality/stihaci-v-boji---letecke-souboje/,https://web.archive.org/web/20110615094405/http://www.press.sk:80/aktuality/stihaci-v-boji---letecke-souboje/,20110615094405,skip
http://www.press.sk:80/aktuality/stihaci-v-boji---letecke-souboje/,https://web.archive.org/web/20110815052911/http://www.press.sk:80/aktuality/stihaci-v-boji---letecke-souboje/,20110815052911,skip
http://www.press.sk:80/aktuality/stihaci-v-boji---letecke-souboje/,https://web.archive.org/web/20111019114436/http://www.press.sk:80/aktuality/stihaci-v-boji---letecke-souboje/,20111019114436,skip
http://www.press.sk:80/aktuality/stihaci-v-boji---letecke-souboje/,https://web.archive.org/web/20111218190903/http://www.press.sk:80/aktuality/stihaci-v-boji---letecke-souboje/,20111218190903,skip
http://www.press.sk/aktuality/stihaci-v-boji---letecke-souboje/,https://web.archive.org/web/20120307161117/http://www.press.sk/aktuality/stihaci-v-boji---letecke-souboje/,20120307161117,skip
http://www.press.sk/aktuality/taxiky-sveta---kolekcia-modelov/,https://web.archive.org/web/20130510201622/http://www.press.sk/aktuality/taxiky-sveta---kolekcia-modelov/,20130510201622,skip
http://www.press.sk/aktuality/the-weathering-magazine--twm-19---pigmenty/,https://web.archive.org/web/20170611114650/http://www.press.sk/aktuality/the-weathering-magazine--twm-19---pigmenty/,20170611114650,skip
http://www.press.sk/aktuality/the-weathering-magazine-twm-18---realne/,https://web.archive.org/web/20170611141505/http://www.press.sk/aktuality/the-weathering-magazine-twm-18---realne/,20170611141505,skip
http://www.press.sk:80/aktuality/valecne-silenstvi---reedicia-vojnovych-dokumentov-za-jedinecne-ceny,https://web.archive.org/web/20120225042312/http://www.press.sk:80/aktuality/valecne-silenstvi---reedicia-vojnovych-dokumentov-za-jedinecne-ceny,20120225042312,skip
http://www.press.sk:80/aktuality/valecne-silenstvi---reedicia-vojnovych-dokumentov-za-jedinecne-ceny/,https://web.archive.org/web/20120226042248/http://www.press.sk:80/aktuality/valecne-silenstvi---reedicia-vojnovych-dokumentov-za-jedinecne-ceny/,20120226042248,skip
http://www.press.sk:80/aktuality/valecne-silenstvi---reedicia-vojnovych-dokumentov-za-jedinecne-ceny,https://web.archive.org/web/20120419084124/http://www.press.sk:80/aktuality/valecne-silenstvi---reedicia-vojnovych-dokumentov-za-jedinecne-ceny,20120419084124,skip
http://www.press.sk:80/aktuality/valecne-silenstvi---reedicia-vojnovych-dokumentov-za-jedinecne-ceny/,https://web.archive.org/web/20120427002747/http://www.press.sk:80/aktuality/valecne-silenstvi---reedicia-vojnovych-dokumentov-za-jedinecne-ceny/,20120427002747,skip
http://www.press.sk:80/aktuality/valecne-silenstvi---reedicia-vojnovych-dokumentov-za-jedinecne-ceny/,https://web.archive.org/web/20120626163451/http://www.press.sk:80/aktuality/valecne-silenstvi---reedicia-vojnovych-dokumentov-za-jedinecne-ceny/,20120626163451,skip
http://www.press.sk:80/aktuality/valecne-silenstvi---reedicia-vojnovych-dokumentov-za-jedinecne-ceny,https://web.archive.org/web/20120627021843/http://www.press.sk:80/aktuality/valecne-silenstvi---reedicia-vojnovych-dokumentov-za-jedinecne-ceny,20120627021843,skip
http://www.press.sk:80/aktuality/valecne-silenstvi---reedicia-vojnovych-dokumentov-za-jedinecne-ceny,https://web.archive.org/web/20120829152532/http://www.press.sk:80/aktuality/valecne-silenstvi---reedicia-vojnovych-dokumentov-za-jedinecne-ceny,20120829152532,skip
http://www.press.sk:80/aktuality/valecne-silenstvi---reedicia-vojnovych-dokumentov-za-jedinecne-ceny,https://web.archive.org/web/20121106054916/http://www.press.sk:80/aktuality/valecne-silenstvi---reedicia-vojnovych-dokumentov-za-jedinecne-ceny,20121106054916,skip
http://www.press.sk:80/aktuality/valecne-silenstvi---reedicia-vojnovych-dokumentov-za-jedinecne-ceny,https://web.archive.org/web/20121228015737/http://www.press.sk:80/aktuality/valecne-silenstvi---reedicia-vojnovych-dokumentov-za-jedinecne-ceny,20121228015737,skip
http://www.press.sk:80/aktuality/valecne-silenstvi---reedicia-vojnovych-dokumentov-za-jedinecne-ceny,https://web.archive.org/web/20130129054120/http://www.press.sk:80/aktuality/valecne-silenstvi---reedicia-vojnovych-dokumentov-za-jedinecne-ceny,20130129054120,skip
http://www.press.sk:80/aktuality/valecne-silenstvi---reedicia-vojnovych-dokumentov-za-jedinecne-ceny,https://web.archive.org/web/20130331150714/http://www.press.sk:80/aktuality/valecne-silenstvi---reedicia-vojnovych-dokumentov-za-jedinecne-ceny,20130331150714,skip
http://www.press.sk:80/aktuality/valecne-silenstvi---reedicia-vojnovych-dokumentov-za-jedinecne-ceny,https://web.archive.org/web/20130524201329/http://www.press.sk:80/aktuality/valecne-silenstvi---reedicia-vojnovych-dokumentov-za-jedinecne-ceny,20130524201329,skip
http://www.press.sk:80/aktuality/vojenske-misie/,https://web.archive.org/web/20121009021630/http://www.press.sk:80/aktuality/vojenske-misie/,20121009021630,skip
http://www.press.sk/aktuality/vojenske-misie/,https://web.archive.org/web/20130510224412/http://www.press.sk/aktuality/vojenske-misie/,20130510224412,skip
http://www.press.sk:80/aktuality/vyber-periodik-45.tyzden/,https://web.archive.org/web/20090125141436/http://www.press.sk:80/aktuality/vyber-periodik-45.tyzden/,20090125141436,skip
http://www.press.sk:80/aktuality/vyber-periodik-47.tyzden/,https://web.archive.org/web/20081208022713/http://www.press.sk:80/aktuality/vyber-periodik-47.tyzden/,20081208022713,skip
http://www.press.sk:80/aktuality/vyber-periodik-47.tyzden/,https://web.archive.org/web/20090125141455/http://www.press.sk:80/aktuality/vyber-periodik-47.tyzden/,20090125141455,skip
http://www.press.sk:80/aktuality/vyber-z-periodik-49.tyzden/,https://web.archive.org/web/20090125141512/http://www.press.sk:80/aktuality/vyber-z-periodik-49.tyzden/,20090125141512,skip
http://www.press.sk/aktuality/vyhercovia-sutaze-macko-pusik---marec-2014/,https://web.archive.org/web/20140812072944/http://www.press.sk/aktuality/vyhercovia-sutaze-macko-pusik---marec-2014/,20140812072944,skip
http://www.press.sk/aktuality/zbarveni-a-oznacovani-vozidel-ceskoslovenske-armady-v-letech-1945n1992/,https://web.archive.org/web/20170405212253/http://www.press.sk/aktuality/zbarveni-a-oznacovani-vozidel-ceskoslovenske-armady-v-letech-1945n1992/,20170405212253,skip
https://www.press.sk/akvaristika/,https://web.archive.org/web/20190721074158/https://www.press.sk/akvaristika/,20190721074158,skip
https://www.press.sk/akvaristika/,https://web.archive.org/web/20190923211303/https://www.press.sk/akvaristika/,20190923211303,skip
https://www.press.sk/akvaristika/,https://web.archive.org/web/20191119033839/https://www.press.sk/akvaristika/,20191119033839,skip
https://www.press.sk/akvaristika/,https://web.archive.org/web/20230311055259/https://www.press.sk/akvaristika/,20230311055259,skip
https://www.press.sk/akvaristika/akvarium+20289/,https://web.archive.org/web/20190822224312/https://www.press.sk/akvaristika/akvarium+20289/,20190822224312,skip
http://www.press.sk:80/akvaristika/vase-akvarium,https://web.archive.org/web/20170410110122/http://www.press.sk:80/akvaristika/vase-akvarium,20170410110122,skip
http://www.press.sk:80/akvaristika/vase-akvarium,https://web.archive.org/web/20170515050428/http://www.press.sk:80/akvaristika/vase-akvarium,20170515050428,skip
https://www.press.sk/alternativna-medicina/,https://web.archive.org/web/20170731135159/https://www.press.sk/alternativna-medicina/,20170731135159,skip
https://www.press.sk/alternativna-medicina/,https://web.archive.org/web/20190724005914/https://www.press.sk/alternativna-medicina/,20190724005914,skip
https://www.press.sk/alternativna-medicina/,https://web.archive.org/web/20190922085208/https://www.press.sk/alternativna-medicina/,20190922085208,skip
https://www.press.sk/alternativna-medicina/,https://web.archive.org/web/20191115190939/https://www.press.sk/alternativna-medicina/,20191115190939,skip
https://www.press.sk/alternativna-medicina/,https://web.archive.org/web/20230311055300/https://www.press.sk/alternativna-medicina/,20230311055300,skip
https://www.press.sk/alternativna-medicina/carodejne-byliny-znovuobjevene-znalosti-babek-korenarek/,https://web.archive.org/web/20191020012757/https://www.press.sk/alternativna-medicina/carodejne-byliny-znovuobjevene-znalosti-babek-korenarek/,20191020012757,skip
https://www.press.sk/alternativna-medicina/cinska-medicina-pro-kazdy-den/,https://web.archive.org/web/20191017083131/https://www.press.sk/alternativna-medicina/cinska-medicina-pro-kazdy-den/,20191017083131,skip
https://www.press.sk/alternativna-medicina/cinska-medicina-pro-kazdy-den/,https://web.archive.org/web/20191205214920/https://www.press.sk/alternativna-medicina/cinska-medicina-pro-kazdy-den/,20191205214920,skip
https://www.press.sk/alternativna-medicina/cirkadianni-kod-proti-cukrovce-odhalte-spravny-cas-kdy-jist-spat/,https://web.archive.org/web/20230311055307/https://www.press.sk/alternativna-medicina/cirkadianni-kod-proti-cukrovce-odhalte-spravny-cas-kdy-jist-spat/,20230311055307,skip
https://www.press.sk/alternativna-medicina/cvicime-v-kancelari-jednoduche-cviky-proti-bolesti-zad/,https://web.archive.org/web/20190721071408/https://www.press.sk/alternativna-medicina/cvicime-v-kancelari-jednoduche-cviky-proti-bolesti-zad/,20190721071408,skip
https://www.press.sk/alternativna-medicina/cvicime-v-kancelari-jednoduche-cviky-proti-bolesti-zad/,https://web.archive.org/web/20190922145225/https://www.press.sk/alternativna-medicina/cvicime-v-kancelari-jednoduche-cviky-proti-bolesti-zad/,20190922145225,skip
https://www.press.sk/alternativna-medicina/cvicime-v-kancelari-jednoduche-cviky-proti-bolesti-zad/,https://web.archive.org/web/20191122011012/https://www.press.sk/alternativna-medicina/cvicime-v-kancelari-jednoduche-cviky-proti-bolesti-zad/,20191122011012,skip
https://www.press.sk/alternativna-medicina/lesni-lekarna/,https://web.archive.org/web/20190721214916/https://www.press.sk/alternativna-medicina/lesni-lekarna/,20190721214916,skip
https://www.press.sk/alternativna-medicina/lesni-lekarna/,https://web.archive.org/web/20190922145652/https://www.press.sk/alternativna-medicina/lesni-lekarna/,20190922145652,skip
https://www.press.sk/alternativna-medicina/lesni-lekarna/,https://web.archive.org/web/20191113155852/https://www.press.sk/alternativna-medicina/lesni-lekarna/,20191113155852,skip
https://www.press.sk/alternativna-medicina/medunka-adresar-pomoci/,https://web.archive.org/web/20190822230613/https://www.press.sk/alternativna-medicina/medunka-adresar-pomoci/,20190822230613,skip
https://www.press.sk/alternativna-medicina/medunka-adresar-pomoci/,https://web.archive.org/web/20191013234651/https://www.press.sk/alternativna-medicina/medunka-adresar-pomoci/,20191013234651,skip
https://www.press.sk/alternativna-medicina/medunka-adresar-pomoci/,https://web.archive.org/web/20191207100749/https://www.press.sk/alternativna-medicina/medunka-adresar-pomoci/,20191207100749,skip
https://www.press.sk/alternativna-medicina/medunka-adresar-pomoci/,https://web.archive.org/web/20230311055306/https://www.press.sk/alternativna-medicina/medunka-adresar-pomoci/,20230311055306,skip
https://www.press.sk/alternativna-medicina/uzitecne-bakterie-pro-zdravou-pokozku-jak-nam-pomohou-pre-a-prob/,https://web.archive.org/web/20230311055306/https://www.press.sk/alternativna-medicina/uzitecne-bakterie-pro-zdravou-pokozku-jak-nam-pomohou-pre-a-prob/,20230311055306,skip
https://www.press.sk/alternativna-medicina/zdravi-z-bozi-lekarny/,https://web.archive.org/web/20190825011022/https://www.press.sk/alternativna-medicina/zdravi-z-bozi-lekarny/,20190825011022,skip
http://www.press.sk:80/amercom/,https://web.archive.org/web/20111204213913/http://www.press.sk:80/amercom/,20111204213913,skip
http://www.press.sk:80/amercom/,https://web.archive.org/web/20120203131315/http://www.press.sk:80/amercom/,20120203131315,skip
http://www.press.sk:80/amercom,https://web.archive.org/web/20120225042317/http://www.press.sk:80/amercom,20120225042317,skip
http://www.press.sk:80/amercom/,https://web.archive.org/web/20120404045018/http://www.press.sk:80/amercom/,20120404045018,skip
http://www.press.sk:80/amercom,https://web.archive.org/web/20120419212926/http://www.press.sk:80/amercom,20120419212926,skip
http://www.press.sk:80/amercom/,https://web.archive.org/web/20120422162820/http://www.press.sk:80/amercom/,20120422162820,skip
http://www.press.sk:80/amercom,https://web.archive.org/web/20120528194037/http://www.press.sk:80/amercom,20120528194037,skip
http://www.press.sk:80/amercom/,https://web.archive.org/web/20120622065749/http://www.press.sk:80/amercom/,20120622065749,skip
http://www.press.sk:80/amercom,https://web.archive.org/web/20120629122108/http://www.press.sk:80/amercom,20120629122108,skip
http://www.press.sk:80/amercom/,https://web.archive.org/web/20120823013653/http://www.press.sk:80/amercom/,20120823013653,skip
http://www.press.sk:80/amercom,https://web.archive.org/web/20120828112903/http://www.press.sk:80/amercom,20120828112903,skip
http://www.press.sk:80/amercom/,https://web.archive.org/web/20121022081136/http://www.press.sk:80/amercom/,20121022081136,skip
http://www.press.sk:80/amercom,https://web.archive.org/web/20121103204418/http://www.press.sk:80/amercom,20121103204418,skip
http://www.press.sk:80/amercom/,https://web.archive.org/web/20121222013151/http://www.press.sk:80/amercom/,20121222013151,skip
http://www.press.sk:80/amercom,https://web.archive.org/web/20121230015302/http://www.press.sk:80/amercom,20121230015302,skip
http://www.press.sk:80/amercom/,https://web.archive.org/web/20130221035815/http://www.press.sk:80/amercom/,20130221035815,skip
http://www.press.sk:80/amercom,https://web.archive.org/web/20130329121607/http://www.press.sk:80/amercom,20130329121607,skip
http://www.press.sk:80/amercom/,https://web.archive.org/web/20130424064219/http://www.press.sk:80/amercom/,20130424064219,skip
http://www.press.sk/amercom/,https://web.archive.org/web/20130425052145/http://www.press.sk/amercom/,20130425052145,skip
http://www.press.sk:80/amercom,https://web.archive.org/web/20130529200213/http://www.press.sk:80/amercom,20130529200213,skip
http://www.press.sk:80/amercom/,https://web.archive.org/web/20130624121522/http://www.press.sk:80/amercom/,20130624121522,skip
http://www.press.sk:80/amercom/,https://web.archive.org/web/20130824075305/http://www.press.sk:80/amercom/,20130824075305,skip
http://www.press.sk/amercom/,https://web.archive.org/web/20130906145008/http://www.press.sk/amercom/,20130906145008,skip
http://www.press.sk:80/amercom/,https://web.archive.org/web/20131024003653/http://www.press.sk:80/amercom/,20131024003653,skip
http://www.press.sk:80/amercom/,https://web.archive.org/web/20131223220207/http://www.press.sk:80/amercom/,20131223220207,skip
http://www.press.sk/amercom/,https://web.archive.org/web/20140117060345/http://www.press.sk/amercom/,20140117060345,skip
http://www.press.sk:80/amercom,https://web.archive.org/web/20140126000554/http://www.press.sk:80/amercom,20140126000554,skip
http://www.press.sk/amercom/,https://web.archive.org/web/20140214102127/http://www.press.sk/amercom/,20140214102127,skip
http://www.press.sk:80/amercom/,https://web.archive.org/web/20140222120735/http://www.press.sk:80/amercom/,20140222120735,skip
http://www.press.sk:80/amercom,https://web.archive.org/web/20140226080320/http://www.press.sk:80/amercom,20140226080320,skip
http://www.press.sk:80/amercom/,https://web.archive.org/web/20140424064408/http://www.press.sk:80/amercom/,20140424064408,skip
http://www.press.sk:80/amercom,https://web.archive.org/web/20140705062207/http://www.press.sk:80/amercom,20140705062207,skip
http://www.press.sk:80/amercom,https://web.archive.org/web/20140706064421/http://www.press.sk:80/amercom,20140706064421,skip
http://www.press.sk/amercom/,https://web.archive.org/web/20140813074434/http://www.press.sk/amercom/,20140813074434,skip
http://www.press.sk:80/amercom/,https://web.archive.org/web/20140823194555/http://www.press.sk:80/amercom/,20140823194555,skip
http://www.press.sk:80/amercom/,https://web.archive.org/web/20141006014657/http://www.press.sk:80/amercom/,20141006014657,skip
http://www.press.sk:80/amercom/,https://web.archive.org/web/20141208004155/http://www.press.sk:80/amercom/,20141208004155,skip
http://www.press.sk:80/amercom,https://web.archive.org/web/20150308123520/http://www.press.sk:80/amercom,20150308123520,skip
http://www.press.sk:80/amercom/,https://web.archive.org/web/20150310090928/http://www.press.sk:80/amercom/,20150310090928,skip
http://www.press.sk:80/amercom,https://web.archive.org/web/20150408170214/http://www.press.sk:80/amercom,20150408170214,skip
http://www.press.sk/amercom/,https://web.archive.org/web/20150418193131/http://www.press.sk/amercom/,20150418193131,skip
http://www.press.sk:80/amercom,https://web.archive.org/web/20150509070021/http://www.press.sk:80/amercom,20150509070021,skip
http://www.press.sk:80/amercom/,https://web.archive.org/web/20150509194214/http://www.press.sk:80/amercom/,20150509194214,skip
http://www.press.sk:80/amercom,https://web.archive.org/web/20150609043406/http://www.press.sk:80/amercom,20150609043406,skip
http://www.press.sk:80/amercom,https://web.archive.org/web/20150710102235/http://www.press.sk:80/amercom,20150710102235,skip
http://www.press.sk:80/amercom/,https://web.archive.org/web/20150711130359/http://www.press.sk:80/amercom/,20150711130359,skip
http://www.press.sk:80/amercom,https://web.archive.org/web/20150810124209/http://www.press.sk:80/amercom,20150810124209,skip
http://www.press.sk:80/amercom/,https://web.archive.org/web/20150909214520/http://www.press.sk:80/amercom/,20150909214520,skip
http://www.press.sk:80/amercom,https://web.archive.org/web/20150910104309/http://www.press.sk:80/amercom,20150910104309,skip
http://www.press.sk:80/amercom/,https://web.archive.org/web/20151109051301/http://www.press.sk:80/amercom/,20151109051301,skip
http://www.press.sk:80/amercom,https://web.archive.org/web/20151113012758/http://www.press.sk:80/amercom,20151113012758,skip
http://www.press.sk:80/amercom,https://web.archive.org/web/20151215142010/http://www.press.sk:80/amercom,20151215142010,skip
http://www.press.sk:80/amercom/,https://web.archive.org/web/20160110044148/http://www.press.sk:80/amercom/,20160110044148,skip
http://www.press.sk:80/amercom/,https://web.archive.org/web/20160311074129/http://www.press.sk:80/amercom/,20160311074129,skip
http://www.press.sk/amercom/,https://web.archive.org/web/20160324110645/http://www.press.sk/amercom/,20160324110645,skip
http://www.press.sk:80/amercom,https://web.archive.org/web/20160330111724/http://www.press.sk:80/amercom,20160330111724,skip
http://www.press.sk:80/amercom/,https://web.archive.org/web/20160511122346/http://www.press.sk:80/amercom/,20160511122346,skip
http://www.press.sk:80/amercom,https://web.archive.org/web/20160514033937/http://www.press.sk:80/amercom,20160514033937,skip
http://www.press.sk:80/amercom,https://web.archive.org/web/20160515135524/http://www.press.sk:80/amercom,20160515135524,skip
http://www.press.sk:80/amercom,https://web.archive.org/web/20160616080408/http://www.press.sk:80/amercom,20160616080408,skip
http://www.press.sk/amercom/,https://web.archive.org/web/20160624005726/http://www.press.sk/amercom/,20160624005726,skip
http://www.press.sk:80/amercom/,https://web.archive.org/web/20160711113135/http://www.press.sk:80/amercom/,20160711113135,skip
http://www.press.sk:80/amercom/,https://web.archive.org/web/20160910135651/http://www.press.sk:80/amercom/,20160910135651,skip
http://www.press.sk/amercom/,https://web.archive.org/web/20161030105239/http://www.press.sk/amercom/,20161030105239,skip
http://www.press.sk:80/amercom/,https://web.archive.org/web/20161110234109/http://www.press.sk:80/amercom/,20161110234109,skip
http://www.press.sk:80/amercom/,https://web.archive.org/web/20161207113125/http://www.press.sk:80/amercom/,20161207113125,skip
http://www.press.sk:80/amercom/bojova-vozidla-c.01/,https://web.archive.org/web/20120226094807/http://www.press.sk:80/amercom/bojova-vozidla-c.01/,20120226094807,skip
http://www.press.sk:80/amercom/bojova-vozidla-c.01,https://web.archive.org/web/20120827043410/http://www.press.sk:80/amercom/bojova-vozidla-c.01,20120827043410,skip
http://www.press.sk:80/amercom/bojova-vozidla-c.01/,https://web.archive.org/web/20120828152259/http://www.press.sk:80/amercom/bojova-vozidla-c.01/,20120828152259,skip
http://www.press.sk:80/amercom/bojova-vozidla-c.01,https://web.archive.org/web/20121114113001/http://www.press.sk:80/amercom/bojova-vozidla-c.01,20121114113001,skip
http://www.press.sk:80/amercom/bojova-vozidla-c.01,https://web.archive.org/web/20121229231936/http://www.press.sk:80/amercom/bojova-vozidla-c.01,20121229231936,skip
http://www.press.sk/amercom/bojova-vozidla-c.01/,https://web.archive.org/web/20130510234732/http://www.press.sk/amercom/bojova-vozidla-c.01/,20130510234732,skip
http://www.press.sk:80/amercom/bojova-vozidla-c.01,https://web.archive.org/web/20130529063410/http://www.press.sk:80/amercom/bojova-vozidla-c.01,20130529063410,skip
http://www.press.sk:80/amercom/bojova-vozidla-c.01/,https://web.archive.org/web/20140127032851/http://www.press.sk:80/amercom/bojova-vozidla-c.01/,20140127032851,skip
http://www.press.sk:80/amercom/bojova-vozidla-c.02/,https://web.archive.org/web/20120226095610/http://www.press.sk:80/amercom/bojova-vozidla-c.02/,20120226095610,skip
http://www.press.sk/amercom/bojova-vozidla-c.02/,https://web.archive.org/web/20130622153523/http://www.press.sk/amercom/bojova-vozidla-c.02/,20130622153523,skip
http://www.press.sk:80/amercom/bojova-vozidla-c.03/,https://web.archive.org/web/20120226093304/http://www.press.sk:80/amercom/bojova-vozidla-c.03/,20120226093304,skip
http://www.press.sk/amercom/bojova-vozidla-c.03/,https://web.archive.org/web/20130622163821/http://www.press.sk/amercom/bojova-vozidla-c.03/,20130622163821,skip
http://www.press.sk:80/amercom/bojova-vozidla-c.04/,https://web.archive.org/web/20120226093309/http://www.press.sk:80/amercom/bojova-vozidla-c.04/,20120226093309,skip
http://www.press.sk/amercom/bojova-vozidla-c.04/,https://web.archive.org/web/20130622163812/http://www.press.sk/amercom/bojova-vozidla-c.04/,20130622163812,skip
http://www.press.sk:80/amercom/bojova-vozidla-c.05/,https://web.archive.org/web/20120226094812/http://www.press.sk:80/amercom/bojova-vozidla-c.05/,20120226094812,skip
http://www.press.sk/amercom/bojova-vozidla-c.05/,https://web.archive.org/web/20130622153550/http://www.press.sk/amercom/bojova-vozidla-c.05/,20130622153550,skip
http://www.press.sk:80/amercom/bojova-vozidla-c.06/,https://web.archive.org/web/20120226093314/http://www.press.sk:80/amercom/bojova-vozidla-c.06/,20120226093314,skip
http://www.press.sk/amercom/bojova-vozidla-c.06/,https://web.archive.org/web/20130622152012/http://www.press.sk/amercom/bojova-vozidla-c.06/,20130622152012,skip
http://www.press.sk:80/amercom/bojova-vozidla-c.07/,https://web.archive.org/web/20120226093319/http://www.press.sk:80/amercom/bojova-vozidla-c.07/,20120226093319,skip
http://www.press.sk/amercom/bojova-vozidla-c.07/,https://web.archive.org/web/20130622142317/http://www.press.sk/amercom/bojova-vozidla-c.07/,20130622142317,skip
http://www.press.sk:80/amercom/bojova-vozidla-c.08/,https://web.archive.org/web/20120226095426/http://www.press.sk:80/amercom/bojova-vozidla-c.08/,20120226095426,skip
http://www.press.sk/amercom/bojova-vozidla-c.08/,https://web.archive.org/web/20130622152101/http://www.press.sk/amercom/bojova-vozidla-c.08/,20130622152101,skip
http://www.press.sk:80/amercom/bojova-vozidla-c.09/,https://web.archive.org/web/20120226095857/http://www.press.sk:80/amercom/bojova-vozidla-c.09/,20120226095857,skip
http://www.press.sk/amercom/bojova-vozidla-c.09/,https://web.archive.org/web/20130622144818/http://www.press.sk/amercom/bojova-vozidla-c.09/,20130622144818,skip
http://www.press.sk:80/amercom/bojova-vozidla-c.10/,https://web.archive.org/web/20120226095902/http://www.press.sk:80/amercom/bojova-vozidla-c.10/,20120226095902,skip
http://www.press.sk/amercom/bojova-vozidla-c.10/,https://web.archive.org/web/20130622161451/http://www.press.sk/amercom/bojova-vozidla-c.10/,20130622161451,skip
http://www.press.sk:80/amercom/bojova-vozidla-c.11/,https://web.archive.org/web/20120226095907/http://www.press.sk:80/amercom/bojova-vozidla-c.11/,20120226095907,skip
http://www.press.sk/amercom/bojova-vozidla-c.11/,https://web.archive.org/web/20130622164926/http://www.press.sk/amercom/bojova-vozidla-c.11/,20130622164926,skip
http://www.press.sk:80/amercom/bojova-vozidla-c.12/,https://web.archive.org/web/20120226095615/http://www.press.sk:80/amercom/bojova-vozidla-c.12/,20120226095615,skip
http://www.press.sk/amercom/bojova-vozidla-c.12/,https://web.archive.org/web/20130622141744/http://www.press.sk/amercom/bojova-vozidla-c.12/,20130622141744,skip
http://www.press.sk:80/amercom/bojova-vozidla-c.13/,https://web.archive.org/web/20120226095431/http://www.press.sk:80/amercom/bojova-vozidla-c.13/,20120226095431,skip
http://www.press.sk/amercom/bojova-vozidla-c.13/,https://web.archive.org/web/20130622145339/http://www.press.sk/amercom/bojova-vozidla-c.13/,20130622145339,skip
http://www.press.sk/amercom/bojova-vozidla-c.14/,https://web.archive.org/web/20130622144622/http://www.press.sk/amercom/bojova-vozidla-c.14/,20130622144622,skip
http://www.press.sk:80/amercom/bojova-vozidla-c.15/,https://web.archive.org/web/20120226095436/http://www.press.sk:80/amercom/bojova-vozidla-c.15/,20120226095436,skip
http://www.press.sk/amercom/bojova-vozidla-c.15/,https://web.archive.org/web/20130622143039/http://www.press.sk/amercom/bojova-vozidla-c.15/,20130622143039,skip
http://www.press.sk:80/amercom/bojova-vozidla-c.16/,https://web.archive.org/web/20120226095912/http://www.press.sk:80/amercom/bojova-vozidla-c.16/,20120226095912,skip
http://www.press.sk/amercom/bojova-vozidla-c.16/,https://web.archive.org/web/20130622164908/http://www.press.sk/amercom/bojova-vozidla-c.16/,20130622164908,skip
http://www.press.sk:80/amercom/bojova-vozidla-c.17/,https://web.archive.org/web/20120226095620/http://www.press.sk:80/amercom/bojova-vozidla-c.17/,20120226095620,skip
http://www.press.sk/amercom/bojova-vozidla-c.17/,https://web.archive.org/web/20130622161528/http://www.press.sk/amercom/bojova-vozidla-c.17/,20130622161528,skip
http://www.press.sk/amercom/bojova-vozidla-c.18/,https://web.archive.org/web/20130622164943/http://www.press.sk/amercom/bojova-vozidla-c.18/,20130622164943,skip
http://www.press.sk/amercom/bojova-vozidla-c.19/,https://web.archive.org/web/20130622161622/http://www.press.sk/amercom/bojova-vozidla-c.19/,20130622161622,skip
http://www.press.sk/amercom/bojova-vozidla-c.20/,https://web.archive.org/web/20130622160716/http://www.press.sk/amercom/bojova-vozidla-c.20/,20130622160716,skip
http://www.press.sk/amercom/bojova-vozidla-c.21/,https://web.archive.org/web/20130622164615/http://www.press.sk/amercom/bojova-vozidla-c.21/,20130622164615,skip
http://www.press.sk/amercom/bojova-vozidla-c.22/,https://web.archive.org/web/20130622143057/http://www.press.sk/amercom/bojova-vozidla-c.22/,20130622143057,skip
http://www.press.sk/amercom/bojova-vozidla-c.23/,https://web.archive.org/web/20130622145316/http://www.press.sk/amercom/bojova-vozidla-c.23/,20130622145316,skip
http://www.press.sk/amercom/bojova-vozidla-c.24/,https://web.archive.org/web/20130622145258/http://www.press.sk/amercom/bojova-vozidla-c.24/,20130622145258,skip
http://www.press.sk/amercom/bojova-vozidla-c.25/,https://web.archive.org/web/20130622141940/http://www.press.sk/amercom/bojova-vozidla-c.25/,20130622141940,skip
http://www.press.sk/amercom/bojova-vozidla-c.26/,https://web.archive.org/web/20130622164655/http://www.press.sk/amercom/bojova-vozidla-c.26/,20130622164655,skip
http://www.press.sk/amercom/bojova-vozidla-c.27/,https://web.archive.org/web/20130622160700/http://www.press.sk/amercom/bojova-vozidla-c.27/,20130622160700,skip
http://www.press.sk/amercom/bojova-vozidla-c.28/,https://web.archive.org/web/20130622164541/http://www.press.sk/amercom/bojova-vozidla-c.28/,20130622164541,skip
http://www.press.sk/amercom/bojova-vozidla-c.29/,https://web.archive.org/web/20130622160629/http://www.press.sk/amercom/bojova-vozidla-c.29/,20130622160629,skip
http://www.press.sk:80/amercom/bojova-vozidla-c.30/,https://web.archive.org/web/20120226093324/http://www.press.sk:80/amercom/bojova-vozidla-c.30/,20120226093324,skip
http://www.press.sk/amercom/bojova-vozidla-c.30/,https://web.archive.org/web/20130510231427/http://www.press.sk/amercom/bojova-vozidla-c.30/,20130510231427,skip
http://www.press.sk:80/amercom/bojova-vozidla-c.30/,https://web.archive.org/web/20140127032856/http://www.press.sk:80/amercom/bojova-vozidla-c.30/,20140127032856,skip
http://www.press.sk:80/amercom/bojova-vozidla-c.30/,https://web.archive.org/web/20150311041125/http://www.press.sk:80/amercom/bojova-vozidla-c.30/,20150311041125,skip
http://www.press.sk:80/amercom/bojova-vozidla-c.30/,https://web.archive.org/web/20151114183543/http://www.press.sk:80/amercom/bojova-vozidla-c.30/,20151114183543,skip
http://www.press.sk/amercom/bojova-vozidla-c.31/,https://web.archive.org/web/20130622152344/http://www.press.sk/amercom/bojova-vozidla-c.31/,20130622152344,skip
http://www.press.sk:80/amercom/bojova-vozidla-c.49/,https://web.archive.org/web/20120831150500/http://www.press.sk:80/amercom/bojova-vozidla-c.49/,20120831150500,skip
http://www.press.sk/amercom/bojova-vozidla-c.62/,https://web.archive.org/web/20130622040924/http://www.press.sk/amercom/bojova-vozidla-c.62/,20130622040924,skip
http://www.press.sk/amercom/bojova-vozidla-c.63/,https://web.archive.org/web/20130622051119/http://www.press.sk/amercom/bojova-vozidla-c.63/,20130622051119,skip
http://www.press.sk/amercom/bojova-vozidla-c.64/,https://web.archive.org/web/20130622051050/http://www.press.sk/amercom/bojova-vozidla-c.64/,20130622051050,skip
http://www.press.sk/amercom/bojova-vozidla-c.65/,https://web.archive.org/web/20130622041022/http://www.press.sk/amercom/bojova-vozidla-c.65/,20130622041022,skip
http://www.press.sk/amercom/bojova-vozidla-c.66/,https://web.archive.org/web/20130622124710/http://www.press.sk/amercom/bojova-vozidla-c.66/,20130622124710,skip
http://www.press.sk/amercom/bojova-vozidla-c.67/,https://web.archive.org/web/20130622121749/http://www.press.sk/amercom/bojova-vozidla-c.67/,20130622121749,skip
http://www.press.sk:80/amercom/bojova-vozidla-kolekcia-modelov/,https://web.archive.org/web/20120226095625/http://www.press.sk:80/amercom/bojova-vozidla-kolekcia-modelov/,20120226095625,skip
http://www.press.sk/amercom/bojova-vozidla-kolekcia-modelov/,https://web.archive.org/web/20130511003913/http://www.press.sk/amercom/bojova-vozidla-kolekcia-modelov/,20130511003913,skip
http://www.press.sk:80/amercom/bojova-vozidla-kolekcia-modelov/,https://web.archive.org/web/20140127032901/http://www.press.sk:80/amercom/bojova-vozidla-kolekcia-modelov/,20140127032901,skip
http://www.press.sk:80/amercom/bojova-vozidla-kolekcia-modelov/,https://web.archive.org/web/20150311041130/http://www.press.sk:80/amercom/bojova-vozidla-kolekcia-modelov/,20150311041130,skip
http://www.press.sk/amercom/hasicsti-giganti-c.03/,https://web.archive.org/web/20130622025905/http://www.press.sk/amercom/hasicsti-giganti-c.03/,20130622025905,skip
http://www.press.sk/amercom/hasicsti-giganti-c.04/,https://web.archive.org/web/20130622124222/http://www.press.sk/amercom/hasicsti-giganti-c.04/,20130622124222,skip
http://www.press.sk/amercom/hasicsti-giganti-c.05/,https://web.archive.org/web/20130622115933/http://www.press.sk/amercom/hasicsti-giganti-c.05/,20130622115933,skip
http://www.press.sk/amercom/hasicsti-giganti-c.13/,https://web.archive.org/web/20140214081921/http://www.press.sk/amercom/hasicsti-giganti-c.13/,20140214081921,skip
http://www.press.sk/amercom/helikoptery-sveta-c.30/,https://web.archive.org/web/20130622043458/http://www.press.sk/amercom/helikoptery-sveta-c.30/,20130622043458,skip
http://www.press.sk/amercom/helikoptery-sveta-c.31/,https://web.archive.org/web/20130622054619/http://www.press.sk/amercom/helikoptery-sveta-c.31/,20130622054619,skip
http://www.press.sk/amercom/helikoptery-sveta-c.32/,https://web.archive.org/web/20130622015435/http://www.press.sk/amercom/helikoptery-sveta-c.32/,20130622015435,skip
http://www.press.sk/amercom/helikoptery-sveta-c.33/,https://web.archive.org/web/20130622030855/http://www.press.sk/amercom/helikoptery-sveta-c.33/,20130622030855,skip
http://www.press.sk/amercom/helikoptery-sveta-c.34/,https://web.archive.org/web/20130622123702/http://www.press.sk/amercom/helikoptery-sveta-c.34/,20130622123702,skip
http://www.press.sk:80/amercom/kolekcia-hasicskych-vozidiel-c.43/,https://web.archive.org/web/20111209182300/http://www.press.sk:80/amercom/kolekcia-hasicskych-vozidiel-c.43/,20111209182300,skip
http://www.press.sk/amercom/kosmos-tajemstvi-vesmiru-c.01/,https://web.archive.org/web/20130622161253/http://www.press.sk/amercom/kosmos-tajemstvi-vesmiru-c.01/,20130622161253,skip
http://www.press.sk/amercom/kosmos-tajemstvi-vesmiru-c.02/,https://web.archive.org/web/20130622122408/http://www.press.sk/amercom/kosmos-tajemstvi-vesmiru-c.02/,20130622122408,skip
http://www.press.sk/amercom/kosmos-tajemstvi-vesmiru-c.03/,https://web.archive.org/web/20130622115602/http://www.press.sk/amercom/kosmos-tajemstvi-vesmiru-c.03/,20130622115602,skip
http://www.press.sk/amercom/kosmos-tajemstvi-vesmiru-c.04/,https://web.archive.org/web/20130622115436/http://www.press.sk/amercom/kosmos-tajemstvi-vesmiru-c.04/,20130622115436,skip
http://www.press.sk/amercom/kosmos-tajemstvi-vesmiru-c.05/,https://web.archive.org/web/20130622123903/http://www.press.sk/amercom/kosmos-tajemstvi-vesmiru-c.05/,20130622123903,skip
http://www.press.sk/amercom/kosmos-tajemstvi-vesmiru-c.06/,https://web.archive.org/web/20130622133101/http://www.press.sk/amercom/kosmos-tajemstvi-vesmiru-c.06/,20130622133101,skip
http://www.press.sk/amercom/kosmos-tajemstvi-vesmiru-c.07/,https://web.archive.org/web/20130622141749/http://www.press.sk/amercom/kosmos-tajemstvi-vesmiru-c.07/,20130622141749,skip
http://www.press.sk/amercom/kosmos-tajemstvi-vesmiru-c.08/,https://web.archive.org/web/20130622132807/http://www.press.sk/amercom/kosmos-tajemstvi-vesmiru-c.08/,20130622132807,skip
http://www.press.sk/amercom/kosmos-tajemstvi-vesmiru-c.09/,https://web.archive.org/web/20130622135419/http://www.press.sk/amercom/kosmos-tajemstvi-vesmiru-c.09/,20130622135419,skip
http://www.press.sk/amercom/kosmos-tajemstvi-vesmiru-c.10/,https://web.archive.org/web/20130622124714/http://www.press.sk/amercom/kosmos-tajemstvi-vesmiru-c.10/,20130622124714,skip
http://www.press.sk/amercom/kosmos-tajemstvi-vesmiru-c.11/,https://web.archive.org/web/20130622120502/http://www.press.sk/amercom/kosmos-tajemstvi-vesmiru-c.11/,20130622120502,skip
http://www.press.sk/amercom/kosmos-tajemstvi-vesmiru-c.12/,https://web.archive.org/web/20130622140703/http://www.press.sk/amercom/kosmos-tajemstvi-vesmiru-c.12/,20130622140703,skip
http://www.press.sk/amercom/kosmos-tajemstvi-vesmiru-c.13/,https://web.archive.org/web/20130622130500/http://www.press.sk/amercom/kosmos-tajemstvi-vesmiru-c.13/,20130622130500,skip
http://www.press.sk/amercom/kosmos-tajemstvi-vesmiru-c.14/,https://web.archive.org/web/20130622130219/http://www.press.sk/amercom/kosmos-tajemstvi-vesmiru-c.14/,20130622130219,skip
http://www.press.sk/amercom/kosmos-tajemstvi-vesmiru-c.15/,https://web.archive.org/web/20130622135751/http://www.press.sk/amercom/kosmos-tajemstvi-vesmiru-c.15/,20130622135751,skip
http://www.press.sk:80/amercom/kosmos-tajemstvi-vesmiru-c.16/,https://web.archive.org/web/20120226095631/http://www.press.sk:80/amercom/kosmos-tajemstvi-vesmiru-c.16/,20120226095631,skip
http://www.press.sk/amercom/kosmos-tajemstvi-vesmiru-c.17/,https://web.archive.org/web/20130622124933/http://www.press.sk/amercom/kosmos-tajemstvi-vesmiru-c.17/,20130622124933,skip
http://www.press.sk/amercom/kosmos-tajemstvi-vesmiru-c.18/,https://web.archive.org/web/20130622120422/http://www.press.sk/amercom/kosmos-tajemstvi-vesmiru-c.18/,20130622120422,skip
http://www.press.sk/amercom/legendarni-automobily-c.01/,https://web.archive.org/web/20130622130129/http://www.press.sk/amercom/legendarni-automobily-c.01/,20130622130129,skip
http://www.press.sk/amercom/legendarni-automobily-c.02/,https://web.archive.org/web/20130622125341/http://www.press.sk/amercom/legendarni-automobily-c.02/,20130622125341,skip
http://www.press.sk/amercom/legendarni-automobily-c.03/,https://web.archive.org/web/20130622121038/http://www.press.sk/amercom/legendarni-automobily-c.03/,20130622121038,skip
http://www.press.sk/amercom/legendarni-automobily-c.04/,https://web.archive.org/web/20130622122618/http://www.press.sk/amercom/legendarni-automobily-c.04/,20130622122618,skip
http://www.press.sk/amercom/legendarni-automobily-c.05/,https://web.archive.org/web/20130622125244/http://www.press.sk/amercom/legendarni-automobily-c.05/,20130622125244,skip
http://www.press.sk/amercom/legendarni-automobily-c.06am/,https://web.archive.org/web/20130622120025/http://www.press.sk/amercom/legendarni-automobily-c.06am/,20130622120025,skip
http://www.press.sk/amercom/legendarni-automobily-c.07/,https://web.archive.org/web/20130622140148/http://www.press.sk/amercom/legendarni-automobily-c.07/,20130622140148,skip
http://www.press.sk/amercom/legendarni-automobily-c.08/,https://web.archive.org/web/20130622125913/http://www.press.sk/amercom/legendarni-automobily-c.08/,20130622125913,skip
http://www.press.sk/amercom/legendarni-automobily-c.09/,https://web.archive.org/web/20130622134256/http://www.press.sk/amercom/legendarni-automobily-c.09/,20130622134256,skip
http://www.press.sk/amercom/legendarni-automobily-c.10/,https://web.archive.org/web/20130622124120/http://www.press.sk/amercom/legendarni-automobily-c.10/,20130622124120,skip
http://www.press.sk/amercom/legendarni-automobily-c.11/,https://web.archive.org/web/20130622115700/http://www.press.sk/amercom/legendarni-automobily-c.11/,20130622115700,skip
http://www.press.sk/amercom/legendarni-automobily-c.12/,https://web.archive.org/web/20130622135611/http://www.press.sk/amercom/legendarni-automobily-c.12/,20130622135611,skip
http://www.press.sk/amercom/legendarni-automobily-c.13/,https://web.archive.org/web/20130622134227/http://www.press.sk/amercom/legendarni-automobily-c.13/,20130622134227,skip
http://www.press.sk/amercom/legendarni-automobily-c.14/,https://web.archive.org/web/20130622211739/http://www.press.sk/amercom/legendarni-automobily-c.14/,20130622211739,skip
http://www.press.sk/amercom/legendarni-automobily-c.15/,https://web.archive.org/web/20130622222617/http://www.press.sk/amercom/legendarni-automobily-c.15/,20130622222617,skip
http://www.press.sk/amercom/legendarni-automobily-c.16/,https://web.archive.org/web/20130622172937/http://www.press.sk/amercom/legendarni-automobily-c.16/,20130622172937,skip
http://www.press.sk/amercom/legendarni-automobily-c.17/,https://web.archive.org/web/20130622183300/http://www.press.sk/amercom/legendarni-automobily-c.17/,20130622183300,skip
http://www.press.sk/amercom/legendarni-automobily-c.18/,https://web.archive.org/web/20130622173103/http://www.press.sk/amercom/legendarni-automobily-c.18/,20130622173103,skip
http://www.press.sk/amercom/legendarni-automobily-c.19/,https://web.archive.org/web/20130622183405/http://www.press.sk/amercom/legendarni-automobily-c.19/,20130622183405,skip
http://www.press.sk/amercom/legendarni-automobily-c.20/,https://web.archive.org/web/20130622181859/http://www.press.sk/amercom/legendarni-automobily-c.20/,20130622181859,skip
http://www.press.sk/amercom/legendarni-automobily-c.21/,https://web.archive.org/web/20130622172614/http://www.press.sk/amercom/legendarni-automobily-c.21/,20130622172614,skip
http://www.press.sk/amercom/legendarni-automobily-c.22/,https://web.archive.org/web/20130622223054/http://www.press.sk/amercom/legendarni-automobily-c.22/,20130622223054,skip
http://www.press.sk/amercom/legendarni-automobily-c.23/,https://web.archive.org/web/20130622213235/http://www.press.sk/amercom/legendarni-automobily-c.23/,20130622213235,skip
http://www.press.sk/amercom/legendarni-automobily-c.24/,https://web.archive.org/web/20130622213147/http://www.press.sk/amercom/legendarni-automobily-c.24/,20130622213147,skip
http://www.press.sk/amercom/legendarni-automobily-c.25/,https://web.archive.org/web/20130622223109/http://www.press.sk/amercom/legendarni-automobily-c.25/,20130622223109,skip
http://www.press.sk/amercom/legendarni-automobily-c.28/,https://web.archive.org/web/20120208141944/http://www.press.sk/amercom/legendarni-automobily-c.28/,20120208141944,skip
http://www.press.sk/amercom/legendarni-automobily-c.28/,https://web.archive.org/web/20120307104447/http://www.press.sk/amercom/legendarni-automobily-c.28/,20120307104447,skip
http://www.press.sk:80/amercom/legendarni-automobily-c.29,https://web.archive.org/web/20141012183444/http://www.press.sk:80/amercom/legendarni-automobily-c.29,20141012183444,skip
http://www.press.sk:80/amercom/legendarni-automobily-c.29/,https://web.archive.org/web/20141014090017/http://www.press.sk:80/amercom/legendarni-automobily-c.29/,20141014090017,skip
http://www.press.sk:80/amercom/legendarni-automobily-c.29,https://web.archive.org/web/20141112074017/http://www.press.sk:80/amercom/legendarni-automobily-c.29,20141112074017,skip
http://www.press.sk:80/amercom/legendarni-automobily-c.29,https://web.archive.org/web/20141213024039/http://www.press.sk:80/amercom/legendarni-automobily-c.29,20141213024039,skip
http://www.press.sk:80/amercom/legendarni-automobily-c.29,https://web.archive.org/web/20150112123517/http://www.press.sk:80/amercom/legendarni-automobily-c.29,20150112123517,skip
http://www.press.sk:80/amercom/legendarni-automobily-c.39,https://web.archive.org/web/20141012183450/http://www.press.sk:80/amercom/legendarni-automobily-c.39,20141012183450,skip
http://www.press.sk:80/amercom/legendarni-automobily-c.39/,https://web.archive.org/web/20141014090403/http://www.press.sk:80/amercom/legendarni-automobily-c.39/,20141014090403,skip
http://www.press.sk:80/amercom/legendarni-automobily-c.39,https://web.archive.org/web/20141112073950/http://www.press.sk:80/amercom/legendarni-automobily-c.39,20141112073950,skip
http://www.press.sk:80/amercom/legendarni-automobily-c.39,https://web.archive.org/web/20141213024059/http://www.press.sk:80/amercom/legendarni-automobily-c.39,20141213024059,skip
http://www.press.sk:80/amercom/legendarni-automobily-c.39,https://web.archive.org/web/20150112123745/http://www.press.sk:80/amercom/legendarni-automobily-c.39,20150112123745,skip
http://www.press.sk:80/amercom/legendarni-automobily-c.44/,https://web.archive.org/web/20120831145921/http://www.press.sk:80/amercom/legendarni-automobily-c.44/,20120831145921,skip
http://www.press.sk/amercom/legendarni-automobily-c.57/,https://web.archive.org/web/20130622050924/http://www.press.sk/amercom/legendarni-automobily-c.57/,20130622050924,skip
http://www.press.sk/amercom/legendarni-automobily-c.58/,https://web.archive.org/web/20130622040743/http://www.press.sk/amercom/legendarni-automobily-c.58/,20130622040743,skip
http://www.press.sk/amercom/legendarni-automobily-c.59/,https://web.archive.org/web/20130622051048/http://www.press.sk/amercom/legendarni-automobily-c.59/,20130622051048,skip
http://www.press.sk/amercom/legendarni-automobily-c.60/,https://web.archive.org/web/20130622135108/http://www.press.sk/amercom/legendarni-automobily-c.60/,20130622135108,skip
http://www.press.sk/amercom/legendarni-automobily-kolekcia-modelov/,https://web.archive.org/web/20130622115548/http://www.press.sk/amercom/legendarni-automobily-kolekcia-modelov/,20130622115548,skip
http://www.press.sk/amercom/letajici-pevnosti-c.23/,https://web.archive.org/web/20130622045054/http://www.press.sk/amercom/letajici-pevnosti-c.23/,20130622045054,skip
http://www.press.sk/amercom/letajici-pevnosti-c.24/,https://web.archive.org/web/20130622045123/http://www.press.sk/amercom/letajici-pevnosti-c.24/,20130622045123,skip
http://www.press.sk/amercom/letajici-pevnosti-c.25/,https://web.archive.org/web/20130622053720/http://www.press.sk/amercom/letajici-pevnosti-c.25/,20130622053720,skip
http://www.press.sk/amercom/letajici-pevnosti-c.26/,https://web.archive.org/web/20130622020626/http://www.press.sk/amercom/letajici-pevnosti-c.26/,20130622020626,skip
http://www.press.sk/amercom/letajici-pevnosti-c.27/,https://web.archive.org/web/20130622030002/http://www.press.sk/amercom/letajici-pevnosti-c.27/,20130622030002,skip
http://www.press.sk/amercom/letajici-pevnosti-c.28/,https://web.archive.org/web/20130622115934/http://www.press.sk/amercom/letajici-pevnosti-c.28/,20130622115934,skip
http://www.press.sk/amercom/letajici-pevnosti-c.29/,https://web.archive.org/web/20130622122931/http://www.press.sk/amercom/letajici-pevnosti-c.29/,20130622122931,skip
http://www.press.sk/amercom/lokomotivy-sveta-c.01/,https://web.archive.org/web/20130622230356/http://www.press.sk/amercom/lokomotivy-sveta-c.01/,20130622230356,skip
http://www.press.sk/amercom/lokomotivy-sveta-c.02/,https://web.archive.org/web/20130622170536/http://www.press.sk/amercom/lokomotivy-sveta-c.02/,20130622170536,skip
http://www.press.sk/amercom/lokomotivy-sveta-c.03/,https://web.archive.org/web/20130622184557/http://www.press.sk/amercom/lokomotivy-sveta-c.03/,20130622184557,skip
http://www.press.sk/amercom/lokomotivy-sveta-c.04/,https://web.archive.org/web/20130622184455/http://www.press.sk/amercom/lokomotivy-sveta-c.04/,20130622184455,skip
http://www.press.sk/amercom/lokomotivy-sveta-c.05/,https://web.archive.org/web/20130622170606/http://www.press.sk/amercom/lokomotivy-sveta-c.05/,20130622170606,skip
http://www.press.sk/amercom/lokomotivy-sveta-c.06/,https://web.archive.org/web/20130622230503/http://www.press.sk/amercom/lokomotivy-sveta-c.06/,20130622230503,skip
http://www.press.sk/amercom/lokomotivy-sveta-c.07/,https://web.archive.org/web/20130622210520/http://www.press.sk/amercom/lokomotivy-sveta-c.07/,20130622210520,skip
http://www.press.sk/amercom/lokomotivy-sveta-c.08/,https://web.archive.org/web/20130622230613/http://www.press.sk/amercom/lokomotivy-sveta-c.08/,20130622230613,skip
http://www.press.sk/amercom/lokomotivy-sveta-c.09/,https://web.archive.org/web/20130622210718/http://www.press.sk/amercom/lokomotivy-sveta-c.09/,20130622210718,skip
http://www.press.sk/amercom/lokomotivy-sveta-c.10/,https://web.archive.org/web/20130622180321/http://www.press.sk/amercom/lokomotivy-sveta-c.10/,20130622180321,skip
http://www.press.sk/amercom/lokomotivy-sveta-c.11/,https://web.archive.org/web/20130622190631/http://www.press.sk/amercom/lokomotivy-sveta-c.11/,20130622190631,skip
http://www.press.sk/amercom/lokomotivy-sveta-c.12/,https://web.archive.org/web/20130622205300/http://www.press.sk/amercom/lokomotivy-sveta-c.12/,20130622205300,skip
http://www.press.sk:80/amercom/lokomotivy-sveta-c.31/,https://web.archive.org/web/20120831145927/http://www.press.sk:80/amercom/lokomotivy-sveta-c.31/,20120831145927,skip
http://www.press.sk/amercom/lokomotivy-sveta-c.43/,https://web.archive.org/web/20130622053105/http://www.press.sk/amercom/lokomotivy-sveta-c.43/,20130622053105,skip
http://www.press.sk/amercom/lokomotivy-sveta-c.44/,https://web.archive.org/web/20130622053059/http://www.press.sk/amercom/lokomotivy-sveta-c.44/,20130622053059,skip
http://www.press.sk/amercom/lokomotivy-sveta-c.45/,https://web.archive.org/web/20130622035732/http://www.press.sk/amercom/lokomotivy-sveta-c.45/,20130622035732,skip
http://www.press.sk/amercom/lokomotivy-sveta-c.46/,https://web.archive.org/web/20130622033326/http://www.press.sk/amercom/lokomotivy-sveta-c.46/,20130622033326,skip
http://www.press.sk/amercom/lokomotivy-sveta-c.47/,https://web.archive.org/web/20130622021307/http://www.press.sk/amercom/lokomotivy-sveta-c.47/,20130622021307,skip
http://www.press.sk/amercom/lokomotivy-sveta-c.48/,https://web.archive.org/web/20130622124940/http://www.press.sk/amercom/lokomotivy-sveta-c.48/,20130622124940,skip
http://www.press.sk/amercom/lokomotivy-sveta-kolekcia-modelov/,https://web.archive.org/web/20130622211113/http://www.press.sk/amercom/lokomotivy-sveta-kolekcia-modelov/,20130622211113,skip
"http://www.press.sk/amercom/o,a,30,0/","https://web.archive.org/web/20130622030947/http://www.press.sk/amercom/o,a,30,0/",20130622030947,skip
"http://www.press.sk:80/amercom/o,a,30,120/","https://web.archive.org/web/20120226200018/http://www.press.sk:80/amercom/o,a,30,120/",20120226200018,skip
"http://www.press.sk/amercom/o,a,30,120/","https://web.archive.org/web/20130511000856/http://www.press.sk/amercom/o,a,30,120/",20130511000856,skip
"http://www.press.sk:80/amercom/o,a,30,120/","https://web.archive.org/web/20140127161528/http://www.press.sk:80/amercom/o,a,30,120/",20140127161528,skip
"http://www.press.sk:80/amercom/o,a,30,120/","https://web.archive.org/web/20150311130921/http://www.press.sk:80/amercom/o,a,30,120/",20150311130921,skip
"http://www.press.sk:80/amercom/o,a,30,120/","https://web.archive.org/web/20151115211238/http://www.press.sk:80/amercom/o,a,30,120/",20151115211238,skip
"http://www.press.sk/amercom/o,a,30,120/","https://web.archive.org/web/20160802144037/http://www.press.sk/amercom/o,a,30,120/",20160802144037,skip
"http://www.press.sk/amercom/o,a,30,150/","https://web.archive.org/web/20130622120457/http://www.press.sk/amercom/o,a,30,150/",20130622120457,skip
"http://www.press.sk/amercom/o,a,30,180/","https://web.archive.org/web/20130622132141/http://www.press.sk/amercom/o,a,30,180/",20130622132141,skip
"http://www.press.sk:80/amercom/o,a,30,30/","https://web.archive.org/web/20120226095636/http://www.press.sk:80/amercom/o,a,30,30/",20120226095636,skip
"http://www.press.sk/amercom/o,a,30,30/","https://web.archive.org/web/20130511003211/http://www.press.sk/amercom/o,a,30,30/",20130511003211,skip
"http://www.press.sk:80/amercom/o,a,30,30/","https://web.archive.org/web/20140127032907/http://www.press.sk:80/amercom/o,a,30,30/",20140127032907,skip
"http://www.press.sk:80/amercom/o,a,30,30/","https://web.archive.org/web/20150311043131/http://www.press.sk:80/amercom/o,a,30,30/",20150311043131,skip
"http://www.press.sk:80/amercom/o,a,30,30/","https://web.archive.org/web/20151114183800/http://www.press.sk:80/amercom/o,a,30,30/",20151114183800,skip
"http://www.press.sk/amercom/o,a,30,30/","https://web.archive.org/web/20160802163606/http://www.press.sk/amercom/o,a,30,30/",20160802163606,skip
"http://www.press.sk:80/amercom/o,a,30,300/","https://web.archive.org/web/20120226195533/http://www.press.sk:80/amercom/o,a,30,300/",20120226195533,skip
"http://www.press.sk:80/amercom/o,a,30,330/","https://web.archive.org/web/20120226095641/http://www.press.sk:80/amercom/o,a,30,330/",20120226095641,skip
"http://www.press.sk/amercom/o,a,30,360/","https://web.archive.org/web/20130622024600/http://www.press.sk/amercom/o,a,30,360/",20130622024600,skip
"http://www.press.sk/amercom/o,a,30,390/","https://web.archive.org/web/20130622014451/http://www.press.sk/amercom/o,a,30,390/",20130622014451,skip
"http://www.press.sk:80/amercom/o,a,30,390/","https://web.archive.org/web/20150311131515/http://www.press.sk:80/amercom/o,a,30,390/",20150311131515,skip
"http://www.press.sk:80/amercom/o,a,30,390/","https://web.archive.org/web/20151115211953/http://www.press.sk:80/amercom/o,a,30,390/",20151115211953,skip
"http://www.press.sk/amercom/o,a,30,390/","https://web.archive.org/web/20160802152412/http://www.press.sk/amercom/o,a,30,390/",20160802152412,skip
"http://www.press.sk/amercom/o,a,30,420/","https://web.archive.org/web/20130622035056/http://www.press.sk/amercom/o,a,30,420/",20130622035056,skip
"http://www.press.sk:80/amercom/o,a,30,420/","https://web.archive.org/web/20140127161533/http://www.press.sk:80/amercom/o,a,30,420/",20140127161533,skip
"http://www.press.sk:80/amercom/o,a,30,420/","https://web.archive.org/web/20150311042236/http://www.press.sk:80/amercom/o,a,30,420/",20150311042236,skip
"http://www.press.sk:80/amercom/o,a,30,420/","https://web.archive.org/web/20151114183653/http://www.press.sk:80/amercom/o,a,30,420/",20151114183653,skip
"http://www.press.sk/amercom/o,a,30,420/","https://web.archive.org/web/20160802154637/http://www.press.sk/amercom/o,a,30,420/",20160802154637,skip
"http://www.press.sk/amercom/o,a,30,450/","https://web.archive.org/web/20130510225414/http://www.press.sk/amercom/o,a,30,450/",20130510225414,skip
"http://www.press.sk:80/amercom/o,a,30,450/","https://web.archive.org/web/20140127032911/http://www.press.sk:80/amercom/o,a,30,450/",20140127032911,skip
"http://www.press.sk/amercom/o,a,30,480/","https://web.archive.org/web/20130511001209/http://www.press.sk/amercom/o,a,30,480/",20130511001209,skip
"http://www.press.sk:80/amercom/o,a,30,60/","https://web.archive.org/web/20120226200027/http://www.press.sk:80/amercom/o,a,30,60/",20120226200027,skip
"http://www.press.sk/amercom/o,a,30,60/","https://web.archive.org/web/20130511002502/http://www.press.sk/amercom/o,a,30,60/",20130511002502,skip
"http://www.press.sk:80/amercom/o,a,30,60/","https://web.archive.org/web/20140127161607/http://www.press.sk:80/amercom/o,a,30,60/",20140127161607,skip
"http://www.press.sk:80/amercom/o,a,30,60/","https://web.archive.org/web/20150311131150/http://www.press.sk:80/amercom/o,a,30,60/",20150311131150,skip
"http://www.press.sk:80/amercom/o,a,30,60/","https://web.archive.org/web/20151115223154/http://www.press.sk:80/amercom/o,a,30,60/",20151115223154,skip
"http://www.press.sk/amercom/o,a,30,60/","https://web.archive.org/web/20160802221138/http://www.press.sk/amercom/o,a,30,60/",20160802221138,skip
"http://www.press.sk:80/amercom/o,a,30,90/","https://web.archive.org/web/20120226201342/http://www.press.sk:80/amercom/o,a,30,90/",20120226201342,skip
"http://www.press.sk/amercom/o,a,30,90/","https://web.archive.org/web/20130511011819/http://www.press.sk/amercom/o,a,30,90/",20130511011819,skip
"http://www.press.sk:80/amercom/o,a,30,90/","https://web.archive.org/web/20140127093620/http://www.press.sk:80/amercom/o,a,30,90/",20140127093620,skip
"http://www.press.sk:80/amercom/o,a,30,90/","https://web.archive.org/web/20150311131155/http://www.press.sk:80/amercom/o,a,30,90/",20150311131155,skip
"http://www.press.sk:80/amercom/o,a,30,90/","https://web.archive.org/web/20151115224451/http://www.press.sk:80/amercom/o,a,30,90/",20151115224451,skip
"http://www.press.sk/amercom/o,a,30,90/","https://web.archive.org/web/20160802162507/http://www.press.sk/amercom/o,a,30,90/",20160802162507,skip
http://www.press.sk/amercom/stavebni-stroje-c.20/,https://web.archive.org/web/20130622022446/http://www.press.sk/amercom/stavebni-stroje-c.20/,20130622022446,skip
http://www.press.sk/amercom/stavebni-stroje-c.21/,https://web.archive.org/web/20130622034246/http://www.press.sk/amercom/stavebni-stroje-c.21/,20130622034246,skip
http://www.press.sk/amercom/stavebni-stroje-c.22/,https://web.archive.org/web/20130622034813/http://www.press.sk/amercom/stavebni-stroje-c.22/,20130622034813,skip
http://www.press.sk/amercom/stihaci-v-boji+9318/,https://web.archive.org/web/20130510231606/http://www.press.sk/amercom/stihaci-v-boji+9318/,20130510231606,skip
http://www.press.sk:80/amercom/stihaci-v-boji+9318/,https://web.archive.org/web/20140127032916/http://www.press.sk:80/amercom/stihaci-v-boji+9318/,20140127032916,skip
http://www.press.sk:80/amercom/stihaci-v-boji+9318/,https://web.archive.org/web/20150311042241/http://www.press.sk:80/amercom/stihaci-v-boji+9318/,20150311042241,skip
http://www.press.sk:80/amercom/stihaci-v-boji+9318/,https://web.archive.org/web/20151114183907/http://www.press.sk:80/amercom/stihaci-v-boji+9318/,20151114183907,skip
http://www.press.sk:80/amercom/stihaci-v-boji-c.01/,https://web.archive.org/web/20120226095646/http://www.press.sk:80/amercom/stihaci-v-boji-c.01/,20120226095646,skip
http://www.press.sk/amercom/stihaci-v-boji-c.01/,https://web.archive.org/web/20130510230532/http://www.press.sk/amercom/stihaci-v-boji-c.01/,20130510230532,skip
http://www.press.sk:80/amercom/stihaci-v-boji-c.01/,https://web.archive.org/web/20140127032921/http://www.press.sk:80/amercom/stihaci-v-boji-c.01/,20140127032921,skip
http://www.press.sk:80/amercom/stihaci-v-boji-c.01/,https://web.archive.org/web/20150311041136/http://www.press.sk:80/amercom/stihaci-v-boji-c.01/,20150311041136,skip
http://www.press.sk:80/amercom/stihaci-v-boji-c.01/,https://web.archive.org/web/20151114183912/http://www.press.sk:80/amercom/stihaci-v-boji-c.01/,20151114183912,skip
http://www.press.sk/amercom/stihaci-v-boji-c.01/,https://web.archive.org/web/20160802161448/http://www.press.sk/amercom/stihaci-v-boji-c.01/,20160802161448,skip
http://www.press.sk/amercom/stihaci-v-boji-c.02/,https://web.archive.org/web/20130622222909/http://www.press.sk/amercom/stihaci-v-boji-c.02/,20130622222909,skip
http://www.press.sk/amercom/stihaci-v-boji-c.02/,https://web.archive.org/web/20160802132904/http://www.press.sk/amercom/stihaci-v-boji-c.02/,20160802132904,skip
http://www.press.sk/amercom/stihaci-v-boji-c.03/,https://web.archive.org/web/20130622212019/http://www.press.sk/amercom/stihaci-v-boji-c.03/,20130622212019,skip
http://www.press.sk/amercom/stihaci-v-boji-c.03/,https://web.archive.org/web/20160802160558/http://www.press.sk/amercom/stihaci-v-boji-c.03/,20160802160558,skip
http://www.press.sk/amercom/stihaci-v-boji-c.04/,https://web.archive.org/web/20130622212133/http://www.press.sk/amercom/stihaci-v-boji-c.04/,20130622212133,skip
http://www.press.sk/amercom/stihaci-v-boji-c.04/,https://web.archive.org/web/20160802160823/http://www.press.sk/amercom/stihaci-v-boji-c.04/,20160802160823,skip
http://www.press.sk/amercom/stihaci-v-boji-c.05/,https://web.archive.org/web/20130622164626/http://www.press.sk/amercom/stihaci-v-boji-c.05/,20130622164626,skip
http://www.press.sk/amercom/stihaci-v-boji-c.05/,https://web.archive.org/web/20160802143433/http://www.press.sk/amercom/stihaci-v-boji-c.05/,20160802143433,skip
http://www.press.sk/amercom/stihaci-v-boji-c.06/,https://web.archive.org/web/20130622141931/http://www.press.sk/amercom/stihaci-v-boji-c.06/,20130622141931,skip
http://www.press.sk/amercom/stihaci-v-boji-c.06/,https://web.archive.org/web/20160802162713/http://www.press.sk/amercom/stihaci-v-boji-c.06/,20160802162713,skip
http://www.press.sk/amercom/stihaci-v-boji-c.07/,https://web.archive.org/web/20130622124149/http://www.press.sk/amercom/stihaci-v-boji-c.07/,20130622124149,skip
http://www.press.sk/amercom/stihaci-v-boji-c.07/,https://web.archive.org/web/20160802153747/http://www.press.sk/amercom/stihaci-v-boji-c.07/,20160802153747,skip
http://www.press.sk/amercom/stihaci-v-boji-c.08/,https://web.archive.org/web/20130622120001/http://www.press.sk/amercom/stihaci-v-boji-c.08/,20130622120001,skip
http://www.press.sk/amercom/stihaci-v-boji-c.08/,https://web.archive.org/web/20160802161005/http://www.press.sk/amercom/stihaci-v-boji-c.08/,20160802161005,skip
http://www.press.sk/amercom/stihaci-v-boji-c.09/,https://web.archive.org/web/20130622123205/http://www.press.sk/amercom/stihaci-v-boji-c.09/,20130622123205,skip
http://www.press.sk/amercom/stihaci-v-boji-c.09/,https://web.archive.org/web/20160802161330/http://www.press.sk/amercom/stihaci-v-boji-c.09/,20160802161330,skip
http://www.press.sk/amercom/stihaci-v-boji-c.10/,https://web.archive.org/web/20130622134216/http://www.press.sk/amercom/stihaci-v-boji-c.10/,20130622134216,skip
http://www.press.sk/amercom/stihaci-v-boji-c.10/,https://web.archive.org/web/20160802160701/http://www.press.sk/amercom/stihaci-v-boji-c.10/,20160802160701,skip
http://www.press.sk/amercom/stihaci-v-boji-c.11/,https://web.archive.org/web/20130622125723/http://www.press.sk/amercom/stihaci-v-boji-c.11/,20130622125723,skip
http://www.press.sk/amercom/stihaci-v-boji-c.11/,https://web.archive.org/web/20160802164612/http://www.press.sk/amercom/stihaci-v-boji-c.11/,20160802164612,skip
http://www.press.sk/amercom/stihaci-v-boji-c.12/,https://web.archive.org/web/20130622132319/http://www.press.sk/amercom/stihaci-v-boji-c.12/,20130622132319,skip
http://www.press.sk/amercom/stihaci-v-boji-c.12/,https://web.archive.org/web/20160802162831/http://www.press.sk/amercom/stihaci-v-boji-c.12/,20160802162831,skip
http://www.press.sk/amercom/stihaci-v-boji-c.13/,https://web.archive.org/web/20130622121028/http://www.press.sk/amercom/stihaci-v-boji-c.13/,20130622121028,skip
http://www.press.sk/amercom/stihaci-v-boji-c.14/,https://web.archive.org/web/20130622120857/http://www.press.sk/amercom/stihaci-v-boji-c.14/,20130622120857,skip
http://www.press.sk/amercom/stihaci-v-boji-c.15/,https://web.archive.org/web/20130622125312/http://www.press.sk/amercom/stihaci-v-boji-c.15/,20130622125312,skip
http://www.press.sk:80/amercom/stihaci-v-boji-c.16/,https://web.archive.org/web/20120226093329/http://www.press.sk:80/amercom/stihaci-v-boji-c.16/,20120226093329,skip
http://www.press.sk/amercom/stihaci-v-boji-c.16/,https://web.archive.org/web/20130510235458/http://www.press.sk/amercom/stihaci-v-boji-c.16/,20130510235458,skip
http://www.press.sk:80/amercom/stihaci-v-boji-c.16/,https://web.archive.org/web/20140127032926/http://www.press.sk:80/amercom/stihaci-v-boji-c.16/,20140127032926,skip
http://www.press.sk:80/amercom/stihaci-v-boji-c.16/,https://web.archive.org/web/20150311041141/http://www.press.sk:80/amercom/stihaci-v-boji-c.16/,20150311041141,skip
http://www.press.sk:80/amercom/stihaci-v-boji-c.16/,https://web.archive.org/web/20151114183658/http://www.press.sk:80/amercom/stihaci-v-boji-c.16/,20151114183658,skip
http://www.press.sk/amercom/stihaci-v-boji-c.17/,https://web.archive.org/web/20130622134143/http://www.press.sk/amercom/stihaci-v-boji-c.17/,20130622134143,skip
http://www.press.sk/amercom/stihaci-v-boji-c.18/,https://web.archive.org/web/20130622132730/http://www.press.sk/amercom/stihaci-v-boji-c.18/,20130622132730,skip
http://www.press.sk/amercom/stihaci-v-boji-c.19/,https://web.archive.org/web/20130622134403/http://www.press.sk/amercom/stihaci-v-boji-c.19/,20130622134403,skip
http://www.press.sk/amercom/stihaci-v-boji-c.20/,https://web.archive.org/web/20130622140813/http://www.press.sk/amercom/stihaci-v-boji-c.20/,20130622140813,skip
http://www.press.sk/amercom/stihaci-v-boji-c.21/,https://web.archive.org/web/20130622130353/http://www.press.sk/amercom/stihaci-v-boji-c.21/,20130622130353,skip
http://www.press.sk/amercom/stihaci-v-boji-c.22/,https://web.archive.org/web/20130622131934/http://www.press.sk/amercom/stihaci-v-boji-c.22/,20130622131934,skip
http://www.press.sk/amercom/stihaci-v-boji-c.22+9006/,https://web.archive.org/web/20130622135228/http://www.press.sk/amercom/stihaci-v-boji-c.22+9006/,20130622135228,skip
http://www.press.sk/amercom/stihaci-v-boji-c.24/,https://web.archive.org/web/20130622120156/http://www.press.sk/amercom/stihaci-v-boji-c.24/,20130622120156,skip
http://www.press.sk/amercom/stihaci-v-boji-c.25/,https://web.archive.org/web/20130622125049/http://www.press.sk/amercom/stihaci-v-boji-c.25/,20130622125049,skip
http://www.press.sk:80/amercom/stihaci-v-boji-c.25/,https://web.archive.org/web/20150311041146/http://www.press.sk:80/amercom/stihaci-v-boji-c.25/,20150311041146,skip
http://www.press.sk:80/amercom/stihaci-v-boji-c.25/,https://web.archive.org/web/20151114183704/http://www.press.sk:80/amercom/stihaci-v-boji-c.25/,20151114183704,skip
http://www.press.sk/amercom/stihaci-v-boji-c.26/,https://web.archive.org/web/20130622130311/http://www.press.sk/amercom/stihaci-v-boji-c.26/,20130622130311,skip
http://www.press.sk/amercom/stihaci-v-boji-c.28/,https://web.archive.org/web/20130510235639/http://www.press.sk/amercom/stihaci-v-boji-c.28/,20130510235639,skip
http://www.press.sk:80/amercom/stihaci-v-boji-c.28/,https://web.archive.org/web/20140127032931/http://www.press.sk:80/amercom/stihaci-v-boji-c.28/,20140127032931,skip
http://www.press.sk:80/amercom/stihaci-v-boji-c.28/,https://web.archive.org/web/20150311041151/http://www.press.sk:80/amercom/stihaci-v-boji-c.28/,20150311041151,skip
http://www.press.sk/amercom/taxiky-sveta-c.23/,https://web.archive.org/web/20130622044510/http://www.press.sk/amercom/taxiky-sveta-c.23/,20130622044510,skip
http://www.press.sk/amercom/taxiky-sveta-c.24/,https://web.archive.org/web/20130622044541/http://www.press.sk/amercom/taxiky-sveta-c.24/,20130622044541,skip
http://www.press.sk/amercom/taxiky-sveta-c.25/,https://web.archive.org/web/20130622055113/http://www.press.sk/amercom/taxiky-sveta-c.25/,20130622055113,skip
http://www.press.sk/amercom/taxiky-sveta-c.26/,https://web.archive.org/web/20130622014149/http://www.press.sk/amercom/taxiky-sveta-c.26/,20130622014149,skip
http://www.press.sk/amercom/taxiky-sveta-c.27/,https://web.archive.org/web/20130622030130/http://www.press.sk/amercom/taxiky-sveta-c.27/,20130622030130,skip
http://www.press.sk/amercom/taxiky-sveta-c.28/,https://web.archive.org/web/20130622114634/http://www.press.sk/amercom/taxiky-sveta-c.28/,20130622114634,skip
http://www.press.sk/amercom/to-je-dobrota-c.05/,https://web.archive.org/web/20140214080333/http://www.press.sk/amercom/to-je-dobrota-c.05/,20140214080333,skip
http://www.press.sk:80/amercom/velke-bitvy-historie-c.01/,https://web.archive.org/web/20120226095917/http://www.press.sk:80/amercom/velke-bitvy-historie-c.01/,20120226095917,skip
http://www.press.sk/amercom/velke-bitvy-historie-c.01/,https://web.archive.org/web/20130511003351/http://www.press.sk/amercom/velke-bitvy-historie-c.01/,20130511003351,skip
http://www.press.sk:80/amercom/velke-bitvy-historie-c.01/,https://web.archive.org/web/20140127032936/http://www.press.sk:80/amercom/velke-bitvy-historie-c.01/,20140127032936,skip
http://www.press.sk:80/amercom/velke-bitvy-historie-c.01/,https://web.archive.org/web/20150311042246/http://www.press.sk:80/amercom/velke-bitvy-historie-c.01/,20150311042246,skip
http://www.press.sk:80/amercom/velke-bitvy-historie-c.01/,https://web.archive.org/web/20151114183708/http://www.press.sk:80/amercom/velke-bitvy-historie-c.01/,20151114183708,skip
http://www.press.sk/amercom/velke-bitvy-historie-c.01/,https://web.archive.org/web/20160802145504/http://www.press.sk/amercom/velke-bitvy-historie-c.01/,20160802145504,skip
http://www.press.sk/amercom/velke-bitvy-historie-c.02/,https://web.archive.org/web/20130510231332/http://www.press.sk/amercom/velke-bitvy-historie-c.02/,20130510231332,skip
http://www.press.sk:80/amercom/velke-bitvy-historie-c.02/,https://web.archive.org/web/20140127032941/http://www.press.sk:80/amercom/velke-bitvy-historie-c.02/,20140127032941,skip
http://www.press.sk:80/amercom/velke-bitvy-historie-c.02/,https://web.archive.org/web/20150311043136/http://www.press.sk:80/amercom/velke-bitvy-historie-c.02/,20150311043136,skip
http://www.press.sk:80/amercom/velke-bitvy-historie-c.02/,https://web.archive.org/web/20151114183917/http://www.press.sk:80/amercom/velke-bitvy-historie-c.02/,20151114183917,skip
http://www.press.sk/amercom/velke-bitvy-historie-c.02/,https://web.archive.org/web/20160802164654/http://www.press.sk/amercom/velke-bitvy-historie-c.02/,20160802164654,skip
http://www.press.sk/amercom/velke-bitvy-historie-c.03/,https://web.archive.org/web/20130510235116/http://www.press.sk/amercom/velke-bitvy-historie-c.03/,20130510235116,skip
http://www.press.sk:80/amercom/velke-bitvy-historie-c.03/,https://web.archive.org/web/20140127032946/http://www.press.sk:80/amercom/velke-bitvy-historie-c.03/,20140127032946,skip
http://www.press.sk:80/amercom/velke-bitvy-historie-c.03/,https://web.archive.org/web/20150311042755/http://www.press.sk:80/amercom/velke-bitvy-historie-c.03/,20150311042755,skip
http://www.press.sk:80/amercom/velke-bitvy-historie-c.03/,https://web.archive.org/web/20151114183548/http://www.press.sk:80/amercom/velke-bitvy-historie-c.03/,20151114183548,skip
http://www.press.sk/amercom/velke-bitvy-historie-c.03/,https://web.archive.org/web/20160802160721/http://www.press.sk/amercom/velke-bitvy-historie-c.03/,20160802160721,skip
http://www.press.sk/amercom/velke-bitvy-historie-c.04/,https://web.archive.org/web/20130510235139/http://www.press.sk/amercom/velke-bitvy-historie-c.04/,20130510235139,skip
http://www.press.sk:80/amercom/velke-bitvy-historie-c.04/,https://web.archive.org/web/20140127032951/http://www.press.sk:80/amercom/velke-bitvy-historie-c.04/,20140127032951,skip
http://www.press.sk:80/amercom/velke-bitvy-historie-c.04/,https://web.archive.org/web/20150311042251/http://www.press.sk:80/amercom/velke-bitvy-historie-c.04/,20150311042251,skip
http://www.press.sk:80/amercom/velke-bitvy-historie-c.04/,https://web.archive.org/web/20151114183923/http://www.press.sk:80/amercom/velke-bitvy-historie-c.04/,20151114183923,skip
http://www.press.sk/amercom/velke-bitvy-historie-c.04/,https://web.archive.org/web/20160802160440/http://www.press.sk/amercom/velke-bitvy-historie-c.04/,20160802160440,skip
http://www.press.sk/amercom/velke-bitvy-historie-c.05/,https://web.archive.org/web/20130622120850/http://www.press.sk/amercom/velke-bitvy-historie-c.05/,20130622120850,skip
http://www.press.sk/amercom/velke-bitvy-historie-c.06/,https://web.archive.org/web/20130511003341/http://www.press.sk/amercom/velke-bitvy-historie-c.06/,20130511003341,skip
http://www.press.sk:80/amercom/velke-bitvy-historie-c.06/,https://web.archive.org/web/20140127032957/http://www.press.sk:80/amercom/velke-bitvy-historie-c.06/,20140127032957,skip
http://www.press.sk:80/amercom/velke-bitvy-historie-c.06/,https://web.archive.org/web/20150311041157/http://www.press.sk:80/amercom/velke-bitvy-historie-c.06/,20150311041157,skip
http://www.press.sk:80/amercom/velke-bitvy-historie-c.06/,https://web.archive.org/web/20151114183808/http://www.press.sk:80/amercom/velke-bitvy-historie-c.06/,20151114183808,skip
http://www.press.sk/amercom/velke-bitvy-historie-c.06/,https://web.archive.org/web/20160802151406/http://www.press.sk/amercom/velke-bitvy-historie-c.06/,20160802151406,skip
http://www.press.sk/amercom/velke-bitvy-historie-c.08/,https://web.archive.org/web/20130511003320/http://www.press.sk/amercom/velke-bitvy-historie-c.08/,20130511003320,skip
http://www.press.sk:80/amercom/velke-bitvy-historie-c.08/,https://web.archive.org/web/20140127033001/http://www.press.sk:80/amercom/velke-bitvy-historie-c.08/,20140127033001,skip
http://www.press.sk:80/amercom/velke-bitvy-historie-c.08/,https://web.archive.org/web/20150311041202/http://www.press.sk:80/amercom/velke-bitvy-historie-c.08/,20150311041202,skip
http://www.press.sk:80/amercom/velke-bitvy-historie-c.08/,https://web.archive.org/web/20151114183928/http://www.press.sk:80/amercom/velke-bitvy-historie-c.08/,20151114183928,skip
http://www.press.sk/amercom/velke-bitvy-historie-c.08/,https://web.archive.org/web/20160802153458/http://www.press.sk/amercom/velke-bitvy-historie-c.08/,20160802153458,skip
http://www.press.sk/amercom/velke-bitvy-historie-c.09/,https://web.archive.org/web/20130622125925/http://www.press.sk/amercom/velke-bitvy-historie-c.09/,20130622125925,skip
http://www.press.sk/amercom/velke-bitvy-historie-c.10/,https://web.archive.org/web/20130510230636/http://www.press.sk/amercom/velke-bitvy-historie-c.10/,20130510230636,skip
http://www.press.sk:80/amercom/velke-bitvy-historie-c.10/,https://web.archive.org/web/20140127033006/http://www.press.sk:80/amercom/velke-bitvy-historie-c.10/,20140127033006,skip
http://www.press.sk:80/amercom/velke-bitvy-historie-c.10/,https://web.archive.org/web/20150311042256/http://www.press.sk:80/amercom/velke-bitvy-historie-c.10/,20150311042256,skip
http://www.press.sk:80/amercom/velke-bitvy-historie-c.10/,https://web.archive.org/web/20151114183933/http://www.press.sk:80/amercom/velke-bitvy-historie-c.10/,20151114183933,skip
http://www.press.sk/amercom/velke-bitvy-historie-c.10/,https://web.archive.org/web/20160802160539/http://www.press.sk/amercom/velke-bitvy-historie-c.10/,20160802160539,skip
http://www.press.sk/amercom/velke-bitvy-historie-c.11/,https://web.archive.org/web/20130622122810/http://www.press.sk/amercom/velke-bitvy-historie-c.11/,20130622122810,skip
http://www.press.sk:80/amercom/velke-bitvy-historie-c.12/,https://web.archive.org/web/20120226095441/http://www.press.sk:80/amercom/velke-bitvy-historie-c.12/,20120226095441,skip
http://www.press.sk/amercom/velke-bitvy-historie-c.12/,https://web.archive.org/web/20130511001712/http://www.press.sk/amercom/velke-bitvy-historie-c.12/,20130511001712,skip
http://www.press.sk:80/amercom/velke-bitvy-historie-c.12/,https://web.archive.org/web/20140127033011/http://www.press.sk:80/amercom/velke-bitvy-historie-c.12/,20140127033011,skip
http://www.press.sk:80/amercom/velke-bitvy-historie-c.12/,https://web.archive.org/web/20150311042759/http://www.press.sk:80/amercom/velke-bitvy-historie-c.12/,20150311042759,skip
http://www.press.sk:80/amercom/velke-bitvy-historie-c.12/,https://web.archive.org/web/20151114183814/http://www.press.sk:80/amercom/velke-bitvy-historie-c.12/,20151114183814,skip
http://www.press.sk/amercom/velke-bitvy-historie-c.12/,https://web.archive.org/web/20160802161434/http://www.press.sk/amercom/velke-bitvy-historie-c.12/,20160802161434,skip
http://www.press.sk/amercom/velke-bitvy-historie-c.13/,https://web.archive.org/web/20130511003954/http://www.press.sk/amercom/velke-bitvy-historie-c.13/,20130511003954,skip
http://www.press.sk:80/amercom/velke-bitvy-historie-c.13/,https://web.archive.org/web/20140127033016/http://www.press.sk:80/amercom/velke-bitvy-historie-c.13/,20140127033016,skip
http://www.press.sk:80/amercom/velke-bitvy-historie-c.13/,https://web.archive.org/web/20150311042804/http://www.press.sk:80/amercom/velke-bitvy-historie-c.13/,20150311042804,skip
http://www.press.sk:80/amercom/velke-bitvy-historie-c.13/,https://web.archive.org/web/20151114183938/http://www.press.sk:80/amercom/velke-bitvy-historie-c.13/,20151114183938,skip
http://www.press.sk/amercom/velke-bitvy-historie-c.13/,https://web.archive.org/web/20160802160137/http://www.press.sk/amercom/velke-bitvy-historie-c.13/,20160802160137,skip
http://www.press.sk/amercom/velke-bitvy-historie-c.14/,https://web.archive.org/web/20130511003929/http://www.press.sk/amercom/velke-bitvy-historie-c.14/,20130511003929,skip
http://www.press.sk:80/amercom/velke-bitvy-historie-c.14/,https://web.archive.org/web/20140127033021/http://www.press.sk:80/amercom/velke-bitvy-historie-c.14/,20140127033021,skip
http://www.press.sk:80/amercom/velke-bitvy-historie-c.14/,https://web.archive.org/web/20150311041207/http://www.press.sk:80/amercom/velke-bitvy-historie-c.14/,20150311041207,skip
http://www.press.sk:80/amercom/velke-bitvy-historie-c.14/,https://web.archive.org/web/20151114183554/http://www.press.sk:80/amercom/velke-bitvy-historie-c.14/,20151114183554,skip
http://www.press.sk/amercom/velke-bitvy-historie-c.14/,https://web.archive.org/web/20160803103005/http://www.press.sk/amercom/velke-bitvy-historie-c.14/,20160803103005,skip
http://www.press.sk/amercom/velke-bitvy-historie-c.15/,https://web.archive.org/web/20130511001730/http://www.press.sk/amercom/velke-bitvy-historie-c.15/,20130511001730,skip
http://www.press.sk:80/amercom/velke-bitvy-historie-c.15/,https://web.archive.org/web/20140127033026/http://www.press.sk:80/amercom/velke-bitvy-historie-c.15/,20140127033026,skip
http://www.press.sk:80/amercom/velke-bitvy-historie-c.15/,https://web.archive.org/web/20150311043548/http://www.press.sk:80/amercom/velke-bitvy-historie-c.15/,20150311043548,skip
http://www.press.sk:80/amercom/velke-bitvy-historie-c.15/,https://web.archive.org/web/20151114183819/http://www.press.sk:80/amercom/velke-bitvy-historie-c.15/,20151114183819,skip
http://www.press.sk/amercom/velke-bitvy-historie-c.15/,https://web.archive.org/web/20160802161157/http://www.press.sk/amercom/velke-bitvy-historie-c.15/,20160802161157,skip
http://www.press.sk:80/amercom/velke-bitvy-historie-c.16/,https://web.archive.org/web/20120226093334/http://www.press.sk:80/amercom/velke-bitvy-historie-c.16/,20120226093334,skip
http://www.press.sk/amercom/velke-bitvy-historie-c.16/,https://web.archive.org/web/20130510232746/http://www.press.sk/amercom/velke-bitvy-historie-c.16/,20130510232746,skip
http://www.press.sk:80/amercom/velke-bitvy-historie-c.16/,https://web.archive.org/web/20140127033031/http://www.press.sk:80/amercom/velke-bitvy-historie-c.16/,20140127033031,skip
http://www.press.sk:80/amercom/velke-bitvy-historie-c.16/,https://web.archive.org/web/20150311043553/http://www.press.sk:80/amercom/velke-bitvy-historie-c.16/,20150311043553,skip
http://www.press.sk:80/amercom/velke-bitvy-historie-c.16/,https://web.archive.org/web/20151114183943/http://www.press.sk:80/amercom/velke-bitvy-historie-c.16/,20151114183943,skip
http://www.press.sk/amercom/velke-bitvy-historie-c.16/,https://web.archive.org/web/20160802142716/http://www.press.sk/amercom/velke-bitvy-historie-c.16/,20160802142716,skip
http://www.press.sk/amercom/velke-bitvy-historie-c.17/,https://web.archive.org/web/20130622115959/http://www.press.sk/amercom/velke-bitvy-historie-c.17/,20130622115959,skip
http://www.press.sk/amercom/velke-bitvy-historie-c.18/,https://web.archive.org/web/20130622122539/http://www.press.sk/amercom/velke-bitvy-historie-c.18/,20130622122539,skip
http://www.press.sk/amercom/velke-bitvy-historie-c.19/,https://web.archive.org/web/20130510230609/http://www.press.sk/amercom/velke-bitvy-historie-c.19/,20130510230609,skip
http://www.press.sk:80/amercom/velke-bitvy-historie-c.19/,https://web.archive.org/web/20140127033037/http://www.press.sk:80/amercom/velke-bitvy-historie-c.19/,20140127033037,skip
http://www.press.sk:80/amercom/velke-bitvy-historie-c.19/,https://web.archive.org/web/20150311042809/http://www.press.sk:80/amercom/velke-bitvy-historie-c.19/,20150311042809,skip
http://www.press.sk:80/amercom/velke-bitvy-historie-c.19/,https://web.archive.org/web/20151114183948/http://www.press.sk:80/amercom/velke-bitvy-historie-c.19/,20151114183948,skip
http://www.press.sk/amercom/velke-bitvy-historie-c.19/,https://web.archive.org/web/20160802132225/http://www.press.sk/amercom/velke-bitvy-historie-c.19/,20160802132225,skip
http://www.press.sk/amercom/velke-bitvy-historie-c.20/,https://web.archive.org/web/20130622115307/http://www.press.sk/amercom/velke-bitvy-historie-c.20/,20130622115307,skip
http://www.press.sk/amercom/velke-bitvy-historie-c.20/,https://web.archive.org/web/20160802160135/http://www.press.sk/amercom/velke-bitvy-historie-c.20/,20160802160135,skip
http://www.press.sk/amercom/velke-bitvy-historie-c.21/,https://web.archive.org/web/20130622122312/http://www.press.sk/amercom/velke-bitvy-historie-c.21/,20130622122312,skip
http://www.press.sk/amercom/velke-bitvy-historie-c.23/,https://web.archive.org/web/20130622135344/http://www.press.sk/amercom/velke-bitvy-historie-c.23/,20130622135344,skip
http://www.press.sk/amercom/velke-bitvy-historie-c.24/,https://web.archive.org/web/20130622140018/http://www.press.sk/amercom/velke-bitvy-historie-c.24/,20130622140018,skip
http://www.press.sk/amercom/velke-bitvy-historie-c.25/,https://web.archive.org/web/20130622134534/http://www.press.sk/amercom/velke-bitvy-historie-c.25/,20130622134534,skip
http://www.press.sk/amercom/velke-bitvy-historie-c.26/,https://web.archive.org/web/20130510232430/http://www.press.sk/amercom/velke-bitvy-historie-c.26/,20130510232430,skip
http://www.press.sk:80/amercom/velke-bitvy-historie-c.26/,https://web.archive.org/web/20140127033042/http://www.press.sk:80/amercom/velke-bitvy-historie-c.26/,20140127033042,skip
http://www.press.sk:80/amercom/velke-bitvy-historie-c.26/,https://web.archive.org/web/20150311043558/http://www.press.sk:80/amercom/velke-bitvy-historie-c.26/,20150311043558,skip
http://www.press.sk:80/amercom/velke-bitvy-historie-c.26/,https://web.archive.org/web/20151114183558/http://www.press.sk:80/amercom/velke-bitvy-historie-c.26/,20151114183558,skip
http://www.press.sk/amercom/velke-bitvy-historie-c.26/,https://web.archive.org/web/20160802145357/http://www.press.sk/amercom/velke-bitvy-historie-c.26/,20160802145357,skip
http://www.press.sk:80/amercom/velke-bitvy-historie-c.27/,https://web.archive.org/web/20120226095651/http://www.press.sk:80/amercom/velke-bitvy-historie-c.27/,20120226095651,skip
http://www.press.sk/amercom/velke-bitvy-historie-c.27/,https://web.archive.org/web/20130510230057/http://www.press.sk/amercom/velke-bitvy-historie-c.27/,20130510230057,skip
http://www.press.sk:80/amercom/velke-bitvy-historie-c.27/,https://web.archive.org/web/20140127033047/http://www.press.sk:80/amercom/velke-bitvy-historie-c.27/,20140127033047,skip
http://www.press.sk:80/amercom/velke-bitvy-historie-c.27/,https://web.archive.org/web/20150311041212/http://www.press.sk:80/amercom/velke-bitvy-historie-c.27/,20150311041212,skip
http://www.press.sk:80/amercom/velke-bitvy-historie-c.27/,https://web.archive.org/web/20151114183954/http://www.press.sk:80/amercom/velke-bitvy-historie-c.27/,20151114183954,skip
http://www.press.sk/amercom/velke-bitvy-historie-c.27/,https://web.archive.org/web/20160802163424/http://www.press.sk/amercom/velke-bitvy-historie-c.27/,20160802163424,skip
http://www.press.sk/amercom/velke-bitvy-historie-c.28/,https://web.archive.org/web/20130622122301/http://www.press.sk/amercom/velke-bitvy-historie-c.28/,20130622122301,skip
http://www.press.sk:80/amercom/velke-bitvy-historie-c.31/,https://web.archive.org/web/20120226095656/http://www.press.sk:80/amercom/velke-bitvy-historie-c.31/,20120226095656,skip
http://www.press.sk/amercom/velke-bitvy-historie-c.31/,https://web.archive.org/web/20130511003510/http://www.press.sk/amercom/velke-bitvy-historie-c.31/,20130511003510,skip
http://www.press.sk:80/amercom/velke-bitvy-historie-c.31/,https://web.archive.org/web/20140127033052/http://www.press.sk:80/amercom/velke-bitvy-historie-c.31/,20140127033052,skip
http://www.press.sk:80/amercom/velke-bitvy-historie-c.31/,https://web.archive.org/web/20150311042301/http://www.press.sk:80/amercom/velke-bitvy-historie-c.31/,20150311042301,skip
http://www.press.sk:80/amercom/velke-bitvy-historie-c.31/,https://web.archive.org/web/20151114183604/http://www.press.sk:80/amercom/velke-bitvy-historie-c.31/,20151114183604,skip
http://www.press.sk:80/amercom/velke-bitvy-historie-c.36/,https://web.archive.org/web/20151114183609/http://www.press.sk:80/amercom/velke-bitvy-historie-c.36/,20151114183609,skip
http://www.press.sk:80/amercom/velke-bitvy-historie-c.38/,https://web.archive.org/web/20151114185117/http://www.press.sk:80/amercom/velke-bitvy-historie-c.38/,20151114185117,skip
http://www.press.sk:80/amercom/velke-bitvy-historie-c.40/,https://web.archive.org/web/20120226095446/http://www.press.sk:80/amercom/velke-bitvy-historie-c.40/,20120226095446,skip
http://www.press.sk/amercom/velke-bitvy-historie-c.40/,https://web.archive.org/web/20130510225809/http://www.press.sk/amercom/velke-bitvy-historie-c.40/,20130510225809,skip
http://www.press.sk:80/amercom/velke-bitvy-historie-c.40/,https://web.archive.org/web/20140127033057/http://www.press.sk:80/amercom/velke-bitvy-historie-c.40/,20140127033057,skip
http://www.press.sk:80/amercom/velke-bitvy-historie-c.40/,https://web.archive.org/web/20150311041217/http://www.press.sk:80/amercom/velke-bitvy-historie-c.40/,20150311041217,skip
http://www.press.sk:80/amercom/velke-bitvy-historie-c.40/,https://web.archive.org/web/20151114183713/http://www.press.sk:80/amercom/velke-bitvy-historie-c.40/,20151114183713,skip
http://www.press.sk/amercom/velke-bitvy-historie-c.41/,https://web.archive.org/web/20130510233826/http://www.press.sk/amercom/velke-bitvy-historie-c.41/,20130510233826,skip
http://www.press.sk:80/amercom/velke-bitvy-historie-c.41/,https://web.archive.org/web/20140127033102/http://www.press.sk:80/amercom/velke-bitvy-historie-c.41/,20140127033102,skip
http://www.press.sk:80/amercom/velke-bitvy-historie-c.41/,https://web.archive.org/web/20150311041222/http://www.press.sk:80/amercom/velke-bitvy-historie-c.41/,20150311041222,skip
http://www.press.sk:80/amercom/velke-bitvy-historie-c.41/,https://web.archive.org/web/20151114183615/http://www.press.sk:80/amercom/velke-bitvy-historie-c.41/,20151114183615,skip
http://www.press.sk/amercom/velke-bitvy-historie-c.42/,https://web.archive.org/web/20130511000813/http://www.press.sk/amercom/velke-bitvy-historie-c.42/,20130511000813,skip
http://www.press.sk:80/amercom/velke-bitvy-historie-c.42/,https://web.archive.org/web/20140127033107/http://www.press.sk:80/amercom/velke-bitvy-historie-c.42/,20140127033107,skip
http://www.press.sk:80/amercom/velke-bitvy-historie-c.42/,https://web.archive.org/web/20150311041228/http://www.press.sk:80/amercom/velke-bitvy-historie-c.42/,20150311041228,skip
http://www.press.sk:80/amercom/velke-bitvy-historie-c.42/,https://web.archive.org/web/20151114183857/http://www.press.sk:80/amercom/velke-bitvy-historie-c.42/,20151114183857,skip
http://www.press.sk:80/amercom/velke-bitvy-historie-c.43/,https://web.archive.org/web/20120226093339/http://www.press.sk:80/amercom/velke-bitvy-historie-c.43/,20120226093339,skip
http://www.press.sk/amercom/velke-bitvy-historie-c.43/,https://web.archive.org/web/20130511010205/http://www.press.sk/amercom/velke-bitvy-historie-c.43/,20130511010205,skip
http://www.press.sk:80/amercom/velke-bitvy-historie-c.43/,https://web.archive.org/web/20140127033112/http://www.press.sk:80/amercom/velke-bitvy-historie-c.43/,20140127033112,skip
http://www.press.sk:80/amercom/velke-bitvy-historie-c.43/,https://web.archive.org/web/20150311041232/http://www.press.sk:80/amercom/velke-bitvy-historie-c.43/,20150311041232,skip
http://www.press.sk:80/amercom/velke-bitvy-historie-c.43/,https://web.archive.org/web/20151114185122/http://www.press.sk:80/amercom/velke-bitvy-historie-c.43/,20151114185122,skip
http://www.press.sk/amercom/velke-bitvy-historie-edicia/,https://web.archive.org/web/20130511003538/http://www.press.sk/amercom/velke-bitvy-historie-edicia/,20130511003538,skip
http://www.press.sk:80/amercom/velke-bitvy-historie-edicia/,https://web.archive.org/web/20140127033117/http://www.press.sk:80/amercom/velke-bitvy-historie-edicia/,20140127033117,skip
http://www.press.sk:80/amercom/velke-bitvy-historie-edicia/,https://web.archive.org/web/20150311042814/http://www.press.sk:80/amercom/velke-bitvy-historie-edicia/,20150311042814,skip
http://www.press.sk:80/amercom/velke-bitvy-historie-edicia/,https://web.archive.org/web/20151114183721/http://www.press.sk:80/amercom/velke-bitvy-historie-edicia/,20151114183721,skip
http://www.press.sk/amercom/velke-bitvy-historie-edicia/,https://web.archive.org/web/20160802125116/http://www.press.sk/amercom/velke-bitvy-historie-edicia/,20160802125116,skip
http://www.press.sk:80/amercom/vojenska-letadla/,https://web.archive.org/web/20120226095452/http://www.press.sk:80/amercom/vojenska-letadla/,20120226095452,skip
http://www.press.sk/amercom/vojenska-letadla/,https://web.archive.org/web/20130510235633/http://www.press.sk/amercom/vojenska-letadla/,20130510235633,skip
http://www.press.sk:80/amercom/vojenska-letadla/,https://web.archive.org/web/20140127033128/http://www.press.sk:80/amercom/vojenska-letadla/,20140127033128,skip
http://www.press.sk:80/amercom/vojenska-letadla/,https://web.archive.org/web/20150311042819/http://www.press.sk:80/amercom/vojenska-letadla/,20150311042819,skip
http://www.press.sk:80/amercom/vojenska-letadla/,https://web.archive.org/web/20151114183726/http://www.press.sk:80/amercom/vojenska-letadla/,20151114183726,skip
http://www.press.sk/amercom/vojenska-letadla+7138/,https://web.archive.org/web/20130510233121/http://www.press.sk/amercom/vojenska-letadla+7138/,20130510233121,skip
http://www.press.sk:80/amercom/vojenska-letadla+7138/,https://web.archive.org/web/20140127033123/http://www.press.sk:80/amercom/vojenska-letadla+7138/,20140127033123,skip
http://www.press.sk:80/amercom/vojenska-letadla+7138/,https://web.archive.org/web/20150311043604/http://www.press.sk:80/amercom/vojenska-letadla+7138/,20150311043604,skip
http://www.press.sk:80/amercom/vojenska-letadla+7138/,https://web.archive.org/web/20151114185127/http://www.press.sk:80/amercom/vojenska-letadla+7138/,20151114185127,skip
http://www.press.sk/amercom/vojenska-letadla+7138/,https://web.archive.org/web/20160802161234/http://www.press.sk/amercom/vojenska-letadla+7138/,20160802161234,skip
http://www.press.sk:80/amercom/vojenska-letadla-c.30/,https://web.archive.org/web/20120226093344/http://www.press.sk:80/amercom/vojenska-letadla-c.30/,20120226093344,skip
http://www.press.sk:80/apetit/,https://web.archive.org/web/20141028145313/http://www.press.sk:80/apetit/,20141028145313,skip
http://www.press.sk:80/apetit/,https://web.archive.org/web/20150714163321/http://www.press.sk:80/apetit/,20150714163321,skip
http://www.press.sk:80/apetit,https://web.archive.org/web/20151210021111/http://www.press.sk:80/apetit,20151210021111,skip
http://www.press.sk:80/apetit/,https://web.archive.org/web/20151211161033/http://www.press.sk:80/apetit/,20151211161033,skip
http://www.press.sk:80/apetit,https://web.archive.org/web/20160109235401/http://www.press.sk:80/apetit,20160109235401,skip
http://www.press.sk:80/apetit,https://web.archive.org/web/20160209085516/http://www.press.sk:80/apetit,20160209085516,skip
http://www.press.sk:80/apetit,https://web.archive.org/web/20160210041511/http://www.press.sk:80/apetit,20160210041511,skip
http://www.press.sk:80/apetit/,https://web.archive.org/web/20160211185618/http://www.press.sk:80/apetit/,20160211185618,skip
http://www.press.sk:80/apetit/,https://web.archive.org/web/20160212101225/http://www.press.sk:80/apetit/,20160212101225,skip
http://www.press.sk:80/apetit,https://web.archive.org/web/20160311201941/http://www.press.sk:80/apetit,20160311201941,skip
http://www.press.sk:80/apetit,https://web.archive.org/web/20160416201404/http://www.press.sk:80/apetit,20160416201404,skip
http://www.press.sk/apetit/,https://web.archive.org/web/20160802165319/http://www.press.sk/apetit/,20160802165319,skip
http://www.press.sk:80/apetit/,https://web.archive.org/web/20161002082719/http://www.press.sk:80/apetit/,20161002082719,skip
http://www.press.sk:80/apetit,https://web.archive.org/web/20161209073616/http://www.press.sk:80/apetit,20161209073616,skip
http://www.press.sk:80/apetit-miniedice/,https://web.archive.org/web/20141028201139/http://www.press.sk:80/apetit-miniedice/,20141028201139,skip
http://www.press.sk:80/apetit-miniedice/,https://web.archive.org/web/20150630154856/http://www.press.sk:80/apetit-miniedice/,20150630154856,skip
http://www.press.sk:80/apetit-miniedice/,https://web.archive.org/web/20150902103704/http://www.press.sk:80/apetit-miniedice/,20150902103704,skip
http://www.press.sk:80/apetit-miniedice/,https://web.archive.org/web/20151211161028/http://www.press.sk:80/apetit-miniedice/,20151211161028,skip
http://www.press.sk:80/apetit-miniedice/,https://web.archive.org/web/20160211190030/http://www.press.sk:80/apetit-miniedice/,20160211190030,skip
http://www.press.sk:80/apetit-miniedice/,https://web.archive.org/web/20160212093846/http://www.press.sk:80/apetit-miniedice/,20160212093846,skip
http://www.press.sk/apetit-miniedice/,https://web.archive.org/web/20160410224108/http://www.press.sk/apetit-miniedice/,20160410224108,skip
http://www.press.sk:80/apetit-miniedice/,https://web.archive.org/web/20160522223714/http://www.press.sk:80/apetit-miniedice/,20160522223714,skip
http://www.press.sk:80/apetit-miniedice/,https://web.archive.org/web/20160916163305/http://www.press.sk:80/apetit-miniedice/,20160916163305,skip
http://www.press.sk:80/apetit/aeptit-special-kuchyne-usa/,https://web.archive.org/web/20151211151741/http://www.press.sk:80/apetit/aeptit-special-kuchyne-usa/,20151211151741,skip
http://www.press.sk:80/apetit/aeptit-special-kuchyne-usa/,https://web.archive.org/web/20160211190235/http://www.press.sk:80/apetit/aeptit-special-kuchyne-usa/,20160211190235,skip
http://www.press.sk:80/apetit/aeptit-special-kuchyne-usa/,https://web.archive.org/web/20160212094358/http://www.press.sk:80/apetit/aeptit-special-kuchyne-usa/,20160212094358,skip
http://www.press.sk:80/apetit/apeti-special-pasta-pizza/,https://web.archive.org/web/20151211151746/http://www.press.sk:80/apetit/apeti-special-pasta-pizza/,20151211151746,skip
http://www.press.sk:80/apetit/apetit-predplatne/,https://web.archive.org/web/20140104154401/http://www.press.sk:80/apetit/apetit-predplatne/,20140104154401,skip
http://www.press.sk/apetit/apetit-predplatne/,https://web.archive.org/web/20140117051224/http://www.press.sk/apetit/apetit-predplatne/,20140117051224,skip
http://www.press.sk/apetit/apetit-predplatne/,https://web.archive.org/web/20140214100706/http://www.press.sk/apetit/apetit-predplatne/,20140214100706,skip
http://www.press.sk:80/apetit/apetit-predplatne/,https://web.archive.org/web/20140306173929/http://www.press.sk:80/apetit/apetit-predplatne/,20140306173929,skip
http://www.press.sk:80/apetit/apetit-predplatne/,https://web.archive.org/web/20140308055110/http://www.press.sk:80/apetit/apetit-predplatne/,20140308055110,skip
http://www.press.sk:80/apetit/apetit-predplatne/,https://web.archive.org/web/20140507225109/http://www.press.sk:80/apetit/apetit-predplatne/,20140507225109,skip
http://www.press.sk:80/apetit/apetit-predplatne/,https://web.archive.org/web/20140707170020/http://www.press.sk:80/apetit/apetit-predplatne/,20140707170020,skip
http://www.press.sk/apetit/apetit-predplatne/,https://web.archive.org/web/20140813014226/http://www.press.sk/apetit/apetit-predplatne/,20140813014226,skip
http://www.press.sk:80/apetit/apetit-predplatne/,https://web.archive.org/web/20140906155406/http://www.press.sk:80/apetit/apetit-predplatne/,20140906155406,skip
http://www.press.sk:80/apetit/apetit-predplatne/,https://web.archive.org/web/20141006014701/http://www.press.sk:80/apetit/apetit-predplatne/,20141006014701,skip
http://www.press.sk:80/apetit/apetit-predplatne/,https://web.archive.org/web/20141208004201/http://www.press.sk:80/apetit/apetit-predplatne/,20141208004201,skip
http://www.press.sk:80/apetit/apetit-predplatne/,https://web.archive.org/web/20150310090933/http://www.press.sk:80/apetit/apetit-predplatne/,20150310090933,skip
http://www.press.sk/apetit/apetit-predplatne/,https://web.archive.org/web/20150418193840/http://www.press.sk/apetit/apetit-predplatne/,20150418193840,skip
http://www.press.sk:80/apetit/apetit-predplatne/,https://web.archive.org/web/20150509194220/http://www.press.sk:80/apetit/apetit-predplatne/,20150509194220,skip
http://www.press.sk:80/apetit/apetit-predplatne/,https://web.archive.org/web/20150907181439/http://www.press.sk:80/apetit/apetit-predplatne/,20150907181439,skip
http://www.press.sk:80/apetit/apetit-predplatne/,https://web.archive.org/web/20151107124828/http://www.press.sk:80/apetit/apetit-predplatne/,20151107124828,skip
http://www.press.sk:80/apetit/apetit-predplatne,https://web.archive.org/web/20151210021054/http://www.press.sk:80/apetit/apetit-predplatne,20151210021054,skip
http://www.press.sk:80/apetit/apetit-predplatne/,https://web.archive.org/web/20160107030820/http://www.press.sk:80/apetit/apetit-predplatne/,20160107030820,skip
http://www.press.sk:80/apetit/apetit-predplatne,https://web.archive.org/web/20160110000154/http://www.press.sk:80/apetit/apetit-predplatne,20160110000154,skip
http://www.press.sk:80/apetit/apetit-predplatne,https://web.archive.org/web/20160209085518/http://www.press.sk:80/apetit/apetit-predplatne,20160209085518,skip
http://www.press.sk:80/apetit/apetit-predplatne,https://web.archive.org/web/20160210041520/http://www.press.sk:80/apetit/apetit-predplatne,20160210041520,skip
http://www.press.sk:80/apetit/apetit-predplatne/,https://web.archive.org/web/20160308034757/http://www.press.sk:80/apetit/apetit-predplatne/,20160308034757,skip
http://www.press.sk:80/apetit/apetit-predplatne,https://web.archive.org/web/20160311202417/http://www.press.sk:80/apetit/apetit-predplatne,20160311202417,skip
http://www.press.sk/apetit/apetit-predplatne/,https://web.archive.org/web/20160324114906/http://www.press.sk/apetit/apetit-predplatne/,20160324114906,skip
http://www.press.sk:80/apetit/apetit-predplatne/,https://web.archive.org/web/20160508110919/http://www.press.sk:80/apetit/apetit-predplatne/,20160508110919,skip
http://www.press.sk:80/apetit/apetit-predplatne,https://web.archive.org/web/20160513043607/http://www.press.sk:80/apetit/apetit-predplatne,20160513043607,skip
http://www.press.sk/apetit/apetit-predplatne/,https://web.archive.org/web/20160624004026/http://www.press.sk/apetit/apetit-predplatne/,20160624004026,skip
http://www.press.sk:80/apetit/apetit-predplatne/,https://web.archive.org/web/20160708062031/http://www.press.sk:80/apetit/apetit-predplatne/,20160708062031,skip
http://www.press.sk:80/apetit/apetit-predplatne/,https://web.archive.org/web/20160907154335/http://www.press.sk:80/apetit/apetit-predplatne/,20160907154335,skip
http://www.press.sk:80/apetit/apetit-predplatne,https://web.archive.org/web/20161002233343/http://www.press.sk:80/apetit/apetit-predplatne,20161002233343,skip
http://www.press.sk/apetit/apetit-predplatne/,https://web.archive.org/web/20161030104834/http://www.press.sk/apetit/apetit-predplatne/,20161030104834,skip
http://www.press.sk:80/apetit/apetit-predplatne,https://web.archive.org/web/20161103135558/http://www.press.sk:80/apetit/apetit-predplatne,20161103135558,skip
http://www.press.sk:80/apetit/apetit-predplatne/,https://web.archive.org/web/20161108195553/http://www.press.sk:80/apetit/apetit-predplatne/,20161108195553,skip
http://www.press.sk:80/apetit/apetit-predplatne,https://web.archive.org/web/20161209073648/http://www.press.sk:80/apetit/apetit-predplatne,20161209073648,skip
http://www.press.sk:80/apetit/apetit-special-c.22/,https://web.archive.org/web/20151211151751/http://www.press.sk:80/apetit/apetit-special-c.22/,20151211151751,skip
http://www.press.sk:80/apetit/apetit-special-c.22/,https://web.archive.org/web/20160211185929/http://www.press.sk:80/apetit/apetit-special-c.22/,20160211185929,skip
http://www.press.sk:80/apetit/apetit-special-c.22/,https://web.archive.org/web/20160212101024/http://www.press.sk:80/apetit/apetit-special-c.22/,20160212101024,skip
http://www.press.sk:80/apetit/apetit-special-letna-party/,https://web.archive.org/web/20151211151756/http://www.press.sk:80/apetit/apetit-special-letna-party/,20151211151756,skip
http://www.press.sk:80/apetit/apetit-special-letna-party/,https://web.archive.org/web/20160212101136/http://www.press.sk:80/apetit/apetit-special-letna-party/,20160212101136,skip
http://www.press.sk:80/apetit/apetit-special-letna-party/,https://web.archive.org/web/20160212195855/http://www.press.sk:80/apetit/apetit-special-letna-party/,20160212195855,skip
http://www.press.sk:80/apetit/apetit-special-pasta-pizza/,https://web.archive.org/web/20160110194105/http://www.press.sk:80/apetit/apetit-special-pasta-pizza/,20160110194105,skip
http://www.press.sk:80/apetit/apetit-special-svetove-mucniky/,https://web.archive.org/web/20151211151801/http://www.press.sk:80/apetit/apetit-special-svetove-mucniky/,20151211151801,skip
http://www.press.sk:80/apetit/apetit-special-svetove-mucniky/,https://web.archive.org/web/20160211185638/http://www.press.sk:80/apetit/apetit-special-svetove-mucniky/,20160211185638,skip
http://www.press.sk:80/apetit/apetit-special-svetove-mucniky/,https://web.archive.org/web/20160212101230/http://www.press.sk:80/apetit/apetit-special-svetove-mucniky/,20160212101230,skip
http://www.press.sk:80/apetit/sviatocne-hodovanie/,https://web.archive.org/web/20151211151806/http://www.press.sk:80/apetit/sviatocne-hodovanie/,20151211151806,skip
http://www.press.sk:80/apetit/sviatocne-hodovanie/,https://web.archive.org/web/20160211190255/http://www.press.sk:80/apetit/sviatocne-hodovanie/,20160211190255,skip
http://www.press.sk:80/apetit/sviatocne-hodovanie/,https://web.archive.org/web/20160212094403/http://www.press.sk:80/apetit/sviatocne-hodovanie/,20160212094403,skip
http://www.press.sk:80/apetit/varime-pro-deti-apetit-special/,https://web.archive.org/web/20151211151812/http://www.press.sk:80/apetit/varime-pro-deti-apetit-special/,20151211151812,skip
http://www.press.sk:80/apetit/varime-pro-deti-apetit-special/,https://web.archive.org/web/20160211185613/http://www.press.sk:80/apetit/varime-pro-deti-apetit-special/,20160211185613,skip
http://www.press.sk:80/apetit/varime-pro-deti-apetit-special/,https://web.archive.org/web/20160212103619/http://www.press.sk:80/apetit/varime-pro-deti-apetit-special/,20160212103619,skip
https://www.press.sk/architektura-dizajn/,https://web.archive.org/web/20190723181210/https://www.press.sk/architektura-dizajn/,20190723181210,skip
https://www.press.sk/architektura-dizajn/,https://web.archive.org/web/20190923162727/https://www.press.sk/architektura-dizajn/,20190923162727,skip
https://www.press.sk/architektura-dizajn/,https://web.archive.org/web/20191119033521/https://www.press.sk/architektura-dizajn/,20191119033521,skip
https://www.press.sk/architektura-dizajn/,https://web.archive.org/web/20230311055300/https://www.press.sk/architektura-dizajn/,20230311055300,skip
https://www.press.sk/architektura-dizajn/jak-cist-architekturu/,https://web.archive.org/web/20190721215001/https://www.press.sk/architektura-dizajn/jak-cist-architekturu/,20190721215001,skip
https://www.press.sk/architektura-dizajn/jak-cist-architekturu/,https://web.archive.org/web/20190922145725/https://www.press.sk/architektura-dizajn/jak-cist-architekturu/,20190922145725,skip
https://www.press.sk/architektura-dizajn/jak-cist-architekturu/,https://web.archive.org/web/20191111205817/https://www.press.sk/architektura-dizajn/jak-cist-architekturu/,20191111205817,skip
https://www.press.sk/architektura-dizajn/kamenictvi-tradice-z-pohledu-dneska/,https://web.archive.org/web/20230311055305/https://www.press.sk/architektura-dizajn/kamenictvi-tradice-z-pohledu-dneska/,20230311055305,skip
https://www.press.sk/architektura-dizajn/malovani-na-kameny-30-vzoru-ktere-probudi-vasi-kreativitu+18231/,https://web.archive.org/web/20190718011230/https://www.press.sk/architektura-dizajn/malovani-na-kameny-30-vzoru-ktere-probudi-vasi-kreativitu+18231/,20190718011230,skip
https://www.press.sk/architektura-dizajn/malovani-na-kameny-30-vzoru-ktere-probudi-vasi-kreativitu+18231/,https://web.archive.org/web/20191015215143/https://www.press.sk/architektura-dizajn/malovani-na-kameny-30-vzoru-ktere-probudi-vasi-kreativitu+18231/,20191015215143,skip
https://www.press.sk/architektura-dizajn/malovani-na-kameny-30-vzoru-ktere-probudi-vasi-kreativitu+18231/,https://web.archive.org/web/20191207161353/https://www.press.sk/architektura-dizajn/malovani-na-kameny-30-vzoru-ktere-probudi-vasi-kreativitu+18231/,20191207161353,skip
https://www.press.sk/architektura-dizajn/naucte-se-pouzivat-barvu-kreativne/,https://web.archive.org/web/20190924093112/https://www.press.sk/architektura-dizajn/naucte-se-pouzivat-barvu-kreativne/,20190924093112,skip
https://www.press.sk/architektura-dizajn/svetove-mosty-od-antiky-po-soucasnost/,https://web.archive.org/web/20191114072952/https://www.press.sk/architektura-dizajn/svetove-mosty-od-antiky-po-soucasnost/,20191114072952,skip
https://www.press.sk/architektura-dizajn/t1-typo-grafik-um-abeceda-sucasnej-vizualnej-komunikacie-a-kultu/,https://web.archive.org/web/20190919110927/https://www.press.sk/architektura-dizajn/t1-typo-grafik-um-abeceda-sucasnej-vizualnej-komunikacie-a-kultu/,20190919110927,skip
https://www.press.sk/architektura-dizajn/thonet-1939-1945-ohybany-nabytek-za-2.-svetove-valky/,https://web.archive.org/web/20230311055305/https://www.press.sk/architektura-dizajn/thonet-1939-1945-ohybany-nabytek-za-2.-svetove-valky/,20230311055305,skip
https://www.press.sk/architektura-dizajn/ucebnice-solidworks/,https://web.archive.org/web/20190923054652/https://www.press.sk/architektura-dizajn/ucebnice-solidworks/,20190923054652,skip
http://www.press.sk:80/article_info.php,https://web.archive.org/web/20040922003825/http://www.press.sk:80/article_info.php,20040922003825,skip
http://www.press.sk:80/article_info.php?cArticlePath=7_8&articles_id=6,https://web.archive.org/web/20040611205057/http://www.press.sk:80/article_info.php?cArticlePath=7_8&articles_id=6,20040611205057,skip
https://www.press.sk/assets/press.sk/images/bg_select.svg,https://web.archive.org/web/20260512113302/https://www.press.sk/assets/press.sk/images/bg_select.svg,20260512113302,skip
https://www.press.sk/assets/press.sk/images/bg_subheader.jpg,https://web.archive.org/web/20260512113241/https://www.press.sk/assets/press.sk/images/bg_subheader.jpg,20260512113241,skip
https://www.press.sk/assets/press.sk/images/logo.svg,https://web.archive.org/web/20260512113241/https://www.press.sk/assets/press.sk/images/logo.svg,20260512113241,skip
https://www.press.sk/assets/press.sk/images/sprites.svg,https://web.archive.org/web/20260512113240/https://www.press.sk/assets/press.sk/images/sprites.svg,20260512113240,skip
https://www.press.sk/assets/press.sk/images/stitky.svg,https://web.archive.org/web/20260512113309/https://www.press.sk/assets/press.sk/images/stitky.svg,20260512113309,skip
http://www.press.sk:80/atlasy-a-mapy/,https://web.archive.org/web/20091025224534/http://www.press.sk:80/atlasy-a-mapy/,20091025224534,skip
http://www.press.sk:80/atlasy-a-mapy/,https://web.archive.org/web/20100509093018/http://www.press.sk:80/atlasy-a-mapy/,20100509093018,skip
http://www.press.sk:80/atlasy-a-mapy/,https://web.archive.org/web/20111205020038/http://www.press.sk:80/atlasy-a-mapy/,20111205020038,skip
http://www.press.sk/atlasy-a-mapy/,https://web.archive.org/web/20130511031106/http://www.press.sk/atlasy-a-mapy/,20130511031106,skip
http://www.press.sk/atlasy-a-mapy/,https://web.archive.org/web/20160802164458/http://www.press.sk/atlasy-a-mapy/,20160802164458,skip
http://www.press.sk/atlasy-a-mapy/,https://web.archive.org/web/20170406024808/http://www.press.sk/atlasy-a-mapy/,20170406024808,skip
http://www.press.sk/atlasy-a-mapy/,https://web.archive.org/web/20170614133025/http://www.press.sk/atlasy-a-mapy/,20170614133025,skip
https://www.press.sk/atlasy-a-mapy/,https://web.archive.org/web/20190724010038/https://www.press.sk/atlasy-a-mapy/,20190724010038,skip
https://www.press.sk/atlasy-a-mapy/,https://web.archive.org/web/20190922085345/https://www.press.sk/atlasy-a-mapy/,20190922085345,skip
https://www.press.sk/atlasy-a-mapy/,https://web.archive.org/web/20191115191015/https://www.press.sk/atlasy-a-mapy/,20191115191015,skip
https://www.press.sk/atlasy-a-mapy/,https://web.archive.org/web/20230311055259/https://www.press.sk/atlasy-a-mapy/,20230311055259,skip
http://www.press.sk/atlasy-a-mapy/atlas-piskovcovych-skalnich-mest/,https://web.archive.org/web/20130623114929/http://www.press.sk/atlasy-a-mapy/atlas-piskovcovych-skalnich-mest/,20130623114929,skip
http://www.press.sk/atlasy-a-mapy/databaze-letist-2011-cz-sk/,https://web.archive.org/web/20130623103400/http://www.press.sk/atlasy-a-mapy/databaze-letist-2011-cz-sk/,20130623103400,skip
http://www.press.sk/atlasy-a-mapy/databaze-letist-2012-cz-sk/,https://web.archive.org/web/20130623115919/http://www.press.sk/atlasy-a-mapy/databaze-letist-2012-cz-sk/,20130623115919,skip
http://www.press.sk/atlasy-a-mapy/databaze-letist-2013/,https://web.archive.org/web/20130623102800/http://www.press.sk/atlasy-a-mapy/databaze-letist-2013/,20130623102800,skip
https://www.press.sk/atlasy-a-mapy/databaze-letist-cr-sr-2019-klasicka-verzia/,https://web.archive.org/web/20190723183750/https://www.press.sk/atlasy-a-mapy/databaze-letist-cr-sr-2019-klasicka-verzia/,20190723183750,skip
https://www.press.sk/atlasy-a-mapy/databaze-letist-cr-sr-2019-klasicka-verzia/,https://web.archive.org/web/20190923163505/https://www.press.sk/atlasy-a-mapy/databaze-letist-cr-sr-2019-klasicka-verzia/,20190923163505,skip
https://www.press.sk/atlasy-a-mapy/databaze-letist-cr-sr-2019-klasicka-verzia/,https://web.archive.org/web/20191119033850/https://www.press.sk/atlasy-a-mapy/databaze-letist-cr-sr-2019-klasicka-verzia/,20191119033850,skip
https://www.press.sk/atlasy-a-mapy/databaze-letist-cr-sr-2019-kompletna-verzia/,https://web.archive.org/web/20190723181711/https://www.press.sk/atlasy-a-mapy/databaze-letist-cr-sr-2019-kompletna-verzia/,20190723181711,skip
https://www.press.sk/atlasy-a-mapy/databaze-letist-cr-sr-2019-kompletna-verzia/,https://web.archive.org/web/20190923163232/https://www.press.sk/atlasy-a-mapy/databaze-letist-cr-sr-2019-kompletna-verzia/,20190923163232,skip
https://www.press.sk/atlasy-a-mapy/databaze-letist-cr-sr-2019-kompletna-verzia/,https://web.archive.org/web/20191119033734/https://www.press.sk/atlasy-a-mapy/databaze-letist-cr-sr-2019-kompletna-verzia/,20191119033734,skip
https://www.press.sk/atlasy-a-mapy/databaze-letist-cr-sr-2022-klasicka-verzia/,https://web.archive.org/web/20230311055259/https://www.press.sk/atlasy-a-mapy/databaze-letist-cr-sr-2022-klasicka-verzia/,20230311055259,skip
http://www.press.sk/atlasy-a-mapy/databaze-letist-profi/,https://web.archive.org/web/20130623101733/http://www.press.sk/atlasy-a-mapy/databaze-letist-profi/,20130623101733,skip
http://www.press.sk/atlasy-a-mapy/naucte-se-kreslit-fantasy-a-rpg-mapy/,https://web.archive.org/web/20170606030825/http://www.press.sk/atlasy-a-mapy/naucte-se-kreslit-fantasy-a-rpg-mapy/,20170606030825,skip
http://www.press.sk:80/atlasy-a-mapy/naucte-se-kreslit-fantasy-a-rpg-mapy/,https://web.archive.org/web/20170610162408/http://www.press.sk:80/atlasy-a-mapy/naucte-se-kreslit-fantasy-a-rpg-mapy/,20170610162408,skip
https://www.press.sk/atlasy-a-mapy/slovensko-z-neba-2014/,https://web.archive.org/web/20230311055255/https://www.press.sk/atlasy-a-mapy/slovensko-z-neba-2014/,20230311055255,skip
http://www.press.sk/atm/,https://web.archive.org/web/20130511025540/http://www.press.sk/atm/,20130511025540,skip
http://www.press.sk:80/atm/,https://web.archive.org/web/20130727040102/http://www.press.sk:80/atm/,20130727040102,skip
http://www.press.sk:80/atm,https://web.archive.org/web/20140109053525/http://www.press.sk:80/atm,20140109053525,skip
http://www.press.sk:80/atm/,https://web.archive.org/web/20140110112554/http://www.press.sk:80/atm/,20140110112554,skip
http://www.press.sk:80/atm,https://web.archive.org/web/20140220095244/http://www.press.sk:80/atm,20140220095244,skip
http://www.press.sk:80/atm,https://web.archive.org/web/20140704092937/http://www.press.sk:80/atm,20140704092937,skip
http://www.press.sk:80/atm,https://web.archive.org/web/20140915004908/http://www.press.sk:80/atm,20140915004908,skip
http://www.press.sk:80/atm/,https://web.archive.org/web/20150910123820/http://www.press.sk:80/atm/,20150910123820,skip
http://www.press.sk/atm/,https://web.archive.org/web/20160407190426/http://www.press.sk/atm/,20160407190426,skip
http://www.press.sk:80/atm/,https://web.archive.org/web/20160508103208/http://www.press.sk:80/atm/,20160508103208,skip
http://www.press.sk/atm/,https://web.archive.org/web/20170406145921/http://www.press.sk/atm/,20170406145921,skip
https://www.press.sk/atm/,https://web.archive.org/web/20170731131938/https://www.press.sk/atm/,20170731131938,skip
https://www.press.sk/atm/,https://web.archive.org/web/20190819105904/https://www.press.sk/atm/,20190819105904,skip
https://www.press.sk/atm/,https://web.archive.org/web/20191019105030/https://www.press.sk/atm/,20191019105030,skip
https://www.press.sk/atm/,https://web.archive.org/web/20191207170557/https://www.press.sk/atm/,20191207170557,skip
https://www.press.sk/atm/,https://web.archive.org/web/20221212000254/https://www.press.sk/atm/,20221212000254,skip
https://www.press.sk/atm/,https://web.archive.org/web/20230311055243/https://www.press.sk/atm/,20230311055243,skip
https://www.press.sk/atm/,https://web.archive.org/web/20230714165941/https://www.press.sk/atm/,20230714165941,skip
http://www.press.sk/atm/atm/,https://web.archive.org/web/20130623063657/http://www.press.sk/atm/atm/,20130623063657,skip
http://www.press.sk:80/atm/atm/,https://web.archive.org/web/20140110081059/http://www.press.sk:80/atm/atm/,20140110081059,skip
http://www.press.sk:80/atm/atm/,https://web.archive.org/web/20141229022457/http://www.press.sk:80/atm/atm/,20141229022457,skip
http://www.press.sk:80/atm/atm/,https://web.archive.org/web/20150407144841/http://www.press.sk:80/atm/atm/,20150407144841,skip
http://www.press.sk:80/atm/atm/,https://web.archive.org/web/20150607044928/http://www.press.sk:80/atm/atm/,20150607044928,skip
http://www.press.sk:80/atm/atm/,https://web.archive.org/web/20150807183218/http://www.press.sk:80/atm/atm/,20150807183218,skip
http://www.press.sk:80/atm/atm/,https://web.archive.org/web/20151008011630/http://www.press.sk:80/atm/atm/,20151008011630,skip
http://www.press.sk:80/atm/atm/,https://web.archive.org/web/20151207161246/http://www.press.sk:80/atm/atm/,20151207161246,skip
https://www.press.sk/atm/atm/,https://web.archive.org/web/20190721071638/https://www.press.sk/atm/atm/,20190721071638,skip
https://www.press.sk/atm/atm/,https://web.archive.org/web/20190820054927/https://www.press.sk/atm/atm/,20190820054927,skip
https://www.press.sk/atm/atm/,https://web.archive.org/web/20190820075931/https://www.press.sk/atm/atm/,20190820075931,skip
https://www.press.sk/atm/atm/,https://web.archive.org/web/20191015215858/https://www.press.sk/atm/atm/,20191015215858,skip
https://www.press.sk/atm/atm/,https://web.archive.org/web/20191017060811/https://www.press.sk/atm/atm/,20191017060811,skip
https://www.press.sk/atm/atm/,https://web.archive.org/web/20191213024503/https://www.press.sk/atm/atm/,20191213024503,skip
https://www.press.sk/atm/atm/,https://web.archive.org/web/20230312035739/https://www.press.sk/atm/atm/,20230312035739,skip
http://www.press.sk/atm/atm-c.012013/,https://web.archive.org/web/20130623053000/http://www.press.sk/atm/atm-c.012013/,20130623053000,skip
http://www.press.sk:80/atm/atm-c.012013/,https://web.archive.org/web/20140110075947/http://www.press.sk:80/atm/atm-c.012013/,20140110075947,skip
http://www.press.sk:80/atm/atm-c.012014/,https://web.archive.org/web/20140110075952/http://www.press.sk:80/atm/atm-c.012014/,20140110075952,skip
http://www.press.sk/atm/atm-c.022013/,https://web.archive.org/web/20130623064156/http://www.press.sk/atm/atm-c.022013/,20130623064156,skip
http://www.press.sk:80/atm/atm-c.022013/,https://web.archive.org/web/20140110075958/http://www.press.sk:80/atm/atm-c.022013/,20140110075958,skip
http://www.press.sk/atm/atm-c.032013/,https://web.archive.org/web/20130623074603/http://www.press.sk/atm/atm-c.032013/,20130623074603,skip
http://www.press.sk:80/atm/atm-c.032013/,https://web.archive.org/web/20140110080004/http://www.press.sk:80/atm/atm-c.032013/,20140110080004,skip
http://www.press.sk/atm/atm-c.042013/,https://web.archive.org/web/20130623054801/http://www.press.sk/atm/atm-c.042013/,20130623054801,skip
http://www.press.sk:80/atm/atm-c.042013/,https://web.archive.org/web/20140110080009/http://www.press.sk:80/atm/atm-c.042013/,20140110080009,skip
http://www.press.sk/atm/atm-c.052013/,https://web.archive.org/web/20130512224618/http://www.press.sk/atm/atm-c.052013/,20130512224618,skip
http://www.press.sk:80/atm/atm-c.052013/,https://web.archive.org/web/20140110080014/http://www.press.sk:80/atm/atm-c.052013/,20140110080014,skip
http://www.press.sk:80/atm/atm-c.062013/,https://web.archive.org/web/20140110080019/http://www.press.sk:80/atm/atm-c.062013/,20140110080019,skip
http://www.press.sk:80/atm/atm-c.072013/,https://web.archive.org/web/20140110080025/http://www.press.sk:80/atm/atm-c.072013/,20140110080025,skip
http://www.press.sk:80/atm/atm-c.082013/,https://web.archive.org/web/20140110080029/http://www.press.sk:80/atm/atm-c.082013/,20140110080029,skip
http://www.press.sk:80/atm/atm-c.092012/,https://web.archive.org/web/20140110080035/http://www.press.sk:80/atm/atm-c.092012/,20140110080035,skip
http://www.press.sk/atm/atm-c.102012/,https://web.archive.org/web/20130623064954/http://www.press.sk/atm/atm-c.102012/,20130623064954,skip
http://www.press.sk:80/atm/atm-c.102012/,https://web.archive.org/web/20140110080040/http://www.press.sk:80/atm/atm-c.102012/,20140110080040,skip
http://www.press.sk:80/atm/atm-c.102013/,https://web.archive.org/web/20140110080045/http://www.press.sk:80/atm/atm-c.102013/,20140110080045,skip
http://www.press.sk/atm/atm-c.112012/,https://web.archive.org/web/20130623073930/http://www.press.sk/atm/atm-c.112012/,20130623073930,skip
http://www.press.sk:80/atm/atm-c.112012/,https://web.archive.org/web/20140110080050/http://www.press.sk:80/atm/atm-c.112012/,20140110080050,skip
http://www.press.sk:80/atm/atm-c.112013/,https://web.archive.org/web/20140110080055/http://www.press.sk:80/atm/atm-c.112013/,20140110080055,skip
http://www.press.sk/atm/atm-c.12012/,https://web.archive.org/web/20130623062510/http://www.press.sk/atm/atm-c.12012/,20130623062510,skip
http://www.press.sk:80/atm/atm-c.12012/,https://web.archive.org/web/20140110080100/http://www.press.sk:80/atm/atm-c.12012/,20140110080100,skip
http://www.press.sk/atm/atm-c.122012/,https://web.archive.org/web/20130623062519/http://www.press.sk/atm/atm-c.122012/,20130623062519,skip
http://www.press.sk:80/atm/atm-c.122012/,https://web.archive.org/web/20140110080106/http://www.press.sk:80/atm/atm-c.122012/,20140110080106,skip
http://www.press.sk:80/atm/atm-c.122013/,https://web.archive.org/web/20140110080110/http://www.press.sk:80/atm/atm-c.122013/,20140110080110,skip
http://www.press.sk/atm/atm-c.22012/,https://web.archive.org/web/20130623073922/http://www.press.sk/atm/atm-c.22012/,20130623073922,skip
http://www.press.sk:80/atm/atm-c.22012/,https://web.archive.org/web/20140110080115/http://www.press.sk:80/atm/atm-c.22012/,20140110080115,skip
http://www.press.sk/atm/atm-c.32012/,https://web.archive.org/web/20130623064950/http://www.press.sk/atm/atm-c.32012/,20130623064950,skip
http://www.press.sk:80/atm/atm-c.32012/,https://web.archive.org/web/20140110080121/http://www.press.sk:80/atm/atm-c.32012/,20140110080121,skip
http://www.press.sk/atm/atm-c.42012/,https://web.archive.org/web/20130623060611/http://www.press.sk/atm/atm-c.42012/,20130623060611,skip
http://www.press.sk:80/atm/atm-c.42012/,https://web.archive.org/web/20140110080138/http://www.press.sk:80/atm/atm-c.42012/,20140110080138,skip
http://www.press.sk/atm/atm-c.52012/,https://web.archive.org/web/20130623054955/http://www.press.sk/atm/atm-c.52012/,20130623054955,skip
http://www.press.sk:80/atm/atm-c.52012/,https://web.archive.org/web/20140110080144/http://www.press.sk:80/atm/atm-c.52012/,20140110080144,skip
http://www.press.sk/atm/atm-c.62012/,https://web.archive.org/web/20130623070742/http://www.press.sk/atm/atm-c.62012/,20130623070742,skip
http://www.press.sk:80/atm/atm-c.62012/,https://web.archive.org/web/20140110080151/http://www.press.sk:80/atm/atm-c.62012/,20140110080151,skip
http://www.press.sk/atm/atm-c.72012/,https://web.archive.org/web/20130623071924/http://www.press.sk/atm/atm-c.72012/,20130623071924,skip
http://www.press.sk:80/atm/atm-c.72012/,https://web.archive.org/web/20140110080918/http://www.press.sk:80/atm/atm-c.72012/,20140110080918,skip
http://www.press.sk/atm/atm-c.82012/,https://web.archive.org/web/20130623070429/http://www.press.sk/atm/atm-c.82012/,20130623070429,skip
http://www.press.sk:80/atm/atm-c.82012/,https://web.archive.org/web/20140110080941/http://www.press.sk:80/atm/atm-c.82012/,20140110080941,skip
http://www.press.sk/atm/atm-c.92012/,https://web.archive.org/web/20130623072549/http://www.press.sk/atm/atm-c.92012/,20130623072549,skip
http://www.press.sk:80/atm/atm-c.92012/,https://web.archive.org/web/20140110080946/http://www.press.sk:80/atm/atm-c.92012/,20140110080946,skip
https://www.press.sk/atm/atm/?utm_source=newsletter&utm_campaign=November_2013&utm_medium=archive,https://web.archive.org/web/20190821053616/https://www.press.sk/atm/atm/?utm_source=newsletter&utm_campaign=November_2013&utm_medium=archive,20190821053616,skip
http://www.press.sk:80/audio/,https://web.archive.org/web/20170114194545/http://www.press.sk:80/audio/,20170114194545,skip
http://www.press.sk:80/audio/,https://web.archive.org/web/20170316055517/http://www.press.sk:80/audio/,20170316055517,skip
http://www.press.sk:80/audio/,https://web.archive.org/web/20170516121551/http://www.press.sk:80/audio/,20170516121551,skip
http://www.press.sk/audio/,https://web.archive.org/web/20170606072341/http://www.press.sk/audio/,20170606072341,skip
https://www.press.sk/audio/,https://web.archive.org/web/20190819105436/https://www.press.sk/audio/,20190819105436,skip
https://www.press.sk/audio/,https://web.archive.org/web/20191019104431/https://www.press.sk/audio/,20191019104431,skip
https://www.press.sk/audio/,https://web.archive.org/web/20191214100815/https://www.press.sk/audio/,20191214100815,skip
https://www.press.sk/audio/,https://web.archive.org/web/20221212000254/https://www.press.sk/audio/,20221212000254,skip
https://www.press.sk/audio/,https://web.archive.org/web/20230311055242/https://www.press.sk/audio/,20230311055242,skip
https://www.press.sk/audio/c.100-vlocky-rozpravocky/,https://web.archive.org/web/20170731054158/https://www.press.sk/audio/c.100-vlocky-rozpravocky/,20170731054158,skip
https://www.press.sk/audio/c.103-kukuckovy-dedko/,https://web.archive.org/web/20170731032056/https://www.press.sk/audio/c.103-kukuckovy-dedko/,20170731032056,skip
https://www.press.sk/audio/c.104-o-vodnikoch-nezbednikoch/,https://web.archive.org/web/20170731120338/https://www.press.sk/audio/c.104-o-vodnikoch-nezbednikoch/,20170731120338,skip
https://www.press.sk/audio/c.105-ako-islo-vajce-na-vandrovku/,https://web.archive.org/web/20170731041706/https://www.press.sk/audio/c.105-ako-islo-vajce-na-vandrovku/,20170731041706,skip
https://www.press.sk/audio/c.106-o-skaredom-kacatku/,https://web.archive.org/web/20170731013623/https://www.press.sk/audio/c.106-o-skaredom-kacatku/,20170731013623,skip
https://www.press.sk/audio/c.53-kamenny-kvietok/,https://web.archive.org/web/20170731070553/https://www.press.sk/audio/c.53-kamenny-kvietok/,20170731070553,skip
https://www.press.sk/audio/c.70-dobrodruzstva-vevericiaka-sisa/,https://web.archive.org/web/20170731080550/https://www.press.sk/audio/c.70-dobrodruzstva-vevericiaka-sisa/,20170731080550,skip
https://www.press.sk/audio/c.78-o-hlupom-certovi/,https://web.archive.org/web/20170731035841/https://www.press.sk/audio/c.78-o-hlupom-certovi/,20170731035841,skip
https://www.press.sk/audio/c.81-cesta-do-krajiny-snov/,https://web.archive.org/web/20170731040146/https://www.press.sk/audio/c.81-cesta-do-krajiny-snov/,20170731040146,skip
https://www.press.sk/audio/c.82-o-princovi-zlostnikovi-a-slachetnom-milkovi/,https://web.archive.org/web/20170731131251/https://www.press.sk/audio/c.82-o-princovi-zlostnikovi-a-slachetnom-milkovi/,20170731131251,skip
https://www.press.sk/audio/c.83-rozpravky-z-maleho-ostrova/,https://web.archive.org/web/20170731013403/https://www.press.sk/audio/c.83-rozpravky-z-maleho-ostrova/,20170731013403,skip
https://www.press.sk/audio/c.88-palculienka/,https://web.archive.org/web/20170731102142/https://www.press.sk/audio/c.88-palculienka/,20170731102142,skip
https://www.press.sk/audio/c.89-mrazik/,https://web.archive.org/web/20170731013032/https://www.press.sk/audio/c.89-mrazik/,20170731013032,skip
https://www.press.sk/audio/c.90-zlata-podkova-zlate-pero-zlaty-vlas/,https://web.archive.org/web/20170730230459/https://www.press.sk/audio/c.90-zlata-podkova-zlate-pero-zlaty-vlas/,20170730230459,skip
https://www.press.sk/audio/c.92-o-dracikovi-spacikovi/,https://web.archive.org/web/20170730233931/https://www.press.sk/audio/c.92-o-dracikovi-spacikovi/,20170730233931,skip
https://www.press.sk/audio/c.93-osmijankove-rozpravky/,https://web.archive.org/web/20170731080838/https://www.press.sk/audio/c.93-osmijankove-rozpravky/,20170731080838,skip
https://www.press.sk/audio/c.95-rozpravka-o-prvom-rozpravkarovi/,https://web.archive.org/web/20170731013827/https://www.press.sk/audio/c.95-rozpravka-o-prvom-rozpravkarovi/,20170731013827,skip
https://www.press.sk/audio/c.96-do-skoly/,https://web.archive.org/web/20170731021945/https://www.press.sk/audio/c.96-do-skoly/,20170731021945,skip
https://www.press.sk/audio/ezpove-bajky/,https://web.archive.org/web/20170730143224/https://www.press.sk/audio/ezpove-bajky/,20170730143224,skip
"https://www.press.sk/audio/o,a,30,30/","https://web.archive.org/web/20170731001347/https://www.press.sk/audio/o,a,30,30/",20170731001347,skip
"https://www.press.sk/audio/o,a,30,60/","https://web.archive.org/web/20170731130619/https://www.press.sk/audio/o,a,30,60/",20170731130619,skip
https://www.press.sk/audio/?design,https://web.archive.org/web/20190724010311/https://www.press.sk/audio/?design,20190724010311,skip
https://www.press.sk/audio/?design,https://web.archive.org/web/20190922085620/https://www.press.sk/audio/?design,20190922085620,skip
https://www.press.sk/audio/?design,https://web.archive.org/web/20191113004104/https://www.press.sk/audio/?design,20191113004104,skip
https://www.press.sk/audio/?design,https://web.archive.org/web/20240523114030/https://www.press.sk/audio/?design,20240523114030,skip
https://www.press.sk/auta/,https://web.archive.org/web/20191015070213/https://www.press.sk/auta/,20191015070213,skip
https://www.press.sk/auta/,https://web.archive.org/web/20191208124041/https://www.press.sk/auta/,20191208124041,skip
https://www.press.sk/auta/,https://web.archive.org/web/20230311055324/https://www.press.sk/auta/,20230311055324,skip
https://www.press.sk/auta/auta-3-kniha-s-modelom/,https://web.archive.org/web/20191117161229/https://www.press.sk/auta/auta-3-kniha-s-modelom/,20191117161229,skip
https://www.press.sk/auta/auta-3-obrazovy-sprievodca/,https://web.archive.org/web/20191117184937/https://www.press.sk/auta/auta-3-obrazovy-sprievodca/,20191117184937,skip
https://www.press.sk/auta/auta-3-od-rozpravky-k-rozpravke/,https://web.archive.org/web/20191114100554/https://www.press.sk/auta/auta-3-od-rozpravky-k-rozpravke/,20191114100554,skip
https://www.press.sk/auta/auta-bezva-kniha-o-autach/,https://web.archive.org/web/20191113183537/https://www.press.sk/auta/auta-bezva-kniha-o-autach/,20191113183537,skip
https://www.press.sk/auta/auta-mater-na-mesiaci-a-ine-historky/,https://web.archive.org/web/20191113183417/https://www.press.sk/auta/auta-mater-na-mesiaci-a-ine-historky/,20191113183417,skip
https://www.press.sk/auta/auta-najkrajsia-kolekcia/,https://web.archive.org/web/20191117184950/https://www.press.sk/auta/auta-najkrajsia-kolekcia/,20191117184950,skip
https://www.press.sk/auta/auta-priatelia-na-styroch-kolesach/,https://web.archive.org/web/20191117185254/https://www.press.sk/auta/auta-priatelia-na-styroch-kolesach/,20191117185254,skip
https://www.press.sk/auta/auta-velka-kniha-zabavy+14788/,https://web.archive.org/web/20191113183555/https://www.press.sk/auta/auta-velka-kniha-zabavy+14788/,20191113183555,skip
https://www.press.sk/auta/disney-rozpravky-do-postielky/,https://web.archive.org/web/20191117161234/https://www.press.sk/auta/disney-rozpravky-do-postielky/,20191117161234,skip
http://www.press.sk/bajky-a-povesti/,https://web.archive.org/web/20170615001328/http://www.press.sk/bajky-a-povesti/,20170615001328,skip
https://www.press.sk/barbie/,https://web.archive.org/web/20191015070827/https://www.press.sk/barbie/,20191015070827,skip
https://www.press.sk/barbie/,https://web.archive.org/web/20191206233159/https://www.press.sk/barbie/,20191206233159,skip
https://www.press.sk/barbie/,https://web.archive.org/web/20230311055323/https://www.press.sk/barbie/,20230311055323,skip
https://www.press.sk/barbie/barbie-odvazna-princezna-zabavny-zosit/,https://web.archive.org/web/20190918204811/https://www.press.sk/barbie/barbie-odvazna-princezna-zabavny-zosit/,20190918204811,skip
https://www.press.sk/barbie/disney-princenzna-nejlepsi-domecek-na-strome/,https://web.archive.org/web/20191123025059/https://www.press.sk/barbie/disney-princenzna-nejlepsi-domecek-na-strome/,20191123025059,skip
http://www.press.sk:80/bitva-o-berlin/,https://web.archive.org/web/20161213191922/http://www.press.sk:80/bitva-o-berlin/,20161213191922,skip
http://www.press.sk:80/bitva-o-berlin/,https://web.archive.org/web/20170213100336/http://www.press.sk:80/bitva-o-berlin/,20170213100336,skip
http://www.press.sk:80/bitva-o-berlin,https://web.archive.org/web/20170330210805/http://www.press.sk:80/bitva-o-berlin,20170330210805,skip
http://www.press.sk:80/bitva-o-berlin/,https://web.archive.org/web/20170415031652/http://www.press.sk:80/bitva-o-berlin/,20170415031652,skip
http://www.press.sk:80/bitva-o-berlin,https://web.archive.org/web/20170511084617/http://www.press.sk:80/bitva-o-berlin,20170511084617,skip
http://www.press.sk/bitva-o-berlin/,https://web.archive.org/web/20170610221929/http://www.press.sk/bitva-o-berlin/,20170610221929,skip
https://www.press.sk/bitva-o-berlin/,https://web.archive.org/web/20190718010605/https://www.press.sk/bitva-o-berlin/,20190718010605,skip
https://www.press.sk/bitva-o-berlin/,https://web.archive.org/web/20190917071727/https://www.press.sk/bitva-o-berlin/,20190917071727,skip
https://www.press.sk/bitva-o-berlin/,https://web.archive.org/web/20191114224356/https://www.press.sk/bitva-o-berlin/,20191114224356,skip
https://www.press.sk/bitva-o-berlin/,https://web.archive.org/web/20230311055300/https://www.press.sk/bitva-o-berlin/,20230311055300,skip
http://www.press.sk:80/bitva-o-berlin/bitva-o-berlin-c.1/,https://web.archive.org/web/20170331175344/http://www.press.sk:80/bitva-o-berlin/bitva-o-berlin-c.1/,20170331175344,skip
http://www.press.sk/bitva-o-berlin/bitva-o-berlin-c.1/,https://web.archive.org/web/20170606013313/http://www.press.sk/bitva-o-berlin/bitva-o-berlin-c.1/,20170606013313,skip
http://www.press.sk:80/bitva-o-berlin/bitva-o-berlin-c.1/,https://web.archive.org/web/20170610162846/http://www.press.sk:80/bitva-o-berlin/bitva-o-berlin-c.1/,20170610162846,skip
http://www.press.sk:80/bitva-o-berlin/bitva-o-berlin-c.10/,https://web.archive.org/web/20170331175948/http://www.press.sk:80/bitva-o-berlin/bitva-o-berlin-c.10/,20170331175948,skip
http://www.press.sk:80/bitva-o-berlin/bitva-o-berlin-c.11/,https://web.archive.org/web/20170331180457/http://www.press.sk:80/bitva-o-berlin/bitva-o-berlin-c.11/,20170331180457,skip
https://www.press.sk/bitva-o-berlin/bitva-o-berlin-c.11/,https://web.archive.org/web/20190823005808/https://www.press.sk/bitva-o-berlin/bitva-o-berlin-c.11/,20190823005808,skip
https://www.press.sk/bitva-o-berlin/bitva-o-berlin-c.11/,https://web.archive.org/web/20191013232836/https://www.press.sk/bitva-o-berlin/bitva-o-berlin-c.11/,20191013232836,skip
http://www.press.sk:80/bitva-o-berlin/bitva-o-berlin-c.12/,https://web.archive.org/web/20170331175953/http://www.press.sk:80/bitva-o-berlin/bitva-o-berlin-c.12/,20170331175953,skip
https://www.press.sk/bitva-o-berlin/bitva-o-berlin-c.12/,https://web.archive.org/web/20190826061246/https://www.press.sk/bitva-o-berlin/bitva-o-berlin-c.12/,20190826061246,skip
http://www.press.sk:80/bitva-o-berlin/bitva-o-berlin-c.13/,https://web.archive.org/web/20170331175959/http://www.press.sk:80/bitva-o-berlin/bitva-o-berlin-c.13/,20170331175959,skip
https://www.press.sk/bitva-o-berlin/bitva-o-berlin-c.13/,https://web.archive.org/web/20190826053138/https://www.press.sk/bitva-o-berlin/bitva-o-berlin-c.13/,20190826053138,skip
https://www.press.sk/bitva-o-berlin/bitva-o-berlin-c.13/,https://web.archive.org/web/20191015215257/https://www.press.sk/bitva-o-berlin/bitva-o-berlin-c.13/,20191015215257,skip
http://www.press.sk:80/bitva-o-berlin/bitva-o-berlin-c.14/,https://web.archive.org/web/20170331174854/http://www.press.sk:80/bitva-o-berlin/bitva-o-berlin-c.14/,20170331174854,skip
https://www.press.sk/bitva-o-berlin/bitva-o-berlin-c.14/,https://web.archive.org/web/20190826053245/https://www.press.sk/bitva-o-berlin/bitva-o-berlin-c.14/,20190826053245,skip
http://www.press.sk:80/bitva-o-berlin/bitva-o-berlin-c.15/,https://web.archive.org/web/20170331180004/http://www.press.sk:80/bitva-o-berlin/bitva-o-berlin-c.15/,20170331180004,skip
http://www.press.sk:80/bitva-o-berlin/bitva-o-berlin-c.16/,https://web.archive.org/web/20170331180502/http://www.press.sk:80/bitva-o-berlin/bitva-o-berlin-c.16/,20170331180502,skip
http://www.press.sk:80/bitva-o-berlin/bitva-o-berlin-c.17/,https://web.archive.org/web/20170331175349/http://www.press.sk:80/bitva-o-berlin/bitva-o-berlin-c.17/,20170331175349,skip
http://www.press.sk:80/bitva-o-berlin/bitva-o-berlin-c.18/,https://web.archive.org/web/20170331180009/http://www.press.sk:80/bitva-o-berlin/bitva-o-berlin-c.18/,20170331180009,skip
http://www.press.sk:80/bitva-o-berlin/bitva-o-berlin-c.19/,https://web.archive.org/web/20170331174901/http://www.press.sk:80/bitva-o-berlin/bitva-o-berlin-c.19/,20170331174901,skip
http://www.press.sk:80/bitva-o-berlin/bitva-o-berlin-c.2/,https://web.archive.org/web/20170331174906/http://www.press.sk:80/bitva-o-berlin/bitva-o-berlin-c.2/,20170331174906,skip
http://www.press.sk/bitva-o-berlin/bitva-o-berlin-c.2/,https://web.archive.org/web/20170606155738/http://www.press.sk/bitva-o-berlin/bitva-o-berlin-c.2/,20170606155738,skip
http://www.press.sk:80/bitva-o-berlin/bitva-o-berlin-c.2/,https://web.archive.org/web/20170610160536/http://www.press.sk:80/bitva-o-berlin/bitva-o-berlin-c.2/,20170610160536,skip
http://www.press.sk:80/bitva-o-berlin/bitva-o-berlin-c.20/,https://web.archive.org/web/20170331175354/http://www.press.sk:80/bitva-o-berlin/bitva-o-berlin-c.20/,20170331175354,skip
http://www.press.sk:80/bitva-o-berlin/bitva-o-berlin-c.21/,https://web.archive.org/web/20170331180507/http://www.press.sk:80/bitva-o-berlin/bitva-o-berlin-c.21/,20170331180507,skip
http://www.press.sk:80/bitva-o-berlin/bitva-o-berlin-c.22/,https://web.archive.org/web/20170331180014/http://www.press.sk:80/bitva-o-berlin/bitva-o-berlin-c.22/,20170331180014,skip
http://www.press.sk:80/bitva-o-berlin/bitva-o-berlin-c.23/,https://web.archive.org/web/20170331175359/http://www.press.sk:80/bitva-o-berlin/bitva-o-berlin-c.23/,20170331175359,skip
http://www.press.sk:80/bitva-o-berlin/bitva-o-berlin-c.24/,https://web.archive.org/web/20170331180512/http://www.press.sk:80/bitva-o-berlin/bitva-o-berlin-c.24/,20170331180512,skip
http://www.press.sk:80/bitva-o-berlin/bitva-o-berlin-c.25/,https://web.archive.org/web/20170331174911/http://www.press.sk:80/bitva-o-berlin/bitva-o-berlin-c.25/,20170331174911,skip
http://www.press.sk:80/bitva-o-berlin/bitva-o-berlin-c.26/,https://web.archive.org/web/20170331174916/http://www.press.sk:80/bitva-o-berlin/bitva-o-berlin-c.26/,20170331174916,skip
http://www.press.sk:80/bitva-o-berlin/bitva-o-berlin-c.27/,https://web.archive.org/web/20170331175404/http://www.press.sk:80/bitva-o-berlin/bitva-o-berlin-c.27/,20170331175404,skip
http://www.press.sk:80/bitva-o-berlin/bitva-o-berlin-c.28/,https://web.archive.org/web/20170331174921/http://www.press.sk:80/bitva-o-berlin/bitva-o-berlin-c.28/,20170331174921,skip
http://www.press.sk:80/bitva-o-berlin/bitva-o-berlin-c.29/,https://web.archive.org/web/20170331175409/http://www.press.sk:80/bitva-o-berlin/bitva-o-berlin-c.29/,20170331175409,skip
http://www.press.sk:80/bitva-o-berlin/bitva-o-berlin-c.3/,https://web.archive.org/web/20170331180517/http://www.press.sk:80/bitva-o-berlin/bitva-o-berlin-c.3/,20170331180517,skip
http://www.press.sk:80/bitva-o-berlin/bitva-o-berlin-c.4/,https://web.archive.org/web/20170331180522/http://www.press.sk:80/bitva-o-berlin/bitva-o-berlin-c.4/,20170331180522,skip
http://www.press.sk:80/bitva-o-berlin/bitva-o-berlin-c.5/,https://web.archive.org/web/20170331180527/http://www.press.sk:80/bitva-o-berlin/bitva-o-berlin-c.5/,20170331180527,skip
http://www.press.sk:80/bitva-o-berlin/bitva-o-berlin-c.6/,https://web.archive.org/web/20170331175414/http://www.press.sk:80/bitva-o-berlin/bitva-o-berlin-c.6/,20170331175414,skip
http://www.press.sk:80/bitva-o-berlin/bitva-o-berlin-c.7/,https://web.archive.org/web/20170331180532/http://www.press.sk:80/bitva-o-berlin/bitva-o-berlin-c.7/,20170331180532,skip
http://www.press.sk:80/bitva-o-berlin/bitva-o-berlin-c.8/,https://web.archive.org/web/20170331180537/http://www.press.sk:80/bitva-o-berlin/bitva-o-berlin-c.8/,20170331180537,skip
http://www.press.sk:80/bitva-o-berlin/bitva-o-berlin-c.9/,https://web.archive.org/web/20170331174926/http://www.press.sk:80/bitva-o-berlin/bitva-o-berlin-c.9/,20170331174926,skip
http://www.press.sk:80/bitva-o-berlin/bitva-o-berlin-predplatne/,https://web.archive.org/web/20170331174931/http://www.press.sk:80/bitva-o-berlin/bitva-o-berlin-predplatne/,20170331174931,skip
http://www.press.sk/bitva-o-berlin/bitva-o-berlin-predplatne/,https://web.archive.org/web/20170606100259/http://www.press.sk/bitva-o-berlin/bitva-o-berlin-predplatne/,20170606100259,skip
http://www.press.sk:80/bitva-o-berlin/bitva-o-berlin-predplatne/,https://web.archive.org/web/20170610162413/http://www.press.sk:80/bitva-o-berlin/bitva-o-berlin-predplatne/,20170610162413,skip
"http://www.press.sk:80/bitva-o-berlin/o,a,30,30/","https://web.archive.org/web/20170401035936/http://www.press.sk:80/bitva-o-berlin/o,a,30,30/",20170401035936,skip
http://www.press.sk:80/bojova-vozidla,https://web.archive.org/web/20120225042323/http://www.press.sk:80/bojova-vozidla,20120225042323,skip
http://www.press.sk:80/bojova-vozidla/,https://web.archive.org/web/20120226165227/http://www.press.sk:80/bojova-vozidla/,20120226165227,skip
http://www.press.sk:80/bojova-vozidla,https://web.archive.org/web/20120420194452/http://www.press.sk:80/bojova-vozidla,20120420194452,skip
http://www.press.sk:80/bojova-vozidla/,https://web.archive.org/web/20120427140729/http://www.press.sk:80/bojova-vozidla/,20120427140729,skip
http://www.press.sk:80/bojova-vozidla,https://web.archive.org/web/20120621042837/http://www.press.sk:80/bojova-vozidla,20120621042837,skip
http://www.press.sk:80/bojova-vozidla/,https://web.archive.org/web/20120627055543/http://www.press.sk:80/bojova-vozidla/,20120627055543,skip
http://www.press.sk:80/bojova-vozidla,https://web.archive.org/web/20120818175445/http://www.press.sk:80/bojova-vozidla,20120818175445,skip
http://www.press.sk:80/bojova-vozidla/,https://web.archive.org/web/20120828152048/http://www.press.sk:80/bojova-vozidla/,20120828152048,skip
http://www.press.sk:80/bojova-vozidla,https://web.archive.org/web/20121028115839/http://www.press.sk:80/bojova-vozidla,20121028115839,skip
http://www.press.sk:80/bojova-vozidla,https://web.archive.org/web/20121230191921/http://www.press.sk:80/bojova-vozidla,20121230191921,skip
http://www.press.sk:80/bojova-vozidla,https://web.archive.org/web/20130308164018/http://www.press.sk:80/bojova-vozidla,20130308164018,skip
http://www.press.sk/bojova-vozidla/,https://web.archive.org/web/20130510195031/http://www.press.sk/bojova-vozidla/,20130510195031,skip
http://www.press.sk:80/bojova-vozidla,https://web.archive.org/web/20130527141129/http://www.press.sk:80/bojova-vozidla,20130527141129,skip
http://www.press.sk:80/bojova-vozidla/,https://web.archive.org/web/20140127033133/http://www.press.sk:80/bojova-vozidla/,20140127033133,skip
http://www.press.sk:80/bojova-vozidla,https://web.archive.org/web/20140803004201/http://www.press.sk:80/bojova-vozidla,20140803004201,skip
http://www.press.sk:80/bojova-vozidla/,https://web.archive.org/web/20140804120658/http://www.press.sk:80/bojova-vozidla/,20140804120658,skip
http://www.press.sk:80/bojova-vozidla,https://web.archive.org/web/20140915001525/http://www.press.sk:80/bojova-vozidla,20140915001525,skip
http://www.press.sk:80/bojova-vozidla/,https://web.archive.org/web/20141013083635/http://www.press.sk:80/bojova-vozidla/,20141013083635,skip
http://www.press.sk:80/bojova-vozidla/,https://web.archive.org/web/20150310140142/http://www.press.sk:80/bojova-vozidla/,20150310140142,skip
http://www.press.sk:80/bojova-vozidla/,https://web.archive.org/web/20151113193137/http://www.press.sk:80/bojova-vozidla/,20151113193137,skip
http://www.press.sk:80/bojova-vozidla/,https://web.archive.org/web/20160518062408/http://www.press.sk:80/bojova-vozidla/,20160518062408,skip
http://www.press.sk/bojova-vozidla/,https://web.archive.org/web/20160802164136/http://www.press.sk/bojova-vozidla/,20160802164136,skip
http://www.press.sk:80/bojova-vozidla/,https://web.archive.org/web/20161231054510/http://www.press.sk:80/bojova-vozidla/,20161231054510,skip
http://www.press.sk:80/bojova-vozidla/bojova-vozidla-c.01/,https://web.archive.org/web/20120226093349/http://www.press.sk:80/bojova-vozidla/bojova-vozidla-c.01/,20120226093349,skip
http://www.press.sk:80/bojova-vozidla/bojova-vozidla-c.01/,https://web.archive.org/web/20120622133709/http://www.press.sk:80/bojova-vozidla/bojova-vozidla-c.01/,20120622133709,skip
http://www.press.sk/bojova-vozidla/bojova-vozidla-c.01/,https://web.archive.org/web/20130621055846/http://www.press.sk/bojova-vozidla/bojova-vozidla-c.01/,20130621055846,skip
http://www.press.sk:80/bojova-vozidla/bojova-vozidla-c.01/,https://web.archive.org/web/20140804120700/http://www.press.sk:80/bojova-vozidla/bojova-vozidla-c.01/,20140804120700,skip
http://www.press.sk:80/bojova-vozidla/bojova-vozidla-c.02/,https://web.archive.org/web/20120226093354/http://www.press.sk:80/bojova-vozidla/bojova-vozidla-c.02/,20120226093354,skip
http://www.press.sk:80/bojova-vozidla/bojova-vozidla-c.02/,https://web.archive.org/web/20120622134831/http://www.press.sk:80/bojova-vozidla/bojova-vozidla-c.02/,20120622134831,skip
http://www.press.sk/bojova-vozidla/bojova-vozidla-c.02/,https://web.archive.org/web/20130621081017/http://www.press.sk/bojova-vozidla/bojova-vozidla-c.02/,20130621081017,skip
http://www.press.sk:80/bojova-vozidla/bojova-vozidla-c.02/,https://web.archive.org/web/20140804120704/http://www.press.sk:80/bojova-vozidla/bojova-vozidla-c.02/,20140804120704,skip
http://www.press.sk:80/bojova-vozidla/bojova-vozidla-c.02/,https://web.archive.org/web/20160821234546/http://www.press.sk:80/bojova-vozidla/bojova-vozidla-c.02/,20160821234546,skip
http://www.press.sk:80/bojova-vozidla/bojova-vozidla-c.03/,https://web.archive.org/web/20120226095456/http://www.press.sk:80/bojova-vozidla/bojova-vozidla-c.03/,20120226095456,skip
http://www.press.sk:80/bojova-vozidla/bojova-vozidla-c.03/,https://web.archive.org/web/20120622134835/http://www.press.sk:80/bojova-vozidla/bojova-vozidla-c.03/,20120622134835,skip
http://www.press.sk/bojova-vozidla/bojova-vozidla-c.03/,https://web.archive.org/web/20130621071343/http://www.press.sk/bojova-vozidla/bojova-vozidla-c.03/,20130621071343,skip
http://www.press.sk:80/bojova-vozidla/bojova-vozidla-c.03/,https://web.archive.org/web/20140804120709/http://www.press.sk:80/bojova-vozidla/bojova-vozidla-c.03/,20140804120709,skip
http://www.press.sk:80/bojova-vozidla/bojova-vozidla-c.04/,https://web.archive.org/web/20120226095501/http://www.press.sk:80/bojova-vozidla/bojova-vozidla-c.04/,20120226095501,skip
http://www.press.sk:80/bojova-vozidla/bojova-vozidla-c.04/,https://web.archive.org/web/20120622134443/http://www.press.sk:80/bojova-vozidla/bojova-vozidla-c.04/,20120622134443,skip
http://www.press.sk/bojova-vozidla/bojova-vozidla-c.04/,https://web.archive.org/web/20130621071320/http://www.press.sk/bojova-vozidla/bojova-vozidla-c.04/,20130621071320,skip
http://www.press.sk:80/bojova-vozidla/bojova-vozidla-c.04,https://web.archive.org/web/20140803004205/http://www.press.sk:80/bojova-vozidla/bojova-vozidla-c.04,20140803004205,skip
http://www.press.sk:80/bojova-vozidla/bojova-vozidla-c.04/,https://web.archive.org/web/20140804113351/http://www.press.sk:80/bojova-vozidla/bojova-vozidla-c.04/,20140804113351,skip
http://www.press.sk:80/bojova-vozidla/bojova-vozidla-c.04,https://web.archive.org/web/20140915041532/http://www.press.sk:80/bojova-vozidla/bojova-vozidla-c.04,20140915041532,skip
http://www.press.sk:80/bojova-vozidla/bojova-vozidla-c.05/,https://web.archive.org/web/20120226100026/http://www.press.sk:80/bojova-vozidla/bojova-vozidla-c.05/,20120226100026,skip
http://www.press.sk:80/bojova-vozidla/bojova-vozidla-c.05/,https://web.archive.org/web/20120622134102/http://www.press.sk:80/bojova-vozidla/bojova-vozidla-c.05/,20120622134102,skip
http://www.press.sk/bojova-vozidla/bojova-vozidla-c.05/,https://web.archive.org/web/20130621081036/http://www.press.sk/bojova-vozidla/bojova-vozidla-c.05/,20130621081036,skip
http://www.press.sk:80/bojova-vozidla/bojova-vozidla-c.05/,https://web.archive.org/web/20140804120713/http://www.press.sk:80/bojova-vozidla/bojova-vozidla-c.05/,20140804120713,skip
http://www.press.sk:80/bojova-vozidla/bojova-vozidla-c.06/,https://web.archive.org/web/20120226093359/http://www.press.sk:80/bojova-vozidla/bojova-vozidla-c.06/,20120226093359,skip
http://www.press.sk:80/bojova-vozidla/bojova-vozidla-c.06/,https://web.archive.org/web/20120622134108/http://www.press.sk:80/bojova-vozidla/bojova-vozidla-c.06/,20120622134108,skip
http://www.press.sk/bojova-vozidla/bojova-vozidla-c.06/,https://web.archive.org/web/20130621055857/http://www.press.sk/bojova-vozidla/bojova-vozidla-c.06/,20130621055857,skip
http://www.press.sk:80/bojova-vozidla/bojova-vozidla-c.06/,https://web.archive.org/web/20140804120719/http://www.press.sk:80/bojova-vozidla/bojova-vozidla-c.06/,20140804120719,skip
http://www.press.sk:80/bojova-vozidla/bojova-vozidla-c.07/,https://web.archive.org/web/20120226094318/http://www.press.sk:80/bojova-vozidla/bojova-vozidla-c.07/,20120226094318,skip
http://www.press.sk:80/bojova-vozidla/bojova-vozidla-c.07/,https://web.archive.org/web/20120622134840/http://www.press.sk:80/bojova-vozidla/bojova-vozidla-c.07/,20120622134840,skip
http://www.press.sk/bojova-vozidla/bojova-vozidla-c.07/,https://web.archive.org/web/20130621063922/http://www.press.sk/bojova-vozidla/bojova-vozidla-c.07/,20130621063922,skip
http://www.press.sk:80/bojova-vozidla/bojova-vozidla-c.07/,https://web.archive.org/web/20140804120724/http://www.press.sk:80/bojova-vozidla/bojova-vozidla-c.07/,20140804120724,skip
http://www.press.sk:80/bojova-vozidla/bojova-vozidla-c.08/,https://web.archive.org/web/20120226095506/http://www.press.sk:80/bojova-vozidla/bojova-vozidla-c.08/,20120226095506,skip
http://www.press.sk:80/bojova-vozidla/bojova-vozidla-c.08/,https://web.archive.org/web/20120622134115/http://www.press.sk:80/bojova-vozidla/bojova-vozidla-c.08/,20120622134115,skip
http://www.press.sk/bojova-vozidla/bojova-vozidla-c.08/,https://web.archive.org/web/20130621055917/http://www.press.sk/bojova-vozidla/bojova-vozidla-c.08/,20130621055917,skip
http://www.press.sk:80/bojova-vozidla/bojova-vozidla-c.08,https://web.archive.org/web/20140803004222/http://www.press.sk:80/bojova-vozidla/bojova-vozidla-c.08,20140803004222,skip
http://www.press.sk:80/bojova-vozidla/bojova-vozidla-c.08/,https://web.archive.org/web/20140804113427/http://www.press.sk:80/bojova-vozidla/bojova-vozidla-c.08/,20140804113427,skip
http://www.press.sk:80/bojova-vozidla/bojova-vozidla-c.08,https://web.archive.org/web/20140915004548/http://www.press.sk:80/bojova-vozidla/bojova-vozidla-c.08,20140915004548,skip
http://www.press.sk:80/bojova-vozidla/bojova-vozidla-c.09/,https://web.archive.org/web/20120226095512/http://www.press.sk:80/bojova-vozidla/bojova-vozidla-c.09/,20120226095512,skip
http://www.press.sk:80/bojova-vozidla/bojova-vozidla-c.09/,https://web.archive.org/web/20120622133713/http://www.press.sk:80/bojova-vozidla/bojova-vozidla-c.09/,20120622133713,skip
http://www.press.sk/bojova-vozidla/bojova-vozidla-c.09/,https://web.archive.org/web/20130621063949/http://www.press.sk/bojova-vozidla/bojova-vozidla-c.09/,20130621063949,skip
http://www.press.sk:80/bojova-vozidla/bojova-vozidla-c.09/,https://web.archive.org/web/20140804120738/http://www.press.sk:80/bojova-vozidla/bojova-vozidla-c.09/,20140804120738,skip
http://www.press.sk:80/bojova-vozidla/bojova-vozidla-c.10/,https://web.archive.org/web/20120226095517/http://www.press.sk:80/bojova-vozidla/bojova-vozidla-c.10/,20120226095517,skip
http://www.press.sk:80/bojova-vozidla/bojova-vozidla-c.10/,https://web.archive.org/web/20120622134119/http://www.press.sk:80/bojova-vozidla/bojova-vozidla-c.10/,20120622134119,skip
http://www.press.sk/bojova-vozidla/bojova-vozidla-c.10/,https://web.archive.org/web/20130621073608/http://www.press.sk/bojova-vozidla/bojova-vozidla-c.10/,20130621073608,skip
http://www.press.sk:80/bojova-vozidla/bojova-vozidla-c.10/,https://web.archive.org/web/20140804120740/http://www.press.sk:80/bojova-vozidla/bojova-vozidla-c.10/,20140804120740,skip
http://www.press.sk:80/bojova-vozidla/bojova-vozidla-c.11/,https://web.archive.org/web/20120226095701/http://www.press.sk:80/bojova-vozidla/bojova-vozidla-c.11/,20120226095701,skip
http://www.press.sk:80/bojova-vozidla/bojova-vozidla-c.11/,https://web.archive.org/web/20120622133719/http://www.press.sk:80/bojova-vozidla/bojova-vozidla-c.11/,20120622133719,skip
http://www.press.sk/bojova-vozidla/bojova-vozidla-c.11/,https://web.archive.org/web/20130621070737/http://www.press.sk/bojova-vozidla/bojova-vozidla-c.11/,20130621070737,skip
http://www.press.sk:80/bojova-vozidla/bojova-vozidla-c.11/,https://web.archive.org/web/20140804120744/http://www.press.sk:80/bojova-vozidla/bojova-vozidla-c.11/,20140804120744,skip
http://www.press.sk:80/bojova-vozidla/bojova-vozidla-c.12/,https://web.archive.org/web/20120226095706/http://www.press.sk:80/bojova-vozidla/bojova-vozidla-c.12/,20120226095706,skip
http://www.press.sk:80/bojova-vozidla/bojova-vozidla-c.12/,https://web.archive.org/web/20120622134126/http://www.press.sk:80/bojova-vozidla/bojova-vozidla-c.12/,20120622134126,skip
http://www.press.sk/bojova-vozidla/bojova-vozidla-c.12/,https://web.archive.org/web/20130621064728/http://www.press.sk/bojova-vozidla/bojova-vozidla-c.12/,20130621064728,skip
http://www.press.sk:80/bojova-vozidla/bojova-vozidla-c.12/,https://web.archive.org/web/20140804120749/http://www.press.sk:80/bojova-vozidla/bojova-vozidla-c.12/,20140804120749,skip
http://www.press.sk:80/bojova-vozidla/bojova-vozidla-c.13/,https://web.archive.org/web/20120226100031/http://www.press.sk:80/bojova-vozidla/bojova-vozidla-c.13/,20120226100031,skip
http://www.press.sk:80/bojova-vozidla/bojova-vozidla-c.13/,https://web.archive.org/web/20120622134131/http://www.press.sk:80/bojova-vozidla/bojova-vozidla-c.13/,20120622134131,skip
http://www.press.sk/bojova-vozidla/bojova-vozidla-c.13/,https://web.archive.org/web/20130621062443/http://www.press.sk/bojova-vozidla/bojova-vozidla-c.13/,20130621062443,skip
http://www.press.sk:80/bojova-vozidla/bojova-vozidla-c.13/,https://web.archive.org/web/20140804120754/http://www.press.sk:80/bojova-vozidla/bojova-vozidla-c.13/,20140804120754,skip
http://www.press.sk:80/bojova-vozidla/bojova-vozidla-c.14/,https://web.archive.org/web/20120226095522/http://www.press.sk:80/bojova-vozidla/bojova-vozidla-c.14/,20120226095522,skip
http://www.press.sk:80/bojova-vozidla/bojova-vozidla-c.14/,https://web.archive.org/web/20120622134451/http://www.press.sk:80/bojova-vozidla/bojova-vozidla-c.14/,20120622134451,skip
http://www.press.sk/bojova-vozidla/bojova-vozidla-c.14/,https://web.archive.org/web/20130621062453/http://www.press.sk/bojova-vozidla/bojova-vozidla-c.14/,20130621062453,skip
http://www.press.sk:80/bojova-vozidla/bojova-vozidla-c.14/,https://web.archive.org/web/20140804120759/http://www.press.sk:80/bojova-vozidla/bojova-vozidla-c.14/,20140804120759,skip
http://www.press.sk:80/bojova-vozidla/bojova-vozidla-c.15/,https://web.archive.org/web/20120226094323/http://www.press.sk:80/bojova-vozidla/bojova-vozidla-c.15/,20120226094323,skip
http://www.press.sk:80/bojova-vozidla/bojova-vozidla-c.15/,https://web.archive.org/web/20120622134454/http://www.press.sk:80/bojova-vozidla/bojova-vozidla-c.15/,20120622134454,skip
http://www.press.sk/bojova-vozidla/bojova-vozidla-c.15/,https://web.archive.org/web/20130621064659/http://www.press.sk/bojova-vozidla/bojova-vozidla-c.15/,20130621064659,skip
http://www.press.sk:80/bojova-vozidla/bojova-vozidla-c.15/,https://web.archive.org/web/20140804120805/http://www.press.sk:80/bojova-vozidla/bojova-vozidla-c.15/,20140804120805,skip
http://www.press.sk:80/bojova-vozidla/bojova-vozidla-c.16/,https://web.archive.org/web/20120226094328/http://www.press.sk:80/bojova-vozidla/bojova-vozidla-c.16/,20120226094328,skip
http://www.press.sk:80/bojova-vozidla/bojova-vozidla-c.17/,https://web.archive.org/web/20120226095711/http://www.press.sk:80/bojova-vozidla/bojova-vozidla-c.17/,20120226095711,skip
http://www.press.sk:80/bojova-vozidla/bojova-vozidla-c.17/,https://web.archive.org/web/20120622134458/http://www.press.sk:80/bojova-vozidla/bojova-vozidla-c.17/,20120622134458,skip
http://www.press.sk/bojova-vozidla/bojova-vozidla-c.17/,https://web.archive.org/web/20130621073630/http://www.press.sk/bojova-vozidla/bojova-vozidla-c.17/,20130621073630,skip
http://www.press.sk:80/bojova-vozidla/bojova-vozidla-c.17/,https://web.archive.org/web/20140804120815/http://www.press.sk:80/bojova-vozidla/bojova-vozidla-c.17/,20140804120815,skip
http://www.press.sk:80/bojova-vozidla/bojova-vozidla-c.18/,https://web.archive.org/web/20120226095716/http://www.press.sk:80/bojova-vozidla/bojova-vozidla-c.18/,20120226095716,skip
http://www.press.sk:80/bojova-vozidla/bojova-vozidla-c.18/,https://web.archive.org/web/20120622134845/http://www.press.sk:80/bojova-vozidla/bojova-vozidla-c.18/,20120622134845,skip
http://www.press.sk/bojova-vozidla/bojova-vozidla-c.18/,https://web.archive.org/web/20130621070816/http://www.press.sk/bojova-vozidla/bojova-vozidla-c.18/,20130621070816,skip
http://www.press.sk:80/bojova-vozidla/bojova-vozidla-c.18/,https://web.archive.org/web/20140804120816/http://www.press.sk:80/bojova-vozidla/bojova-vozidla-c.18/,20140804120816,skip
http://www.press.sk:80/bojova-vozidla/bojova-vozidla-c.19/,https://web.archive.org/web/20120226094333/http://www.press.sk:80/bojova-vozidla/bojova-vozidla-c.19/,20120226094333,skip
http://www.press.sk:80/bojova-vozidla/bojova-vozidla-c.19/,https://web.archive.org/web/20120622134850/http://www.press.sk:80/bojova-vozidla/bojova-vozidla-c.19/,20120622134850,skip
http://www.press.sk/bojova-vozidla/bojova-vozidla-c.19/,https://web.archive.org/web/20130621073734/http://www.press.sk/bojova-vozidla/bojova-vozidla-c.19/,20130621073734,skip
http://www.press.sk:80/bojova-vozidla/bojova-vozidla-c.19/,https://web.archive.org/web/20140804120821/http://www.press.sk:80/bojova-vozidla/bojova-vozidla-c.19/,20140804120821,skip
http://www.press.sk:80/bojova-vozidla/bojova-vozidla-c.20/,https://web.archive.org/web/20120226095721/http://www.press.sk:80/bojova-vozidla/bojova-vozidla-c.20/,20120226095721,skip
http://www.press.sk:80/bojova-vozidla/bojova-vozidla-c.21/,https://web.archive.org/web/20120622134138/http://www.press.sk:80/bojova-vozidla/bojova-vozidla-c.21/,20120622134138,skip
http://www.press.sk/bojova-vozidla/bojova-vozidla-c.21/,https://web.archive.org/web/20130622044018/http://www.press.sk/bojova-vozidla/bojova-vozidla-c.21/,20130622044018,skip
http://www.press.sk:80/bojova-vozidla/bojova-vozidla-c.21/,https://web.archive.org/web/20140804120826/http://www.press.sk:80/bojova-vozidla/bojova-vozidla-c.21/,20140804120826,skip
http://www.press.sk:80/bojova-vozidla/bojova-vozidla-c.22/,https://web.archive.org/web/20120226095527/http://www.press.sk:80/bojova-vozidla/bojova-vozidla-c.22/,20120226095527,skip
http://www.press.sk:80/bojova-vozidla/bojova-vozidla-c.22/,https://web.archive.org/web/20120622134503/http://www.press.sk:80/bojova-vozidla/bojova-vozidla-c.22/,20120622134503,skip
http://www.press.sk/bojova-vozidla/bojova-vozidla-c.22/,https://web.archive.org/web/20130621064430/http://www.press.sk/bojova-vozidla/bojova-vozidla-c.22/,20130621064430,skip
http://www.press.sk:80/bojova-vozidla/bojova-vozidla-c.22/,https://web.archive.org/web/20140804120831/http://www.press.sk:80/bojova-vozidla/bojova-vozidla-c.22/,20140804120831,skip
http://www.press.sk:80/bojova-vozidla/bojova-vozidla-c.23/,https://web.archive.org/web/20120226095533/http://www.press.sk:80/bojova-vozidla/bojova-vozidla-c.23/,20120226095533,skip
http://www.press.sk:80/bojova-vozidla/bojova-vozidla-c.23/,https://web.archive.org/web/20120622133723/http://www.press.sk:80/bojova-vozidla/bojova-vozidla-c.23/,20120622133723,skip
http://www.press.sk/bojova-vozidla/bojova-vozidla-c.23/,https://web.archive.org/web/20130621061912/http://www.press.sk/bojova-vozidla/bojova-vozidla-c.23/,20130621061912,skip
http://www.press.sk:80/bojova-vozidla/bojova-vozidla-c.23/,https://web.archive.org/web/20140804120836/http://www.press.sk:80/bojova-vozidla/bojova-vozidla-c.23/,20140804120836,skip
http://www.press.sk:80/bojova-vozidla/bojova-vozidla-c.24/,https://web.archive.org/web/20120226095726/http://www.press.sk:80/bojova-vozidla/bojova-vozidla-c.24/,20120226095726,skip
http://www.press.sk:80/bojova-vozidla/bojova-vozidla-c.24/,https://web.archive.org/web/20120622133729/http://www.press.sk:80/bojova-vozidla/bojova-vozidla-c.24/,20120622133729,skip
http://www.press.sk/bojova-vozidla/bojova-vozidla-c.24/,https://web.archive.org/web/20130621061908/http://www.press.sk/bojova-vozidla/bojova-vozidla-c.24/,20130621061908,skip
http://www.press.sk:80/bojova-vozidla/bojova-vozidla-c.24/,https://web.archive.org/web/20140804120947/http://www.press.sk:80/bojova-vozidla/bojova-vozidla-c.24/,20140804120947,skip
http://www.press.sk:80/bojova-vozidla/bojova-vozidla-c.25/,https://web.archive.org/web/20120226094339/http://www.press.sk:80/bojova-vozidla/bojova-vozidla-c.25/,20120226094339,skip
http://www.press.sk:80/bojova-vozidla/bojova-vozidla-c.25/,https://web.archive.org/web/20120622134855/http://www.press.sk:80/bojova-vozidla/bojova-vozidla-c.25/,20120622134855,skip
http://www.press.sk/bojova-vozidla/bojova-vozidla-c.25/,https://web.archive.org/web/20130621064446/http://www.press.sk/bojova-vozidla/bojova-vozidla-c.25/,20130621064446,skip
http://www.press.sk:80/bojova-vozidla/bojova-vozidla-c.25/,https://web.archive.org/web/20140804120954/http://www.press.sk:80/bojova-vozidla/bojova-vozidla-c.25/,20140804120954,skip
http://www.press.sk:80/bojova-vozidla/bojova-vozidla-c.26/,https://web.archive.org/web/20120622134509/http://www.press.sk:80/bojova-vozidla/bojova-vozidla-c.26/,20120622134509,skip
http://www.press.sk/bojova-vozidla/bojova-vozidla-c.26/,https://web.archive.org/web/20130621071004/http://www.press.sk/bojova-vozidla/bojova-vozidla-c.26/,20130621071004,skip
http://www.press.sk:80/bojova-vozidla/bojova-vozidla-c.26/,https://web.archive.org/web/20140804120956/http://www.press.sk:80/bojova-vozidla/bojova-vozidla-c.26/,20140804120956,skip
http://www.press.sk:80/bojova-vozidla/bojova-vozidla-c.27/,https://web.archive.org/web/20120226095538/http://www.press.sk:80/bojova-vozidla/bojova-vozidla-c.27/,20120226095538,skip
http://www.press.sk:80/bojova-vozidla/bojova-vozidla-c.27/,https://web.archive.org/web/20120622133733/http://www.press.sk:80/bojova-vozidla/bojova-vozidla-c.27/,20120622133733,skip
http://www.press.sk/bojova-vozidla/bojova-vozidla-c.27/,https://web.archive.org/web/20130621074519/http://www.press.sk/bojova-vozidla/bojova-vozidla-c.27/,20130621074519,skip
http://www.press.sk:80/bojova-vozidla/bojova-vozidla-c.27/,https://web.archive.org/web/20140804121000/http://www.press.sk:80/bojova-vozidla/bojova-vozidla-c.27/,20140804121000,skip
http://www.press.sk:80/bojova-vozidla/bojova-vozidla-c.27/,https://web.archive.org/web/20160821234945/http://www.press.sk:80/bojova-vozidla/bojova-vozidla-c.27/,20160821234945,skip
http://www.press.sk:80/bojova-vozidla/bojova-vozidla-c.28/,https://web.archive.org/web/20120226095543/http://www.press.sk:80/bojova-vozidla/bojova-vozidla-c.28/,20120226095543,skip
http://www.press.sk:80/bojova-vozidla/bojova-vozidla-c.28/,https://web.archive.org/web/20120622134142/http://www.press.sk:80/bojova-vozidla/bojova-vozidla-c.28/,20120622134142,skip
http://www.press.sk/bojova-vozidla/bojova-vozidla-c.28/,https://web.archive.org/web/20130621070952/http://www.press.sk/bojova-vozidla/bojova-vozidla-c.28/,20130621070952,skip
http://www.press.sk:80/bojova-vozidla/bojova-vozidla-c.28/,https://web.archive.org/web/20140804121006/http://www.press.sk:80/bojova-vozidla/bojova-vozidla-c.28/,20140804121006,skip
http://www.press.sk:80/bojova-vozidla/bojova-vozidla-c.29/,https://web.archive.org/web/20120226095731/http://www.press.sk:80/bojova-vozidla/bojova-vozidla-c.29/,20120226095731,skip
http://www.press.sk:80/bojova-vozidla/bojova-vozidla-c.29/,https://web.archive.org/web/20120622133739/http://www.press.sk:80/bojova-vozidla/bojova-vozidla-c.29/,20120622133739,skip
http://www.press.sk/bojova-vozidla/bojova-vozidla-c.29/,https://web.archive.org/web/20130621074443/http://www.press.sk/bojova-vozidla/bojova-vozidla-c.29/,20130621074443,skip
http://www.press.sk:80/bojova-vozidla/bojova-vozidla-c.29/,https://web.archive.org/web/20140804121010/http://www.press.sk:80/bojova-vozidla/bojova-vozidla-c.29/,20140804121010,skip
http://www.press.sk:80/bojova-vozidla/bojova-vozidla-c.30/,https://web.archive.org/web/20120226100037/http://www.press.sk:80/bojova-vozidla/bojova-vozidla-c.30/,20120226100037,skip
http://www.press.sk:80/bojova-vozidla/bojova-vozidla-c.30/,https://web.archive.org/web/20120622133744/http://www.press.sk:80/bojova-vozidla/bojova-vozidla-c.30/,20120622133744,skip
http://www.press.sk/bojova-vozidla/bojova-vozidla-c.30/,https://web.archive.org/web/20130621063328/http://www.press.sk/bojova-vozidla/bojova-vozidla-c.30/,20130621063328,skip
http://www.press.sk:80/bojova-vozidla/bojova-vozidla-c.30/,https://web.archive.org/web/20140804121022/http://www.press.sk:80/bojova-vozidla/bojova-vozidla-c.30/,20140804121022,skip
http://www.press.sk:80/bojova-vozidla/bojova-vozidla-c.31/,https://web.archive.org/web/20120226095736/http://www.press.sk:80/bojova-vozidla/bojova-vozidla-c.31/,20120226095736,skip
http://www.press.sk:80/bojova-vozidla/bojova-vozidla-c.31/,https://web.archive.org/web/20120622134514/http://www.press.sk:80/bojova-vozidla/bojova-vozidla-c.31/,20120622134514,skip
http://www.press.sk/bojova-vozidla/bojova-vozidla-c.31/,https://web.archive.org/web/20130621055732/http://www.press.sk/bojova-vozidla/bojova-vozidla-c.31/,20130621055732,skip
http://www.press.sk:80/bojova-vozidla/bojova-vozidla-c.31/,https://web.archive.org/web/20140804121024/http://www.press.sk:80/bojova-vozidla/bojova-vozidla-c.31/,20140804121024,skip
http://www.press.sk:80/bojova-vozidla/bojova-vozidla-c.32/,https://web.archive.org/web/20160821234726/http://www.press.sk:80/bojova-vozidla/bojova-vozidla-c.32/,20160821234726,skip
http://www.press.sk:80/bojova-vozidla/bojova-vozidla-c.48/,https://web.archive.org/web/20120831150515/http://www.press.sk:80/bojova-vozidla/bojova-vozidla-c.48/,20120831150515,skip
http://www.press.sk:80/bojova-vozidla/bojova-vozidla-c.50/,https://web.archive.org/web/20120831145938/http://www.press.sk:80/bojova-vozidla/bojova-vozidla-c.50/,20120831145938,skip
http://www.press.sk:80/bojova-vozidla/bojova-vozidla-kolekcia-modelov/,https://web.archive.org/web/20120226100042/http://www.press.sk:80/bojova-vozidla/bojova-vozidla-kolekcia-modelov/,20120226100042,skip
http://www.press.sk:80/bojova-vozidla/bojova-vozidla-kolekcia-modelov/,https://web.archive.org/web/20120622134146/http://www.press.sk:80/bojova-vozidla/bojova-vozidla-kolekcia-modelov/,20120622134146,skip
http://www.press.sk/bojova-vozidla/bojova-vozidla-kolekcia-modelov/,https://web.archive.org/web/20130621080939/http://www.press.sk/bojova-vozidla/bojova-vozidla-kolekcia-modelov/,20130621080939,skip
http://www.press.sk:80/bojova-vozidla/bojova-vozidla-kolekcia-modelov/,https://web.archive.org/web/20140804121028/http://www.press.sk:80/bojova-vozidla/bojova-vozidla-kolekcia-modelov/,20140804121028,skip
"http://www.press.sk:80/bojova-vozidla/o,a,30,30/","https://web.archive.org/web/20120226165230/http://www.press.sk:80/bojova-vozidla/o,a,30,30/",20120226165230,skip
"http://www.press.sk:80/bojova-vozidla/o,a,30,30/","https://web.archive.org/web/20120622101303/http://www.press.sk:80/bojova-vozidla/o,a,30,30/",20120622101303,skip
"http://www.press.sk/bojova-vozidla/o,a,30,30/","https://web.archive.org/web/20130621055440/http://www.press.sk/bojova-vozidla/o,a,30,30/",20130621055440,skip
"http://www.press.sk:80/bojova-vozidla/o,a,30,30/","https://web.archive.org/web/20140804121035/http://www.press.sk:80/bojova-vozidla/o,a,30,30/",20140804121035,skip
"http://www.press.sk/bojova-vozidla/o,a,30,60/","https://web.archive.org/web/20130621060539/http://www.press.sk/bojova-vozidla/o,a,30,60/",20130621060539,skip
"http://www.press.sk:80/bojova-vozidla/o,a,30,60/","https://web.archive.org/web/20140804121039/http://www.press.sk:80/bojova-vozidla/o,a,30,60/",20140804121039,skip
https://www.press.sk/bojove-umenia/,https://web.archive.org/web/20170730163204/https://www.press.sk/bojove-umenia/,20170730163204,skip
https://www.press.sk/bojove-umenia/,https://web.archive.org/web/20190724010424/https://www.press.sk/bojove-umenia/,20190724010424,skip
https://www.press.sk/bojove-umenia/,https://web.archive.org/web/20190922085726/https://www.press.sk/bojove-umenia/,20190922085726,skip
https://www.press.sk/bojove-umenia/,https://web.archive.org/web/20191115191212/https://www.press.sk/bojove-umenia/,20191115191212,skip
https://www.press.sk/bojove-umenia/,https://web.archive.org/web/20230311055302/https://www.press.sk/bojove-umenia/,20230311055302,skip
http://www.press.sk:80/bojove-umenia-a-sebaobrana/,https://web.archive.org/web/20081211050014/http://www.press.sk:80/bojove-umenia-a-sebaobrana/,20081211050014,skip
http://www.press.sk:80/bojove-umenia-a-sebaobrana/,https://web.archive.org/web/20081229155024/http://www.press.sk:80/bojove-umenia-a-sebaobrana/,20081229155024,skip
http://www.press.sk:80/bojove-umenia-a-sebaobrana/,https://web.archive.org/web/20090423070138/http://www.press.sk:80/bojove-umenia-a-sebaobrana/,20090423070138,skip
http://www.press.sk:80/bojove-umenia-a-sebaobrana/,https://web.archive.org/web/20090624143010/http://www.press.sk:80/bojove-umenia-a-sebaobrana/,20090624143010,skip
http://www.press.sk:80/bojove-umenia-a-sebaobrana/,https://web.archive.org/web/20091224201116/http://www.press.sk:80/bojove-umenia-a-sebaobrana/,20091224201116,skip
http://www.press.sk:80/bojove-umenia-a-sebaobrana/,https://web.archive.org/web/20100224003308/http://www.press.sk:80/bojove-umenia-a-sebaobrana/,20100224003308,skip
http://www.press.sk:80/bojove-umenia-a-sebaobrana/,https://web.archive.org/web/20110310183923/http://www.press.sk:80/bojove-umenia-a-sebaobrana/,20110310183923,skip
http://www.press.sk/bojove-umenia-a-sebaobrana/,https://web.archive.org/web/20110919022316/http://www.press.sk/bojove-umenia-a-sebaobrana/,20110919022316,skip
http://www.press.sk/bojove-umenia-a-sebaobrana/,https://web.archive.org/web/20130511023556/http://www.press.sk/bojove-umenia-a-sebaobrana/,20130511023556,skip
http://www.press.sk:80/bojove-umenia-a-sebaobrana/,https://web.archive.org/web/20131004160058/http://www.press.sk:80/bojove-umenia-a-sebaobrana/,20131004160058,skip
http://www.press.sk:80/bojove-umenia-a-sebaobrana/,https://web.archive.org/web/20140826171912/http://www.press.sk:80/bojove-umenia-a-sebaobrana/,20140826171912,skip
http://www.press.sk:80/bojove-umenia-a-sebaobrana/,https://web.archive.org/web/20160715114329/http://www.press.sk:80/bojove-umenia-a-sebaobrana/,20160715114329,skip
http://www.press.sk:80/bojove-umenia-a-sebaobrana/,https://web.archive.org/web/20160716132708/http://www.press.sk:80/bojove-umenia-a-sebaobrana/,20160716132708,skip
http://www.press.sk/bojove-umenia-a-sebaobrana/,https://web.archive.org/web/20160802134114/http://www.press.sk/bojove-umenia-a-sebaobrana/,20160802134114,skip
http://www.press.sk/bojove-umenia-a-sebaobrana/,https://web.archive.org/web/20170406085258/http://www.press.sk/bojove-umenia-a-sebaobrana/,20170406085258,skip
https://www.press.sk/bojove-umenia-a-sebaobrana/,https://web.archive.org/web/20190724010527/https://www.press.sk/bojove-umenia-a-sebaobrana/,20190724010527,skip
https://www.press.sk/bojove-umenia-a-sebaobrana/,https://web.archive.org/web/20190922085823/https://www.press.sk/bojove-umenia-a-sebaobrana/,20190922085823,skip
https://www.press.sk/bojove-umenia-a-sebaobrana/,https://web.archive.org/web/20191115191229/https://www.press.sk/bojove-umenia-a-sebaobrana/,20191115191229,skip
https://www.press.sk/bojove-umenia-a-sebaobrana/,https://web.archive.org/web/20230311055300/https://www.press.sk/bojove-umenia-a-sebaobrana/,20230311055300,skip
http://www.press.sk/bojove-umenia-a-sebaobrana/aikido-cesta-harmonie/,https://web.archive.org/web/20130623071124/http://www.press.sk/bojove-umenia-a-sebaobrana/aikido-cesta-harmonie/,20130623071124,skip
http://www.press.sk/bojove-umenia-a-sebaobrana/best-karate-2-zaklady/,https://web.archive.org/web/20130623054438/http://www.press.sk/bojove-umenia-a-sebaobrana/best-karate-2-zaklady/,20130623054438,skip
http://www.press.sk/bojove-umenia-a-sebaobrana/brazilske-dzudzucu/,https://web.archive.org/web/20130623071142/http://www.press.sk/bojove-umenia-a-sebaobrana/brazilske-dzudzucu/,20130623071142,skip
http://www.press.sk/bojove-umenia-a-sebaobrana/brazilske-dzudzucu-technika-pro-pokrocile/,https://web.archive.org/web/20130623064213/http://www.press.sk/bojove-umenia-a-sebaobrana/brazilske-dzudzucu-technika-pro-pokrocile/,20130623064213,skip
http://www.press.sk:80/bojove-umenia-a-sebaobrana/budo-a-ninpo-zaklady-obrany/,https://web.archive.org/web/20081021150710/http://www.press.sk:80/bojove-umenia-a-sebaobrana/budo-a-ninpo-zaklady-obrany/,20081021150710,skip
http://www.press.sk/bojove-umenia-a-sebaobrana/cesta-bojovnika/,https://web.archive.org/web/20130623061503/http://www.press.sk/bojove-umenia-a-sebaobrana/cesta-bojovnika/,20130623061503,skip
http://www.press.sk:80/bojove-umenia-a-sebaobrana/cesta-bojovnika/,https://web.archive.org/web/20160527095525/http://www.press.sk:80/bojove-umenia-a-sebaobrana/cesta-bojovnika/,20160527095525,skip
https://www.press.sk/bojove-umenia-a-sebaobrana/cesta-bojovnika/?utm_source=newsletter&utm_campaign=November_2011&utm_medium=archive,https://web.archive.org/web/20190820080849/https://www.press.sk/bojove-umenia-a-sebaobrana/cesta-bojovnika/?utm_source=newsletter&utm_campaign=November_2011&utm_medium=archive,20190820080849,skip
http://www.press.sk/bojove-umenia-a-sebaobrana/duch-budo/,https://web.archive.org/web/20130623071256/http://www.press.sk/bojove-umenia-a-sebaobrana/duch-budo/,20130623071256,skip
http://www.press.sk/bojove-umenia-a-sebaobrana/dzu-dzutsu/,https://web.archive.org/web/20130623055616/http://www.press.sk/bojove-umenia-a-sebaobrana/dzu-dzutsu/,20130623055616,skip
http://www.press.sk/bojove-umenia-a-sebaobrana/ko-budo-zbrane-z-okinawy-1.-sai/,https://web.archive.org/web/20130623072251/http://www.press.sk/bojove-umenia-a-sebaobrana/ko-budo-zbrane-z-okinawy-1.-sai/,20130623072251,skip
http://www.press.sk/bojove-umenia-a-sebaobrana/ko-budo-zbrane-z-okinawy-2.-nuncaku-tonfa/,https://web.archive.org/web/20130623054715/http://www.press.sk/bojove-umenia-a-sebaobrana/ko-budo-zbrane-z-okinawy-2.-nuncaku-tonfa/,20130623054715,skip
http://www.press.sk/bojove-umenia-a-sebaobrana/ko-budo-zbrane-z-okinawy-3.-bo/,https://web.archive.org/web/20130623060533/http://www.press.sk/bojove-umenia-a-sebaobrana/ko-budo-zbrane-z-okinawy-3.-bo/,20130623060533,skip
http://www.press.sk/bojove-umenia-a-sebaobrana/krav-maga/,https://web.archive.org/web/20130623072904/http://www.press.sk/bojove-umenia-a-sebaobrana/krav-maga/,20130623072904,skip
http://www.press.sk/bojove-umenia-a-sebaobrana/lexikon-bojovych-sportu-od-aikida-k-zenu/,https://web.archive.org/web/20130623064400/http://www.press.sk/bojove-umenia-a-sebaobrana/lexikon-bojovych-sportu-od-aikida-k-zenu/,20130623064400,skip
http://www.press.sk/bojove-umenia-a-sebaobrana/manual-obranne-strelby-ii/,https://web.archive.org/web/20130623063002/http://www.press.sk/bojove-umenia-a-sebaobrana/manual-obranne-strelby-ii/,20130623063002,skip
http://www.press.sk/bojove-umenia-a-sebaobrana/nebojte-se-branit/,https://web.archive.org/web/20130623070240/http://www.press.sk/bojove-umenia-a-sebaobrana/nebojte-se-branit/,20130623070240,skip
http://www.press.sk/bojove-umenia-a-sebaobrana/nin-tsun-do-combat-bojove-techniky-s-tyci-a-mecem/,https://web.archive.org/web/20130623071121/http://www.press.sk/bojove-umenia-a-sebaobrana/nin-tsun-do-combat-bojove-techniky-s-tyci-a-mecem/,20130623071121,skip
"http://www.press.sk:80/bojove-umenia-a-sebaobrana/o,a,5,0","https://web.archive.org/web/20170227150206/http://www.press.sk:80/bojove-umenia-a-sebaobrana/o,a,5,0",20170227150206,skip
"http://www.press.sk:80/bojove-umenia-a-sebaobrana/o,a,5,0","https://web.archive.org/web/20170511093740/http://www.press.sk:80/bojove-umenia-a-sebaobrana/o,a,5,0",20170511093740,skip
"http://www.press.sk:80/bojove-umenia-a-sebaobrana/o,a,5,0","https://web.archive.org/web/20170611130138/http://www.press.sk:80/bojove-umenia-a-sebaobrana/o,a,5,0",20170611130138,skip
http://www.press.sk/bojove-umenia-a-sebaobrana/qigong-1.-dil-cviky-pro-praci-s-vnitrni-energii/,https://web.archive.org/web/20130623054941/http://www.press.sk/bojove-umenia-a-sebaobrana/qigong-1.-dil-cviky-pro-praci-s-vnitrni-energii/,20130623054941,skip
http://www.press.sk/bojove-umenia-a-sebaobrana/samuraj/,https://web.archive.org/web/20130623074015/http://www.press.sk/bojove-umenia-a-sebaobrana/samuraj/,20130623074015,skip
http://www.press.sk/bojove-umenia-a-sebaobrana/samuraj-svet-valecnika/,https://web.archive.org/web/20130623073509/http://www.press.sk/bojove-umenia-a-sebaobrana/samuraj-svet-valecnika/,20130623073509,skip
http://www.press.sk/bojove-umenia-a-sebaobrana/sebeobrana-boj-beze-zbrane/,https://web.archive.org/web/20130623060847/http://www.press.sk/bojove-umenia-a-sebaobrana/sebeobrana-boj-beze-zbrane/,20130623060847,skip
http://www.press.sk/bojove-umenia-a-sebaobrana/sebeobrana-pro-zeny/,https://web.archive.org/web/20130623055547/http://www.press.sk/bojove-umenia-a-sebaobrana/sebeobrana-pro-zeny/,20130623055547,skip
http://www.press.sk/bojove-umenia-a-sebaobrana/taekwondo/,https://web.archive.org/web/20130623071654/http://www.press.sk/bojove-umenia-a-sebaobrana/taekwondo/,20130623071654,skip
http://www.press.sk/bojove-umenia-a-sebaobrana/tai-ji-quan-tradicni-styl-yang/,https://web.archive.org/web/20130623064341/http://www.press.sk/bojove-umenia-a-sebaobrana/tai-ji-quan-tradicni-styl-yang/,20130623064341,skip
http://www.press.sk:80/bojove-umenia-a-sebaobrana/umeni-filipinskych-valecniku-kali-arnik-eskrima,https://web.archive.org/web/20091223101042/http://www.press.sk:80/bojove-umenia-a-sebaobrana/umeni-filipinskych-valecniku-kali-arnik-eskrima,20091223101042,skip
https://www.press.sk/bojove-umenia-a-sebaobrana/vrhani-nozu-ve-sportu-a-sebeobrane/,https://web.archive.org/web/20230311055300/https://www.press.sk/bojove-umenia-a-sebaobrana/vrhani-nozu-ve-sportu-a-sebeobrane/,20230311055300,skip
https://www.press.sk/bojove-umenia/sebeobrana-extremni-boj-beze-zbrane-podle-specialnich-jednotek-s/,https://web.archive.org/web/20230311055309/https://www.press.sk/bojove-umenia/sebeobrana-extremni-boj-beze-zbrane-podle-specialnich-jednotek-s/,20230311055309,skip
http://www.press.sk/bumik/,https://web.archive.org/web/20160407125139/http://www.press.sk/bumik/,20160407125139,skip
http://www.press.sk:80/bumik/,https://web.archive.org/web/20160508104643/http://www.press.sk:80/bumik/,20160508104643,skip
http://www.press.sk/bumik/,https://web.archive.org/web/20170406082601/http://www.press.sk/bumik/,20170406082601,skip
https://www.press.sk/bumik/,https://web.archive.org/web/20170731061329/https://www.press.sk/bumik/,20170731061329,skip
https://www.press.sk/bumik/,https://web.archive.org/web/20190826033345/https://www.press.sk/bumik/,20190826033345,skip
https://www.press.sk/bumik/,https://web.archive.org/web/20191019105023/https://www.press.sk/bumik/,20191019105023,skip
https://www.press.sk/bumik/,https://web.archive.org/web/20191115215151/https://www.press.sk/bumik/,20191115215151,skip
https://www.press.sk/bumik/,https://web.archive.org/web/20221212000311/https://www.press.sk/bumik/,20221212000311,skip
https://www.press.sk/bumik/,https://web.archive.org/web/20230311055243/https://www.press.sk/bumik/,20230311055243,skip
https://www.press.sk/bumik/,https://web.archive.org/web/20230624092255/https://www.press.sk/bumik/,20230624092255,skip
https://www.press.sk/bumik/bumik-c.-01-022020-e-vydanie/,https://web.archive.org/web/20230311055302/https://www.press.sk/bumik/bumik-c.-01-022020-e-vydanie/,20230311055302,skip
https://www.press.sk/bumik/bumik-c.-03-042020-e-vydanie/,https://web.archive.org/web/20230311055302/https://www.press.sk/bumik/bumik-c.-03-042020-e-vydanie/,20230311055302,skip
https://www.press.sk/bumik/bumik-c.-04-042019-e-vydanie/,https://web.archive.org/web/20190923013624/https://www.press.sk/bumik/bumik-c.-04-042019-e-vydanie/,20190923013624,skip
https://www.press.sk/bumik/bumik-c.-04-042019-e-vydanie/,https://web.archive.org/web/20230311055304/https://www.press.sk/bumik/bumik-c.-04-042019-e-vydanie/,20230311055304,skip
https://www.press.sk/bumik/bumik-c.-05-062019-e-vydanie/,https://web.archive.org/web/20190923014359/https://www.press.sk/bumik/bumik-c.-05-062019-e-vydanie/,20190923014359,skip
https://www.press.sk/bumik/bumik-c.-05-062019-e-vydanie/,https://web.archive.org/web/20230311055304/https://www.press.sk/bumik/bumik-c.-05-062019-e-vydanie/,20230311055304,skip
https://www.press.sk/bumik/bumik-c.-05-062020-e-vydanie/,https://web.archive.org/web/20230311055302/https://www.press.sk/bumik/bumik-c.-05-062020-e-vydanie/,20230311055302,skip
https://www.press.sk/bumik/bumik-c.-07-082019-e-vydanie/,https://web.archive.org/web/20190721214630/https://www.press.sk/bumik/bumik-c.-07-082019-e-vydanie/,20190721214630,skip
https://www.press.sk/bumik/bumik-c.-07-082019-e-vydanie/,https://web.archive.org/web/20190923210755/https://www.press.sk/bumik/bumik-c.-07-082019-e-vydanie/,20190923210755,skip
https://www.press.sk/bumik/bumik-c.-07-082019-e-vydanie/,https://web.archive.org/web/20230311055304/https://www.press.sk/bumik/bumik-c.-07-082019-e-vydanie/,20230311055304,skip
https://www.press.sk/bumik/bumik-c.-07-082020-e-vydanie/,https://web.archive.org/web/20230311055302/https://www.press.sk/bumik/bumik-c.-07-082020-e-vydanie/,20230311055302,skip
https://www.press.sk/bumik/bumik-c.-09-102019-e-vydanie/,https://web.archive.org/web/20190923075433/https://www.press.sk/bumik/bumik-c.-09-102019-e-vydanie/,20190923075433,skip
https://www.press.sk/bumik/bumik-c.-09-102019-e-vydanie/,https://web.archive.org/web/20191114044411/https://www.press.sk/bumik/bumik-c.-09-102019-e-vydanie/,20191114044411,skip
https://www.press.sk/bumik/bumik-c.-09-102019-e-vydanie/,https://web.archive.org/web/20230311055304/https://www.press.sk/bumik/bumik-c.-09-102019-e-vydanie/,20230311055304,skip
https://www.press.sk/bumik/bumik-c.-09-102020-e-vydanie/,https://web.archive.org/web/20230311055302/https://www.press.sk/bumik/bumik-c.-09-102020-e-vydanie/,20230311055302,skip
https://www.press.sk/bumik/bumik-c.-1-22018/,https://web.archive.org/web/20190923014515/https://www.press.sk/bumik/bumik-c.-1-22018/,20190923014515,skip
https://www.press.sk/bumik/bumik-c.-10-112020-e-vydanie/,https://web.archive.org/web/20230311055302/https://www.press.sk/bumik/bumik-c.-10-112020-e-vydanie/,20230311055302,skip
https://www.press.sk/bumik/bumik-c.-11-122017/,https://web.archive.org/web/20190923014426/https://www.press.sk/bumik/bumik-c.-11-122017/,20190923014426,skip
https://www.press.sk/bumik/bumik-c.-11-122018/,https://web.archive.org/web/20190918184327/https://www.press.sk/bumik/bumik-c.-11-122018/,20190918184327,skip
https://www.press.sk/bumik/bumik-c.-11-122018/,https://web.archive.org/web/20190923182124/https://www.press.sk/bumik/bumik-c.-11-122018/,20190923182124,skip
https://www.press.sk/bumik/bumik-c.-11-122018/,https://web.archive.org/web/20230311055304/https://www.press.sk/bumik/bumik-c.-11-122018/,20230311055304,skip
https://www.press.sk/bumik/bumik-c.-11-122019-e-vydanie/,https://web.archive.org/web/20230311055305/https://www.press.sk/bumik/bumik-c.-11-122019-e-vydanie/,20230311055305,skip
http://www.press.sk:80/bumik/bumik-c.-112016/,https://web.archive.org/web/20161115100345/http://www.press.sk:80/bumik/bumik-c.-112016/,20161115100345,skip
http://www.press.sk:80/bumik/bumik-c.-12016/,https://web.archive.org/web/20160113180953/http://www.press.sk:80/bumik/bumik-c.-12016/,20160113180953,skip
https://www.press.sk/bumik/bumik-c.-3-42018/,https://web.archive.org/web/20190923014313/https://www.press.sk/bumik/bumik-c.-3-42018/,20190923014313,skip
https://www.press.sk/bumik/bumik-c.-3-42018/,https://web.archive.org/web/20230311055305/https://www.press.sk/bumik/bumik-c.-3-42018/,20230311055305,skip
http://www.press.sk/bumik/bumik-c.-32016/,https://web.archive.org/web/20160324112234/http://www.press.sk/bumik/bumik-c.-32016/,20160324112234,skip
https://www.press.sk/bumik/bumik-c.-42017/,https://web.archive.org/web/20190923013729/https://www.press.sk/bumik/bumik-c.-42017/,20190923013729,skip
https://www.press.sk/bumik/bumik-c.-5-62018/,https://web.archive.org/web/20190923013905/https://www.press.sk/bumik/bumik-c.-5-62018/,20190923013905,skip
https://www.press.sk/bumik/bumik-c.-5-62018/,https://web.archive.org/web/20230311055305/https://www.press.sk/bumik/bumik-c.-5-62018/,20230311055305,skip
https://www.press.sk/bumik/bumik-c.-52017/,https://web.archive.org/web/20190923013844/https://www.press.sk/bumik/bumik-c.-52017/,20190923013844,skip
https://www.press.sk/bumik/bumik-c.-62017/,https://web.archive.org/web/20190923014017/https://www.press.sk/bumik/bumik-c.-62017/,20190923014017,skip
https://www.press.sk/bumik/bumik-c.-7-82017/,https://web.archive.org/web/20190923013329/https://www.press.sk/bumik/bumik-c.-7-82017/,20190923013329,skip
http://www.press.sk:80/bumik/bumik-c.-72016/,https://web.archive.org/web/20160802021359/http://www.press.sk:80/bumik/bumik-c.-72016/,20160802021359,skip
https://www.press.sk/bumik/bumik-c.-9-102017/,https://web.archive.org/web/20190923014039/https://www.press.sk/bumik/bumik-c.-9-102017/,20190923014039,skip
http://www.press.sk/bumik/bumik-c.-92016/,https://web.archive.org/web/20161030165431/http://www.press.sk/bumik/bumik-c.-92016/,20161030165431,skip
https://www.press.sk/bumik/bumik-predplatne/,https://web.archive.org/web/20190720162846/https://www.press.sk/bumik/bumik-predplatne/,20190720162846,skip
https://www.press.sk/bumik/bumik-predplatne/,https://web.archive.org/web/20190826032751/https://www.press.sk/bumik/bumik-predplatne/,20190826032751,skip
https://www.press.sk/bumik/bumik-predplatne/,https://web.archive.org/web/20191114174155/https://www.press.sk/bumik/bumik-predplatne/,20191114174155,skip
https://www.press.sk/bumik/macko-pusik-c.-122018/,https://web.archive.org/web/20190721071434/https://www.press.sk/bumik/macko-pusik-c.-122018/,20190721071434,skip
https://www.press.sk/bumik/macko-pusik-c.-122018/,https://web.archive.org/web/20190826054701/https://www.press.sk/bumik/macko-pusik-c.-122018/,20190826054701,skip
https://www.press.sk/bumik/macko-pusik-c.-122018/,https://web.archive.org/web/20191114173855/https://www.press.sk/bumik/macko-pusik-c.-122018/,20191114173855,skip
https://www.press.sk/burda-international-cz/,https://web.archive.org/web/20190918183702/https://www.press.sk/burda-international-cz/,20190918183702,skip
https://www.press.sk/burda-international-cz/,https://web.archive.org/web/20191115214945/https://www.press.sk/burda-international-cz/,20191115214945,skip
https://www.press.sk/burda-international-cz/,https://web.archive.org/web/20230311055312/https://www.press.sk/burda-international-cz/,20230311055312,skip
http://www.press.sk:80/byt-dom/,https://web.archive.org/web/20090214220100/http://www.press.sk:80/byt-dom/,20090214220100,skip
http://www.press.sk:80/byt-dom/,https://web.archive.org/web/20090420212756/http://www.press.sk:80/byt-dom/,20090420212756,skip
http://www.press.sk:80/byt-dom/,https://web.archive.org/web/20090911102826/http://www.press.sk:80/byt-dom/,20090911102826,skip
http://www.press.sk:80/byt-dom/,https://web.archive.org/web/20091204005407/http://www.press.sk:80/byt-dom/,20091204005407,skip
http://www.press.sk:80/byt-dom/,https://web.archive.org/web/20100307123426/http://www.press.sk:80/byt-dom/,20100307123426,skip
http://www.press.sk:80/byt-dom/,https://web.archive.org/web/20100507082327/http://www.press.sk:80/byt-dom/,20100507082327,skip
http://www.press.sk:80/byt-dom/,https://web.archive.org/web/20100904120915/http://www.press.sk:80/byt-dom/,20100904120915,skip
http://www.press.sk:80/byt-dom/,https://web.archive.org/web/20100905155319/http://www.press.sk:80/byt-dom/,20100905155319,skip
http://www.press.sk:80/byt-dom/,https://web.archive.org/web/20101221035903/http://www.press.sk:80/byt-dom/,20101221035903,skip
http://www.press.sk:80/byt-dom/,https://web.archive.org/web/20101222064224/http://www.press.sk:80/byt-dom/,20101222064224,skip
http://www.press.sk:80/byt-dom/,https://web.archive.org/web/20110326094936/http://www.press.sk:80/byt-dom/,20110326094936,skip
http://www.press.sk:80/byt-dom/,https://web.archive.org/web/20110526001235/http://www.press.sk:80/byt-dom/,20110526001235,skip
http://www.press.sk:80/byt-dom/,https://web.archive.org/web/20110727181727/http://www.press.sk:80/byt-dom/,20110727181727,skip
http://www.press.sk/byt-dom/,https://web.archive.org/web/20130511015454/http://www.press.sk/byt-dom/,20130511015454,skip
http://www.press.sk:80/byt-dom/,https://web.archive.org/web/20130713042130/http://www.press.sk:80/byt-dom/,20130713042130,skip
http://www.press.sk:80/byt-dom/,https://web.archive.org/web/20131108093227/http://www.press.sk:80/byt-dom/,20131108093227,skip
http://www.press.sk:80/byt-dom/,https://web.archive.org/web/20140912190302/http://www.press.sk:80/byt-dom/,20140912190302,skip
http://www.press.sk:80/byt-dom/,https://web.archive.org/web/20141015012322/http://www.press.sk:80/byt-dom/,20141015012322,skip
http://www.press.sk:80/byt-dom/,https://web.archive.org/web/20151103125344/http://www.press.sk:80/byt-dom/,20151103125344,skip
http://www.press.sk/byt-dom/,https://web.archive.org/web/20160802133333/http://www.press.sk/byt-dom/,20160802133333,skip
http://www.press.sk:80/byt-dom,https://web.archive.org/web/20160903072330/http://www.press.sk:80/byt-dom,20160903072330,skip
http://www.press.sk:80/byt-dom,https://web.archive.org/web/20161005003921/http://www.press.sk:80/byt-dom,20161005003921,skip
http://www.press.sk:80/byt-dom,https://web.archive.org/web/20161105145602/http://www.press.sk:80/byt-dom,20161105145602,skip
http://www.press.sk/byt-dom/,https://web.archive.org/web/20170406042214/http://www.press.sk/byt-dom/,20170406042214,skip
http://www.press.sk:80/byt-dom/,https://web.archive.org/web/20170429170013/http://www.press.sk:80/byt-dom/,20170429170013,skip
https://www.press.sk/byt-dom/,https://web.archive.org/web/20170731043901/https://www.press.sk/byt-dom/,20170731043901,skip
https://www.press.sk/byt-dom/,https://web.archive.org/web/20190822135957/https://www.press.sk/byt-dom/,20190822135957,skip
https://www.press.sk/byt-dom/,https://web.archive.org/web/20191013232109/https://www.press.sk/byt-dom/,20191013232109,skip
https://www.press.sk/byt-dom/,https://web.archive.org/web/20191206224137/https://www.press.sk/byt-dom/,20191206224137,skip
https://www.press.sk/byt-dom/,https://web.archive.org/web/20230311055300/https://www.press.sk/byt-dom/,20230311055300,skip
http://www.press.sk:80/byt-dom/100-osvedcenych-stavebnich-detailu-klempirstvi-a-pokryvacstvi/,https://web.archive.org/web/20160906093145/http://www.press.sk:80/byt-dom/100-osvedcenych-stavebnich-detailu-klempirstvi-a-pokryvacstvi/,20160906093145,skip
https://www.press.sk/byt-dom/advent-vanoce-elegantni-dekorace-z-prirodnich-materialu/,https://web.archive.org/web/20190724010359/https://www.press.sk/byt-dom/advent-vanoce-elegantni-dekorace-z-prirodnich-materialu/,20190724010359,skip
https://www.press.sk/byt-dom/advent-vanoce-elegantni-dekorace-z-prirodnich-materialu/,https://web.archive.org/web/20191213133229/https://www.press.sk/byt-dom/advent-vanoce-elegantni-dekorace-z-prirodnich-materialu/,20191213133229,skip
http://www.press.sk:80/byt-dom/ako-nakupovat-a-spracovavat-maso/,https://web.archive.org/web/20160906093440/http://www.press.sk:80/byt-dom/ako-nakupovat-a-spracovavat-maso/,20160906093440,skip
http://www.press.sk/byt-dom/americka-chalupa/,https://web.archive.org/web/20130623050254/http://www.press.sk/byt-dom/americka-chalupa/,20130623050254,skip
http://www.press.sk:80/byt-dom/americka-chalupa/,https://web.archive.org/web/20160906093445/http://www.press.sk:80/byt-dom/americka-chalupa/,20160906093445,skip
http://www.press.sk:80/byt-dom/architektura-modernich-zahrad/,https://web.archive.org/web/20160906085820/http://www.press.sk:80/byt-dom/architektura-modernich-zahrad/,20160906085820,skip
http://www.press.sk:80/byt-dom/bydlime-venku,https://web.archive.org/web/20160903072334/http://www.press.sk:80/byt-dom/bydlime-venku,20160903072334,skip
http://www.press.sk:80/byt-dom/bydlime-venku/,https://web.archive.org/web/20160906090814/http://www.press.sk:80/byt-dom/bydlime-venku/,20160906090814,skip
http://www.press.sk:80/byt-dom/bydlime-venku,https://web.archive.org/web/20161005003500/http://www.press.sk:80/byt-dom/bydlime-venku,20161005003500,skip
http://www.press.sk:80/byt-dom/bydlime-venku,https://web.archive.org/web/20161105145131/http://www.press.sk:80/byt-dom/bydlime-venku,20161105145131,skip
http://www.press.sk/byt-dom/cesticky-a-posezeni/,https://web.archive.org/web/20130623005026/http://www.press.sk/byt-dom/cesticky-a-posezeni/,20130623005026,skip
http://www.press.sk:80/byt-dom/cesticky-a-posezeni/,https://web.archive.org/web/20160906094601/http://www.press.sk:80/byt-dom/cesticky-a-posezeni/,20160906094601,skip
http://www.press.sk/byt-dom/grily-krby-udirny/,https://web.archive.org/web/20130623043622/http://www.press.sk/byt-dom/grily-krby-udirny/,20130623043622,skip
http://www.press.sk:80/byt-dom/grily-krby-udirny/,https://web.archive.org/web/20160906094350/http://www.press.sk:80/byt-dom/grily-krby-udirny/,20160906094350,skip
https://www.press.sk/byt-dom/jak-na-domacnost-bez-chemie-a-jedu/,https://web.archive.org/web/20190822140450/https://www.press.sk/byt-dom/jak-na-domacnost-bez-chemie-a-jedu/,20190822140450,skip
https://www.press.sk/byt-dom/jak-na-domacnost-bez-chemie-a-jedu/,https://web.archive.org/web/20191015092801/https://www.press.sk/byt-dom/jak-na-domacnost-bez-chemie-a-jedu/,20191015092801,skip
http://www.press.sk:80/byt-dom/koupaci-jezirka/,https://web.archive.org/web/20090117091535/http://www.press.sk:80/byt-dom/koupaci-jezirka/,20090117091535,skip
http://www.press.sk/byt-dom/koupaci-jezirka/,https://web.archive.org/web/20130623050114/http://www.press.sk/byt-dom/koupaci-jezirka/,20130623050114,skip
http://www.press.sk:80/byt-dom/koupaci-jezirka/,https://web.archive.org/web/20160906094606/http://www.press.sk:80/byt-dom/koupaci-jezirka/,20160906094606,skip
http://www.press.sk:80/byt-dom/kvetiny-pro-kazdou-zahradu/,https://web.archive.org/web/20160906092932/http://www.press.sk:80/byt-dom/kvetiny-pro-kazdou-zahradu/,20160906092932,skip
http://www.press.sk:80/byt-dom/napady-do-zahrady/,https://web.archive.org/web/20160906091126/http://www.press.sk:80/byt-dom/napady-do-zahrady/,20160906091126,skip
http://www.press.sk/byt-dom/panelak-osud-domu-vo-vasich-rukach/,https://web.archive.org/web/20130623030451/http://www.press.sk/byt-dom/panelak-osud-domu-vo-vasich-rukach/,20130623030451,skip
http://www.press.sk:80/byt-dom/panelak-osud-domu-vo-vasich-rukach/,https://web.archive.org/web/20160906093450/http://www.press.sk:80/byt-dom/panelak-osud-domu-vo-vasich-rukach/,20160906093450,skip
http://www.press.sk:80/byt-dom/rekonstrukce-chalupy/,https://web.archive.org/web/20160906094356/http://www.press.sk:80/byt-dom/rekonstrukce-chalupy/,20160906094356,skip
http://www.press.sk/byt-dom/rodinne-domy-trochu-inak-2010/,https://web.archive.org/web/20130623044935/http://www.press.sk/byt-dom/rodinne-domy-trochu-inak-2010/,20130623044935,skip
http://www.press.sk:80/byt-dom/rodinne-domy-trochu-inak-2010/,https://web.archive.org/web/20160906092937/http://www.press.sk:80/byt-dom/rodinne-domy-trochu-inak-2010/,20160906092937,skip
http://www.press.sk:80/byt-dom/skvela-gazdinka/,https://web.archive.org/web/20160906093456/http://www.press.sk:80/byt-dom/skvela-gazdinka/,20160906093456,skip
https://www.press.sk/byt-dom/stylove-bydleni-muzete-mit-i-vy/,https://web.archive.org/web/20190723163158/https://www.press.sk/byt-dom/stylove-bydleni-muzete-mit-i-vy/,20190723163158,skip
http://www.press.sk:80/byt-dom/tesarske-spoje/,https://web.archive.org/web/20160906094611/http://www.press.sk:80/byt-dom/tesarske-spoje/,20160906094611,skip
http://www.press.sk:80/byt-dom/tesarske-spoje,https://web.archive.org/web/20170411034113/http://www.press.sk:80/byt-dom/tesarske-spoje,20170411034113,skip
http://www.press.sk:80/byt-dom/tesarske-spoje,https://web.archive.org/web/20170514195626/http://www.press.sk:80/byt-dom/tesarske-spoje,20170514195626,skip
http://www.press.sk:80/byt-dom/tesarske-spoje,https://web.archive.org/web/20170614214751/http://www.press.sk:80/byt-dom/tesarske-spoje,20170614214751,skip
https://www.press.sk/byt-dom/tvorime-z-betonu-na-zahradu-i-do-interieru/,https://web.archive.org/web/20190723163024/https://www.press.sk/byt-dom/tvorime-z-betonu-na-zahradu-i-do-interieru/,20190723163024,skip
https://www.press.sk/byt-dom/udirny-a-zahradni-krby/,https://web.archive.org/web/20190822223958/https://www.press.sk/byt-dom/udirny-a-zahradni-krby/,20190822223958,skip
https://www.press.sk/byt-dom/udirny-a-zahradni-krby/,https://web.archive.org/web/20191013232039/https://www.press.sk/byt-dom/udirny-a-zahradni-krby/,20191013232039,skip
https://www.press.sk/byt-dom/udirny-a-zahradni-krby/,https://web.archive.org/web/20191207083935/https://www.press.sk/byt-dom/udirny-a-zahradni-krby/,20191207083935,skip
http://www.press.sk:80/byt-dom/upravit-zahradu-to-zvladnes/,https://web.archive.org/web/20160906092941/http://www.press.sk:80/byt-dom/upravit-zahradu-to-zvladnes/,20160906092941,skip
https://www.press.sk/byt-dom/zahradni-nabytek-vyroba-udrzba-a-renovace/,https://web.archive.org/web/20191020012300/https://www.press.sk/byt-dom/zahradni-nabytek-vyroba-udrzba-a-renovace/,20191020012300,skip
http://www.press.sk/byt-dom/zidky-schody-modelace-terenu/,https://web.archive.org/web/20130623014306/http://www.press.sk/byt-dom/zidky-schody-modelace-terenu/,20130623014306,skip
http://www.press.sk:80/byt-dom/zidky-schody-modelace-terenu,https://web.archive.org/web/20130913004749/http://www.press.sk:80/byt-dom/zidky-schody-modelace-terenu,20130913004749,skip
http://www.press.sk:80/byt-dom/zidky-schody-modelace-terenu,https://web.archive.org/web/20140222095846/http://www.press.sk:80/byt-dom/zidky-schody-modelace-terenu,20140222095846,skip
http://www.press.sk:80/byt-dom/zidky-schody-modelace-terenu,https://web.archive.org/web/20140708041503/http://www.press.sk:80/byt-dom/zidky-schody-modelace-terenu,20140708041503,skip
http://www.press.sk:80/byt-dom/zidky-schody-modelace-terenu/,https://web.archive.org/web/20160906093500/http://www.press.sk:80/byt-dom/zidky-schody-modelace-terenu/,20160906093500,skip
https://www.press.sk/byt-dom/zive-dekoracie-50-napadov-pre-vas-zelensi-domov/,https://web.archive.org/web/20190724010433/https://www.press.sk/byt-dom/zive-dekoracie-50-napadov-pre-vas-zelensi-domov/,20190724010433,skip
https://www.press.sk/byt-dom/zive-dekoracie-50-napadov-pre-vas-zelensi-domov/,https://web.archive.org/web/20190922085738/https://www.press.sk/byt-dom/zive-dekoracie-50-napadov-pre-vas-zelensi-domov/,20190922085738,skip
https://www.press.sk/byt-dom/zive-dekoracie-50-napadov-pre-vas-zelensi-domov/,https://web.archive.org/web/20191111205832/https://www.press.sk/byt-dom/zive-dekoracie-50-napadov-pre-vas-zelensi-domov/,20191111205832,skip
http://www.press.sk:80/byvanie-stavebnictvo/,https://web.archive.org/web/20081023181358/http://www.press.sk:80/byvanie-stavebnictvo/,20081023181358,skip
http://www.press.sk:80/byvanie-stavebnictvo/,https://web.archive.org/web/20081217032219/http://www.press.sk:80/byvanie-stavebnictvo/,20081217032219,skip
http://www.press.sk:80/byvanie-stavebnictvo/,https://web.archive.org/web/20090116094703/http://www.press.sk:80/byvanie-stavebnictvo/,20090116094703,skip
http://www.press.sk:80/byvanie-stavebnictvo,https://web.archive.org/web/20090127045315/http://www.press.sk:80/byvanie-stavebnictvo,20090127045315,skip
http://www.press.sk:80/byvanie-stavebnictvo/,https://web.archive.org/web/20090216042408/http://www.press.sk:80/byvanie-stavebnictvo/,20090216042408,skip
http://www.press.sk:80/byvanie-stavebnictvo,https://web.archive.org/web/20090227112248/http://www.press.sk:80/byvanie-stavebnictvo,20090227112248,skip
http://www.press.sk:80/byvanie-stavebnictvo/,https://web.archive.org/web/20090318163628/http://www.press.sk:80/byvanie-stavebnictvo/,20090318163628,skip
http://www.press.sk:80/byvanie-stavebnictvo,https://web.archive.org/web/20090330024917/http://www.press.sk:80/byvanie-stavebnictvo,20090330024917,skip
http://www.press.sk:80/byvanie-stavebnictvo/,https://web.archive.org/web/20090418133849/http://www.press.sk:80/byvanie-stavebnictvo/,20090418133849,skip
http://www.press.sk:80/byvanie-stavebnictvo/,https://web.archive.org/web/20090520065833/http://www.press.sk:80/byvanie-stavebnictvo/,20090520065833,skip
http://www.press.sk:80/byvanie-stavebnictvo/,https://web.archive.org/web/20091221050549/http://www.press.sk:80/byvanie-stavebnictvo/,20091221050549,skip
http://www.press.sk:80/byvanie-stavebnictvo/,https://web.archive.org/web/20091221050549/http://www.press.sk:80/byvanie-stavebnictvo/,20091221050549,skip
http://www.press.sk:80/byvanie-stavebnictvo,https://web.archive.org/web/20100119091018/http://www.press.sk:80/byvanie-stavebnictvo,20100119091018,skip
http://www.press.sk:80/byvanie-stavebnictvo/,https://web.archive.org/web/20100125073457/http://www.press.sk:80/byvanie-stavebnictvo/,20100125073457,skip
http://www.press.sk:80/byvanie-stavebnictvo,https://web.archive.org/web/20101012142517/http://www.press.sk:80/byvanie-stavebnictvo,20101012142517,skip
http://www.press.sk:80/byvanie-stavebnictvo,https://web.archive.org/web/20101112105503/http://www.press.sk:80/byvanie-stavebnictvo,20101112105503,skip
http://www.press.sk:80/byvanie-stavebnictvo,https://web.archive.org/web/20101216071618/http://www.press.sk:80/byvanie-stavebnictvo,20101216071618,skip
http://www.press.sk:80/byvanie-stavebnictvo/,https://web.archive.org/web/20101218003332/http://www.press.sk:80/byvanie-stavebnictvo/,20101218003332,skip
http://www.press.sk:80/byvanie-stavebnictvo/,https://web.archive.org/web/20110217043247/http://www.press.sk:80/byvanie-stavebnictvo/,20110217043247,skip
http://www.press.sk:80/byvanie-stavebnictvo,https://web.archive.org/web/20110418115503/http://www.press.sk:80/byvanie-stavebnictvo,20110418115503,skip
http://www.press.sk:80/byvanie-stavebnictvo/,https://web.archive.org/web/20110419093945/http://www.press.sk:80/byvanie-stavebnictvo/,20110419093945,skip
http://www.press.sk:80/byvanie-stavebnictvo,https://web.archive.org/web/20110520151909/http://www.press.sk:80/byvanie-stavebnictvo,20110520151909,skip
http://www.press.sk:80/byvanie-stavebnictvo/,https://web.archive.org/web/20110619031545/http://www.press.sk:80/byvanie-stavebnictvo/,20110619031545,skip
http://www.press.sk:80/byvanie-stavebnictvo,https://web.archive.org/web/20110622180941/http://www.press.sk:80/byvanie-stavebnictvo,20110622180941,skip
http://www.press.sk:80/byvanie-stavebnictvo/,https://web.archive.org/web/20110819021954/http://www.press.sk:80/byvanie-stavebnictvo/,20110819021954,skip
http://www.press.sk:80/byvanie-stavebnictvo,https://web.archive.org/web/20110831011307/http://www.press.sk:80/byvanie-stavebnictvo,20110831011307,skip
http://www.press.sk:80/byvanie-stavebnictvo,https://web.archive.org/web/20110913063505/http://www.press.sk:80/byvanie-stavebnictvo,20110913063505,skip
http://www.press.sk:80/byvanie-stavebnictvo/,https://web.archive.org/web/20111019173346/http://www.press.sk:80/byvanie-stavebnictvo/,20111019173346,skip
http://www.press.sk:80/byvanie-stavebnictvo/,https://web.archive.org/web/20111219110935/http://www.press.sk:80/byvanie-stavebnictvo/,20111219110935,skip
http://www.press.sk:80/byvanie-stavebnictvo/,https://web.archive.org/web/20120218044438/http://www.press.sk:80/byvanie-stavebnictvo/,20120218044438,skip
http://www.press.sk:80/byvanie-stavebnictvo/,https://web.archive.org/web/20120419091507/http://www.press.sk:80/byvanie-stavebnictvo/,20120419091507,skip
http://www.press.sk:80/byvanie-stavebnictvo/,https://web.archive.org/web/20120626060927/http://www.press.sk:80/byvanie-stavebnictvo/,20120626060927,skip
http://www.press.sk:80/byvanie-stavebnictvo/,https://web.archive.org/web/20120826183435/http://www.press.sk:80/byvanie-stavebnictvo/,20120826183435,skip
http://www.press.sk:80/byvanie-stavebnictvo/,https://web.archive.org/web/20121026214544/http://www.press.sk:80/byvanie-stavebnictvo/,20121026214544,skip
http://www.press.sk/byvanie-stavebnictvo/,https://web.archive.org/web/20130425085010/http://www.press.sk/byvanie-stavebnictvo/,20130425085010,skip
http://www.press.sk:80/byvanie-stavebnictvo/,https://web.archive.org/web/20130711075445/http://www.press.sk:80/byvanie-stavebnictvo/,20130711075445,skip
http://www.press.sk:80/byvanie-stavebnictvo/,https://web.archive.org/web/20130910093314/http://www.press.sk:80/byvanie-stavebnictvo/,20130910093314,skip
http://www.press.sk:80/byvanie-stavebnictvo/,https://web.archive.org/web/20140103024943/http://www.press.sk:80/byvanie-stavebnictvo/,20140103024943,skip
http://www.press.sk:80/byvanie-stavebnictvo/,https://web.archive.org/web/20140506005931/http://www.press.sk:80/byvanie-stavebnictvo/,20140506005931,skip
http://www.press.sk:80/byvanie-stavebnictvo/,https://web.archive.org/web/20140705230210/http://www.press.sk:80/byvanie-stavebnictvo/,20140705230210,skip
http://www.press.sk:80/byvanie-stavebnictvo/,https://web.archive.org/web/20140905052519/http://www.press.sk:80/byvanie-stavebnictvo/,20140905052519,skip
http://www.press.sk:80/byvanie-stavebnictvo/,https://web.archive.org/web/20141014090805/http://www.press.sk:80/byvanie-stavebnictvo/,20141014090805,skip
http://www.press.sk:80/byvanie-stavebnictvo/,https://web.archive.org/web/20141214113224/http://www.press.sk:80/byvanie-stavebnictvo/,20141214113224,skip
http://www.press.sk:80/byvanie-stavebnictvo/,https://web.archive.org/web/20150313155548/http://www.press.sk:80/byvanie-stavebnictvo/,20150313155548,skip
http://www.press.sk:80/byvanie-stavebnictvo/,https://web.archive.org/web/20150626222806/http://www.press.sk:80/byvanie-stavebnictvo/,20150626222806,skip
http://www.press.sk:80/byvanie-stavebnictvo/,https://web.archive.org/web/20150826042408/http://www.press.sk:80/byvanie-stavebnictvo/,20150826042408,skip
http://www.press.sk:80/byvanie-stavebnictvo/,https://web.archive.org/web/20151113000433/http://www.press.sk:80/byvanie-stavebnictvo/,20151113000433,skip
http://www.press.sk:80/byvanie-stavebnictvo/,https://web.archive.org/web/20160112120451/http://www.press.sk:80/byvanie-stavebnictvo/,20160112120451,skip
http://www.press.sk:80/byvanie-stavebnictvo,https://web.archive.org/web/20160125061323/http://www.press.sk:80/byvanie-stavebnictvo,20160125061323,skip
http://www.press.sk:80/byvanie-stavebnictvo,https://web.archive.org/web/20160226055412/http://www.press.sk:80/byvanie-stavebnictvo,20160226055412,skip
http://www.press.sk:80/byvanie-stavebnictvo/,https://web.archive.org/web/20160313065814/http://www.press.sk:80/byvanie-stavebnictvo/,20160313065814,skip
http://www.press.sk:80/byvanie-stavebnictvo,https://web.archive.org/web/20160402225002/http://www.press.sk:80/byvanie-stavebnictvo,20160402225002,skip
http://www.press.sk:80/byvanie-stavebnictvo,https://web.archive.org/web/20160404001152/http://www.press.sk:80/byvanie-stavebnictvo,20160404001152,skip
http://www.press.sk/byvanie-stavebnictvo/,https://web.archive.org/web/20160407004414/http://www.press.sk/byvanie-stavebnictvo/,20160407004414,skip
http://www.press.sk:80/byvanie-stavebnictvo,https://web.archive.org/web/20160513161816/http://www.press.sk:80/byvanie-stavebnictvo,20160513161816,skip
http://www.press.sk:80/byvanie-stavebnictvo/,https://web.archive.org/web/20160524164806/http://www.press.sk:80/byvanie-stavebnictvo/,20160524164806,skip
http://www.press.sk:80/byvanie-stavebnictvo/,https://web.archive.org/web/20160724164152/http://www.press.sk:80/byvanie-stavebnictvo/,20160724164152,skip
http://www.press.sk:80/byvanie-stavebnictvo,https://web.archive.org/web/20160906205135/http://www.press.sk:80/byvanie-stavebnictvo,20160906205135,skip
http://www.press.sk:80/byvanie-stavebnictvo/,https://web.archive.org/web/20160924074230/http://www.press.sk:80/byvanie-stavebnictvo/,20160924074230,skip
http://www.press.sk:80/byvanie-stavebnictvo,https://web.archive.org/web/20161008002240/http://www.press.sk:80/byvanie-stavebnictvo,20161008002240,skip
http://www.press.sk:80/byvanie-stavebnictvo,https://web.archive.org/web/20161109152333/http://www.press.sk:80/byvanie-stavebnictvo,20161109152333,skip
http://www.press.sk:80/byvanie-stavebnictvo/,https://web.archive.org/web/20161226003947/http://www.press.sk:80/byvanie-stavebnictvo/,20161226003947,skip
http://www.press.sk:80/byvanie-stavebnictvo/,https://web.archive.org/web/20170331180020/http://www.press.sk:80/byvanie-stavebnictvo/,20170331180020,skip
http://www.press.sk/byvanie-stavebnictvo/,https://web.archive.org/web/20170405214320/http://www.press.sk/byvanie-stavebnictvo/,20170405214320,skip
http://www.press.sk:80/byvanie-stavebnictvo/,https://web.archive.org/web/20170531093031/http://www.press.sk:80/byvanie-stavebnictvo/,20170531093031,skip
http://www.press.sk/byvanie-stavebnictvo/,https://web.archive.org/web/20170608082826/http://www.press.sk/byvanie-stavebnictvo/,20170608082826,skip
https://www.press.sk/byvanie-stavebnictvo/,https://web.archive.org/web/20190819112954/https://www.press.sk/byvanie-stavebnictvo/,20190819112954,skip
https://www.press.sk/byvanie-stavebnictvo/,https://web.archive.org/web/20191019111228/https://www.press.sk/byvanie-stavebnictvo/,20191019111228,skip
https://www.press.sk/byvanie-stavebnictvo/,https://web.archive.org/web/20191206235334/https://www.press.sk/byvanie-stavebnictvo/,20191206235334,skip
https://www.press.sk/byvanie-stavebnictvo/,https://web.archive.org/web/20221212000254/https://www.press.sk/byvanie-stavebnictvo/,20221212000254,skip
https://www.press.sk/byvanie-stavebnictvo/,https://web.archive.org/web/20230311055244/https://www.press.sk/byvanie-stavebnictvo/,20230311055244,skip
https://www.press.sk/byvanie-stavebnictvo/,https://web.archive.org/web/20230713004534/https://www.press.sk/byvanie-stavebnictvo/,20230713004534,skip
https://www.press.sk/byvanie-stavebnictvo/abeceda-chatare-chalupare-manual-pro-sikovneho-chlapa/,https://web.archive.org/web/20190720165536/https://www.press.sk/byvanie-stavebnictvo/abeceda-chatare-chalupare-manual-pro-sikovneho-chlapa/,20190720165536,skip
https://www.press.sk/byvanie-stavebnictvo/abeceda-chatare-chalupare-manual-pro-sikovneho-chlapa/,https://web.archive.org/web/20190918204728/https://www.press.sk/byvanie-stavebnictvo/abeceda-chatare-chalupare-manual-pro-sikovneho-chlapa/,20190918204728,skip
https://www.press.sk/byvanie-stavebnictvo/abeceda-chatare-chalupare-manual-pro-sikovneho-chlapa/,https://web.archive.org/web/20190922125632/https://www.press.sk/byvanie-stavebnictvo/abeceda-chatare-chalupare-manual-pro-sikovneho-chlapa/,20190922125632,skip
https://www.press.sk/byvanie-stavebnictvo/abeceda-chatare-chalupare-manual-pro-sikovneho-chlapa/,https://web.archive.org/web/20191114044758/https://www.press.sk/byvanie-stavebnictvo/abeceda-chatare-chalupare-manual-pro-sikovneho-chlapa/,20191114044758,skip
http://www.press.sk:80/byvanie-stavebnictvo/atelier/,https://web.archive.org/web/20110912104826/http://www.press.sk:80/byvanie-stavebnictvo/atelier/,20110912104826,skip
http://www.press.sk/byvanie-stavebnictvo/atelier/,https://web.archive.org/web/20130511050558/http://www.press.sk/byvanie-stavebnictvo/atelier/,20130511050558,skip
http://www.press.sk:80/byvanie-stavebnictvo/atelier-otvorovych-vyplni-izolaci-a-vybaveni-staveb/,https://web.archive.org/web/20081219164230/http://www.press.sk:80/byvanie-stavebnictvo/atelier-otvorovych-vyplni-izolaci-a-vybaveni-staveb/,20081219164230,skip
http://www.press.sk:80/byvanie-stavebnictvo/atelier-otvorovych-vyplni-izolaci-a-vybaveni-staveb/,https://web.archive.org/web/20090218135203/http://www.press.sk:80/byvanie-stavebnictvo/atelier-otvorovych-vyplni-izolaci-a-vybaveni-staveb/,20090218135203,skip
http://www.press.sk:80/byvanie-stavebnictvo/atrium/,https://web.archive.org/web/20081219164100/http://www.press.sk:80/byvanie-stavebnictvo/atrium/,20081219164100,skip
http://www.press.sk:80/byvanie-stavebnictvo/atrium/,https://web.archive.org/web/20090218134909/http://www.press.sk:80/byvanie-stavebnictvo/atrium/,20090218134909,skip
http://www.press.sk:80/byvanie-stavebnictvo/atrium/,https://web.archive.org/web/20090420032130/http://www.press.sk:80/byvanie-stavebnictvo/atrium/,20090420032130,skip
http://www.press.sk:80/byvanie-stavebnictvo/atrium/,https://web.archive.org/web/20091226082005/http://www.press.sk:80/byvanie-stavebnictvo/atrium/,20091226082005,skip
http://www.press.sk:80/byvanie-stavebnictvo/atrium/,https://web.archive.org/web/20110410005323/http://www.press.sk:80/byvanie-stavebnictvo/atrium/,20110410005323,skip
http://www.press.sk:80/byvanie-stavebnictvo/atrium,https://web.archive.org/web/20110527162345/http://www.press.sk:80/byvanie-stavebnictvo/atrium,20110527162345,skip
http://www.press.sk:80/byvanie-stavebnictvo/atrium/,https://web.archive.org/web/20110610203440/http://www.press.sk:80/byvanie-stavebnictvo/atrium/,20110610203440,skip
http://www.press.sk:80/byvanie-stavebnictvo/atrium,https://web.archive.org/web/20110627210701/http://www.press.sk:80/byvanie-stavebnictvo/atrium,20110627210701,skip
http://www.press.sk:80/byvanie-stavebnictvo/atrium,https://web.archive.org/web/20110729081524/http://www.press.sk:80/byvanie-stavebnictvo/atrium,20110729081524,skip
http://www.press.sk:80/byvanie-stavebnictvo/atrium,https://web.archive.org/web/20110730082229/http://www.press.sk:80/byvanie-stavebnictvo/atrium,20110730082229,skip
http://www.press.sk:80/byvanie-stavebnictvo/atrium/,https://web.archive.org/web/20110810105632/http://www.press.sk:80/byvanie-stavebnictvo/atrium/,20110810105632,skip
http://www.press.sk:80/byvanie-stavebnictvo/atrium,https://web.archive.org/web/20110831013458/http://www.press.sk:80/byvanie-stavebnictvo/atrium,20110831013458,skip
http://www.press.sk:80/byvanie-stavebnictvo/atrium,https://web.archive.org/web/20110912071304/http://www.press.sk:80/byvanie-stavebnictvo/atrium,20110912071304,skip
http://www.press.sk:80/byvanie-stavebnictvo/atrium/,https://web.archive.org/web/20120126163213/http://www.press.sk:80/byvanie-stavebnictvo/atrium/,20120126163213,skip
http://www.press.sk:80/byvanie-stavebnictvo/atrium/,https://web.archive.org/web/20120906051433/http://www.press.sk:80/byvanie-stavebnictvo/atrium/,20120906051433,skip
http://www.press.sk/byvanie-stavebnictvo/atrium/,https://web.archive.org/web/20130511044200/http://www.press.sk/byvanie-stavebnictvo/atrium/,20130511044200,skip
http://www.press.sk:80/byvanie-stavebnictvo/atrium,https://web.archive.org/web/20151219035833/http://www.press.sk:80/byvanie-stavebnictvo/atrium,20151219035833,skip
http://www.press.sk:80/byvanie-stavebnictvo/atrium,https://web.archive.org/web/20160119002535/http://www.press.sk:80/byvanie-stavebnictvo/atrium,20160119002535,skip
http://www.press.sk:80/byvanie-stavebnictvo/atrium,https://web.archive.org/web/20160401100048/http://www.press.sk:80/byvanie-stavebnictvo/atrium,20160401100048,skip
http://www.press.sk:80/byvanie-stavebnictvo/atrium,https://web.archive.org/web/20160508043452/http://www.press.sk:80/byvanie-stavebnictvo/atrium,20160508043452,skip
http://www.press.sk:80/byvanie-stavebnictvo/atrium,https://web.archive.org/web/20161001120215/http://www.press.sk:80/byvanie-stavebnictvo/atrium,20161001120215,skip
http://www.press.sk:80/byvanie-stavebnictvo/atrium/,https://web.archive.org/web/20161002220056/http://www.press.sk:80/byvanie-stavebnictvo/atrium/,20161002220056,skip
http://www.press.sk:80/byvanie-stavebnictvo/atrium,https://web.archive.org/web/20161101235818/http://www.press.sk:80/byvanie-stavebnictvo/atrium,20161101235818,skip
https://www.press.sk/byvanie-stavebnictvo/atrium/,https://web.archive.org/web/20170917080844/https://www.press.sk/byvanie-stavebnictvo/atrium/,20170917080844,skip
http://www.press.sk/byvanie-stavebnictvo/chatar-chalupar-rekonstrukce/,https://web.archive.org/web/20130511045019/http://www.press.sk/byvanie-stavebnictvo/chatar-chalupar-rekonstrukce/,20130511045019,skip
http://www.press.sk:80/byvanie-stavebnictvo/domov/,https://web.archive.org/web/20081219164106/http://www.press.sk:80/byvanie-stavebnictvo/domov/,20081219164106,skip
http://www.press.sk:80/byvanie-stavebnictvo/domov/,https://web.archive.org/web/20090218135227/http://www.press.sk:80/byvanie-stavebnictvo/domov/,20090218135227,skip
http://www.press.sk:80/byvanie-stavebnictvo/domov/,https://web.archive.org/web/20090627184139/http://www.press.sk:80/byvanie-stavebnictvo/domov/,20090627184139,skip
http://www.press.sk:80/byvanie-stavebnictvo/domov/,https://web.archive.org/web/20091002043713/http://www.press.sk:80/byvanie-stavebnictvo/domov/,20091002043713,skip
http://www.press.sk:80/byvanie-stavebnictvo/domov/,https://web.archive.org/web/20091201200606/http://www.press.sk:80/byvanie-stavebnictvo/domov/,20091201200606,skip
http://www.press.sk:80/byvanie-stavebnictvo/domov/,https://web.archive.org/web/20110913011615/http://www.press.sk:80/byvanie-stavebnictvo/domov/,20110913011615,skip
http://www.press.sk/byvanie-stavebnictvo/domov/,https://web.archive.org/web/20130511044822/http://www.press.sk/byvanie-stavebnictvo/domov/,20130511044822,skip
https://www.press.sk/byvanie-stavebnictvo/domov/,https://web.archive.org/web/20190819105155/https://www.press.sk/byvanie-stavebnictvo/domov/,20190819105155,skip
https://www.press.sk/byvanie-stavebnictvo/domov/,https://web.archive.org/web/20190826033151/https://www.press.sk/byvanie-stavebnictvo/domov/,20190826033151,skip
https://www.press.sk/byvanie-stavebnictvo/domov/,https://web.archive.org/web/20190918183740/https://www.press.sk/byvanie-stavebnictvo/domov/,20190918183740,skip
https://www.press.sk/byvanie-stavebnictvo/domov/,https://web.archive.org/web/20191113003922/https://www.press.sk/byvanie-stavebnictvo/domov/,20191113003922,skip
https://www.press.sk/byvanie-stavebnictvo/elle-decoration-2014/,https://web.archive.org/web/20190918080821/https://www.press.sk/byvanie-stavebnictvo/elle-decoration-2014/,20190918080821,skip
https://www.press.sk/byvanie-stavebnictvo/elle-decoration-2014/,https://web.archive.org/web/20191206080330/https://www.press.sk/byvanie-stavebnictvo/elle-decoration-2014/,20191206080330,skip
https://www.press.sk/byvanie-stavebnictvo/elle-decoration-2014/?utm_source=newsletter&utm_campaign=Jun_2014&utm_medium=archive,https://web.archive.org/web/20190821052235/https://www.press.sk/byvanie-stavebnictvo/elle-decoration-2014/?utm_source=newsletter&utm_campaign=Jun_2014&utm_medium=archive,20190821052235,skip
https://www.press.sk/byvanie-stavebnictvo/elle-decoration-2014/?utm_source=newsletter&utm_campaign=Jun_2014&utm_medium=archive,https://web.archive.org/web/20190923075235/https://www.press.sk/byvanie-stavebnictvo/elle-decoration-2014/?utm_source=newsletter&utm_campaign=Jun_2014&utm_medium=archive,20190923075235,skip
https://www.press.sk/byvanie-stavebnictvo/elle-decoration-2014/?utm_source=newsletter&utm_campaign=Jun_2014&utm_medium=archive,https://web.archive.org/web/20191015065843/https://www.press.sk/byvanie-stavebnictvo/elle-decoration-2014/?utm_source=newsletter&utm_campaign=Jun_2014&utm_medium=archive,20191015065843,skip
https://www.press.sk/byvanie-stavebnictvo/elle-decoration-2014/?utm_source=newsletter&utm_campaign=Jun_2014&utm_medium=archive,https://web.archive.org/web/20191114100517/https://www.press.sk/byvanie-stavebnictvo/elle-decoration-2014/?utm_source=newsletter&utm_campaign=Jun_2014&utm_medium=archive,20191114100517,skip
https://www.press.sk/byvanie-stavebnictvo/elle-decoration-2014/?utm_source=newsletter&utm_campaign=Jun_2014&utm_medium=archive,https://web.archive.org/web/20191207060612/https://www.press.sk/byvanie-stavebnictvo/elle-decoration-2014/?utm_source=newsletter&utm_campaign=Jun_2014&utm_medium=archive,20191207060612,skip
https://www.press.sk/byvanie-stavebnictvo/elle-decoration-jaro-2019/,https://web.archive.org/web/20190719083945/https://www.press.sk/byvanie-stavebnictvo/elle-decoration-jaro-2019/,20190719083945,skip
https://www.press.sk/byvanie-stavebnictvo/elle-decoration-jaro-2019/,https://web.archive.org/web/20190922125211/https://www.press.sk/byvanie-stavebnictvo/elle-decoration-jaro-2019/,20190922125211,skip
https://www.press.sk/byvanie-stavebnictvo/elle-decoration-jaro-2019/,https://web.archive.org/web/20191122011124/https://www.press.sk/byvanie-stavebnictvo/elle-decoration-jaro-2019/,20191122011124,skip
https://www.press.sk/byvanie-stavebnictvo/elle-decoration-jaro-2020/,https://web.archive.org/web/20230311055305/https://www.press.sk/byvanie-stavebnictvo/elle-decoration-jaro-2020/,20230311055305,skip
https://www.press.sk/byvanie-stavebnictvo/elle-decoration-jaro-2021/,https://web.archive.org/web/20230311055304/https://www.press.sk/byvanie-stavebnictvo/elle-decoration-jaro-2021/,20230311055304,skip
https://www.press.sk/byvanie-stavebnictvo/elle-decoration-jaro-2022/,https://web.archive.org/web/20230311055304/https://www.press.sk/byvanie-stavebnictvo/elle-decoration-jaro-2022/,20230311055304,skip
https://www.press.sk/byvanie-stavebnictvo/elle-decoration-leto-2019/,https://web.archive.org/web/20190723163135/https://www.press.sk/byvanie-stavebnictvo/elle-decoration-leto-2019/,20190723163135,skip
https://www.press.sk/byvanie-stavebnictvo/elle-decoration-leto-2019/,https://web.archive.org/web/20190826032821/https://www.press.sk/byvanie-stavebnictvo/elle-decoration-leto-2019/,20190826032821,skip
https://www.press.sk/byvanie-stavebnictvo/elle-decoration-leto-2019/,https://web.archive.org/web/20190923140741/https://www.press.sk/byvanie-stavebnictvo/elle-decoration-leto-2019/,20190923140741,skip
https://www.press.sk/byvanie-stavebnictvo/elle-decoration-leto-2019/,https://web.archive.org/web/20191013232057/https://www.press.sk/byvanie-stavebnictvo/elle-decoration-leto-2019/,20191013232057,skip
https://www.press.sk/byvanie-stavebnictvo/elle-decoration-leto-2019/,https://web.archive.org/web/20191114173825/https://www.press.sk/byvanie-stavebnictvo/elle-decoration-leto-2019/,20191114173825,skip
https://www.press.sk/byvanie-stavebnictvo/elle-decoration-leto-2020/,https://web.archive.org/web/20230311055305/https://www.press.sk/byvanie-stavebnictvo/elle-decoration-leto-2020/,20230311055305,skip
https://www.press.sk/byvanie-stavebnictvo/elle-decoration-leto-2021/,https://web.archive.org/web/20230311055304/https://www.press.sk/byvanie-stavebnictvo/elle-decoration-leto-2021/,20230311055304,skip
https://www.press.sk/byvanie-stavebnictvo/elle-decoration-leto-2022/,https://web.archive.org/web/20230311055304/https://www.press.sk/byvanie-stavebnictvo/elle-decoration-leto-2022/,20230311055304,skip
https://www.press.sk/byvanie-stavebnictvo/elle-decoration-podzim-2019/,https://web.archive.org/web/20190923080109/https://www.press.sk/byvanie-stavebnictvo/elle-decoration-podzim-2019/,20190923080109,skip
https://www.press.sk/byvanie-stavebnictvo/elle-decoration-podzim-2019/,https://web.archive.org/web/20191115215219/https://www.press.sk/byvanie-stavebnictvo/elle-decoration-podzim-2019/,20191115215219,skip
https://www.press.sk/byvanie-stavebnictvo/elle-decoration-podzim-2020/,https://web.archive.org/web/20230311055305/https://www.press.sk/byvanie-stavebnictvo/elle-decoration-podzim-2020/,20230311055305,skip
https://www.press.sk/byvanie-stavebnictvo/elle-decoration-podzim-2021/,https://web.archive.org/web/20230311055304/https://www.press.sk/byvanie-stavebnictvo/elle-decoration-podzim-2021/,20230311055304,skip
https://www.press.sk/byvanie-stavebnictvo/elle-decoration-podzim-2022/,https://web.archive.org/web/20230311055301/https://www.press.sk/byvanie-stavebnictvo/elle-decoration-podzim-2022/,20230311055301,skip
https://www.press.sk/byvanie-stavebnictvo/elle-decoration-zima-2019/,https://web.archive.org/web/20191208022416/https://www.press.sk/byvanie-stavebnictvo/elle-decoration-zima-2019/,20191208022416,skip
https://www.press.sk/byvanie-stavebnictvo/elle-decoration-zima-2020/,https://web.archive.org/web/20230311055306/https://www.press.sk/byvanie-stavebnictvo/elle-decoration-zima-2020/,20230311055306,skip
https://www.press.sk/byvanie-stavebnictvo/elle-decoration-zima-2021/,https://web.archive.org/web/20230311055304/https://www.press.sk/byvanie-stavebnictvo/elle-decoration-zima-2021/,20230311055304,skip
https://www.press.sk/byvanie-stavebnictvo/elle-decoration-zima-2022/,https://web.archive.org/web/20230311055301/https://www.press.sk/byvanie-stavebnictvo/elle-decoration-zima-2022/,20230311055301,skip
http://www.press.sk:80/byvanie-stavebnictvo/era21/,https://web.archive.org/web/20081219164235/http://www.press.sk:80/byvanie-stavebnictvo/era21/,20081219164235,skip
http://www.press.sk:80/byvanie-stavebnictvo/era21/,https://web.archive.org/web/20090220004830/http://www.press.sk:80/byvanie-stavebnictvo/era21/,20090220004830,skip
http://www.press.sk:80/byvanie-stavebnictvo/era21/,https://web.archive.org/web/20091003032248/http://www.press.sk:80/byvanie-stavebnictvo/era21/,20091003032248,skip
http://www.press.sk:80/byvanie-stavebnictvo/era21/,https://web.archive.org/web/20091204005412/http://www.press.sk:80/byvanie-stavebnictvo/era21/,20091204005412,skip
http://www.press.sk:80/byvanie-stavebnictvo/era21/,https://web.archive.org/web/20110912073600/http://www.press.sk:80/byvanie-stavebnictvo/era21/,20110912073600,skip
http://www.press.sk/byvanie-stavebnictvo/era21/,https://web.archive.org/web/20130511041540/http://www.press.sk/byvanie-stavebnictvo/era21/,20130511041540,skip
https://www.press.sk/byvanie-stavebnictvo/era21/,https://web.archive.org/web/20190724005835/https://www.press.sk/byvanie-stavebnictvo/era21/,20190724005835,skip
https://www.press.sk/byvanie-stavebnictvo/era21/,https://web.archive.org/web/20190922085123/https://www.press.sk/byvanie-stavebnictvo/era21/,20190922085123,skip
https://www.press.sk/byvanie-stavebnictvo/era21/,https://web.archive.org/web/20191122061120/https://www.press.sk/byvanie-stavebnictvo/era21/,20191122061120,skip
http://www.press.sk/byvanie-stavebnictvo/era21-special-2011/,https://web.archive.org/web/20110816115533/http://www.press.sk/byvanie-stavebnictvo/era21-special-2011/,20110816115533,skip
http://www.press.sk:80/byvanie-stavebnictvo/era21-special-2011/,https://web.archive.org/web/20110912040052/http://www.press.sk:80/byvanie-stavebnictvo/era21-special-2011/,20110912040052,skip
http://www.press.sk/byvanie-stavebnictvo/era21-special-2011/,https://web.archive.org/web/20130511050058/http://www.press.sk/byvanie-stavebnictvo/era21-special-2011/,20130511050058,skip
http://www.press.sk/byvanie-stavebnictvo/era21-special-2012/,https://web.archive.org/web/20130511054140/http://www.press.sk/byvanie-stavebnictvo/era21-special-2012/,20130511054140,skip
https://www.press.sk/byvanie-stavebnictvo/era21/?utm_source=newsletter&utm_campaign=November_2013&utm_medium=archive,https://web.archive.org/web/20190821051251/https://www.press.sk/byvanie-stavebnictvo/era21/?utm_source=newsletter&utm_campaign=November_2013&utm_medium=archive,20190821051251,skip
https://www.press.sk/byvanie-stavebnictvo/era21/?utm_source=newsletter&utm_campaign=September_2012&utm_medium=archive,https://web.archive.org/web/20190822011933/https://www.press.sk/byvanie-stavebnictvo/era21/?utm_source=newsletter&utm_campaign=September_2012&utm_medium=archive,20190822011933,skip
https://www.press.sk/byvanie-stavebnictvo/home/,https://web.archive.org/web/20190720163318/https://www.press.sk/byvanie-stavebnictvo/home/,20190720163318,skip
https://www.press.sk/byvanie-stavebnictvo/home/,https://web.archive.org/web/20190826060842/https://www.press.sk/byvanie-stavebnictvo/home/,20190826060842,skip
https://www.press.sk/byvanie-stavebnictvo/home/,https://web.archive.org/web/20191015215828/https://www.press.sk/byvanie-stavebnictvo/home/,20191015215828,skip
https://www.press.sk/byvanie-stavebnictvo/home/,https://web.archive.org/web/20230311055304/https://www.press.sk/byvanie-stavebnictvo/home/,20230311055304,skip
https://www.press.sk/byvanie-stavebnictvo/home-special-jar-2018/,https://web.archive.org/web/20190719085120/https://www.press.sk/byvanie-stavebnictvo/home-special-jar-2018/,20190719085120,skip
https://www.press.sk/byvanie-stavebnictvo/home-special-jar-2018/,https://web.archive.org/web/20190922125549/https://www.press.sk/byvanie-stavebnictvo/home-special-jar-2018/,20190922125549,skip
https://www.press.sk/byvanie-stavebnictvo/home-special-jar-2018/,https://web.archive.org/web/20191122011259/https://www.press.sk/byvanie-stavebnictvo/home-special-jar-2018/,20191122011259,skip
https://www.press.sk/byvanie-stavebnictvo/home-special-jesen-2018/,https://web.archive.org/web/20190719085418/https://www.press.sk/byvanie-stavebnictvo/home-special-jesen-2018/,20190719085418,skip
https://www.press.sk/byvanie-stavebnictvo/home-special-jesen-2018/,https://web.archive.org/web/20190826053739/https://www.press.sk/byvanie-stavebnictvo/home-special-jesen-2018/,20190826053739,skip
https://www.press.sk/byvanie-stavebnictvo/home-special-jesen-2018/,https://web.archive.org/web/20191015221932/https://www.press.sk/byvanie-stavebnictvo/home-special-jesen-2018/,20191015221932,skip
http://www.press.sk:80/byvanie-stavebnictvo/idb-journal-42011/,https://web.archive.org/web/20110911184944/http://www.press.sk:80/byvanie-stavebnictvo/idb-journal-42011/,20110911184944,skip
http://www.press.sk/byvanie-stavebnictvo/idb-journal-42011/,https://web.archive.org/web/20130511042947/http://www.press.sk/byvanie-stavebnictvo/idb-journal-42011/,20130511042947,skip
https://www.press.sk/byvanie-stavebnictvo/krasny-domov-predplatne/,https://web.archive.org/web/20230311055305/https://www.press.sk/byvanie-stavebnictvo/krasny-domov-predplatne/,20230311055305,skip
https://www.press.sk/byvanie-stavebnictvo/krasny-domov-special-vanoce-2021/,https://web.archive.org/web/20230311055304/https://www.press.sk/byvanie-stavebnictvo/krasny-domov-special-vanoce-2021/,20230311055304,skip
http://www.press.sk:80/byvanie-stavebnictvo/krasny-venkov,https://web.archive.org/web/20160124201601/http://www.press.sk:80/byvanie-stavebnictvo/krasny-venkov,20160124201601,skip
http://www.press.sk:80/byvanie-stavebnictvo/krasny-venkov,https://web.archive.org/web/20160224132503/http://www.press.sk:80/byvanie-stavebnictvo/krasny-venkov,20160224132503,skip
http://www.press.sk:80/byvanie-stavebnictvo/krasny-venkov,https://web.archive.org/web/20160402155054/http://www.press.sk:80/byvanie-stavebnictvo/krasny-venkov,20160402155054,skip
http://www.press.sk:80/byvanie-stavebnictvo/krasny-venkov,https://web.archive.org/web/20160514163447/http://www.press.sk:80/byvanie-stavebnictvo/krasny-venkov,20160514163447,skip
https://www.press.sk/byvanie-stavebnictvo/krasny-venkov/,https://web.archive.org/web/20190719084244/https://www.press.sk/byvanie-stavebnictvo/krasny-venkov/,20190719084244,skip
https://www.press.sk/byvanie-stavebnictvo/krasny-venkov/,https://web.archive.org/web/20190720163743/https://www.press.sk/byvanie-stavebnictvo/krasny-venkov/,20190720163743,skip
https://www.press.sk/byvanie-stavebnictvo/krasny-venkov/,https://web.archive.org/web/20190922145738/https://www.press.sk/byvanie-stavebnictvo/krasny-venkov/,20190922145738,skip
https://www.press.sk/byvanie-stavebnictvo/krasny-venkov/,https://web.archive.org/web/20191115062021/https://www.press.sk/byvanie-stavebnictvo/krasny-venkov/,20191115062021,skip
https://www.press.sk/byvanie-stavebnictvo/marianne-bydleni-nordic/,https://web.archive.org/web/20191019052820/https://www.press.sk/byvanie-stavebnictvo/marianne-bydleni-nordic/,20191019052820,skip
http://www.press.sk/byvanie-stavebnictvo/marianne-special-venkov-a-styl/,https://web.archive.org/web/20130511052331/http://www.press.sk/byvanie-stavebnictvo/marianne-special-venkov-a-styl/,20130511052331,skip
http://www.press.sk:80/byvanie-stavebnictvo/nas-utulny-byt/,https://web.archive.org/web/20081219164240/http://www.press.sk:80/byvanie-stavebnictvo/nas-utulny-byt/,20081219164240,skip
http://www.press.sk:80/byvanie-stavebnictvo/nas-utulny-byt,https://web.archive.org/web/20090217161308/http://www.press.sk:80/byvanie-stavebnictvo/nas-utulny-byt,20090217161308,skip
http://www.press.sk:80/byvanie-stavebnictvo/nas-utulny-byt/,https://web.archive.org/web/20090218113621/http://www.press.sk:80/byvanie-stavebnictvo/nas-utulny-byt/,20090218113621,skip
http://www.press.sk:80/byvanie-stavebnictvo/nas-utulny-byt,https://web.archive.org/web/20090320192320/http://www.press.sk:80/byvanie-stavebnictvo/nas-utulny-byt,20090320192320,skip
http://www.press.sk:80/byvanie-stavebnictvo/nas-utulny-byt,https://web.archive.org/web/20090420100227/http://www.press.sk:80/byvanie-stavebnictvo/nas-utulny-byt,20090420100227,skip
http://www.press.sk:80/byvanie-stavebnictvo/nas-utulny-byt,https://web.archive.org/web/20090522083000/http://www.press.sk:80/byvanie-stavebnictvo/nas-utulny-byt,20090522083000,skip
http://www.press.sk:80/byvanie-stavebnictvo/nas-utulny-byt/,https://web.archive.org/web/20090627092639/http://www.press.sk:80/byvanie-stavebnictvo/nas-utulny-byt/,20090627092639,skip
http://www.press.sk:80/byvanie-stavebnictvo/nas-utulny-byt,https://web.archive.org/web/20100107162940/http://www.press.sk:80/byvanie-stavebnictvo/nas-utulny-byt,20100107162940,skip
http://www.press.sk:80/byvanie-stavebnictvo/nas-utulny-byt,https://web.archive.org/web/20100107162940/http://www.press.sk:80/byvanie-stavebnictvo/nas-utulny-byt,20100107162940,skip
http://www.press.sk:80/byvanie-stavebnictvo/nas-utulny-byt/,https://web.archive.org/web/20110913020438/http://www.press.sk:80/byvanie-stavebnictvo/nas-utulny-byt/,20110913020438,skip
http://www.press.sk/byvanie-stavebnictvo/nas-utulny-byt/,https://web.archive.org/web/20130511055151/http://www.press.sk/byvanie-stavebnictvo/nas-utulny-byt/,20130511055151,skip
http://www.press.sk:80/byvanie-stavebnictvo/nas-utulny-byt/,https://web.archive.org/web/20131001202325/http://www.press.sk:80/byvanie-stavebnictvo/nas-utulny-byt/,20131001202325,skip
https://www.press.sk/byvanie-stavebnictvo/nas-utulny-byt/,https://web.archive.org/web/20190719083544/https://www.press.sk/byvanie-stavebnictvo/nas-utulny-byt/,20190719083544,skip
https://www.press.sk/byvanie-stavebnictvo/nas-utulny-byt/,https://web.archive.org/web/20190823005934/https://www.press.sk/byvanie-stavebnictvo/nas-utulny-byt/,20190823005934,skip
https://www.press.sk/byvanie-stavebnictvo/nas-utulny-byt/,https://web.archive.org/web/20190918183341/https://www.press.sk/byvanie-stavebnictvo/nas-utulny-byt/,20190918183341,skip
https://www.press.sk/byvanie-stavebnictvo/nas-utulny-byt/,https://web.archive.org/web/20191115214852/https://www.press.sk/byvanie-stavebnictvo/nas-utulny-byt/,20191115214852,skip
https://www.press.sk/byvanie-stavebnictvo/nove-promeny-bydleni/,https://web.archive.org/web/20190823100041/https://www.press.sk/byvanie-stavebnictvo/nove-promeny-bydleni/,20190823100041,skip
https://www.press.sk/byvanie-stavebnictvo/nove-promeny-bydleni/,https://web.archive.org/web/20190826053643/https://www.press.sk/byvanie-stavebnictvo/nove-promeny-bydleni/,20190826053643,skip
https://www.press.sk/byvanie-stavebnictvo/nove-promeny-bydleni/,https://web.archive.org/web/20190918184107/https://www.press.sk/byvanie-stavebnictvo/nove-promeny-bydleni/,20190918184107,skip
https://www.press.sk/byvanie-stavebnictvo/nove-promeny-bydleni/,https://web.archive.org/web/20190923182856/https://www.press.sk/byvanie-stavebnictvo/nove-promeny-bydleni/,20190923182856,skip
https://www.press.sk/byvanie-stavebnictvo/nove-promeny-bydleni/,https://web.archive.org/web/20191019112221/https://www.press.sk/byvanie-stavebnictvo/nove-promeny-bydleni/,20191019112221,skip
https://www.press.sk/byvanie-stavebnictvo/nove-promeny-bydleni/,https://web.archive.org/web/20191112065330/https://www.press.sk/byvanie-stavebnictvo/nove-promeny-bydleni/,20191112065330,skip
https://www.press.sk/byvanie-stavebnictvo/nove-promeny-bydleni/,https://web.archive.org/web/20191214113928/https://www.press.sk/byvanie-stavebnictvo/nove-promeny-bydleni/,20191214113928,skip
https://www.press.sk/byvanie-stavebnictvo/nove-promeny-bydleni/,https://web.archive.org/web/20230311055307/https://www.press.sk/byvanie-stavebnictvo/nove-promeny-bydleni/,20230311055307,skip
http://www.press.sk:80/byvanie-stavebnictvo/pekne-bydleni/,https://web.archive.org/web/20110911202533/http://www.press.sk:80/byvanie-stavebnictvo/pekne-bydleni/,20110911202533,skip
http://www.press.sk/byvanie-stavebnictvo/pekne-bydleni/,https://web.archive.org/web/20130511051035/http://www.press.sk/byvanie-stavebnictvo/pekne-bydleni/,20130511051035,skip
https://www.press.sk/byvanie-stavebnictvo/pekne-bydleni/,https://web.archive.org/web/20190720165827/https://www.press.sk/byvanie-stavebnictvo/pekne-bydleni/,20190720165827,skip
https://www.press.sk/byvanie-stavebnictvo/pekne-bydleni/,https://web.archive.org/web/20190723162930/https://www.press.sk/byvanie-stavebnictvo/pekne-bydleni/,20190723162930,skip
https://www.press.sk/byvanie-stavebnictvo/pekne-bydleni/,https://web.archive.org/web/20190923210302/https://www.press.sk/byvanie-stavebnictvo/pekne-bydleni/,20190923210302,skip
https://www.press.sk/byvanie-stavebnictvo/pekne-bydleni/,https://web.archive.org/web/20191122135000/https://www.press.sk/byvanie-stavebnictvo/pekne-bydleni/,20191122135000,skip
https://www.press.sk/byvanie-stavebnictvo/pekne-bydleni/?utm_source=newsletter&utm_campaign=Maj_2011&utm_medium=archive,https://web.archive.org/web/20190820055443/https://www.press.sk/byvanie-stavebnictvo/pekne-bydleni/?utm_source=newsletter&utm_campaign=Maj_2011&utm_medium=archive,20190820055443,skip
https://www.press.sk/byvanie-stavebnictvo/praktik/,https://web.archive.org/web/20190719084041/https://www.press.sk/byvanie-stavebnictvo/praktik/,20190719084041,skip
https://www.press.sk/byvanie-stavebnictvo/praktik/,https://web.archive.org/web/20191016002248/https://www.press.sk/byvanie-stavebnictvo/praktik/,20191016002248,skip
http://www.press.sk:80/byvanie-stavebnictvo/stavitel/,https://web.archive.org/web/20081219164116/http://www.press.sk:80/byvanie-stavebnictvo/stavitel/,20081219164116,skip
http://www.press.sk:80/byvanie-stavebnictvo/stavitel/,https://web.archive.org/web/20090218135232/http://www.press.sk:80/byvanie-stavebnictvo/stavitel/,20090218135232,skip
http://www.press.sk:80/byvanie-stavebnictvo/stavitel/,https://web.archive.org/web/20091003122454/http://www.press.sk:80/byvanie-stavebnictvo/stavitel/,20091003122454,skip
http://www.press.sk:80/byvanie-stavebnictvo/stavitel/,https://web.archive.org/web/20091204005417/http://www.press.sk:80/byvanie-stavebnictvo/stavitel/,20091204005417,skip
http://www.press.sk:80/byvanie-stavebnictvo/stavitel/,https://web.archive.org/web/20100420092350/http://www.press.sk:80/byvanie-stavebnictvo/stavitel/,20100420092350,skip
http://www.press.sk:80/byvanie-stavebnictvo/stavitel/,https://web.archive.org/web/20100420092350/http://www.press.sk:80/byvanie-stavebnictvo/stavitel/,20100420092350,skip
http://www.press.sk:80/byvanie-stavebnictvo/stavitel/,https://web.archive.org/web/20110912165314/http://www.press.sk:80/byvanie-stavebnictvo/stavitel/,20110912165314,skip
http://www.press.sk/byvanie-stavebnictvo/stavitel/,https://web.archive.org/web/20130511050210/http://www.press.sk/byvanie-stavebnictvo/stavitel/,20130511050210,skip
https://www.press.sk/byvanie-stavebnictvo/stavitel/,https://web.archive.org/web/20190724005806/https://www.press.sk/byvanie-stavebnictvo/stavitel/,20190724005806,skip
https://www.press.sk/byvanie-stavebnictvo/stavitel/,https://web.archive.org/web/20190916210457/https://www.press.sk/byvanie-stavebnictvo/stavitel/,20190916210457,skip
https://www.press.sk/byvanie-stavebnictvo/stavitel/,https://web.archive.org/web/20190918184046/https://www.press.sk/byvanie-stavebnictvo/stavitel/,20190918184046,skip
https://www.press.sk/byvanie-stavebnictvo/stavitel/,https://web.archive.org/web/20190922085048/https://www.press.sk/byvanie-stavebnictvo/stavitel/,20190922085048,skip
https://www.press.sk/byvanie-stavebnictvo/stavitel/,https://web.archive.org/web/20191115190916/https://www.press.sk/byvanie-stavebnictvo/stavitel/,20191115190916,skip
http://www.press.sk:80/canfora-publishing,https://web.archive.org/web/20160516133156/http://www.press.sk:80/canfora-publishing,20160516133156,skip
http://www.press.sk:80/canfora-publishing/,https://web.archive.org/web/20160519000431/http://www.press.sk:80/canfora-publishing/,20160519000431,skip
http://www.press.sk:80/canfora-publishing,https://web.archive.org/web/20160616080413/http://www.press.sk:80/canfora-publishing,20160616080413,skip
http://www.press.sk:80/canfora-publishing,https://web.archive.org/web/20160717024220/http://www.press.sk:80/canfora-publishing,20160717024220,skip
http://www.press.sk/canfora-publishing/,https://web.archive.org/web/20170405170806/http://www.press.sk/canfora-publishing/,20170405170806,skip
https://www.press.sk/canfora-publishing/,https://web.archive.org/web/20170731033832/https://www.press.sk/canfora-publishing/,20170731033832,skip
https://www.press.sk/canfora-publishing/,https://web.archive.org/web/20191015070308/https://www.press.sk/canfora-publishing/,20191015070308,skip
https://www.press.sk/canfora-publishing/,https://web.archive.org/web/20230311055316/https://www.press.sk/canfora-publishing/,20230311055316,skip
http://www.press.sk:80/canfora-publishing/afv-photo-album-vol.1/,https://web.archive.org/web/20160520045109/http://www.press.sk:80/canfora-publishing/afv-photo-album-vol.1/,20160520045109,skip
http://www.press.sk:80/canfora-publishing/afv-photo-album-vol.2-bojova-technika-na-uzemi-ceskoslovenska-v-roce-1945/,https://web.archive.org/web/20160520045114/http://www.press.sk:80/canfora-publishing/afv-photo-album-vol.2-bojova-technika-na-uzemi-ceskoslovenska-v-roce-1945/,20160520045114,skip
http://www.press.sk:80/canfora-publishing/masters-collection-vol.1-a-world-of-dioramas,https://web.archive.org/web/20160516140744/http://www.press.sk:80/canfora-publishing/masters-collection-vol.1-a-world-of-dioramas,20160516140744,skip
http://www.press.sk:80/canfora-publishing/masters-collection-vol.1-a-world-of-dioramas/,https://web.archive.org/web/20160520045131/http://www.press.sk:80/canfora-publishing/masters-collection-vol.1-a-world-of-dioramas/,20160520045131,skip
http://www.press.sk:80/canfora-publishing/masters-collection-vol.1-a-world-of-dioramas,https://web.archive.org/web/20160616080420/http://www.press.sk:80/canfora-publishing/masters-collection-vol.1-a-world-of-dioramas,20160616080420,skip
http://www.press.sk:80/canfora-publishing/on-display-vol.1-post-war-armour/,https://web.archive.org/web/20160518025454/http://www.press.sk:80/canfora-publishing/on-display-vol.1-post-war-armour/,20160518025454,skip
http://www.press.sk:80/canfora-publishing/on-display-vol.2-sturmgeschutz-iii/,https://web.archive.org/web/20160518025459/http://www.press.sk:80/canfora-publishing/on-display-vol.2-sturmgeschutz-iii/,20160518025459,skip
http://www.press.sk:80/canfora-publishing/on-display-vol.3-british-steel/,https://web.archive.org/web/20160518025504/http://www.press.sk:80/canfora-publishing/on-display-vol.3-british-steel/,20160518025504,skip
https://www.press.sk/canfora-publishing/on-display-vol.4-under-the-red-star/,https://web.archive.org/web/20190918013458/https://www.press.sk/canfora-publishing/on-display-vol.4-under-the-red-star/,20190918013458,skip
http://www.press.sk:80/canfora-publishing/panther-10-subjects-and-their-stories/,https://web.archive.org/web/20160518025510/http://www.press.sk:80/canfora-publishing/panther-10-subjects-and-their-stories/,20160518025510,skip
http://www.press.sk:80/canfora-publishing/rare-wheels-vol.1-a-pictorial-journey-of-lesser-known-soft-skins-1934-45/,https://web.archive.org/web/20160520045104/http://www.press.sk:80/canfora-publishing/rare-wheels-vol.1-a-pictorial-journey-of-lesser-known-soft-skins-1934-45/,20160520045104,skip
http://www.press.sk:80/canfora-publishing/the-nordic-edge-model-gallery-vol.-3,https://web.archive.org/web/20160516140749/http://www.press.sk:80/canfora-publishing/the-nordic-edge-model-gallery-vol.-3,20160516140749,skip
http://www.press.sk:80/canfora-publishing/the-nordic-edge-model-gallery-vol.-3/,https://web.archive.org/web/20160518025516/http://www.press.sk:80/canfora-publishing/the-nordic-edge-model-gallery-vol.-3/,20160518025516,skip
http://www.press.sk:80/canfora-publishing/the-nordic-edge-model-gallery-vol.-3,https://web.archive.org/web/20160616080321/http://www.press.sk:80/canfora-publishing/the-nordic-edge-model-gallery-vol.-3,20160616080321,skip
http://www.press.sk:80/canfora-publishing/wingspan-vol.1-132-aircraft-modelling/,https://web.archive.org/web/20160518025523/http://www.press.sk:80/canfora-publishing/wingspan-vol.1-132-aircraft-modelling/,20160518025523,skip
